"","X","time","temp","dwpt","rhum","prcp","snow","wdir","wspd","wpgt","pres","tsun","coco","DateTime","pres_kPa","pres_m"
"1",1,"2024-08-01 00:00:00",31,26.9,79,0,NA,170,20,NA,1014,NA,1,2024-08-01,101.4,10.3399608
"2",2,"2024-08-01 01:00:00",30,27,84,0,NA,160,7.6,NA,1015,NA,1,2024-08-01 01:00:00,101.5,10.350158
"3",3,"2024-08-01 02:00:00",28.4,21.7,67,0,NA,210,11.5,NA,1013.2,NA,1,2024-08-01 02:00:00,101.32,10.33180304
"4",4,"2024-08-01 03:00:00",27.8,21.4,68,0,NA,210,13.3,NA,1014.4,NA,1,2024-08-01 03:00:00,101.44,10.34403968
"5",5,"2024-08-01 04:00:00",27.4,21.2,69,0,NA,210,13.3,NA,1016.1,NA,1,2024-08-01 04:00:00,101.61,10.36137492
"6",6,"2024-08-01 05:00:00",27.1,20.7,68,0,NA,216,12.2,NA,1016.9,NA,3,2024-08-01 05:00:00,101.69,10.36953268
"7",7,"2024-08-01 06:00:00",26.9,20.5,68,0,NA,198,17.3,NA,1015.9,NA,3,2024-08-01 06:00:00,101.59,10.35933548
"8",8,"2024-08-01 07:00:00",26.7,20.5,69,0,NA,202,16.9,NA,1015.1,NA,3,2024-08-01 07:00:00,101.51,10.35117772
"9",9,"2024-08-01 08:00:00",26.2,20.8,72,0,NA,203,16.6,NA,1014.7,NA,3,2024-08-01 08:00:00,101.47,10.34709884
"10",10,"2024-08-01 09:00:00",25.5,21.4,78,0,NA,204,16.9,NA,1014.6,NA,3,2024-08-01 09:00:00,101.46,10.34607912
"11",11,"2024-08-01 10:00:00",25,23.1,89,0,NA,140,7.6,NA,1019,NA,2,2024-08-01 10:00:00,101.9,10.3909468
"12",12,"2024-08-01 11:00:00",25,24,94,0,NA,190,17,NA,1018,NA,3,2024-08-01 11:00:00,101.8,10.3807496
"13",13,"2024-08-01 12:00:00",26,24,89,0,NA,0,0,NA,1019,NA,3,2024-08-01 12:00:00,101.9,10.3909468
"14",14,"2024-08-01 13:00:00",28,25,84,0,NA,190,7,NA,1020,NA,1,2024-08-01 13:00:00,102,10.401144
"15",15,"2024-08-01 14:00:00",30,26,79,0,NA,210,22.3,NA,1020,NA,1,2024-08-01 14:00:00,102,10.401144
"16",16,"2024-08-01 15:00:00",31,26.9,79,0,NA,210,22.3,NA,1020,NA,5,2024-08-01 15:00:00,102,10.401144
"17",17,"2024-08-01 16:00:00",32,27,75,0,NA,220,17,NA,1019,NA,3,2024-08-01 16:00:00,101.9,10.3909468
"18",18,"2024-08-01 17:00:00",34,27,67,0,NA,190,15,NA,1019,NA,5,2024-08-01 17:00:00,101.9,10.3909468
"19",19,"2024-08-01 18:00:00",35,28,67,0,NA,200,13,NA,1019,NA,5,2024-08-01 18:00:00,101.9,10.3909468
"20",20,"2024-08-01 19:00:00",35,26.9,63,0,NA,240,7.6,NA,1019,NA,3,2024-08-01 19:00:00,101.9,10.3909468
"21",21,"2024-08-01 20:00:00",36,27,60,0,NA,230,14.8,NA,1018,NA,3,2024-08-01 20:00:00,101.8,10.3807496
"22",22,"2024-08-01 21:00:00",36,27,60,0,NA,250,14.8,NA,1018,NA,3,2024-08-01 21:00:00,101.8,10.3807496
"23",23,"2024-08-01 22:00:00",36,27,60,0,NA,240,15,NA,1018,NA,3,2024-08-01 22:00:00,101.8,10.3807496
"24",24,"2024-08-01 23:00:00",35,26.9,63,0,NA,280,11.2,NA,1017,NA,3,2024-08-01 23:00:00,101.7,10.3705524
"25",25,"2024-08-02 00:00:00",35,28,67,0,NA,260,7.6,NA,1017,NA,3,2024-08-02,101.7,10.3705524
"26",26,"2024-08-02 01:00:00",33,28,75,0,NA,310,7,NA,1018,NA,3,2024-08-02 01:00:00,101.8,10.3807496
"27",27,"2024-08-02 02:00:00",29.8,24.2,72,0,NA,273,8.3,NA,1015.8,NA,3,2024-08-02 02:00:00,101.58,10.35831576
"28",28,"2024-08-02 03:00:00",28,24.6,82,0,NA,267,9.4,NA,1017.1,NA,3,2024-08-02 03:00:00,101.71,10.37157212
"29",29,"2024-08-02 04:00:00",27.6,24.5,83,0,NA,259,8.3,NA,1017.3,NA,3,2024-08-02 04:00:00,101.73,10.37361156
"30",30,"2024-08-02 05:00:00",27.3,23.5,80,0,NA,297,9,NA,1017.2,NA,3,2024-08-02 05:00:00,101.72,10.37259184
"31",31,"2024-08-02 06:00:00",26.5,23.2,82,0,NA,256,9.7,NA,1017.1,NA,3,2024-08-02 06:00:00,101.71,10.37157212
"32",32,"2024-08-02 07:00:00",26,23.1,84,0,NA,292,12.2,NA,1017.4,NA,3,2024-08-02 07:00:00,101.74,10.37463128
"33",33,"2024-08-02 08:00:00",25.5,22.4,83,0,NA,309,11.9,NA,1017.4,NA,3,2024-08-02 08:00:00,101.74,10.37463128
"34",34,"2024-08-02 09:00:00",24.6,21.9,85,0,NA,312,10.8,NA,1017.5,NA,3,2024-08-02 09:00:00,101.75,10.375651
"35",35,"2024-08-02 10:00:00",26,26,100,0,NA,0,0,NA,1019,NA,3,2024-08-02 10:00:00,101.9,10.3909468
"36",36,"2024-08-02 11:00:00",26,26,100,0,NA,230,6,NA,1020,NA,1,2024-08-02 11:00:00,102,10.401144
"37",37,"2024-08-02 12:00:00",27,26,94,0,NA,240,5.4,NA,1020,NA,1,2024-08-02 12:00:00,102,10.401144
"38",38,"2024-08-02 13:00:00",27,26,94,0,NA,320,11.2,NA,1021,NA,1,2024-08-02 13:00:00,102.1,10.4113412
"39",39,"2024-08-02 14:00:00",28,24,79,0,NA,360,9,NA,1021,NA,1,2024-08-02 14:00:00,102.1,10.4113412
"40",40,"2024-08-02 15:00:00",29,25,79,0,NA,330,13,NA,1021,NA,1,2024-08-02 15:00:00,102.1,10.4113412
"41",41,"2024-08-02 16:00:00",29,24.1,75,0,NA,10,18.4,NA,1020,NA,3,2024-08-02 16:00:00,102,10.401144
"42",42,"2024-08-02 17:00:00",31,23.9,66,0,NA,350,11,NA,1020,NA,2,2024-08-02 17:00:00,102,10.401144
"43",43,"2024-08-02 18:00:00",32,23,59,0,NA,330,14.8,NA,1020,NA,2,2024-08-02 18:00:00,102,10.401144
"44",44,"2024-08-02 19:00:00",32,23,59,0,NA,330,16.6,NA,1019,NA,1,2024-08-02 19:00:00,101.9,10.3909468
"45",45,"2024-08-02 20:00:00",33,22.2,53,0,NA,330,20,NA,1019,NA,1,2024-08-02 20:00:00,101.9,10.3909468
"46",46,"2024-08-02 21:00:00",33,19.8,46,0,NA,360,16.6,NA,1018,NA,3,2024-08-02 21:00:00,101.8,10.3807496
"47",47,"2024-08-02 22:00:00",33,22.2,53,0,NA,360,11.2,NA,1018,NA,3,2024-08-02 22:00:00,101.8,10.3807496
"48",48,"2024-08-02 23:00:00",32,20.9,52,0,NA,10,13,NA,1018,NA,1,2024-08-02 23:00:00,101.8,10.3807496
"49",49,"2024-08-03 00:00:00",30,21.1,59,0,NA,20,13,NA,1018,NA,1,2024-08-03,101.8,10.3807496
"50",50,"2024-08-03 01:00:00",28,21.1,66,0,NA,20,13,NA,1018,NA,1,2024-08-03 01:00:00,101.8,10.3807496
"51",51,"2024-08-03 02:00:00",26.4,17.7,59,0,NA,0,10.8,NA,1015.8,NA,1,2024-08-03 02:00:00,101.58,10.35831576
"52",52,"2024-08-03 03:00:00",25.7,18.6,65,0,NA,25,8.6,NA,1016.6,NA,1,2024-08-03 03:00:00,101.66,10.36647352
"53",53,"2024-08-03 04:00:00",25,19.4,71,0,NA,352,8.6,NA,1017.1,NA,1,2024-08-03 04:00:00,101.71,10.37157212
"54",54,"2024-08-03 05:00:00",24.1,19.2,74,0,NA,5,10.1,NA,1017.5,NA,1,2024-08-03 05:00:00,101.75,10.375651
"55",55,"2024-08-03 06:00:00",23.4,18.9,76,0,NA,22,9.4,NA,1017.6,NA,1,2024-08-03 06:00:00,101.76,10.37667072
"56",56,"2024-08-03 07:00:00",23.2,18.7,76,0,NA,27,7.2,NA,1017.5,NA,1,2024-08-03 07:00:00,101.75,10.375651
"57",57,"2024-08-03 08:00:00",22.4,19.2,82,0,NA,36,7.6,NA,1017.1,NA,1,2024-08-03 08:00:00,101.71,10.37157212
"58",58,"2024-08-03 09:00:00",22.1,19.1,83,0,NA,44,6.8,NA,1017.1,NA,1,2024-08-03 09:00:00,101.71,10.37157212
"59",59,"2024-08-03 10:00:00",21,21,100,0,NA,0,0,NA,1019,NA,1,2024-08-03 10:00:00,101.9,10.3909468
"60",60,"2024-08-03 11:00:00",21,21,100,0,NA,56,6.5,NA,1019,NA,1,2024-08-03 11:00:00,101.9,10.3909468
"61",61,"2024-08-03 12:00:00",22,22,100,0,NA,67,5.4,NA,1019,NA,1,2024-08-03 12:00:00,101.9,10.3909468
"62",62,"2024-08-03 13:00:00",25,24,94,0,NA,0,0,NA,1020,NA,1,2024-08-03 13:00:00,102,10.401144
"63",63,"2024-08-03 14:00:00",27,24.1,84,0,NA,80,7.6,NA,1019,NA,1,2024-08-03 14:00:00,101.9,10.3909468
"64",64,"2024-08-03 15:00:00",28,22.9,74,0,NA,340,7.6,NA,1020,NA,1,2024-08-03 15:00:00,102,10.401144
"65",65,"2024-08-03 16:00:00",29,24.1,75,0,NA,50,6,NA,1019,NA,1,2024-08-03 16:00:00,101.9,10.3909468
"66",66,"2024-08-03 17:00:00",31,23.1,63,0,NA,32,6,NA,1019,NA,1,2024-08-03 17:00:00,101.9,10.3909468
"67",67,"2024-08-03 18:00:00",32,23,59,0,NA,90,9.4,NA,1018,NA,3,2024-08-03 18:00:00,101.8,10.3807496
"68",68,"2024-08-03 19:00:00",33,22.2,53,0,NA,30,14.8,NA,1018,NA,3,2024-08-03 19:00:00,101.8,10.3807496
"69",69,"2024-08-03 20:00:00",33,23.1,56,0,NA,53,7.2,NA,1017,NA,3,2024-08-03 20:00:00,101.7,10.3705524
"70",70,"2024-08-03 21:00:00",34,22.1,50,0,NA,350,15,NA,1016,NA,3,2024-08-03 21:00:00,101.6,10.3603552
"71",71,"2024-08-03 22:00:00",33,22.2,53,0,NA,80,7.6,NA,1016,NA,2,2024-08-03 22:00:00,101.6,10.3603552
"72",72,"2024-08-03 23:00:00",33,20.9,49,0,NA,20,11,NA,1015,NA,1,2024-08-03 23:00:00,101.5,10.350158
"73",73,"2024-08-04 00:00:00",31,22.1,59,0,NA,50,7.6,NA,1016,NA,1,2024-08-04,101.6,10.3603552
"74",74,"2024-08-04 01:00:00",28,22.9,74,0,NA,80,7.6,NA,1016,NA,1,2024-08-04 01:00:00,101.6,10.3603552
"75",75,"2024-08-04 02:00:00",26.1,18,61,0,NA,93,9.4,NA,1013.5,NA,3,2024-08-04 02:00:00,101.35,10.3348622
"76",76,"2024-08-04 03:00:00",26,17.6,60,0,NA,93,9.4,NA,1014.5,NA,3,2024-08-04 03:00:00,101.45,10.3450594
"77",77,"2024-08-04 04:00:00",25.1,17.8,64,0,NA,114,10.1,NA,1014.9,NA,3,2024-08-04 04:00:00,101.49,10.34913828
"78",78,"2024-08-04 05:00:00",23.5,17.7,70,0,NA,136,10.1,NA,1015.2,NA,3,2024-08-04 05:00:00,101.52,10.35219744
"79",79,"2024-08-04 06:00:00",22.7,17.6,73,0,NA,134,8.6,NA,1015.5,NA,2,2024-08-04 06:00:00,101.55,10.3552566
"80",80,"2024-08-04 07:00:00",22,18.4,80,0,NA,121,8.3,NA,1015.8,NA,2,2024-08-04 07:00:00,101.58,10.35831576
"81",81,"2024-08-04 08:00:00",21.8,18.2,80,0,NA,155,6.8,NA,1015.9,NA,1,2024-08-04 08:00:00,101.59,10.35933548
"82",82,"2024-08-04 09:00:00",21.4,18.2,82,0,NA,152,5.4,NA,1015.7,NA,3,2024-08-04 09:00:00,101.57,10.35729604
"83",83,"2024-08-04 10:00:00",21,21,100,0,NA,0,0,NA,1018,NA,3,2024-08-04 10:00:00,101.8,10.3807496
"84",84,"2024-08-04 11:00:00",21,21,100,0,NA,90,6,NA,1018,NA,2,2024-08-04 11:00:00,101.8,10.3807496
"85",85,"2024-08-04 12:00:00",23,23,100,0,NA,110,5.4,NA,1019,NA,1,2024-08-04 12:00:00,101.9,10.3909468
"86",86,"2024-08-04 13:00:00",26,24,89,0,NA,150,5.4,NA,1019,NA,1,2024-08-04 13:00:00,101.9,10.3909468
"87",87,"2024-08-04 14:00:00",28,25,84,0,NA,190,5.4,NA,1019,NA,1,2024-08-04 14:00:00,101.9,10.3909468
"88",88,"2024-08-04 15:00:00",30,23,66,0,NA,80,7,NA,1019,NA,1,2024-08-04 15:00:00,101.9,10.3909468
"89",89,"2024-08-04 16:00:00",31,23.9,66,0,NA,128,3.2,NA,1019,NA,1,2024-08-04 16:00:00,101.9,10.3909468
"90",90,"2024-08-04 17:00:00",32,22.1,56,0,NA,75,5.4,NA,1019,NA,1,2024-08-04 17:00:00,101.9,10.3909468
"91",91,"2024-08-04 18:00:00",33,19.8,46,0,NA,30,11.2,NA,1018,NA,1,2024-08-04 18:00:00,101.8,10.3807496
"92",92,"2024-08-04 19:00:00",33,18,41,0,NA,60,7.6,NA,1018,NA,1,2024-08-04 19:00:00,101.8,10.3807496
"93",93,"2024-08-04 20:00:00",34,21.1,47,0,NA,49,7.6,NA,1017,NA,1,2024-08-04 20:00:00,101.7,10.3705524
"94",94,"2024-08-04 21:00:00",34,20,44,0,NA,20,9.4,NA,1017,NA,1,2024-08-04 21:00:00,101.7,10.3705524
"95",95,"2024-08-04 22:00:00",34,22.1,50,0,NA,0,0,NA,1017,NA,1,2024-08-04 22:00:00,101.7,10.3705524
"96",96,"2024-08-04 23:00:00",33,22.2,53,0,NA,70,11.2,NA,1013.8,NA,1,2024-08-04 23:00:00,101.38,10.33792136
"97",97,"2024-08-05 00:00:00",30.9,17.2,44,0,NA,9,8.6,NA,1013.9,NA,1,2024-08-05,101.39,10.33894108
"98",98,"2024-08-05 01:00:00",29,22,66,0,NA,90,5.4,NA,1014.3,NA,1,2024-08-05 01:00:00,101.43,10.34301996
"99",99,"2024-08-05 02:00:00",27.1,16.7,53,0,NA,54,11.2,NA,1014.8,NA,1,2024-08-05 02:00:00,101.48,10.34811856
"100",100,"2024-08-05 03:00:00",26.2,17,57,0,NA,99,11.5,NA,1015.7,NA,1,2024-08-05 03:00:00,101.57,10.35729604
"101",101,"2024-08-05 04:00:00",24.7,18.4,68,0,NA,138,11.9,NA,1016.2,NA,1,2024-08-05 04:00:00,101.62,10.36239464
"102",102,"2024-08-05 05:00:00",23.8,15.6,60,0,NA,142,10.4,NA,1016.3,NA,1,2024-08-05 05:00:00,101.63,10.36341436
"103",103,"2024-08-05 06:00:00",23.3,15.9,63,0,NA,160,10.4,NA,1016.6,NA,1,2024-08-05 06:00:00,101.66,10.36647352
"104",104,"2024-08-05 07:00:00",22.9,16.7,68,0,NA,173,9.7,NA,1017.1,NA,1,2024-08-05 07:00:00,101.71,10.37157212
"105",105,"2024-08-05 08:00:00",22.6,17.3,72,0,NA,169,7.9,NA,1017.2,NA,1,2024-08-05 08:00:00,101.72,10.37259184
"106",106,"2024-08-05 09:00:00",22.4,17.8,75,0,NA,190,7.6,NA,1017.2,NA,1,2024-08-05 09:00:00,101.72,10.37259184
"107",107,"2024-08-05 10:00:00",21,21,100,0,NA,0,0,NA,1019,NA,1,2024-08-05 10:00:00,101.9,10.3909468
"108",108,"2024-08-05 11:00:00",21,21,100,0,NA,0,0,NA,1020,NA,1,2024-08-05 11:00:00,102,10.401144
"109",109,"2024-08-05 12:00:00",22,22,100,0,NA,120,9.4,NA,1020,NA,1,2024-08-05 12:00:00,102,10.401144
"110",110,"2024-08-05 13:00:00",25,24,94,0,NA,140,6,NA,1020,NA,1,2024-08-05 13:00:00,102,10.401144
"111",111,"2024-08-05 14:00:00",28,25,84,0,NA,160,7,NA,1021,NA,1,2024-08-05 14:00:00,102.1,10.4113412
"112",112,"2024-08-05 15:00:00",30,23.9,70,0,NA,190,13,NA,1020,NA,1,2024-08-05 15:00:00,102,10.401144
"113",113,"2024-08-05 16:00:00",31,23.1,63,0,NA,0,0,NA,1020,NA,1,2024-08-05 16:00:00,102,10.401144
"114",114,"2024-08-05 17:00:00",32,22.1,56,0,NA,0,0,NA,1020,NA,1,2024-08-05 17:00:00,102,10.401144
"115",115,"2024-08-05 18:00:00",33,22.2,53,0,NA,220,3.6,NA,1019,NA,1,2024-08-05 18:00:00,101.9,10.3909468
"116",116,"2024-08-05 19:00:00",34,23.1,53,0,NA,150,13,NA,1018,NA,1,2024-08-05 19:00:00,101.8,10.3807496
"117",117,"2024-08-05 20:00:00",35,20.9,44,0,NA,180,6,NA,1018,NA,2,2024-08-05 20:00:00,101.8,10.3807496
"118",118,"2024-08-05 21:00:00",34,22.1,50,0,NA,90,5.4,NA,1018,NA,1,2024-08-05 21:00:00,101.8,10.3807496
"119",119,"2024-08-05 22:00:00",34,22.1,50,0,NA,90,7.6,NA,1017,NA,1,2024-08-05 22:00:00,101.7,10.3705524
"120",120,"2024-08-05 23:00:00",34,22.1,50,0,NA,80,7,NA,1017,NA,1,2024-08-05 23:00:00,101.7,10.3705524
"121",121,"2024-08-06 00:00:00",33,22.2,53,0,NA,0,0,NA,1017,NA,1,2024-08-06,101.7,10.3705524
"122",122,"2024-08-06 01:00:00",30,21.9,62,0,NA,0,0,NA,1017,NA,1,2024-08-06 01:00:00,101.7,10.3705524
"123",123,"2024-08-06 02:00:00",27,18.3,59,0,NA,191,11.2,NA,1014.9,NA,2,2024-08-06 02:00:00,101.49,10.34913828
"124",124,"2024-08-06 03:00:00",26,17.4,59,0,NA,203,10.8,NA,1015.8,NA,2,2024-08-06 03:00:00,101.58,10.35831576
"125",125,"2024-08-06 04:00:00",25.5,16.1,56,0,NA,224,11.5,NA,1016,NA,1,2024-08-06 04:00:00,101.6,10.3603552
"126",126,"2024-08-06 05:00:00",24.6,15.2,56,0,NA,221,10.8,NA,1015.9,NA,1,2024-08-06 05:00:00,101.59,10.35933548
"127",127,"2024-08-06 06:00:00",24.2,15.1,57,0,NA,214,9.4,NA,1015.9,NA,1,2024-08-06 06:00:00,101.59,10.35933548
"128",128,"2024-08-06 07:00:00",23.4,15.7,62,0,NA,178,6.8,NA,1016.1,NA,1,2024-08-06 07:00:00,101.61,10.36137492
"129",129,"2024-08-06 08:00:00",22.6,15.4,64,0,NA,161,10.4,NA,1016.3,NA,1,2024-08-06 08:00:00,101.63,10.36341436
"130",130,"2024-08-06 09:00:00",22,14.6,63,0,NA,168,9.7,NA,1016.3,NA,1,2024-08-06 09:00:00,101.63,10.36341436
"131",131,"2024-08-06 10:00:00",22,19.9,88,0,NA,191,8.3,NA,1018,NA,1,2024-08-06 10:00:00,101.8,10.3807496
"132",132,"2024-08-06 11:00:00",22,21,94,0,NA,0,0,NA,1019,NA,1,2024-08-06 11:00:00,101.9,10.3909468
"133",133,"2024-08-06 12:00:00",26,21,74,0,NA,220,7.6,NA,1019,NA,1,2024-08-06 12:00:00,101.9,10.3909468
"134",134,"2024-08-06 13:00:00",28,22,70,0,NA,220,13,NA,1019,NA,1,2024-08-06 13:00:00,101.9,10.3909468
"135",135,"2024-08-06 14:00:00",30,23,66,0,NA,250,14.8,NA,1019,NA,1,2024-08-06 14:00:00,101.9,10.3909468
"136",136,"2024-08-06 15:00:00",32,23,59,0,NA,260,15,NA,1019,NA,1,2024-08-06 15:00:00,101.9,10.3909468
"137",137,"2024-08-06 16:00:00",34,23.1,53,0,NA,270,11,NA,1018,NA,1,2024-08-06 16:00:00,101.8,10.3807496
"138",138,"2024-08-06 17:00:00",34,23.1,53,0,NA,280,16.6,NA,1018,NA,1,2024-08-06 17:00:00,101.8,10.3807496
"139",139,"2024-08-06 18:00:00",36,23.9,50,0,NA,270,20.5,NA,1017,NA,1,2024-08-06 18:00:00,101.7,10.3705524
"140",140,"2024-08-06 19:00:00",36,22.9,47,0,NA,260,7,NA,1017,NA,1,2024-08-06 19:00:00,101.7,10.3705524
"141",141,"2024-08-06 20:00:00",36,22.9,47,0,NA,220,5.4,NA,1016,NA,1,2024-08-06 20:00:00,101.6,10.3603552
"142",142,"2024-08-06 21:00:00",37,23.1,45,0,NA,320,17,NA,1015,NA,1,2024-08-06 21:00:00,101.5,10.350158
"143",143,"2024-08-06 22:00:00",37,24.2,48,0,NA,310,14.8,NA,1015,NA,1,2024-08-06 22:00:00,101.5,10.350158
"144",144,"2024-08-06 23:00:00",36,23.9,50,0,NA,300,11,NA,1015,NA,1,2024-08-06 23:00:00,101.5,10.350158
"145",145,"2024-08-07 00:00:00",35,24,53,0,NA,320,11.2,NA,1014,NA,2,2024-08-07,101.4,10.3399608
"146",146,"2024-08-07 01:00:00",33,23.9,59,0,NA,10,9.4,NA,1015,NA,1,2024-08-07 01:00:00,101.5,10.350158
"147",147,"2024-08-07 02:00:00",29.3,19.3,55,0,NA,325,11.5,NA,1011.9,NA,1,2024-08-07 02:00:00,101.19,10.31854668
"148",148,"2024-08-07 03:00:00",28.1,20.1,62,0,NA,8,17.6,NA,1013.4,NA,1,2024-08-07 03:00:00,101.34,10.33384248
"149",149,"2024-08-07 04:00:00",26.4,20.9,72,0,NA,25,13.7,NA,1014.1,NA,1,2024-08-07 04:00:00,101.41,10.34098052
"150",150,"2024-08-07 05:00:00",25,20.7,77,0,NA,33,12.2,NA,1014.8,NA,1,2024-08-07 05:00:00,101.48,10.34811856
"151",151,"2024-08-07 06:00:00",23.9,20.2,80,0,NA,42,10.8,NA,1015,NA,1,2024-08-07 06:00:00,101.5,10.350158
"152",152,"2024-08-07 07:00:00",23,19.6,81,0,NA,43,10.1,NA,1015,NA,1,2024-08-07 07:00:00,101.5,10.350158
"153",153,"2024-08-07 08:00:00",21.7,19.4,87,0,NA,39,9.7,NA,1014.9,NA,1,2024-08-07 08:00:00,101.49,10.34913828
"154",154,"2024-08-07 09:00:00",20.9,19,89,0,NA,45,9.4,NA,1014.8,NA,1,2024-08-07 09:00:00,101.48,10.34811856
"155",155,"2024-08-07 10:00:00",20,20,100,0,NA,50,11,NA,1016,NA,1,2024-08-07 10:00:00,101.6,10.3603552
"156",156,"2024-08-07 11:00:00",20,20,100,0,NA,50,11.2,NA,1016,NA,1,2024-08-07 11:00:00,101.6,10.3603552
"157",157,"2024-08-07 12:00:00",20,20,100,0,NA,60,11,NA,1016,NA,1,2024-08-07 12:00:00,101.6,10.3603552
"158",158,"2024-08-07 13:00:00",21,21,100,0,NA,70,11.2,NA,1017,NA,2,2024-08-07 13:00:00,101.7,10.3705524
"159",159,"2024-08-07 14:00:00",23,22,94,0,NA,80,5.4,NA,1016,NA,2,2024-08-07 14:00:00,101.6,10.3603552
"160",160,"2024-08-07 15:00:00",25,22.1,84,0,NA,80,7.6,NA,1016,NA,2,2024-08-07 15:00:00,101.6,10.3603552
"161",161,"2024-08-07 16:00:00",27,21.1,70,0,NA,10,5.4,NA,1016,NA,3,2024-08-07 16:00:00,101.6,10.3603552
"162",162,"2024-08-07 17:00:00",28,21.1,66,0,NA,50,11,NA,1015,NA,3,2024-08-07 17:00:00,101.5,10.350158
"163",163,"2024-08-07 18:00:00",30,21.1,59,0,NA,30,7.6,NA,1014,NA,2,2024-08-07 18:00:00,101.4,10.3399608
"164",164,"2024-08-07 19:00:00",32,22.1,56,0,NA,40,9.4,NA,1014,NA,3,2024-08-07 19:00:00,101.4,10.3399608
"165",165,"2024-08-07 20:00:00",33,22.2,53,0,NA,50,9.4,NA,1013,NA,3,2024-08-07 20:00:00,101.3,10.3297636
"166",166,"2024-08-07 21:00:00",33,20.9,49,0,NA,70,11,NA,1013,NA,1,2024-08-07 21:00:00,101.3,10.3297636
"167",167,"2024-08-07 22:00:00",33,22.2,53,0,NA,70,7.6,NA,1012,NA,1,2024-08-07 22:00:00,101.2,10.3195664
"168",168,"2024-08-07 23:00:00",32,22.1,56,0,NA,50,13,NA,1012,NA,1,2024-08-07 23:00:00,101.2,10.3195664
"169",169,"2024-08-08 00:00:00",31,20.9,55,0,NA,70,9.4,NA,1012,NA,1,2024-08-08,101.2,10.3195664
"170",170,"2024-08-08 01:00:00",28,21.1,66,0,NA,90,7.6,NA,1012,NA,1,2024-08-08 01:00:00,101.2,10.3195664
"171",171,"2024-08-08 02:00:00",26.5,18.9,63,0,NA,87,10.4,NA,1009.4,NA,1,2024-08-08 02:00:00,100.94,10.29305368
"172",172,"2024-08-08 03:00:00",25.6,18.5,65,0,NA,88,10.4,NA,1010.3,NA,1,2024-08-08 03:00:00,101.03,10.30223116
"173",173,"2024-08-08 04:00:00",24.1,18.7,72,0,NA,92,9.7,NA,1010.8,NA,1,2024-08-08 04:00:00,101.08,10.30732976
"174",174,"2024-08-08 05:00:00",23.2,18.5,75,0,NA,91,9.7,NA,1011.2,NA,1,2024-08-08 05:00:00,101.12,10.31140864
"175",175,"2024-08-08 06:00:00",22.5,18.7,79,0,NA,86,10.1,NA,1011.5,NA,1,2024-08-08 06:00:00,101.15,10.3144678
"176",176,"2024-08-08 07:00:00",21.9,18.5,81,0,NA,89,10.4,NA,1011.5,NA,1,2024-08-08 07:00:00,101.15,10.3144678
"177",177,"2024-08-08 08:00:00",21.5,18.3,82,0,NA,92,9.7,NA,1011.7,NA,1,2024-08-08 08:00:00,101.17,10.31650724
"178",178,"2024-08-08 09:00:00",20.6,18.4,87,0,NA,103,9.4,NA,1011.7,NA,3,2024-08-08 09:00:00,101.17,10.31650724
"179",179,"2024-08-08 10:00:00",20,20,100,0,NA,70,7.6,NA,1014,NA,1,2024-08-08 10:00:00,101.4,10.3399608
"180",180,"2024-08-08 11:00:00",20,20,100,0,NA,80,7.6,NA,1014,NA,1,2024-08-08 11:00:00,101.4,10.3399608
"181",181,"2024-08-08 12:00:00",20,20,100,0,NA,80,11,NA,1014,NA,3,2024-08-08 12:00:00,101.4,10.3399608
"182",182,"2024-08-08 13:00:00",22,22,100,0,NA,340,16.6,NA,1017,NA,2,2024-08-08 13:00:00,101.7,10.3705524
"183",183,"2024-08-08 14:00:00",24,22.1,89,0,NA,20,18.4,NA,1017,NA,3,2024-08-08 14:00:00,101.7,10.3705524
"184",184,"2024-08-08 15:00:00",26,22.1,79,0,NA,20,24.1,NA,1017,NA,3,2024-08-08 15:00:00,101.7,10.3705524
"185",185,"2024-08-08 16:00:00",27,21.1,70,0,NA,70,19,NA,1015,NA,3,2024-08-08 16:00:00,101.5,10.350158
"186",186,"2024-08-08 17:00:00",28,20,62,0,NA,80,14.8,NA,1015,NA,3,2024-08-08 17:00:00,101.5,10.350158
"187",187,"2024-08-08 18:00:00",29,19.9,58,0,NA,110,11.2,NA,1015,NA,3,2024-08-08 18:00:00,101.5,10.350158
"188",188,"2024-08-08 19:00:00",29,19.9,58,0,NA,360,7.6,NA,1015,NA,3,2024-08-08 19:00:00,101.5,10.350158
"189",189,"2024-08-08 20:00:00",31,19,49,0,NA,360,14.8,NA,1015,NA,3,2024-08-08 20:00:00,101.5,10.350158
"190",190,"2024-08-08 21:00:00",32,20.9,52,0,NA,30,9,NA,1015,NA,3,2024-08-08 21:00:00,101.5,10.350158
"191",191,"2024-08-08 22:00:00",31,22.1,59,0,NA,20,22,NA,1015,NA,3,2024-08-08 22:00:00,101.5,10.350158
"192",192,"2024-08-08 23:00:00",29,22,66,0,NA,20,18.4,NA,1015,NA,3,2024-08-08 23:00:00,101.5,10.350158
"193",193,"2024-08-09 00:00:00",28,21.1,66,0,NA,20,14.8,NA,1016,NA,3,2024-08-09,101.6,10.3603552
"194",194,"2024-08-09 01:00:00",26,22.1,79,0,NA,20,14.8,NA,1016,NA,1,2024-08-09 01:00:00,101.6,10.3603552
"195",195,"2024-08-09 02:00:00",25,17,61,0,NA,19,14.4,NA,1014.3,NA,2,2024-08-09 02:00:00,101.43,10.34301996
"196",196,"2024-08-09 03:00:00",23.8,16.8,65,0,NA,24,13,NA,1015.5,NA,3,2024-08-09 03:00:00,101.55,10.3552566
"197",197,"2024-08-09 04:00:00",22.8,17,70,0,NA,31,11.2,NA,1015.8,NA,2,2024-08-09 04:00:00,101.58,10.35831576
"198",198,"2024-08-09 05:00:00",22,17.6,76,0,NA,27,9.7,NA,1016.5,NA,1,2024-08-09 05:00:00,101.65,10.3654538
"199",199,"2024-08-09 06:00:00",21.6,17.6,78,0,NA,30,10.4,NA,1016.8,NA,1,2024-08-09 06:00:00,101.68,10.36851296
"200",200,"2024-08-09 07:00:00",21.3,17.7,80,0,NA,25,10.1,NA,1017.1,NA,1,2024-08-09 07:00:00,101.71,10.37157212
"201",201,"2024-08-09 08:00:00",21,18,83,0,NA,12,9.4,NA,1017.3,NA,1,2024-08-09 08:00:00,101.73,10.37361156
"202",202,"2024-08-09 09:00:00",20.6,18.4,87,0,NA,359,9.7,NA,1017.7,NA,1,2024-08-09 09:00:00,101.77,10.37769044
"203",203,"2024-08-09 10:00:00",21,21,100,0,NA,20,14.8,NA,1019,NA,2,2024-08-09 10:00:00,101.9,10.3909468
"204",204,"2024-08-09 11:00:00",21,21,100,0,NA,10,11.2,NA,1020,NA,2,2024-08-09 11:00:00,102,10.401144
"205",205,"2024-08-09 12:00:00",21,21,100,0,NA,30,9,NA,1020,NA,1,2024-08-09 12:00:00,102,10.401144
"206",206,"2024-08-09 13:00:00",22,21,94,0,NA,10,13,NA,1021,NA,2,2024-08-09 13:00:00,102.1,10.4113412
"207",207,"2024-08-09 14:00:00",24,19.9,78,0,NA,40,14.8,NA,1021,NA,2,2024-08-09 14:00:00,102.1,10.4113412
"208",208,"2024-08-09 15:00:00",25,20,74,0,NA,30,13,NA,1022,NA,3,2024-08-09 15:00:00,102.2,10.4215384
"209",209,"2024-08-09 16:00:00",26,20.1,70,0,NA,10,15,NA,1022,NA,2,2024-08-09 16:00:00,102.2,10.4215384
"210",210,"2024-08-09 17:00:00",27,19.1,62,0,NA,20,5.4,NA,1022,NA,2,2024-08-09 17:00:00,102.2,10.4215384
"211",211,"2024-08-09 18:00:00",29,18.2,52,0,NA,10,14.8,NA,1021,NA,1,2024-08-09 18:00:00,102.1,10.4113412
"212",212,"2024-08-09 19:00:00",29,18.2,52,0,NA,20,13,NA,1021,NA,3,2024-08-09 19:00:00,102.1,10.4113412
"213",213,"2024-08-09 20:00:00",30,17.1,46,0,NA,320,13,NA,1020,NA,1,2024-08-09 20:00:00,102,10.401144
"214",214,"2024-08-09 21:00:00",29,16.9,48,0,NA,10,15,NA,1020,NA,1,2024-08-09 21:00:00,102,10.401144
"215",215,"2024-08-09 22:00:00",29,15.9,45,0,NA,360,13,NA,1020,NA,1,2024-08-09 22:00:00,102,10.401144
"216",216,"2024-08-09 23:00:00",28,15,45,0,NA,30,13,NA,1020,NA,3,2024-08-09 23:00:00,102,10.401144
"217",217,"2024-08-10 00:00:00",26,15.1,51,0,NA,10,13,NA,1020,NA,2,2024-08-10,102,10.401144
"218",218,"2024-08-10 01:00:00",25,15.9,57,0,NA,360,16.6,NA,1021,NA,1,2024-08-10 01:00:00,102.1,10.4113412
"219",219,"2024-08-10 02:00:00",23,11.7,49,0,NA,356,11.9,NA,1019.4,NA,1,2024-08-10 02:00:00,101.94,10.39502568
"220",220,"2024-08-10 03:00:00",21.9,11.9,53,0,NA,3,13,NA,1020.4,NA,1,2024-08-10 03:00:00,102.04,10.40522288
"221",221,"2024-08-10 04:00:00",21.3,12.7,58,0,NA,11,12.2,NA,1021,NA,2,2024-08-10 04:00:00,102.1,10.4113412
"222",222,"2024-08-10 05:00:00",20.5,13.5,64,0,NA,29,10.8,NA,1021.4,NA,1,2024-08-10 05:00:00,102.14,10.41542008
"223",223,"2024-08-10 06:00:00",20,13.7,67,0,NA,43,10.8,NA,1021.5,NA,1,2024-08-10 06:00:00,102.15,10.4164398
"224",224,"2024-08-10 07:00:00",19.5,13.9,70,0,NA,47,10.4,NA,1021.5,NA,1,2024-08-10 07:00:00,102.15,10.4164398
"225",225,"2024-08-10 08:00:00",19.1,13.9,72,0,NA,54,10.1,NA,1021.9,NA,2,2024-08-10 08:00:00,102.19,10.42051868
"226",226,"2024-08-10 09:00:00",18.7,13.8,73,0,NA,56,10.1,NA,1022.2,NA,2,2024-08-10 09:00:00,102.22,10.42357784
"227",227,"2024-08-10 10:00:00",18,16,88,0,NA,80,5.4,NA,1024,NA,2,2024-08-10 10:00:00,102.4,10.4419328
"228",228,"2024-08-10 11:00:00",18,16,88,0,NA,90,7,NA,1024,NA,2,2024-08-10 11:00:00,102.4,10.4419328
"229",229,"2024-08-10 12:00:00",19,16,83,0,NA,90,11.2,NA,1024,NA,3,2024-08-10 12:00:00,102.4,10.4419328
"230",230,"2024-08-10 13:00:00",20,17,83,0,NA,90,13,NA,1024,NA,3,2024-08-10 13:00:00,102.4,10.4419328
"231",231,"2024-08-10 14:00:00",21,17,78,0,NA,70,9.4,NA,1023.7,NA,3,2024-08-10 14:00:00,102.37,10.43887364
"232",232,"2024-08-10 15:00:00",23,18.1,74,0,NA,80,9,NA,1025,NA,3,2024-08-10 15:00:00,102.5,10.45213
"233",233,"2024-08-10 16:00:00",23,17,69,0,NA,76,5.4,NA,1024,NA,3,2024-08-10 16:00:00,102.4,10.4419328
"234",234,"2024-08-10 17:00:00",25,18,65,0,NA,96,5.4,NA,1024,NA,3,2024-08-10 17:00:00,102.4,10.4419328
"235",235,"2024-08-10 18:00:00",25,18,65,0,NA,0,0,NA,1024,NA,3,2024-08-10 18:00:00,102.4,10.4419328
"236",236,"2024-08-10 19:00:00",26,17.9,61,0,NA,160,5.4,NA,1023,NA,3,2024-08-10 19:00:00,102.3,10.4317356
"237",237,"2024-08-10 20:00:00",26,18.9,65,0.2,NA,50,9,NA,1023,NA,7,2024-08-10 20:00:00,102.3,10.4317356
"238",238,"2024-08-10 21:00:00",25,18.9,69,0,NA,50,9.4,NA,1022,NA,3,2024-08-10 21:00:00,102.2,10.4215384
"239",239,"2024-08-10 22:00:00",25,18.9,69,0,NA,50,11.2,NA,1021,NA,3,2024-08-10 22:00:00,102.1,10.4113412
"240",240,"2024-08-10 23:00:00",25,18.9,69,0,NA,80,7.6,NA,1021,NA,3,2024-08-10 23:00:00,102.1,10.4113412
"241",241,"2024-08-11 00:00:00",24,19.1,74,0,NA,100,6,NA,1021,NA,3,2024-08-11,102.1,10.4113412
"242",242,"2024-08-11 01:00:00",24,19.1,74,0,NA,0,0,NA,1019,NA,3,2024-08-11 01:00:00,101.9,10.3909468
"243",243,"2024-08-11 02:00:00",22.1,19.1,83,0,NA,142,5.8,NA,1019.2,NA,2,2024-08-11 02:00:00,101.92,10.39298624
"244",244,"2024-08-11 03:00:00",21.2,17.4,79,0,NA,114,7.9,NA,1020.3,NA,3,2024-08-11 03:00:00,102.03,10.40420316
"245",245,"2024-08-11 04:00:00",20.9,17.5,81,0,NA,101,7.2,NA,1020.1,NA,3,2024-08-11 04:00:00,102.01,10.40216372
"246",246,"2024-08-11 05:00:00",21.1,17.7,81,0,NA,119,6.5,NA,1020.5,NA,3,2024-08-11 05:00:00,102.05,10.4062426
"247",247,"2024-08-11 06:00:00",21.2,17.8,81,0,NA,135,4.7,NA,1020.5,NA,3,2024-08-11 06:00:00,102.05,10.4062426
"248",248,"2024-08-11 07:00:00",21.1,17.7,81,0,NA,121,4.7,NA,1020.4,NA,3,2024-08-11 07:00:00,102.04,10.40522288
"249",249,"2024-08-11 08:00:00",20.3,15.5,74,0,NA,88,8.3,NA,1020.1,NA,3,2024-08-11 08:00:00,102.01,10.40216372
"250",250,"2024-08-11 09:00:00",19.7,15.4,76,0,NA,90,8.6,NA,1020.1,NA,3,2024-08-11 09:00:00,102.01,10.40216372
"251",251,"2024-08-11 10:00:00",21,21,100,0,NA,80,7,NA,1021,NA,3,2024-08-11 10:00:00,102.1,10.4113412
"252",252,"2024-08-11 11:00:00",21,21,100,0.6,NA,0,0,NA,1021,NA,17,2024-08-11 11:00:00,102.1,10.4113412
"253",253,"2024-08-11 12:00:00",21,21,100,1.5,NA,120,7.6,NA,1022,NA,9,2024-08-11 12:00:00,102.2,10.4215384
"254",254,"2024-08-11 13:00:00",21,21,100,5,NA,130,9.4,NA,1022,NA,5,2024-08-11 13:00:00,102.2,10.4215384
"255",255,"2024-08-11 14:00:00",21,21,100,6.8,NA,170,15,NA,1022,NA,5,2024-08-11 14:00:00,102.2,10.4215384
"256",256,"2024-08-11 15:00:00",21,21,100,0.4,NA,150,9.4,NA,1023,NA,8,2024-08-11 15:00:00,102.3,10.4317356
"257",257,"2024-08-11 16:00:00",20,20,100,0.4,NA,150,13,NA,1022,NA,5,2024-08-11 16:00:00,102.2,10.4215384
"258",258,"2024-08-11 17:00:00",20,20,100,3,NA,170,14.8,NA,1022,NA,9,2024-08-11 17:00:00,102.2,10.4215384
"259",259,"2024-08-11 18:00:00",21,21,100,2.7,NA,190,16.6,NA,1022,NA,9,2024-08-11 18:00:00,102.2,10.4215384
"260",260,"2024-08-11 19:00:00",22,22,100,3,NA,180,11,NA,1021,NA,9,2024-08-11 19:00:00,102.1,10.4113412
"261",261,"2024-08-11 20:00:00",22,22,100,2.4,NA,0,0,NA,1020,NA,9,2024-08-11 20:00:00,102,10.401144
"262",262,"2024-08-11 21:00:00",23,23,100,0.4,NA,160,9.4,NA,1019,NA,8,2024-08-11 21:00:00,101.9,10.3909468
"263",263,"2024-08-11 22:00:00",24,24,100,0,NA,100,9.4,NA,1018,NA,3,2024-08-11 22:00:00,101.8,10.3807496
"264",264,"2024-08-11 23:00:00",24,24,100,0,NA,90,7.6,NA,1018,NA,3,2024-08-11 23:00:00,101.8,10.3807496
"265",265,"2024-08-12 00:00:00",23,23,100,0,NA,110,7,NA,1018,NA,3,2024-08-12,101.8,10.3807496
"266",266,"2024-08-12 01:00:00",22,22,100,0,NA,120,5.4,NA,1018,NA,3,2024-08-12 01:00:00,101.8,10.3807496
"267",267,"2024-08-12 02:00:00",21.6,19.3,87,0,NA,160,8.6,NA,1017.2,NA,3,2024-08-12 02:00:00,101.72,10.37259184
"268",268,"2024-08-12 03:00:00",21.2,19.1,88,0,NA,162,8.3,NA,1018.4,NA,3,2024-08-12 03:00:00,101.84,10.38482848
"269",269,"2024-08-12 04:00:00",19.5,18.7,95,0,NA,160,9,NA,1018.7,NA,3,2024-08-12 04:00:00,101.87,10.38788764
"270",270,"2024-08-12 05:00:00",19.3,18.6,96,0,NA,142,8.3,NA,1018.8,NA,1,2024-08-12 05:00:00,101.88,10.38890736
"271",271,"2024-08-12 06:00:00",19.1,18.4,96,0.6,NA,127,6.8,NA,1019.1,NA,17,2024-08-12 06:00:00,101.91,10.39196652
"272",272,"2024-08-12 07:00:00",19.1,18.8,98,2.9,NA,135,8.3,NA,1018.7,NA,9,2024-08-12 07:00:00,101.87,10.38788764
"273",273,"2024-08-12 08:00:00",19,18.7,98,7.9,NA,170,10.8,NA,1018.4,NA,9,2024-08-12 08:00:00,101.84,10.38482848
"274",274,"2024-08-12 09:00:00",19.2,18.5,96,2.9,NA,129,7.9,NA,1017.5,NA,9,2024-08-12 09:00:00,101.75,10.375651
"275",275,"2024-08-12 10:00:00",19,19,100,0.4,NA,150,9.4,NA,1019,NA,8,2024-08-12 10:00:00,101.9,10.3909468
"276",276,"2024-08-12 11:00:00",19,19,100,10.8,NA,180,13,NA,1019,NA,9,2024-08-12 11:00:00,101.9,10.3909468
"277",277,"2024-08-12 12:00:00",20,20,100,3.2,NA,170,11.2,NA,1019,NA,9,2024-08-12 12:00:00,101.9,10.3909468
"278",278,"2024-08-12 13:00:00",20,20,100,0.3,NA,220,5.4,NA,1020,NA,8,2024-08-12 13:00:00,102,10.401144
"279",279,"2024-08-12 14:00:00",21,21,100,4.3,NA,220,7,NA,1020,NA,9,2024-08-12 14:00:00,102,10.401144
"280",280,"2024-08-12 15:00:00",23,23,100,4.6,NA,210,18.4,NA,1020,NA,9,2024-08-12 15:00:00,102,10.401144
"281",281,"2024-08-12 16:00:00",25,25,100,0.9,NA,200,24.1,NA,1019,NA,8,2024-08-12 16:00:00,101.9,10.3909468
"282",282,"2024-08-12 17:00:00",26,25,94,0,NA,190,16.6,NA,1019,NA,3,2024-08-12 17:00:00,101.9,10.3909468
"283",283,"2024-08-12 18:00:00",28,25,84,0,NA,200,11,NA,1019,NA,3,2024-08-12 18:00:00,101.9,10.3909468
"284",284,"2024-08-12 19:00:00",29,26,84,0,NA,210,13,NA,1018,NA,3,2024-08-12 19:00:00,101.8,10.3807496
"285",285,"2024-08-12 20:00:00",30,26,79,0,NA,220,9.4,NA,1018,NA,3,2024-08-12 20:00:00,101.8,10.3807496
"286",286,"2024-08-12 21:00:00",31,25.1,71,0,NA,0,0,NA,1017,NA,3,2024-08-12 21:00:00,101.7,10.3705524
"287",287,"2024-08-12 22:00:00",32,25.1,67,0,NA,0,0,NA,1017,NA,3,2024-08-12 22:00:00,101.7,10.3705524
"288",288,"2024-08-12 23:00:00",31,25.1,71,0,NA,258,5.4,NA,1017,NA,3,2024-08-12 23:00:00,101.7,10.3705524
"289",289,"2024-08-13 00:00:00",30,26,79,0,NA,150,11.2,NA,1017,NA,3,2024-08-13,101.7,10.3705524
"290",290,"2024-08-13 01:00:00",28,26,89,0,NA,0,0,NA,1018,NA,1,2024-08-13 01:00:00,101.8,10.3807496
"291",291,"2024-08-13 02:00:00",25,22.7,87,0,NA,196,12.2,NA,1016.1,NA,2,2024-08-13 02:00:00,101.61,10.36137492
"292",292,"2024-08-13 03:00:00",23.9,21.6,87,0,NA,193,10.4,NA,1017,NA,2,2024-08-13 03:00:00,101.7,10.3705524
"293",293,"2024-08-13 04:00:00",23.1,21.2,89,0,NA,185,8.3,NA,1017.1,NA,2,2024-08-13 04:00:00,101.71,10.37157212
"294",294,"2024-08-13 05:00:00",22.9,21.2,90,0,NA,202,8.6,NA,1017,NA,2,2024-08-13 05:00:00,101.7,10.3705524
"295",295,"2024-08-13 06:00:00",22.3,20.9,92,0,NA,186,9.7,NA,1017.4,NA,1,2024-08-13 06:00:00,101.74,10.37463128
"296",296,"2024-08-13 07:00:00",22,20.5,91,0,NA,174,9.7,NA,1017.4,NA,1,2024-08-13 07:00:00,101.74,10.37463128
"297",297,"2024-08-13 08:00:00",22,20.1,89,0,NA,168,9.4,NA,1017.4,NA,2,2024-08-13 08:00:00,101.74,10.37463128
"298",298,"2024-08-13 09:00:00",21.8,20.1,90,0,NA,158,9,NA,1017,NA,3,2024-08-13 09:00:00,101.7,10.3705524
"299",299,"2024-08-13 10:00:00",23,23,100,0,NA,0,0,NA,1019,NA,2,2024-08-13 10:00:00,101.9,10.3909468
"300",300,"2024-08-13 11:00:00",23,23,100,0,NA,0,0,NA,1019,NA,2,2024-08-13 11:00:00,101.9,10.3909468
"301",301,"2024-08-13 12:00:00",24,24,100,0,NA,140,9.4,NA,1019,NA,3,2024-08-13 12:00:00,101.9,10.3909468
"302",302,"2024-08-13 13:00:00",25,25,100,0,NA,130,7.6,NA,1020,NA,3,2024-08-13 13:00:00,102,10.401144
"303",303,"2024-08-13 14:00:00",27,27,100,5.3,NA,220,7,NA,1020,NA,18,2024-08-13 14:00:00,102,10.401144
"304",304,"2024-08-13 15:00:00",26,26,100,0.5,NA,340,24,NA,1021,NA,8,2024-08-13 15:00:00,102.1,10.4113412
"305",305,"2024-08-13 16:00:00",23,23,100,0,NA,30,14.8,NA,1021,NA,3,2024-08-13 16:00:00,102.1,10.4113412
"306",306,"2024-08-13 17:00:00",24,24,100,0,NA,80,14.8,NA,1021,NA,3,2024-08-13 17:00:00,102.1,10.4113412
"307",307,"2024-08-13 18:00:00",25,25,100,0,NA,70,13,NA,1020,NA,3,2024-08-13 18:00:00,102,10.401144
"308",308,"2024-08-13 19:00:00",27,25,89,0,NA,120,14.8,NA,1019,NA,3,2024-08-13 19:00:00,101.9,10.3909468
"309",309,"2024-08-13 20:00:00",28,25,84,0,NA,100,11.2,NA,1019,NA,3,2024-08-13 20:00:00,101.9,10.3909468
"310",310,"2024-08-13 21:00:00",30,26,79,0,NA,140,16.6,NA,1018,NA,3,2024-08-13 21:00:00,101.8,10.3807496
"311",311,"2024-08-13 22:00:00",30,26,79,0,NA,120,9,NA,1018,NA,3,2024-08-13 22:00:00,101.8,10.3807496
"312",312,"2024-08-13 23:00:00",30,27,84,0,NA,150,9.4,NA,1015.2,NA,3,2024-08-13 23:00:00,101.52,10.35219744
"313",313,"2024-08-14 00:00:00",30,27,84,0,NA,170,9,NA,1017,NA,3,2024-08-14,101.7,10.3705524
"314",314,"2024-08-14 01:00:00",29,27,89,0,NA,150,7.6,NA,1017,NA,3,2024-08-14 01:00:00,101.7,10.3705524
"315",315,"2024-08-14 02:00:00",25.2,23.3,89,0,NA,113,9.4,NA,1015.6,NA,2,2024-08-14 02:00:00,101.56,10.35627632
"316",316,"2024-08-14 03:00:00",24.4,23.2,93,0,NA,119,9.7,NA,1016.4,NA,3,2024-08-14 03:00:00,101.64,10.36443408
"317",317,"2024-08-14 04:00:00",23.9,22.9,94,0,NA,115,9.4,NA,1016.3,NA,3,2024-08-14 04:00:00,101.63,10.36341436
"318",318,"2024-08-14 05:00:00",23.5,22.5,94,0,NA,110,8.3,NA,1016.6,NA,3,2024-08-14 05:00:00,101.66,10.36647352
"319",319,"2024-08-14 06:00:00",23.3,22.1,93,0,NA,110,7.9,NA,1017,NA,1,2024-08-14 06:00:00,101.7,10.3705524
"320",320,"2024-08-14 07:00:00",23.5,22.1,92,0,NA,146,10.1,NA,1016.7,NA,3,2024-08-14 07:00:00,101.67,10.36749324
"321",321,"2024-08-14 08:00:00",23.3,21.7,91,0,NA,152,9.7,NA,1016.7,NA,3,2024-08-14 08:00:00,101.67,10.36749324
"322",322,"2024-08-14 09:00:00",23.1,21.7,92,0,NA,158,10.4,NA,1016.5,NA,3,2024-08-14 09:00:00,101.65,10.3654538
"323",323,"2024-08-14 10:00:00",23,23,100,0,NA,130,5.4,NA,1018,NA,3,2024-08-14 10:00:00,101.8,10.3807496
"324",324,"2024-08-14 11:00:00",23,23,100,0,NA,160,5.4,NA,1018,NA,2,2024-08-14 11:00:00,101.8,10.3807496
"325",325,"2024-08-14 12:00:00",25,25,100,0,NA,0,0,NA,1018,NA,1,2024-08-14 12:00:00,101.8,10.3807496
"326",326,"2024-08-14 13:00:00",28,28,100,0,NA,180,9,NA,1019,NA,1,2024-08-14 13:00:00,101.9,10.3909468
"327",327,"2024-08-14 14:00:00",30,27,84,0,NA,200,16.6,NA,1019,NA,1,2024-08-14 14:00:00,101.9,10.3909468
"328",328,"2024-08-14 15:00:00",31,26.9,79,0,NA,210,22,NA,1019,NA,1,2024-08-14 15:00:00,101.9,10.3909468
"329",329,"2024-08-14 16:00:00",32,27,75,0,NA,210,20.5,NA,1019,NA,1,2024-08-14 16:00:00,101.9,10.3909468
"330",330,"2024-08-14 17:00:00",32,27,75,0,NA,190,15,NA,1019,NA,1,2024-08-14 17:00:00,101.9,10.3909468
"331",331,"2024-08-14 18:00:00",33,26.1,67,0,NA,200,22.3,NA,1017,NA,1,2024-08-14 18:00:00,101.7,10.3705524
"332",332,"2024-08-14 19:00:00",34,26,63,0,NA,200,16.6,NA,1017,NA,1,2024-08-14 19:00:00,101.7,10.3705524
"333",333,"2024-08-14 20:00:00",34,26,63,0,NA,180,16.6,NA,1017,NA,1,2024-08-14 20:00:00,101.7,10.3705524
"334",334,"2024-08-14 21:00:00",33,27,71,0,NA,170,14.8,NA,1016,NA,1,2024-08-14 21:00:00,101.6,10.3603552
"335",335,"2024-08-14 22:00:00",33,26.1,67,0,NA,180,13,NA,1016,NA,1,2024-08-14 22:00:00,101.6,10.3603552
"336",336,"2024-08-14 23:00:00",32,27,75,0,NA,170,18.4,NA,1016,NA,1,2024-08-14 23:00:00,101.6,10.3603552
"337",337,"2024-08-15 00:00:00",31,26.9,79,0,NA,160,5.4,NA,1016,NA,2,2024-08-15,101.6,10.3603552
"338",338,"2024-08-15 01:00:00",30,27,84,0,NA,150,7.6,NA,1015,NA,2,2024-08-15 01:00:00,101.5,10.350158
"339",339,"2024-08-15 02:00:00",26.9,24.2,85,0,NA,158,11.9,NA,1013.8,NA,2,2024-08-15 02:00:00,101.38,10.33792136
"340",340,"2024-08-15 03:00:00",26.2,23.9,87,0,NA,157,11.2,NA,1014.5,NA,1,2024-08-15 03:00:00,101.45,10.3450594
"341",341,"2024-08-15 04:00:00",25.9,23.6,87,0,NA,155,12.6,NA,1015.2,NA,1,2024-08-15 04:00:00,101.52,10.35219744
"342",342,"2024-08-15 05:00:00",25.9,23.4,86,0,NA,160,14,NA,1015.1,NA,1,2024-08-15 05:00:00,101.51,10.35117772
"343",343,"2024-08-15 06:00:00",25.6,23.1,86,0,NA,167,13.7,NA,1015.1,NA,1,2024-08-15 06:00:00,101.51,10.35117772
"344",344,"2024-08-15 07:00:00",25.1,23,88,0,NA,171,12.2,NA,1014.9,NA,1,2024-08-15 07:00:00,101.49,10.34913828
"345",345,"2024-08-15 08:00:00",24.6,22.7,89,0,NA,174,11.9,NA,1014.6,NA,1,2024-08-15 08:00:00,101.46,10.34607912
"346",346,"2024-08-15 09:00:00",23.9,21.4,86,0,NA,173,12.6,NA,1014.6,NA,1,2024-08-15 09:00:00,101.46,10.34607912
"347",347,"2024-08-15 10:00:00",24,24,100,0,NA,0,0,NA,1017,NA,1,2024-08-15 10:00:00,101.7,10.3705524
"348",348,"2024-08-15 11:00:00",24,24,100,0,NA,0,0,NA,1017,NA,1,2024-08-15 11:00:00,101.7,10.3705524
"349",349,"2024-08-15 12:00:00",25,25,100,0,NA,90,5.4,NA,1017,NA,1,2024-08-15 12:00:00,101.7,10.3705524
"350",350,"2024-08-15 13:00:00",27,27,100,0,NA,0,0,NA,1018,NA,1,2024-08-15 13:00:00,101.8,10.3807496
"351",351,"2024-08-15 14:00:00",29,27.9,94,0,NA,160,7.6,NA,1018,NA,1,2024-08-15 14:00:00,101.8,10.3807496
"352",352,"2024-08-15 15:00:00",30,27,84,0,NA,200,15,NA,1017,NA,1,2024-08-15 15:00:00,101.7,10.3705524
"353",353,"2024-08-15 16:00:00",32,27,75,0,NA,190,13,NA,1016,NA,1,2024-08-15 16:00:00,101.6,10.3603552
"354",354,"2024-08-15 17:00:00",33,27,71,0,NA,200,13,NA,1016,NA,1,2024-08-15 17:00:00,101.6,10.3603552
"355",355,"2024-08-15 18:00:00",34,27,67,0,NA,220,14.8,NA,1015,NA,1,2024-08-15 18:00:00,101.5,10.350158
"356",356,"2024-08-15 19:00:00",34,27,67,0,NA,220,20.5,NA,1015,NA,1,2024-08-15 19:00:00,101.5,10.350158
"357",357,"2024-08-15 20:00:00",34,27,67,0,NA,180,28,NA,1014,NA,1,2024-08-15 20:00:00,101.4,10.3399608
"358",358,"2024-08-15 21:00:00",35,26.9,63,0,NA,210,25.9,NA,1014,NA,2,2024-08-15 21:00:00,101.4,10.3399608
"359",359,"2024-08-15 22:00:00",34,27,67,0,NA,210,22,NA,1014,NA,1,2024-08-15 22:00:00,101.4,10.3399608
"360",360,"2024-08-15 23:00:00",33,27,71,0,NA,200,22.3,NA,1013,NA,2,2024-08-15 23:00:00,101.3,10.3297636
"361",361,"2024-08-16 00:00:00",32,27,75,0,NA,200,14.8,NA,1014,NA,3,2024-08-16,101.4,10.3399608
"362",362,"2024-08-16 01:00:00",31,26.9,79,0,NA,180,11.2,NA,1014,NA,3,2024-08-16 01:00:00,101.4,10.3399608
"363",363,"2024-08-16 02:00:00",27.5,22.9,76,0,NA,216,10.8,NA,1012.5,NA,3,2024-08-16 02:00:00,101.25,10.324665
"364",364,"2024-08-16 03:00:00",26.9,21.9,74,0,NA,206,10.8,NA,1013.1,NA,3,2024-08-16 03:00:00,101.31,10.33078332
"365",365,"2024-08-16 04:00:00",26.4,21.6,75,0,NA,213,10.8,NA,1013.3,NA,3,2024-08-16 04:00:00,101.33,10.33282276
"366",366,"2024-08-16 05:00:00",25.8,23.3,86,0,NA,231,10.4,NA,1013.7,NA,2,2024-08-16 05:00:00,101.37,10.33690164
"367",367,"2024-08-16 06:00:00",25.1,23.2,89,0,NA,214,8.6,NA,1013.8,NA,3,2024-08-16 06:00:00,101.38,10.33792136
"368",368,"2024-08-16 07:00:00",24.8,22.7,88,0,NA,227,9.4,NA,1013.4,NA,3,2024-08-16 07:00:00,101.34,10.33384248
"369",369,"2024-08-16 08:00:00",24.4,22.3,88,0,NA,240,9.7,NA,1013.5,NA,3,2024-08-16 08:00:00,101.35,10.3348622
"370",370,"2024-08-16 09:00:00",24.2,22.1,88,0,NA,239,10.1,NA,1013.4,NA,3,2024-08-16 09:00:00,101.34,10.33384248
"371",371,"2024-08-16 10:00:00",25,25,100,0,NA,0,0,NA,1016,NA,3,2024-08-16 10:00:00,101.6,10.3603552
"372",372,"2024-08-16 11:00:00",26,25,94,0,NA,0,0,NA,1016,NA,1,2024-08-16 11:00:00,101.6,10.3603552
"373",373,"2024-08-16 12:00:00",26,24,89,0,NA,276,9.4,NA,1017,NA,1,2024-08-16 12:00:00,101.7,10.3705524
"374",374,"2024-08-16 13:00:00",28,24,79,0,NA,140,7.6,NA,1018,NA,1,2024-08-16 13:00:00,101.8,10.3807496
"375",375,"2024-08-16 14:00:00",30,25.1,75,0,NA,130,5.4,NA,1018,NA,1,2024-08-16 14:00:00,101.8,10.3807496
"376",376,"2024-08-16 15:00:00",31,23.9,66,0,NA,230,11.2,NA,1018,NA,1,2024-08-16 15:00:00,101.8,10.3807496
"377",377,"2024-08-16 16:00:00",33,25,63,0,NA,190,11.2,NA,1017,NA,1,2024-08-16 16:00:00,101.7,10.3705524
"378",378,"2024-08-16 17:00:00",34,26,63,0,NA,230,9,NA,1017,NA,1,2024-08-16 17:00:00,101.7,10.3705524
"379",379,"2024-08-16 18:00:00",35,26.1,60,0,NA,330,13,NA,1016,NA,1,2024-08-16 18:00:00,101.6,10.3603552
"380",380,"2024-08-16 19:00:00",36,27,60,0,NA,0,0,NA,1016,NA,1,2024-08-16 19:00:00,101.6,10.3603552
"381",381,"2024-08-16 20:00:00",36,27,60,0,NA,220,22.3,NA,1015,NA,1,2024-08-16 20:00:00,101.5,10.350158
"382",382,"2024-08-16 21:00:00",36,27,60,0,NA,200,20.5,NA,1014,NA,1,2024-08-16 21:00:00,101.4,10.3399608
"383",383,"2024-08-16 22:00:00",31,23.1,63,0,NA,60,24.1,NA,1015,NA,2,2024-08-16 22:00:00,101.5,10.350158
"384",384,"2024-08-16 23:00:00",26,23.1,84,0,NA,40,6,NA,1015,NA,3,2024-08-16 23:00:00,101.5,10.350158
"385",385,"2024-08-17 00:00:00",27,22,74,0,NA,150,11.2,NA,1014,NA,2,2024-08-17,101.4,10.3399608
"386",386,"2024-08-17 01:00:00",27,22,74,0,NA,0,0,NA,1015,NA,1,2024-08-17 01:00:00,101.5,10.350158
"387",387,"2024-08-17 02:00:00",25.2,23.8,92,0,NA,153,9,NA,1013.3,NA,3,2024-08-17 02:00:00,101.33,10.33282276
"388",388,"2024-08-17 03:00:00",24.2,23.3,95,4.3,NA,12,7.9,NA,1015.1,NA,18,2024-08-17 03:00:00,101.51,10.35117772
"389",389,"2024-08-17 04:00:00",23,22.2,95,7.6,NA,300,12.2,NA,1016.6,NA,18,2024-08-17 04:00:00,101.66,10.36647352
"390",390,"2024-08-17 05:00:00",23.1,23.1,100,0.9,NA,217,8.3,NA,1014.7,NA,8,2024-08-17 05:00:00,101.47,10.34709884
"391",391,"2024-08-17 06:00:00",24.3,22.4,89,0,NA,197,5,NA,1014.1,NA,3,2024-08-17 06:00:00,101.41,10.34098052
"392",392,"2024-08-17 07:00:00",23.7,22.3,92,0,NA,148,6.8,NA,1013.5,NA,1,2024-08-17 07:00:00,101.35,10.3348622
"393",393,"2024-08-17 08:00:00",23.4,22.2,93,0.9,NA,31,20.5,NA,1014.3,NA,17,2024-08-17 08:00:00,101.43,10.34301996
"394",394,"2024-08-17 09:00:00",21.4,20.9,97,8.3,NA,152,14,NA,1014.7,NA,18,2024-08-17 09:00:00,101.47,10.34709884
"395",395,"2024-08-17 10:00:00",22,22,100,1.4,NA,240,16.6,NA,1018,NA,18,2024-08-17 10:00:00,101.8,10.3807496
"396",396,"2024-08-17 11:00:00",22,22,100,1.3,NA,200,30,NA,1017,NA,18,2024-08-17 11:00:00,101.7,10.3705524
"397",397,"2024-08-17 12:00:00",22,22,100,0,NA,220,20.5,NA,1018,NA,2,2024-08-17 12:00:00,101.8,10.3807496
"398",398,"2024-08-17 13:00:00",23,23,100,0,NA,240,9,NA,1018,NA,3,2024-08-17 13:00:00,101.8,10.3807496
"399",399,"2024-08-17 14:00:00",25,25,100,0,NA,210,24.1,NA,1019,NA,1,2024-08-17 14:00:00,101.9,10.3909468
"400",400,"2024-08-17 15:00:00",27,24.1,84,0,NA,210,20.5,NA,1019,NA,2,2024-08-17 15:00:00,101.9,10.3909468
"401",401,"2024-08-17 16:00:00",28,22.9,74,0,NA,230,14.8,NA,1019,NA,1,2024-08-17 16:00:00,101.9,10.3909468
"402",402,"2024-08-17 17:00:00",31,23.1,63,0,NA,220,16.6,NA,1018,NA,1,2024-08-17 17:00:00,101.8,10.3807496
"403",403,"2024-08-17 18:00:00",31,25.1,71,0,NA,240,13,NA,1018,NA,1,2024-08-17 18:00:00,101.8,10.3807496
"404",404,"2024-08-17 19:00:00",32,25.1,67,0,NA,260,15,NA,1017,NA,1,2024-08-17 19:00:00,101.7,10.3705524
"405",405,"2024-08-17 20:00:00",33,25,63,0,NA,280,11.2,NA,1016,NA,1,2024-08-17 20:00:00,101.6,10.3603552
"406",406,"2024-08-17 21:00:00",34,25.1,60,0,NA,310,13,NA,1016,NA,1,2024-08-17 21:00:00,101.6,10.3603552
"407",407,"2024-08-17 22:00:00",34,25.1,60,0,NA,290,13,NA,1016,NA,1,2024-08-17 22:00:00,101.6,10.3603552
"408",408,"2024-08-17 23:00:00",33,25,63,0,NA,230,11,NA,1015,NA,1,2024-08-17 23:00:00,101.5,10.350158
"409",409,"2024-08-18 00:00:00",32,25.1,67,0,NA,240,9.4,NA,1015,NA,1,2024-08-18,101.5,10.350158
"410",410,"2024-08-18 01:00:00",26.7,26,96,0,NA,121,1.8,NA,1012.9,NA,1,2024-08-18 01:00:00,101.29,10.32874388
"411",411,"2024-08-18 02:00:00",25.2,24.9,98,0,NA,92,4,NA,1013.4,NA,1,2024-08-18 02:00:00,101.34,10.33384248
"412",412,"2024-08-18 03:00:00",26,24.6,92,0,NA,62,3.6,NA,1014.5,NA,1,2024-08-18 03:00:00,101.45,10.3450594
"413",413,"2024-08-18 04:00:00",25.2,24.3,95,0,NA,180,5,NA,1015,NA,1,2024-08-18 04:00:00,101.5,10.350158
"414",414,"2024-08-18 05:00:00",24.3,23.6,96,0,NA,107,3.2,NA,1015,NA,1,2024-08-18 05:00:00,101.5,10.350158
"415",415,"2024-08-18 06:00:00",23.6,23.1,97,0,NA,118,4,NA,1015.6,NA,1,2024-08-18 06:00:00,101.56,10.35627632
"416",416,"2024-08-18 07:00:00",23.4,22.7,96,0,NA,150,4.7,NA,1015.4,NA,1,2024-08-18 07:00:00,101.54,10.35423688
"417",417,"2024-08-18 08:00:00",23.2,22.4,95,0,NA,132,4.3,NA,1015,NA,1,2024-08-18 08:00:00,101.5,10.350158
"418",418,"2024-08-18 09:00:00",23.1,22.3,95,0,NA,125,5.8,NA,1014.9,NA,1,2024-08-18 09:00:00,101.49,10.34913828
"419",419,"2024-08-18 10:00:00",22,22,100,0,NA,0,0,NA,1017,NA,1,2024-08-18 10:00:00,101.7,10.3705524
"420",420,"2024-08-18 11:00:00",22,22,100,0,NA,150,5.4,NA,1017,NA,2,2024-08-18 11:00:00,101.7,10.3705524
"421",421,"2024-08-18 12:00:00",24,24,100,0,NA,160,5.4,NA,1017,NA,2,2024-08-18 12:00:00,101.7,10.3705524
"422",422,"2024-08-18 13:00:00",27,27,100,0,NA,91,6.5,NA,1018,NA,1,2024-08-18 13:00:00,101.8,10.3807496
"423",423,"2024-08-18 14:00:00",29,27,89,0,NA,0,0,NA,1018,NA,1,2024-08-18 14:00:00,101.8,10.3807496
"424",424,"2024-08-18 15:00:00",31,28,84,0,NA,109,5.4,NA,1018,NA,1,2024-08-18 15:00:00,101.8,10.3807496
"425",425,"2024-08-18 16:00:00",33,28,75,0,NA,180,7.6,NA,1017,NA,1,2024-08-18 16:00:00,101.7,10.3705524
"426",426,"2024-08-18 17:00:00",34,27,67,0,NA,278,7.6,NA,1017,NA,1,2024-08-18 17:00:00,101.7,10.3705524
"427",427,"2024-08-18 18:00:00",35,28,67,0.1,NA,350,11,NA,1017,NA,17,2024-08-18 18:00:00,101.7,10.3705524
"428",428,"2024-08-18 19:00:00",35,26.9,63,2.7,NA,230,13,NA,1016,NA,18,2024-08-18 19:00:00,101.6,10.3603552
"429",429,"2024-08-18 20:00:00",36,27,60,0,NA,280,13,NA,1016,NA,3,2024-08-18 20:00:00,101.6,10.3603552
"430",430,"2024-08-18 21:00:00",34,28.9,75,0.3,NA,30,11.2,NA,1016,NA,17,2024-08-18 21:00:00,101.6,10.3603552
"431",431,"2024-08-18 22:00:00",33,29.1,80,0,NA,30,13,NA,1015,NA,2,2024-08-18 22:00:00,101.5,10.350158
"432",432,"2024-08-18 23:00:00",24,24,100,0,NA,350,18.4,NA,1016,NA,3,2024-08-18 23:00:00,101.6,10.3603552
"433",433,"2024-08-19 00:00:00",23,23,100,0,NA,170,11.2,NA,1016,NA,3,2024-08-19,101.6,10.3603552
"434",434,"2024-08-19 01:00:00",23,23,100,0,NA,110,7.6,NA,1017,NA,3,2024-08-19 01:00:00,101.7,10.3705524
"435",435,"2024-08-19 02:00:00",25.6,24.9,96,0,NA,171,5,NA,1014.9,NA,3,2024-08-19 02:00:00,101.49,10.34913828
"436",436,"2024-08-19 03:00:00",25.3,24.6,96,0,NA,79,5,NA,1015.8,NA,3,2024-08-19 03:00:00,101.58,10.35831576
"437",437,"2024-08-19 04:00:00",23.6,22,91,0,NA,132,9.7,NA,1016.1,NA,3,2024-08-19 04:00:00,101.61,10.36137492
"438",438,"2024-08-19 05:00:00",23.2,22,93,0,NA,84,10.4,NA,1016.4,NA,2,2024-08-19 05:00:00,101.64,10.36443408
"439",439,"2024-08-19 06:00:00",22.9,21.2,90,0,NA,76,13,NA,1017,NA,2,2024-08-19 06:00:00,101.7,10.3705524
"440",440,"2024-08-19 07:00:00",22.7,20,85,0,NA,68,17.6,NA,1017.1,NA,3,2024-08-19 07:00:00,101.71,10.37157212
"441",441,"2024-08-19 08:00:00",22.3,19.3,83,0,NA,92,11.9,NA,1016.2,NA,3,2024-08-19 08:00:00,101.62,10.36239464
"442",442,"2024-08-19 09:00:00",21.6,20.1,91,0,NA,5,9.7,NA,1018.9,NA,1,2024-08-19 09:00:00,101.89,10.38992708
"443",443,"2024-08-19 10:00:00",21,21,100,0.3,NA,150,5.4,NA,1019,NA,8,2024-08-19 10:00:00,101.9,10.3909468
"444",444,"2024-08-19 11:00:00",21,21,100,0.5,NA,80,7,NA,1019,NA,8,2024-08-19 11:00:00,101.9,10.3909468
"445",445,"2024-08-19 12:00:00",21,21,100,0,NA,100,5.4,NA,1020,NA,3,2024-08-19 12:00:00,102,10.401144
"446",446,"2024-08-19 13:00:00",22,22,100,0,NA,0,0,NA,1020,NA,3,2024-08-19 13:00:00,102,10.401144
"447",447,"2024-08-19 14:00:00",23,23,100,0,NA,90,9.4,NA,1020,NA,3,2024-08-19 14:00:00,102,10.401144
"448",448,"2024-08-19 15:00:00",24,24,100,0,NA,80,7.6,NA,1021,NA,3,2024-08-19 15:00:00,102.1,10.4113412
"449",449,"2024-08-19 16:00:00",24.3,18.9,72,0,NA,76,10.4,NA,1019.3,NA,3,2024-08-19 16:00:00,101.93,10.39400596
"450",450,"2024-08-19 17:00:00",25.5,18.9,67,0,NA,78,7.6,NA,1018.9,NA,3,2024-08-19 17:00:00,101.89,10.38992708
"451",451,"2024-08-19 18:00:00",26.4,19.3,65,0,NA,64,7.2,NA,1018.3,NA,3,2024-08-19 18:00:00,101.83,10.38380876
"452",452,"2024-08-19 19:00:00",26.2,20.1,69,0,NA,55,11.2,NA,1018.4,NA,3,2024-08-19 19:00:00,101.84,10.38482848
"453",453,"2024-08-19 20:00:00",27.1,18.9,61,0,NA,52,11.2,NA,1017.8,NA,2,2024-08-19 20:00:00,101.78,10.37871016
"454",454,"2024-08-19 21:00:00",28,22,70,0,NA,60,13,NA,1019,NA,1,2024-08-19 21:00:00,101.9,10.3909468
"455",455,"2024-08-19 22:00:00",27,24.1,84,0,NA,80,7.6,NA,1019,NA,1,2024-08-19 22:00:00,101.9,10.3909468
"456",456,"2024-08-19 23:00:00",27,23,79,0,NA,60,7.6,NA,1019,NA,1,2024-08-19 23:00:00,101.9,10.3909468
"457",457,"2024-08-20 00:00:00",26,23.1,84,0,NA,0,0,NA,1019,NA,1,2024-08-20,101.9,10.3909468
"458",458,"2024-08-20 01:00:00",25,25,100,0,NA,0,0,NA,1019,NA,1,2024-08-20 01:00:00,101.9,10.3909468
"459",459,"2024-08-20 02:00:00",23,20.5,86,0,NA,86,6.8,NA,1017.6,NA,1,2024-08-20 02:00:00,101.76,10.37667072
"460",460,"2024-08-20 03:00:00",23,20.2,84,0,NA,38,11.5,NA,1018.5,NA,1,2024-08-20 03:00:00,101.85,10.3858482
"461",461,"2024-08-20 04:00:00",22.6,18.8,79,0,NA,48,12.6,NA,1019,NA,1,2024-08-20 04:00:00,101.9,10.3909468
"462",462,"2024-08-20 05:00:00",21.6,18.4,82,0,NA,63,10.4,NA,1019.3,NA,1,2024-08-20 05:00:00,101.93,10.39400596
"463",463,"2024-08-20 06:00:00",20.8,18.4,86,0,NA,70,10.1,NA,1019.3,NA,1,2024-08-20 06:00:00,101.93,10.39400596
"464",464,"2024-08-20 07:00:00",20.4,18,86,0,NA,74,10.4,NA,1019.1,NA,1,2024-08-20 07:00:00,101.91,10.39196652
"465",465,"2024-08-20 08:00:00",20,17.8,87,0,NA,79,11.2,NA,1019.1,NA,2,2024-08-20 08:00:00,101.91,10.39196652
"466",466,"2024-08-20 09:00:00",19.6,17.4,87,0,NA,84,10.8,NA,1019.3,NA,2,2024-08-20 09:00:00,101.93,10.39400596
"467",467,"2024-08-20 10:00:00",19.3,17.8,0,0,NA,100,7.6,NA,1021,NA,1,2024-08-20 10:00:00,102.1,10.4113412
"468",468,"2024-08-20 11:00:00",19,19,100,0,NA,80,7,NA,1021,NA,1,2024-08-20 11:00:00,102.1,10.4113412
"469",469,"2024-08-20 12:00:00",20,20,100,0,NA,80,9.4,NA,1022,NA,1,2024-08-20 12:00:00,102.2,10.4215384
"470",470,"2024-08-20 13:00:00",21,21,100,0,NA,80,13,NA,1022,NA,1,2024-08-20 13:00:00,102.2,10.4215384
"471",471,"2024-08-20 14:00:00",22,22,100,0,NA,80,17,NA,1023,NA,1,2024-08-20 14:00:00,102.3,10.4317356
"472",472,"2024-08-20 15:00:00",24,22.1,89,0,NA,90,11.2,NA,1023,NA,1,2024-08-20 15:00:00,102.3,10.4317356
"473",473,"2024-08-20 16:00:00",25,22.1,84,0,NA,60,11,NA,1023,NA,1,2024-08-20 16:00:00,102.3,10.4317356
"474",474,"2024-08-20 17:00:00",26,22.1,79,0,NA,80,11.2,NA,1022,NA,1,2024-08-20 17:00:00,102.2,10.4215384
"475",475,"2024-08-20 18:00:00",26,21,74,0,NA,80,16.6,NA,1021,NA,2,2024-08-20 18:00:00,102.1,10.4113412
"476",476,"2024-08-20 19:00:00",26,21,74,0,NA,130,11.2,NA,1020,NA,2,2024-08-20 19:00:00,102,10.401144
"477",477,"2024-08-20 20:00:00",27,21.1,70,0,NA,60,11.2,NA,1020,NA,3,2024-08-20 20:00:00,102,10.401144
"478",478,"2024-08-20 21:00:00",27,21.1,70,0,NA,60,13,NA,1020,NA,3,2024-08-20 21:00:00,102,10.401144
"479",479,"2024-08-20 22:00:00",27,21.1,70,0,NA,50,11.2,NA,1020,NA,2,2024-08-20 22:00:00,102,10.401144
"480",480,"2024-08-20 23:00:00",26,20.1,70,0,NA,80,11.2,NA,1019,NA,1,2024-08-20 23:00:00,101.9,10.3909468
"481",481,"2024-08-21 00:00:00",25,20,74,0,NA,80,7.6,NA,1020,NA,1,2024-08-21,102,10.401144
"482",482,"2024-08-21 01:00:00",23,20,83,0,NA,80,7.6,NA,1020,NA,1,2024-08-21 01:00:00,102,10.401144
"483",483,"2024-08-21 02:00:00",21.4,14.5,65,0,NA,94,11.5,NA,1018.8,NA,1,2024-08-21 02:00:00,101.88,10.38890736
"484",484,"2024-08-21 03:00:00",20.5,14.6,69,0,NA,106,10.8,NA,1019.8,NA,1,2024-08-21 03:00:00,101.98,10.39910456
"485",485,"2024-08-21 04:00:00",19.8,14.6,72,0,NA,104,10.4,NA,1020.5,NA,1,2024-08-21 04:00:00,102.05,10.4062426
"486",486,"2024-08-21 05:00:00",19.4,14.2,72,0,NA,93,11.2,NA,1020.7,NA,1,2024-08-21 05:00:00,102.07,10.40828204
"487",487,"2024-08-21 06:00:00",19.1,13.7,71,0,NA,99,11.9,NA,1020.7,NA,1,2024-08-21 06:00:00,102.07,10.40828204
"488",488,"2024-08-21 07:00:00",18.9,13.7,72,0,NA,106,11.5,NA,1020.7,NA,1,2024-08-21 07:00:00,102.07,10.40828204
"489",489,"2024-08-21 08:00:00",18.5,13.6,73,0,NA,110,10.4,NA,1020.5,NA,1,2024-08-21 08:00:00,102.05,10.4062426
"490",490,"2024-08-21 09:00:00",18.1,13.6,75,0,NA,101,10.1,NA,1020.5,NA,1,2024-08-21 09:00:00,102.05,10.4062426
"491",491,"2024-08-21 10:00:00",17,17,100,0,NA,70,6,NA,1022,NA,1,2024-08-21 10:00:00,102.2,10.4215384
"492",492,"2024-08-21 11:00:00",17,17,100,0,NA,100,9.4,NA,1022,NA,1,2024-08-21 11:00:00,102.2,10.4215384
"493",493,"2024-08-21 12:00:00",18,18,100,0,NA,100,9.4,NA,1023,NA,1,2024-08-21 12:00:00,102.3,10.4317356
"494",494,"2024-08-21 13:00:00",20,18,88,0,NA,110,9.4,NA,1023,NA,1,2024-08-21 13:00:00,102.3,10.4317356
"495",495,"2024-08-21 14:00:00",22,18,78,0,NA,110,11.2,NA,1023,NA,1,2024-08-21 14:00:00,102.3,10.4317356
"496",496,"2024-08-21 15:00:00",23,18.1,74,0,NA,130,9,NA,1022,NA,1,2024-08-21 15:00:00,102.2,10.4215384
"497",497,"2024-08-21 16:00:00",25,18.9,69,0,NA,90,11.2,NA,1022,NA,1,2024-08-21 16:00:00,102.2,10.4215384
"498",498,"2024-08-21 17:00:00",26,20.1,70,0,NA,80,11.2,NA,1022,NA,1,2024-08-21 17:00:00,102.2,10.4215384
"499",499,"2024-08-21 18:00:00",27,19.1,62,0,NA,60,7.6,NA,1021,NA,1,2024-08-21 18:00:00,102.1,10.4113412
"500",500,"2024-08-21 19:00:00",28,20,62,0,NA,90,11.2,NA,1021,NA,1,2024-08-21 19:00:00,102.1,10.4113412
"501",501,"2024-08-21 20:00:00",28,20,62,0,NA,80,13,NA,1020,NA,1,2024-08-21 20:00:00,102,10.401144
"502",502,"2024-08-21 21:00:00",28,19,58,0,NA,80,16.6,NA,1020,NA,1,2024-08-21 21:00:00,102,10.401144
"503",503,"2024-08-21 22:00:00",28,19,58,0,NA,80,9.4,NA,1019,NA,1,2024-08-21 22:00:00,101.9,10.3909468
"504",504,"2024-08-21 23:00:00",27,19.1,62,0,NA,60,11.2,NA,1019,NA,1,2024-08-21 23:00:00,101.9,10.3909468
"505",505,"2024-08-22 00:00:00",25,18.9,69,0,NA,80,11.2,NA,1019,NA,1,2024-08-22,101.9,10.3909468
"506",506,"2024-08-22 01:00:00",24,19.1,74,0,NA,80,9.4,NA,1020,NA,1,2024-08-22 01:00:00,102,10.401144
"507",507,"2024-08-22 02:00:00",21.5,15.1,67,0,NA,87,13.7,NA,1018.7,NA,1,2024-08-22 02:00:00,101.87,10.38788764
"508",508,"2024-08-22 03:00:00",20.6,14,66,0,NA,97,11.5,NA,1019.9,NA,1,2024-08-22 03:00:00,101.99,10.40012428
"509",509,"2024-08-22 04:00:00",19.8,13.5,67,0,NA,97,11.2,NA,1020.3,NA,1,2024-08-22 04:00:00,102.03,10.40420316
"510",510,"2024-08-22 05:00:00",19.2,13.4,69,0,NA,99,11.9,NA,1020.5,NA,1,2024-08-22 05:00:00,102.05,10.4062426
"511",511,"2024-08-22 06:00:00",18.7,13.1,70,0,NA,104,13,NA,1020.1,NA,1,2024-08-22 06:00:00,102.01,10.40216372
"512",512,"2024-08-22 07:00:00",18.2,13.1,72,0,NA,105,11.9,NA,1020.2,NA,1,2024-08-22 07:00:00,102.02,10.40318344
"513",513,"2024-08-22 08:00:00",17.4,13.1,76,0,NA,103,11.9,NA,1020.2,NA,2,2024-08-22 08:00:00,102.02,10.40318344
"514",514,"2024-08-22 09:00:00",16.8,12.7,77,0,NA,100,11.5,NA,1020.5,NA,3,2024-08-22 09:00:00,102.05,10.4062426
"515",515,"2024-08-22 10:00:00",17,17,100,0,NA,80,11,NA,1021,NA,3,2024-08-22 10:00:00,102.1,10.4113412
"516",516,"2024-08-22 11:00:00",16,16,100,0,NA,90,9.4,NA,1022,NA,3,2024-08-22 11:00:00,102.2,10.4215384
"517",517,"2024-08-22 12:00:00",17,17,100,0,NA,90,11,NA,1022,NA,1,2024-08-22 12:00:00,102.2,10.4215384
"518",518,"2024-08-22 13:00:00",19,17,88,0,NA,90,11.2,NA,1022,NA,1,2024-08-22 13:00:00,102.2,10.4215384
"519",519,"2024-08-22 14:00:00",21,17,78,0,NA,90,13,NA,1023,NA,1,2024-08-22 14:00:00,102.3,10.4317356
"520",520,"2024-08-22 15:00:00",22,18,78,0,NA,90,9,NA,1023,NA,1,2024-08-22 15:00:00,102.3,10.4317356
"521",521,"2024-08-22 16:00:00",24,19.1,74,0,NA,110,5.4,NA,1023,NA,3,2024-08-22 16:00:00,102.3,10.4317356
"522",522,"2024-08-22 17:00:00",24,19.1,74,0,NA,80,11.2,NA,1022,NA,3,2024-08-22 17:00:00,102.2,10.4215384
"523",523,"2024-08-22 18:00:00",26,17.9,61,0,NA,10,14.8,NA,1019,NA,3,2024-08-22 18:00:00,101.9,10.3909468
"524",524,"2024-08-22 19:00:00",26,17.9,61,0,NA,90,18.4,NA,1019,NA,3,2024-08-22 19:00:00,101.9,10.3909468
"525",525,"2024-08-22 20:00:00",27,18,58,0,NA,90,11.2,NA,1020,NA,3,2024-08-22 20:00:00,102,10.401144
"526",526,"2024-08-22 21:00:00",27,18,58,0,NA,60,15,NA,1020,NA,3,2024-08-22 21:00:00,102,10.401144
"527",527,"2024-08-22 22:00:00",26,17.9,61,0,NA,80,11.2,NA,1020,NA,1,2024-08-22 22:00:00,102,10.401144
"528",528,"2024-08-22 23:00:00",25,18,65,0,NA,90,11.2,NA,1020,NA,3,2024-08-22 23:00:00,102,10.401144
"529",529,"2024-08-23 00:00:00",24,18,69,0,NA,110,7,NA,1020,NA,3,2024-08-23,102,10.401144
"530",530,"2024-08-23 01:00:00",22,19,83,0,NA,90,7.6,NA,1020,NA,3,2024-08-23 01:00:00,102,10.401144
"531",531,"2024-08-23 02:00:00",20.7,13.4,63,0,NA,114,11.5,NA,1018.6,NA,2,2024-08-23 02:00:00,101.86,10.38686792
"532",532,"2024-08-23 03:00:00",20,13.2,65,0,NA,116,11.9,NA,1019.1,NA,1,2024-08-23 03:00:00,101.91,10.39196652
"533",533,"2024-08-23 04:00:00",19.2,12.9,67,0,NA,118,10.8,NA,1019.4,NA,1,2024-08-23 04:00:00,101.94,10.39502568
"534",534,"2024-08-23 05:00:00",18.7,12.9,69,0,NA,114,9.7,NA,1019.9,NA,1,2024-08-23 05:00:00,101.99,10.40012428
"535",535,"2024-08-23 06:00:00",18.2,12.6,70,0,NA,111,10.8,NA,1020.3,NA,1,2024-08-23 06:00:00,102.03,10.40420316
"536",536,"2024-08-23 07:00:00",17.9,12.6,71,0,NA,114,10.8,NA,1019.9,NA,1,2024-08-23 07:00:00,101.99,10.40012428
"537",537,"2024-08-23 08:00:00",17.6,12.7,73,0,NA,114,10.8,NA,1019.7,NA,1,2024-08-23 08:00:00,101.97,10.39808484
"538",538,"2024-08-23 09:00:00",17.4,12.5,73,0,NA,112,10.4,NA,1019.4,NA,1,2024-08-23 09:00:00,101.94,10.39502568
"539",539,"2024-08-23 10:00:00",17,17,100,0,NA,80,5.4,NA,1021,NA,1,2024-08-23 10:00:00,102.1,10.4113412
"540",540,"2024-08-23 11:00:00",17,17,100,0,NA,100,9,NA,1021,NA,1,2024-08-23 11:00:00,102.1,10.4113412
"541",541,"2024-08-23 12:00:00",18,17,94,0,NA,70,7.6,NA,1022,NA,1,2024-08-23 12:00:00,102.2,10.4215384
"542",542,"2024-08-23 13:00:00",21,17,78,0,NA,100,9.4,NA,1022,NA,1,2024-08-23 13:00:00,102.2,10.4215384
"543",543,"2024-08-23 14:00:00",24,18,69,0,NA,120,9.4,NA,1020.3,NA,1,2024-08-23 14:00:00,102.03,10.40420316
"544",544,"2024-08-23 15:00:00",24.5,16.7,62,0,NA,121,9.4,NA,1019.7,NA,3,2024-08-23 15:00:00,101.97,10.39808484
"545",545,"2024-08-23 16:00:00",27.2,17.4,55,0,NA,138,11.2,NA,1019.2,NA,3,2024-08-23 16:00:00,101.92,10.39298624
"546",546,"2024-08-23 17:00:00",30,21.9,62,0,NA,160,9.4,NA,1018.8,NA,3,2024-08-23 17:00:00,101.88,10.38890736
"547",547,"2024-08-23 18:00:00",31,23.1,63,0,NA,180,24.1,NA,1018.5,NA,3,2024-08-23 18:00:00,101.85,10.3858482
"548",548,"2024-08-23 19:00:00",31.5,17.8,44,0,NA,150,13,NA,1017.5,NA,3,2024-08-23 19:00:00,101.75,10.375651
"549",549,"2024-08-23 20:00:00",31,23.1,63,0,NA,170,13,NA,1016.8,NA,2,2024-08-23 20:00:00,101.68,10.36851296
"550",550,"2024-08-23 21:00:00",30,21.9,62,0,NA,150,17,NA,1019,NA,3,2024-08-23 21:00:00,101.9,10.3909468
"551",551,"2024-08-23 22:00:00",30,21.9,62,0,NA,140,9.4,NA,1019,NA,3,2024-08-23 22:00:00,101.9,10.3909468
"552",552,"2024-08-23 23:00:00",29,22,66,0,NA,140,9.4,NA,1019,NA,1,2024-08-23 23:00:00,101.9,10.3909468
"553",553,"2024-08-24 00:00:00",28.2,19.2,58,0,NA,146,10.4,NA,1016.6,NA,1,2024-08-24,101.66,10.36647352
"554",554,"2024-08-24 01:00:00",27,22,74,0,NA,110,7.6,NA,1019,NA,1,2024-08-24 01:00:00,101.9,10.3909468
"555",555,"2024-08-24 02:00:00",25.2,18.2,65,0,NA,131,11.5,NA,1017,NA,1,2024-08-24 02:00:00,101.7,10.3705524
"556",556,"2024-08-24 03:00:00",24.7,17.7,65,0,NA,140,12.6,NA,1017.6,NA,1,2024-08-24 03:00:00,101.76,10.37667072
"557",557,"2024-08-24 04:00:00",24.4,17.2,64,0,NA,141,11.9,NA,1017.8,NA,1,2024-08-24 04:00:00,101.78,10.37871016
"558",558,"2024-08-24 05:00:00",23.6,17.6,69,0,NA,142,11.9,NA,1018.1,NA,3,2024-08-24 05:00:00,101.81,10.38176932
"559",559,"2024-08-24 06:00:00",23.7,17.2,67,0,NA,148,12.6,NA,1018.3,NA,3,2024-08-24 06:00:00,101.83,10.38380876
"560",560,"2024-08-24 07:00:00",23.4,16.9,67,0,NA,142,12.2,NA,1018.2,NA,2,2024-08-24 07:00:00,101.82,10.38278904
"561",561,"2024-08-24 08:00:00",22.9,16.7,68,0,NA,145,12.6,NA,1018.3,NA,2,2024-08-24 08:00:00,101.83,10.38380876
"562",562,"2024-08-24 09:00:00",22.8,16.8,69,0,NA,161,13.7,NA,1018.1,NA,1,2024-08-24 09:00:00,101.81,10.38176932
"563",563,"2024-08-24 10:00:00",24,23,94,0,NA,120,9.4,NA,1020,NA,3,2024-08-24 10:00:00,102,10.401144
"564",564,"2024-08-24 11:00:00",24,23,94,0,NA,140,7.6,NA,1021,NA,1,2024-08-24 11:00:00,102.1,10.4113412
"565",565,"2024-08-24 12:00:00",25,24,94,0,NA,150,7.6,NA,1021,NA,3,2024-08-24 12:00:00,102.1,10.4113412
"566",566,"2024-08-24 13:00:00",26,25,94,0,NA,150,9.4,NA,1021,NA,2,2024-08-24 13:00:00,102.1,10.4113412
"567",567,"2024-08-24 14:00:00",28,26,89,0,NA,180,19,NA,1021,NA,1,2024-08-24 14:00:00,102.1,10.4113412
"568",568,"2024-08-24 15:00:00",30,26,79,0,NA,190,16.6,NA,1021,NA,3,2024-08-24 15:00:00,102.1,10.4113412
"569",569,"2024-08-24 16:00:00",29,26,84,3.1,NA,170,15,NA,1021,NA,9,2024-08-24 16:00:00,102.1,10.4113412
"570",570,"2024-08-24 17:00:00",29,26,84,0,NA,200,22.3,NA,1021,NA,3,2024-08-24 17:00:00,102.1,10.4113412
"571",571,"2024-08-24 18:00:00",30,26,79,0.3,NA,130,13,NA,1021,NA,8,2024-08-24 18:00:00,102.1,10.4113412
"572",572,"2024-08-24 19:00:00",31,26.9,79,0,NA,100,15,NA,1021,NA,3,2024-08-24 19:00:00,102.1,10.4113412
"573",573,"2024-08-24 20:00:00",31,26.9,79,0,NA,120,22.3,NA,1020,NA,3,2024-08-24 20:00:00,102,10.401144
"574",574,"2024-08-24 21:00:00",31,26.9,79,0,NA,150,24.1,NA,1020,NA,3,2024-08-24 21:00:00,102,10.401144
"575",575,"2024-08-24 22:00:00",31,26.9,79,0,NA,170,26,NA,1019,NA,3,2024-08-24 22:00:00,101.9,10.3909468
"576",576,"2024-08-24 23:00:00",31,26,75,0,NA,180,22.3,NA,1018,NA,3,2024-08-24 23:00:00,101.8,10.3807496
"577",577,"2024-08-25 00:00:00",29,26,84,0,NA,190,17,NA,1019,NA,3,2024-08-25,101.9,10.3909468
"578",578,"2024-08-25 01:00:00",28,26,89,0,NA,0,0,NA,1019,NA,3,2024-08-25 01:00:00,101.9,10.3909468
"579",579,"2024-08-25 02:00:00",25.9,21.6,77,0,NA,161,11.2,NA,1017.2,NA,3,2024-08-25 02:00:00,101.72,10.37259184
"580",580,"2024-08-25 03:00:00",25.3,20.8,76,0,NA,157,11.5,NA,1017.8,NA,3,2024-08-25 03:00:00,101.78,10.37871016
"581",581,"2024-08-25 04:00:00",25.2,20.7,76,0,NA,156,13.3,NA,1018,NA,2,2024-08-25 04:00:00,101.8,10.3807496
"582",582,"2024-08-25 05:00:00",25.2,20.7,76,0,NA,165,14,NA,1018.1,NA,1,2024-08-25 05:00:00,101.81,10.38176932
"583",583,"2024-08-25 06:00:00",25.1,21,78,0,NA,167,14.4,NA,1018.4,NA,1,2024-08-25 06:00:00,101.84,10.38482848
"584",584,"2024-08-25 07:00:00",24.8,21.1,80,0,NA,166,13.3,NA,1018.5,NA,1,2024-08-25 07:00:00,101.85,10.3858482
"585",585,"2024-08-25 08:00:00",24.4,21.1,82,0,NA,167,13,NA,1018.7,NA,1,2024-08-25 08:00:00,101.87,10.38788764
"586",586,"2024-08-25 09:00:00",24.1,20.6,81,0,NA,168,13,NA,1018.9,NA,1,2024-08-25 09:00:00,101.89,10.38992708
"587",587,"2024-08-25 10:00:00",23.7,20,80,0,NA,167,11.9,NA,1019.1,NA,1,2024-08-25 10:00:00,101.91,10.39196652
"588",588,"2024-08-25 11:00:00",23.3,19.5,79,0,NA,164,11.9,NA,1019.7,NA,1,2024-08-25 11:00:00,101.97,10.39808484
"589",589,"2024-08-25 12:00:00",23,18.5,76,0,NA,164,11.9,NA,1020.1,NA,1,2024-08-25 12:00:00,102.01,10.40216372
"590",590,"2024-08-25 13:00:00",23.8,18.9,74,0,NA,166,12.6,NA,1020.6,NA,1,2024-08-25 13:00:00,102.06,10.40726232
"591",591,"2024-08-25 14:00:00",25.6,19.7,70,0,NA,167,9.7,NA,1021.1,NA,1,2024-08-25 14:00:00,102.11,10.41236092
"592",592,"2024-08-25 15:00:00",27.7,20,63,0,NA,173,10.4,NA,1021.3,NA,1,2024-08-25 15:00:00,102.13,10.41440036
"593",593,"2024-08-25 16:00:00",29.5,20.4,58,0,NA,182,10.8,NA,1021.2,NA,1,2024-08-25 16:00:00,102.12,10.41338064
"594",594,"2024-08-25 17:00:00",31,20.3,53,0,NA,189,10.4,NA,1021,NA,1,2024-08-25 17:00:00,102.1,10.4113412
"595",595,"2024-08-25 18:00:00",32.2,20.1,49,0,NA,192,9.7,NA,1020.4,NA,1,2024-08-25 18:00:00,102.04,10.40522288
"596",596,"2024-08-25 19:00:00",33,20.2,47,0,NA,193,8.6,NA,1019.7,NA,1,2024-08-25 19:00:00,101.97,10.39808484
"597",597,"2024-08-25 20:00:00",33.5,20.3,46,0,NA,191,7.2,NA,1018.8,NA,1,2024-08-25 20:00:00,101.88,10.38890736
"598",598,"2024-08-25 21:00:00",33.7,20.5,46,0,NA,179,6.5,NA,1018,NA,1,2024-08-25 21:00:00,101.8,10.3807496
"599",599,"2024-08-25 22:00:00",33.4,20.6,47,0,NA,158,6.8,NA,1017.5,NA,1,2024-08-25 22:00:00,101.75,10.375651
"600",600,"2024-08-25 23:00:00",32.3,21.8,54,0,NA,166,7.6,NA,1017.2,NA,1,2024-08-25 23:00:00,101.72,10.37259184
"601",601,"2024-08-26 00:00:00",30.4,22.8,64,0,NA,195,8.6,NA,1017.6,NA,1,2024-08-26,101.76,10.37667072
"602",602,"2024-08-26 01:00:00",28.2,22.2,70,0,NA,185,10.8,NA,1018.2,NA,1,2024-08-26 01:00:00,101.82,10.38278904
"603",603,"2024-08-26 02:00:00",27,21.7,73,0,NA,174,10.4,NA,1019.2,NA,1,2024-08-26 02:00:00,101.92,10.39298624
"604",604,"2024-08-26 03:00:00",26.1,20.7,72,0,NA,160,9.7,NA,1019.9,NA,1,2024-08-26 03:00:00,101.99,10.40012428
"605",605,"2024-08-26 04:00:00",25.2,19.6,71,0,NA,160,10.1,NA,1020.1,NA,1,2024-08-26 04:00:00,102.01,10.40216372
"606",606,"2024-08-26 05:00:00",24.8,18.3,67,0,NA,161,10.8,NA,1020.1,NA,1,2024-08-26 05:00:00,102.01,10.40216372
"607",607,"2024-08-26 06:00:00",24.5,16.5,61,0,NA,158,10.8,NA,1020.2,NA,1,2024-08-26 06:00:00,102.02,10.40318344
"608",608,"2024-08-26 07:00:00",24,15.5,59,0,NA,165,10.8,NA,1020.2,NA,1,2024-08-26 07:00:00,102.02,10.40318344
"609",609,"2024-08-26 08:00:00",23.6,15.1,59,0,NA,164,10.8,NA,1020.1,NA,1,2024-08-26 08:00:00,102.01,10.40216372
"610",610,"2024-08-26 09:00:00",23.4,14.9,59,0,NA,165,10.1,NA,1020.1,NA,1,2024-08-26 09:00:00,102.01,10.40216372
"611",611,"2024-08-26 10:00:00",23.2,15.3,61,0,NA,167,9.4,NA,1020.1,NA,1,2024-08-26 10:00:00,102.01,10.40216372
"612",612,"2024-08-26 11:00:00",22.8,15.9,65,0,NA,168,7.9,NA,1020.2,NA,1,2024-08-26 11:00:00,102.02,10.40318344
"613",613,"2024-08-26 12:00:00",22.5,16.1,67,0,NA,166,8.3,NA,1020.5,NA,1,2024-08-26 12:00:00,102.05,10.4062426
"614",614,"2024-08-26 13:00:00",23.5,17.7,70,0,NA,170,8.6,NA,1021.1,NA,1,2024-08-26 13:00:00,102.11,10.41236092
"615",615,"2024-08-26 14:00:00",25.8,19.2,67,0,NA,177,6.1,NA,1021.3,NA,1,2024-08-26 14:00:00,102.13,10.41440036
"616",616,"2024-08-26 15:00:00",28.2,19.2,58,0,NA,194,6.1,NA,1021.4,NA,1,2024-08-26 15:00:00,102.14,10.41542008
"617",617,"2024-08-26 16:00:00",30.3,19,51,0,NA,212,6.8,NA,1021.4,NA,1,2024-08-26 16:00:00,102.14,10.41542008
"618",618,"2024-08-26 17:00:00",31.8,18.4,45,0,NA,224,6.1,NA,1021,NA,1,2024-08-26 17:00:00,102.1,10.4113412
"619",619,"2024-08-26 18:00:00",32.8,18.6,43,0,NA,221,4,NA,1020.1,NA,1,2024-08-26 18:00:00,102.01,10.40216372
"620",620,"2024-08-26 19:00:00",33.7,19,42,0,NA,162,3.2,NA,1019.5,NA,1,2024-08-26 19:00:00,101.95,10.3960454
"621",621,"2024-08-26 20:00:00",34.3,18.8,40,0,NA,128,4.3,NA,1018.6,NA,2,2024-08-26 20:00:00,101.86,10.38686792
"622",622,"2024-08-26 21:00:00",34.3,18.8,40,0,NA,122,5.8,NA,1017.8,NA,2,2024-08-26 21:00:00,101.78,10.37871016
"623",623,"2024-08-26 22:00:00",33.5,18.8,42,0,NA,104,8.3,NA,1017.4,NA,3,2024-08-26 22:00:00,101.74,10.37463128
"624",624,"2024-08-26 23:00:00",32.5,20.4,49,0,NA,78,6.5,NA,1017.1,NA,2,2024-08-26 23:00:00,101.71,10.37157212
"625",625,"2024-08-27 00:00:00",29.9,23.4,68,0,NA,67,5,NA,1016.9,NA,2,2024-08-27,101.69,10.36953268
"626",626,"2024-08-27 01:00:00",28.2,22.9,73,0,NA,152,11.5,NA,1017,NA,2,2024-08-27 01:00:00,101.7,10.3705524
"627",627,"2024-08-27 02:00:00",26.9,21.7,73,0,NA,184,9.4,NA,1017.7,NA,2,2024-08-27 02:00:00,101.77,10.37769044
"628",628,"2024-08-27 03:00:00",25.7,21.4,77,0,NA,167,6.8,NA,1018.3,NA,2,2024-08-27 03:00:00,101.83,10.38380876
"629",629,"2024-08-27 04:00:00",25.1,19.9,73,0,NA,157,8.6,NA,1018.5,NA,1,2024-08-27 04:00:00,101.85,10.3858482
"630",630,"2024-08-27 05:00:00",24.6,18.5,69,0,NA,165,9.4,NA,1018.6,NA,1,2024-08-27 05:00:00,101.86,10.38686792
"631",631,"2024-08-27 06:00:00",24.2,17.2,65,0,NA,165,9.7,NA,1018.7,NA,1,2024-08-27 06:00:00,101.87,10.38788764
"632",632,"2024-08-27 07:00:00",23.7,16.7,65,0,NA,168,10.4,NA,1018.8,NA,1,2024-08-27 07:00:00,101.88,10.38890736
"633",633,"2024-08-27 08:00:00",23.4,16.2,64,0,NA,183,9.7,NA,1018.8,NA,1,2024-08-27 08:00:00,101.88,10.38890736
"634",634,"2024-08-27 09:00:00",23.1,16.6,67,0,NA,192,9.7,NA,1018.8,NA,1,2024-08-27 09:00:00,101.88,10.38890736
"635",635,"2024-08-27 10:00:00",22.9,16.9,69,0,NA,201,8.3,NA,1018.7,NA,1,2024-08-27 10:00:00,101.87,10.38788764
"636",636,"2024-08-27 11:00:00",22.4,17.3,73,0,NA,193,7.9,NA,1018.7,NA,1,2024-08-27 11:00:00,101.87,10.38788764
"637",637,"2024-08-27 12:00:00",22.1,17.5,75,0,NA,190,7.9,NA,1018.8,NA,1,2024-08-27 12:00:00,101.88,10.38890736
"638",638,"2024-08-27 13:00:00",23.2,18.7,76,0,NA,196,7.6,NA,1019.2,NA,1,2024-08-27 13:00:00,101.92,10.39298624
"639",639,"2024-08-27 14:00:00",26,20.1,70,0,NA,218,5,NA,1019.4,NA,1,2024-08-27 14:00:00,101.94,10.39502568
"640",640,"2024-08-27 15:00:00",28.6,19.8,59,0,NA,235,6.5,NA,1019.4,NA,1,2024-08-27 15:00:00,101.94,10.39502568
"641",641,"2024-08-27 16:00:00",30.4,19.7,53,0,NA,254,6.8,NA,1019.5,NA,1,2024-08-27 16:00:00,101.95,10.3960454
"642",642,"2024-08-27 17:00:00",32,18.9,46,0,NA,268,6.5,NA,1019.3,NA,1,2024-08-27 17:00:00,101.93,10.39400596
"643",643,"2024-08-27 18:00:00",33,18.4,42,0,NA,274,5,NA,1018.6,NA,1,2024-08-27 18:00:00,101.86,10.38686792
"644",644,"2024-08-27 19:00:00",NA,NA,NA,NA,NA,NA,NA,NA,NA,NA,NA,2024-08-27 19:00:00,NA,NA
"645",645,"2024-08-27 20:00:00",NA,NA,NA,NA,NA,NA,NA,NA,NA,NA,NA,2024-08-27 20:00:00,NA,NA
"646",646,"2024-08-27 21:00:00",NA,NA,NA,NA,NA,NA,NA,NA,NA,NA,NA,2024-08-27 21:00:00,NA,NA
"647",647,"2024-08-27 22:00:00",NA,NA,NA,NA,NA,NA,NA,NA,NA,NA,NA,2024-08-27 22:00:00,NA,NA
"648",648,"2024-08-27 23:00:00",NA,NA,NA,NA,NA,NA,NA,NA,NA,NA,NA,2024-08-27 23:00:00,NA,NA
"649",649,"2024-08-28 00:00:00",29.1,21.9,65,NA,NA,63,6.5,NA,1016.1,NA,NA,2024-08-28,101.61,10.36137492
"650",650,"2024-08-28 01:00:00",NA,NA,NA,NA,NA,NA,NA,NA,NA,NA,NA,2024-08-28 01:00:00,NA,NA
"651",651,"2024-08-28 02:00:00",NA,NA,NA,NA,NA,NA,NA,NA,NA,NA,NA,2024-08-28 02:00:00,NA,NA
"652",652,"2024-08-28 03:00:00",NA,NA,NA,NA,NA,NA,NA,NA,NA,NA,NA,2024-08-28 03:00:00,NA,NA
"653",653,"2024-08-28 04:00:00",NA,NA,NA,NA,NA,NA,NA,NA,NA,NA,NA,2024-08-28 04:00:00,NA,NA
"654",654,"2024-08-28 05:00:00",NA,NA,NA,NA,NA,NA,NA,NA,NA,NA,NA,2024-08-28 05:00:00,NA,NA
"655",655,"2024-08-28 06:00:00",24,21.1,84,NA,NA,100,6.5,NA,1017.2,NA,NA,2024-08-28 06:00:00,101.72,10.37259184
"656",656,"2024-08-28 07:00:00",NA,NA,NA,NA,NA,NA,NA,NA,NA,NA,NA,2024-08-28 07:00:00,NA,NA
"657",657,"2024-08-28 08:00:00",NA,NA,NA,NA,NA,NA,NA,NA,NA,NA,NA,2024-08-28 08:00:00,NA,NA
"658",658,"2024-08-28 09:00:00",NA,NA,NA,NA,NA,NA,NA,NA,NA,NA,NA,2024-08-28 09:00:00,NA,NA
"659",659,"2024-08-28 10:00:00",NA,NA,NA,NA,NA,NA,NA,NA,NA,NA,NA,2024-08-28 10:00:00,NA,NA
"660",660,"2024-08-28 11:00:00",NA,NA,NA,NA,NA,NA,NA,NA,NA,NA,NA,2024-08-28 11:00:00,NA,NA
"661",661,"2024-08-28 12:00:00",22.3,18.7,80,NA,NA,165,4,NA,1017.3,NA,NA,2024-08-28 12:00:00,101.73,10.37361156
"662",662,"2024-08-28 13:00:00",NA,NA,NA,NA,NA,NA,NA,NA,NA,NA,NA,2024-08-28 13:00:00,NA,NA
"663",663,"2024-08-28 14:00:00",NA,NA,NA,NA,NA,NA,NA,NA,NA,NA,NA,2024-08-28 14:00:00,NA,NA
"664",664,"2024-08-28 15:00:00",NA,NA,NA,NA,NA,NA,NA,NA,NA,NA,NA,2024-08-28 15:00:00,NA,NA
"665",665,"2024-08-28 16:00:00",NA,NA,NA,NA,NA,NA,NA,NA,NA,NA,NA,2024-08-28 16:00:00,NA,NA
"666",666,"2024-08-28 17:00:00",NA,NA,NA,NA,NA,NA,NA,NA,NA,NA,NA,2024-08-28 17:00:00,NA,NA
"667",667,"2024-08-28 18:00:00",33.6,18.1,40,NA,NA,214,4.3,NA,1016.3,NA,NA,2024-08-28 18:00:00,101.63,10.36341436
"668",668,"2024-08-28 19:00:00",NA,NA,NA,NA,NA,NA,NA,NA,NA,NA,NA,2024-08-28 19:00:00,NA,NA
"669",669,"2024-08-28 20:00:00",NA,NA,NA,NA,NA,NA,NA,NA,NA,NA,NA,2024-08-28 20:00:00,NA,NA
"670",670,"2024-08-28 21:00:00",NA,NA,NA,NA,NA,NA,NA,NA,NA,NA,NA,2024-08-28 21:00:00,NA,NA
"671",671,"2024-08-28 22:00:00",NA,NA,NA,NA,NA,NA,NA,NA,NA,NA,NA,2024-08-28 22:00:00,NA,NA
"672",672,"2024-08-28 23:00:00",NA,NA,NA,NA,NA,NA,NA,NA,NA,NA,NA,2024-08-28 23:00:00,NA,NA
"673",673,"2024-08-29 00:00:00",30.7,20.9,56,NA,NA,162,5.4,NA,1013.7,NA,NA,2024-08-29,101.37,10.33690164
"674",674,"2024-08-29 01:00:00",NA,NA,NA,NA,NA,NA,NA,NA,NA,NA,NA,2024-08-29 01:00:00,NA,NA
"675",675,"2024-08-29 02:00:00",NA,NA,NA,NA,NA,NA,NA,NA,NA,NA,NA,2024-08-29 02:00:00,NA,NA
"676",676,"2024-08-29 03:00:00",NA,NA,NA,NA,NA,NA,NA,NA,NA,NA,NA,2024-08-29 03:00:00,NA,NA
"677",677,"2024-08-29 04:00:00",NA,NA,NA,NA,NA,NA,NA,NA,NA,NA,NA,2024-08-29 04:00:00,NA,NA
"678",678,"2024-08-29 05:00:00",NA,NA,NA,NA,NA,NA,NA,NA,NA,NA,NA,2024-08-29 05:00:00,NA,NA
"679",679,"2024-08-29 06:00:00",23.5,20.8,85,NA,NA,172,4.3,NA,1015.9,NA,NA,2024-08-29 06:00:00,101.59,10.35933548
"680",680,"2024-08-29 07:00:00",NA,NA,NA,NA,NA,NA,NA,NA,NA,NA,NA,2024-08-29 07:00:00,NA,NA
"681",681,"2024-08-29 08:00:00",NA,NA,NA,NA,NA,NA,NA,NA,NA,NA,NA,2024-08-29 08:00:00,NA,NA
"682",682,"2024-08-29 09:00:00",NA,NA,NA,NA,NA,NA,NA,NA,NA,NA,NA,2024-08-29 09:00:00,NA,NA
"683",683,"2024-08-29 10:00:00",NA,NA,NA,NA,NA,NA,NA,NA,NA,NA,NA,2024-08-29 10:00:00,NA,NA
"684",684,"2024-08-29 11:00:00",NA,NA,NA,NA,NA,NA,NA,NA,NA,NA,NA,2024-08-29 11:00:00,NA,NA
"685",685,"2024-08-29 12:00:00",21.7,19.6,88,NA,NA,160,5,NA,1016.6,NA,NA,2024-08-29 12:00:00,101.66,10.36647352
"686",686,"2024-08-29 13:00:00",NA,NA,NA,NA,NA,NA,NA,NA,NA,NA,NA,2024-08-29 13:00:00,NA,NA
"687",687,"2024-08-29 14:00:00",NA,NA,NA,NA,NA,NA,NA,NA,NA,NA,NA,2024-08-29 14:00:00,NA,NA
"688",688,"2024-08-29 15:00:00",NA,NA,NA,NA,NA,NA,NA,NA,NA,NA,NA,2024-08-29 15:00:00,NA,NA
"689",689,"2024-08-29 16:00:00",NA,NA,NA,NA,NA,NA,NA,NA,NA,NA,NA,2024-08-29 16:00:00,NA,NA
"690",690,"2024-08-29 17:00:00",NA,NA,NA,NA,NA,NA,NA,NA,NA,NA,NA,2024-08-29 17:00:00,NA,NA
"691",691,"2024-08-29 18:00:00",33.2,18.9,43,NA,NA,230,5,NA,1016.2,NA,NA,2024-08-29 18:00:00,101.62,10.36239464
"692",692,"2024-08-29 19:00:00",NA,NA,NA,NA,NA,NA,NA,NA,NA,NA,NA,2024-08-29 19:00:00,NA,NA
"693",693,"2024-08-29 20:00:00",NA,NA,NA,NA,NA,NA,NA,NA,NA,NA,NA,2024-08-29 20:00:00,NA,NA
"694",694,"2024-08-29 21:00:00",NA,NA,NA,NA,NA,NA,NA,NA,NA,NA,NA,2024-08-29 21:00:00,NA,NA
"695",695,"2024-08-29 22:00:00",NA,NA,NA,NA,NA,NA,NA,NA,NA,NA,NA,2024-08-29 22:00:00,NA,NA
"696",696,"2024-08-29 23:00:00",NA,NA,NA,NA,NA,NA,NA,NA,NA,NA,NA,2024-08-29 23:00:00,NA,NA
"697",697,"2024-08-30 00:00:00",28.9,23.1,71,NA,NA,294,2.5,NA,1014.2,NA,NA,2024-08-30,101.42,10.34200024
"698",698,"2024-08-30 01:00:00",NA,NA,NA,NA,NA,NA,NA,NA,NA,NA,NA,2024-08-30 01:00:00,NA,NA
"699",699,"2024-08-30 02:00:00",NA,NA,NA,NA,NA,NA,NA,NA,NA,NA,NA,2024-08-30 02:00:00,NA,NA
"700",700,"2024-08-30 03:00:00",NA,NA,NA,NA,NA,NA,NA,NA,NA,NA,NA,2024-08-30 03:00:00,NA,NA
"701",701,"2024-08-30 04:00:00",NA,NA,NA,NA,NA,NA,NA,NA,NA,NA,NA,2024-08-30 04:00:00,NA,NA
"702",702,"2024-08-30 05:00:00",NA,NA,NA,NA,NA,NA,NA,NA,NA,NA,NA,2024-08-30 05:00:00,NA,NA
"703",703,"2024-08-30 06:00:00",23.8,21.3,86,NA,NA,155,4.7,NA,1016.3,NA,NA,2024-08-30 06:00:00,101.63,10.36341436
"704",704,"2024-08-30 07:00:00",NA,NA,NA,NA,NA,NA,NA,NA,NA,NA,NA,2024-08-30 07:00:00,NA,NA
"705",705,"2024-08-30 08:00:00",NA,NA,NA,NA,NA,NA,NA,NA,NA,NA,NA,2024-08-30 08:00:00,NA,NA
"706",706,"2024-08-30 09:00:00",NA,NA,NA,NA,NA,NA,NA,NA,NA,NA,NA,2024-08-30 09:00:00,NA,NA
"707",707,"2024-08-30 10:00:00",NA,NA,NA,NA,NA,NA,NA,NA,NA,NA,NA,2024-08-30 10:00:00,NA,NA
"708",708,"2024-08-30 11:00:00",NA,NA,NA,NA,NA,NA,NA,NA,NA,NA,NA,2024-08-30 11:00:00,NA,NA
"709",709,"2024-08-30 12:00:00",21.7,19.8,89,NA,NA,154,6.1,NA,1016.7,NA,NA,2024-08-30 12:00:00,101.67,10.36749324
"710",710,"2024-08-30 13:00:00",NA,NA,NA,NA,NA,NA,NA,NA,NA,NA,NA,2024-08-30 13:00:00,NA,NA
"711",711,"2024-08-30 14:00:00",NA,NA,NA,NA,NA,NA,NA,NA,NA,NA,NA,2024-08-30 14:00:00,NA,NA
"712",712,"2024-08-30 15:00:00",NA,NA,NA,NA,NA,NA,NA,NA,NA,NA,NA,2024-08-30 15:00:00,NA,NA
"713",713,"2024-08-30 16:00:00",NA,NA,NA,NA,NA,NA,NA,NA,NA,NA,NA,2024-08-30 16:00:00,NA,NA
"714",714,"2024-08-30 17:00:00",NA,NA,NA,NA,NA,NA,NA,NA,NA,NA,NA,2024-08-30 17:00:00,NA,NA
"715",715,"2024-08-30 18:00:00",31.1,20.1,52,NA,NA,8,3.2,NA,1017.3,NA,NA,2024-08-30 18:00:00,101.73,10.37361156
"716",716,"2024-08-30 19:00:00",NA,NA,NA,NA,NA,NA,NA,NA,NA,NA,NA,2024-08-30 19:00:00,NA,NA
"717",717,"2024-08-30 20:00:00",NA,NA,NA,NA,NA,NA,NA,NA,NA,NA,NA,2024-08-30 20:00:00,NA,NA
"718",718,"2024-08-30 21:00:00",NA,NA,NA,NA,NA,NA,NA,NA,NA,NA,NA,2024-08-30 21:00:00,NA,NA
"719",719,"2024-08-30 22:00:00",NA,NA,NA,NA,NA,NA,NA,NA,NA,NA,NA,2024-08-30 22:00:00,NA,NA
"720",720,"2024-08-30 23:00:00",NA,NA,NA,NA,NA,NA,NA,NA,NA,NA,NA,2024-08-30 23:00:00,NA,NA
"721",721,"2024-08-31 00:00:00",24.6,22.3,87,NA,NA,12,9.4,NA,1016.7,NA,NA,2024-08-31,101.67,10.36749324
"722",722,"2024-08-31 01:00:00",NA,NA,NA,NA,NA,NA,NA,NA,NA,NA,NA,2024-08-31 01:00:00,NA,NA
"723",723,"2024-08-31 02:00:00",NA,NA,NA,NA,NA,NA,NA,NA,NA,NA,NA,2024-08-31 02:00:00,NA,NA
"724",724,"2024-08-31 03:00:00",NA,NA,NA,NA,NA,NA,NA,NA,NA,NA,NA,2024-08-31 03:00:00,NA,NA
"725",725,"2024-08-31 04:00:00",NA,NA,NA,NA,NA,NA,NA,NA,NA,NA,NA,2024-08-31 04:00:00,NA,NA
"726",726,"2024-08-31 05:00:00",NA,NA,NA,NA,NA,NA,NA,NA,NA,NA,NA,2024-08-31 05:00:00,NA,NA
"727",727,"2024-08-31 06:00:00",22.7,22.4,98,NA,NA,54,8.3,NA,1017.7,NA,NA,2024-08-31 06:00:00,101.77,10.37769044
"728",728,"2024-08-31 07:00:00",NA,NA,NA,NA,NA,NA,NA,NA,NA,NA,NA,2024-08-31 07:00:00,NA,NA
"729",729,"2024-08-31 08:00:00",NA,NA,NA,NA,NA,NA,NA,NA,NA,NA,NA,2024-08-31 08:00:00,NA,NA
"730",730,"2024-08-31 09:00:00",NA,NA,NA,NA,NA,NA,NA,NA,NA,NA,NA,2024-08-31 09:00:00,NA,NA
"731",731,"2024-08-31 10:00:00",NA,NA,NA,NA,NA,NA,NA,NA,NA,NA,NA,2024-08-31 10:00:00,NA,NA
"732",732,"2024-08-31 11:00:00",NA,NA,NA,NA,NA,NA,NA,NA,NA,NA,NA,2024-08-31 11:00:00,NA,NA
"733",733,"2024-08-31 12:00:00",22,21.8,99,NA,NA,78,6.1,NA,1017.6,NA,NA,2024-08-31 12:00:00,101.76,10.37667072
"734",734,"2024-08-31 13:00:00",NA,NA,NA,NA,NA,NA,NA,NA,NA,NA,NA,2024-08-31 13:00:00,NA,NA
"735",735,"2024-08-31 14:00:00",NA,NA,NA,NA,NA,NA,NA,NA,NA,NA,NA,2024-08-31 14:00:00,NA,NA
"736",736,"2024-08-31 15:00:00",NA,NA,NA,NA,NA,NA,NA,NA,NA,NA,NA,2024-08-31 15:00:00,NA,NA
"737",737,"2024-08-31 16:00:00",NA,NA,NA,NA,NA,NA,NA,NA,NA,NA,NA,2024-08-31 16:00:00,NA,NA
"738",738,"2024-08-31 17:00:00",NA,NA,NA,NA,NA,NA,NA,NA,NA,NA,NA,2024-08-31 17:00:00,NA,NA
"739",739,"2024-08-31 18:00:00",27.3,22.3,74,NA,NA,73,2.5,NA,1017.7,NA,NA,2024-08-31 18:00:00,101.77,10.37769044
"740",740,"2024-08-31 19:00:00",NA,NA,NA,NA,NA,NA,NA,NA,NA,NA,NA,2024-08-31 19:00:00,NA,NA
"741",741,"2024-08-31 20:00:00",NA,NA,NA,NA,NA,NA,NA,NA,NA,NA,NA,2024-08-31 20:00:00,NA,NA
"742",742,"2024-08-31 21:00:00",NA,NA,NA,NA,NA,NA,NA,NA,NA,NA,NA,2024-08-31 21:00:00,NA,NA
"743",743,"2024-08-31 22:00:00",NA,NA,NA,NA,NA,NA,NA,NA,NA,NA,NA,2024-08-31 22:00:00,NA,NA
"744",744,"2024-08-31 23:00:00",NA,NA,NA,NA,NA,NA,NA,NA,NA,NA,NA,2024-08-31 23:00:00,NA,NA
"745",1,"2024-09-01 00:00:00",24.8,22.9,89,NA,NA,78,6.5,NA,1015.1,NA,NA,2024-09-01,101.51,10.35117772
"746",2,"2024-09-01 01:00:00",NA,NA,NA,NA,NA,NA,NA,NA,NA,NA,NA,2024-09-01 01:00:00,NA,NA
"747",3,"2024-09-01 02:00:00",NA,NA,NA,NA,NA,NA,NA,NA,NA,NA,NA,2024-09-01 02:00:00,NA,NA
"748",4,"2024-09-01 03:00:00",NA,NA,NA,NA,NA,NA,NA,NA,NA,NA,NA,2024-09-01 03:00:00,NA,NA
"749",5,"2024-09-01 04:00:00",NA,NA,NA,NA,NA,NA,NA,NA,NA,NA,NA,2024-09-01 04:00:00,NA,NA
"750",6,"2024-09-01 05:00:00",NA,NA,NA,NA,NA,NA,NA,NA,NA,NA,NA,2024-09-01 05:00:00,NA,NA
"751",7,"2024-09-01 06:00:00",22.2,21.7,97,NA,NA,99,5,NA,1016.5,NA,NA,2024-09-01 06:00:00,101.65,10.3654538
"752",8,"2024-09-01 07:00:00",NA,NA,NA,NA,NA,NA,NA,NA,NA,NA,NA,2024-09-01 07:00:00,NA,NA
"753",9,"2024-09-01 08:00:00",NA,NA,NA,NA,NA,NA,NA,NA,NA,NA,NA,2024-09-01 08:00:00,NA,NA
"754",10,"2024-09-01 09:00:00",NA,NA,NA,NA,NA,NA,NA,NA,NA,NA,NA,2024-09-01 09:00:00,NA,NA
"755",11,"2024-09-01 10:00:00",NA,NA,NA,NA,NA,NA,NA,NA,NA,NA,NA,2024-09-01 10:00:00,NA,NA
"756",12,"2024-09-01 11:00:00",NA,NA,NA,NA,NA,NA,NA,NA,NA,NA,NA,2024-09-01 11:00:00,NA,NA
"757",13,"2024-09-01 12:00:00",21.3,21,98,NA,NA,108,6.1,NA,1016.7,NA,NA,2024-09-01 12:00:00,101.67,10.36749324
"758",14,"2024-09-01 13:00:00",NA,NA,NA,NA,NA,NA,NA,NA,NA,NA,NA,2024-09-01 13:00:00,NA,NA
"759",15,"2024-09-01 14:00:00",NA,NA,NA,NA,NA,NA,NA,NA,NA,NA,NA,2024-09-01 14:00:00,NA,NA
"760",16,"2024-09-01 15:00:00",NA,NA,NA,NA,NA,NA,NA,NA,NA,NA,NA,2024-09-01 15:00:00,NA,NA
"761",17,"2024-09-01 16:00:00",NA,NA,NA,NA,NA,NA,NA,NA,NA,NA,NA,2024-09-01 16:00:00,NA,NA
"762",18,"2024-09-01 17:00:00",NA,NA,NA,NA,NA,NA,NA,NA,NA,NA,NA,2024-09-01 17:00:00,NA,NA
"763",19,"2024-09-01 18:00:00",26,22.9,83,NA,NA,198,1.8,NA,1016.9,NA,NA,2024-09-01 18:00:00,101.69,10.36953268
"764",20,"2024-09-01 19:00:00",NA,NA,NA,NA,NA,NA,NA,NA,NA,NA,NA,2024-09-01 19:00:00,NA,NA
"765",21,"2024-09-01 20:00:00",NA,NA,NA,NA,NA,NA,NA,NA,NA,NA,NA,2024-09-01 20:00:00,NA,NA
"766",22,"2024-09-01 21:00:00",NA,NA,NA,NA,NA,NA,NA,NA,NA,NA,NA,2024-09-01 21:00:00,NA,NA
"767",23,"2024-09-01 22:00:00",NA,NA,NA,NA,NA,NA,NA,NA,NA,NA,NA,2024-09-01 22:00:00,NA,NA
"768",24,"2024-09-01 23:00:00",NA,NA,NA,NA,NA,NA,NA,NA,NA,NA,NA,2024-09-01 23:00:00,NA,NA
"769",25,"2024-09-02 00:00:00",22.9,22.9,100,NA,NA,79,3.6,NA,1015.5,NA,NA,2024-09-02,101.55,10.3552566
"770",26,"2024-09-02 01:00:00",NA,NA,NA,NA,NA,NA,NA,NA,NA,NA,NA,2024-09-02 01:00:00,NA,NA
"771",27,"2024-09-02 02:00:00",NA,NA,NA,NA,NA,NA,NA,NA,NA,NA,NA,2024-09-02 02:00:00,NA,NA
"772",28,"2024-09-02 03:00:00",NA,NA,NA,NA,NA,NA,NA,NA,NA,NA,NA,2024-09-02 03:00:00,NA,NA
"773",29,"2024-09-02 04:00:00",NA,NA,NA,NA,NA,NA,NA,NA,NA,NA,NA,2024-09-02 04:00:00,NA,NA
"774",30,"2024-09-02 05:00:00",NA,NA,NA,NA,NA,NA,NA,NA,NA,NA,NA,2024-09-02 05:00:00,NA,NA
"775",31,"2024-09-02 06:00:00",22.1,22.1,100,NA,NA,71,6.8,NA,1016.8,NA,NA,2024-09-02 06:00:00,101.68,10.36851296
"776",32,"2024-09-02 07:00:00",NA,NA,NA,NA,NA,NA,NA,NA,NA,NA,NA,2024-09-02 07:00:00,NA,NA
"777",33,"2024-09-02 08:00:00",NA,NA,NA,NA,NA,NA,NA,NA,NA,NA,NA,2024-09-02 08:00:00,NA,NA
"778",34,"2024-09-02 09:00:00",NA,NA,NA,NA,NA,NA,NA,NA,NA,NA,NA,2024-09-02 09:00:00,NA,NA
"779",35,"2024-09-02 10:00:00",NA,NA,NA,NA,NA,NA,NA,NA,NA,NA,NA,2024-09-02 10:00:00,NA,NA
"780",36,"2024-09-02 11:00:00",NA,NA,NA,NA,NA,NA,NA,NA,NA,NA,NA,2024-09-02 11:00:00,NA,NA
"781",37,"2024-09-02 12:00:00",21.2,21.2,100,NA,NA,77,10.4,NA,1017,NA,NA,2024-09-02 12:00:00,101.7,10.3705524
"782",38,"2024-09-02 13:00:00",NA,NA,NA,NA,NA,NA,NA,NA,NA,NA,NA,2024-09-02 13:00:00,NA,NA
"783",39,"2024-09-02 14:00:00",NA,NA,NA,NA,NA,NA,NA,NA,NA,NA,NA,2024-09-02 14:00:00,NA,NA
"784",40,"2024-09-02 15:00:00",NA,NA,NA,NA,NA,NA,NA,NA,NA,NA,NA,2024-09-02 15:00:00,NA,NA
"785",41,"2024-09-02 16:00:00",NA,NA,NA,NA,NA,NA,NA,NA,NA,NA,NA,2024-09-02 16:00:00,NA,NA
"786",42,"2024-09-02 17:00:00",NA,NA,NA,NA,NA,NA,NA,NA,NA,NA,NA,2024-09-02 17:00:00,NA,NA
"787",43,"2024-09-02 18:00:00",22.7,20.4,87,NA,NA,91,10.4,NA,1018.7,NA,NA,2024-09-02 18:00:00,101.87,10.38788764
"788",44,"2024-09-02 19:00:00",NA,NA,NA,NA,NA,NA,NA,NA,NA,NA,NA,2024-09-02 19:00:00,NA,NA
"789",45,"2024-09-02 20:00:00",NA,NA,NA,NA,NA,NA,NA,NA,NA,NA,NA,2024-09-02 20:00:00,NA,NA
"790",46,"2024-09-02 21:00:00",NA,NA,NA,NA,NA,NA,NA,NA,NA,NA,NA,2024-09-02 21:00:00,NA,NA
"791",47,"2024-09-02 22:00:00",NA,NA,NA,NA,NA,NA,NA,NA,NA,NA,NA,2024-09-02 22:00:00,NA,NA
"792",48,"2024-09-02 23:00:00",NA,NA,NA,NA,NA,NA,NA,NA,NA,NA,NA,2024-09-02 23:00:00,NA,NA
"793",49,"2024-09-03 00:00:00",23.2,19.6,80,NA,NA,64,9,NA,1017.1,NA,NA,2024-09-03,101.71,10.37157212
"794",50,"2024-09-03 01:00:00",NA,NA,NA,NA,NA,NA,NA,NA,NA,NA,NA,2024-09-03 01:00:00,NA,NA
"795",51,"2024-09-03 02:00:00",NA,NA,NA,NA,NA,NA,NA,NA,NA,NA,NA,2024-09-03 02:00:00,NA,NA
"796",52,"2024-09-03 03:00:00",NA,NA,NA,NA,NA,NA,NA,NA,NA,NA,NA,2024-09-03 03:00:00,NA,NA
"797",53,"2024-09-03 04:00:00",NA,NA,NA,NA,NA,NA,NA,NA,NA,NA,NA,2024-09-03 04:00:00,NA,NA
"798",54,"2024-09-03 05:00:00",NA,NA,NA,NA,NA,NA,NA,NA,NA,NA,NA,2024-09-03 05:00:00,NA,NA
"799",55,"2024-09-03 06:00:00",19.7,17.8,89,NA,NA,64,8.6,NA,1018.7,NA,NA,2024-09-03 06:00:00,101.87,10.38788764
"800",56,"2024-09-03 07:00:00",NA,NA,NA,NA,NA,NA,NA,NA,NA,NA,NA,2024-09-03 07:00:00,NA,NA
"801",57,"2024-09-03 08:00:00",NA,NA,NA,NA,NA,NA,NA,NA,NA,NA,NA,2024-09-03 08:00:00,NA,NA
"802",58,"2024-09-03 09:00:00",NA,NA,NA,NA,NA,NA,NA,NA,NA,NA,NA,2024-09-03 09:00:00,NA,NA
"803",59,"2024-09-03 10:00:00",NA,NA,NA,NA,NA,NA,NA,NA,NA,NA,NA,2024-09-03 10:00:00,NA,NA
"804",60,"2024-09-03 11:00:00",NA,NA,NA,NA,NA,NA,NA,NA,NA,NA,NA,2024-09-03 11:00:00,NA,NA
"805",61,"2024-09-03 12:00:00",18.6,17.9,96,NA,NA,48,9.4,NA,1019.2,NA,NA,2024-09-03 12:00:00,101.92,10.39298624
"806",62,"2024-09-03 13:00:00",NA,NA,NA,NA,NA,NA,NA,NA,NA,NA,NA,2024-09-03 13:00:00,NA,NA
"807",63,"2024-09-03 14:00:00",NA,NA,NA,NA,NA,NA,NA,NA,NA,NA,NA,2024-09-03 14:00:00,NA,NA
"808",64,"2024-09-03 15:00:00",NA,NA,NA,NA,NA,NA,NA,NA,NA,NA,NA,2024-09-03 15:00:00,NA,NA
"809",65,"2024-09-03 16:00:00",NA,NA,NA,NA,NA,NA,NA,NA,NA,NA,NA,2024-09-03 16:00:00,NA,NA
"810",66,"2024-09-03 17:00:00",NA,NA,NA,NA,NA,NA,NA,NA,NA,NA,NA,2024-09-03 17:00:00,NA,NA
"811",67,"2024-09-03 18:00:00",NA,NA,NA,NA,NA,NA,NA,NA,NA,NA,NA,2024-09-03 18:00:00,NA,NA
"812",68,"2024-09-03 19:00:00",NA,NA,NA,NA,NA,NA,NA,NA,NA,NA,NA,2024-09-03 19:00:00,NA,NA
"813",69,"2024-09-03 20:00:00",25,18,65,NA,NA,30,15,NA,1021,NA,NA,2024-09-03 20:00:00,102.1,10.4113412
"814",70,"2024-09-03 21:00:00",25,18,65,NA,NA,20,13,NA,1021,NA,NA,2024-09-03 21:00:00,102.1,10.4113412
"815",71,"2024-09-03 22:00:00",25,18.9,69,NA,NA,20,7.6,NA,1021,NA,NA,2024-09-03 22:00:00,102.1,10.4113412
"816",72,"2024-09-03 23:00:00",23,19,78,NA,NA,60,7.6,NA,1021,NA,NA,2024-09-03 23:00:00,102.1,10.4113412
"817",73,"2024-09-04 00:00:00",22,19,83,NA,NA,80,9,NA,1021,NA,NA,2024-09-04,102.1,10.4113412
"818",74,"2024-09-04 01:00:00",22,19,83,NA,NA,50,11.2,NA,1021,NA,NA,2024-09-04 01:00:00,102.1,10.4113412
"819",75,"2024-09-04 02:00:00",21.2,14.8,67,NA,NA,92,9.4,NA,1020.2,NA,NA,2024-09-04 02:00:00,102.02,10.40318344
"820",76,"2024-09-04 03:00:00",20.8,14.7,68,0,NA,101,9,NA,1020.7,NA,3,2024-09-04 03:00:00,102.07,10.40828204
"821",77,"2024-09-04 04:00:00",20,14.4,70,0,NA,105,10.4,NA,1021,NA,3,2024-09-04 04:00:00,102.1,10.4113412
"822",78,"2024-09-04 05:00:00",19.7,13.9,69,0,NA,109,9,NA,1021,NA,3,2024-09-04 05:00:00,102.1,10.4113412
"823",79,"2024-09-04 06:00:00",19.6,13.3,67,0,NA,109,7.9,NA,1021.3,NA,3,2024-09-04 06:00:00,102.13,10.41440036
"824",80,"2024-09-04 07:00:00",19.4,12.9,66,0,NA,88,8.6,NA,1021.4,NA,3,2024-09-04 07:00:00,102.14,10.41542008
"825",81,"2024-09-04 08:00:00",19,13,68,0,NA,108,7.9,NA,1021.2,NA,3,2024-09-04 08:00:00,102.12,10.41338064
"826",82,"2024-09-04 09:00:00",18.7,13.1,70,0,NA,78,8.6,NA,1021,NA,3,2024-09-04 09:00:00,102.1,10.4113412
"827",83,"2024-09-04 10:00:00",19,17,88,0,NA,98,7.6,NA,1022,NA,3,2024-09-04 10:00:00,102.2,10.4215384
"828",84,"2024-09-04 11:00:00",18,18,100,0,NA,0,0,NA,1023,NA,3,2024-09-04 11:00:00,102.3,10.4317356
"829",85,"2024-09-04 12:00:00",18,18,100,0,NA,116,7.6,NA,1023,NA,3,2024-09-04 12:00:00,102.3,10.4317356
"830",86,"2024-09-04 13:00:00",20,18,88,0,NA,0,0,NA,1023,NA,3,2024-09-04 13:00:00,102.3,10.4317356
"831",87,"2024-09-04 14:00:00",21,18,83,0,NA,0,0,NA,1023,NA,2,2024-09-04 14:00:00,102.3,10.4317356
"832",88,"2024-09-04 15:00:00",25,17,61,0,NA,90,7.6,NA,1024,NA,3,2024-09-04 15:00:00,102.4,10.4419328
"833",89,"2024-09-04 16:00:00",27,19.1,62,0,NA,90,6,NA,1023,NA,3,2024-09-04 16:00:00,102.3,10.4317356
"834",90,"2024-09-04 17:00:00",27,19.1,62,0,NA,330,7.6,NA,1023,NA,2,2024-09-04 17:00:00,102.3,10.4317356
"835",91,"2024-09-04 18:00:00",28,19,58,0,NA,120,5.4,NA,1023,NA,3,2024-09-04 18:00:00,102.3,10.4317356
"836",92,"2024-09-04 19:00:00",29,19,55,0,NA,0,0,NA,1022,NA,2,2024-09-04 19:00:00,102.2,10.4215384
"837",93,"2024-09-04 20:00:00",29,19,55,0,NA,30,6,NA,1021,NA,3,2024-09-04 20:00:00,102.1,10.4113412
"838",94,"2024-09-04 21:00:00",30,20,55,0,NA,62,5.4,NA,1021,NA,2,2024-09-04 21:00:00,102.1,10.4113412
"839",95,"2024-09-04 22:00:00",30,20,55,0,NA,81,9.4,NA,1021,NA,2,2024-09-04 22:00:00,102.1,10.4113412
"840",96,"2024-09-04 23:00:00",29,19.9,58,0,NA,82,9.4,NA,1021,NA,1,2024-09-04 23:00:00,102.1,10.4113412
"841",97,"2024-09-05 00:00:00",27,20.1,66,0,NA,102,9.4,NA,1021,NA,1,2024-09-05,102.1,10.4113412
"842",98,"2024-09-05 01:00:00",25,18.9,69,0,NA,0,0,NA,1022,NA,1,2024-09-05 01:00:00,102.2,10.4215384
"843",99,"2024-09-05 02:00:00",22.3,18.1,77,0,NA,131,10.1,NA,1019.8,NA,1,2024-09-05 02:00:00,101.98,10.39910456
"844",100,"2024-09-05 03:00:00",20.6,17.2,81,0,NA,154,10.8,NA,1020.8,NA,1,2024-09-05 03:00:00,102.08,10.40930176
"845",101,"2024-09-05 04:00:00",20,17.4,85,0,NA,167,9.4,NA,1021.3,NA,1,2024-09-05 04:00:00,102.13,10.41440036
"846",102,"2024-09-05 05:00:00",19.8,17.6,87,0,NA,155,8.3,NA,1021.4,NA,1,2024-09-05 05:00:00,102.14,10.41542008
"847",103,"2024-09-05 06:00:00",19.7,18,90,0,NA,153,9,NA,1021.6,NA,1,2024-09-05 06:00:00,102.16,10.41745952
"848",104,"2024-09-05 07:00:00",19.4,18.1,92,0,NA,147,6.8,NA,1021.6,NA,1,2024-09-05 07:00:00,102.16,10.41745952
"849",105,"2024-09-05 08:00:00",19,18,94,0,NA,157,6.8,NA,1021.3,NA,1,2024-09-05 08:00:00,102.13,10.41440036
"850",106,"2024-09-05 09:00:00",18.5,17.8,96,0,NA,111,4.7,NA,1021.4,NA,1,2024-09-05 09:00:00,102.14,10.41542008
"851",107,"2024-09-05 10:00:00",19,19,100,0,NA,0,0,NA,1023,NA,1,2024-09-05 10:00:00,102.3,10.4317356
"852",108,"2024-09-05 11:00:00",19,19,100,0,NA,80,6.1,NA,1023,NA,1,2024-09-05 11:00:00,102.3,10.4317356
"853",109,"2024-09-05 12:00:00",21,21,100,0,NA,0,0,NA,1023,NA,1,2024-09-05 12:00:00,102.3,10.4317356
"854",110,"2024-09-05 13:00:00",23,23,100,0,NA,100,9.4,NA,1023,NA,1,2024-09-05 13:00:00,102.3,10.4317356
"855",111,"2024-09-05 14:00:00",24,24,100,0,NA,100,7.6,NA,1023,NA,1,2024-09-05 14:00:00,102.3,10.4317356
"856",112,"2024-09-05 15:00:00",27,23,79,0,NA,120,6,NA,1023,NA,1,2024-09-05 15:00:00,102.3,10.4317356
"857",113,"2024-09-05 16:00:00",28,24,79,0,NA,90,7.6,NA,1023,NA,1,2024-09-05 16:00:00,102.3,10.4317356
"858",114,"2024-09-05 17:00:00",29,23,70,0,NA,70,7.6,NA,1022,NA,1,2024-09-05 17:00:00,102.2,10.4215384
"859",115,"2024-09-05 18:00:00",30,23,66,0.1,NA,70,11.2,NA,1022,NA,17,2024-09-05 18:00:00,102.2,10.4215384
"860",116,"2024-09-05 19:00:00",31,23.1,63,0.1,NA,60,15,NA,1021,NA,17,2024-09-05 19:00:00,102.1,10.4113412
"861",117,"2024-09-05 20:00:00",27,23,79,0,NA,170,14.8,NA,1021,NA,3,2024-09-05 20:00:00,102.1,10.4113412
"862",118,"2024-09-05 21:00:00",26,24,89,0,NA,140,11.2,NA,1021,NA,2,2024-09-05 21:00:00,102.1,10.4113412
"863",119,"2024-09-05 22:00:00",26,24,89,0,NA,150,7.6,NA,1021,NA,1,2024-09-05 22:00:00,102.1,10.4113412
"864",120,"2024-09-05 23:00:00",26,24,89,0,NA,110,5.4,NA,1021,NA,2,2024-09-05 23:00:00,102.1,10.4113412
"865",121,"2024-09-06 00:00:00",25,24,94,0,NA,142,9.7,NA,1021,NA,3,2024-09-06,102.1,10.4113412
"866",122,"2024-09-06 01:00:00",25,25,100,0,NA,0,0,NA,1021,NA,2,2024-09-06 01:00:00,102.1,10.4113412
"867",123,"2024-09-06 02:00:00",23,19.6,81,0,NA,123,8.3,NA,1019.7,NA,2,2024-09-06 02:00:00,101.97,10.39808484
"868",124,"2024-09-06 03:00:00",22.5,19.7,84,0,NA,109,7.9,NA,1019.9,NA,1,2024-09-06 03:00:00,101.99,10.40012428
"869",125,"2024-09-06 04:00:00",21.4,19.7,90,0,NA,103,7.2,NA,1020,NA,1,2024-09-06 04:00:00,102,10.401144
"870",126,"2024-09-06 05:00:00",21.1,19.7,92,0,NA,129,7.9,NA,1019.8,NA,1,2024-09-06 05:00:00,101.98,10.39910456
"871",127,"2024-09-06 06:00:00",20.8,19.6,93,0,NA,148,7.9,NA,1019.6,NA,1,2024-09-06 06:00:00,101.96,10.39706512
"872",128,"2024-09-06 07:00:00",20.6,19.3,92,0,NA,164,7.2,NA,1019.6,NA,1,2024-09-06 07:00:00,101.96,10.39706512
"873",129,"2024-09-06 08:00:00",20.7,19,90,0,NA,212,5.8,NA,1019.4,NA,2,2024-09-06 08:00:00,101.94,10.39502568
"874",130,"2024-09-06 09:00:00",19.6,18.8,95,0,NA,62,3.2,NA,1019.3,NA,2,2024-09-06 09:00:00,101.93,10.39400596
"875",131,"2024-09-06 10:00:00",20,20,100,0,NA,85,4.7,NA,1021,NA,1,2024-09-06 10:00:00,102.1,10.4113412
"876",132,"2024-09-06 11:00:00",19,19,100,0,NA,0,0,NA,1021,NA,1,2024-09-06 11:00:00,102.1,10.4113412
"877",133,"2024-09-06 12:00:00",21,21,100,0,NA,350,11.2,NA,1021,NA,1,2024-09-06 12:00:00,102.1,10.4113412
"878",134,"2024-09-06 13:00:00",22,22,100,0,NA,20,16.6,NA,1021,NA,1,2024-09-06 13:00:00,102.1,10.4113412
"879",135,"2024-09-06 14:00:00",24,24,100,0,NA,30,13,NA,1021,NA,2,2024-09-06 14:00:00,102.1,10.4113412
"880",136,"2024-09-06 15:00:00",26,23.1,84,0,NA,40,11.2,NA,1021,NA,2,2024-09-06 15:00:00,102.1,10.4113412
"881",137,"2024-09-06 16:00:00",27,23,79,0,NA,40,20.5,NA,1022,NA,3,2024-09-06 16:00:00,102.2,10.4215384
"882",138,"2024-09-06 17:00:00",28,22.9,74,0,NA,40,17,NA,1022,NA,3,2024-09-06 17:00:00,102.2,10.4215384
"883",139,"2024-09-06 18:00:00",28,22,70,0.7,NA,10,18.4,NA,1021,NA,8,2024-09-06 18:00:00,102.1,10.4113412
"884",140,"2024-09-06 19:00:00",29,21,62,0,NA,20,20,NA,1021,NA,3,2024-09-06 19:00:00,102.1,10.4113412
"885",141,"2024-09-06 20:00:00",30,18.1,49,0,NA,10,30,NA,1020,NA,3,2024-09-06 20:00:00,102,10.401144
"886",142,"2024-09-06 21:00:00",29,15.9,45,0,NA,350,26,NA,1020,NA,3,2024-09-06 21:00:00,102,10.401144
"887",143,"2024-09-06 22:00:00",29,15.2,43,0,NA,360,28,NA,1020,NA,2,2024-09-06 22:00:00,102,10.401144
"888",144,"2024-09-06 23:00:00",27,13,42,0,NA,10,22,NA,1020,NA,2,2024-09-06 23:00:00,102,10.401144
"889",145,"2024-09-07 00:00:00",25,12.9,47,0,NA,360,17,NA,1021,NA,1,2024-09-07,102.1,10.4113412
"890",146,"2024-09-07 01:00:00",23,12.9,53,0,NA,360,13,NA,1021,NA,1,2024-09-07 01:00:00,102.1,10.4113412
"891",147,"2024-09-07 02:00:00",21.4,8.3,43,0,NA,23,15.8,NA,1020.1,NA,1,2024-09-07 02:00:00,102.01,10.40216372
"892",148,"2024-09-07 03:00:00",20.5,7.8,44,0,NA,25,15.8,NA,1020.9,NA,1,2024-09-07 03:00:00,102.09,10.41032148
"893",149,"2024-09-07 04:00:00",19.6,8,47,0,NA,25,15.1,NA,1021.2,NA,1,2024-09-07 04:00:00,102.12,10.41338064
"894",150,"2024-09-07 05:00:00",18.6,7.7,49,0,NA,26,14,NA,1021.4,NA,1,2024-09-07 05:00:00,102.14,10.41542008
"895",151,"2024-09-07 06:00:00",18,8.6,54,0,NA,31,12.6,NA,1021.5,NA,1,2024-09-07 06:00:00,102.15,10.4164398
"896",152,"2024-09-07 07:00:00",17.3,9,58,0,NA,29,11.5,NA,1021.4,NA,1,2024-09-07 07:00:00,102.14,10.41542008
"897",153,"2024-09-07 08:00:00",16.6,9.3,62,0,NA,27,11.5,NA,1021.5,NA,1,2024-09-07 08:00:00,102.15,10.4164398
"898",154,"2024-09-07 09:00:00",16.1,9.1,63,0,NA,31,12.6,NA,1021.6,NA,1,2024-09-07 09:00:00,102.16,10.41745952
"899",155,"2024-09-07 10:00:00",16,12,77,0,NA,40,9.4,NA,1023,NA,1,2024-09-07 10:00:00,102.3,10.4317356
"900",156,"2024-09-07 11:00:00",15,12,82,0,NA,40,9.4,NA,1023,NA,1,2024-09-07 11:00:00,102.3,10.4317356
"901",157,"2024-09-07 12:00:00",16,12,77,0,NA,40,11.2,NA,1023,NA,1,2024-09-07 12:00:00,102.3,10.4317356
"902",158,"2024-09-07 13:00:00",18,12,68,0,NA,40,18.4,NA,1024,NA,1,2024-09-07 13:00:00,102.4,10.4419328
"903",159,"2024-09-07 14:00:00",19,12,64,0,NA,30,20.5,NA,1024,NA,1,2024-09-07 14:00:00,102.4,10.4419328
"904",160,"2024-09-07 15:00:00",20,10.1,53,0,NA,50,24,NA,1024,NA,1,2024-09-07 15:00:00,102.4,10.4419328
"905",161,"2024-09-07 16:00:00",21,11.1,53,0,NA,60,13,NA,1024,NA,1,2024-09-07 16:00:00,102.4,10.4419328
"906",162,"2024-09-07 17:00:00",23,11.1,47,0,NA,60,15,NA,1023,NA,1,2024-09-07 17:00:00,102.3,10.4317356
"907",163,"2024-09-07 18:00:00",24,11,44,0,NA,60,15,NA,1023,NA,1,2024-09-07 18:00:00,102.3,10.4317356
"908",164,"2024-09-07 19:00:00",24,9.9,41,0,NA,10,19,NA,1022,NA,1,2024-09-07 19:00:00,102.2,10.4215384
"909",165,"2024-09-07 20:00:00",24,11,44,0,NA,40,15,NA,1021,NA,1,2024-09-07 20:00:00,102.1,10.4113412
"910",166,"2024-09-07 21:00:00",24,9.9,41,0,NA,40,13,NA,1021,NA,1,2024-09-07 21:00:00,102.1,10.4113412
"911",167,"2024-09-07 22:00:00",24,9.9,41,0,NA,60,13,NA,1020,NA,1,2024-09-07 22:00:00,102,10.401144
"912",168,"2024-09-07 23:00:00",23,10.1,44,0,NA,60,9.4,NA,1020,NA,1,2024-09-07 23:00:00,102,10.401144
"913",169,"2024-09-08 00:00:00",20,10.1,53,0,NA,50,5.4,NA,1021,NA,1,2024-09-08,102.1,10.4113412
"914",170,"2024-09-08 01:00:00",18.7,9.2,54,0,NA,47,9.7,NA,1019.6,NA,1,2024-09-08 01:00:00,101.96,10.39706512
"915",171,"2024-09-08 02:00:00",18,9.4,57,0,NA,50,11.5,NA,1020.1,NA,1,2024-09-08 02:00:00,102.01,10.40216372
"916",172,"2024-09-08 03:00:00",16.9,9.3,61,0,NA,61,11.5,NA,1020.8,NA,1,2024-09-08 03:00:00,102.08,10.40930176
"917",173,"2024-09-08 04:00:00",15.8,9,64,0,NA,68,10.4,NA,1020.9,NA,1,2024-09-08 04:00:00,102.09,10.41032148
"918",174,"2024-09-08 05:00:00",15.1,8.8,66,0,NA,72,10.8,NA,1021.1,NA,1,2024-09-08 05:00:00,102.11,10.41236092
"919",175,"2024-09-08 06:00:00",14.7,8.6,67,0,NA,73,9.7,NA,1021.2,NA,1,2024-09-08 06:00:00,102.12,10.41338064
"920",176,"2024-09-08 07:00:00",14.5,8.9,69,0,NA,70,9.4,NA,1021.4,NA,1,2024-09-08 07:00:00,102.14,10.41542008
"921",177,"2024-09-08 08:00:00",14,9,72,0,NA,76,11.2,NA,1021.3,NA,1,2024-09-08 08:00:00,102.13,10.41440036
"922",178,"2024-09-08 09:00:00",13.4,9.1,75,0,NA,80,10.8,NA,1021.6,NA,1,2024-09-08 09:00:00,102.16,10.41745952
"923",179,"2024-09-08 10:00:00",12,11.1,94,0,NA,100,5.4,NA,1022,NA,1,2024-09-08 10:00:00,102.2,10.4215384
"924",180,"2024-09-08 11:00:00",11,11,100,0,NA,80,6,NA,1023,NA,1,2024-09-08 11:00:00,102.3,10.4317356
"925",181,"2024-09-08 12:00:00",12,11.1,94,0,NA,70,5.4,NA,1023,NA,1,2024-09-08 12:00:00,102.3,10.4317356
"926",182,"2024-09-08 13:00:00",15,11,77,0,NA,100,9.4,NA,1024,NA,1,2024-09-08 13:00:00,102.4,10.4419328
"927",183,"2024-09-08 14:00:00",17,9.9,63,0,NA,100,11,NA,1024,NA,1,2024-09-08 14:00:00,102.4,10.4419328
"928",184,"2024-09-08 15:00:00",19,10,56,0,NA,90,11.2,NA,1024,NA,1,2024-09-08 15:00:00,102.4,10.4419328
"929",185,"2024-09-08 16:00:00",21,9.9,49,0,NA,82,7,NA,1024,NA,1,2024-09-08 16:00:00,102.4,10.4419328
"930",186,"2024-09-08 17:00:00",22,10.2,47,0,NA,340,7.6,NA,1024,NA,1,2024-09-08 17:00:00,102.4,10.4419328
"931",187,"2024-09-08 18:00:00",22,10.2,47,0,NA,0,0,NA,1023,NA,1,2024-09-08 18:00:00,102.3,10.4317356
"932",188,"2024-09-08 19:00:00",24,9.9,41,0,NA,80,9,NA,1022,NA,1,2024-09-08 19:00:00,102.2,10.4215384
"933",189,"2024-09-08 20:00:00",24,9.9,41,0,NA,40,11.2,NA,1021,NA,1,2024-09-08 20:00:00,102.1,10.4113412
"934",190,"2024-09-08 21:00:00",25,8.9,36,0,NA,40,14.8,NA,1020,NA,1,2024-09-08 21:00:00,102,10.401144
"935",191,"2024-09-08 22:00:00",25,8.9,36,0,NA,40,7.6,NA,1020,NA,1,2024-09-08 22:00:00,102,10.401144
"936",192,"2024-09-08 23:00:00",24,9.2,39,0,NA,50,7.6,NA,1020,NA,1,2024-09-08 23:00:00,102,10.401144
"937",193,"2024-09-09 00:00:00",20,10.1,53,0,NA,60,9,NA,1020,NA,1,2024-09-09,102,10.401144
"938",194,"2024-09-09 01:00:00",19,8,49,0,NA,60,7.6,NA,1021,NA,1,2024-09-09 01:00:00,102.1,10.4113412
"939",195,"2024-09-09 02:00:00",17.1,9.5,61,0,NA,76,10.1,NA,1020.1,NA,1,2024-09-09 02:00:00,102.01,10.40216372
"940",196,"2024-09-09 03:00:00",15.9,7.1,56,0,NA,116,11.5,NA,1020.8,NA,1,2024-09-09 03:00:00,102.08,10.40930176
"941",197,"2024-09-09 04:00:00",14.4,4.7,52,0,NA,130,11.2,NA,1021.1,NA,1,2024-09-09 04:00:00,102.11,10.41236092
"942",198,"2024-09-09 05:00:00",13.6,3.9,52,0,NA,136,10.8,NA,1021.5,NA,1,2024-09-09 05:00:00,102.15,10.4164398
"943",199,"2024-09-09 06:00:00",13.3,3.9,53,0,NA,131,9.7,NA,1021.7,NA,1,2024-09-09 06:00:00,102.17,10.41847924
"944",200,"2024-09-09 07:00:00",12.8,4.2,56,0,NA,115,10.8,NA,1021.5,NA,1,2024-09-09 07:00:00,102.15,10.4164398
"945",201,"2024-09-09 08:00:00",12.3,4.8,60,0,NA,119,10.4,NA,1021.6,NA,1,2024-09-09 08:00:00,102.16,10.41745952
"946",202,"2024-09-09 09:00:00",11.8,5,63,0,NA,118,10.1,NA,1021.5,NA,1,2024-09-09 09:00:00,102.15,10.4164398
"947",203,"2024-09-09 10:00:00",10,9.1,94,0,NA,110,5.4,NA,1022,NA,1,2024-09-09 10:00:00,102.2,10.4215384
"948",204,"2024-09-09 11:00:00",9,9,100,0,NA,0,0,NA,1023,NA,1,2024-09-09 11:00:00,102.3,10.4317356
"949",205,"2024-09-09 12:00:00",9,9,100,0,NA,0,0,NA,1023,NA,1,2024-09-09 12:00:00,102.3,10.4317356
"950",206,"2024-09-09 13:00:00",13,10,82,0,NA,0,0,NA,1024,NA,1,2024-09-09 13:00:00,102.4,10.4419328
"951",207,"2024-09-09 14:00:00",18,10.1,60,0,NA,90,6,NA,1024,NA,1,2024-09-09 14:00:00,102.4,10.4419328
"952",208,"2024-09-09 15:00:00",19,10,56,0,NA,160,5.4,NA,1024,NA,1,2024-09-09 15:00:00,102.4,10.4419328
"953",209,"2024-09-09 16:00:00",22,11.1,50,0,NA,140,5.4,NA,1024,NA,1,2024-09-09 16:00:00,102.4,10.4419328
"954",210,"2024-09-09 17:00:00",23,9,41,0,NA,90,7.6,NA,1023,NA,1,2024-09-09 17:00:00,102.3,10.4317356
"955",211,"2024-09-09 18:00:00",25,8.9,36,0,NA,90,11.2,NA,1022,NA,1,2024-09-09 18:00:00,102.2,10.4215384
"956",212,"2024-09-09 19:00:00",26,8.9,34,0,NA,30,11,NA,1021,NA,1,2024-09-09 19:00:00,102.1,10.4113412
"957",213,"2024-09-09 20:00:00",26,10.2,37,0,NA,0,0,NA,1021,NA,1,2024-09-09 20:00:00,102.1,10.4113412
"958",214,"2024-09-09 21:00:00",26,10.2,37,0,NA,80,5.4,NA,1021,NA,1,2024-09-09 21:00:00,102.1,10.4113412
"959",215,"2024-09-09 22:00:00",26,11,39,0,NA,30,5.4,NA,1020,NA,1,2024-09-09 22:00:00,102,10.401144
"960",216,"2024-09-09 23:00:00",25,11.9,44,0,NA,60,6,NA,1020,NA,1,2024-09-09 23:00:00,102,10.401144
"961",217,"2024-09-10 00:00:00",21,11.9,56,0,NA,0,0,NA,1020,NA,1,2024-09-10,102,10.401144
"962",218,"2024-09-10 01:00:00",19.2,10.5,57,0,NA,47,10.1,NA,1018,NA,1,2024-09-10 01:00:00,101.8,10.3807496
"963",219,"2024-09-10 02:00:00",17.9,9.3,57,0,NA,110,12.2,NA,1018.8,NA,1,2024-09-10 02:00:00,101.88,10.38890736
"964",220,"2024-09-10 03:00:00",16.3,6.4,52,0,NA,133,12.2,NA,1019.6,NA,1,2024-09-10 03:00:00,101.96,10.39706512
"965",221,"2024-09-10 04:00:00",15.2,6.5,56,0,NA,127,10.8,NA,1019.9,NA,1,2024-09-10 04:00:00,101.99,10.40012428
"966",222,"2024-09-10 05:00:00",14.8,6.1,56,0,NA,134,10.1,NA,1019.8,NA,1,2024-09-10 05:00:00,101.98,10.39910456
"967",223,"2024-09-10 06:00:00",14.4,6.2,58,0,NA,139,8.3,NA,1019.3,NA,1,2024-09-10 06:00:00,101.93,10.39400596
"968",224,"2024-09-10 07:00:00",13.9,6.3,60,0,NA,138,9,NA,1019,NA,1,2024-09-10 07:00:00,101.9,10.3909468
"969",225,"2024-09-10 08:00:00",13.5,5.9,60,0,NA,145,10.4,NA,1018.8,NA,1,2024-09-10 08:00:00,101.88,10.38890736
"970",226,"2024-09-10 09:00:00",13.3,6.4,63,0,NA,141,9.4,NA,1018.6,NA,1,2024-09-10 09:00:00,101.86,10.38686792
"971",227,"2024-09-10 10:00:00",11,11,100,0,NA,120,7.6,NA,1019,NA,1,2024-09-10 10:00:00,101.9,10.3909468
"972",228,"2024-09-10 11:00:00",10,10,100,0,NA,0,0,NA,1020,NA,1,2024-09-10 11:00:00,102,10.401144
"973",229,"2024-09-10 12:00:00",10,10,100,0,NA,0,0,NA,1020,NA,1,2024-09-10 12:00:00,102,10.401144
"974",230,"2024-09-10 13:00:00",15,11,77,0,NA,120,6,NA,1020,NA,1,2024-09-10 13:00:00,102,10.401144
"975",231,"2024-09-10 14:00:00",18,11.1,64,0,NA,130,5.4,NA,1020,NA,1,2024-09-10 14:00:00,102,10.401144
"976",232,"2024-09-10 15:00:00",21,11.9,56,0,NA,140,7.6,NA,1020,NA,1,2024-09-10 15:00:00,102,10.401144
"977",233,"2024-09-10 16:00:00",25,12.9,47,0,NA,180,11.2,NA,1020,NA,1,2024-09-10 16:00:00,102,10.401144
"978",234,"2024-09-10 17:00:00",26,10.2,37,0,NA,140,7.6,NA,1019,NA,1,2024-09-10 17:00:00,101.9,10.3909468
"979",235,"2024-09-10 18:00:00",27,13,42,0,NA,250,6,NA,1018,NA,1,2024-09-10 18:00:00,101.8,10.3807496
"980",236,"2024-09-10 19:00:00",28,13.9,42,0,NA,150,9.4,NA,1018,NA,1,2024-09-10 19:00:00,101.8,10.3807496
"981",237,"2024-09-10 20:00:00",29,14,40,0,NA,160,7.6,NA,1017,NA,1,2024-09-10 20:00:00,101.7,10.3705524
"982",238,"2024-09-10 21:00:00",29,15.2,43,0,NA,140,11.2,NA,1016,NA,1,2024-09-10 21:00:00,101.6,10.3603552
"983",239,"2024-09-10 22:00:00",29,15.9,45,0,NA,160,7.6,NA,1016,NA,1,2024-09-10 22:00:00,101.6,10.3603552
"984",240,"2024-09-10 23:00:00",27,16,51,0,NA,170,6,NA,1016,NA,1,2024-09-10 23:00:00,101.6,10.3603552
"985",241,"2024-09-11 00:00:00",24,16,61,0,NA,0,0,NA,1016,NA,1,2024-09-11,101.6,10.3603552
"986",242,"2024-09-11 01:00:00",21,17,78,0,NA,0,0,NA,1017,NA,1,2024-09-11 01:00:00,101.7,10.3705524
"987",243,"2024-09-11 02:00:00",20.6,14.7,69,0,NA,142,8.3,NA,1014.9,NA,1,2024-09-11 02:00:00,101.49,10.34913828
"988",244,"2024-09-11 03:00:00",20.3,13.7,66,0,NA,138,10.8,NA,1015.4,NA,1,2024-09-11 03:00:00,101.54,10.35423688
"989",245,"2024-09-11 04:00:00",19.7,13.6,68,0,NA,139,11.9,NA,1015.4,NA,1,2024-09-11 04:00:00,101.54,10.35423688
"990",246,"2024-09-11 05:00:00",19.2,13.6,70,0,NA,142,11.9,NA,1015.6,NA,1,2024-09-11 05:00:00,101.56,10.35627632
"991",247,"2024-09-11 06:00:00",19,14.1,73,0,NA,143,11.9,NA,1015.3,NA,1,2024-09-11 06:00:00,101.53,10.35321716
"992",248,"2024-09-11 07:00:00",18.8,14.7,77,0,NA,144,11.5,NA,1015.2,NA,1,2024-09-11 07:00:00,101.52,10.35219744
"993",249,"2024-09-11 08:00:00",18.5,15.2,81,0,NA,141,11.2,NA,1015.2,NA,1,2024-09-11 08:00:00,101.52,10.35219744
"994",250,"2024-09-11 09:00:00",18.2,15.5,84,0,NA,140,9.4,NA,1015.1,NA,1,2024-09-11 09:00:00,101.51,10.35117772
"995",251,"2024-09-11 10:00:00",16,16,100,0,NA,0,0,NA,1017,NA,1,2024-09-11 10:00:00,101.7,10.3705524
"996",252,"2024-09-11 11:00:00",16,16,100,0,NA,110,7.6,NA,1017,NA,1,2024-09-11 11:00:00,101.7,10.3705524
"997",253,"2024-09-11 12:00:00",18,18,100,0,NA,110,7.6,NA,1018,NA,1,2024-09-11 12:00:00,101.8,10.3807496
"998",254,"2024-09-11 13:00:00",21,20,94,0,NA,130,7,NA,1018,NA,1,2024-09-11 13:00:00,101.8,10.3807496
"999",255,"2024-09-11 14:00:00",25,20,74,0,NA,130,7.6,NA,1018,NA,1,2024-09-11 14:00:00,101.8,10.3807496
"1000",256,"2024-09-11 15:00:00",27,21.1,70,0,NA,90,11.2,NA,1018,NA,1,2024-09-11 15:00:00,101.8,10.3807496
"1001",257,"2024-09-11 16:00:00",28,20,62,0,NA,130,9,NA,1017,NA,1,2024-09-11 16:00:00,101.7,10.3705524
"1002",258,"2024-09-11 17:00:00",29,19,55,0,NA,110,14.8,NA,1016,NA,2,2024-09-11 17:00:00,101.6,10.3603552
"1003",259,"2024-09-11 18:00:00",30,20,55,0,NA,140,15,NA,1015,NA,2,2024-09-11 18:00:00,101.5,10.350158
"1004",260,"2024-09-11 19:00:00",29,19,55,0.1,NA,110,11,NA,1015,NA,17,2024-09-11 19:00:00,101.5,10.350158
"1005",261,"2024-09-11 20:00:00",29,19.9,58,0,NA,120,11.2,NA,1014,NA,3,2024-09-11 20:00:00,101.4,10.3399608
"1006",262,"2024-09-11 21:00:00",28,21.1,66,0.5,NA,90,11.2,NA,1014,NA,17,2024-09-11 21:00:00,101.4,10.3399608
"1007",263,"2024-09-11 22:00:00",28,20,62,0.3,NA,140,9.4,NA,1014,NA,8,2024-09-11 22:00:00,101.4,10.3399608
"1008",264,"2024-09-11 23:00:00",26,20.1,70,0,NA,70,7,NA,1013,NA,3,2024-09-11 23:00:00,101.3,10.3297636
"1009",265,"2024-09-12 00:00:00",25,20,74,0,NA,60,7.6,NA,1013,NA,3,2024-09-12,101.3,10.3297636
"1010",266,"2024-09-12 01:00:00",24,19.9,78,0,NA,60,5.4,NA,1014,NA,3,2024-09-12 01:00:00,101.4,10.3399608
"1011",267,"2024-09-12 02:00:00",22.1,17,73,0,NA,65,9.7,NA,1012,NA,3,2024-09-12 02:00:00,101.2,10.3195664
"1012",268,"2024-09-12 03:00:00",21.6,17.2,76,0,NA,90,9.7,NA,1012.3,NA,3,2024-09-12 03:00:00,101.23,10.32262556
"1013",269,"2024-09-12 04:00:00",21.3,17.1,77,0,NA,109,10.4,NA,1012.4,NA,3,2024-09-12 04:00:00,101.24,10.32364528
"1014",270,"2024-09-12 05:00:00",21.2,15.5,70,0,NA,108,10.1,NA,1012.6,NA,3,2024-09-12 05:00:00,101.26,10.32568472
"1015",271,"2024-09-12 06:00:00",20.6,14.9,70,0,NA,86,7.6,NA,1012.3,NA,3,2024-09-12 06:00:00,101.23,10.32262556
"1016",272,"2024-09-12 07:00:00",20.2,14.8,71,0,NA,74,8.6,NA,1012.3,NA,3,2024-09-12 07:00:00,101.23,10.32262556
"1017",273,"2024-09-12 08:00:00",19.9,14.9,73,0,NA,77,8.3,NA,1012,NA,3,2024-09-12 08:00:00,101.2,10.3195664
"1018",274,"2024-09-12 09:00:00",19.5,15.6,78,0,NA,70,7.6,NA,1012,NA,3,2024-09-12 09:00:00,101.2,10.3195664
"1019",275,"2024-09-12 10:00:00",21,20,94,0,NA,0,0,NA,1013,NA,3,2024-09-12 10:00:00,101.3,10.3297636
"1020",276,"2024-09-12 11:00:00",21,21,100,0,NA,70,7.6,NA,1013,NA,3,2024-09-12 11:00:00,101.3,10.3297636
"1021",277,"2024-09-12 12:00:00",20,20,100,0,NA,60,9.4,NA,1014,NA,3,2024-09-12 12:00:00,101.4,10.3399608
"1022",278,"2024-09-12 13:00:00",21,20,94,0,NA,50,11,NA,1014,NA,3,2024-09-12 13:00:00,101.4,10.3399608
"1023",279,"2024-09-12 14:00:00",21,18.9,88,0,NA,60,13,NA,1014,NA,3,2024-09-12 14:00:00,101.4,10.3399608
"1024",280,"2024-09-12 15:00:00",22,19,83,0,NA,50,13,NA,1014,NA,3,2024-09-12 15:00:00,101.4,10.3399608
"1025",281,"2024-09-12 16:00:00",23,20,83,0,NA,70,13,NA,1014,NA,3,2024-09-12 16:00:00,101.4,10.3399608
"1026",282,"2024-09-12 17:00:00",23,20,83,0,NA,70,13,NA,1012.7,NA,3,2024-09-12 17:00:00,101.27,10.32670444
"1027",283,"2024-09-12 18:00:00",22.7,15.8,65,0,NA,53,10.8,NA,1012.6,NA,3,2024-09-12 18:00:00,101.26,10.32568472
"1028",284,"2024-09-12 19:00:00",22,19,83,0,NA,40,15,NA,1013,NA,3,2024-09-12 19:00:00,101.3,10.3297636
"1029",285,"2024-09-12 20:00:00",21,21,100,0,NA,70,5.4,NA,1013,NA,3,2024-09-12 20:00:00,101.3,10.3297636
"1030",286,"2024-09-12 21:00:00",21,21,100,0,NA,20,7.6,NA,1013,NA,3,2024-09-12 21:00:00,101.3,10.3297636
"1031",287,"2024-09-12 22:00:00",21,21,100,0,NA,10,11.2,NA,1013,NA,3,2024-09-12 22:00:00,101.3,10.3297636
"1032",288,"2024-09-12 23:00:00",20,20,100,0.1,NA,20,11,NA,1012,NA,7,2024-09-12 23:00:00,101.2,10.3195664
"1033",289,"2024-09-13 00:00:00",20,20,100,0.2,NA,20,11.2,NA,1012,NA,7,2024-09-13,101.2,10.3195664
"1034",290,"2024-09-13 01:00:00",20,20,100,0.2,NA,60,7.6,NA,1012,NA,7,2024-09-13 01:00:00,101.2,10.3195664
"1035",291,"2024-09-13 02:00:00",17.6,17.4,99,0.2,NA,34,13,NA,1011,NA,7,2024-09-13 02:00:00,101.1,10.3093692
"1036",292,"2024-09-13 03:00:00",17.4,17.2,99,0.4,NA,41,15.5,NA,1011.3,NA,8,2024-09-13 03:00:00,101.13,10.31242836
"1037",293,"2024-09-13 04:00:00",17.4,16.1,92,0.4,NA,42,18,NA,1011.2,NA,8,2024-09-13 04:00:00,101.12,10.31140864
"1038",294,"2024-09-13 05:00:00",17,15.5,91,0.3,NA,32,16.9,NA,1011,NA,8,2024-09-13 05:00:00,101.1,10.3093692
"1039",295,"2024-09-13 06:00:00",16.2,16,99,0.8,NA,17,14.4,NA,1010.7,NA,8,2024-09-13 06:00:00,101.07,10.30631004
"1040",296,"2024-09-13 07:00:00",16.2,16.2,100,1.1,NA,2,13,NA,1010.5,NA,9,2024-09-13 07:00:00,101.05,10.3042706
"1041",297,"2024-09-13 08:00:00",16.3,16.3,100,0.8,NA,3,13.7,NA,1009.9,NA,8,2024-09-13 08:00:00,100.99,10.29815228
"1042",298,"2024-09-13 09:00:00",16.7,16.4,98,0.5,NA,4,14,NA,1009.7,NA,8,2024-09-13 09:00:00,100.97,10.29611284
"1043",299,"2024-09-13 10:00:00",18,18,100,0,NA,350,11.2,NA,1011,NA,3,2024-09-13 10:00:00,101.1,10.3093692
"1044",300,"2024-09-13 11:00:00",19,19,100,0,NA,350,13,NA,1012,NA,3,2024-09-13 11:00:00,101.2,10.3195664
"1045",301,"2024-09-13 12:00:00",19,19,100,0,NA,330,14.8,NA,1012,NA,3,2024-09-13 12:00:00,101.2,10.3195664
"1046",302,"2024-09-13 13:00:00",20,19,94,0,NA,330,15,NA,1012,NA,3,2024-09-13 13:00:00,101.2,10.3195664
"1047",303,"2024-09-13 14:00:00",21,20,94,0,NA,340,16.6,NA,1013,NA,3,2024-09-13 14:00:00,101.3,10.3297636
"1048",304,"2024-09-13 15:00:00",21,21,100,0,NA,360,16.6,NA,1013,NA,3,2024-09-13 15:00:00,101.3,10.3297636
"1049",305,"2024-09-13 16:00:00",21,21,100,0,NA,10,11.2,NA,1012.3,NA,3,2024-09-13 16:00:00,101.23,10.32262556
"1050",306,"2024-09-13 17:00:00",22,21,94,0.1,NA,340,19,NA,1013,NA,7,2024-09-13 17:00:00,101.3,10.3297636
"1051",307,"2024-09-13 18:00:00",24,20.9,83,0,NA,10,11.2,NA,1013,NA,3,2024-09-13 18:00:00,101.3,10.3297636
"1052",308,"2024-09-13 19:00:00",24,20.9,83,0,NA,30,16.6,NA,1012,NA,3,2024-09-13 19:00:00,101.2,10.3195664
"1053",309,"2024-09-13 20:00:00",23,21.1,89,0,NA,20,15,NA,1013,NA,3,2024-09-13 20:00:00,101.3,10.3297636
"1054",310,"2024-09-13 21:00:00",24.7,16.7,61,0,NA,23,10.8,NA,1010.9,NA,3,2024-09-13 21:00:00,101.09,10.30834948
"1055",311,"2024-09-13 22:00:00",22,22,100,0,NA,80,14.8,NA,1014,NA,3,2024-09-13 22:00:00,101.4,10.3399608
"1056",312,"2024-09-13 23:00:00",23.6,16.9,66,0,NA,54,10.1,NA,1011.4,NA,3,2024-09-13 23:00:00,101.14,10.31344808
"1057",313,"2024-09-14 00:00:00",22.1,17.5,75,0,NA,66,9.4,NA,1011.8,NA,3,2024-09-14,101.18,10.31752696
"1058",314,"2024-09-14 01:00:00",20.3,17.9,86,0,NA,73,9.4,NA,1012,NA,3,2024-09-14 01:00:00,101.2,10.3195664
"1059",315,"2024-09-14 02:00:00",19.5,18,91,0,NA,67,8.6,NA,1012.4,NA,1,2024-09-14 02:00:00,101.24,10.32364528
"1060",316,"2024-09-14 03:00:00",18.8,17.8,94,0,NA,82,9.7,NA,1013,NA,1,2024-09-14 03:00:00,101.3,10.3297636
"1061",317,"2024-09-14 04:00:00",18.6,17.4,93,0,NA,46,6.5,NA,1013.8,NA,1,2024-09-14 04:00:00,101.38,10.33792136
"1062",318,"2024-09-14 05:00:00",18.2,17.2,94,0,NA,9,5.4,NA,1014.3,NA,1,2024-09-14 05:00:00,101.43,10.34301996
"1063",319,"2024-09-14 06:00:00",17.8,17.2,96,0,NA,32,6.8,NA,1014.4,NA,1,2024-09-14 06:00:00,101.44,10.34403968
"1064",320,"2024-09-14 07:00:00",17.7,17.2,97,0,NA,49,9,NA,1014.2,NA,1,2024-09-14 07:00:00,101.42,10.34200024
"1065",321,"2024-09-14 08:00:00",17.4,17.2,99,0,NA,64,9,NA,1014,NA,1,2024-09-14 08:00:00,101.4,10.3399608
"1066",322,"2024-09-14 09:00:00",17.4,17.2,99,0,NA,62,8.3,NA,1014,NA,3,2024-09-14 09:00:00,101.4,10.3399608
"1067",323,"2024-09-14 10:00:00",18,18,100,0,NA,50,6,NA,1016,NA,3,2024-09-14 10:00:00,101.6,10.3603552
"1068",324,"2024-09-14 11:00:00",18,18,100,0,NA,0,0,NA,1016,NA,5,2024-09-14 11:00:00,101.6,10.3603552
"1069",325,"2024-09-14 12:00:00",19,19,100,0,NA,60,9.4,NA,1016,NA,3,2024-09-14 12:00:00,101.6,10.3603552
"1070",326,"2024-09-14 13:00:00",21,21,100,0,NA,52,5.4,NA,1017,NA,3,2024-09-14 13:00:00,101.7,10.3705524
"1071",327,"2024-09-14 14:00:00",23,23,100,0,NA,60,11,NA,1017,NA,3,2024-09-14 14:00:00,101.7,10.3705524
"1072",328,"2024-09-14 15:00:00",23,23,100,0,NA,90,14.8,NA,1017,NA,3,2024-09-14 15:00:00,101.7,10.3705524
"1073",329,"2024-09-14 16:00:00",25,23.1,89,0,NA,60,7,NA,1017,NA,3,2024-09-14 16:00:00,101.7,10.3705524
"1074",330,"2024-09-14 17:00:00",26,23.1,84,0,NA,90,17,NA,1017,NA,3,2024-09-14 17:00:00,101.7,10.3705524
"1075",331,"2024-09-14 18:00:00",28,22.9,74,0,NA,60,16.6,NA,1016,NA,3,2024-09-14 18:00:00,101.6,10.3603552
"1076",332,"2024-09-14 19:00:00",28,22,70,0,NA,60,14.8,NA,1016,NA,3,2024-09-14 19:00:00,101.6,10.3603552
"1077",333,"2024-09-14 20:00:00",28,22,70,0,NA,60,16.6,NA,1015,NA,3,2024-09-14 20:00:00,101.5,10.350158
"1078",334,"2024-09-14 21:00:00",28,22,70,0,NA,90,7.6,NA,1015,NA,3,2024-09-14 21:00:00,101.5,10.350158
"1079",335,"2024-09-14 22:00:00",28,22,70,0,NA,90,20.5,NA,1015,NA,3,2024-09-14 22:00:00,101.5,10.350158
"1080",336,"2024-09-14 23:00:00",26.5,17.8,59,0,NA,61,13.7,NA,1013.5,NA,3,2024-09-14 23:00:00,101.35,10.3348622
"1081",337,"2024-09-15 00:00:00",24.7,18.4,68,0,NA,60,11.5,NA,1013.7,NA,1,2024-09-15,101.37,10.33690164
"1082",338,"2024-09-15 01:00:00",22.6,18.4,77,0,NA,72,10.8,NA,1014,NA,1,2024-09-15 01:00:00,101.4,10.3399608
"1083",339,"2024-09-15 02:00:00",21.6,18.4,82,0,NA,82,11.2,NA,1014.9,NA,1,2024-09-15 02:00:00,101.49,10.34913828
"1084",340,"2024-09-15 03:00:00",20.9,18.7,87,0,NA,80,11.9,NA,1015.9,NA,1,2024-09-15 03:00:00,101.59,10.35933548
"1085",341,"2024-09-15 04:00:00",20.4,18.5,89,0,NA,92,11.5,NA,1016,NA,1,2024-09-15 04:00:00,101.6,10.3603552
"1086",342,"2024-09-15 05:00:00",19.7,18.7,94,0,NA,84,10.8,NA,1016.2,NA,1,2024-09-15 05:00:00,101.62,10.36239464
"1087",343,"2024-09-15 06:00:00",19.3,18.6,96,0,NA,88,10.4,NA,1016.2,NA,1,2024-09-15 06:00:00,101.62,10.36239464
"1088",344,"2024-09-15 07:00:00",19.9,19.1,95,0,NA,62,6.8,NA,1016.6,NA,3,2024-09-15 07:00:00,101.66,10.36647352
"1089",345,"2024-09-15 08:00:00",20.1,19.1,94,0,NA,53,7.9,NA,1016.5,NA,3,2024-09-15 08:00:00,101.65,10.3654538
"1090",346,"2024-09-15 09:00:00",18.8,18.5,98,0,NA,72,9,NA,1015.8,NA,3,2024-09-15 09:00:00,101.58,10.35831576
"1091",347,"2024-09-15 10:00:00",20,20,100,0,NA,80,5.4,NA,1017,NA,3,2024-09-15 10:00:00,101.7,10.3705524
"1092",348,"2024-09-15 11:00:00",20,20,100,0,NA,90,7.6,NA,1018,NA,3,2024-09-15 11:00:00,101.8,10.3807496
"1093",349,"2024-09-15 12:00:00",20,20,100,0,NA,70,6,NA,1018,NA,3,2024-09-15 12:00:00,101.8,10.3807496
"1094",350,"2024-09-15 13:00:00",21,21,100,0,NA,70,7.6,NA,1018,NA,3,2024-09-15 13:00:00,101.8,10.3807496
"1095",351,"2024-09-15 14:00:00",23,23,100,0,NA,80,16.6,NA,1018,NA,3,2024-09-15 14:00:00,101.8,10.3807496
"1096",352,"2024-09-15 15:00:00",24,24,100,0,NA,70,16.6,NA,1018,NA,3,2024-09-15 15:00:00,101.8,10.3807496
"1097",353,"2024-09-15 16:00:00",27,23,79,0,NA,90,18.4,NA,1018,NA,3,2024-09-15 16:00:00,101.8,10.3807496
"1098",354,"2024-09-15 17:00:00",28,22.9,74,0,NA,60,20.5,NA,1018,NA,3,2024-09-15 17:00:00,101.8,10.3807496
"1099",355,"2024-09-15 18:00:00",27,22,74,0,NA,80,20,NA,1018,NA,3,2024-09-15 18:00:00,101.8,10.3807496
"1100",356,"2024-09-15 19:00:00",28,22,70,0,NA,90,18.4,NA,1018,NA,3,2024-09-15 19:00:00,101.8,10.3807496
"1101",357,"2024-09-15 20:00:00",27,22,74,0,NA,70,20.5,NA,1017,NA,3,2024-09-15 20:00:00,101.7,10.3705524
"1102",358,"2024-09-15 21:00:00",26,22.1,79,0,NA,80,27.7,NA,1017,NA,3,2024-09-15 21:00:00,101.7,10.3705524
"1103",359,"2024-09-15 22:00:00",25,22.1,84,0,NA,70,19,NA,1017,NA,3,2024-09-15 22:00:00,101.7,10.3705524
"1104",360,"2024-09-15 23:00:00",24,22.1,89,0,NA,60,14.8,NA,1017,NA,3,2024-09-15 23:00:00,101.7,10.3705524
"1105",361,"2024-09-16 00:00:00",23,22,94,0,NA,80,13,NA,1017,NA,3,2024-09-16,101.7,10.3705524
"1106",362,"2024-09-16 01:00:00",22,22,100,0,NA,80,14.8,NA,1017,NA,3,2024-09-16 01:00:00,101.7,10.3705524
"1107",363,"2024-09-16 02:00:00",21.8,18.4,81,0,NA,90,13,NA,1016.2,NA,1,2024-09-16 02:00:00,101.62,10.36239464
"1108",364,"2024-09-16 03:00:00",20.9,18.7,87,0,NA,94,13.3,NA,1017.3,NA,1,2024-09-16 03:00:00,101.73,10.37361156
"1109",365,"2024-09-16 04:00:00",20.2,18.9,92,0,NA,88,11.9,NA,1017.5,NA,1,2024-09-16 04:00:00,101.75,10.375651
"1110",366,"2024-09-16 05:00:00",19.1,17.8,92,0,NA,79,10.8,NA,1017.6,NA,1,2024-09-16 05:00:00,101.76,10.37667072
"1111",367,"2024-09-16 06:00:00",18.6,17.8,95,0,NA,73,9.7,NA,1017.5,NA,1,2024-09-16 06:00:00,101.75,10.375651
"1112",368,"2024-09-16 07:00:00",18.3,18,98,0,NA,69,9.4,NA,1017.4,NA,1,2024-09-16 07:00:00,101.74,10.37463128
"1113",369,"2024-09-16 08:00:00",18.1,17.9,99,0,NA,65,8.6,NA,1016.9,NA,1,2024-09-16 08:00:00,101.69,10.36953268
"1114",370,"2024-09-16 09:00:00",18,17.8,99,0,NA,65,8.3,NA,1016.7,NA,1,2024-09-16 09:00:00,101.67,10.36749324
"1115",371,"2024-09-16 10:00:00",21,21,100,0,NA,40,5.4,NA,1017,NA,1,2024-09-16 10:00:00,101.7,10.3705524
"1116",372,"2024-09-16 11:00:00",21,21,100,0,NA,60,9.4,NA,1018,NA,3,2024-09-16 11:00:00,101.8,10.3807496
"1117",373,"2024-09-16 12:00:00",21,21,100,0,NA,50,11.2,NA,1018,NA,3,2024-09-16 12:00:00,101.8,10.3807496
"1118",374,"2024-09-16 13:00:00",21,21,100,0,NA,70,11,NA,1018,NA,3,2024-09-16 13:00:00,101.8,10.3807496
"1119",375,"2024-09-16 14:00:00",23,23,100,0,NA,80,13,NA,1018,NA,3,2024-09-16 14:00:00,101.8,10.3807496
"1120",376,"2024-09-16 15:00:00",23,23,100,0,NA,80,13,NA,1019,NA,3,2024-09-16 15:00:00,101.9,10.3909468
"1121",377,"2024-09-16 16:00:00",23,23,100,0,NA,70,14.8,NA,1019,NA,3,2024-09-16 16:00:00,101.9,10.3909468
"1122",378,"2024-09-16 17:00:00",22,22,100,0.1,NA,50,15,NA,1019,NA,5,2024-09-16 17:00:00,101.9,10.3909468
"1123",379,"2024-09-16 18:00:00",23,23,100,0,NA,80,13,NA,1018,NA,3,2024-09-16 18:00:00,101.8,10.3807496
"1124",380,"2024-09-16 19:00:00",24,24,100,0,NA,60,15,NA,1018,NA,2,2024-09-16 19:00:00,101.8,10.3807496
"1125",381,"2024-09-16 20:00:00",25.5,18.2,64,0,NA,70,14.8,NA,1015.6,NA,3,2024-09-16 20:00:00,101.56,10.35627632
"1126",382,"2024-09-16 21:00:00",23,23,100,0.4,NA,60,15,NA,1017,NA,17,2024-09-16 21:00:00,101.7,10.3705524
"1127",383,"2024-09-16 22:00:00",23,23,100,0,NA,70,13,NA,1018,NA,2,2024-09-16 22:00:00,101.8,10.3807496
"1128",384,"2024-09-16 23:00:00",23,23,100,0,NA,70,16.6,NA,1018,NA,2,2024-09-16 23:00:00,101.8,10.3807496
"1129",385,"2024-09-17 00:00:00",22,22,100,0,NA,90,13,NA,1018,NA,2,2024-09-17,101.8,10.3807496
"1130",386,"2024-09-17 01:00:00",21,21,100,0,NA,80,9.4,NA,1018,NA,1,2024-09-17 01:00:00,101.8,10.3807496
"1131",387,"2024-09-17 02:00:00",21.2,18.4,84,0,NA,88,10.4,NA,1016.9,NA,1,2024-09-17 02:00:00,101.69,10.36953268
"1132",388,"2024-09-17 03:00:00",20.6,18.5,88,0,NA,91,10.8,NA,1017.4,NA,1,2024-09-17 03:00:00,101.74,10.37463128
"1133",389,"2024-09-17 04:00:00",20,18.7,92,0,NA,97,10.4,NA,1017.4,NA,1,2024-09-17 04:00:00,101.74,10.37463128
"1134",390,"2024-09-17 05:00:00",19.7,18.5,93,0,NA,102,10.4,NA,1017.2,NA,1,2024-09-17 05:00:00,101.72,10.37259184
"1135",391,"2024-09-17 06:00:00",19.4,18.6,95,0,NA,103,9.7,NA,1016.8,NA,1,2024-09-17 06:00:00,101.68,10.36851296
"1136",392,"2024-09-17 07:00:00",19,18.3,96,0,NA,104,8.6,NA,1016.8,NA,1,2024-09-17 07:00:00,101.68,10.36851296
"1137",393,"2024-09-17 08:00:00",18.8,18.1,96,0,NA,103,7.6,NA,1016.7,NA,1,2024-09-17 08:00:00,101.67,10.36749324
"1138",394,"2024-09-17 09:00:00",18.7,18,96,0,NA,96,6.8,NA,1016.7,NA,1,2024-09-17 09:00:00,101.67,10.36749324
"1139",395,"2024-09-17 10:00:00",19,19,100,0,NA,90,5.4,NA,1018,NA,5,2024-09-17 10:00:00,101.8,10.3807496
"1140",396,"2024-09-17 11:00:00",19,19,100,0,NA,90,7.6,NA,1018,NA,5,2024-09-17 11:00:00,101.8,10.3807496
"1141",397,"2024-09-17 12:00:00",19,19,100,0,NA,60,9,NA,1019,NA,5,2024-09-17 12:00:00,101.9,10.3909468
"1142",398,"2024-09-17 13:00:00",20,20,100,0,NA,70,7.6,NA,1019,NA,5,2024-09-17 13:00:00,101.9,10.3909468
"1143",399,"2024-09-17 14:00:00",21,21,100,0,NA,90,9.4,NA,1019,NA,5,2024-09-17 14:00:00,101.9,10.3909468
"1144",400,"2024-09-17 15:00:00",23,23,100,0,NA,0,0,NA,1019,NA,5,2024-09-17 15:00:00,101.9,10.3909468
"1145",401,"2024-09-17 16:00:00",25,24,94,0,NA,130,7,NA,1019,NA,1,2024-09-17 16:00:00,101.9,10.3909468
"1146",402,"2024-09-17 17:00:00",26,23.1,84,0,NA,100,9.4,NA,1018,NA,3,2024-09-17 17:00:00,101.8,10.3807496
"1147",403,"2024-09-17 18:00:00",27,23,79,0,NA,140,11.2,NA,1018,NA,3,2024-09-17 18:00:00,101.8,10.3807496
"1148",404,"2024-09-17 19:00:00",28,22.9,74,0,NA,160,11.2,NA,1017,NA,3,2024-09-17 19:00:00,101.7,10.3705524
"1149",405,"2024-09-17 20:00:00",28,22.9,74,0.2,NA,90,6,NA,1016,NA,17,2024-09-17 20:00:00,101.6,10.3603552
"1150",406,"2024-09-17 21:00:00",28,22.9,74,0,NA,90,9.4,NA,1015,NA,2,2024-09-17 21:00:00,101.5,10.350158
"1151",407,"2024-09-17 22:00:00",28,22.9,74,0,NA,0,0,NA,1015,NA,2,2024-09-17 22:00:00,101.5,10.350158
"1152",408,"2024-09-17 23:00:00",27,23,79,0,NA,120,13,NA,1015,NA,2,2024-09-17 23:00:00,101.5,10.350158
"1153",409,"2024-09-18 00:00:00",26,23.1,84,0,NA,120,5.4,NA,1015,NA,2,2024-09-18,101.5,10.350158
"1154",410,"2024-09-18 01:00:00",25,23.1,89,0,NA,120,5.4,NA,1015,NA,3,2024-09-18 01:00:00,101.5,10.350158
"1155",411,"2024-09-18 02:00:00",22.2,18.2,78,0,NA,126,10.4,NA,1013.8,NA,2,2024-09-18 02:00:00,101.38,10.33792136
"1156",412,"2024-09-18 03:00:00",21.3,18.1,82,0,NA,130,9.7,NA,1014.5,NA,2,2024-09-18 03:00:00,101.45,10.3450594
"1157",413,"2024-09-18 04:00:00",20.5,17.9,85,0,NA,131,9.4,NA,1014.6,NA,1,2024-09-18 04:00:00,101.46,10.34607912
"1158",414,"2024-09-18 05:00:00",20.1,17.5,85,0,NA,137,9.4,NA,1014.7,NA,1,2024-09-18 05:00:00,101.47,10.34709884
"1159",415,"2024-09-18 06:00:00",19.7,16.7,83,0,NA,139,9.7,NA,1014.3,NA,1,2024-09-18 06:00:00,101.43,10.34301996
"1160",416,"2024-09-18 07:00:00",19.3,16.7,85,0,NA,142,9.7,NA,1014,NA,1,2024-09-18 07:00:00,101.4,10.3399608
"1161",417,"2024-09-18 08:00:00",19.1,16.3,84,0,NA,138,9.4,NA,1013.7,NA,1,2024-09-18 08:00:00,101.37,10.33690164
"1162",418,"2024-09-18 09:00:00",18.9,16.1,84,0,NA,142,8.6,NA,1013.8,NA,1,2024-09-18 09:00:00,101.38,10.33792136
"1163",419,"2024-09-18 10:00:00",19,19,100,0,NA,0,0,NA,1015,NA,1,2024-09-18 10:00:00,101.5,10.350158
"1164",420,"2024-09-18 11:00:00",19,19,100,0,NA,147,8.6,NA,1016,NA,1,2024-09-18 11:00:00,101.6,10.3603552
"1165",421,"2024-09-18 12:00:00",20,20,100,0,NA,0,0,NA,1016,NA,1,2024-09-18 12:00:00,101.6,10.3603552
"1166",422,"2024-09-18 13:00:00",22,22,100,0,NA,130,5.4,NA,1017,NA,1,2024-09-18 13:00:00,101.7,10.3705524
"1167",423,"2024-09-18 14:00:00",25,22.1,84,0,NA,170,9.4,NA,1017,NA,1,2024-09-18 14:00:00,101.7,10.3705524
"1168",424,"2024-09-18 15:00:00",26,22.1,79,0,NA,80,14.8,NA,1017,NA,1,2024-09-18 15:00:00,101.7,10.3705524
"1169",425,"2024-09-18 16:00:00",28,22,70,0,NA,200,9,NA,1016,NA,1,2024-09-18 16:00:00,101.6,10.3603552
"1170",426,"2024-09-18 17:00:00",28,22,70,0,NA,190,5.4,NA,1015,NA,1,2024-09-18 17:00:00,101.5,10.350158
"1171",427,"2024-09-18 18:00:00",28,22,70,0,NA,110,7.6,NA,1015,NA,3,2024-09-18 18:00:00,101.5,10.350158
"1172",428,"2024-09-18 19:00:00",29,22,66,0,NA,170,13,NA,1014,NA,3,2024-09-18 19:00:00,101.4,10.3399608
"1173",429,"2024-09-18 20:00:00",29,22,66,0,NA,170,9.4,NA,1014,NA,3,2024-09-18 20:00:00,101.4,10.3399608
"1174",430,"2024-09-18 21:00:00",29,21,62,0,NA,190,19,NA,1013,NA,3,2024-09-18 21:00:00,101.3,10.3297636
"1175",431,"2024-09-18 22:00:00",30,21.9,62,0,NA,130,9.4,NA,1013,NA,3,2024-09-18 22:00:00,101.3,10.3297636
"1176",432,"2024-09-18 23:00:00",28,21.1,66,0,NA,160,11.2,NA,1013,NA,3,2024-09-18 23:00:00,101.3,10.3297636
"1177",433,"2024-09-19 00:00:00",26,21,74,0,NA,160,5.4,NA,1013,NA,3,2024-09-19,101.3,10.3297636
"1178",434,"2024-09-19 01:00:00",24,22.1,89,0,NA,0,0,NA,1014,NA,2,2024-09-19 01:00:00,101.4,10.3399608
"1179",435,"2024-09-19 02:00:00",23.1,17.6,71,0,NA,154,10.4,NA,1012,NA,1,2024-09-19 02:00:00,101.2,10.3195664
"1180",436,"2024-09-19 03:00:00",21.8,17.2,75,0,NA,135,10.8,NA,1012.8,NA,1,2024-09-19 03:00:00,101.28,10.32772416
"1181",437,"2024-09-19 04:00:00",21.2,17,77,0,NA,138,10.1,NA,1013.4,NA,1,2024-09-19 04:00:00,101.34,10.33384248
"1182",438,"2024-09-19 05:00:00",20.9,16.7,77,0,NA,143,10.8,NA,1013.4,NA,1,2024-09-19 05:00:00,101.34,10.33384248
"1183",439,"2024-09-19 06:00:00",20.6,16,75,0,NA,144,11.2,NA,1013.4,NA,1,2024-09-19 06:00:00,101.34,10.33384248
"1184",440,"2024-09-19 07:00:00",20.4,15.4,73,0,NA,151,11.2,NA,1013.3,NA,1,2024-09-19 07:00:00,101.33,10.33282276
"1185",441,"2024-09-19 08:00:00",20.1,15.1,73,0,NA,154,11.2,NA,1012.8,NA,1,2024-09-19 08:00:00,101.28,10.32772416
"1186",442,"2024-09-19 09:00:00",20.1,15.1,73,0,NA,162,10.8,NA,1012.6,NA,1,2024-09-19 09:00:00,101.26,10.32568472
"1187",443,"2024-09-19 10:00:00",21,21,100,0,NA,130,5.4,NA,1014,NA,3,2024-09-19 10:00:00,101.4,10.3399608
"1188",444,"2024-09-19 11:00:00",20,20,100,0,NA,150,7,NA,1015,NA,3,2024-09-19 11:00:00,101.5,10.350158
"1189",445,"2024-09-19 12:00:00",21,21,100,0,NA,130,7.6,NA,1015,NA,3,2024-09-19 12:00:00,101.5,10.350158
"1190",446,"2024-09-19 13:00:00",24,22.1,89,0,NA,150,9.4,NA,1015,NA,2,2024-09-19 13:00:00,101.5,10.350158
"1191",447,"2024-09-19 14:00:00",27,23,79,0,NA,190,20.5,NA,1016,NA,3,2024-09-19 14:00:00,101.6,10.3603552
"1192",448,"2024-09-19 15:00:00",27,23,79,0,NA,200,13,NA,1016,NA,3,2024-09-19 15:00:00,101.6,10.3603552
"1193",449,"2024-09-19 16:00:00",30,23.9,70,0,NA,190,22,NA,1016,NA,3,2024-09-19 16:00:00,101.6,10.3603552
"1194",450,"2024-09-19 17:00:00",31,25.1,71,0,NA,200,18.4,NA,1015,NA,1,2024-09-19 17:00:00,101.5,10.350158
"1195",451,"2024-09-19 18:00:00",32,25.1,67,0,NA,220,18.4,NA,1014,NA,1,2024-09-19 18:00:00,101.4,10.3399608
"1196",452,"2024-09-19 19:00:00",32,25.1,67,0,NA,230,13,NA,1013,NA,1,2024-09-19 19:00:00,101.3,10.3297636
"1197",453,"2024-09-19 20:00:00",33,26.1,67,0,NA,230,19,NA,1013,NA,1,2024-09-19 20:00:00,101.3,10.3297636
"1198",454,"2024-09-19 21:00:00",33,25,63,0,NA,210,14.8,NA,1012,NA,1,2024-09-19 21:00:00,101.2,10.3195664
"1199",455,"2024-09-19 22:00:00",32,25.1,67,0,NA,160,14.8,NA,1012,NA,1,2024-09-19 22:00:00,101.2,10.3195664
"1200",456,"2024-09-19 23:00:00",30,25.1,75,0,NA,170,11.2,NA,1011,NA,1,2024-09-19 23:00:00,101.1,10.3093692
"1201",457,"2024-09-20 00:00:00",29,24.1,75,0,NA,170,9.4,NA,1012,NA,3,2024-09-20,101.2,10.3195664
"1202",458,"2024-09-20 01:00:00",28,24,79,0,NA,180,9.4,NA,1012,NA,2,2024-09-20 01:00:00,101.2,10.3195664
"1203",459,"2024-09-20 02:00:00",26,19.2,66,0,NA,178,9.4,NA,1010.5,NA,3,2024-09-20 02:00:00,101.05,10.3042706
"1204",460,"2024-09-20 03:00:00",25,19.1,70,0,NA,167,11.2,NA,1011.4,NA,3,2024-09-20 03:00:00,101.14,10.31344808
"1205",461,"2024-09-20 04:00:00",24.7,18.4,68,0,NA,166,13,NA,1011.3,NA,2,2024-09-20 04:00:00,101.13,10.31242836
"1206",462,"2024-09-20 05:00:00",24.6,17.8,66,0,NA,170,12.6,NA,1011.3,NA,1,2024-09-20 05:00:00,101.13,10.31242836
"1207",463,"2024-09-20 06:00:00",24.2,17.7,67,0,NA,180,12.6,NA,1011.2,NA,1,2024-09-20 06:00:00,101.12,10.31140864
"1208",464,"2024-09-20 07:00:00",23.8,18.2,71,0,NA,186,11.9,NA,1011.3,NA,1,2024-09-20 07:00:00,101.13,10.31242836
"1209",465,"2024-09-20 08:00:00",23.5,18.6,74,0,NA,186,11.5,NA,1011.3,NA,1,2024-09-20 08:00:00,101.13,10.31242836
"1210",466,"2024-09-20 09:00:00",23.9,19.6,77,0,NA,204,11.9,NA,1010.7,NA,1,2024-09-20 09:00:00,101.07,10.30631004
"1211",467,"2024-09-20 10:00:00",23,23,100,0,NA,150,6,NA,1013,NA,2,2024-09-20 10:00:00,101.3,10.3297636
"1212",468,"2024-09-20 11:00:00",23,23,100,0,NA,160,5.4,NA,1013,NA,2,2024-09-20 11:00:00,101.3,10.3297636
"1213",469,"2024-09-20 12:00:00",24,24,100,0,NA,160,5.4,NA,1014,NA,1,2024-09-20 12:00:00,101.4,10.3399608
"1214",470,"2024-09-20 13:00:00",27,25,89,0,NA,210,11.2,NA,1014,NA,1,2024-09-20 13:00:00,101.4,10.3399608
"1215",471,"2024-09-20 14:00:00",29,25,79,0,NA,220,20.5,NA,1014,NA,1,2024-09-20 14:00:00,101.4,10.3399608
"1216",472,"2024-09-20 15:00:00",31,25.1,71,0,NA,230,19,NA,1014,NA,1,2024-09-20 15:00:00,101.4,10.3399608
"1217",473,"2024-09-20 16:00:00",32,25.1,67,0,NA,230,16.6,NA,1014,NA,2,2024-09-20 16:00:00,101.4,10.3399608
"1218",474,"2024-09-20 17:00:00",32,25.1,67,0,NA,230,13,NA,1014,NA,1,2024-09-20 17:00:00,101.4,10.3399608
"1219",475,"2024-09-20 18:00:00",33,25,63,0,NA,260,14.8,NA,1014,NA,1,2024-09-20 18:00:00,101.4,10.3399608
"1220",476,"2024-09-20 19:00:00",34,25.1,60,0,NA,280,7.6,NA,1013,NA,3,2024-09-20 19:00:00,101.3,10.3297636
"1221",477,"2024-09-20 20:00:00",32,25.1,67,0,NA,320,6,NA,1012,NA,3,2024-09-20 20:00:00,101.2,10.3195664
"1222",478,"2024-09-20 21:00:00",33,25,63,0,NA,160,9.4,NA,1011,NA,2,2024-09-20 21:00:00,101.1,10.3093692
"1223",479,"2024-09-20 22:00:00",34,26,63,0,NA,230,11.2,NA,1011,NA,3,2024-09-20 22:00:00,101.1,10.3093692
"1224",480,"2024-09-20 23:00:00",32,26.1,71,0,NA,200,11.2,NA,1012,NA,2,2024-09-20 23:00:00,101.2,10.3195664
"1225",481,"2024-09-21 00:00:00",30,26,79,0,NA,0,0,NA,1012,NA,3,2024-09-21,101.2,10.3195664
"1226",482,"2024-09-21 01:00:00",28,26,89,0,NA,0,0,NA,1012,NA,3,2024-09-21 01:00:00,101.2,10.3195664
"1227",483,"2024-09-21 02:00:00",26.4,20.5,70,0,NA,161,9.7,NA,1010.7,NA,3,2024-09-21 02:00:00,101.07,10.30631004
"1228",484,"2024-09-21 03:00:00",25.8,20.1,71,0,NA,167,11.2,NA,1011.5,NA,3,2024-09-21 03:00:00,101.15,10.3144678
"1229",485,"2024-09-21 04:00:00",26,19.6,68,0,NA,169,10.8,NA,1011.8,NA,3,2024-09-21 04:00:00,101.18,10.31752696
"1230",486,"2024-09-21 05:00:00",25,19.6,72,0,NA,181,12.2,NA,1011.8,NA,3,2024-09-21 05:00:00,101.18,10.31752696
"1231",487,"2024-09-21 06:00:00",24.8,19.9,74,0,NA,185,12.2,NA,1012,NA,1,2024-09-21 06:00:00,101.2,10.3195664
"1232",488,"2024-09-21 07:00:00",24.5,19.8,75,0,NA,190,11.5,NA,1011.8,NA,2,2024-09-21 07:00:00,101.18,10.31752696
"1233",489,"2024-09-21 08:00:00",24.2,19.9,77,0,NA,197,11.2,NA,1011.6,NA,2,2024-09-21 08:00:00,101.16,10.31548752
"1234",490,"2024-09-21 09:00:00",24.1,19.8,77,0,NA,203,11.9,NA,1011.4,NA,1,2024-09-21 09:00:00,101.14,10.31344808
"1235",491,"2024-09-21 10:00:00",24,24,100,0,NA,0,0,NA,1014,NA,3,2024-09-21 10:00:00,101.4,10.3399608
"1236",492,"2024-09-21 11:00:00",23,23,100,0,NA,140,6,NA,1014,NA,2,2024-09-21 11:00:00,101.4,10.3399608
"1237",493,"2024-09-21 12:00:00",24,24,100,0,NA,150,5.4,NA,1015,NA,1,2024-09-21 12:00:00,101.5,10.350158
"1238",494,"2024-09-21 13:00:00",26,26,100,0,NA,140,7.6,NA,1015,NA,1,2024-09-21 13:00:00,101.5,10.350158
"1239",495,"2024-09-21 14:00:00",27,27,100,0,NA,140,5.4,NA,1016,NA,1,2024-09-21 14:00:00,101.6,10.3603552
"1240",496,"2024-09-21 15:00:00",30,25.1,75,0,NA,260,13,NA,1016,NA,1,2024-09-21 15:00:00,101.6,10.3603552
"1241",497,"2024-09-21 16:00:00",31,25.1,71,0,NA,220,11.2,NA,1015,NA,2,2024-09-21 16:00:00,101.5,10.350158
"1242",498,"2024-09-21 17:00:00",32,25.1,67,0,NA,170,11.2,NA,1015,NA,3,2024-09-21 17:00:00,101.5,10.350158
"1243",499,"2024-09-21 18:00:00",33,25,63,0,NA,170,5.4,NA,1014,NA,3,2024-09-21 18:00:00,101.4,10.3399608
"1244",500,"2024-09-21 19:00:00",34,25.1,60,0,NA,190,16.6,NA,1013,NA,3,2024-09-21 19:00:00,101.3,10.3297636
"1245",501,"2024-09-21 20:00:00",34,25.1,60,0,NA,180,20,NA,1013,NA,3,2024-09-21 20:00:00,101.3,10.3297636
"1246",502,"2024-09-21 21:00:00",35,24.9,56,0.6,NA,190,22.3,NA,1013,NA,17,2024-09-21 21:00:00,101.3,10.3297636
"1247",503,"2024-09-21 22:00:00",33,25,63,2.3,NA,210,22.3,NA,1012,NA,18,2024-09-21 22:00:00,101.2,10.3195664
"1248",504,"2024-09-21 23:00:00",32,24.1,63,0,NA,210,16.6,NA,1012,NA,2,2024-09-21 23:00:00,101.2,10.3195664
"1249",505,"2024-09-22 00:00:00",30,23.9,70,0,NA,0,0,NA,1013,NA,2,2024-09-22,101.3,10.3297636
"1250",506,"2024-09-22 01:00:00",29,24.1,75,0,NA,130,7.6,NA,1014,NA,1,2024-09-22 01:00:00,101.4,10.3399608
"1251",507,"2024-09-22 02:00:00",25,20.9,78,0,NA,154,11.9,NA,1012,NA,3,2024-09-22 02:00:00,101.2,10.3195664
"1252",508,"2024-09-22 03:00:00",24.4,20.3,78,0,NA,160,12.2,NA,1012.5,NA,3,2024-09-22 03:00:00,101.25,10.324665
"1253",509,"2024-09-22 04:00:00",24.1,20,78,0,NA,165,11.5,NA,1012.6,NA,3,2024-09-22 04:00:00,101.26,10.32568472
"1254",510,"2024-09-22 05:00:00",24,19.9,78,0,NA,171,12.2,NA,1012.8,NA,3,2024-09-22 05:00:00,101.28,10.32772416
"1255",511,"2024-09-22 06:00:00",23.9,20,79,0,NA,185,12.2,NA,1012.6,NA,3,2024-09-22 06:00:00,101.26,10.32568472
"1256",512,"2024-09-22 07:00:00",23.2,20.2,83,0,NA,182,10.1,NA,1012.3,NA,3,2024-09-22 07:00:00,101.23,10.32262556
"1257",513,"2024-09-22 08:00:00",22.7,20.2,86,0,NA,174,9.4,NA,1012.2,NA,3,2024-09-22 08:00:00,101.22,10.32160584
"1258",514,"2024-09-22 09:00:00",22.4,19.8,85,0,NA,178,10.8,NA,1011.8,NA,3,2024-09-22 09:00:00,101.18,10.31752696
"1259",515,"2024-09-22 10:00:00",24,24,100,0,NA,0,0,NA,1014,NA,3,2024-09-22 10:00:00,101.4,10.3399608
"1260",516,"2024-09-22 11:00:00",24,24,100,0,NA,290,7,NA,1015,NA,3,2024-09-22 11:00:00,101.5,10.350158
"1261",517,"2024-09-22 12:00:00",24,24,100,0,NA,0,0,NA,1015,NA,3,2024-09-22 12:00:00,101.5,10.350158
"1262",518,"2024-09-22 13:00:00",25,25,100,0,NA,0,0,NA,1016,NA,3,2024-09-22 13:00:00,101.6,10.3603552
"1263",519,"2024-09-22 14:00:00",25,25,100,0,NA,208,5.4,NA,1016,NA,2,2024-09-22 14:00:00,101.6,10.3603552
"1264",520,"2024-09-22 15:00:00",28,24,79,0,NA,260,15,NA,1016,NA,2,2024-09-22 15:00:00,101.6,10.3603552
"1265",521,"2024-09-22 16:00:00",29,24.1,75,0,NA,210,14.8,NA,1015,NA,3,2024-09-22 16:00:00,101.5,10.350158
"1266",522,"2024-09-22 17:00:00",30,23.9,70,0,NA,250,14.8,NA,1015,NA,1,2024-09-22 17:00:00,101.5,10.350158
"1267",523,"2024-09-22 18:00:00",30,23.9,70,0,NA,250,7.6,NA,1014,NA,2,2024-09-22 18:00:00,101.4,10.3399608
"1268",524,"2024-09-22 19:00:00",30,23.9,70,0,NA,260,11.2,NA,1014,NA,3,2024-09-22 19:00:00,101.4,10.3399608
"1269",525,"2024-09-22 20:00:00",31,23.9,66,0,NA,340,7.6,NA,1013,NA,3,2024-09-22 20:00:00,101.3,10.3297636
"1270",526,"2024-09-22 21:00:00",31,23.9,66,0,NA,310,15,NA,1013,NA,3,2024-09-22 21:00:00,101.3,10.3297636
"1271",527,"2024-09-22 22:00:00",30,23.9,70,0,NA,310,11.2,NA,1013,NA,3,2024-09-22 22:00:00,101.3,10.3297636
"1272",528,"2024-09-22 23:00:00",29,24.1,75,0,NA,320,9.4,NA,1013,NA,3,2024-09-22 23:00:00,101.3,10.3297636
"1273",529,"2024-09-23 00:00:00",28,22.9,74,0,NA,360,9.4,NA,1013,NA,3,2024-09-23,101.3,10.3297636
"1274",530,"2024-09-23 01:00:00",23.4,21.3,88,0,NA,332,7.2,NA,1012.3,NA,3,2024-09-23 01:00:00,101.23,10.32262556
"1275",531,"2024-09-23 02:00:00",21.9,20.7,93,0,NA,60,7.2,NA,1013,NA,3,2024-09-23 02:00:00,101.3,10.3297636
"1276",532,"2024-09-23 03:00:00",21.4,20.6,95,0,NA,88,7.6,NA,1013.5,NA,3,2024-09-23 03:00:00,101.35,10.3348622
"1277",533,"2024-09-23 04:00:00",21.1,20.6,97,0,NA,68,6.1,NA,1013.7,NA,3,2024-09-23 04:00:00,101.37,10.33690164
"1278",534,"2024-09-23 05:00:00",21,20.5,97,0,NA,46,6.8,NA,1013.3,NA,3,2024-09-23 05:00:00,101.33,10.33282276
"1279",535,"2024-09-23 06:00:00",20.9,20.4,97,0,NA,66,7.6,NA,1013.1,NA,3,2024-09-23 06:00:00,101.31,10.33078332
"1280",536,"2024-09-23 07:00:00",20.7,20.4,98,0,NA,87,8.6,NA,1012.7,NA,3,2024-09-23 07:00:00,101.27,10.32670444
"1281",537,"2024-09-23 08:00:00",21.2,20.9,98,0,NA,36,5.4,NA,1012.4,NA,3,2024-09-23 08:00:00,101.24,10.32364528
"1282",538,"2024-09-23 09:00:00",20.8,20.6,99,0,NA,22,5.8,NA,1012.2,NA,3,2024-09-23 09:00:00,101.22,10.32160584
"1283",539,"2024-09-23 10:00:00",20,20,100,0,NA,300,13,NA,1014,NA,3,2024-09-23 10:00:00,101.4,10.3399608
"1284",540,"2024-09-23 11:00:00",20,20,100,0,NA,300,9,NA,1014,NA,3,2024-09-23 11:00:00,101.4,10.3399608
"1285",541,"2024-09-23 12:00:00",20,20,100,0,NA,320,9.4,NA,1015,NA,5,2024-09-23 12:00:00,101.5,10.350158
"1286",542,"2024-09-23 13:00:00",20,20,100,0,NA,250,5.4,NA,1015,NA,5,2024-09-23 13:00:00,101.5,10.350158
"1287",543,"2024-09-23 14:00:00",20,20,100,0.1,NA,0,0,NA,1015,NA,7,2024-09-23 14:00:00,101.5,10.350158
"1288",544,"2024-09-23 15:00:00",21,21,100,0.7,NA,210,7,NA,1016,NA,8,2024-09-23 15:00:00,101.6,10.3603552
"1289",545,"2024-09-23 16:00:00",21,21,100,0.8,NA,230,5.4,NA,1016,NA,8,2024-09-23 16:00:00,101.6,10.3603552
"1290",546,"2024-09-23 17:00:00",22,22,100,2.8,NA,280,5.4,NA,1015,NA,9,2024-09-23 17:00:00,101.5,10.350158
"1291",547,"2024-09-23 18:00:00",23,22,94,0.3,NA,0,0,NA,1014,NA,8,2024-09-23 18:00:00,101.4,10.3399608
"1292",548,"2024-09-23 19:00:00",23,22,94,0,NA,260,9.4,NA,1014,NA,3,2024-09-23 19:00:00,101.4,10.3399608
"1293",549,"2024-09-23 20:00:00",23,23,100,0.2,NA,260,13,NA,1013,NA,17,2024-09-23 20:00:00,101.3,10.3297636
"1294",550,"2024-09-23 21:00:00",21,21,100,0,NA,230,7.6,NA,1013,NA,3,2024-09-23 21:00:00,101.3,10.3297636
"1295",551,"2024-09-23 22:00:00",22,22,100,0,NA,230,9,NA,1013,NA,3,2024-09-23 22:00:00,101.3,10.3297636
"1296",552,"2024-09-23 23:00:00",22,22,100,0,NA,270,9.4,NA,1013,NA,3,2024-09-23 23:00:00,101.3,10.3297636
"1297",553,"2024-09-24 00:00:00",21,21,100,0,NA,270,9.4,NA,1012,NA,5,2024-09-24,101.2,10.3195664
"1298",554,"2024-09-24 01:00:00",20,20,100,0,NA,280,7.6,NA,1013,NA,3,2024-09-24 01:00:00,101.3,10.3297636
"1299",555,"2024-09-24 02:00:00",20.6,17.6,83,0,NA,299,8.6,NA,1011.6,NA,3,2024-09-24 02:00:00,101.16,10.31548752
"1300",556,"2024-09-24 03:00:00",20.1,17.3,84,0,NA,284,7.9,NA,1012.1,NA,3,2024-09-24 03:00:00,101.21,10.32058612
"1301",557,"2024-09-24 04:00:00",18.6,17.1,91,0,NA,280,7.6,NA,1012.4,NA,3,2024-09-24 04:00:00,101.24,10.32364528
"1302",558,"2024-09-24 05:00:00",18.9,16.7,87,0,NA,283,6.8,NA,1012.4,NA,3,2024-09-24 05:00:00,101.24,10.32364528
"1303",559,"2024-09-24 06:00:00",18,16.7,92,0,NA,287,6.5,NA,1012.4,NA,3,2024-09-24 06:00:00,101.24,10.32364528
"1304",560,"2024-09-24 07:00:00",17.1,16.5,96,0,NA,286,7.6,NA,1012.4,NA,1,2024-09-24 07:00:00,101.24,10.32364528
"1305",561,"2024-09-24 08:00:00",16.6,16.3,98,0,NA,267,6.5,NA,1012.2,NA,1,2024-09-24 08:00:00,101.22,10.32160584
"1306",562,"2024-09-24 09:00:00",16.7,16.1,96,0,NA,274,7.6,NA,1011.7,NA,1,2024-09-24 09:00:00,101.17,10.31650724
"1307",563,"2024-09-24 10:00:00",17,17,100,0,NA,300,11,NA,1013,NA,5,2024-09-24 10:00:00,101.3,10.3297636
"1308",564,"2024-09-24 11:00:00",17,17,100,0,NA,260,11.2,NA,1014,NA,5,2024-09-24 11:00:00,101.4,10.3399608
"1309",565,"2024-09-24 12:00:00",17,17,100,0,NA,260,7.6,NA,1014,NA,5,2024-09-24 12:00:00,101.4,10.3399608
"1310",566,"2024-09-24 13:00:00",18,18,100,0,NA,270,7.6,NA,1014,NA,5,2024-09-24 13:00:00,101.4,10.3399608
"1311",567,"2024-09-24 14:00:00",20,20,100,0,NA,270,13,NA,1014,NA,5,2024-09-24 14:00:00,101.4,10.3399608
"1312",568,"2024-09-24 15:00:00",20,19,94,0,NA,270,9.4,NA,1015,NA,2,2024-09-24 15:00:00,101.5,10.350158
"1313",569,"2024-09-24 16:00:00",22,16.9,73,0,NA,260,15,NA,1015,NA,2,2024-09-24 16:00:00,101.5,10.350158
"1314",570,"2024-09-24 17:00:00",24,16,61,0,NA,310,14.8,NA,1015,NA,3,2024-09-24 17:00:00,101.5,10.350158
"1315",571,"2024-09-24 18:00:00",24,16,61,0,NA,320,18.4,NA,1014,NA,3,2024-09-24 18:00:00,101.4,10.3399608
"1316",572,"2024-09-24 19:00:00",24,16,61,0,NA,310,7.6,NA,1014,NA,3,2024-09-24 19:00:00,101.4,10.3399608
"1317",573,"2024-09-24 20:00:00",24,16,61,0,NA,350,7,NA,1014,NA,3,2024-09-24 20:00:00,101.4,10.3399608
"1318",574,"2024-09-24 21:00:00",23,16.1,65,0,NA,310,16.6,NA,1014,NA,3,2024-09-24 21:00:00,101.4,10.3399608
"1319",575,"2024-09-24 22:00:00",23,16.1,65,0,NA,320,13,NA,1014,NA,3,2024-09-24 22:00:00,101.4,10.3399608
"1320",576,"2024-09-24 23:00:00",22,16.9,73,0.2,NA,330,11.2,NA,1014,NA,7,2024-09-24 23:00:00,101.4,10.3399608
"1321",577,"2024-09-25 00:00:00",19,19,100,0,NA,20,13,NA,1014,NA,3,2024-09-25,101.4,10.3399608
"1322",578,"2024-09-25 01:00:00",18,18,100,0.3,NA,10,13,NA,1015,NA,8,2024-09-25 01:00:00,101.5,10.350158
"1323",579,"2024-09-25 02:00:00",18.4,14.3,77,0.4,NA,243,7.9,NA,1013.7,NA,8,2024-09-25 02:00:00,101.37,10.33690164
"1324",580,"2024-09-25 03:00:00",18,15.3,84,0,NA,5,5.4,NA,1014.1,NA,3,2024-09-25 03:00:00,101.41,10.34098052
"1325",581,"2024-09-25 04:00:00",17.9,14.6,81,0,NA,50,10.8,NA,1013.3,NA,3,2024-09-25 04:00:00,101.33,10.33282276
"1326",582,"2024-09-25 05:00:00",17.4,15,86,0,NA,86,8.6,NA,1013.3,NA,3,2024-09-25 05:00:00,101.33,10.33282276
"1327",583,"2024-09-25 06:00:00",16,14.5,91,0,NA,69,6.5,NA,1013.4,NA,1,2024-09-25 06:00:00,101.34,10.33384248
"1328",584,"2024-09-25 07:00:00",16.8,14.8,88,0,NA,30,5.8,NA,1013.5,NA,1,2024-09-25 07:00:00,101.35,10.3348622
"1329",585,"2024-09-25 08:00:00",16.6,14.8,89,0,NA,336,6.5,NA,1013.3,NA,1,2024-09-25 08:00:00,101.33,10.33282276
"1330",586,"2024-09-25 09:00:00",14.5,13.9,96,0,NA,221,5.8,NA,1013.3,NA,1,2024-09-25 09:00:00,101.33,10.33282276
"1331",587,"2024-09-25 10:00:00",13,13,100,0,NA,37,6.8,NA,1015,NA,5,2024-09-25 10:00:00,101.5,10.350158
"1332",588,"2024-09-25 11:00:00",12,12,100,0,NA,0,0,NA,1016,NA,5,2024-09-25 11:00:00,101.6,10.3603552
"1333",589,"2024-09-25 12:00:00",13,13,100,0,NA,0,0,NA,1016,NA,5,2024-09-25 12:00:00,101.6,10.3603552
"1334",590,"2024-09-25 13:00:00",17,17,100,0,NA,290,5.4,NA,1017,NA,5,2024-09-25 13:00:00,101.7,10.3705524
"1335",591,"2024-09-25 14:00:00",19,19,100,0,NA,330,9.4,NA,1017,NA,5,2024-09-25 14:00:00,101.7,10.3705524
"1336",592,"2024-09-25 15:00:00",21,17,78,0,NA,20,14.8,NA,1017,NA,2,2024-09-25 15:00:00,101.7,10.3705524
"1337",593,"2024-09-25 16:00:00",24,16,61,0,NA,20,15,NA,1017,NA,1,2024-09-25 16:00:00,101.7,10.3705524
"1338",594,"2024-09-25 17:00:00",24,16,61,0,NA,20,9.4,NA,1017,NA,1,2024-09-25 17:00:00,101.7,10.3705524
"1339",595,"2024-09-25 18:00:00",26,15.1,51,0,NA,290,9,NA,1016,NA,1,2024-09-25 18:00:00,101.6,10.3603552
"1340",596,"2024-09-25 19:00:00",26,15.1,51,0,NA,360,15,NA,1015,NA,2,2024-09-25 19:00:00,101.5,10.350158
"1341",597,"2024-09-25 20:00:00",27,15.1,48,0,NA,340,5.4,NA,1015,NA,2,2024-09-25 20:00:00,101.5,10.350158
"1342",598,"2024-09-25 21:00:00",26,14.1,48,0,NA,340,13,NA,1015,NA,2,2024-09-25 21:00:00,101.5,10.350158
"1343",599,"2024-09-25 22:00:00",24,16,61,0,NA,360,13,NA,1015,NA,3,2024-09-25 22:00:00,101.5,10.350158
"1344",600,"2024-09-25 23:00:00",24,15,57,0,NA,330,9.4,NA,1015,NA,2,2024-09-25 23:00:00,101.5,10.350158
"1345",601,"2024-09-26 00:00:00",22,14.1,61,0,NA,360,7.6,NA,1015,NA,2,2024-09-26,101.5,10.350158
"1346",602,"2024-09-26 01:00:00",22,14.1,61,0,NA,30,13,NA,1016,NA,2,2024-09-26 01:00:00,101.6,10.3603552
"1347",603,"2024-09-26 02:00:00",18.7,11.3,62,0,NA,34,10.8,NA,1014.6,NA,1,2024-09-26 02:00:00,101.46,10.34607912
"1348",604,"2024-09-26 03:00:00",18,11.3,65,0,NA,36,11.9,NA,1015.2,NA,1,2024-09-26 03:00:00,101.52,10.35219744
"1349",605,"2024-09-26 04:00:00",17.5,11.3,67,0,NA,38,12.2,NA,1015.5,NA,1,2024-09-26 04:00:00,101.55,10.3552566
"1350",606,"2024-09-26 05:00:00",17,11.7,71,0,NA,40,11.5,NA,1015.3,NA,1,2024-09-26 05:00:00,101.53,10.35321716
"1351",607,"2024-09-26 06:00:00",16.4,12.9,80,0,NA,65,8.6,NA,1015.4,NA,1,2024-09-26 06:00:00,101.54,10.35423688
"1352",608,"2024-09-26 07:00:00",15.9,13.2,84,0,NA,67,6.8,NA,1015.2,NA,1,2024-09-26 07:00:00,101.52,10.35219744
"1353",609,"2024-09-26 08:00:00",15.6,13.4,87,0,NA,75,6.1,NA,1015.1,NA,1,2024-09-26 08:00:00,101.51,10.35117772
"1354",610,"2024-09-26 09:00:00",15,13.4,90,0,NA,92,6.5,NA,1014.7,NA,1,2024-09-26 09:00:00,101.47,10.34709884
"1355",611,"2024-09-26 10:00:00",12,12,100,0,NA,0,0,NA,1016,NA,1,2024-09-26 10:00:00,101.6,10.3603552
"1356",612,"2024-09-26 11:00:00",12,12,100,0,NA,0,0,NA,1016,NA,1,2024-09-26 11:00:00,101.6,10.3603552
"1357",613,"2024-09-26 12:00:00",12,12,100,0,NA,0,0,NA,1017,NA,1,2024-09-26 12:00:00,101.7,10.3705524
"1358",614,"2024-09-26 13:00:00",17,17,100,0,NA,0,0,NA,1017,NA,1,2024-09-26 13:00:00,101.7,10.3705524
"1359",615,"2024-09-26 14:00:00",20,17,83,0,NA,60,7.6,NA,1017,NA,1,2024-09-26 14:00:00,101.7,10.3705524
"1360",616,"2024-09-26 15:00:00",23,16.1,65,0,NA,20,13,NA,1017,NA,1,2024-09-26 15:00:00,101.7,10.3705524
"1361",617,"2024-09-26 16:00:00",24,14.1,54,0,NA,10,18.4,NA,1017,NA,1,2024-09-26 16:00:00,101.7,10.3705524
"1362",618,"2024-09-26 17:00:00",25,14.2,51,0,NA,40,16.6,NA,1016,NA,1,2024-09-26 17:00:00,101.6,10.3603552
"1363",619,"2024-09-26 18:00:00",25,14.2,51,0,NA,40,14.8,NA,1015,NA,1,2024-09-26 18:00:00,101.5,10.350158
"1364",620,"2024-09-26 19:00:00",25,15,54,0,NA,60,6,NA,1014,NA,1,2024-09-26 19:00:00,101.4,10.3399608
"1365",621,"2024-09-26 20:00:00",27,14.1,45,0,NA,350,14.8,NA,1014,NA,1,2024-09-26 20:00:00,101.4,10.3399608
"1366",622,"2024-09-26 21:00:00",26,14.1,48,0,NA,30,20,NA,1013,NA,1,2024-09-26 21:00:00,101.3,10.3297636
"1367",623,"2024-09-26 22:00:00",24,14.1,54,0,NA,20,13,NA,1013,NA,2,2024-09-26 22:00:00,101.3,10.3297636
"1368",624,"2024-09-26 23:00:00",24,14.1,54,0,NA,40,11,NA,1013,NA,2,2024-09-26 23:00:00,101.3,10.3297636
"1369",625,"2024-09-27 00:00:00",22,14.1,61,0,NA,20,13,NA,1013,NA,1,2024-09-27,101.3,10.3297636
"1370",626,"2024-09-27 01:00:00",21,12.9,60,0,NA,20,13,NA,1013,NA,1,2024-09-27 01:00:00,101.3,10.3297636
"1371",627,"2024-09-27 02:00:00",18.4,11.5,64,0,NA,32,10.4,NA,1011.8,NA,1,2024-09-27 02:00:00,101.18,10.31752696
"1372",628,"2024-09-27 03:00:00",17.8,11.8,68,0,NA,31,12.2,NA,1012.3,NA,1,2024-09-27 03:00:00,101.23,10.32262556
"1373",629,"2024-09-27 04:00:00",17,11.9,72,0,NA,36,10.1,NA,1012.4,NA,1,2024-09-27 04:00:00,101.24,10.32364528
"1374",630,"2024-09-27 05:00:00",16.3,12.1,76,0,NA,15,9,NA,1012.1,NA,1,2024-09-27 05:00:00,101.21,10.32058612
"1375",631,"2024-09-27 06:00:00",15.8,11.6,76,0,NA,12,10.8,NA,1011.8,NA,1,2024-09-27 06:00:00,101.18,10.31752696
"1376",632,"2024-09-27 07:00:00",15.5,11.1,75,0,NA,8,9.4,NA,1011.6,NA,1,2024-09-27 07:00:00,101.16,10.31548752
"1377",633,"2024-09-27 08:00:00",15.2,10.6,74,0,NA,350,10.8,NA,1011,NA,1,2024-09-27 08:00:00,101.1,10.3093692
"1378",634,"2024-09-27 09:00:00",14.7,10.3,75,0,NA,355,10.8,NA,1010.4,NA,1,2024-09-27 09:00:00,101.04,10.30325088
"1379",635,"2024-09-27 10:00:00",14,14,100,0,NA,300,7,NA,1011,NA,1,2024-09-27 10:00:00,101.1,10.3093692
"1380",636,"2024-09-27 11:00:00",15,15,100,0,NA,320,11.2,NA,1012,NA,1,2024-09-27 11:00:00,101.2,10.3195664
"1381",637,"2024-09-27 12:00:00",16,14,88,0,NA,320,11.2,NA,1011,NA,3,2024-09-27 12:00:00,101.1,10.3093692
"1382",638,"2024-09-27 13:00:00",18,14.1,78,0,NA,320,16.6,NA,1011,NA,2,2024-09-27 13:00:00,101.1,10.3093692
"1383",639,"2024-09-27 14:00:00",21,13.9,64,0,NA,360,18.4,NA,1011,NA,3,2024-09-27 14:00:00,101.1,10.3093692
"1384",640,"2024-09-27 15:00:00",22,14.1,61,0,NA,350,28,NA,1011,NA,3,2024-09-27 15:00:00,101.1,10.3093692
"1385",641,"2024-09-27 16:00:00",22,14.1,61,0,NA,330,32,NA,1011,NA,3,2024-09-27 16:00:00,101.1,10.3093692
"1386",642,"2024-09-27 17:00:00",24,15,57,0,NA,350,30,NA,1011,NA,3,2024-09-27 17:00:00,101.1,10.3093692
"1387",643,"2024-09-27 18:00:00",24,12.9,50,0,NA,360,28,NA,1010,NA,3,2024-09-27 18:00:00,101,10.299172
"1388",644,"2024-09-27 19:00:00",25,14.2,51,0,NA,330,32,NA,1010,NA,3,2024-09-27 19:00:00,101,10.299172
"1389",645,"2024-09-27 20:00:00",25,11.9,44,0,NA,350,28,NA,1009,NA,3,2024-09-27 20:00:00,100.9,10.2889748
"1390",646,"2024-09-27 21:00:00",25,12.9,47,0,NA,340,30,NA,1009,NA,3,2024-09-27 21:00:00,100.9,10.2889748
"1391",647,"2024-09-27 22:00:00",24,12.9,50,0,NA,350,22,NA,1010,NA,3,2024-09-27 22:00:00,101,10.299172
"1392",648,"2024-09-27 23:00:00",23,12,50,0,NA,350,22,NA,1010,NA,3,2024-09-27 23:00:00,101,10.299172
"1393",649,"2024-09-28 00:00:00",22,13.1,57,0,NA,340,22.3,NA,1011,NA,3,2024-09-28,101.1,10.3093692
"1394",650,"2024-09-28 01:00:00",20.6,9.8,50,0,NA,349,14.4,NA,1008.9,NA,3,2024-09-28 01:00:00,100.89,10.28795508
"1395",651,"2024-09-28 02:00:00",20.2,9.4,50,0,NA,352,14.4,NA,1009.8,NA,3,2024-09-28 02:00:00,100.98,10.29713256
"1396",652,"2024-09-28 03:00:00",19.6,8.6,49,0,NA,349,13.3,NA,1010.3,NA,3,2024-09-28 03:00:00,101.03,10.30223116
"1397",653,"2024-09-28 04:00:00",19.1,8.4,50,0,NA,339,13.3,NA,1010.3,NA,3,2024-09-28 04:00:00,101.03,10.30223116
"1398",654,"2024-09-28 05:00:00",18.8,8.4,51,0,NA,339,13.3,NA,1010.5,NA,3,2024-09-28 05:00:00,101.05,10.3042706
"1399",655,"2024-09-28 06:00:00",18.2,8.7,54,0,NA,339,12.6,NA,1010.3,NA,3,2024-09-28 06:00:00,101.03,10.30223116
"1400",656,"2024-09-28 07:00:00",17.5,9.1,58,0,NA,335,12.2,NA,1010,NA,3,2024-09-28 07:00:00,101,10.299172
"1401",657,"2024-09-28 08:00:00",17.2,9.4,60,0,NA,333,12.2,NA,1009.6,NA,3,2024-09-28 08:00:00,100.96,10.29509312
"1402",658,"2024-09-28 09:00:00",16.6,9.8,64,0,NA,329,12.2,NA,1009.7,NA,3,2024-09-28 09:00:00,100.97,10.29611284
"1403",659,"2024-09-28 10:00:00",15,15,100,0,NA,300,7.6,NA,1011,NA,3,2024-09-28 10:00:00,101.1,10.3093692
"1404",660,"2024-09-28 11:00:00",15,15,100,0,NA,320,13,NA,1012,NA,3,2024-09-28 11:00:00,101.2,10.3195664
"1405",661,"2024-09-28 12:00:00",16,16,100,0,NA,320,13,NA,1012,NA,3,2024-09-28 12:00:00,101.2,10.3195664
"1406",662,"2024-09-28 13:00:00",18,16,88,0,NA,330,22,NA,1013,NA,3,2024-09-28 13:00:00,101.3,10.3297636
"1407",663,"2024-09-28 14:00:00",20,15,73,0,NA,340,20.5,NA,1013,NA,3,2024-09-28 14:00:00,101.3,10.3297636
"1408",664,"2024-09-28 15:00:00",21,15.1,69,0,NA,340,20.5,NA,1013,NA,3,2024-09-28 15:00:00,101.3,10.3297636
"1409",665,"2024-09-28 16:00:00",23,16.1,65,0,NA,340,22,NA,1013,NA,3,2024-09-28 16:00:00,101.3,10.3297636
"1410",666,"2024-09-28 17:00:00",25,17,61,0,NA,320,19,NA,1013,NA,3,2024-09-28 17:00:00,101.3,10.3297636
"1411",667,"2024-09-28 18:00:00",26,17.9,61,0,NA,330,20,NA,1013,NA,3,2024-09-28 18:00:00,101.3,10.3297636
"1412",668,"2024-09-28 19:00:00",27,18,58,0,NA,320,14.8,NA,1013,NA,3,2024-09-28 19:00:00,101.3,10.3297636
"1413",669,"2024-09-28 20:00:00",27,18,58,0,NA,300,20.5,NA,1013,NA,3,2024-09-28 20:00:00,101.3,10.3297636
"1414",670,"2024-09-28 21:00:00",26,17.1,58,0,NA,320,16.6,NA,1013,NA,3,2024-09-28 21:00:00,101.3,10.3297636
"1415",671,"2024-09-28 22:00:00",26,16,54,0,NA,340,16.6,NA,1013,NA,3,2024-09-28 22:00:00,101.3,10.3297636
"1416",672,"2024-09-28 23:00:00",24,16,61,0,NA,330,15,NA,1014,NA,3,2024-09-28 23:00:00,101.4,10.3399608
"1417",673,"2024-09-29 00:00:00",23,16.1,65,0,NA,340,9.4,NA,1014,NA,3,2024-09-29,101.4,10.3399608
"1418",674,"2024-09-29 01:00:00",23,16.1,65,0,NA,350,11.2,NA,1014,NA,3,2024-09-29 01:00:00,101.4,10.3399608
"1419",675,"2024-09-29 02:00:00",20.6,14.9,70,0,NA,341,10.8,NA,1013,NA,3,2024-09-29 02:00:00,101.3,10.3297636
"1420",676,"2024-09-29 03:00:00",20.7,14.4,67,0,NA,349,11.9,NA,1013.5,NA,3,2024-09-29 03:00:00,101.35,10.3348622
"1421",677,"2024-09-29 04:00:00",20,14.4,70,0,NA,349,10.8,NA,1013.8,NA,3,2024-09-29 04:00:00,101.38,10.33792136
"1422",678,"2024-09-29 05:00:00",19.4,13.6,69,0,NA,345,10.4,NA,1013.8,NA,3,2024-09-29 05:00:00,101.38,10.33792136
"1423",679,"2024-09-29 06:00:00",19.1,12.8,67,0,NA,344,10.4,NA,1013.9,NA,3,2024-09-29 06:00:00,101.39,10.33894108
"1424",680,"2024-09-29 07:00:00",18.5,12,66,0,NA,352,10.8,NA,1014,NA,3,2024-09-29 07:00:00,101.4,10.3399608
"1425",681,"2024-09-29 08:00:00",18,11.6,66,0,NA,353,10.1,NA,1014,NA,3,2024-09-29 08:00:00,101.4,10.3399608
"1426",682,"2024-09-29 09:00:00",17.9,11.7,67,0,NA,356,9.4,NA,1013.5,NA,3,2024-09-29 09:00:00,101.35,10.3348622
"1427",683,"2024-09-29 10:00:00",17,15,88,0,NA,0,0,NA,1015,NA,3,2024-09-29 10:00:00,101.5,10.350158
"1428",684,"2024-09-29 11:00:00",16,16,100,0,NA,320,7.6,NA,1016,NA,3,2024-09-29 11:00:00,101.6,10.3603552
"1429",685,"2024-09-29 12:00:00",17,15,88,0,NA,320,7.6,NA,1016,NA,3,2024-09-29 12:00:00,101.6,10.3603552
"1430",686,"2024-09-29 13:00:00",20,15,73,0,NA,310,7.6,NA,1017,NA,3,2024-09-29 13:00:00,101.7,10.3705524
"1431",687,"2024-09-29 14:00:00",24,19.1,74,0,NA,350,11,NA,1017,NA,3,2024-09-29 14:00:00,101.7,10.3705524
"1432",688,"2024-09-29 15:00:00",25,20,74,0,NA,30,16.6,NA,1017,NA,2,2024-09-29 15:00:00,101.7,10.3705524
"1433",689,"2024-09-29 16:00:00",26,20.1,70,0,NA,50,16.6,NA,1017,NA,2,2024-09-29 16:00:00,101.7,10.3705524
"1434",690,"2024-09-29 17:00:00",28,20,62,0,NA,30,20.5,NA,1016,NA,2,2024-09-29 17:00:00,101.6,10.3603552
"1435",691,"2024-09-29 18:00:00",28,20,62,0,NA,40,17,NA,1015,NA,3,2024-09-29 18:00:00,101.5,10.350158
"1436",692,"2024-09-29 19:00:00",29,19.9,58,0,NA,350,20.5,NA,1015,NA,3,2024-09-29 19:00:00,101.5,10.350158
"1437",693,"2024-09-29 20:00:00",29,19.9,58,0,NA,30,14.8,NA,1014,NA,3,2024-09-29 20:00:00,101.4,10.3399608
"1438",694,"2024-09-29 21:00:00",29,19.9,58,0,NA,30,20,NA,1014,NA,3,2024-09-29 21:00:00,101.4,10.3399608
"1439",695,"2024-09-29 22:00:00",27,19.1,62,0,NA,20,11.2,NA,1014,NA,3,2024-09-29 22:00:00,101.4,10.3399608
"1440",696,"2024-09-29 23:00:00",27,20.1,66,0,NA,20,13,NA,1014,NA,2,2024-09-29 23:00:00,101.4,10.3399608
"1441",697,"2024-09-30 00:00:00",25,20,74,0,NA,50,7.6,NA,1015,NA,1,2024-09-30,101.5,10.350158
"1442",698,"2024-09-30 01:00:00",23,20,83,0,NA,60,7.6,NA,1015,NA,3,2024-09-30 01:00:00,101.5,10.350158
"1443",699,"2024-09-30 02:00:00",21.2,16.2,73,0,NA,66,10.4,NA,1013.6,NA,1,2024-09-30 02:00:00,101.36,10.33588192
"1444",700,"2024-09-30 03:00:00",20.3,16.3,78,0,NA,76,10.8,NA,1014.3,NA,1,2024-09-30 03:00:00,101.43,10.34301996
"1445",701,"2024-09-30 04:00:00",19.4,16.4,83,0,NA,101,9.7,NA,1014.6,NA,1,2024-09-30 04:00:00,101.46,10.34607912
"1446",702,"2024-09-30 05:00:00",18.7,16.5,87,0,NA,120,8.3,NA,1014.9,NA,1,2024-09-30 05:00:00,101.49,10.34913828
"1447",703,"2024-09-30 06:00:00",18.2,16.5,90,0,NA,129,7.2,NA,1014.9,NA,1,2024-09-30 06:00:00,101.49,10.34913828
"1448",704,"2024-09-30 07:00:00",17.6,16.3,92,0,NA,119,7.6,NA,1015,NA,1,2024-09-30 07:00:00,101.5,10.350158
"1449",705,"2024-09-30 08:00:00",17,16,94,0,NA,118,6.5,NA,1014.7,NA,1,2024-09-30 08:00:00,101.47,10.34709884
"1450",706,"2024-09-30 09:00:00",16.4,15.8,96,0,NA,95,4.7,NA,1014.5,NA,1,2024-09-30 09:00:00,101.45,10.3450594
"1451",707,"2024-09-30 10:00:00",15,15,100,0,NA,0,0,NA,1016,NA,1,2024-09-30 10:00:00,101.6,10.3603552
"1452",708,"2024-09-30 11:00:00",15,15,100,0,NA,0,0,NA,1016,NA,1,2024-09-30 11:00:00,101.6,10.3603552
"1453",709,"2024-09-30 12:00:00",17,17,100,0,NA,0,0,NA,1016,NA,1,2024-09-30 12:00:00,101.6,10.3603552
"1454",710,"2024-09-30 13:00:00",20,20,100,0,NA,91,6.5,NA,1017,NA,1,2024-09-30 13:00:00,101.7,10.3705524
"1455",711,"2024-09-30 14:00:00",22,22,100,0,NA,0,0,NA,1017,NA,1,2024-09-30 14:00:00,101.7,10.3705524
"1456",712,"2024-09-30 15:00:00",24,22.1,89,0,NA,80,5.4,NA,1017,NA,1,2024-09-30 15:00:00,101.7,10.3705524
"1457",713,"2024-09-30 16:00:00",26,20.1,70,0,NA,50,7.6,NA,1017,NA,1,2024-09-30 16:00:00,101.7,10.3705524
"1458",714,"2024-09-30 17:00:00",27,20.1,66,0,NA,0,0,NA,1016,NA,1,2024-09-30 17:00:00,101.6,10.3603552
"1459",715,"2024-09-30 18:00:00",28,20,62,0,NA,320,6,NA,1015,NA,1,2024-09-30 18:00:00,101.5,10.350158
"1460",716,"2024-09-30 19:00:00",28,20,62,0,NA,20,9,NA,1014,NA,1,2024-09-30 19:00:00,101.4,10.3399608
"1461",717,"2024-09-30 20:00:00",30,20,55,0,NA,20,9.4,NA,1014,NA,2,2024-09-30 20:00:00,101.4,10.3399608
"1462",718,"2024-09-30 21:00:00",28,19,58,0,NA,310,5.4,NA,1014,NA,1,2024-09-30 21:00:00,101.4,10.3399608
"1463",719,"2024-09-30 22:00:00",29,19.9,58,0,NA,88,8.3,NA,1014,NA,1,2024-09-30 22:00:00,101.4,10.3399608
"1464",720,"2024-09-30 23:00:00",28,20,62,0,NA,80,7.6,NA,1015,NA,1,2024-09-30 23:00:00,101.5,10.350158
"1465",1,"2024-10-01 00:00:00",25,20,74,0,NA,0,0,NA,1015,NA,1,2024-10-01,101.5,10.350158
"1466",2,"2024-10-01 01:00:00",23,19,78,0,NA,0,0,NA,1016,NA,1,2024-10-01 01:00:00,101.6,10.3603552
"1467",3,"2024-10-01 02:00:00",21.3,14.9,67,0,NA,78,12.2,NA,1014.9,NA,2,2024-10-01 02:00:00,101.49,10.34913828
"1468",4,"2024-10-01 03:00:00",20.3,15.3,73,0,NA,95,10.1,NA,1015.7,NA,1,2024-10-01 03:00:00,101.57,10.35729604
"1469",5,"2024-10-01 04:00:00",19.4,15.3,77,0,NA,124,9.4,NA,1016.1,NA,1,2024-10-01 04:00:00,101.61,10.36137492
"1470",6,"2024-10-01 05:00:00",18.8,15.3,80,0,NA,125,7.6,NA,1016.4,NA,1,2024-10-01 05:00:00,101.64,10.36443408
"1471",7,"2024-10-01 06:00:00",18.4,15.3,82,0,NA,135,7.6,NA,1016.7,NA,1,2024-10-01 06:00:00,101.67,10.36749324
"1472",8,"2024-10-01 07:00:00",17.4,15.4,88,0,NA,157,6.5,NA,1017,NA,1,2024-10-01 07:00:00,101.7,10.3705524
"1473",9,"2024-10-01 08:00:00",16.8,15.1,90,0,NA,104,5,NA,1017.2,NA,1,2024-10-01 08:00:00,101.72,10.37259184
"1474",10,"2024-10-01 09:00:00",16.4,15.1,92,0,NA,60,3.2,NA,1017.5,NA,1,2024-10-01 09:00:00,101.75,10.375651
"1475",11,"2024-10-01 10:00:00",16,16,100,0,NA,0,0,NA,1020,NA,1,2024-10-01 10:00:00,102,10.401144
"1476",12,"2024-10-01 11:00:00",17,17,100,0,NA,340,7.6,NA,1021,NA,1,2024-10-01 11:00:00,102.1,10.4113412
"1477",13,"2024-10-01 12:00:00",18,18,100,0,NA,350,11.2,NA,1022,NA,1,2024-10-01 12:00:00,102.2,10.4215384
"1478",14,"2024-10-01 13:00:00",19,17,88,0,NA,20,15,NA,1023,NA,1,2024-10-01 13:00:00,102.3,10.4317356
"1479",15,"2024-10-01 14:00:00",20,13.9,68,0,NA,20,22.3,NA,1023,NA,1,2024-10-01 14:00:00,102.3,10.4317356
"1480",16,"2024-10-01 15:00:00",22,14.1,61,0,NA,360,14.8,NA,1024,NA,1,2024-10-01 15:00:00,102.4,10.4419328
"1481",17,"2024-10-01 16:00:00",23,14,57,0,NA,40,18.4,NA,1024,NA,1,2024-10-01 16:00:00,102.4,10.4419328
"1482",18,"2024-10-01 17:00:00",25,12.9,47,0,NA,20,20,NA,1023,NA,1,2024-10-01 17:00:00,102.3,10.4317356
"1483",19,"2024-10-01 18:00:00",26,13.2,45,0,NA,340,22.3,NA,1023,NA,1,2024-10-01 18:00:00,102.3,10.4317356
"1484",20,"2024-10-01 19:00:00",27,11.9,39,0,NA,360,20.5,NA,1022,NA,1,2024-10-01 19:00:00,102.2,10.4215384
"1485",21,"2024-10-01 20:00:00",27,9.8,34,0,NA,350,22.3,NA,1022,NA,1,2024-10-01 20:00:00,102.2,10.4215384
"1486",22,"2024-10-01 21:00:00",26,8,32,0,NA,350,20,NA,1022,NA,1,2024-10-01 21:00:00,102.2,10.4215384
"1487",23,"2024-10-01 22:00:00",25,7.2,32,0,NA,350,15,NA,1021,NA,1,2024-10-01 22:00:00,102.1,10.4113412
"1488",24,"2024-10-01 23:00:00",22,7,38,0,NA,350,14.8,NA,1022,NA,1,2024-10-01 23:00:00,102.2,10.4215384
"1489",25,"2024-10-02 00:00:00",20,7,43,0,NA,360,13,NA,1022,NA,1,2024-10-02,102.2,10.4215384
"1490",26,"2024-10-02 01:00:00",19,7.1,46,0,NA,360,11.2,NA,1022,NA,1,2024-10-02 01:00:00,102.2,10.4215384
"1491",27,"2024-10-02 02:00:00",17.3,4.6,43,0,NA,19,11.9,NA,1021.4,NA,1,2024-10-02 02:00:00,102.14,10.41542008
"1492",28,"2024-10-02 03:00:00",16.4,5.1,47,0,NA,21,10.8,NA,1021.8,NA,1,2024-10-02 03:00:00,102.18,10.41949896
"1493",29,"2024-10-02 04:00:00",15.4,5.6,52,0,NA,34,11.2,NA,1021.9,NA,1,2024-10-02 04:00:00,102.19,10.42051868
"1494",30,"2024-10-02 05:00:00",14.7,6.3,57,0,NA,45,10.8,NA,1021.8,NA,1,2024-10-02 05:00:00,102.18,10.41949896
"1495",31,"2024-10-02 06:00:00",13.9,6.5,61,0,NA,59,10.1,NA,1021.3,NA,1,2024-10-02 06:00:00,102.13,10.41440036
"1496",32,"2024-10-02 07:00:00",13.2,6.1,62,0,NA,71,10.1,NA,1020.9,NA,1,2024-10-02 07:00:00,102.09,10.41032148
"1497",33,"2024-10-02 08:00:00",12.6,6.2,65,0,NA,76,9.7,NA,1020.9,NA,1,2024-10-02 08:00:00,102.09,10.41032148
"1498",34,"2024-10-02 09:00:00",12.2,6.5,68,0,NA,85,9.7,NA,1020.8,NA,1,2024-10-02 09:00:00,102.08,10.40930176
"1499",35,"2024-10-02 10:00:00",10,7.9,87,0,NA,90,5.4,NA,1021,NA,1,2024-10-02 10:00:00,102.1,10.4113412
"1500",36,"2024-10-02 11:00:00",10,7.9,87,0,NA,0,0,NA,1021,NA,1,2024-10-02 11:00:00,102.1,10.4113412
"1501",37,"2024-10-02 12:00:00",10,7.9,87,0,NA,106,9.7,NA,1021,NA,1,2024-10-02 12:00:00,102.1,10.4113412
"1502",38,"2024-10-02 13:00:00",14,8,67,0,NA,0,0,NA,1021,NA,1,2024-10-02 13:00:00,102.1,10.4113412
"1503",39,"2024-10-02 14:00:00",17,7.1,52,0,NA,140,9,NA,1021,NA,1,2024-10-02 14:00:00,102.1,10.4113412
"1504",40,"2024-10-02 15:00:00",20,9,49,0,NA,120,5.4,NA,1021,NA,1,2024-10-02 15:00:00,102.1,10.4113412
"1505",41,"2024-10-02 16:00:00",22,7,38,0,NA,0,0,NA,1020,NA,1,2024-10-02 16:00:00,102,10.401144
"1506",42,"2024-10-02 17:00:00",24,8,36,0,NA,0,0,NA,1019,NA,1,2024-10-02 17:00:00,101.9,10.3909468
"1507",43,"2024-10-02 18:00:00",25,8.1,34,0,NA,160,7,NA,1018,NA,1,2024-10-02 18:00:00,101.8,10.3807496
"1508",44,"2024-10-02 19:00:00",27,8,30,0,NA,190,7.6,NA,1017,NA,1,2024-10-02 19:00:00,101.7,10.3705524
"1509",45,"2024-10-02 20:00:00",27,8,30,0,NA,160,7.6,NA,1016,NA,1,2024-10-02 20:00:00,101.6,10.3603552
"1510",46,"2024-10-02 21:00:00",28,7.8,28,0,NA,260,9.4,NA,1015,NA,1,2024-10-02 21:00:00,101.5,10.350158
"1511",47,"2024-10-02 22:00:00",28,8.8,30,0,NA,250,9,NA,1015,NA,1,2024-10-02 22:00:00,101.5,10.350158
"1512",48,"2024-10-02 23:00:00",26,8.9,34,0,NA,230,5.4,NA,1015,NA,1,2024-10-02 23:00:00,101.5,10.350158
"1513",49,"2024-10-03 00:00:00",23,9,41,0,NA,180,7,NA,1015,NA,1,2024-10-03,101.5,10.350158
"1514",50,"2024-10-03 01:00:00",21,8.9,46,0,NA,180,9.4,NA,1015,NA,1,2024-10-03 01:00:00,101.5,10.350158
"1515",51,"2024-10-03 02:00:00",18.5,4.6,40,0,NA,184,12.6,NA,1014.2,NA,1,2024-10-03 02:00:00,101.42,10.34200024
"1516",52,"2024-10-03 03:00:00",17.5,4.4,42,0,NA,172,11.9,NA,1014.2,NA,1,2024-10-03 03:00:00,101.42,10.34200024
"1517",53,"2024-10-03 04:00:00",17.2,3.5,40,0,NA,171,11.5,NA,1014.5,NA,1,2024-10-03 04:00:00,101.45,10.3450594
"1518",54,"2024-10-03 05:00:00",17.1,3.7,41,0,NA,169,11.9,NA,1014.4,NA,1,2024-10-03 05:00:00,101.44,10.34403968
"1519",55,"2024-10-03 06:00:00",17.1,4.7,44,0,NA,168,12.6,NA,1014.4,NA,1,2024-10-03 06:00:00,101.44,10.34403968
"1520",56,"2024-10-03 07:00:00",16.9,5.2,46,0,NA,169,12.6,NA,1014.3,NA,1,2024-10-03 07:00:00,101.43,10.34301996
"1521",57,"2024-10-03 08:00:00",17,5,45,0,NA,173,12.2,NA,1013.8,NA,1,2024-10-03 08:00:00,101.38,10.33792136
"1522",58,"2024-10-03 09:00:00",16.8,6,49,0,NA,176,11.5,NA,1013.6,NA,1,2024-10-03 09:00:00,101.36,10.33588192
"1523",59,"2024-10-03 10:00:00",15,10,72,0,NA,130,6,NA,1016,NA,1,2024-10-03 10:00:00,101.6,10.3603552
"1524",60,"2024-10-03 11:00:00",16,11,72,0,NA,130,7.6,NA,1016,NA,1,2024-10-03 11:00:00,101.6,10.3603552
"1525",61,"2024-10-03 12:00:00",17,11.9,72,0,NA,120,6,NA,1016,NA,1,2024-10-03 12:00:00,101.6,10.3603552
"1526",62,"2024-10-03 13:00:00",20,13,64,0,NA,130,7.6,NA,1017,NA,1,2024-10-03 13:00:00,101.7,10.3705524
"1527",63,"2024-10-03 14:00:00",23,15.1,61,0,NA,160,9,NA,1017,NA,1,2024-10-03 14:00:00,101.7,10.3705524
"1528",64,"2024-10-03 15:00:00",27,16.9,54,0,NA,190,13,NA,1017,NA,1,2024-10-03 15:00:00,101.7,10.3705524
"1529",65,"2024-10-03 16:00:00",29,19,55,0,NA,250,14.8,NA,1017,NA,1,2024-10-03 16:00:00,101.7,10.3705524
"1530",66,"2024-10-03 17:00:00",30,19.1,52,0,NA,200,7,NA,1016,NA,1,2024-10-03 17:00:00,101.6,10.3603552
"1531",67,"2024-10-03 18:00:00",31,19,49,0,NA,240,11.2,NA,1016,NA,1,2024-10-03 18:00:00,101.6,10.3603552
"1532",68,"2024-10-03 19:00:00",31,19,49,0,NA,170,19,NA,1015,NA,1,2024-10-03 19:00:00,101.5,10.350158
"1533",69,"2024-10-03 20:00:00",31,19,49,0,NA,210,16.6,NA,1015,NA,1,2024-10-03 20:00:00,101.5,10.350158
"1534",70,"2024-10-03 21:00:00",31,18,46,0,NA,200,9.4,NA,1015,NA,1,2024-10-03 21:00:00,101.5,10.350158
"1535",71,"2024-10-03 22:00:00",30,18.1,49,0,NA,190,17,NA,1015,NA,1,2024-10-03 22:00:00,101.5,10.350158
"1536",72,"2024-10-03 23:00:00",28,16.9,51,0,NA,220,13,NA,1016,NA,1,2024-10-03 23:00:00,101.6,10.3603552
"1537",73,"2024-10-04 00:00:00",26,16,54,0,NA,200,9,NA,1016,NA,1,2024-10-04,101.6,10.3603552
"1538",74,"2024-10-04 01:00:00",22,16.1,69,0,NA,140,5.4,NA,1017,NA,1,2024-10-04 01:00:00,101.7,10.3705524
"1539",75,"2024-10-04 02:00:00",21.4,12.3,56,0,NA,172,11.9,NA,1015.5,NA,1,2024-10-04 02:00:00,101.55,10.3552566
"1540",76,"2024-10-04 03:00:00",20.5,10.6,53,0,NA,161,12.2,NA,1016.6,NA,1,2024-10-04 03:00:00,101.66,10.36647352
"1541",77,"2024-10-04 04:00:00",19.9,10.3,54,0,NA,159,11.9,NA,1017.1,NA,1,2024-10-04 04:00:00,101.71,10.37157212
"1542",78,"2024-10-04 05:00:00",19.4,10.1,55,0,NA,161,12.6,NA,1017.5,NA,1,2024-10-04 05:00:00,101.75,10.375651
"1543",79,"2024-10-04 06:00:00",18.9,9.9,56,0,NA,168,11.2,NA,1017.6,NA,1,2024-10-04 06:00:00,101.76,10.37667072
"1544",80,"2024-10-04 07:00:00",18.4,9.5,56,0,NA,173,10.8,NA,1017.7,NA,1,2024-10-04 07:00:00,101.77,10.37769044
"1545",81,"2024-10-04 08:00:00",18,9.4,57,0,NA,180,10.1,NA,1017.8,NA,1,2024-10-04 08:00:00,101.78,10.37871016
"1546",82,"2024-10-04 09:00:00",17.9,9.3,57,0,NA,183,9,NA,1017.8,NA,1,2024-10-04 09:00:00,101.78,10.37871016
"1547",83,"2024-10-04 10:00:00",16,12,77,0,NA,0,0,NA,1020,NA,1,2024-10-04 10:00:00,102,10.401144
"1548",84,"2024-10-04 11:00:00",15,12,82,0,NA,0,0,NA,1021,NA,1,2024-10-04 11:00:00,102.1,10.4113412
"1549",85,"2024-10-04 12:00:00",15,13,88,0,NA,0,0,NA,1021,NA,1,2024-10-04 12:00:00,102.1,10.4113412
"1550",86,"2024-10-04 13:00:00",21,12.9,60,0,NA,204,4.7,NA,1022,NA,1,2024-10-04 13:00:00,102.2,10.4215384
"1551",87,"2024-10-04 14:00:00",24,14.1,54,0,NA,0,0,NA,1022,NA,1,2024-10-04 14:00:00,102.2,10.4215384
"1552",88,"2024-10-04 15:00:00",26,14.1,48,0,NA,220,7.6,NA,1022,NA,1,2024-10-04 15:00:00,102.2,10.4215384
"1553",89,"2024-10-04 16:00:00",29,15.9,45,0,NA,207,7.6,NA,1022,NA,1,2024-10-04 16:00:00,102.2,10.4215384
"1554",90,"2024-10-04 17:00:00",31,18,46,0,NA,330,7,NA,1022,NA,1,2024-10-04 17:00:00,102.2,10.4215384
"1555",91,"2024-10-04 18:00:00",32,20,49,0,NA,50,9.4,NA,1021,NA,1,2024-10-04 18:00:00,102.1,10.4113412
"1556",92,"2024-10-04 19:00:00",32,18.9,46,0,NA,130,5.4,NA,1020,NA,1,2024-10-04 19:00:00,102,10.401144
"1557",93,"2024-10-04 20:00:00",32,17.9,43,0,NA,0,0,NA,1020,NA,1,2024-10-04 20:00:00,102,10.401144
"1558",94,"2024-10-04 21:00:00",33,18,41,0,NA,80,13,NA,1020,NA,1,2024-10-04 21:00:00,102,10.401144
"1559",95,"2024-10-04 22:00:00",31,17,43,0,NA,100,11,NA,1020,NA,1,2024-10-04 22:00:00,102,10.401144
"1560",96,"2024-10-04 23:00:00",30,17.1,46,0,NA,110,7.6,NA,1021,NA,1,2024-10-04 23:00:00,102.1,10.4113412
"1561",97,"2024-10-05 00:00:00",28,16,48,0,NA,140,5.4,NA,1021,NA,1,2024-10-05,102.1,10.4113412
"1562",98,"2024-10-05 01:00:00",26,16,54,0,NA,130,5.4,NA,1022,NA,1,2024-10-05 01:00:00,102.2,10.4215384
"1563",99,"2024-10-05 02:00:00",22.1,13.2,57,0,NA,146,11.2,NA,1020,NA,1,2024-10-05 02:00:00,102,10.401144
"1564",100,"2024-10-05 03:00:00",21.3,12.7,58,0,NA,155,11.5,NA,1020.5,NA,1,2024-10-05 03:00:00,102.05,10.4062426
"1565",101,"2024-10-05 04:00:00",21,12.4,58,0,NA,152,11.2,NA,1020.6,NA,1,2024-10-05 04:00:00,102.06,10.40726232
"1566",102,"2024-10-05 05:00:00",20.3,12.5,61,0,NA,157,10.8,NA,1020.5,NA,1,2024-10-05 05:00:00,102.05,10.4062426
"1567",103,"2024-10-05 06:00:00",19.8,12.6,63,0,NA,162,11.2,NA,1020.3,NA,1,2024-10-05 06:00:00,102.03,10.40420316
"1568",104,"2024-10-05 07:00:00",19.3,12.8,66,0,NA,164,10.4,NA,1020.1,NA,1,2024-10-05 07:00:00,102.01,10.40216372
"1569",105,"2024-10-05 08:00:00",19,13.2,69,0,NA,167,9.4,NA,1020,NA,1,2024-10-05 08:00:00,102,10.401144
"1570",106,"2024-10-05 09:00:00",18.7,13.3,71,0,NA,166,9,NA,1019.8,NA,1,2024-10-05 09:00:00,101.98,10.39910456
"1571",107,"2024-10-05 10:00:00",15,15,100,0,NA,110,5.4,NA,1021,NA,1,2024-10-05 10:00:00,102.1,10.4113412
"1572",108,"2024-10-05 11:00:00",14,14,100,0,NA,0,0,NA,1021,NA,1,2024-10-05 11:00:00,102.1,10.4113412
"1573",109,"2024-10-05 12:00:00",16,16,100,0,NA,110,6,NA,1022,NA,1,2024-10-05 12:00:00,102.2,10.4215384
"1574",110,"2024-10-05 13:00:00",20,18,88,0,NA,130,5.4,NA,1022,NA,1,2024-10-05 13:00:00,102.2,10.4215384
"1575",111,"2024-10-05 14:00:00",24,19.1,74,0,NA,180,11.2,NA,1022,NA,1,2024-10-05 14:00:00,102.2,10.4215384
"1576",112,"2024-10-05 15:00:00",27,19.1,62,0,NA,150,9.4,NA,1022,NA,1,2024-10-05 15:00:00,102.2,10.4215384
"1577",113,"2024-10-05 16:00:00",29,19,55,0,NA,220,14.8,NA,1022,NA,1,2024-10-05 16:00:00,102.2,10.4215384
"1578",114,"2024-10-05 17:00:00",30,19.1,52,0,NA,220,20,NA,1021,NA,1,2024-10-05 17:00:00,102.1,10.4113412
"1579",115,"2024-10-05 18:00:00",30,20,55,0,NA,210,16.6,NA,1020,NA,1,2024-10-05 18:00:00,102,10.401144
"1580",116,"2024-10-05 19:00:00",30,19.1,52,0,NA,260,13,NA,1019,NA,1,2024-10-05 19:00:00,101.9,10.3909468
"1581",117,"2024-10-05 20:00:00",31,19,49,0,NA,220,7.6,NA,1018,NA,1,2024-10-05 20:00:00,101.8,10.3807496
"1582",118,"2024-10-05 21:00:00",31,19,49,0,NA,210,11.2,NA,1018,NA,1,2024-10-05 21:00:00,101.8,10.3807496
"1583",119,"2024-10-05 22:00:00",30,20,55,0,NA,170,17,NA,1018,NA,1,2024-10-05 22:00:00,101.8,10.3807496
"1584",120,"2024-10-05 23:00:00",28,19,58,0,NA,190,17,NA,1018,NA,1,2024-10-05 23:00:00,101.8,10.3807496
"1585",121,"2024-10-06 00:00:00",26,17.9,61,0,NA,220,5.4,NA,1018,NA,1,2024-10-06,101.8,10.3807496
"1586",122,"2024-10-06 01:00:00",22,18,78,0,NA,0,0,NA,1018,NA,1,2024-10-06 01:00:00,101.8,10.3807496
"1587",123,"2024-10-06 02:00:00",22.2,15.8,67,0,NA,180,6.8,NA,1016.9,NA,1,2024-10-06 02:00:00,101.69,10.36953268
"1588",124,"2024-10-06 03:00:00",20.8,15.8,73,0,NA,143,7.9,NA,1017.4,NA,1,2024-10-06 03:00:00,101.74,10.37463128
"1589",125,"2024-10-06 04:00:00",19.9,15.7,77,0,NA,139,10.1,NA,1018,NA,1,2024-10-06 04:00:00,101.8,10.3807496
"1590",126,"2024-10-06 05:00:00",19.7,15.1,75,0,NA,153,10.8,NA,1018.1,NA,1,2024-10-06 05:00:00,101.81,10.38176932
"1591",127,"2024-10-06 06:00:00",19.9,15.1,74,0,NA,176,12.2,NA,1018.2,NA,1,2024-10-06 06:00:00,101.82,10.38278904
"1592",128,"2024-10-06 07:00:00",19.8,15.4,76,0,NA,186,11.5,NA,1018.1,NA,1,2024-10-06 07:00:00,101.81,10.38176932
"1593",129,"2024-10-06 08:00:00",19.7,15.8,78,0,NA,198,9.7,NA,1017.9,NA,1,2024-10-06 08:00:00,101.79,10.37972988
"1594",130,"2024-10-06 09:00:00",19.3,15.6,79,0,NA,204,10.1,NA,1017.7,NA,1,2024-10-06 09:00:00,101.77,10.37769044
"1595",131,"2024-10-06 10:00:00",16,16,100,0,NA,0,0,NA,1020,NA,1,2024-10-06 10:00:00,102,10.401144
"1596",132,"2024-10-06 11:00:00",15,15,100,0,NA,0,0,NA,1021,NA,1,2024-10-06 11:00:00,102.1,10.4113412
"1597",133,"2024-10-06 12:00:00",15,15,100,0,NA,0,0,NA,1021,NA,1,2024-10-06 12:00:00,102.1,10.4113412
"1598",134,"2024-10-06 13:00:00",21,21,100,0,NA,250,8.3,NA,1022,NA,1,2024-10-06 13:00:00,102.2,10.4215384
"1599",135,"2024-10-06 14:00:00",24,19.9,78,0,NA,241,5.4,NA,1022,NA,1,2024-10-06 14:00:00,102.2,10.4215384
"1600",136,"2024-10-06 15:00:00",28,21.1,66,0,NA,310,14.8,NA,1022,NA,1,2024-10-06 15:00:00,102.2,10.4215384
"1601",137,"2024-10-06 16:00:00",29,21,62,0,NA,340,14.8,NA,1022,NA,1,2024-10-06 16:00:00,102.2,10.4215384
"1602",138,"2024-10-06 17:00:00",30,20,55,0,NA,310,20,NA,1022,NA,1,2024-10-06 17:00:00,102.2,10.4215384
"1603",139,"2024-10-06 18:00:00",31,20,52,0,NA,300,16.6,NA,1021,NA,1,2024-10-06 18:00:00,102.1,10.4113412
"1604",140,"2024-10-06 19:00:00",31,20,52,0,NA,320,16.6,NA,1020,NA,1,2024-10-06 19:00:00,102,10.401144
"1605",141,"2024-10-06 20:00:00",31,19,49,0,NA,320,16.6,NA,1020,NA,1,2024-10-06 20:00:00,102,10.401144
"1606",142,"2024-10-06 21:00:00",31,20,52,0,NA,340,17,NA,1019,NA,1,2024-10-06 21:00:00,101.9,10.3909468
"1607",143,"2024-10-06 22:00:00",29,18.2,52,0,NA,20,20.5,NA,1020,NA,1,2024-10-06 22:00:00,102,10.401144
"1608",144,"2024-10-06 23:00:00",27,15.1,48,0,NA,360,20.5,NA,1020,NA,2,2024-10-06 23:00:00,102,10.401144
"1609",145,"2024-10-07 00:00:00",25,10.1,39,0,NA,10,13,NA,1021,NA,2,2024-10-07,102.1,10.4113412
"1610",146,"2024-10-07 01:00:00",23,7.9,38,0,NA,10,11.2,NA,1021,NA,1,2024-10-07 01:00:00,102.1,10.4113412
"1611",147,"2024-10-07 02:00:00",21.5,3.2,30,0,NA,19,12.6,NA,1020,NA,1,2024-10-07 02:00:00,102,10.401144
"1612",148,"2024-10-07 03:00:00",20.2,3.4,33,0,NA,27,11.9,NA,1020.4,NA,1,2024-10-07 03:00:00,102.04,10.40522288
"1613",149,"2024-10-07 04:00:00",19,3.6,36,0,NA,35,10.8,NA,1020.8,NA,1,2024-10-07 04:00:00,102.08,10.40930176
"1614",150,"2024-10-07 05:00:00",17.8,4,40,0,NA,40,10.1,NA,1021.1,NA,1,2024-10-07 05:00:00,102.11,10.41236092
"1615",151,"2024-10-07 06:00:00",17.2,4.8,44,0,NA,40,10.8,NA,1021,NA,1,2024-10-07 06:00:00,102.1,10.4113412
"1616",152,"2024-10-07 07:00:00",16.6,5.2,47,0,NA,34,11.2,NA,1020.9,NA,1,2024-10-07 07:00:00,102.09,10.41032148
"1617",153,"2024-10-07 08:00:00",16.1,6,51,0,NA,38,11.9,NA,1020.5,NA,1,2024-10-07 08:00:00,102.05,10.4062426
"1618",154,"2024-10-07 09:00:00",15.5,6,53,0,NA,42,11.2,NA,1020.5,NA,1,2024-10-07 09:00:00,102.05,10.4062426
"1619",155,"2024-10-07 10:00:00",14,8,67,0,NA,60,9.4,NA,1022,NA,1,2024-10-07 10:00:00,102.2,10.4215384
"1620",156,"2024-10-07 11:00:00",13,8.1,72,0,NA,60,9.4,NA,1022,NA,1,2024-10-07 11:00:00,102.2,10.4215384
"1621",157,"2024-10-07 12:00:00",13,8.1,72,0,NA,61,11.2,NA,1023,NA,1,2024-10-07 12:00:00,102.3,10.4317356
"1622",158,"2024-10-07 13:00:00",16,7,55,0,NA,70,9.4,NA,1023,NA,1,2024-10-07 13:00:00,102.3,10.4317356
"1623",159,"2024-10-07 14:00:00",17,7.1,52,0,NA,60,20.5,NA,1023,NA,1,2024-10-07 14:00:00,102.3,10.4317356
"1624",160,"2024-10-07 15:00:00",19,8,49,0,NA,80,14.8,NA,1023,NA,1,2024-10-07 15:00:00,102.3,10.4317356
"1625",161,"2024-10-07 16:00:00",22,8.1,41,0,NA,40,9.4,NA,1023,NA,1,2024-10-07 16:00:00,102.3,10.4317356
"1626",162,"2024-10-07 17:00:00",23,9,41,0,NA,10,11,NA,1022,NA,1,2024-10-07 17:00:00,102.2,10.4215384
"1627",163,"2024-10-07 18:00:00",24,8,36,0,NA,360,9.4,NA,1021,NA,1,2024-10-07 18:00:00,102.1,10.4113412
"1628",164,"2024-10-07 19:00:00",25,8.1,34,0,NA,20,13,NA,1020,NA,1,2024-10-07 19:00:00,102,10.401144
"1629",165,"2024-10-07 20:00:00",25,8.1,34,0,NA,10,11.2,NA,1019,NA,1,2024-10-07 20:00:00,101.9,10.3909468
"1630",166,"2024-10-07 21:00:00",25,7.2,32,0,NA,30,14.8,NA,1019,NA,1,2024-10-07 21:00:00,101.9,10.3909468
"1631",167,"2024-10-07 22:00:00",24,7.2,34,0,NA,50,9,NA,1018,NA,1,2024-10-07 22:00:00,101.8,10.3807496
"1632",168,"2024-10-07 23:00:00",22,7,38,0,NA,40,7.6,NA,1018,NA,1,2024-10-07 23:00:00,101.8,10.3807496
"1633",169,"2024-10-08 00:00:00",18,8,52,0,NA,0,0,NA,1019,NA,1,2024-10-08,101.9,10.3909468
"1634",170,"2024-10-08 01:00:00",17,7.1,52,0,NA,40,7.6,NA,1019,NA,1,2024-10-08 01:00:00,101.9,10.3909468
"1635",171,"2024-10-08 02:00:00",17.3,5.9,47,0,NA,55,9.7,NA,1018,NA,1,2024-10-08 02:00:00,101.8,10.3807496
"1636",172,"2024-10-08 03:00:00",16.6,5.8,49,0,NA,55,11.2,NA,1018.2,NA,1,2024-10-08 03:00:00,101.82,10.38278904
"1637",173,"2024-10-08 04:00:00",15.9,5.5,50,0,NA,58,10.8,NA,1018.4,NA,1,2024-10-08 04:00:00,101.84,10.38482848
"1638",174,"2024-10-08 05:00:00",14.9,6.2,56,0,NA,60,11.5,NA,1018.6,NA,1,2024-10-08 05:00:00,101.86,10.38686792
"1639",175,"2024-10-08 06:00:00",14,6.6,61,0,NA,70,11.2,NA,1018.8,NA,1,2024-10-08 06:00:00,101.88,10.38890736
"1640",176,"2024-10-08 07:00:00",13.4,6,61,0,NA,79,10.4,NA,1018.7,NA,1,2024-10-08 07:00:00,101.87,10.38788764
"1641",177,"2024-10-08 08:00:00",12.9,5.6,61,0,NA,87,10.4,NA,1018.7,NA,1,2024-10-08 08:00:00,101.87,10.38788764
"1642",178,"2024-10-08 09:00:00",12.5,4.9,60,0,NA,91,10.1,NA,1018,NA,1,2024-10-08 09:00:00,101.8,10.3807496
"1643",179,"2024-10-08 10:00:00",9,6.1,82,0,NA,0,0,NA,1019,NA,1,2024-10-08 10:00:00,101.9,10.3909468
"1644",180,"2024-10-08 11:00:00",10,6,76,0,NA,0,0,NA,1019,NA,1,2024-10-08 11:00:00,101.9,10.3909468
"1645",181,"2024-10-08 12:00:00",11,6.9,76,0,NA,90,6,NA,1020,NA,1,2024-10-08 12:00:00,102,10.401144
"1646",182,"2024-10-08 13:00:00",12,6.1,67,0,NA,90,13,NA,1020,NA,1,2024-10-08 13:00:00,102,10.401144
"1647",183,"2024-10-08 14:00:00",15,7.1,59,0,NA,0,0,NA,1020,NA,1,2024-10-08 14:00:00,102,10.401144
"1648",184,"2024-10-08 15:00:00",20,8,46,0,NA,80,13,NA,1020,NA,1,2024-10-08 15:00:00,102,10.401144
"1649",185,"2024-10-08 16:00:00",21,7.9,43,0,NA,110,7.6,NA,1020,NA,1,2024-10-08 16:00:00,102,10.401144
"1650",186,"2024-10-08 17:00:00",23,7.1,36,0,NA,90,7,NA,1019,NA,1,2024-10-08 17:00:00,101.9,10.3909468
"1651",187,"2024-10-08 18:00:00",24,7.2,34,0,NA,0,0,NA,1018,NA,1,2024-10-08 18:00:00,101.8,10.3807496
"1652",188,"2024-10-08 19:00:00",25,8.1,34,0,NA,0,0,NA,1017,NA,1,2024-10-08 19:00:00,101.7,10.3705524
"1653",189,"2024-10-08 20:00:00",26,7.1,30,0,NA,340,11.2,NA,1017,NA,1,2024-10-08 20:00:00,101.7,10.3705524
"1654",190,"2024-10-08 21:00:00",25,6.2,30,0,NA,50,11,NA,1017,NA,1,2024-10-08 21:00:00,101.7,10.3705524
"1655",191,"2024-10-08 22:00:00",24,7.2,34,0,NA,50,5.4,NA,1017,NA,1,2024-10-08 22:00:00,101.7,10.3705524
"1656",192,"2024-10-08 23:00:00",22,7,38,0,NA,0,0,NA,1017,NA,1,2024-10-08 23:00:00,101.7,10.3705524
"1657",193,"2024-10-09 00:00:00",20,7,43,0,NA,60,7.6,NA,1017,NA,1,2024-10-09,101.7,10.3705524
"1658",194,"2024-10-09 01:00:00",19,7.1,46,0,NA,70,7.6,NA,1018,NA,1,2024-10-09 01:00:00,101.8,10.3807496
"1659",195,"2024-10-09 02:00:00",17.4,4.4,42,0,NA,85,11.2,NA,1017.1,NA,1,2024-10-09 02:00:00,101.71,10.37157212
"1660",196,"2024-10-09 03:00:00",16.2,4.6,46,0,NA,109,10.1,NA,1017.6,NA,1,2024-10-09 03:00:00,101.76,10.37667072
"1661",197,"2024-10-09 04:00:00",15.2,4.6,49,0,NA,123,10.1,NA,1018,NA,1,2024-10-09 04:00:00,101.8,10.3807496
"1662",198,"2024-10-09 05:00:00",14.5,4.8,52,0,NA,135,10.1,NA,1017.7,NA,1,2024-10-09 05:00:00,101.77,10.37769044
"1663",199,"2024-10-09 06:00:00",14,4.8,54,0,NA,132,9,NA,1017.6,NA,1,2024-10-09 06:00:00,101.76,10.37667072
"1664",200,"2024-10-09 07:00:00",13.5,4.6,55,0,NA,133,9,NA,1018,NA,1,2024-10-09 07:00:00,101.8,10.3807496
"1665",201,"2024-10-09 08:00:00",13.1,4.8,57,0,NA,135,8.6,NA,1018.1,NA,1,2024-10-09 08:00:00,101.81,10.38176932
"1666",202,"2024-10-09 09:00:00",12.7,4.6,58,0,NA,136,7.9,NA,1017.8,NA,1,2024-10-09 09:00:00,101.78,10.37871016
"1667",203,"2024-10-09 10:00:00",11,6.9,76,0,NA,123,7.2,NA,1019,NA,1,2024-10-09 10:00:00,101.9,10.3909468
"1668",204,"2024-10-09 11:00:00",10,7.1,82,0,NA,120,6.1,NA,1019,NA,1,2024-10-09 11:00:00,101.9,10.3909468
"1669",205,"2024-10-09 12:00:00",11,8,82,0,NA,90,7.6,NA,1020,NA,1,2024-10-09 12:00:00,102,10.401144
"1670",206,"2024-10-09 13:00:00",14,8,67,0,NA,90,7.6,NA,1020,NA,1,2024-10-09 13:00:00,102,10.401144
"1671",207,"2024-10-09 14:00:00",18,9.1,56,0,NA,120,5.4,NA,1021,NA,1,2024-10-09 14:00:00,102.1,10.4113412
"1672",208,"2024-10-09 15:00:00",21,8.9,46,0,NA,0,0,NA,1021,NA,1,2024-10-09 15:00:00,102.1,10.4113412
"1673",209,"2024-10-09 16:00:00",23,9,41,0,NA,0,0,NA,1020,NA,1,2024-10-09 16:00:00,102,10.401144
"1674",210,"2024-10-09 17:00:00",25,8.1,34,0,NA,58,7.2,NA,1020,NA,3,2024-10-09 17:00:00,102,10.401144
"1675",211,"2024-10-09 18:00:00",26,8,32,0,NA,0,0,NA,1019,NA,3,2024-10-09 18:00:00,101.9,10.3909468
"1676",212,"2024-10-09 19:00:00",27,8.9,32,0,NA,90,9.4,NA,1018,NA,3,2024-10-09 19:00:00,101.8,10.3807496
"1677",213,"2024-10-09 20:00:00",27,8.9,32,0,NA,60,6.8,NA,1018,NA,1,2024-10-09 20:00:00,101.8,10.3807496
"1678",214,"2024-10-09 21:00:00",27,8,30,0,NA,0,0,NA,1017,NA,1,2024-10-09 21:00:00,101.7,10.3705524
"1679",215,"2024-10-09 22:00:00",27,8,30,0,NA,52,5.4,NA,1017,NA,1,2024-10-09 22:00:00,101.7,10.3705524
"1680",216,"2024-10-09 23:00:00",23,9,41,0,NA,33,5.4,NA,1017,NA,1,2024-10-09 23:00:00,101.7,10.3705524
"1681",217,"2024-10-10 00:00:00",20,8,46,0,NA,0,0,NA,1018,NA,1,2024-10-10,101.8,10.3807496
"1682",218,"2024-10-10 01:00:00",20,7,43,0,NA,80,7.6,NA,1018,NA,1,2024-10-10 01:00:00,101.8,10.3807496
"1683",219,"2024-10-10 02:00:00",17,5.3,46,0,NA,114,11.9,NA,1017.5,NA,1,2024-10-10 02:00:00,101.75,10.375651
"1684",220,"2024-10-10 03:00:00",15.9,4.3,46,0,NA,123,10.8,NA,1017.7,NA,1,2024-10-10 03:00:00,101.77,10.37769044
"1685",221,"2024-10-10 04:00:00",15.1,4.5,49,0,NA,131,10.4,NA,1018.1,NA,1,2024-10-10 04:00:00,101.81,10.38176932
"1686",222,"2024-10-10 05:00:00",14.7,4.4,50,0,NA,137,10.8,NA,1018.3,NA,1,2024-10-10 05:00:00,101.83,10.38380876
"1687",223,"2024-10-10 06:00:00",14.3,4.6,52,0,NA,137,8.6,NA,1018.5,NA,1,2024-10-10 06:00:00,101.85,10.3858482
"1688",224,"2024-10-10 07:00:00",14.1,4.7,53,0,NA,136,8.3,NA,1018.8,NA,1,2024-10-10 07:00:00,101.88,10.38890736
"1689",225,"2024-10-10 08:00:00",13.8,4.9,55,0,NA,132,8.3,NA,1019.1,NA,1,2024-10-10 08:00:00,101.91,10.39196652
"1690",226,"2024-10-10 09:00:00",13.4,5.5,59,0,NA,123,8.6,NA,1019.1,NA,1,2024-10-10 09:00:00,101.91,10.39196652
"1691",227,"2024-10-10 10:00:00",12,8.1,77,0,NA,120,5.4,NA,1020,NA,1,2024-10-10 10:00:00,102,10.401144
"1692",228,"2024-10-10 11:00:00",11,8,82,0,NA,119,8.6,NA,1021,NA,1,2024-10-10 11:00:00,102.1,10.4113412
"1693",229,"2024-10-10 12:00:00",12,8.1,77,0,NA,0,0,NA,1021,NA,1,2024-10-10 12:00:00,102.1,10.4113412
"1694",230,"2024-10-10 13:00:00",15,8.9,67,0,NA,120,5.4,NA,1022,NA,1,2024-10-10 13:00:00,102.2,10.4215384
"1695",231,"2024-10-10 14:00:00",19,10,56,0,NA,180,7.6,NA,1022,NA,1,2024-10-10 14:00:00,102.2,10.4215384
"1696",232,"2024-10-10 15:00:00",23,10.1,44,0,NA,140,9,NA,1022,NA,1,2024-10-10 15:00:00,102.2,10.4215384
"1697",233,"2024-10-10 16:00:00",25,10.8,41,0,NA,160,7.6,NA,1022,NA,1,2024-10-10 16:00:00,102.2,10.4215384
"1698",234,"2024-10-10 17:00:00",27,11.1,37,0,NA,158,9,NA,1021,NA,2,2024-10-10 17:00:00,102.1,10.4113412
"1699",235,"2024-10-10 18:00:00",28,10.2,33,0,NA,167,7.6,NA,1021,NA,2,2024-10-10 18:00:00,102.1,10.4113412
"1700",236,"2024-10-10 19:00:00",29,11.1,33,0,NA,188,9.4,NA,1020,NA,2,2024-10-10 19:00:00,102,10.401144
"1701",237,"2024-10-10 20:00:00",29,11.1,33,0,NA,180,5.4,NA,1020,NA,1,2024-10-10 20:00:00,102,10.401144
"1702",238,"2024-10-10 21:00:00",29,11.1,33,0,NA,0,0,NA,1020,NA,1,2024-10-10 21:00:00,102,10.401144
"1703",239,"2024-10-10 22:00:00",29,11.1,33,0,NA,175,6.8,NA,1020,NA,1,2024-10-10 22:00:00,102,10.401144
"1704",240,"2024-10-10 23:00:00",26,10.2,37,0,NA,210,11.2,NA,1021,NA,1,2024-10-10 23:00:00,102.1,10.4113412
"1705",241,"2024-10-11 00:00:00",23,7.9,38,0,NA,160,5.4,NA,1020,NA,1,2024-10-11,102,10.401144
"1706",242,"2024-10-11 01:00:00",22,8.1,41,0,NA,160,5.4,NA,1021,NA,1,2024-10-11 01:00:00,102.1,10.4113412
"1707",243,"2024-10-11 02:00:00",18.7,5.5,42,0,NA,178,11.2,NA,1019.7,NA,1,2024-10-11 02:00:00,101.97,10.39808484
"1708",244,"2024-10-11 03:00:00",18,5.2,43,0,NA,168,10.8,NA,1020.5,NA,1,2024-10-11 03:00:00,102.05,10.4062426
"1709",245,"2024-10-11 04:00:00",17.4,5.7,46,0,NA,148,12.2,NA,1020.9,NA,1,2024-10-11 04:00:00,102.09,10.41032148
"1710",246,"2024-10-11 05:00:00",17.1,5.4,46,0,NA,142,11.5,NA,1020.7,NA,2,2024-10-11 05:00:00,102.07,10.40828204
"1711",247,"2024-10-11 06:00:00",16.9,6.4,50,0,NA,152,11.9,NA,1020.8,NA,2,2024-10-11 06:00:00,102.08,10.40930176
"1712",248,"2024-10-11 07:00:00",17,7.1,52,0,NA,149,12.2,NA,1020.3,NA,1,2024-10-11 07:00:00,102.03,10.40420316
"1713",249,"2024-10-11 08:00:00",16.6,7.5,55,0,NA,176,11.5,NA,1021,NA,1,2024-10-11 08:00:00,102.1,10.4113412
"1714",250,"2024-10-11 09:00:00",16.7,7.6,55,0,NA,164,12.2,NA,1020.8,NA,1,2024-10-11 09:00:00,102.08,10.40930176
"1715",251,"2024-10-11 10:00:00",16,10.1,68,0,NA,140,7.6,NA,1022,NA,1,2024-10-11 10:00:00,102.2,10.4215384
"1716",252,"2024-10-11 11:00:00",16,10.1,68,0,NA,130,7.6,NA,1022,NA,1,2024-10-11 11:00:00,102.2,10.4215384
"1717",253,"2024-10-11 12:00:00",16,11,72,0,NA,183,6,NA,1023,NA,1,2024-10-11 12:00:00,102.3,10.4317356
"1718",254,"2024-10-11 13:00:00",19,11.1,60,0,NA,189,5.4,NA,1023,NA,1,2024-10-11 13:00:00,102.3,10.4317356
"1719",255,"2024-10-11 14:00:00",22,12,53,0,NA,168,5.4,NA,1023,NA,1,2024-10-11 14:00:00,102.3,10.4317356
"1720",256,"2024-10-11 15:00:00",26,13.2,45,0,NA,200,16.6,NA,1024,NA,1,2024-10-11 15:00:00,102.4,10.4419328
"1721",257,"2024-10-11 16:00:00",27,13,42,0,NA,240,15,NA,1023,NA,1,2024-10-11 16:00:00,102.3,10.4317356
"1722",258,"2024-10-11 17:00:00",28,13.9,42,0,NA,230,16.6,NA,1023,NA,1,2024-10-11 17:00:00,102.3,10.4317356
"1723",259,"2024-10-11 18:00:00",29,14,40,0,NA,230,13,NA,1021,NA,1,2024-10-11 18:00:00,102.1,10.4113412
"1724",260,"2024-10-11 19:00:00",30,14.1,38,0,NA,210,11,NA,1021,NA,1,2024-10-11 19:00:00,102.1,10.4113412
"1725",261,"2024-10-11 20:00:00",30,14.1,38,0,NA,200,13,NA,1020,NA,1,2024-10-11 20:00:00,102,10.401144
"1726",262,"2024-10-11 21:00:00",30,14.1,38,0,NA,190,11,NA,1020,NA,1,2024-10-11 21:00:00,102,10.401144
"1727",263,"2024-10-11 22:00:00",29,14,40,0,NA,210,13,NA,1020,NA,1,2024-10-11 22:00:00,102,10.401144
"1728",264,"2024-10-11 23:00:00",27,14.1,45,0,NA,220,9.4,NA,1020,NA,1,2024-10-11 23:00:00,102,10.401144
"1729",265,"2024-10-12 00:00:00",24,12.9,50,0,NA,200,7.6,NA,1020,NA,1,2024-10-12,102,10.401144
"1730",266,"2024-10-12 01:00:00",20,13,64,0,NA,100,5.4,NA,1021,NA,1,2024-10-12 01:00:00,102.1,10.4113412
"1731",267,"2024-10-12 02:00:00",20.1,10.2,53,0,NA,166,11.2,NA,1019.2,NA,1,2024-10-12 02:00:00,101.92,10.39298624
"1732",268,"2024-10-12 03:00:00",19.5,10.5,56,0,NA,177,11.5,NA,1019.1,NA,1,2024-10-12 03:00:00,101.91,10.39196652
"1733",269,"2024-10-12 04:00:00",19.4,10.1,55,0,NA,182,13,NA,1019.3,NA,1,2024-10-12 04:00:00,101.93,10.39400596
"1734",270,"2024-10-12 05:00:00",19.4,10.7,57,0,NA,202,10.8,NA,1019.4,NA,1,2024-10-12 05:00:00,101.94,10.39502568
"1735",271,"2024-10-12 06:00:00",18.8,11.4,62,0,NA,200,11.9,NA,1019.4,NA,1,2024-10-12 06:00:00,101.94,10.39502568
"1736",272,"2024-10-12 07:00:00",18.4,11.5,64,0,NA,192,12.6,NA,1019,NA,1,2024-10-12 07:00:00,101.9,10.3909468
"1737",273,"2024-10-12 08:00:00",17.6,9.7,60,0,NA,202,11.2,NA,1018.7,NA,1,2024-10-12 08:00:00,101.87,10.38788764
"1738",274,"2024-10-12 09:00:00",17.3,9.9,62,0,NA,203,11.5,NA,1018.4,NA,1,2024-10-12 09:00:00,101.84,10.38482848
"1739",275,"2024-10-12 10:00:00",15,13,88,0,NA,100,6,NA,1020,NA,1,2024-10-12 10:00:00,102,10.401144
"1740",276,"2024-10-12 11:00:00",16,12,77,0,NA,130,5.4,NA,1020,NA,2,2024-10-12 11:00:00,102,10.401144
"1741",277,"2024-10-12 12:00:00",15,12,82,0,NA,0,0,NA,1020,NA,1,2024-10-12 12:00:00,102,10.401144
"1742",278,"2024-10-12 13:00:00",21,13.9,64,0,NA,150,7.6,NA,1020,NA,2,2024-10-12 13:00:00,102,10.401144
"1743",279,"2024-10-12 14:00:00",24,15,57,0,NA,180,11.2,NA,1020,NA,2,2024-10-12 14:00:00,102,10.401144
"1744",280,"2024-10-12 15:00:00",27,15.1,48,0,NA,200,16.6,NA,1020,NA,1,2024-10-12 15:00:00,102,10.401144
"1745",281,"2024-10-12 16:00:00",29,15.2,43,0,NA,230,17,NA,1019,NA,1,2024-10-12 16:00:00,101.9,10.3909468
"1746",282,"2024-10-12 17:00:00",30,16.1,43,0,NA,200,22.3,NA,1019,NA,1,2024-10-12 17:00:00,101.9,10.3909468
"1747",283,"2024-10-12 18:00:00",31,17,43,0,NA,220,14.8,NA,1017,NA,1,2024-10-12 18:00:00,101.7,10.3705524
"1748",284,"2024-10-12 19:00:00",31,17,43,0,NA,220,16.6,NA,1017,NA,1,2024-10-12 19:00:00,101.7,10.3705524
"1749",285,"2024-10-12 20:00:00",32,17.1,41,0,NA,240,19,NA,1016,NA,1,2024-10-12 20:00:00,101.6,10.3603552
"1750",286,"2024-10-12 21:00:00",31,18,46,0,NA,240,14.8,NA,1016,NA,1,2024-10-12 21:00:00,101.6,10.3603552
"1751",287,"2024-10-12 22:00:00",31,17,43,0,NA,210,16.6,NA,1016,NA,1,2024-10-12 22:00:00,101.6,10.3603552
"1752",288,"2024-10-12 23:00:00",28,16.9,51,0,NA,200,11.2,NA,1016,NA,3,2024-10-12 23:00:00,101.6,10.3603552
"1753",289,"2024-10-13 00:00:00",26,16,54,0,NA,170,5.4,NA,1016,NA,3,2024-10-13,101.6,10.3603552
"1754",290,"2024-10-13 01:00:00",24,16,61,0,NA,0,0,NA,1016,NA,3,2024-10-13 01:00:00,101.6,10.3603552
"1755",291,"2024-10-13 02:00:00",22.6,12.2,52,0,NA,197,13,NA,1014.7,NA,3,2024-10-13 02:00:00,101.47,10.34709884
"1756",292,"2024-10-13 03:00:00",22.3,12.3,53,0,NA,196,13,NA,1015.1,NA,2,2024-10-13 03:00:00,101.51,10.35117772
"1757",293,"2024-10-13 04:00:00",22.7,12.9,54,0,NA,202,14.4,NA,1015,NA,1,2024-10-13 04:00:00,101.5,10.350158
"1758",294,"2024-10-13 05:00:00",22.1,13.2,57,0,NA,208,13,NA,1014.9,NA,2,2024-10-13 05:00:00,101.49,10.34913828
"1759",295,"2024-10-13 06:00:00",21.2,13.4,61,0,NA,214,11.2,NA,1014.9,NA,2,2024-10-13 06:00:00,101.49,10.34913828
"1760",296,"2024-10-13 07:00:00",20.3,13.5,65,0,NA,209,10.8,NA,1015.1,NA,1,2024-10-13 07:00:00,101.51,10.35117772
"1761",297,"2024-10-13 08:00:00",19.9,13.6,67,0,NA,210,11.5,NA,1015.2,NA,1,2024-10-13 08:00:00,101.52,10.35219744
"1762",298,"2024-10-13 09:00:00",20.1,12.1,60,0,NA,226,12.2,NA,1014.4,NA,1,2024-10-13 09:00:00,101.44,10.34403968
"1763",299,"2024-10-13 10:00:00",17,17,100,0,NA,230,10.1,NA,1016,NA,1,2024-10-13 10:00:00,101.6,10.3603552
"1764",300,"2024-10-13 11:00:00",19,18,94,0,NA,330,7.6,NA,1017,NA,1,2024-10-13 11:00:00,101.7,10.3705524
"1765",301,"2024-10-13 12:00:00",18,18,100,0,NA,0,0,NA,1017,NA,1,2024-10-13 12:00:00,101.7,10.3705524
"1766",302,"2024-10-13 13:00:00",22,18,78,0,NA,360,16.6,NA,1019,NA,1,2024-10-13 13:00:00,101.9,10.3909468
"1767",303,"2024-10-13 14:00:00",22,16.1,69,0,NA,30,16.6,NA,1019,NA,1,2024-10-13 14:00:00,101.9,10.3909468
"1768",304,"2024-10-13 15:00:00",25,15,54,0,NA,10,15,NA,1020,NA,1,2024-10-13 15:00:00,102,10.401144
"1769",305,"2024-10-13 16:00:00",25,12.9,47,0,NA,30,16.6,NA,1020,NA,1,2024-10-13 16:00:00,102,10.401144
"1770",306,"2024-10-13 17:00:00",26,12.1,42,0,NA,20,14.8,NA,1020,NA,1,2024-10-13 17:00:00,102,10.401144
"1771",307,"2024-10-13 18:00:00",27,9.8,34,0,NA,30,14.8,NA,1020,NA,1,2024-10-13 18:00:00,102,10.401144
"1772",308,"2024-10-13 19:00:00",29,10.2,31,0,NA,330,13,NA,1019,NA,1,2024-10-13 19:00:00,101.9,10.3909468
"1773",309,"2024-10-13 20:00:00",28,7.8,28,0,NA,350,20,NA,1019,NA,1,2024-10-13 20:00:00,101.9,10.3909468
"1774",310,"2024-10-13 21:00:00",27,8,30,0,NA,360,16.6,NA,1019,NA,1,2024-10-13 21:00:00,101.9,10.3909468
"1775",311,"2024-10-13 22:00:00",26,7.1,30,0,NA,350,14.8,NA,1020,NA,1,2024-10-13 22:00:00,102,10.401144
"1776",312,"2024-10-13 23:00:00",23,7.1,36,0,NA,350,13,NA,1020,NA,1,2024-10-13 23:00:00,102,10.401144
"1777",313,"2024-10-14 00:00:00",21,6.1,38,0,NA,360,9.4,NA,1021,NA,1,2024-10-14,102.1,10.4113412
"1778",314,"2024-10-14 01:00:00",20,4.1,35,0,NA,360,11.2,NA,1022,NA,1,2024-10-14 01:00:00,102.2,10.4215384
"1779",315,"2024-10-14 02:00:00",18.4,1.4,32,0,NA,10,13.3,NA,1020.7,NA,1,2024-10-14 02:00:00,102.07,10.40828204
"1780",316,"2024-10-14 03:00:00",17.4,0.1,31,0,NA,7,13,NA,1022.1,NA,1,2024-10-14 03:00:00,102.21,10.42255812
"1781",317,"2024-10-14 04:00:00",16.2,0.3,34,0,NA,2,11.9,NA,1023.2,NA,1,2024-10-14 04:00:00,102.32,10.43377504
"1782",318,"2024-10-14 05:00:00",15.7,0.3,35,0,NA,6,11.5,NA,1023.5,NA,2,2024-10-14 05:00:00,102.35,10.4368342
"1783",319,"2024-10-14 06:00:00",14.6,0.4,38,0,NA,12,12.6,NA,1023.8,NA,2,2024-10-14 06:00:00,102.38,10.43989336
"1784",320,"2024-10-14 07:00:00",13.8,0.4,40,0,NA,10,11.9,NA,1023.9,NA,1,2024-10-14 07:00:00,102.39,10.44091308
"1785",321,"2024-10-14 08:00:00",13,0,41,0,NA,9,11.5,NA,1024.4,NA,2,2024-10-14 08:00:00,102.44,10.44601168
"1786",322,"2024-10-14 09:00:00",12.4,0.2,43,0,NA,14,12.2,NA,1024.3,NA,1,2024-10-14 09:00:00,102.43,10.44499196
"1787",323,"2024-10-14 10:00:00",11,2,54,0,NA,40,7.6,NA,1025,NA,1,2024-10-14 10:00:00,102.5,10.45213
"1788",324,"2024-10-14 11:00:00",11,2,54,0,NA,50,9,NA,1025,NA,2,2024-10-14 11:00:00,102.5,10.45213
"1789",325,"2024-10-14 12:00:00",10,2.1,58,0,NA,60,5.4,NA,1025,NA,1,2024-10-14 12:00:00,102.5,10.45213
"1790",326,"2024-10-14 13:00:00",12,1.9,50,0,NA,50,7.6,NA,1026,NA,1,2024-10-14 13:00:00,102.6,10.4623272
"1791",327,"2024-10-14 14:00:00",13,1.9,47,0,NA,50,9,NA,1026,NA,1,2024-10-14 14:00:00,102.6,10.4623272
"1792",328,"2024-10-14 15:00:00",15,1.1,39,0,NA,30,9.4,NA,1026,NA,1,2024-10-14 15:00:00,102.6,10.4623272
"1793",329,"2024-10-14 16:00:00",16,0.9,36,0,NA,20,11.2,NA,1026,NA,1,2024-10-14 16:00:00,102.6,10.4623272
"1794",330,"2024-10-14 17:00:00",18,-0.8,28,0,NA,50,11.2,NA,1025,NA,1,2024-10-14 17:00:00,102.5,10.45213
"1795",331,"2024-10-14 18:00:00",19,-0.9,26,0,NA,80,7,NA,1024,NA,1,2024-10-14 18:00:00,102.4,10.4419328
"1796",332,"2024-10-14 19:00:00",20,-1.2,24,0,NA,300,9.4,NA,1023,NA,1,2024-10-14 19:00:00,102.3,10.4317356
"1797",333,"2024-10-14 20:00:00",21,-0.9,23,0,NA,360,9.4,NA,1022,NA,3,2024-10-14 20:00:00,102.2,10.4215384
"1798",334,"2024-10-14 21:00:00",21,-0.9,23,0,NA,360,9,NA,1021,NA,1,2024-10-14 21:00:00,102.1,10.4113412
"1799",335,"2024-10-14 22:00:00",20,-1.2,24,0,NA,60,5.4,NA,1021,NA,1,2024-10-14 22:00:00,102.1,10.4113412
"1800",336,"2024-10-14 23:00:00",18,-0.8,28,0,NA,0,0,NA,1021,NA,3,2024-10-14 23:00:00,102.1,10.4113412
"1801",337,"2024-10-15 00:00:00",15,1.1,39,0,NA,90,5.4,NA,1020,NA,1,2024-10-15,102,10.401144
"1802",338,"2024-10-15 01:00:00",13,1.9,47,0,NA,0,0,NA,1020,NA,1,2024-10-15 01:00:00,102,10.401144
"1803",339,"2024-10-15 02:00:00",14,3.7,50,0,NA,123,7.2,NA,1019.6,NA,1,2024-10-15 02:00:00,101.96,10.39706512
"1804",340,"2024-10-15 03:00:00",13.3,3.4,51,0,NA,129,9.7,NA,1019.3,NA,1,2024-10-15 03:00:00,101.93,10.39400596
"1805",341,"2024-10-15 04:00:00",12.8,1.5,46,0,NA,131,9.7,NA,1019.3,NA,1,2024-10-15 04:00:00,101.93,10.39400596
"1806",342,"2024-10-15 05:00:00",11.9,0.3,45,0,NA,120,8.3,NA,1019,NA,1,2024-10-15 05:00:00,101.9,10.3909468
"1807",343,"2024-10-15 06:00:00",11.3,0.7,48,0,NA,116,7.2,NA,1018.5,NA,1,2024-10-15 06:00:00,101.85,10.3858482
"1808",344,"2024-10-15 07:00:00",10.7,1.8,54,0,NA,117,6.8,NA,1018.3,NA,1,2024-10-15 07:00:00,101.83,10.38380876
"1809",345,"2024-10-15 08:00:00",10.2,3.7,64,0,NA,112,6.5,NA,1018.5,NA,1,2024-10-15 08:00:00,101.85,10.3858482
"1810",346,"2024-10-15 09:00:00",9.9,4.5,69,0,NA,122,7.6,NA,1018.4,NA,1,2024-10-15 09:00:00,101.84,10.38482848
"1811",347,"2024-10-15 10:00:00",9,0.9,57,0,NA,0,0,NA,1019,NA,1,2024-10-15 10:00:00,101.9,10.3909468
"1812",348,"2024-10-15 11:00:00",8,2,66,0,NA,90,5.4,NA,1019,NA,1,2024-10-15 11:00:00,101.9,10.3909468
"1813",349,"2024-10-15 12:00:00",7,2.1,71,0,NA,100,6,NA,1020,NA,1,2024-10-15 12:00:00,102,10.401144
"1814",350,"2024-10-15 13:00:00",11,3,58,0,NA,62,8.6,NA,1020,NA,1,2024-10-15 13:00:00,102,10.401144
"1815",351,"2024-10-15 14:00:00",15,3.2,45,0,NA,70,6,NA,1021,NA,1,2024-10-15 14:00:00,102.1,10.4113412
"1816",352,"2024-10-15 15:00:00",18,3.1,37,0,NA,30,16.6,NA,1021,NA,1,2024-10-15 15:00:00,102.1,10.4113412
"1817",353,"2024-10-15 16:00:00",19,3.2,35,0,NA,60,22.3,NA,1022,NA,1,2024-10-15 16:00:00,102.2,10.4215384
"1818",354,"2024-10-15 17:00:00",19,3.2,35,0,NA,60,26,NA,1022,NA,1,2024-10-15 17:00:00,102.2,10.4215384
"1819",355,"2024-10-15 18:00:00",19,4,37,0,NA,30,30,NA,1022,NA,1,2024-10-15 18:00:00,102.2,10.4215384
"1820",356,"2024-10-15 19:00:00",18,4.2,40,0,NA,30,22,NA,1022,NA,1,2024-10-15 19:00:00,102.2,10.4215384
"1821",357,"2024-10-15 20:00:00",17,2.9,39,0,NA,50,27.7,NA,1023,NA,1,2024-10-15 20:00:00,102.3,10.4317356
"1822",358,"2024-10-15 21:00:00",17,-1.2,29,0,NA,37,20.5,NA,1022.3,NA,1,2024-10-15 21:00:00,102.23,10.42459756
"1823",359,"2024-10-15 22:00:00",15.9,-1.7,30,0,NA,10,22.3,NA,1026,NA,1,2024-10-15 22:00:00,102.6,10.4623272
"1824",360,"2024-10-15 23:00:00",14,-2,33,0,NA,350,16.6,NA,1026,NA,1,2024-10-15 23:00:00,102.6,10.4623272
"1825",361,"2024-10-16 00:00:00",12.2,-4.5,31,0,NA,350,16.6,NA,1027,NA,1,2024-10-16,102.7,10.4725244
"1826",362,"2024-10-16 01:00:00",11,-2.4,39,0,NA,360,14.8,NA,1027,NA,1,2024-10-16 01:00:00,102.7,10.4725244
"1827",363,"2024-10-16 02:00:00",10.1,-1,46,0,NA,55,13.3,NA,1028,NA,1,2024-10-16 02:00:00,102.8,10.4827216
"1828",364,"2024-10-16 03:00:00",9.2,-0.2,52,0,NA,38,11.5,NA,1029.1,NA,1,2024-10-16 03:00:00,102.91,10.49393852
"1829",365,"2024-10-16 04:00:00",8.7,-0.6,52,0,NA,38,14.4,NA,1030,NA,1,2024-10-16 04:00:00,103,10.503116
"1830",366,"2024-10-16 05:00:00",8.7,-1.7,48,0,NA,49,14.8,NA,1030.7,NA,1,2024-10-16 05:00:00,103.07,10.51025404
"1831",367,"2024-10-16 06:00:00",8.2,-1.9,49,0,NA,58,13.3,NA,1031.2,NA,1,2024-10-16 06:00:00,103.12,10.51535264
"1832",368,"2024-10-16 07:00:00",7.6,-2.4,49,0,NA,56,12.6,NA,1031.4,NA,1,2024-10-16 07:00:00,103.14,10.51739208
"1833",369,"2024-10-16 08:00:00",6.7,-2,54,0,NA,58,9.4,NA,1031.4,NA,1,2024-10-16 08:00:00,103.14,10.51739208
"1834",370,"2024-10-16 09:00:00",6.2,-1,60,0,NA,58,9.7,NA,1031.7,NA,1,2024-10-16 09:00:00,103.17,10.52045124
"1835",371,"2024-10-16 10:00:00",2,-2.9,70,0,NA,56,8.6,NA,1033,NA,1,2024-10-16 10:00:00,103.3,10.5337076
"1836",372,"2024-10-16 11:00:00",2,-2.9,70,0,NA,62,8.6,NA,1033,NA,1,2024-10-16 11:00:00,103.3,10.5337076
"1837",373,"2024-10-16 12:00:00",2,-2.9,70,0,NA,68,7.2,NA,1033,NA,1,2024-10-16 12:00:00,103.3,10.5337076
"1838",374,"2024-10-16 13:00:00",5,-1,65,0,NA,40,11,NA,1034,NA,1,2024-10-16 13:00:00,103.4,10.5439048
"1839",375,"2024-10-16 14:00:00",10,0,50,0,NA,110,7,NA,1034,NA,1,2024-10-16 14:00:00,103.4,10.5439048
"1840",376,"2024-10-16 15:00:00",11,0.1,47,0,NA,70,11.2,NA,1034,NA,1,2024-10-16 15:00:00,103.4,10.5439048
"1841",377,"2024-10-16 16:00:00",12,0.1,44,0,NA,90,11.2,NA,1034,NA,1,2024-10-16 16:00:00,103.4,10.5439048
"1842",378,"2024-10-16 17:00:00",14,-0.8,36,0,NA,340,9.4,NA,1033,NA,1,2024-10-16 17:00:00,103.3,10.5337076
"1843",379,"2024-10-16 18:00:00",15,0,36,0,NA,60,13,NA,1032,NA,1,2024-10-16 18:00:00,103.2,10.5235104
"1844",380,"2024-10-16 19:00:00",16,0.1,34,0,NA,30,14.8,NA,1031,NA,1,2024-10-16 19:00:00,103.1,10.5133132
"1845",381,"2024-10-16 20:00:00",16,-2,29,0,NA,20,7.6,NA,1030,NA,1,2024-10-16 20:00:00,103,10.503116
"1846",382,"2024-10-16 21:00:00",16,-1.1,31,0,NA,0,0,NA,1029,NA,1,2024-10-16 21:00:00,102.9,10.4929188
"1847",383,"2024-10-16 22:00:00",16,-1.1,31,0,NA,80,7.6,NA,1028,NA,1,2024-10-16 22:00:00,102.8,10.4827216
"1848",384,"2024-10-16 23:00:00",14,-0.8,36,0,NA,0,0,NA,1028,NA,1,2024-10-16 23:00:00,102.8,10.4827216
"1849",385,"2024-10-17 00:00:00",10,-1.1,46,0,NA,90,6,NA,1028,NA,1,2024-10-17,102.8,10.4827216
"1850",386,"2024-10-17 01:00:00",9,-0.1,53,0,NA,0,0,NA,1027,NA,1,2024-10-17 01:00:00,102.7,10.4725244
"1851",387,"2024-10-17 02:00:00",9.5,-0.1,51,0,NA,111,11.5,NA,1027.9,NA,1,2024-10-17 02:00:00,102.79,10.48170188
"1852",388,"2024-10-17 03:00:00",7.8,-2,50,0,NA,138,11.9,NA,1028.2,NA,1,2024-10-17 03:00:00,102.82,10.48476104
"1853",389,"2024-10-17 04:00:00",6.9,-2,53,0,NA,143,10.1,NA,1028.3,NA,1,2024-10-17 04:00:00,102.83,10.48578076
"1854",390,"2024-10-17 05:00:00",6.6,-1.6,56,0,NA,147,9.7,NA,1028.1,NA,1,2024-10-17 05:00:00,102.81,10.48374132
"1855",391,"2024-10-17 06:00:00",6.5,-1.9,55,0,NA,158,11.5,NA,1028.1,NA,1,2024-10-17 06:00:00,102.81,10.48374132
"1856",392,"2024-10-17 07:00:00",6.3,-2.6,53,0,NA,165,11.2,NA,1028.1,NA,1,2024-10-17 07:00:00,102.81,10.48374132
"1857",393,"2024-10-17 08:00:00",6.4,-3,51,0,NA,164,11.2,NA,1027.6,NA,1,2024-10-17 08:00:00,102.76,10.47864272
"1858",394,"2024-10-17 09:00:00",6.1,-3,52,0,NA,166,11.2,NA,1027.2,NA,1,2024-10-17 09:00:00,102.72,10.47456384
"1859",395,"2024-10-17 10:00:00",3,-1,75,0,NA,0,0,NA,1027,NA,1,2024-10-17 10:00:00,102.7,10.4725244
"1860",396,"2024-10-17 11:00:00",2,-0.9,81,0,NA,0,0,NA,1028,NA,1,2024-10-17 11:00:00,102.8,10.4827216
"1861",397,"2024-10-17 12:00:00",3,-1,75,0,NA,0,0,NA,1028,NA,1,2024-10-17 12:00:00,102.8,10.4827216
"1862",398,"2024-10-17 13:00:00",7,0,61,0,NA,130,7,NA,1028,NA,1,2024-10-17 13:00:00,102.8,10.4827216
"1863",399,"2024-10-17 14:00:00",10,1.1,54,0,NA,180,11.2,NA,1028,NA,1,2024-10-17 14:00:00,102.8,10.4827216
"1864",400,"2024-10-17 15:00:00",14,-0.1,38,0,NA,210,15,NA,1028,NA,1,2024-10-17 15:00:00,102.8,10.4827216
"1865",401,"2024-10-17 16:00:00",15,0,36,0,NA,210,14.8,NA,1028,NA,1,2024-10-17 16:00:00,102.8,10.4827216
"1866",402,"2024-10-17 17:00:00",17,0.2,32,0,NA,180,7.6,NA,1027,NA,1,2024-10-17 17:00:00,102.7,10.4725244
"1867",403,"2024-10-17 18:00:00",18,0.2,30,0,NA,140,13,NA,1025,NA,1,2024-10-17 18:00:00,102.5,10.45213
"1868",404,"2024-10-17 19:00:00",19,0.1,28,0,NA,170,13,NA,1024,NA,1,2024-10-17 19:00:00,102.4,10.4419328
"1869",405,"2024-10-17 20:00:00",20,-0.1,26,0,NA,210,18.4,NA,1023,NA,1,2024-10-17 20:00:00,102.3,10.4317356
"1870",406,"2024-10-17 21:00:00",20,-0.1,26,0,NA,160,17,NA,1023,NA,1,2024-10-17 21:00:00,102.3,10.4317356
"1871",407,"2024-10-17 22:00:00",18,0.2,30,0,NA,190,16.6,NA,1023,NA,1,2024-10-17 22:00:00,102.3,10.4317356
"1872",408,"2024-10-17 23:00:00",15,0,36,0,NA,160,6,NA,1023,NA,1,2024-10-17 23:00:00,102.3,10.4317356
"1873",409,"2024-10-18 00:00:00",14,-0.1,38,0,NA,120,5.4,NA,1024,NA,1,2024-10-18,102.4,10.4419328
"1874",410,"2024-10-18 01:00:00",13,0,41,0,NA,110,7.6,NA,1024,NA,1,2024-10-18 01:00:00,102.4,10.4419328
"1875",411,"2024-10-18 02:00:00",10.5,-0.1,48,0,NA,142,12.6,NA,1024.4,NA,1,2024-10-18 02:00:00,102.44,10.44601168
"1876",412,"2024-10-18 03:00:00",10,0.9,53,0,NA,145,13,NA,1024.8,NA,1,2024-10-18 03:00:00,102.48,10.45009056
"1877",413,"2024-10-18 04:00:00",9.8,0.9,54,0,NA,152,13,NA,1024.6,NA,1,2024-10-18 04:00:00,102.46,10.44805112
"1878",414,"2024-10-18 05:00:00",9.5,0.9,55,0,NA,160,12.2,NA,1024.9,NA,1,2024-10-18 05:00:00,102.49,10.45111028
"1879",415,"2024-10-18 06:00:00",9.2,1.4,58,0,NA,160,11.9,NA,1025,NA,1,2024-10-18 06:00:00,102.5,10.45213
"1880",416,"2024-10-18 07:00:00",8.9,1.6,60,0,NA,157,11.9,NA,1025.1,NA,1,2024-10-18 07:00:00,102.51,10.45314972
"1881",417,"2024-10-18 08:00:00",8.6,1.7,62,0,NA,158,11.9,NA,1025.2,NA,1,2024-10-18 08:00:00,102.52,10.45416944
"1882",418,"2024-10-18 09:00:00",8.9,0.6,56,0,NA,158,12.6,NA,1024.4,NA,1,2024-10-18 09:00:00,102.44,10.44601168
"1883",419,"2024-10-18 10:00:00",7,2.1,71,0,NA,0,0,NA,1025,NA,1,2024-10-18 10:00:00,102.5,10.45213
"1884",420,"2024-10-18 11:00:00",6,2.1,76,0,NA,110,7.6,NA,1026,NA,1,2024-10-18 11:00:00,102.6,10.4623272
"1885",421,"2024-10-18 12:00:00",7,2.1,71,0,NA,100,7.6,NA,1027,NA,1,2024-10-18 12:00:00,102.7,10.4725244
"1886",422,"2024-10-18 13:00:00",10,3.1,62,0,NA,110,7.6,NA,1027,NA,1,2024-10-18 13:00:00,102.7,10.4725244
"1887",423,"2024-10-18 14:00:00",13,3.9,54,0,NA,130,11,NA,1028,NA,1,2024-10-18 14:00:00,102.8,10.4827216
"1888",424,"2024-10-18 15:00:00",17,2.9,39,0,NA,170,18.4,NA,1028,NA,1,2024-10-18 15:00:00,102.8,10.4827216
"1889",425,"2024-10-18 16:00:00",19,3.2,35,0,NA,160,13,NA,1028,NA,1,2024-10-18 16:00:00,102.8,10.4827216
"1890",426,"2024-10-18 17:00:00",20,1.9,30,0,NA,130,13,NA,1028,NA,1,2024-10-18 17:00:00,102.8,10.4827216
"1891",427,"2024-10-18 18:00:00",21,1.8,28,0,NA,180,20,NA,1027,NA,1,2024-10-18 18:00:00,102.7,10.4725244
"1892",428,"2024-10-18 19:00:00",22,2.1,27,0,NA,140,13,NA,1027,NA,1,2024-10-18 19:00:00,102.7,10.4725244
"1893",429,"2024-10-18 20:00:00",22,1.1,25,0,NA,120,14.8,NA,1026,NA,1,2024-10-18 20:00:00,102.6,10.4623272
"1894",430,"2024-10-18 21:00:00",22,2.1,27,0,NA,110,13,NA,1026,NA,1,2024-10-18 21:00:00,102.6,10.4623272
"1895",431,"2024-10-18 22:00:00",22,1.1,25,0,NA,130,13,NA,1026,NA,1,2024-10-18 22:00:00,102.6,10.4623272
"1896",432,"2024-10-18 23:00:00",19,1.9,32,0,NA,150,9,NA,1027,NA,1,2024-10-18 23:00:00,102.7,10.4725244
"1897",433,"2024-10-19 00:00:00",16,2,39,0,NA,0,0,NA,1027,NA,2,2024-10-19,102.7,10.4725244
"1898",434,"2024-10-19 01:00:00",15,1.8,41,0,NA,120,5.4,NA,1028,NA,3,2024-10-19 01:00:00,102.8,10.4827216
"1899",435,"2024-10-19 02:00:00",13.1,2.9,50,0,NA,139,12.2,NA,1027.6,NA,3,2024-10-19 02:00:00,102.76,10.47864272
"1900",436,"2024-10-19 03:00:00",12.3,3.3,54,0,NA,136,12.6,NA,1028.3,NA,1,2024-10-19 03:00:00,102.83,10.48578076
"1901",437,"2024-10-19 04:00:00",11.7,3.7,58,0,NA,133,12.2,NA,1028.6,NA,1,2024-10-19 04:00:00,102.86,10.48883992
"1902",438,"2024-10-19 05:00:00",11.1,3.9,61,0,NA,134,11.2,NA,1029,NA,1,2024-10-19 05:00:00,102.9,10.4929188
"1903",439,"2024-10-19 06:00:00",10.8,4.3,64,0,NA,130,10.8,NA,1029.3,NA,1,2024-10-19 06:00:00,102.93,10.49597796
"1904",440,"2024-10-19 07:00:00",10.5,4.4,66,0,NA,127,10.8,NA,1029.7,NA,1,2024-10-19 07:00:00,102.97,10.50005684
"1905",441,"2024-10-19 08:00:00",10.3,4.7,68,0,NA,130,10.8,NA,1029.7,NA,1,2024-10-19 08:00:00,102.97,10.50005684
"1906",442,"2024-10-19 09:00:00",10,4.6,69,0,NA,137,9.7,NA,1029.7,NA,1,2024-10-19 09:00:00,102.97,10.50005684
"1907",443,"2024-10-19 10:00:00",8,4.9,81,0,NA,136,9.4,NA,1031,NA,1,2024-10-19 10:00:00,103.1,10.5133132
"1908",444,"2024-10-19 11:00:00",7,5,87,0,NA,0,0,NA,1031,NA,1,2024-10-19 11:00:00,103.1,10.5133132
"1909",445,"2024-10-19 12:00:00",7,5.9,93,0,NA,0,0,NA,1031,NA,1,2024-10-19 12:00:00,103.1,10.5133132
"1910",446,"2024-10-19 13:00:00",10,6,76,0,NA,124,5.4,NA,1031,NA,1,2024-10-19 13:00:00,103.1,10.5133132
"1911",447,"2024-10-19 14:00:00",14,6.1,59,0,NA,110,6,NA,1032,NA,1,2024-10-19 14:00:00,103.2,10.5235104
"1912",448,"2024-10-19 15:00:00",17,5,45,0,NA,130,9.4,NA,1032,NA,1,2024-10-19 15:00:00,103.2,10.5235104
"1913",449,"2024-10-19 16:00:00",21,6.1,38,0,NA,0,0,NA,1032,NA,1,2024-10-19 16:00:00,103.2,10.5235104
"1914",450,"2024-10-19 17:00:00",22,5,33,0,NA,110,13,NA,1031,NA,1,2024-10-19 17:00:00,103.1,10.5133132
"1915",451,"2024-10-19 18:00:00",23,5.9,33,0,NA,0,0,NA,1030,NA,1,2024-10-19 18:00:00,103,10.503116
"1916",452,"2024-10-19 19:00:00",25,4.2,26,0,NA,110,7.6,NA,1029,NA,1,2024-10-19 19:00:00,102.9,10.4929188
"1917",453,"2024-10-19 20:00:00",25,5.2,28,0,NA,100,11,NA,1029,NA,1,2024-10-19 20:00:00,102.9,10.4929188
"1918",454,"2024-10-19 21:00:00",25,5.2,28,0,NA,160,5.4,NA,1028,NA,1,2024-10-19 21:00:00,102.8,10.4827216
"1919",455,"2024-10-19 22:00:00",24,3.8,27,0,NA,150,5.4,NA,1028,NA,1,2024-10-19 22:00:00,102.8,10.4827216
"1920",456,"2024-10-19 23:00:00",21,4.1,33,0,NA,200,11,NA,1029,NA,1,2024-10-19 23:00:00,102.9,10.4929188
"1921",457,"2024-10-20 00:00:00",16,5,48,0,NA,0,0,NA,1030,NA,1,2024-10-20,103,10.503116
"1922",458,"2024-10-20 01:00:00",14,6.1,59,0,NA,0,0,NA,1030,NA,1,2024-10-20 01:00:00,103,10.503116
"1923",459,"2024-10-20 02:00:00",13.5,6.4,62,0,NA,147,7.9,NA,1029,NA,1,2024-10-20 02:00:00,102.9,10.4929188
"1924",460,"2024-10-20 03:00:00",13.3,4.4,55,0,NA,108,6.8,NA,1029.5,NA,1,2024-10-20 03:00:00,102.95,10.4980174
"1925",461,"2024-10-20 04:00:00",12.4,4.6,59,0,NA,110,7.2,NA,1029.5,NA,1,2024-10-20 04:00:00,102.95,10.4980174
"1926",462,"2024-10-20 05:00:00",12,4.5,60,0,NA,130,7.9,NA,1029.7,NA,1,2024-10-20 05:00:00,102.97,10.50005684
"1927",463,"2024-10-20 06:00:00",11.8,4.3,60,0,NA,148,9.7,NA,1029.8,NA,1,2024-10-20 06:00:00,102.98,10.50107656
"1928",464,"2024-10-20 07:00:00",11.6,4.6,62,0,NA,154,9.4,NA,1030,NA,1,2024-10-20 07:00:00,103,10.503116
"1929",465,"2024-10-20 08:00:00",11.4,4.6,63,0,NA,154,9,NA,1030,NA,1,2024-10-20 08:00:00,103,10.503116
"1930",466,"2024-10-20 09:00:00",11.2,4.9,65,0,NA,152,9.4,NA,1029.5,NA,1,2024-10-20 09:00:00,102.95,10.4980174
"1931",467,"2024-10-20 10:00:00",7,7,100,0,NA,0,0,NA,1030,NA,1,2024-10-20 10:00:00,103,10.503116
"1932",468,"2024-10-20 11:00:00",8,6.9,93,0,NA,0,0,NA,1030,NA,1,2024-10-20 11:00:00,103,10.503116
"1933",469,"2024-10-20 12:00:00",7,7,100,0,NA,0,0,NA,1031,NA,1,2024-10-20 12:00:00,103.1,10.5133132
"1934",470,"2024-10-20 13:00:00",13,8.1,72,0,NA,0,0,NA,1031,NA,1,2024-10-20 13:00:00,103.1,10.5133132
"1935",471,"2024-10-20 14:00:00",17,7.9,55,0,NA,0,0,NA,1031,NA,1,2024-10-20 14:00:00,103.1,10.5133132
"1936",472,"2024-10-20 15:00:00",20,9,49,0,NA,193,5,NA,1031,NA,1,2024-10-20 15:00:00,103.1,10.5133132
"1937",473,"2024-10-20 16:00:00",23,7.9,38,0,NA,0,0,NA,1031,NA,1,2024-10-20 16:00:00,103.1,10.5133132
"1938",474,"2024-10-20 17:00:00",24,8,36,0,NA,0,0,NA,1030,NA,1,2024-10-20 17:00:00,103,10.503116
"1939",475,"2024-10-20 18:00:00",25,8.1,34,0,NA,290,11,NA,1029,NA,1,2024-10-20 18:00:00,102.9,10.4929188
"1940",476,"2024-10-20 19:00:00",25,8.1,34,0,NA,290,7.6,NA,1028,NA,1,2024-10-20 19:00:00,102.8,10.4827216
"1941",477,"2024-10-20 20:00:00",26,8,32,0,NA,160,5.4,NA,1027,NA,1,2024-10-20 20:00:00,102.7,10.4725244
"1942",478,"2024-10-20 21:00:00",26,7.1,30,0,NA,0,0,NA,1027,NA,1,2024-10-20 21:00:00,102.7,10.4725244
"1943",479,"2024-10-20 22:00:00",25,7.2,32,0,NA,85,2.9,NA,1026,NA,1,2024-10-20 22:00:00,102.6,10.4623272
"1944",480,"2024-10-20 23:00:00",22,7,38,0,NA,25,5.4,NA,1026,NA,1,2024-10-20 23:00:00,102.6,10.4623272
"1945",481,"2024-10-21 00:00:00",19,7.1,46,0,NA,120,5.4,NA,1027,NA,1,2024-10-21,102.7,10.4725244
"1946",482,"2024-10-21 01:00:00",16,7,55,0,NA,100,5.4,NA,1027,NA,1,2024-10-21 01:00:00,102.7,10.4725244
"1947",483,"2024-10-21 02:00:00",15.6,6.6,55,0,NA,186,10.8,NA,1026,NA,1,2024-10-21 02:00:00,102.6,10.4623272
"1948",484,"2024-10-21 03:00:00",15,4.7,50,0,NA,161,10.1,NA,1025.5,NA,1,2024-10-21 03:00:00,102.55,10.4572286
"1949",485,"2024-10-21 04:00:00",14.3,3.7,49,0,NA,148,10.4,NA,1025.2,NA,1,2024-10-21 04:00:00,102.52,10.45416944
"1950",486,"2024-10-21 05:00:00",14,3.7,50,0,NA,157,10.1,NA,1025.1,NA,1,2024-10-21 05:00:00,102.51,10.45314972
"1951",487,"2024-10-21 06:00:00",13.8,3.8,51,0,NA,170,9.4,NA,1025.3,NA,1,2024-10-21 06:00:00,102.53,10.45518916
"1952",488,"2024-10-21 07:00:00",13.5,3.8,52,0,NA,177,9.7,NA,1025.2,NA,1,2024-10-21 07:00:00,102.52,10.45416944
"1953",489,"2024-10-21 08:00:00",13.8,2.7,47,0,NA,168,11.2,NA,1024.2,NA,1,2024-10-21 08:00:00,102.42,10.44397224
"1954",490,"2024-10-21 09:00:00",13.6,3.4,50,0,NA,171,10.8,NA,1024,NA,1,2024-10-21 09:00:00,102.4,10.4419328
"1955",491,"2024-10-21 10:00:00",10,7.1,82,0,NA,0,0,NA,1025,NA,1,2024-10-21 10:00:00,102.5,10.45213
"1956",492,"2024-10-21 11:00:00",10,7.1,82,0,NA,0,0,NA,1025,NA,1,2024-10-21 11:00:00,102.5,10.45213
"1957",493,"2024-10-21 12:00:00",10,7.1,82,0,NA,110,5.4,NA,1025,NA,1,2024-10-21 12:00:00,102.5,10.45213
"1958",494,"2024-10-21 13:00:00",14,8,67,0,NA,140,6,NA,1026,NA,1,2024-10-21 13:00:00,102.6,10.4623272
"1959",495,"2024-10-21 14:00:00",18,9.1,56,0,NA,140,5.4,NA,1026,NA,1,2024-10-21 14:00:00,102.6,10.4623272
"1960",496,"2024-10-21 15:00:00",20,9,49,0,NA,170,5.4,NA,1026,NA,1,2024-10-21 15:00:00,102.6,10.4623272
"1961",497,"2024-10-21 16:00:00",24,9.2,39,0,NA,200,11,NA,1025,NA,1,2024-10-21 16:00:00,102.5,10.45213
"1962",498,"2024-10-21 17:00:00",26,8.9,34,0,NA,230,11.2,NA,1024,NA,1,2024-10-21 17:00:00,102.4,10.4419328
"1963",499,"2024-10-21 18:00:00",27,8.9,32,0,NA,160,7,NA,1022,NA,1,2024-10-21 18:00:00,102.2,10.4215384
"1964",500,"2024-10-21 19:00:00",27,6.9,28,0,NA,170,18.4,NA,1021,NA,1,2024-10-21 19:00:00,102.1,10.4113412
"1965",501,"2024-10-21 20:00:00",27,8,30,0,NA,170,14.8,NA,1020,NA,1,2024-10-21 20:00:00,102,10.401144
"1966",502,"2024-10-21 21:00:00",27,5.9,26,0,NA,150,18.4,NA,1020,NA,1,2024-10-21 21:00:00,102,10.401144
"1967",503,"2024-10-21 22:00:00",25,7.2,32,0,NA,170,16.6,NA,1020,NA,1,2024-10-21 22:00:00,102,10.401144
"1968",504,"2024-10-21 23:00:00",23,7.1,36,0,NA,140,7,NA,1020,NA,1,2024-10-21 23:00:00,102,10.401144
"1969",505,"2024-10-22 00:00:00",20,8,46,0,NA,110,7.6,NA,1020,NA,1,2024-10-22,102,10.401144
"1970",506,"2024-10-22 01:00:00",19,7.1,46,0,NA,120,7.6,NA,1019,NA,1,2024-10-22 01:00:00,101.9,10.3909468
"1971",507,"2024-10-22 02:00:00",16.7,7.3,54,0,NA,148,13,NA,1019.4,NA,1,2024-10-22 02:00:00,101.94,10.39502568
"1972",508,"2024-10-22 03:00:00",16.4,6.8,53,0,NA,166,12.6,NA,1019.7,NA,1,2024-10-22 03:00:00,101.97,10.39808484
"1973",509,"2024-10-22 04:00:00",16.7,5.9,49,0,NA,180,14,NA,1019.6,NA,1,2024-10-22 04:00:00,101.96,10.39706512
"1974",510,"2024-10-22 05:00:00",16.3,6.1,51,0,NA,190,12.6,NA,1020,NA,1,2024-10-22 05:00:00,102,10.401144
"1975",511,"2024-10-22 06:00:00",16.7,6.2,50,0,NA,172,17.6,NA,1019.2,NA,2,2024-10-22 06:00:00,101.92,10.39298624
"1976",512,"2024-10-22 07:00:00",17.2,6.4,49,0,NA,177,17.3,NA,1018.6,NA,3,2024-10-22 07:00:00,101.86,10.38686792
"1977",513,"2024-10-22 08:00:00",16.8,6,49,0,NA,183,16.9,NA,1018.2,NA,1,2024-10-22 08:00:00,101.82,10.38278904
"1978",514,"2024-10-22 09:00:00",17.2,4.8,44,0,NA,184,14.4,NA,1018,NA,1,2024-10-22 09:00:00,101.8,10.3807496
"1979",515,"2024-10-22 10:00:00",18,8,52,0,NA,150,7,NA,1019,NA,2,2024-10-22 10:00:00,101.9,10.3909468
"1980",516,"2024-10-22 11:00:00",18,8,52,0,NA,180,13,NA,1019,NA,3,2024-10-22 11:00:00,101.9,10.3909468
"1981",517,"2024-10-22 12:00:00",18,8,52,0,NA,170,14.8,NA,1019,NA,3,2024-10-22 12:00:00,101.9,10.3909468
"1982",518,"2024-10-22 13:00:00",20,10.1,53,0,NA,190,20,NA,1019,NA,1,2024-10-22 13:00:00,101.9,10.3909468
"1983",519,"2024-10-22 14:00:00",23,12,50,0,NA,200,24.1,NA,1019,NA,1,2024-10-22 14:00:00,101.9,10.3909468
"1984",520,"2024-10-22 15:00:00",24,15,57,0,NA,220,33,NA,1019,NA,1,2024-10-22 15:00:00,101.9,10.3909468
"1985",521,"2024-10-22 16:00:00",26,17.1,58,0,NA,210,32,NA,1019,NA,1,2024-10-22 16:00:00,101.9,10.3909468
"1986",522,"2024-10-22 17:00:00",26,17.9,61,0,NA,220,22,NA,1019,NA,1,2024-10-22 17:00:00,101.9,10.3909468
"1987",523,"2024-10-22 18:00:00",27,18,58,0,NA,230,18.4,NA,1018,NA,1,2024-10-22 18:00:00,101.8,10.3807496
"1988",524,"2024-10-22 19:00:00",28,18.1,55,0,NA,220,22,NA,1018,NA,1,2024-10-22 19:00:00,101.8,10.3807496
"1989",525,"2024-10-22 20:00:00",29,19,55,0,NA,200,14.8,NA,1018,NA,1,2024-10-22 20:00:00,101.8,10.3807496
"1990",526,"2024-10-22 21:00:00",29,18.2,52,0,NA,210,22.3,NA,1017,NA,1,2024-10-22 21:00:00,101.7,10.3705524
"1991",527,"2024-10-22 22:00:00",28,18.1,55,0,NA,220,17,NA,1018,NA,1,2024-10-22 22:00:00,101.8,10.3807496
"1992",528,"2024-10-22 23:00:00",26,17.9,61,0,NA,220,11.2,NA,1018,NA,1,2024-10-22 23:00:00,101.8,10.3807496
"1993",529,"2024-10-23 00:00:00",22,18,78,0,NA,0,0,NA,1018,NA,1,2024-10-23,101.8,10.3807496
"1994",530,"2024-10-23 01:00:00",21,18,83,0,NA,0,0,NA,1018,NA,1,2024-10-23 01:00:00,101.8,10.3807496
"1995",531,"2024-10-23 02:00:00",20.2,15.8,76,0,NA,207,11.5,NA,1017.8,NA,1,2024-10-23 02:00:00,101.78,10.37871016
"1996",532,"2024-10-23 03:00:00",19.5,16.2,81,0,NA,207,11.5,NA,1018.5,NA,1,2024-10-23 03:00:00,101.85,10.3858482
"1997",533,"2024-10-23 04:00:00",19.5,16.5,83,0,NA,201,12.6,NA,1018.5,NA,1,2024-10-23 04:00:00,101.85,10.3858482
"1998",534,"2024-10-23 05:00:00",19.5,16.7,84,0,NA,204,13,NA,1018.2,NA,1,2024-10-23 05:00:00,101.82,10.38278904
"1999",535,"2024-10-23 06:00:00",19.4,17,86,0,NA,211,12.6,NA,1018.2,NA,1,2024-10-23 06:00:00,101.82,10.38278904
"2000",536,"2024-10-23 07:00:00",19,17,88,0,NA,217,12.6,NA,1018.4,NA,1,2024-10-23 07:00:00,101.84,10.38482848
"2001",537,"2024-10-23 08:00:00",18.5,17,91,0,NA,221,11.9,NA,1018.7,NA,1,2024-10-23 08:00:00,101.87,10.38788764
"2002",538,"2024-10-23 09:00:00",18.2,16.7,91,0,NA,224,11.9,NA,1018.6,NA,1,2024-10-23 09:00:00,101.86,10.38686792
"2003",539,"2024-10-23 10:00:00",19,19,100,0,NA,220,5.4,NA,1020,NA,1,2024-10-23 10:00:00,102,10.401144
"2004",540,"2024-10-23 11:00:00",17,17,100,0,NA,0,0,NA,1020,NA,1,2024-10-23 11:00:00,102,10.401144
"2005",541,"2024-10-23 12:00:00",17,17,100,0,NA,0,0,NA,1021,NA,1,2024-10-23 12:00:00,102.1,10.4113412
"2006",542,"2024-10-23 13:00:00",20,20,100,0,NA,243,10.1,NA,1021,NA,1,2024-10-23 13:00:00,102.1,10.4113412
"2007",543,"2024-10-23 14:00:00",24,19.1,74,0,NA,250,11.2,NA,1022,NA,1,2024-10-23 14:00:00,102.2,10.4215384
"2008",544,"2024-10-23 15:00:00",26,18.9,65,0,NA,270,13,NA,1022,NA,1,2024-10-23 15:00:00,102.2,10.4215384
"2009",545,"2024-10-23 16:00:00",27,20.1,66,0,NA,260,5.4,NA,1022,NA,1,2024-10-23 16:00:00,102.2,10.4215384
"2010",546,"2024-10-23 17:00:00",28,20,62,0,NA,340,5.4,NA,1022,NA,1,2024-10-23 17:00:00,102.2,10.4215384
"2011",547,"2024-10-23 18:00:00",30,20,55,0,NA,10,9,NA,1021,NA,1,2024-10-23 18:00:00,102.1,10.4113412
"2012",548,"2024-10-23 19:00:00",31,18,46,0,NA,340,11.2,NA,1020,NA,2,2024-10-23 19:00:00,102,10.401144
"2013",549,"2024-10-23 20:00:00",31,17,43,0,NA,20,14.8,NA,1020,NA,1,2024-10-23 20:00:00,102,10.401144
"2014",550,"2024-10-23 21:00:00",31,15,38,0,NA,340,11.2,NA,1019,NA,1,2024-10-23 21:00:00,101.9,10.3909468
"2015",551,"2024-10-23 22:00:00",29,15.9,45,0,NA,40,11,NA,1019,NA,1,2024-10-23 22:00:00,101.9,10.3909468
"2016",552,"2024-10-23 23:00:00",26,15.1,51,0,NA,30,11.2,NA,1020,NA,1,2024-10-23 23:00:00,102,10.401144
"2017",553,"2024-10-24 00:00:00",24,15,57,0,NA,60,9,NA,1020,NA,2,2024-10-24,102,10.401144
"2018",554,"2024-10-24 01:00:00",23,14,57,0,NA,60,11.2,NA,1020,NA,1,2024-10-24 01:00:00,102,10.401144
"2019",555,"2024-10-24 02:00:00",21.8,9.7,46,0,NA,70,14.4,NA,1019.1,NA,1,2024-10-24 02:00:00,101.91,10.39196652
"2020",556,"2024-10-24 03:00:00",20.9,10.1,50,0,NA,76,14,NA,1019.3,NA,1,2024-10-24 03:00:00,101.93,10.39400596
"2021",557,"2024-10-24 04:00:00",19.9,10.3,54,0,NA,81,14,NA,1019.6,NA,1,2024-10-24 04:00:00,101.96,10.39706512
"2022",558,"2024-10-24 05:00:00",19.2,11,59,0,NA,89,13,NA,1019.5,NA,1,2024-10-24 05:00:00,101.95,10.3960454
"2023",559,"2024-10-24 06:00:00",18.5,11.1,62,0,NA,93,11.9,NA,1019,NA,1,2024-10-24 06:00:00,101.9,10.3909468
"2024",560,"2024-10-24 07:00:00",18,11.8,67,0,NA,98,11.9,NA,1018.6,NA,1,2024-10-24 07:00:00,101.86,10.38686792
"2025",561,"2024-10-24 08:00:00",17.7,12.4,71,0,NA,105,11.5,NA,1018.4,NA,1,2024-10-24 08:00:00,101.84,10.38482848
"2026",562,"2024-10-24 09:00:00",17.7,13.4,76,0,NA,116,12.2,NA,1017.8,NA,1,2024-10-24 09:00:00,101.78,10.37871016
"2027",563,"2024-10-24 10:00:00",18,15.1,83,0,NA,100,6,NA,1019,NA,1,2024-10-24 10:00:00,101.9,10.3909468
"2028",564,"2024-10-24 11:00:00",18,15.1,83,0,NA,90,7.6,NA,1019,NA,1,2024-10-24 11:00:00,101.9,10.3909468
"2029",565,"2024-10-24 12:00:00",17,17,100,0,NA,90,7,NA,1019,NA,3,2024-10-24 12:00:00,101.9,10.3909468
"2030",566,"2024-10-24 13:00:00",19,17,88,0,NA,110,9,NA,1019,NA,3,2024-10-24 13:00:00,101.9,10.3909468
"2031",567,"2024-10-24 14:00:00",22,18,78,0,NA,170,16.6,NA,1019,NA,3,2024-10-24 14:00:00,101.9,10.3909468
"2032",568,"2024-10-24 15:00:00",26,20.1,70,0,NA,200,16.6,NA,1018,NA,3,2024-10-24 15:00:00,101.8,10.3807496
"2033",569,"2024-10-24 16:00:00",28,20,62,0,NA,190,26,NA,1018,NA,1,2024-10-24 16:00:00,101.8,10.3807496
"2034",570,"2024-10-24 17:00:00",29,19.9,58,0,NA,220,29.5,NA,1016,NA,1,2024-10-24 17:00:00,101.6,10.3603552
"2035",571,"2024-10-24 18:00:00",29,19,55,0,NA,210,24,NA,1015,NA,1,2024-10-24 18:00:00,101.5,10.350158
"2036",572,"2024-10-24 19:00:00",29,19,55,0,NA,220,24.1,NA,1015,NA,1,2024-10-24 19:00:00,101.5,10.350158
"2037",573,"2024-10-24 20:00:00",29,19,55,0,NA,190,28,NA,1014,NA,2,2024-10-24 20:00:00,101.4,10.3399608
"2038",574,"2024-10-24 21:00:00",29,19,55,0,NA,200,24.1,NA,1014,NA,2,2024-10-24 21:00:00,101.4,10.3399608
"2039",575,"2024-10-24 22:00:00",28,18.1,55,0,NA,190,22,NA,1014,NA,2,2024-10-24 22:00:00,101.4,10.3399608
"2040",576,"2024-10-24 23:00:00",27,18,58,0,NA,180,14.8,NA,1014,NA,2,2024-10-24 23:00:00,101.4,10.3399608
"2041",577,"2024-10-25 00:00:00",25,17,61,0,NA,160,13,NA,1015,NA,1,2024-10-25,101.5,10.350158
"2042",578,"2024-10-25 01:00:00",24,17,65,0,NA,160,14.8,NA,1014,NA,1,2024-10-25 01:00:00,101.4,10.3399608
"2043",579,"2024-10-25 02:00:00",23.1,12.7,52,0,NA,183,16.6,NA,1012.8,NA,1,2024-10-25 02:00:00,101.28,10.32772416
"2044",580,"2024-10-25 03:00:00",22.7,12.9,54,0,NA,184,16.6,NA,1013.4,NA,1,2024-10-25 03:00:00,101.34,10.33384248
"2045",581,"2024-10-25 04:00:00",22,12.8,56,0,NA,183,16.6,NA,1014.1,NA,1,2024-10-25 04:00:00,101.41,10.34098052
"2046",582,"2024-10-25 05:00:00",21.5,13.4,60,0,NA,182,16.6,NA,1014,NA,1,2024-10-25 05:00:00,101.4,10.3399608
"2047",583,"2024-10-25 06:00:00",21.2,13.6,62,0,NA,184,17.3,NA,1014.2,NA,1,2024-10-25 06:00:00,101.42,10.34200024
"2048",584,"2024-10-25 07:00:00",20.5,14.4,68,0,NA,262,10.1,NA,1016,NA,1,2024-10-25 07:00:00,101.6,10.3603552
"2049",585,"2024-10-25 08:00:00",20.3,14.6,70,0,NA,214,10.4,NA,1016.4,NA,3,2024-10-25 08:00:00,101.64,10.36443408
"2050",586,"2024-10-25 09:00:00",19.7,14.9,74,0,NA,203,11.9,NA,1016.6,NA,3,2024-10-25 09:00:00,101.66,10.36647352
"2051",587,"2024-10-25 10:00:00",19,19,100,0.3,NA,140,7.6,NA,1018,NA,8,2024-10-25 10:00:00,101.8,10.3807496
"2052",588,"2024-10-25 11:00:00",19,19,100,0.3,NA,199,14,NA,1018,NA,8,2024-10-25 11:00:00,101.8,10.3807496
"2053",589,"2024-10-25 12:00:00",19,18,94,0.4,NA,180,9.4,NA,1018,NA,17,2024-10-25 12:00:00,101.8,10.3807496
"2054",590,"2024-10-25 13:00:00",21,15.1,69,0,NA,210,9.4,NA,1019,NA,3,2024-10-25 13:00:00,101.9,10.3909468
"2055",591,"2024-10-25 14:00:00",24,16,61,0,NA,220,14.8,NA,1020,NA,2,2024-10-25 14:00:00,102,10.401144
"2056",592,"2024-10-25 15:00:00",25,17,61,0,NA,240,14.8,NA,1020,NA,1,2024-10-25 15:00:00,102,10.401144
"2057",593,"2024-10-25 16:00:00",26,17.1,58,0,NA,310,13,NA,1021,NA,1,2024-10-25 16:00:00,102.1,10.4113412
"2058",594,"2024-10-25 17:00:00",26,17.1,58,0,NA,270,7.6,NA,1021,NA,1,2024-10-25 17:00:00,102.1,10.4113412
"2059",595,"2024-10-25 18:00:00",27,18,58,0,NA,190,7.6,NA,1020,NA,1,2024-10-25 18:00:00,102,10.401144
"2060",596,"2024-10-25 19:00:00",28,19,58,0,NA,0,0,NA,1020,NA,1,2024-10-25 19:00:00,102,10.401144
"2061",597,"2024-10-25 20:00:00",27,18,58,0,NA,0,0,NA,1020,NA,2,2024-10-25 20:00:00,102,10.401144
"2062",598,"2024-10-25 21:00:00",26,18.9,65,0,NA,330,17,NA,1021,NA,3,2024-10-25 21:00:00,102.1,10.4113412
"2063",599,"2024-10-25 22:00:00",25,20,74,0,NA,360,16.6,NA,1021,NA,3,2024-10-25 22:00:00,102.1,10.4113412
"2064",600,"2024-10-25 23:00:00",22,19,83,0,NA,20,11.2,NA,1022,NA,3,2024-10-25 23:00:00,102.2,10.4215384
"2065",601,"2024-10-26 00:00:00",21,15.1,69,0,NA,360,13,NA,1023,NA,2,2024-10-26,102.3,10.4317356
"2066",602,"2024-10-26 01:00:00",20,13.9,68,0,NA,10,14.8,NA,1024,NA,3,2024-10-26 01:00:00,102.4,10.4419328
"2067",603,"2024-10-26 02:00:00",20,10.1,53,0,NA,20,14.4,NA,1022.9,NA,2,2024-10-26 02:00:00,102.29,10.43071588
"2068",604,"2024-10-26 03:00:00",18.8,10.1,57,0,NA,35,14.4,NA,1023.5,NA,1,2024-10-26 03:00:00,102.35,10.4368342
"2069",605,"2024-10-26 04:00:00",17.7,10.3,62,0,NA,41,13.3,NA,1024.3,NA,1,2024-10-26 04:00:00,102.43,10.44499196
"2070",606,"2024-10-26 05:00:00",17.5,10.6,64,0,NA,41,13,NA,1024.6,NA,3,2024-10-26 05:00:00,102.46,10.44805112
"2071",607,"2024-10-26 06:00:00",17.1,10.9,67,0,NA,39,13,NA,1024.9,NA,3,2024-10-26 06:00:00,102.49,10.45111028
"2072",608,"2024-10-26 07:00:00",16.7,10.8,68,0,NA,42,12.6,NA,1025.1,NA,3,2024-10-26 07:00:00,102.51,10.45314972
"2073",609,"2024-10-26 08:00:00",15.5,10.3,71,0,NA,46,11.9,NA,1025.2,NA,3,2024-10-26 08:00:00,102.52,10.45416944
"2074",610,"2024-10-26 09:00:00",15.6,9.9,69,0,NA,45,11.9,NA,1025.3,NA,3,2024-10-26 09:00:00,102.53,10.45518916
"2075",611,"2024-10-26 10:00:00",15,15,100,0,NA,50,11.2,NA,1026,NA,2,2024-10-26 10:00:00,102.6,10.4623272
"2076",612,"2024-10-26 11:00:00",15,15,100,0,NA,40,13,NA,1027,NA,3,2024-10-26 11:00:00,102.7,10.4725244
"2077",613,"2024-10-26 12:00:00",14,12,88,0,NA,40,11.2,NA,1027,NA,3,2024-10-26 12:00:00,102.7,10.4725244
"2078",614,"2024-10-26 13:00:00",14.3,5.1,54,0,NA,47,12.6,NA,1027.2,NA,3,2024-10-26 13:00:00,102.72,10.47456384
"2079",615,"2024-10-26 14:00:00",15,4.4,49,0,NA,55,13,NA,1027.8,NA,2,2024-10-26 14:00:00,102.78,10.48068216
"2080",616,"2024-10-26 15:00:00",16.5,4.5,45,0,NA,58,12.2,NA,1028,NA,1,2024-10-26 15:00:00,102.8,10.4827216
"2081",617,"2024-10-26 16:00:00",18.1,4.6,41,0,NA,59,11.5,NA,1027.7,NA,2,2024-10-26 16:00:00,102.77,10.47966244
"2082",618,"2024-10-26 17:00:00",19.6,6,41,0,NA,57,11.2,NA,1027.4,NA,2,2024-10-26 17:00:00,102.74,10.47660328
"2083",619,"2024-10-26 18:00:00",21.1,7,40,0,NA,56,10.4,NA,1026.7,NA,2,2024-10-26 18:00:00,102.67,10.46946524
"2084",620,"2024-10-26 19:00:00",22,7.8,40,0,NA,58,9.7,NA,1025.5,NA,2,2024-10-26 19:00:00,102.55,10.4572286
"2085",621,"2024-10-26 20:00:00",22.7,8.4,40,0,NA,55,8.6,NA,1024.5,NA,3,2024-10-26 20:00:00,102.45,10.4470314
"2086",622,"2024-10-26 21:00:00",22.8,8.5,40,0,NA,52,8.6,NA,1024.1,NA,3,2024-10-26 21:00:00,102.41,10.44295252
"2087",623,"2024-10-26 22:00:00",22,14.1,61,0,NA,50,13,NA,1025,NA,2,2024-10-26 22:00:00,102.5,10.45213
"2088",624,"2024-10-26 23:00:00",20,13,64,0,NA,60,9.4,NA,1024.5,NA,1,2024-10-26 23:00:00,102.45,10.4470314
"2089",625,"2024-10-27 00:00:00",19,13,68,0,NA,70,11.2,NA,1026,NA,1,2024-10-27,102.6,10.4623272
"2090",626,"2024-10-27 01:00:00",17,12.9,77,0,NA,100,9.4,NA,1026,NA,1,2024-10-27 01:00:00,102.6,10.4623272
"2091",627,"2024-10-27 02:00:00",16.5,8.2,58,0,NA,103,11.2,NA,1026.2,NA,1,2024-10-27 02:00:00,102.62,10.46436664
"2092",628,"2024-10-27 03:00:00",15.8,8.5,62,0,NA,108,11.2,NA,1026.2,NA,1,2024-10-27 03:00:00,102.62,10.46436664
"2093",629,"2024-10-27 04:00:00",15.1,9,67,0,NA,108,10.8,NA,1026.2,NA,1,2024-10-27 04:00:00,102.62,10.46436664
"2094",630,"2024-10-27 05:00:00",14.5,8.9,69,0,NA,101,10.4,NA,1026.2,NA,1,2024-10-27 05:00:00,102.62,10.46436664
"2095",631,"2024-10-27 06:00:00",14,9,72,0,NA,98,10.1,NA,1026.1,NA,1,2024-10-27 06:00:00,102.61,10.46334692
"2096",632,"2024-10-27 07:00:00",13.6,9.1,74,0,NA,95,10.8,NA,1026.3,NA,1,2024-10-27 07:00:00,102.63,10.46538636
"2097",633,"2024-10-27 08:00:00",13.2,9.3,77,0,NA,95,10.4,NA,1026.3,NA,1,2024-10-27 08:00:00,102.63,10.46538636
"2098",634,"2024-10-27 09:00:00",13,9.3,78,0,NA,97,10.4,NA,1025.8,NA,1,2024-10-27 09:00:00,102.58,10.46028776
"2099",635,"2024-10-27 10:00:00",13,13,100,0,NA,90,7.6,NA,1026,NA,2,2024-10-27 10:00:00,102.6,10.4623272
"2100",636,"2024-10-27 11:00:00",13,13,100,0,NA,80,9,NA,1026,NA,3,2024-10-27 11:00:00,102.6,10.4623272
"2101",637,"2024-10-27 12:00:00",12,12,100,0,NA,100,11.2,NA,1026,NA,3,2024-10-27 12:00:00,102.6,10.4623272
"2102",638,"2024-10-27 13:00:00",14,12,88,0,NA,100,7.6,NA,1026,NA,3,2024-10-27 13:00:00,102.6,10.4623272
"2103",639,"2024-10-27 14:00:00",16,12,77,0,NA,100,7.6,NA,1026,NA,3,2024-10-27 14:00:00,102.6,10.4623272
"2104",640,"2024-10-27 15:00:00",19,13,68,0,NA,0,0,NA,1025,NA,3,2024-10-27 15:00:00,102.5,10.45213
"2105",641,"2024-10-27 16:00:00",22,15.1,65,0,NA,160,7,NA,1025,NA,2,2024-10-27 16:00:00,102.5,10.45213
"2106",642,"2024-10-27 17:00:00",23,17,69,0,NA,124,5.4,NA,1024,NA,3,2024-10-27 17:00:00,102.4,10.4419328
"2107",643,"2024-10-27 18:00:00",23,17,69,0,NA,90,5.4,NA,1023,NA,2,2024-10-27 18:00:00,102.3,10.4317356
"2108",644,"2024-10-27 19:00:00",24,16,61,0,NA,150,5.4,NA,1022,NA,3,2024-10-27 19:00:00,102.2,10.4215384
"2109",645,"2024-10-27 20:00:00",25,15.9,57,0,NA,190,7.6,NA,1021,NA,3,2024-10-27 20:00:00,102.1,10.4113412
"2110",646,"2024-10-27 21:00:00",26,16,54,0,NA,160,13,NA,1021,NA,3,2024-10-27 21:00:00,102.1,10.4113412
"2111",647,"2024-10-27 22:00:00",24,16,61,0,NA,160,15,NA,1020,NA,3,2024-10-27 22:00:00,102,10.401144
"2112",648,"2024-10-27 23:00:00",23,17,69,0,NA,150,13,NA,1021,NA,3,2024-10-27 23:00:00,102.1,10.4113412
"2113",649,"2024-10-28 00:00:00",20,17,83,0,NA,150,9.4,NA,1021,NA,2,2024-10-28,102.1,10.4113412
"2114",650,"2024-10-28 01:00:00",19.4,12.9,66,0,NA,187,12.6,NA,1020.4,NA,1,2024-10-28 01:00:00,102.04,10.40522288
"2115",651,"2024-10-28 02:00:00",17.9,12.8,72,0,NA,140,12.2,NA,1020.6,NA,1,2024-10-28 02:00:00,102.06,10.40726232
"2116",652,"2024-10-28 03:00:00",17,12.7,76,0,NA,151,13.3,NA,1021,NA,1,2024-10-28 03:00:00,102.1,10.4113412
"2117",653,"2024-10-28 04:00:00",17,12.9,77,0,NA,162,15.5,NA,1021,NA,1,2024-10-28 04:00:00,102.1,10.4113412
"2118",654,"2024-10-28 05:00:00",17,13.7,81,0,NA,158,14,NA,1020.3,NA,1,2024-10-28 05:00:00,102.03,10.40420316
"2119",655,"2024-10-28 06:00:00",16.6,14.1,85,0,NA,160,13.3,NA,1019.9,NA,2,2024-10-28 06:00:00,101.99,10.40012428
"2120",656,"2024-10-28 07:00:00",16.2,14.4,89,0,NA,163,12.6,NA,1019.7,NA,3,2024-10-28 07:00:00,101.97,10.39808484
"2121",657,"2024-10-28 08:00:00",15.9,14.4,91,0,NA,162,12.6,NA,1019.5,NA,3,2024-10-28 08:00:00,101.95,10.3960454
"2122",658,"2024-10-28 09:00:00",15.9,14.8,93,0,NA,159,13.3,NA,1019,NA,3,2024-10-28 09:00:00,101.9,10.3909468
"2123",659,"2024-10-28 10:00:00",16.1,14.3,89,0,NA,167,13.7,NA,1018.2,NA,2,2024-10-28 10:00:00,101.82,10.38278904
"2124",660,"2024-10-28 11:00:00",16.8,14.6,87,0,NA,170,15.1,NA,1018.1,NA,1,2024-10-28 11:00:00,101.81,10.38176932
"2125",661,"2024-10-28 12:00:00",17.4,14.9,85,0,NA,171,16.2,NA,1017.8,NA,1,2024-10-28 12:00:00,101.78,10.37871016
"2126",662,"2024-10-28 13:00:00",17.9,14.8,82,0,NA,175,16.9,NA,1017.8,NA,3,2024-10-28 13:00:00,101.78,10.37871016
"2127",663,"2024-10-28 14:00:00",20.2,15,72,0,NA,173,13.7,NA,1018,NA,3,2024-10-28 14:00:00,101.8,10.3807496
"2128",664,"2024-10-28 15:00:00",22.7,15.3,63,0,NA,183,17.6,NA,1017.2,NA,3,2024-10-28 15:00:00,101.72,10.37259184
"2129",665,"2024-10-28 16:00:00",24.4,15.1,56,0,NA,192,20.9,NA,1017,NA,3,2024-10-28 16:00:00,101.7,10.3705524
"2130",666,"2024-10-28 17:00:00",25.7,14.8,51,0,NA,192,23.4,NA,1016.7,NA,3,2024-10-28 17:00:00,101.67,10.36749324
"2131",667,"2024-10-28 18:00:00",26.9,14.6,47,0,NA,195,24.1,NA,1015.9,NA,3,2024-10-28 18:00:00,101.59,10.35933548
"2132",668,"2024-10-28 19:00:00",29,19,55,0,NA,200,33,NA,1016,NA,3,2024-10-28 19:00:00,101.6,10.3603552
"2133",669,"2024-10-28 20:00:00",30,19.1,52,0,NA,200,37,NA,1015,NA,3,2024-10-28 20:00:00,101.5,10.350158
"2134",670,"2024-10-28 21:00:00",29,18.2,52,0,NA,200,37,NA,1015,NA,3,2024-10-28 21:00:00,101.5,10.350158
"2135",671,"2024-10-28 22:00:00",28,16,48,0,NA,180,30,NA,1014,NA,3,2024-10-28 22:00:00,101.4,10.3399608
"2136",672,"2024-10-28 23:00:00",27,18,58,0,NA,180,22.3,NA,1015,NA,2,2024-10-28 23:00:00,101.5,10.350158
"2137",673,"2024-10-29 00:00:00",26,17.1,58,0,NA,180,20.5,NA,1015,NA,2,2024-10-29,101.5,10.350158
"2138",674,"2024-10-29 01:00:00",26,17.1,58,0,NA,180,25.9,NA,1015,NA,3,2024-10-29 01:00:00,101.5,10.350158
"2139",675,"2024-10-29 02:00:00",23.6,12.6,50,0,NA,182,21.2,NA,1014.2,NA,2,2024-10-29 02:00:00,101.42,10.34200024
"2140",676,"2024-10-29 03:00:00",22.8,12.1,51,0,NA,181,22,NA,1014.4,NA,3,2024-10-29 03:00:00,101.44,10.34403968
"2141",677,"2024-10-29 04:00:00",22,12.3,54,0,NA,182,22,NA,1014.7,NA,3,2024-10-29 04:00:00,101.47,10.34709884
"2142",678,"2024-10-29 05:00:00",21.5,12.6,57,0,NA,185,22,NA,1014.8,NA,2,2024-10-29 05:00:00,101.48,10.34811856
"2143",679,"2024-10-29 06:00:00",21.1,13,60,0,NA,184,21.6,NA,1014.7,NA,2,2024-10-29 06:00:00,101.47,10.34709884
"2144",680,"2024-10-29 07:00:00",20.8,13.3,62,0,NA,184,21.2,NA,1014.8,NA,3,2024-10-29 07:00:00,101.48,10.34811856
"2145",681,"2024-10-29 08:00:00",20.4,13.1,63,0,NA,187,20.9,NA,1015,NA,1,2024-10-29 08:00:00,101.5,10.350158
"2146",682,"2024-10-29 09:00:00",20,13,64,0,NA,187,20.5,NA,1015.1,NA,1,2024-10-29 09:00:00,101.51,10.35117772
"2147",683,"2024-10-29 10:00:00",20,17,83,0,NA,180,18.4,NA,1017,NA,1,2024-10-29 10:00:00,101.7,10.3705524
"2148",684,"2024-10-29 11:00:00",20,17,83,0,NA,180,19,NA,1017,NA,1,2024-10-29 11:00:00,101.7,10.3705524
"2149",685,"2024-10-29 12:00:00",20,19,94,0,NA,180,25.9,NA,1017,NA,1,2024-10-29 12:00:00,101.7,10.3705524
"2150",686,"2024-10-29 13:00:00",21,21,100,0,NA,180,24.1,NA,1018,NA,1,2024-10-29 13:00:00,101.8,10.3807496
"2151",687,"2024-10-29 14:00:00",22,21,94,0,NA,180,30,NA,1018,NA,2,2024-10-29 14:00:00,101.8,10.3807496
"2152",688,"2024-10-29 15:00:00",23,21.1,89,0,NA,190,25.9,NA,1018,NA,3,2024-10-29 15:00:00,101.8,10.3807496
"2153",689,"2024-10-29 16:00:00",25,20,74,0,NA,180,35,NA,1018,NA,3,2024-10-29 16:00:00,101.8,10.3807496
"2154",690,"2024-10-29 17:00:00",26,20.1,70,0,NA,180,30,NA,1017,NA,3,2024-10-29 17:00:00,101.7,10.3705524
"2155",691,"2024-10-29 18:00:00",25,20,74,0,NA,180,35.3,NA,1016,NA,3,2024-10-29 18:00:00,101.6,10.3603552
"2156",692,"2024-10-29 19:00:00",26,20.1,70,0,NA,180,37,NA,1016,NA,3,2024-10-29 19:00:00,101.6,10.3603552
"2157",693,"2024-10-29 20:00:00",26,18.9,65,0,NA,190,32,NA,1015,NA,3,2024-10-29 20:00:00,101.5,10.350158
"2158",694,"2024-10-29 21:00:00",27,18,58,0,NA,170,35,NA,1015,NA,3,2024-10-29 21:00:00,101.5,10.350158
"2159",695,"2024-10-29 22:00:00",26,15.1,51,0,NA,180,25.9,NA,1015,NA,3,2024-10-29 22:00:00,101.5,10.350158
"2160",696,"2024-10-29 23:00:00",25,15,54,0,NA,170,20.5,NA,1015,NA,3,2024-10-29 23:00:00,101.5,10.350158
"2161",697,"2024-10-30 00:00:00",24,15,57,0,NA,170,25.9,NA,1016,NA,3,2024-10-30,101.6,10.3603552
"2162",698,"2024-10-30 01:00:00",24,16,61,0,NA,160,22.3,NA,1016,NA,2,2024-10-30 01:00:00,101.6,10.3603552
"2163",699,"2024-10-30 02:00:00",22.3,13.1,56,0,NA,172,24.1,NA,1014.3,NA,2,2024-10-30 02:00:00,101.43,10.34301996
"2164",700,"2024-10-30 03:00:00",22.2,13.3,57,0,NA,176,23.4,NA,1014.8,NA,2,2024-10-30 03:00:00,101.48,10.34811856
"2165",701,"2024-10-30 04:00:00",22.1,13.2,57,0,NA,174,24.1,NA,1015.2,NA,1,2024-10-30 04:00:00,101.52,10.35219744
"2166",702,"2024-10-30 05:00:00",21.8,12.9,57,0,NA,174,23.4,NA,1015.4,NA,2,2024-10-30 05:00:00,101.54,10.35423688
"2167",703,"2024-10-30 06:00:00",21.3,13,59,0,NA,175,22,NA,1015.6,NA,2,2024-10-30 06:00:00,101.56,10.35627632
"2168",704,"2024-10-30 07:00:00",21.1,12.8,59,0,NA,178,21.2,NA,1015.4,NA,3,2024-10-30 07:00:00,101.54,10.35423688
"2169",705,"2024-10-30 08:00:00",20.5,12.7,61,0,NA,177,20.5,NA,1015.8,NA,2,2024-10-30 08:00:00,101.58,10.35831576
"2170",706,"2024-10-30 09:00:00",20,13,64,0,NA,176,20.5,NA,1015.9,NA,2,2024-10-30 09:00:00,101.59,10.35933548
"2171",707,"2024-10-30 10:00:00",21,18,83,0,NA,180,24,NA,1018,NA,2,2024-10-30 10:00:00,101.8,10.3807496
"2172",708,"2024-10-30 11:00:00",21,18.9,88,0,NA,170,20.5,NA,1018,NA,2,2024-10-30 11:00:00,101.8,10.3807496
"2173",709,"2024-10-30 12:00:00",21,18.9,88,0,NA,170,14.8,NA,1018,NA,1,2024-10-30 12:00:00,101.8,10.3807496
"2174",710,"2024-10-30 13:00:00",22,19.9,88,0,NA,170,27.7,NA,1019,NA,2,2024-10-30 13:00:00,101.9,10.3909468
"2175",711,"2024-10-30 14:00:00",23,20,83,0,NA,170,29.5,NA,1020,NA,3,2024-10-30 14:00:00,102,10.401144
"2176",712,"2024-10-30 15:00:00",24,19.9,78,0,NA,170,32,NA,1019,NA,3,2024-10-30 15:00:00,101.9,10.3909468
"2177",713,"2024-10-30 16:00:00",26,20.1,70,0,NA,170,27.7,NA,1019,NA,3,2024-10-30 16:00:00,101.9,10.3909468
"2178",714,"2024-10-30 17:00:00",26,20.1,70,0,NA,170,33,NA,1018,NA,3,2024-10-30 17:00:00,101.8,10.3807496
"2179",715,"2024-10-30 18:00:00",25,21.1,79,0,NA,160,24.1,NA,1016,NA,3,2024-10-30 18:00:00,101.6,10.3603552
"2180",716,"2024-10-30 19:00:00",27,20.1,66,0,NA,170,27.7,NA,1015,NA,3,2024-10-30 19:00:00,101.5,10.350158
"2181",717,"2024-10-30 20:00:00",26,20.1,70,0,NA,190,39,NA,1014,NA,3,2024-10-30 20:00:00,101.4,10.3399608
"2182",718,"2024-10-30 21:00:00",26,21,74,0,NA,160,27.7,NA,1014,NA,3,2024-10-30 21:00:00,101.4,10.3399608
"2183",719,"2024-10-30 22:00:00",24,20.9,83,0,NA,150,24.1,NA,1014,NA,2,2024-10-30 22:00:00,101.4,10.3399608
"2184",720,"2024-10-30 23:00:00",24,22.1,89,0,NA,150,20.5,NA,1013,NA,3,2024-10-30 23:00:00,101.3,10.3297636
"2185",721,"2024-10-31 00:00:00",23,22,94,0,NA,150,20.5,NA,1013,NA,2,2024-10-31,101.3,10.3297636
"2186",722,"2024-10-31 01:00:00",24,23,94,0,NA,170,18.4,NA,1013,NA,2,2024-10-31 01:00:00,101.3,10.3297636
"2187",723,"2024-10-31 02:00:00",21.2,17.4,79,0,NA,178,24.8,NA,1012.4,NA,3,2024-10-31 02:00:00,101.24,10.32364528
"2188",724,"2024-10-31 03:00:00",21.7,17.3,76,0,NA,186,22.7,NA,1012.6,NA,2,2024-10-31 03:00:00,101.26,10.32568472
"2189",725,"2024-10-31 04:00:00",21.3,17.3,78,0.1,NA,175,25.2,NA,1012,NA,7,2024-10-31 04:00:00,101.2,10.3195664
"2190",726,"2024-10-31 05:00:00",21.1,17.5,80,0,NA,180,26.3,NA,1011.7,NA,3,2024-10-31 05:00:00,101.17,10.31650724
"2191",727,"2024-10-31 06:00:00",19.6,18.1,91,2.1,NA,189,22.3,NA,1012.1,NA,9,2024-10-31 06:00:00,101.21,10.32058612
"2192",728,"2024-10-31 07:00:00",18.3,18.3,100,7.5,NA,176,23,NA,1011.9,NA,9,2024-10-31 07:00:00,101.19,10.31854668
"2193",729,"2024-10-31 08:00:00",18.8,18.8,100,0.4,NA,260,22.7,NA,1012.3,NA,8,2024-10-31 08:00:00,101.23,10.32262556
"2194",730,"2024-10-31 09:00:00",15.3,15.3,100,10.9,NA,318,15.5,NA,1014,NA,9,2024-10-31 09:00:00,101.4,10.3399608
"2195",731,"2024-10-31 10:00:00",15,15,100,6.3,NA,210,7.6,NA,1016,NA,9,2024-10-31 10:00:00,101.6,10.3603552
"2196",732,"2024-10-31 11:00:00",14,14,100,4,NA,310,26,NA,1017,NA,5,2024-10-31 11:00:00,101.7,10.3705524
"2197",733,"2024-10-31 12:00:00",12,12,100,0.4,NA,310,22.3,NA,1018,NA,5,2024-10-31 12:00:00,101.8,10.3807496
"2198",734,"2024-10-31 13:00:00",12,12,100,0,NA,300,14.8,NA,1019,NA,3,2024-10-31 13:00:00,101.9,10.3909468
"2199",735,"2024-10-31 14:00:00",11,11,100,0,NA,320,13,NA,1020,NA,3,2024-10-31 14:00:00,102,10.401144
"2200",736,"2024-10-31 15:00:00",13,13,100,0,NA,320,14.8,NA,1021,NA,3,2024-10-31 15:00:00,102.1,10.4113412
"2201",737,"2024-10-31 16:00:00",13,12.1,94,0,NA,300,11,NA,1021,NA,3,2024-10-31 16:00:00,102.1,10.4113412
"2202",738,"2024-10-31 17:00:00",14,12,88,0,NA,310,13,NA,1021,NA,3,2024-10-31 17:00:00,102.1,10.4113412
"2203",739,"2024-10-31 18:00:00",16,11,72,0,NA,290,9,NA,1021,NA,3,2024-10-31 18:00:00,102.1,10.4113412
"2204",740,"2024-10-31 19:00:00",16,11,72,0,NA,320,11.2,NA,1020,NA,1,2024-10-31 19:00:00,102,10.401144
"2205",741,"2024-10-31 20:00:00",17,11.1,68,0,NA,290,16.6,NA,1020,NA,1,2024-10-31 20:00:00,102,10.401144
"2206",742,"2024-10-31 21:00:00",17,11.1,68,0,NA,350,9,NA,1020,NA,1,2024-10-31 21:00:00,102,10.401144
"2207",743,"2024-10-31 22:00:00",17,9.9,63,0,NA,340,9.4,NA,1020,NA,1,2024-10-31 22:00:00,102,10.401144
"2208",744,"2024-10-31 23:00:00",15.6,7.9,60,0,NA,324,6.8,NA,1018.8,NA,1,2024-10-31 23:00:00,101.88,10.38890736
"2209",1,"2024-11-01 00:00:00",14.2,7.7,65,0,NA,332,6.5,NA,1019.2,NA,1,2024-11-01,101.92,10.39298624
"2210",2,"2024-11-01 01:00:00",13.4,7.8,69,0,NA,346,7.2,NA,1020,NA,1,2024-11-01 01:00:00,102,10.401144
"2211",3,"2024-11-01 02:00:00",12.7,7.8,72,0,NA,2,8.6,NA,1020.7,NA,1,2024-11-01 02:00:00,102.07,10.40828204
"2212",4,"2024-11-01 03:00:00",12.3,7.8,74,0,NA,18,9,NA,1021.2,NA,1,2024-11-01 03:00:00,102.12,10.41338064
"2213",5,"2024-11-01 04:00:00",10.8,8.7,87,0,NA,35,8.6,NA,1021.6,NA,1,2024-11-01 04:00:00,102.16,10.41745952
"2214",6,"2024-11-01 05:00:00",11,9.1,88,0,NA,54,8.6,NA,1021.8,NA,1,2024-11-01 05:00:00,102.18,10.41949896
"2215",7,"2024-11-01 06:00:00",10.9,9.3,90,0,NA,69,9,NA,1022,NA,1,2024-11-01 06:00:00,102.2,10.4215384
"2216",8,"2024-11-01 07:00:00",10.4,9,91,0,NA,66,10.4,NA,1022.1,NA,1,2024-11-01 07:00:00,102.21,10.42255812
"2217",9,"2024-11-01 08:00:00",9.7,8.8,94,0,NA,68,10.4,NA,1022.3,NA,1,2024-11-01 08:00:00,102.23,10.42459756
"2218",10,"2024-11-01 09:00:00",8.8,7.2,90,0,NA,88,10.4,NA,1022.6,NA,1,2024-11-01 09:00:00,102.26,10.42765672
"2219",11,"2024-11-01 10:00:00",8,8,100,0,NA,80,7,NA,1024,NA,1,2024-11-01 10:00:00,102.4,10.4419328
"2220",12,"2024-11-01 11:00:00",8,8,100,0,NA,70,5.4,NA,1024,NA,1,2024-11-01 11:00:00,102.4,10.4419328
"2221",13,"2024-11-01 12:00:00",8,8,100,0,NA,90,9.4,NA,1024,NA,1,2024-11-01 12:00:00,102.4,10.4419328
"2222",14,"2024-11-01 13:00:00",8,8,100,0,NA,100,7.6,NA,1024,NA,1,2024-11-01 13:00:00,102.4,10.4419328
"2223",15,"2024-11-01 14:00:00",11,11,100,0,NA,100,13,NA,1025,NA,1,2024-11-01 14:00:00,102.5,10.45213
"2224",16,"2024-11-01 15:00:00",13,13,100,0,NA,90,17,NA,1025,NA,1,2024-11-01 15:00:00,102.5,10.45213
"2225",17,"2024-11-01 16:00:00",16,12.9,82,0,NA,110,11.2,NA,1025,NA,2,2024-11-01 16:00:00,102.5,10.45213
"2226",18,"2024-11-01 17:00:00",19,11.1,60,0,NA,150,9.4,NA,1024,NA,2,2024-11-01 17:00:00,102.4,10.4419328
"2227",19,"2024-11-01 18:00:00",20,11,56,0,NA,110,7.6,NA,1023,NA,2,2024-11-01 18:00:00,102.3,10.4317356
"2228",20,"2024-11-01 19:00:00",21,9.9,49,0,NA,140,9,NA,1022,NA,3,2024-11-01 19:00:00,102.2,10.4215384
"2229",21,"2024-11-01 20:00:00",21,11.1,53,0,NA,90,11.2,NA,1022,NA,3,2024-11-01 20:00:00,102.2,10.4215384
"2230",22,"2024-11-01 21:00:00",21,11.1,53,0,NA,90,9.4,NA,1021,NA,3,2024-11-01 21:00:00,102.1,10.4113412
"2231",23,"2024-11-01 22:00:00",20,11,56,0,NA,0,0,NA,1021,NA,3,2024-11-01 22:00:00,102.1,10.4113412
"2232",24,"2024-11-01 23:00:00",18,11.1,64,0,NA,90,5.4,NA,1021,NA,3,2024-11-01 23:00:00,102.1,10.4113412
"2233",25,"2024-11-02 00:00:00",15,12,82,0,NA,110,6,NA,1022,NA,3,2024-11-02,102.2,10.4215384
"2234",26,"2024-11-02 01:00:00",16,11,72,0,NA,130,7.6,NA,1022,NA,3,2024-11-02 01:00:00,102.2,10.4215384
"2235",27,"2024-11-02 02:00:00",13.1,9.2,77,0,NA,121,11.2,NA,1022.5,NA,3,2024-11-02 02:00:00,102.25,10.426637
"2236",28,"2024-11-02 03:00:00",12.8,9.1,78,0,NA,121,11.2,NA,1023,NA,3,2024-11-02 03:00:00,102.3,10.4317356
"2237",29,"2024-11-02 04:00:00",12.4,8.9,79,0,NA,118,11.2,NA,1023.1,NA,2,2024-11-02 04:00:00,102.31,10.43275532
"2238",30,"2024-11-02 05:00:00",12,8.8,81,0,NA,118,10.4,NA,1022.9,NA,1,2024-11-02 05:00:00,102.29,10.43071588
"2239",31,"2024-11-02 06:00:00",11.7,9.1,84,0,NA,110,9.7,NA,1022.9,NA,3,2024-11-02 06:00:00,102.29,10.43071588
"2240",32,"2024-11-02 07:00:00",11.6,9.3,86,0,NA,96,9.4,NA,1022.7,NA,3,2024-11-02 07:00:00,102.27,10.42867644
"2241",33,"2024-11-02 08:00:00",11.3,9.6,89,0,NA,91,9.7,NA,1022.9,NA,3,2024-11-02 08:00:00,102.29,10.43071588
"2242",34,"2024-11-02 09:00:00",11.2,9.6,90,0,NA,94,10.1,NA,1022.6,NA,3,2024-11-02 09:00:00,102.26,10.42765672
"2243",35,"2024-11-02 10:00:00",14,14,100,0,NA,90,9,NA,1023,NA,1,2024-11-02 10:00:00,102.3,10.4317356
"2244",36,"2024-11-02 11:00:00",14,14,100,0,NA,60,5.4,NA,1022,NA,3,2024-11-02 11:00:00,102.2,10.4215384
"2245",37,"2024-11-02 12:00:00",15,15,100,0,NA,60,5.4,NA,1022,NA,3,2024-11-02 12:00:00,102.2,10.4215384
"2246",38,"2024-11-02 13:00:00",15,15,100,0,NA,90,11.2,NA,1023,NA,3,2024-11-02 13:00:00,102.3,10.4317356
"2247",39,"2024-11-02 14:00:00",15,15,100,0,NA,90,11.2,NA,1023,NA,5,2024-11-02 14:00:00,102.3,10.4317356
"2248",40,"2024-11-02 15:00:00",15,15,100,0,NA,90,19,NA,1023,NA,5,2024-11-02 15:00:00,102.3,10.4317356
"2249",41,"2024-11-02 16:00:00",16,16,100,0,NA,100,13,NA,1022,NA,5,2024-11-02 16:00:00,102.2,10.4215384
"2250",42,"2024-11-02 17:00:00",18,18,100,0,NA,120,14.8,NA,1022,NA,3,2024-11-02 17:00:00,102.2,10.4215384
"2251",43,"2024-11-02 18:00:00",19,19,100,0,NA,120,14.8,NA,1020,NA,3,2024-11-02 18:00:00,102,10.401144
"2252",44,"2024-11-02 19:00:00",19,19,100,0,NA,110,7,NA,1019,NA,3,2024-11-02 19:00:00,101.9,10.3909468
"2253",45,"2024-11-02 20:00:00",19,19,100,0,NA,110,13,NA,1019,NA,3,2024-11-02 20:00:00,101.9,10.3909468
"2254",46,"2024-11-02 21:00:00",20,20,100,0.5,NA,150,15,NA,1018,NA,17,2024-11-02 21:00:00,101.8,10.3807496
"2255",47,"2024-11-02 22:00:00",19,19,100,0,NA,130,11.2,NA,1018,NA,3,2024-11-02 22:00:00,101.8,10.3807496
"2256",48,"2024-11-02 23:00:00",19,19,100,0,NA,140,11.2,NA,1018,NA,3,2024-11-02 23:00:00,101.8,10.3807496
"2257",49,"2024-11-03 00:00:00",19,19,100,0,NA,110,15,NA,1018,NA,3,2024-11-03,101.8,10.3807496
"2258",50,"2024-11-03 01:00:00",19,19,100,0,NA,140,11.2,NA,1018,NA,3,2024-11-03 01:00:00,101.8,10.3807496
"2259",51,"2024-11-03 02:00:00",18.5,15.6,83,0,NA,134,18,NA,1016.7,NA,3,2024-11-03 02:00:00,101.67,10.36749324
"2260",52,"2024-11-03 03:00:00",18.3,15.7,85,0,NA,138,16.2,NA,1016.9,NA,3,2024-11-03 03:00:00,101.69,10.36953268
"2261",53,"2024-11-03 04:00:00",18.6,16.2,86,0,NA,145,17.6,NA,1017.4,NA,3,2024-11-03 04:00:00,101.74,10.37463128
"2262",54,"2024-11-03 05:00:00",18.4,16.7,90,1.1,NA,150,18.7,NA,1016.8,NA,9,2024-11-03 05:00:00,101.68,10.36851296
"2263",55,"2024-11-03 06:00:00",17.7,17.2,97,0.7,NA,145,17.6,NA,1016.1,NA,8,2024-11-03 06:00:00,101.61,10.36137492
"2264",56,"2024-11-03 07:00:00",17.8,17.3,97,0.3,NA,154,19.4,NA,1015.6,NA,8,2024-11-03 07:00:00,101.56,10.35627632
"2265",57,"2024-11-03 08:00:00",17.6,17.6,100,0.3,NA,156,19.1,NA,1014.7,NA,8,2024-11-03 08:00:00,101.47,10.34709884
"2266",58,"2024-11-03 09:00:00",17.5,17.5,100,0.3,NA,158,20.2,NA,1013.9,NA,8,2024-11-03 09:00:00,101.39,10.33894108
"2267",59,"2024-11-03 10:00:00",17.5,17.5,100,0.5,NA,166,22.7,NA,1012.9,NA,8,2024-11-03 10:00:00,101.29,10.32874388
"2268",60,"2024-11-03 11:00:00",21,21,100,0.3,NA,150,25.9,NA,1011,NA,8,2024-11-03 11:00:00,101.1,10.3093692
"2269",61,"2024-11-03 12:00:00",17,17,100,1.2,NA,190,14.8,NA,1013,NA,9,2024-11-03 12:00:00,101.3,10.3297636
"2270",62,"2024-11-03 13:00:00",16,16,100,1.5,NA,150,13,NA,1013,NA,9,2024-11-03 13:00:00,101.3,10.3297636
"2271",63,"2024-11-03 14:00:00",16,16,100,0,NA,160,9.4,NA,1014,NA,3,2024-11-03 14:00:00,101.4,10.3399608
"2272",64,"2024-11-03 15:00:00",17,17,100,0,NA,140,9.4,NA,1011.6,NA,3,2024-11-03 15:00:00,101.16,10.31548752
"2273",65,"2024-11-03 16:00:00",17,17,100,0.1,NA,160,9.4,NA,1013,NA,7,2024-11-03 16:00:00,101.3,10.3297636
"2274",66,"2024-11-03 17:00:00",17,17,100,6.6,NA,150,11,NA,1012,NA,9,2024-11-03 17:00:00,101.2,10.3195664
"2275",67,"2024-11-03 18:00:00",17,17,100,4.3,NA,160,11.2,NA,1011,NA,9,2024-11-03 18:00:00,101.1,10.3093692
"2276",68,"2024-11-03 19:00:00",18,18,100,1.5,NA,120,7,NA,1010,NA,9,2024-11-03 19:00:00,101,10.299172
"2277",69,"2024-11-03 20:00:00",19,19,100,1,NA,0,0,NA,1010,NA,9,2024-11-03 20:00:00,101,10.299172
"2278",70,"2024-11-03 21:00:00",19,19,100,2.7,NA,110,7.6,NA,1010,NA,9,2024-11-03 21:00:00,101,10.299172
"2279",71,"2024-11-03 22:00:00",19,19,100,0.9,NA,120,9,NA,1010,NA,8,2024-11-03 22:00:00,101,10.299172
"2280",72,"2024-11-03 23:00:00",18,18,100,3.2,NA,130,7,NA,1010,NA,9,2024-11-03 23:00:00,101,10.299172
"2281",73,"2024-11-04 00:00:00",18,18,100,6.6,NA,130,13,NA,1010,NA,9,2024-11-04,101,10.299172
"2282",74,"2024-11-04 01:00:00",18,18,100,4.4,NA,120,11,NA,1010,NA,9,2024-11-04 01:00:00,101,10.299172
"2283",75,"2024-11-04 02:00:00",17,17,100,0.6,NA,110,11,NA,1009,NA,8,2024-11-04 02:00:00,100.9,10.2889748
"2284",76,"2024-11-04 03:00:00",17.9,17.4,97,1.7,NA,145,18.4,NA,1008.6,NA,9,2024-11-04 03:00:00,100.86,10.28489592
"2285",77,"2024-11-04 04:00:00",17.8,17.8,100,0.3,NA,153,20.2,NA,1008.7,NA,8,2024-11-04 04:00:00,100.87,10.28591564
"2286",78,"2024-11-04 05:00:00",18.1,18.1,100,0.4,NA,158,23,NA,1008.5,NA,8,2024-11-04 05:00:00,100.85,10.2838762
"2287",79,"2024-11-04 06:00:00",18.2,18.2,100,1.1,NA,162,23,NA,1008,NA,9,2024-11-04 06:00:00,100.8,10.2787776
"2288",80,"2024-11-04 07:00:00",18.1,17.5,96,0.8,NA,184,24.5,NA,1007.7,NA,8,2024-11-04 07:00:00,100.77,10.27571844
"2289",81,"2024-11-04 08:00:00",17.9,17.6,98,0.4,NA,189,14.4,NA,1008.1,NA,8,2024-11-04 08:00:00,100.81,10.27979732
"2290",82,"2024-11-04 09:00:00",17.7,17.7,100,5.9,NA,203,15.5,NA,1009.2,NA,9,2024-11-04 09:00:00,100.92,10.29101424
"2291",83,"2024-11-04 10:00:00",18.3,17.8,97,4.7,NA,186,16.6,NA,1009.2,NA,9,2024-11-04 10:00:00,100.92,10.29101424
"2292",84,"2024-11-04 11:00:00",16,16,100,0,NA,100,13,NA,1010,NA,3,2024-11-04 11:00:00,101,10.299172
"2293",85,"2024-11-04 12:00:00",16,16,100,0,NA,120,7.6,NA,1010,NA,3,2024-11-04 12:00:00,101,10.299172
"2294",86,"2024-11-04 13:00:00",17,17,100,0,NA,100,19,NA,1011,NA,3,2024-11-04 13:00:00,101.1,10.3093692
"2295",87,"2024-11-04 14:00:00",17,17,100,0,NA,100,15,NA,1010,NA,3,2024-11-04 14:00:00,101,10.299172
"2296",88,"2024-11-04 15:00:00",19,19,100,0,NA,80,19,NA,1010,NA,3,2024-11-04 15:00:00,101,10.299172
"2297",89,"2024-11-04 16:00:00",22,22,100,0.1,NA,100,14.8,NA,1010,NA,17,2024-11-04 16:00:00,101,10.299172
"2298",90,"2024-11-04 17:00:00",22,22,100,0,NA,110,11.2,NA,1009,NA,3,2024-11-04 17:00:00,100.9,10.2889748
"2299",91,"2024-11-04 18:00:00",23,23,100,0.2,NA,200,26,NA,1008,NA,7,2024-11-04 18:00:00,100.8,10.2787776
"2300",92,"2024-11-04 19:00:00",25,25,100,0.1,NA,180,30,NA,1007,NA,7,2024-11-04 19:00:00,100.7,10.2685804
"2301",93,"2024-11-04 20:00:00",24,24,100,0.2,NA,170,24.1,NA,1005,NA,7,2024-11-04 20:00:00,100.5,10.248186
"2302",94,"2024-11-04 21:00:00",23,23,100,0,NA,150,19,NA,1004,NA,3,2024-11-04 21:00:00,100.4,10.2379888
"2303",95,"2024-11-04 22:00:00",23,23,100,0.1,NA,160,29.5,NA,1004,NA,7,2024-11-04 22:00:00,100.4,10.2379888
"2304",96,"2024-11-04 23:00:00",18,18,100,6.4,NA,190,9.4,NA,1006,NA,9,2024-11-04 23:00:00,100.6,10.2583832
"2305",97,"2024-11-05 00:00:00",18,18,100,0.2,NA,160,9.4,NA,1006,NA,7,2024-11-05,100.6,10.2583832
"2306",98,"2024-11-05 01:00:00",18,18,100,2.3,NA,140,9,NA,1008,NA,9,2024-11-05 01:00:00,100.8,10.2787776
"2307",99,"2024-11-05 02:00:00",18,18,100,4.8,NA,220,7.6,NA,1008,NA,5,2024-11-05 02:00:00,100.8,10.2787776
"2308",100,"2024-11-05 03:00:00",18.4,18.4,100,2.4,NA,190,17.3,NA,1006.8,NA,9,2024-11-05 03:00:00,100.68,10.26654096
"2309",101,"2024-11-05 04:00:00",18.3,18.3,100,9.6,NA,194,16.6,NA,1006.4,NA,9,2024-11-05 04:00:00,100.64,10.26246208
"2310",102,"2024-11-05 05:00:00",18.2,18.2,100,6.9,NA,219,14.8,NA,1006.2,NA,9,2024-11-05 05:00:00,100.62,10.26042264
"2311",103,"2024-11-05 06:00:00",18,18,100,7.2,NA,223,13,NA,1006.2,NA,9,2024-11-05 06:00:00,100.62,10.26042264
"2312",104,"2024-11-05 07:00:00",18,18,100,3.2,NA,226,12.6,NA,1006.1,NA,9,2024-11-05 07:00:00,100.61,10.25940292
"2313",105,"2024-11-05 08:00:00",17.4,17.4,100,2.1,NA,239,9.7,NA,1006.4,NA,9,2024-11-05 08:00:00,100.64,10.26246208
"2314",106,"2024-11-05 09:00:00",17.1,16.6,97,0.4,NA,213,10.4,NA,1006.7,NA,8,2024-11-05 09:00:00,100.67,10.26552124
"2315",107,"2024-11-05 10:00:00",16.9,16.6,98,1.2,NA,188,11.2,NA,1007.1,NA,9,2024-11-05 10:00:00,100.71,10.26960012
"2316",108,"2024-11-05 11:00:00",16.4,16.4,100,0.4,NA,200,9.7,NA,1006.6,NA,8,2024-11-05 11:00:00,100.66,10.26450152
"2317",109,"2024-11-05 12:00:00",15.5,15.3,99,0.8,NA,173,10.8,NA,1006.6,NA,8,2024-11-05 12:00:00,100.66,10.26450152
"2318",110,"2024-11-05 13:00:00",13.8,12.9,94,1.1,NA,177,13.3,NA,1006,NA,9,2024-11-05 13:00:00,100.6,10.2583832
"2319",111,"2024-11-05 14:00:00",13.8,12.5,92,0,NA,192,14.8,NA,1007.4,NA,3,2024-11-05 14:00:00,100.74,10.27265928
"2320",112,"2024-11-05 15:00:00",16,16,100,0,NA,220,18.4,NA,1009,NA,3,2024-11-05 15:00:00,100.9,10.2889748
"2321",113,"2024-11-05 16:00:00",16,16,100,0,NA,210,19,NA,1009,NA,3,2024-11-05 16:00:00,100.9,10.2889748
"2322",114,"2024-11-05 17:00:00",17,17,100,0,NA,220,26,NA,1010,NA,3,2024-11-05 17:00:00,101,10.299172
"2323",115,"2024-11-05 18:00:00",19,17,88,0,NA,210,24,NA,1009,NA,3,2024-11-05 18:00:00,100.9,10.2889748
"2324",116,"2024-11-05 19:00:00",19,15.1,78,0,NA,240,20,NA,1009,NA,2,2024-11-05 19:00:00,100.9,10.2889748
"2325",117,"2024-11-05 20:00:00",20,13.9,68,0,NA,230,20.5,NA,1009,NA,2,2024-11-05 20:00:00,100.9,10.2889748
"2326",118,"2024-11-05 21:00:00",19,13,68,0,NA,230,22.3,NA,1009,NA,2,2024-11-05 21:00:00,100.9,10.2889748
"2327",119,"2024-11-05 22:00:00",18,14.1,78,0,NA,250,13,NA,1010,NA,2,2024-11-05 22:00:00,101,10.299172
"2328",120,"2024-11-05 23:00:00",16,14,88,0,NA,260,14.8,NA,1011,NA,1,2024-11-05 23:00:00,101.1,10.3093692
"2329",121,"2024-11-06 00:00:00",15,15,100,0,NA,290,17,NA,1012,NA,1,2024-11-06,101.2,10.3195664
"2330",122,"2024-11-06 01:00:00",13,13,100,0,NA,290,18.4,NA,1013,NA,1,2024-11-06 01:00:00,101.3,10.3297636
"2331",123,"2024-11-06 02:00:00",12,12,100,0,NA,310,7.6,NA,1013,NA,2,2024-11-06 02:00:00,101.3,10.3297636
"2332",124,"2024-11-06 03:00:00",12.3,9.5,83,0,NA,291,6.8,NA,1012.6,NA,2,2024-11-06 03:00:00,101.26,10.32568472
"2333",125,"2024-11-06 04:00:00",10.6,8.9,89,0,NA,296,4.7,NA,1013.2,NA,2,2024-11-06 04:00:00,101.32,10.33180304
"2334",126,"2024-11-06 05:00:00",10.5,8.6,88,0,NA,314,4.7,NA,1013.5,NA,1,2024-11-06 05:00:00,101.35,10.3348622
"2335",127,"2024-11-06 06:00:00",9.9,8.7,92,0,NA,341,4.3,NA,1014,NA,1,2024-11-06 06:00:00,101.4,10.3399608
"2336",128,"2024-11-06 07:00:00",9.4,8.5,94,0,NA,9,5.4,NA,1014.4,NA,1,2024-11-06 07:00:00,101.44,10.34403968
"2337",129,"2024-11-06 08:00:00",9.2,8.3,94,0,NA,18,5.8,NA,1014.6,NA,1,2024-11-06 08:00:00,101.46,10.34607912
"2338",130,"2024-11-06 09:00:00",8.6,8.2,97,0,NA,38,5.8,NA,1014.6,NA,1,2024-11-06 09:00:00,101.46,10.34607912
"2339",131,"2024-11-06 10:00:00",9,8.5,97,0,NA,68,6.8,NA,1014.8,NA,1,2024-11-06 10:00:00,101.48,10.34811856
"2340",132,"2024-11-06 11:00:00",9.3,8.8,97,0,NA,74,7.9,NA,1015.4,NA,2,2024-11-06 11:00:00,101.54,10.35423688
"2341",133,"2024-11-06 12:00:00",8,8,100,0,NA,100,7.6,NA,1016,NA,5,2024-11-06 12:00:00,101.6,10.3603552
"2342",134,"2024-11-06 13:00:00",9,9,100,0,NA,90,13,NA,1017,NA,5,2024-11-06 13:00:00,101.7,10.3705524
"2343",135,"2024-11-06 14:00:00",9,9,100,0,NA,90,13,NA,1018,NA,5,2024-11-06 14:00:00,101.8,10.3807496
"2344",136,"2024-11-06 15:00:00",10,10,100,0,NA,90,13,NA,1018,NA,1,2024-11-06 15:00:00,101.8,10.3807496
"2345",137,"2024-11-06 16:00:00",13,13,100,0,NA,90,13,NA,1018,NA,1,2024-11-06 16:00:00,101.8,10.3807496
"2346",138,"2024-11-06 17:00:00",15,15,100,0,NA,150,7,NA,1018,NA,1,2024-11-06 17:00:00,101.8,10.3807496
"2347",139,"2024-11-06 18:00:00",17,14.1,83,0,NA,69,7,NA,1017,NA,1,2024-11-06 18:00:00,101.7,10.3705524
"2348",140,"2024-11-06 19:00:00",19,13,68,0,NA,67,6.1,NA,1017,NA,1,2024-11-06 19:00:00,101.7,10.3705524
"2349",141,"2024-11-06 20:00:00",19,15.1,78,0,NA,60,11,NA,1017,NA,1,2024-11-06 20:00:00,101.7,10.3705524
"2350",142,"2024-11-06 21:00:00",19,14.1,73,0,NA,360,15,NA,1017,NA,1,2024-11-06 21:00:00,101.7,10.3705524
"2351",143,"2024-11-06 22:00:00",18,14.1,78,0,NA,30,14.8,NA,1017,NA,1,2024-11-06 22:00:00,101.7,10.3705524
"2352",144,"2024-11-06 23:00:00",16,14,88,0,NA,40,11,NA,1018,NA,1,2024-11-06 23:00:00,101.8,10.3807496
"2353",145,"2024-11-07 00:00:00",15,14,94,0,NA,50,11.2,NA,1019,NA,1,2024-11-07,101.9,10.3909468
"2354",146,"2024-11-07 01:00:00",14,14,100,0,NA,60,7.6,NA,1020,NA,1,2024-11-07 01:00:00,102,10.401144
"2355",147,"2024-11-07 02:00:00",13,13,100,0,NA,60,7.6,NA,1020,NA,1,2024-11-07 02:00:00,102,10.401144
"2356",148,"2024-11-07 03:00:00",12.4,10.3,87,0,NA,67,10.4,NA,1019.7,NA,1,2024-11-07 03:00:00,101.97,10.39808484
"2357",149,"2024-11-07 04:00:00",11.9,10.3,90,0,NA,71,11.2,NA,1020.4,NA,1,2024-11-07 04:00:00,102.04,10.40522288
"2358",150,"2024-11-07 05:00:00",11.6,10.3,92,0,NA,72,12.6,NA,1020.5,NA,1,2024-11-07 05:00:00,102.05,10.4062426
"2359",151,"2024-11-07 06:00:00",11,10.2,95,0,NA,61,11.9,NA,1021.1,NA,1,2024-11-07 06:00:00,102.11,10.41236092
"2360",152,"2024-11-07 07:00:00",10.6,10,96,0,NA,56,11.9,NA,1021.7,NA,1,2024-11-07 07:00:00,102.17,10.41847924
"2361",153,"2024-11-07 08:00:00",10.2,9.6,96,0,NA,59,13,NA,1022.1,NA,1,2024-11-07 08:00:00,102.21,10.42255812
"2362",154,"2024-11-07 09:00:00",9.9,9.3,96,0,NA,58,12.6,NA,1022.5,NA,1,2024-11-07 09:00:00,102.25,10.426637
"2363",155,"2024-11-07 10:00:00",9.6,9,96,0,NA,60,13.3,NA,1022.9,NA,1,2024-11-07 10:00:00,102.29,10.43071588
"2364",156,"2024-11-07 11:00:00",11,11,100,0,NA,80,9.4,NA,1023,NA,5,2024-11-07 11:00:00,102.3,10.4317356
"2365",157,"2024-11-07 12:00:00",10,10,100,0,NA,60,11.2,NA,1023,NA,5,2024-11-07 12:00:00,102.3,10.4317356
"2366",158,"2024-11-07 13:00:00",11,11,100,0,NA,70,9.4,NA,1024,NA,2,2024-11-07 13:00:00,102.4,10.4419328
"2367",159,"2024-11-07 14:00:00",12,12,100,0,NA,90,15,NA,1025,NA,5,2024-11-07 14:00:00,102.5,10.45213
"2368",160,"2024-11-07 15:00:00",14,14,100,0,NA,60,18.4,NA,1025,NA,5,2024-11-07 15:00:00,102.5,10.45213
"2369",161,"2024-11-07 16:00:00",16,16,100,0,NA,50,13,NA,1025,NA,1,2024-11-07 16:00:00,102.5,10.45213
"2370",162,"2024-11-07 17:00:00",18,14.1,78,0,NA,40,14.8,NA,1024,NA,1,2024-11-07 17:00:00,102.4,10.4419328
"2371",163,"2024-11-07 18:00:00",18,14.1,78,0,NA,60,16.6,NA,1023,NA,1,2024-11-07 18:00:00,102.3,10.4317356
"2372",164,"2024-11-07 19:00:00",19,16,83,0,NA,60,11,NA,1022,NA,1,2024-11-07 19:00:00,102.2,10.4215384
"2373",165,"2024-11-07 20:00:00",19,16,83,0,NA,60,16.6,NA,1022,NA,1,2024-11-07 20:00:00,102.2,10.4215384
"2374",166,"2024-11-07 21:00:00",18,15.1,83,0,NA,70,13,NA,1022,NA,1,2024-11-07 21:00:00,102.2,10.4215384
"2375",167,"2024-11-07 22:00:00",17,15,88,0,NA,60,9.4,NA,1022,NA,1,2024-11-07 22:00:00,102.2,10.4215384
"2376",168,"2024-11-07 23:00:00",16,15,94,0,NA,50,13,NA,1022,NA,1,2024-11-07 23:00:00,102.2,10.4215384
"2377",169,"2024-11-08 00:00:00",15,14,94,0,NA,80,9.4,NA,1023,NA,2,2024-11-08,102.3,10.4317356
"2378",170,"2024-11-08 01:00:00",15,14,94,0,NA,90,13,NA,1023,NA,2,2024-11-08 01:00:00,102.3,10.4317356
"2379",171,"2024-11-08 02:00:00",14,14,100,0,NA,60,13,NA,1022,NA,3,2024-11-08 02:00:00,102.2,10.4215384
"2380",172,"2024-11-08 03:00:00",12,9,82,0,NA,67,14.8,NA,1023,NA,1,2024-11-08 03:00:00,102.3,10.4317356
"2381",173,"2024-11-08 04:00:00",11.6,7.9,78,0,NA,69,15.1,NA,1023.3,NA,3,2024-11-08 04:00:00,102.33,10.43479476
"2382",174,"2024-11-08 05:00:00",11.2,7.5,78,0,NA,74,15.8,NA,1023.1,NA,3,2024-11-08 05:00:00,102.31,10.43275532
"2383",175,"2024-11-08 06:00:00",10.8,7.3,79,0,NA,80,15.5,NA,1022.8,NA,3,2024-11-08 06:00:00,102.28,10.42969616
"2384",176,"2024-11-08 07:00:00",10.5,7.2,80,0,NA,80,14.8,NA,1022.6,NA,3,2024-11-08 07:00:00,102.26,10.42765672
"2385",177,"2024-11-08 08:00:00",10.5,7,79,0,NA,77,14.4,NA,1022.2,NA,3,2024-11-08 08:00:00,102.22,10.42357784
"2386",178,"2024-11-08 09:00:00",10.4,7.1,80,0,NA,76,14,NA,1022.3,NA,3,2024-11-08 09:00:00,102.23,10.42459756
"2387",179,"2024-11-08 10:00:00",10.5,7.2,80,0,NA,71,14,NA,1022,NA,3,2024-11-08 10:00:00,102.2,10.4215384
"2388",180,"2024-11-08 11:00:00",11,11,100,0,NA,90,11.2,NA,1022,NA,3,2024-11-08 11:00:00,102.2,10.4215384
"2389",181,"2024-11-08 12:00:00",12,12,100,0,NA,80,18.4,NA,1021,NA,3,2024-11-08 12:00:00,102.1,10.4113412
"2390",182,"2024-11-08 13:00:00",12,12,100,0,NA,90,20.5,NA,1022,NA,3,2024-11-08 13:00:00,102.2,10.4215384
"2391",183,"2024-11-08 14:00:00",12,12,100,0,NA,90,20,NA,1022,NA,3,2024-11-08 14:00:00,102.2,10.4215384
"2392",184,"2024-11-08 15:00:00",14,13,94,0,NA,70,20.5,NA,1021,NA,3,2024-11-08 15:00:00,102.1,10.4113412
"2393",185,"2024-11-08 16:00:00",16,12.9,82,0,NA,70,20.5,NA,1021,NA,3,2024-11-08 16:00:00,102.1,10.4113412
"2394",186,"2024-11-08 17:00:00",18,14.1,78,0,NA,70,20.5,NA,1020,NA,3,2024-11-08 17:00:00,102,10.401144
"2395",187,"2024-11-08 18:00:00",19,14.1,73,0,NA,90,30,NA,1019,NA,3,2024-11-08 18:00:00,101.9,10.3909468
"2396",188,"2024-11-08 19:00:00",20,13.9,68,0,NA,90,17,NA,1018,NA,3,2024-11-08 19:00:00,101.8,10.3807496
"2397",189,"2024-11-08 20:00:00",20,15,73,0,NA,80,22.3,NA,1018,NA,3,2024-11-08 20:00:00,101.8,10.3807496
"2398",190,"2024-11-08 21:00:00",19,17,88,0,NA,90,32,NA,1017,NA,3,2024-11-08 21:00:00,101.7,10.3705524
"2399",191,"2024-11-08 22:00:00",18,15.1,83,0,NA,90,24.1,NA,1018,NA,3,2024-11-08 22:00:00,101.8,10.3807496
"2400",192,"2024-11-08 23:00:00",17,12.9,77,0,NA,80,24,NA,1018,NA,3,2024-11-08 23:00:00,101.8,10.3807496
"2401",193,"2024-11-09 00:00:00",15,13,88,0,NA,90,18.4,NA,1018,NA,3,2024-11-09,101.8,10.3807496
"2402",194,"2024-11-09 01:00:00",12,12,100,0.2,NA,60,11.2,NA,1019,NA,5,2024-11-09 01:00:00,101.9,10.3909468
"2403",195,"2024-11-09 02:00:00",12,12,100,1.7,NA,80,5.4,NA,1020,NA,5,2024-11-09 02:00:00,102,10.401144
"2404",196,"2024-11-09 03:00:00",13.9,12.6,92,5.5,NA,104,19.1,NA,1017.4,NA,9,2024-11-09 03:00:00,101.74,10.37463128
"2405",197,"2024-11-09 04:00:00",13.3,12.4,94,2,NA,105,18,NA,1017.5,NA,9,2024-11-09 04:00:00,101.75,10.375651
"2406",198,"2024-11-09 05:00:00",13.2,12.1,93,0,NA,109,16.9,NA,1017.4,NA,3,2024-11-09 05:00:00,101.74,10.37463128
"2407",199,"2024-11-09 06:00:00",13.7,12.4,92,0,NA,108,17.3,NA,1016.5,NA,3,2024-11-09 06:00:00,101.65,10.3654538
"2408",200,"2024-11-09 07:00:00",13.3,11.9,91,0,NA,106,18.7,NA,1016,NA,3,2024-11-09 07:00:00,101.6,10.3603552
"2409",201,"2024-11-09 08:00:00",13.5,12.2,92,0,NA,111,18,NA,1015.6,NA,3,2024-11-09 08:00:00,101.56,10.35627632
"2410",202,"2024-11-09 09:00:00",14.1,12.7,91,0,NA,112,17.6,NA,1015,NA,3,2024-11-09 09:00:00,101.5,10.350158
"2411",203,"2024-11-09 10:00:00",14.2,13.1,93,2.2,NA,151,14,NA,1015.2,NA,9,2024-11-09 10:00:00,101.52,10.35219744
"2412",204,"2024-11-09 11:00:00",13,13,100,2,NA,100,11.2,NA,1017,NA,9,2024-11-09 11:00:00,101.7,10.3705524
"2413",205,"2024-11-09 12:00:00",13,13,100,1.1,NA,100,7,NA,1017,NA,9,2024-11-09 12:00:00,101.7,10.3705524
"2414",206,"2024-11-09 13:00:00",13,13,100,0.1,NA,90,11.2,NA,1017,NA,5,2024-11-09 13:00:00,101.7,10.3705524
"2415",207,"2024-11-09 14:00:00",14,14,100,0,NA,120,9.4,NA,1017,NA,5,2024-11-09 14:00:00,101.7,10.3705524
"2416",208,"2024-11-09 15:00:00",15,15,100,0,NA,120,9,NA,1017,NA,5,2024-11-09 15:00:00,101.7,10.3705524
"2417",209,"2024-11-09 16:00:00",16,16,100,0,NA,170,11.2,NA,1017,NA,5,2024-11-09 16:00:00,101.7,10.3705524
"2418",210,"2024-11-09 17:00:00",16,16,100,0,NA,210,13,NA,1016,NA,5,2024-11-09 17:00:00,101.6,10.3603552
"2419",211,"2024-11-09 18:00:00",16,16,100,0,NA,220,13,NA,1015,NA,5,2024-11-09 18:00:00,101.5,10.350158
"2420",212,"2024-11-09 19:00:00",16,16,100,0,NA,210,16.6,NA,1015,NA,3,2024-11-09 19:00:00,101.5,10.350158
"2421",213,"2024-11-09 20:00:00",17,17,100,0,NA,200,17,NA,1014,NA,3,2024-11-09 20:00:00,101.4,10.3399608
"2422",214,"2024-11-09 21:00:00",18,16,88,0,NA,190,14.8,NA,1014,NA,3,2024-11-09 21:00:00,101.4,10.3399608
"2423",215,"2024-11-09 22:00:00",16,16,100,0,NA,170,11.2,NA,1014,NA,2,2024-11-09 22:00:00,101.4,10.3399608
"2424",216,"2024-11-09 23:00:00",15.6,12.5,82,0,NA,184,10.4,NA,1013.7,NA,1,2024-11-09 23:00:00,101.37,10.33690164
"2425",217,"2024-11-10 00:00:00",14,14,100,0,NA,170,7.6,NA,1013.9,NA,1,2024-11-10,101.39,10.33894108
"2426",218,"2024-11-10 01:00:00",12,12,100,0,NA,181,13,NA,1015,NA,1,2024-11-10 01:00:00,101.5,10.350158
"2427",219,"2024-11-10 02:00:00",11,11,100,0,NA,0,0,NA,1015,NA,1,2024-11-10 02:00:00,101.5,10.350158
"2428",220,"2024-11-10 03:00:00",12.3,9.9,85,0,NA,193,12.2,NA,1014.5,NA,1,2024-11-10 03:00:00,101.45,10.3450594
"2429",221,"2024-11-10 04:00:00",11.6,9,84,0,NA,198,11.9,NA,1014.9,NA,1,2024-11-10 04:00:00,101.49,10.34913828
"2430",222,"2024-11-10 05:00:00",11.4,9.1,86,0,NA,209,11.9,NA,1015,NA,1,2024-11-10 05:00:00,101.5,10.350158
"2431",223,"2024-11-10 06:00:00",11.2,9.6,90,0,NA,217,11.9,NA,1014.8,NA,1,2024-11-10 06:00:00,101.48,10.34811856
"2432",224,"2024-11-10 07:00:00",11.1,9.8,92,0,NA,225,11.9,NA,1014.8,NA,1,2024-11-10 07:00:00,101.48,10.34811856
"2433",225,"2024-11-10 08:00:00",10.9,9.5,91,0,NA,227,11.9,NA,1014.7,NA,1,2024-11-10 08:00:00,101.47,10.34709884
"2434",226,"2024-11-10 09:00:00",11,8.4,84,0,NA,237,12.6,NA,1014.4,NA,1,2024-11-10 09:00:00,101.44,10.34403968
"2435",227,"2024-11-10 10:00:00",10.6,7.1,79,0,NA,232,13,NA,1014.2,NA,1,2024-11-10 10:00:00,101.42,10.34200024
"2436",228,"2024-11-10 11:00:00",8,8,100,0,NA,0,0,NA,1016,NA,1,2024-11-10 11:00:00,101.6,10.3603552
"2437",229,"2024-11-10 12:00:00",8,8,100,0,NA,170,5.4,NA,1016,NA,1,2024-11-10 12:00:00,101.6,10.3603552
"2438",230,"2024-11-10 13:00:00",13,12.1,94,0,NA,220,13,NA,1017,NA,1,2024-11-10 13:00:00,101.7,10.3705524
"2439",231,"2024-11-10 14:00:00",15,12,82,0,NA,240,13,NA,1017,NA,1,2024-11-10 14:00:00,101.7,10.3705524
"2440",232,"2024-11-10 15:00:00",17,11.1,68,0,NA,270,20.5,NA,1017,NA,1,2024-11-10 15:00:00,101.7,10.3705524
"2441",233,"2024-11-10 16:00:00",18,12,68,0,NA,260,14.8,NA,1017,NA,1,2024-11-10 16:00:00,101.7,10.3705524
"2442",234,"2024-11-10 17:00:00",20,11,56,0,NA,260,14.8,NA,1017,NA,1,2024-11-10 17:00:00,101.7,10.3705524
"2443",235,"2024-11-10 18:00:00",21,11.1,53,0,NA,270,19,NA,1016,NA,1,2024-11-10 18:00:00,101.6,10.3603552
"2444",236,"2024-11-10 19:00:00",21,11.1,53,0,NA,290,16.6,NA,1016,NA,1,2024-11-10 19:00:00,101.6,10.3603552
"2445",237,"2024-11-10 20:00:00",21,9.9,49,0,NA,270,18.4,NA,1015,NA,1,2024-11-10 20:00:00,101.5,10.350158
"2446",238,"2024-11-10 21:00:00",20,10.1,53,0,NA,270,18.4,NA,1016,NA,1,2024-11-10 21:00:00,101.6,10.3603552
"2447",239,"2024-11-10 22:00:00",19,10,56,0,NA,300,15,NA,1016,NA,1,2024-11-10 22:00:00,101.6,10.3603552
"2448",240,"2024-11-10 23:00:00",17,9.9,63,0,NA,296,10.4,NA,1017,NA,1,2024-11-10 23:00:00,101.7,10.3705524
"2449",241,"2024-11-11 00:00:00",15,8.9,67,0,NA,300,7.6,NA,1017,NA,1,2024-11-11,101.7,10.3705524
"2450",242,"2024-11-11 01:00:00",13,10,82,0,NA,308,10.8,NA,1018,NA,1,2024-11-11 01:00:00,101.8,10.3807496
"2451",243,"2024-11-11 02:00:00",11,11,100,0,NA,0,0,NA,1018,NA,1,2024-11-11 02:00:00,101.8,10.3807496
"2452",244,"2024-11-11 03:00:00",11,7.7,80,0,NA,319,9.4,NA,1017.4,NA,1,2024-11-11 03:00:00,101.74,10.37463128
"2453",245,"2024-11-11 04:00:00",10.5,7.7,83,0,NA,324,8.6,NA,1017.9,NA,1,2024-11-11 04:00:00,101.79,10.37972988
"2454",246,"2024-11-11 05:00:00",10.2,7.6,84,0,NA,334,7.6,NA,1017.9,NA,1,2024-11-11 05:00:00,101.79,10.37972988
"2455",247,"2024-11-11 06:00:00",9.6,7.4,86,0,NA,341,7.6,NA,1018,NA,1,2024-11-11 06:00:00,101.8,10.3807496
"2456",248,"2024-11-11 07:00:00",8.9,7,88,0,NA,351,6.1,NA,1018.1,NA,1,2024-11-11 07:00:00,101.81,10.38176932
"2457",249,"2024-11-11 08:00:00",9,7.1,88,0,NA,344,5.4,NA,1018.3,NA,1,2024-11-11 08:00:00,101.83,10.38380876
"2458",250,"2024-11-11 09:00:00",8.3,6.8,90,0,NA,352,6.5,NA,1018.4,NA,1,2024-11-11 09:00:00,101.84,10.38482848
"2459",251,"2024-11-11 10:00:00",9,7.1,88,0,NA,28,6.1,NA,1018.3,NA,1,2024-11-11 10:00:00,101.83,10.38380876
"2460",252,"2024-11-11 11:00:00",6,6,100,0,NA,0,0,NA,1019,NA,1,2024-11-11 11:00:00,101.9,10.3909468
"2461",253,"2024-11-11 12:00:00",5,5,100,0,NA,0,0,NA,1019,NA,1,2024-11-11 12:00:00,101.9,10.3909468
"2462",254,"2024-11-11 13:00:00",7,7,100,0,NA,45,5.4,NA,1020,NA,1,2024-11-11 13:00:00,102,10.401144
"2463",255,"2024-11-11 14:00:00",11,11,100,0,NA,0,0,NA,1020,NA,2,2024-11-11 14:00:00,102,10.401144
"2464",256,"2024-11-11 15:00:00",14,12,88,0,NA,0,0,NA,1020,NA,2,2024-11-11 15:00:00,102,10.401144
"2465",257,"2024-11-11 16:00:00",17,11.1,68,0,NA,360,9.4,NA,1021,NA,1,2024-11-11 16:00:00,102.1,10.4113412
"2466",258,"2024-11-11 17:00:00",18,11.1,64,0,NA,360,9,NA,1020,NA,3,2024-11-11 17:00:00,102,10.401144
"2467",259,"2024-11-11 18:00:00",19,11.1,60,0,NA,310,7,NA,1019,NA,3,2024-11-11 18:00:00,101.9,10.3909468
"2468",260,"2024-11-11 19:00:00",20,11,56,0,NA,340,7.6,NA,1018,NA,2,2024-11-11 19:00:00,101.8,10.3807496
"2469",261,"2024-11-11 20:00:00",20,11,56,0,NA,310,7.6,NA,1018,NA,2,2024-11-11 20:00:00,101.8,10.3807496
"2470",262,"2024-11-11 21:00:00",20,11,56,0,NA,360,11.2,NA,1018,NA,1,2024-11-11 21:00:00,101.8,10.3807496
"2471",263,"2024-11-11 22:00:00",19,11.1,60,0,NA,350,5.4,NA,1018,NA,2,2024-11-11 22:00:00,101.8,10.3807496
"2472",264,"2024-11-11 23:00:00",16,12,77,0,NA,358,6.8,NA,1018,NA,3,2024-11-11 23:00:00,101.8,10.3807496
"2473",265,"2024-11-12 00:00:00",14,13,94,0,NA,0,0,NA,1018,NA,2,2024-11-12,101.8,10.3807496
"2474",266,"2024-11-12 01:00:00",13,12.1,94,0,NA,0,0,NA,1018,NA,3,2024-11-12 01:00:00,101.8,10.3807496
"2475",267,"2024-11-12 02:00:00",11,11,100,0,NA,60,9,NA,1019,NA,3,2024-11-12 02:00:00,101.9,10.3909468
"2476",268,"2024-11-12 03:00:00",11.4,9.3,87,0,NA,70,9.7,NA,1018.4,NA,3,2024-11-12 03:00:00,101.84,10.38482848
"2477",269,"2024-11-12 04:00:00",11.1,8.8,86,0,NA,73,9.7,NA,1019,NA,3,2024-11-12 04:00:00,101.9,10.3909468
"2478",270,"2024-11-12 05:00:00",10.9,8.6,86,0,NA,79,9.4,NA,1019.3,NA,3,2024-11-12 05:00:00,101.93,10.39400596
"2479",271,"2024-11-12 06:00:00",10.4,8.5,88,0,NA,81,11.2,NA,1019.3,NA,3,2024-11-12 06:00:00,101.93,10.39400596
"2480",272,"2024-11-12 07:00:00",9.7,8.5,92,0,NA,83,11.5,NA,1019.2,NA,3,2024-11-12 07:00:00,101.92,10.39298624
"2481",273,"2024-11-12 08:00:00",9.3,8.2,93,0,NA,84,10.8,NA,1019.3,NA,3,2024-11-12 08:00:00,101.93,10.39400596
"2482",274,"2024-11-12 09:00:00",8.9,7.8,93,0,NA,85,10.8,NA,1019.5,NA,3,2024-11-12 09:00:00,101.95,10.3960454
"2483",275,"2024-11-12 10:00:00",8.7,7.6,93,0,NA,92,10.4,NA,1019.5,NA,3,2024-11-12 10:00:00,101.95,10.3960454
"2484",276,"2024-11-12 11:00:00",8,8,100,0,NA,0,0,NA,1020,NA,3,2024-11-12 11:00:00,102,10.401144
"2485",277,"2024-11-12 12:00:00",8,8,100,0,NA,90,7.6,NA,1020,NA,2,2024-11-12 12:00:00,102,10.401144
"2486",278,"2024-11-12 13:00:00",10,10,100,0,NA,90,7.6,NA,1021,NA,2,2024-11-12 13:00:00,102.1,10.4113412
"2487",279,"2024-11-12 14:00:00",13,12.1,94,0,NA,100,13,NA,1021,NA,3,2024-11-12 14:00:00,102.1,10.4113412
"2488",280,"2024-11-12 15:00:00",14,13,94,0,NA,90,14.8,NA,1021,NA,3,2024-11-12 15:00:00,102.1,10.4113412
"2489",281,"2024-11-12 16:00:00",17,12.9,77,0,NA,110,9.4,NA,1021,NA,3,2024-11-12 16:00:00,102.1,10.4113412
"2490",282,"2024-11-12 17:00:00",19,12,64,0,NA,140,14.8,NA,1019,NA,3,2024-11-12 17:00:00,101.9,10.3909468
"2491",283,"2024-11-12 18:00:00",20,12,60,0,NA,150,5.4,NA,1018,NA,2,2024-11-12 18:00:00,101.8,10.3807496
"2492",284,"2024-11-12 19:00:00",21,11.9,56,0,NA,110,7,NA,1017,NA,3,2024-11-12 19:00:00,101.7,10.3705524
"2493",285,"2024-11-12 20:00:00",22,12,53,0,NA,140,13,NA,1016,NA,3,2024-11-12 20:00:00,101.6,10.3603552
"2494",286,"2024-11-12 21:00:00",21,11.9,56,0,NA,110,11,NA,1016,NA,3,2024-11-12 21:00:00,101.6,10.3603552
"2495",287,"2024-11-12 22:00:00",19,11.1,60,0,NA,170,11,NA,1016,NA,3,2024-11-12 22:00:00,101.6,10.3603552
"2496",288,"2024-11-12 23:00:00",17,9.9,63,0,NA,130,7.6,NA,1016,NA,2,2024-11-12 23:00:00,101.6,10.3603552
"2497",289,"2024-11-13 00:00:00",15,10,72,0,NA,110,5.4,NA,1016,NA,3,2024-11-13,101.6,10.3603552
"2498",290,"2024-11-13 01:00:00",15,11,77,0,NA,110,11.2,NA,1016,NA,3,2024-11-13 01:00:00,101.6,10.3603552
"2499",291,"2024-11-13 02:00:00",13,11.1,88,0,NA,100,9.4,NA,1016,NA,3,2024-11-13 02:00:00,101.6,10.3603552
"2500",292,"2024-11-13 03:00:00",11.8,6.9,72,0,NA,117,17.3,NA,1016.2,NA,3,2024-11-13 03:00:00,101.62,10.36239464
"2501",293,"2024-11-13 04:00:00",11.5,6,69,0,NA,120,17.6,NA,1016.6,NA,3,2024-11-13 04:00:00,101.66,10.36647352
"2502",294,"2024-11-13 05:00:00",11.3,5.4,67,0,NA,126,16.9,NA,1016.4,NA,3,2024-11-13 05:00:00,101.64,10.36443408
"2503",295,"2024-11-13 06:00:00",11.1,5.6,69,0,NA,132,14.8,NA,1016.2,NA,3,2024-11-13 06:00:00,101.62,10.36239464
"2504",296,"2024-11-13 07:00:00",11,5.7,70,0,NA,141,12.6,NA,1015.7,NA,3,2024-11-13 07:00:00,101.57,10.35729604
"2505",297,"2024-11-13 08:00:00",10.7,6.4,75,0,NA,139,13.7,NA,1015,NA,3,2024-11-13 08:00:00,101.5,10.350158
"2506",298,"2024-11-13 09:00:00",10.9,7,77,0,NA,142,16.6,NA,1014.2,NA,3,2024-11-13 09:00:00,101.42,10.34200024
"2507",299,"2024-11-13 10:00:00",11.1,7.6,79,0,NA,146,17.6,NA,1013.8,NA,3,2024-11-13 10:00:00,101.38,10.33792136
"2508",300,"2024-11-13 11:00:00",11,11,100,0,NA,110,11.2,NA,1013,NA,3,2024-11-13 11:00:00,101.3,10.3297636
"2509",301,"2024-11-13 12:00:00",12,12,100,0,NA,120,14.8,NA,1013,NA,3,2024-11-13 12:00:00,101.3,10.3297636
"2510",302,"2024-11-13 13:00:00",12,12,100,0,NA,130,14.8,NA,1012,NA,3,2024-11-13 13:00:00,101.2,10.3195664
"2511",303,"2024-11-13 14:00:00",17,16,94,0,NA,190,15,NA,1012,NA,3,2024-11-13 14:00:00,101.2,10.3195664
"2512",304,"2024-11-13 15:00:00",14,14,100,0,NA,190,20.5,NA,1013,NA,3,2024-11-13 15:00:00,101.3,10.3297636
"2513",305,"2024-11-13 16:00:00",17,17,100,0.2,NA,190,24.1,NA,1013,NA,7,2024-11-13 16:00:00,101.3,10.3297636
"2514",306,"2024-11-13 17:00:00",17,17,100,0.2,NA,200,25.9,NA,1012,NA,7,2024-11-13 17:00:00,101.2,10.3195664
"2515",307,"2024-11-13 18:00:00",18,17,94,0,NA,220,26,NA,1011,NA,3,2024-11-13 18:00:00,101.1,10.3093692
"2516",308,"2024-11-13 19:00:00",17,17,100,0.2,NA,240,22.3,NA,1011,NA,7,2024-11-13 19:00:00,101.1,10.3093692
"2517",309,"2024-11-13 20:00:00",18,15.1,83,0,NA,250,18.4,NA,1011,NA,3,2024-11-13 20:00:00,101.1,10.3093692
"2518",310,"2024-11-13 21:00:00",18,15.1,83,0,NA,250,20.5,NA,1011,NA,3,2024-11-13 21:00:00,101.1,10.3093692
"2519",311,"2024-11-13 22:00:00",18,14.1,78,0,NA,240,15,NA,1012,NA,1,2024-11-13 22:00:00,101.2,10.3195664
"2520",312,"2024-11-13 23:00:00",16,11,72,0,NA,280,22.3,NA,1013,NA,3,2024-11-13 23:00:00,101.3,10.3297636
"2521",313,"2024-11-14 00:00:00",15,10,72,0,NA,270,25.9,NA,1015,NA,2,2024-11-14,101.5,10.350158
"2522",314,"2024-11-14 01:00:00",12,10.1,88,0,NA,290,18.4,NA,1015,NA,3,2024-11-14 01:00:00,101.5,10.350158
"2523",315,"2024-11-14 02:00:00",12,9,82,0,NA,290,28,NA,1016,NA,2,2024-11-14 02:00:00,101.6,10.3603552
"2524",316,"2024-11-14 03:00:00",11.9,5.1,63,0,NA,287,23.4,NA,1014.9,NA,3,2024-11-14 03:00:00,101.49,10.34913828
"2525",317,"2024-11-14 04:00:00",10.6,4.7,67,0,NA,296,23.4,NA,1016.1,NA,2,2024-11-14 04:00:00,101.61,10.36137492
"2526",318,"2024-11-14 05:00:00",10.2,4.1,66,0,NA,302,20.9,NA,1016.3,NA,1,2024-11-14 05:00:00,101.63,10.36341436
"2527",319,"2024-11-14 06:00:00",9.8,4,67,0,NA,298,19.4,NA,1016.5,NA,1,2024-11-14 06:00:00,101.65,10.3654538
"2528",320,"2024-11-14 07:00:00",9.5,3.7,67,0,NA,291,18.7,NA,1016.7,NA,1,2024-11-14 07:00:00,101.67,10.36749324
"2529",321,"2024-11-14 08:00:00",9.2,3.4,67,0,NA,288,18.4,NA,1017.1,NA,1,2024-11-14 08:00:00,101.71,10.37157212
"2530",322,"2024-11-14 09:00:00",8.7,2.9,67,0,NA,291,18,NA,1017.5,NA,1,2024-11-14 09:00:00,101.75,10.375651
"2531",323,"2024-11-14 10:00:00",8.3,2.1,65,0,NA,295,16.2,NA,1018,NA,1,2024-11-14 10:00:00,101.8,10.3807496
"2532",324,"2024-11-14 11:00:00",5,5,100,0,NA,297,13,NA,1018,NA,1,2024-11-14 11:00:00,101.8,10.3807496
"2533",325,"2024-11-14 12:00:00",5,5,100,0,NA,0,0,NA,1019,NA,1,2024-11-14 12:00:00,101.9,10.3909468
"2534",326,"2024-11-14 13:00:00",7,5.9,93,0,NA,290,6,NA,1020,NA,1,2024-11-14 13:00:00,102,10.401144
"2535",327,"2024-11-14 14:00:00",10,5,71,0,NA,290,11.2,NA,1020,NA,1,2024-11-14 14:00:00,102,10.401144
"2536",328,"2024-11-14 15:00:00",11,5.9,71,0,NA,330,11,NA,1020,NA,1,2024-11-14 15:00:00,102,10.401144
"2537",329,"2024-11-14 16:00:00",14,6.1,59,0,NA,270,13,NA,1021,NA,1,2024-11-14 16:00:00,102.1,10.4113412
"2538",330,"2024-11-14 17:00:00",15,6,55,0,NA,300,11,NA,1020,NA,1,2024-11-14 17:00:00,102,10.401144
"2539",331,"2024-11-14 18:00:00",16,3.1,42,0,NA,320,19,NA,1019,NA,1,2024-11-14 18:00:00,101.9,10.3909468
"2540",332,"2024-11-14 19:00:00",17,5,45,0,NA,310,13,NA,1019,NA,1,2024-11-14 19:00:00,101.9,10.3909468
"2541",333,"2024-11-14 20:00:00",17,2.9,39,0,NA,320,13,NA,1019,NA,1,2024-11-14 20:00:00,101.9,10.3909468
"2542",334,"2024-11-14 21:00:00",17,2.2,37,0,NA,290,13,NA,1019,NA,1,2024-11-14 21:00:00,101.9,10.3909468
"2543",335,"2024-11-14 22:00:00",15,1.1,39,0,NA,310,9,NA,1019,NA,1,2024-11-14 22:00:00,101.9,10.3909468
"2544",336,"2024-11-14 23:00:00",13,3.1,51,0,NA,310,5.4,NA,1019,NA,1,2024-11-14 23:00:00,101.9,10.3909468
"2545",337,"2024-11-15 00:00:00",10,3.9,66,0,NA,282,5.4,NA,1019,NA,1,2024-11-15,101.9,10.3909468
"2546",338,"2024-11-15 01:00:00",8,4.9,81,0,NA,0,0,NA,1020,NA,1,2024-11-15 01:00:00,102,10.401144
"2547",339,"2024-11-15 02:00:00",7,5.9,93,0,NA,0,0,NA,1020,NA,1,2024-11-15 02:00:00,102,10.401144
"2548",340,"2024-11-15 03:00:00",7.4,3.4,76,0,NA,315,2.2,NA,1019.8,NA,1,2024-11-15 03:00:00,101.98,10.39910456
"2549",341,"2024-11-15 04:00:00",7.1,3.2,76,0,NA,244,1.4,NA,1019.9,NA,1,2024-11-15 04:00:00,101.99,10.40012428
"2550",342,"2024-11-15 05:00:00",6.7,2.8,76,0,NA,179,3.6,NA,1019.6,NA,1,2024-11-15 05:00:00,101.96,10.39706512
"2551",343,"2024-11-15 06:00:00",5.7,2.7,81,0,NA,174,4.7,NA,1019.8,NA,1,2024-11-15 06:00:00,101.98,10.39910456
"2552",344,"2024-11-15 07:00:00",5.6,2.1,78,0,NA,161,4,NA,1019.7,NA,1,2024-11-15 07:00:00,101.97,10.39808484
"2553",345,"2024-11-15 08:00:00",5.2,1.9,79,0,NA,157,3.6,NA,1019.6,NA,1,2024-11-15 08:00:00,101.96,10.39706512
"2554",346,"2024-11-15 09:00:00",4.6,1.4,80,0,NA,135,3.6,NA,1019.8,NA,1,2024-11-15 09:00:00,101.98,10.39910456
"2555",347,"2024-11-15 10:00:00",4.4,1.3,80,0,NA,109,6.8,NA,1019.5,NA,1,2024-11-15 10:00:00,101.95,10.3960454
"2556",348,"2024-11-15 11:00:00",2,2,100,0,NA,90,7.6,NA,1021,NA,1,2024-11-15 11:00:00,102.1,10.4113412
"2557",349,"2024-11-15 12:00:00",3,3,100,0,NA,0,0,NA,1021,NA,1,2024-11-15 12:00:00,102.1,10.4113412
"2558",350,"2024-11-15 13:00:00",3,3,100,0,NA,100,7,NA,1021,NA,1,2024-11-15 13:00:00,102.1,10.4113412
"2559",351,"2024-11-15 14:00:00",8,4.9,81,0,NA,90,7,NA,1022,NA,1,2024-11-15 14:00:00,102.2,10.4215384
"2560",352,"2024-11-15 15:00:00",15,4.9,51,0,NA,120,9,NA,1021,NA,1,2024-11-15 15:00:00,102.1,10.4113412
"2561",353,"2024-11-15 16:00:00",16,5,48,0,NA,110,8.6,NA,1021.1,NA,1,2024-11-15 16:00:00,102.11,10.41236092
"2562",354,"2024-11-15 17:00:00",18,4.9,42,0,NA,140,5.4,NA,1020,NA,1,2024-11-15 17:00:00,102,10.401144
"2563",355,"2024-11-15 18:00:00",19,5.1,40,0,NA,110,11,NA,1019,NA,1,2024-11-15 18:00:00,101.9,10.3909468
"2564",356,"2024-11-15 19:00:00",20,4.1,35,0,NA,130,11,NA,1018,NA,1,2024-11-15 19:00:00,101.8,10.3807496
"2565",357,"2024-11-15 20:00:00",20,4.1,35,0,NA,160,9,NA,1017,NA,1,2024-11-15 20:00:00,101.7,10.3705524
"2566",358,"2024-11-15 21:00:00",20,4.1,35,0,NA,160,7.6,NA,1017,NA,1,2024-11-15 21:00:00,101.7,10.3705524
"2567",359,"2024-11-15 22:00:00",18,4.2,40,0,NA,150,9.4,NA,1017,NA,1,2024-11-15 22:00:00,101.7,10.3705524
"2568",360,"2024-11-15 23:00:00",15,3.2,45,0,NA,140,7,NA,1017,NA,1,2024-11-15 23:00:00,101.7,10.3705524
"2569",361,"2024-11-16 00:00:00",14,4,51,0,NA,170,11,NA,1017,NA,1,2024-11-16,101.7,10.3705524
"2570",362,"2024-11-16 01:00:00",13,4.9,58,0,NA,130,5.4,NA,1016,NA,1,2024-11-16 01:00:00,101.6,10.3603552
"2571",363,"2024-11-16 02:00:00",11,5.1,67,0,NA,120,6,NA,1016,NA,1,2024-11-16 02:00:00,101.6,10.3603552
"2572",364,"2024-11-16 03:00:00",9.2,3.6,68,0,NA,137,14.4,NA,1016.7,NA,1,2024-11-16 03:00:00,101.67,10.36749324
"2573",365,"2024-11-16 04:00:00",8.8,3.8,71,0,NA,140,14,NA,1016.8,NA,1,2024-11-16 04:00:00,101.68,10.36851296
"2574",366,"2024-11-16 05:00:00",8.5,4.1,74,0,NA,148,12.6,NA,1017,NA,1,2024-11-16 05:00:00,101.7,10.3705524
"2575",367,"2024-11-16 06:00:00",8.4,4.4,76,0,NA,155,13.3,NA,1016.9,NA,1,2024-11-16 06:00:00,101.69,10.36953268
"2576",368,"2024-11-16 07:00:00",8.3,4.7,78,0,NA,160,13.7,NA,1016.8,NA,1,2024-11-16 07:00:00,101.68,10.36851296
"2577",369,"2024-11-16 08:00:00",7.9,4.8,81,0,NA,158,12.2,NA,1016.5,NA,1,2024-11-16 08:00:00,101.65,10.3654538
"2578",370,"2024-11-16 09:00:00",7.9,5,82,0,NA,156,12.2,NA,1016.2,NA,1,2024-11-16 09:00:00,101.62,10.36239464
"2579",371,"2024-11-16 10:00:00",7.7,5,83,0,NA,156,11.9,NA,1015.9,NA,1,2024-11-16 10:00:00,101.59,10.35933548
"2580",372,"2024-11-16 11:00:00",9,9,100,0,NA,157,6,NA,1015,NA,1,2024-11-16 11:00:00,101.5,10.350158
"2581",373,"2024-11-16 12:00:00",8,8,100,0,NA,157,5.4,NA,1016,NA,2,2024-11-16 12:00:00,101.6,10.3603552
"2582",374,"2024-11-16 13:00:00",9,9,100,0,NA,120,9.4,NA,1016,NA,3,2024-11-16 13:00:00,101.6,10.3603552
"2583",375,"2024-11-16 14:00:00",12,12,100,0,NA,150,9.4,NA,1017,NA,3,2024-11-16 14:00:00,101.7,10.3705524
"2584",376,"2024-11-16 15:00:00",14,11,82,0,NA,160,19,NA,1016,NA,3,2024-11-16 15:00:00,101.6,10.3603552
"2585",377,"2024-11-16 16:00:00",17,9.9,63,0,NA,160,16.6,NA,1016,NA,3,2024-11-16 16:00:00,101.6,10.3603552
"2586",378,"2024-11-16 17:00:00",18,10.1,60,0,NA,170,13,NA,1015,NA,2,2024-11-16 17:00:00,101.5,10.350158
"2587",379,"2024-11-16 18:00:00",19,10,56,0,NA,160,16.6,NA,1013,NA,3,2024-11-16 18:00:00,101.3,10.3297636
"2588",380,"2024-11-16 19:00:00",20,9,49,0,NA,180,7,NA,1013,NA,2,2024-11-16 19:00:00,101.3,10.3297636
"2589",381,"2024-11-16 20:00:00",19,8.9,52,0,NA,180,14.8,NA,1013,NA,3,2024-11-16 20:00:00,101.3,10.3297636
"2590",382,"2024-11-16 21:00:00",18,9.1,56,0,NA,170,14.8,NA,1013,NA,3,2024-11-16 21:00:00,101.3,10.3297636
"2591",383,"2024-11-16 22:00:00",16,10.1,68,0,NA,150,22,NA,1012,NA,3,2024-11-16 22:00:00,101.2,10.3195664
"2592",384,"2024-11-16 23:00:00",15,11,77,0,NA,130,7,NA,1013,NA,3,2024-11-16 23:00:00,101.3,10.3297636
"2593",385,"2024-11-17 00:00:00",14,12,88,0,NA,130,9.4,NA,1012,NA,3,2024-11-17,101.2,10.3195664
"2594",386,"2024-11-17 01:00:00",13,12.1,94,0,NA,140,9.4,NA,1013,NA,3,2024-11-17 01:00:00,101.3,10.3297636
"2595",387,"2024-11-17 02:00:00",13,12.1,94,0,NA,140,7.6,NA,1013,NA,3,2024-11-17 02:00:00,101.3,10.3297636
"2596",388,"2024-11-17 03:00:00",12.8,7.9,72,0,NA,184,19.4,NA,1012.9,NA,3,2024-11-17 03:00:00,101.29,10.32874388
"2597",389,"2024-11-17 04:00:00",12.9,8,72,0,NA,188,19.1,NA,1013.3,NA,3,2024-11-17 04:00:00,101.33,10.33282276
"2598",390,"2024-11-17 05:00:00",12.8,8.3,74,0,NA,189,18,NA,1013.4,NA,3,2024-11-17 05:00:00,101.34,10.33384248
"2599",391,"2024-11-17 06:00:00",12.7,8.6,76,0,NA,182,16.6,NA,1013.5,NA,3,2024-11-17 06:00:00,101.35,10.3348622
"2600",392,"2024-11-17 07:00:00",12.6,8.9,78,0,NA,185,16.2,NA,1013.1,NA,3,2024-11-17 07:00:00,101.31,10.33078332
"2601",393,"2024-11-17 08:00:00",12.4,9.4,82,0,NA,181,16.2,NA,1013,NA,3,2024-11-17 08:00:00,101.3,10.3297636
"2602",394,"2024-11-17 09:00:00",12.4,9.8,84,0,NA,178,17.3,NA,1012.5,NA,3,2024-11-17 09:00:00,101.25,10.324665
"2603",395,"2024-11-17 10:00:00",12.5,10,85,0,NA,182,16.6,NA,1012.7,NA,3,2024-11-17 10:00:00,101.27,10.32670444
"2604",396,"2024-11-17 11:00:00",14,14,100,0,NA,160,5.4,NA,1014,NA,3,2024-11-17 11:00:00,101.4,10.3399608
"2605",397,"2024-11-17 12:00:00",14,14,100,0,NA,181,14,NA,1015,NA,3,2024-11-17 12:00:00,101.5,10.350158
"2606",398,"2024-11-17 13:00:00",15,15,100,0,NA,130,5.4,NA,1016,NA,3,2024-11-17 13:00:00,101.6,10.3603552
"2607",399,"2024-11-17 14:00:00",16,16,100,0,NA,150,7,NA,1016,NA,3,2024-11-17 14:00:00,101.6,10.3603552
"2608",400,"2024-11-17 15:00:00",19,19,100,0,NA,180,20.5,NA,1016,NA,3,2024-11-17 15:00:00,101.6,10.3603552
"2609",401,"2024-11-17 16:00:00",21,18.9,88,0,NA,190,22,NA,1016,NA,3,2024-11-17 16:00:00,101.6,10.3603552
"2610",402,"2024-11-17 17:00:00",23,20,83,0,NA,200,16.6,NA,1014,NA,3,2024-11-17 17:00:00,101.4,10.3399608
"2611",403,"2024-11-17 18:00:00",23,20,83,0,NA,200,20.5,NA,1014,NA,3,2024-11-17 18:00:00,101.4,10.3399608
"2612",404,"2024-11-17 19:00:00",22,19.9,88,0,NA,220,16.6,NA,1013,NA,3,2024-11-17 19:00:00,101.3,10.3297636
"2613",405,"2024-11-17 20:00:00",22,21,94,0,NA,190,16.6,NA,1013,NA,3,2024-11-17 20:00:00,101.3,10.3297636
"2614",406,"2024-11-17 21:00:00",21,21,100,0,NA,160,13,NA,1013,NA,3,2024-11-17 21:00:00,101.3,10.3297636
"2615",407,"2024-11-17 22:00:00",19,19,100,0,NA,150,9,NA,1013,NA,3,2024-11-17 22:00:00,101.3,10.3297636
"2616",408,"2024-11-17 23:00:00",19,19,100,0,NA,140,9.4,NA,1013,NA,3,2024-11-17 23:00:00,101.3,10.3297636
"2617",409,"2024-11-18 00:00:00",19,19,100,0,NA,130,15,NA,1013,NA,3,2024-11-18,101.3,10.3297636
"2618",410,"2024-11-18 01:00:00",19,19,100,0,NA,150,16.6,NA,1013,NA,3,2024-11-18 01:00:00,101.3,10.3297636
"2619",411,"2024-11-18 02:00:00",19,19,100,0,NA,130,7,NA,1013,NA,3,2024-11-18 02:00:00,101.3,10.3297636
"2620",412,"2024-11-18 03:00:00",17.2,15.7,91,0,NA,155,18.7,NA,1011.6,NA,3,2024-11-18 03:00:00,101.16,10.31548752
"2621",413,"2024-11-18 04:00:00",17.6,16.6,94,0,NA,159,15.5,NA,1011.5,NA,3,2024-11-18 04:00:00,101.15,10.3144678
"2622",414,"2024-11-18 05:00:00",18,16.9,93,0,NA,150,17.6,NA,1010.8,NA,3,2024-11-18 05:00:00,101.08,10.30732976
"2623",415,"2024-11-18 06:00:00",18.2,17,93,0,NA,151,18.7,NA,1010.3,NA,3,2024-11-18 06:00:00,101.03,10.30223116
"2624",416,"2024-11-18 07:00:00",18.4,17.1,92,0.2,NA,147,17.6,NA,1009,NA,7,2024-11-18 07:00:00,100.9,10.2889748
"2625",417,"2024-11-18 08:00:00",17.5,16.9,96,3.3,NA,136,19.4,NA,1007.5,NA,9,2024-11-18 08:00:00,100.75,10.273679
"2626",418,"2024-11-18 09:00:00",18.1,17.5,96,3.2,NA,162,26.3,NA,1006.6,NA,9,2024-11-18 09:00:00,100.66,10.26450152
"2627",419,"2024-11-18 10:00:00",18,17.4,96,0,NA,160,30.2,NA,1005.7,NA,3,2024-11-18 10:00:00,100.57,10.25532404
"2628",420,"2024-11-18 11:00:00",19,19,100,0,NA,160,22,NA,1006,NA,3,2024-11-18 11:00:00,100.6,10.2583832
"2629",421,"2024-11-18 12:00:00",19,19,100,0,NA,160,22.3,NA,1005.1,NA,3,2024-11-18 12:00:00,100.51,10.24920572
"2630",422,"2024-11-18 13:00:00",19,19,100,0,NA,160,14.8,NA,1004,NA,3,2024-11-18 13:00:00,100.4,10.2379888
"2631",423,"2024-11-18 14:00:00",20,20,100,0,NA,170,24.1,NA,1005,NA,3,2024-11-18 14:00:00,100.5,10.248186
"2632",424,"2024-11-18 15:00:00",20,20,100,0,NA,160,27.7,NA,1004,NA,3,2024-11-18 15:00:00,100.4,10.2379888
"2633",425,"2024-11-18 16:00:00",21,21,100,0.4,NA,150,33,NA,1002,NA,8,2024-11-18 16:00:00,100.2,10.2175944
"2634",426,"2024-11-18 17:00:00",20,20,100,0.8,NA,160,24.1,NA,1000,NA,8,2024-11-18 17:00:00,100,10.1972
"2635",427,"2024-11-18 18:00:00",20,20,100,1.9,NA,160,37,NA,999,NA,5,2024-11-18 18:00:00,99.9,10.1870028
"2636",428,"2024-11-18 19:00:00",20,20,100,0,NA,150,33,NA,998,NA,5,2024-11-18 19:00:00,99.8,10.1768056
"2637",429,"2024-11-18 20:00:00",16,16,100,0.3,NA,240,18.4,NA,999,NA,5,2024-11-18 20:00:00,99.9,10.1870028
"2638",430,"2024-11-18 21:00:00",15,15,100,0.5,NA,220,32,NA,1000,NA,5,2024-11-18 21:00:00,100,10.1972
"2639",431,"2024-11-18 22:00:00",13,13,100,3.8,NA,170,22.3,NA,999,NA,5,2024-11-18 22:00:00,99.9,10.1870028
"2640",432,"2024-11-18 23:00:00",14,14,100,1.1,NA,190,28,NA,1000,NA,9,2024-11-18 23:00:00,100,10.1972
"2641",433,"2024-11-19 00:00:00",14,14,100,0,NA,200,24,NA,1000,NA,3,2024-11-19,100,10.1972
"2642",434,"2024-11-19 01:00:00",14,14,100,0,NA,200,18.4,NA,1001,NA,1,2024-11-19 01:00:00,100.1,10.2073972
"2643",435,"2024-11-19 02:00:00",14,14,100,0,NA,220,17,NA,1002,NA,1,2024-11-19 02:00:00,100.2,10.2175944
"2644",436,"2024-11-19 03:00:00",14.6,7.9,64,0,NA,214,23,NA,1001.3,NA,1,2024-11-19 03:00:00,100.13,10.21045636
"2645",437,"2024-11-19 04:00:00",14.4,8.1,66,0,NA,225,22.3,NA,1002.5,NA,1,2024-11-19 04:00:00,100.25,10.222693
"2646",438,"2024-11-19 05:00:00",13.7,8.9,73,0,NA,234,19.8,NA,1003,NA,1,2024-11-19 05:00:00,100.3,10.2277916
"2647",439,"2024-11-19 06:00:00",12.9,9,77,0,NA,239,17.3,NA,1003.9,NA,1,2024-11-19 06:00:00,100.39,10.23696908
"2648",440,"2024-11-19 07:00:00",12.2,9,81,0,NA,242,14.8,NA,1004.4,NA,1,2024-11-19 07:00:00,100.44,10.24206768
"2649",441,"2024-11-19 08:00:00",11.1,9,87,0,NA,232,11.9,NA,1004.7,NA,1,2024-11-19 08:00:00,100.47,10.24512684
"2650",442,"2024-11-19 09:00:00",10.7,9,89,0,NA,222,11.5,NA,1005,NA,1,2024-11-19 09:00:00,100.5,10.248186
"2651",443,"2024-11-19 10:00:00",10.6,9.5,93,0,NA,226,10.4,NA,1005,NA,1,2024-11-19 10:00:00,100.5,10.248186
"2652",444,"2024-11-19 11:00:00",9,9,100,0,NA,0,0,NA,1006,NA,1,2024-11-19 11:00:00,100.6,10.2583832
"2653",445,"2024-11-19 12:00:00",9,9,100,0,NA,0,0,NA,1007,NA,1,2024-11-19 12:00:00,100.7,10.2685804
"2654",446,"2024-11-19 13:00:00",10,10,100,0,NA,222,9,NA,1008,NA,1,2024-11-19 13:00:00,100.8,10.2787776
"2655",447,"2024-11-19 14:00:00",13,13,100,0,NA,210,9,NA,1009,NA,1,2024-11-19 14:00:00,100.9,10.2889748
"2656",448,"2024-11-19 15:00:00",15,15,100,0,NA,200,9,NA,1009,NA,1,2024-11-19 15:00:00,100.9,10.2889748
"2657",449,"2024-11-19 16:00:00",17,14.1,83,0,NA,270,11.2,NA,1009,NA,1,2024-11-19 16:00:00,100.9,10.2889748
"2658",450,"2024-11-19 17:00:00",19,19,100,0,NA,282,8.3,NA,1009,NA,1,2024-11-19 17:00:00,100.9,10.2889748
"2659",451,"2024-11-19 18:00:00",20,12,60,0,NA,0,0,NA,1008,NA,2,2024-11-19 18:00:00,100.8,10.2787776
"2660",452,"2024-11-19 19:00:00",21,9.9,49,0,NA,240,5.4,NA,1008,NA,2,2024-11-19 19:00:00,100.8,10.2787776
"2661",453,"2024-11-19 20:00:00",21,9.9,49,0,NA,270,11.2,NA,1008,NA,1,2024-11-19 20:00:00,100.8,10.2787776
"2662",454,"2024-11-19 21:00:00",21,11.1,53,0,NA,250,11.2,NA,1008,NA,1,2024-11-19 21:00:00,100.8,10.2787776
"2663",455,"2024-11-19 22:00:00",19,11.1,60,0,NA,260,7,NA,1009,NA,1,2024-11-19 22:00:00,100.9,10.2889748
"2664",456,"2024-11-19 23:00:00",17,11.9,72,0,NA,310,14.8,NA,1010,NA,1,2024-11-19 23:00:00,101,10.299172
"2665",457,"2024-11-20 00:00:00",15,11,77,0,NA,320,15,NA,1012,NA,1,2024-11-20,101.2,10.3195664
"2666",458,"2024-11-20 01:00:00",13,10,82,0,NA,320,14.8,NA,1012,NA,1,2024-11-20 01:00:00,101.2,10.3195664
"2667",459,"2024-11-20 02:00:00",13,9.1,77,0,NA,310,14.8,NA,1014,NA,1,2024-11-20 02:00:00,101.4,10.3399608
"2668",460,"2024-11-20 03:00:00",11.4,7.1,75,0,NA,331,17.3,NA,1013.7,NA,1,2024-11-20 03:00:00,101.37,10.33690164
"2669",461,"2024-11-20 04:00:00",10.4,5.2,70,0,NA,334,20.2,NA,1015.3,NA,1,2024-11-20 04:00:00,101.53,10.35321716
"2670",462,"2024-11-20 05:00:00",9.3,3.5,67,0,NA,332,16.9,NA,1016.5,NA,1,2024-11-20 05:00:00,101.65,10.3654538
"2671",463,"2024-11-20 06:00:00",8.4,2.4,66,0,NA,321,17.6,NA,1017.8,NA,1,2024-11-20 06:00:00,101.78,10.37871016
"2672",464,"2024-11-20 07:00:00",7.7,1.5,65,0,NA,320,15.1,NA,1018.2,NA,1,2024-11-20 07:00:00,101.82,10.38278904
"2673",465,"2024-11-20 08:00:00",7.2,1.1,65,0,NA,316,19.8,NA,1018.9,NA,1,2024-11-20 08:00:00,101.89,10.38992708
"2674",466,"2024-11-20 09:00:00",6.8,0.2,63,0,NA,316,16.9,NA,1019.4,NA,1,2024-11-20 09:00:00,101.94,10.39502568
"2675",467,"2024-11-20 10:00:00",6.2,-0.5,62,0,NA,312,14.8,NA,1019.7,NA,1,2024-11-20 10:00:00,101.97,10.39808484
"2676",468,"2024-11-20 11:00:00",5,2,81,0,NA,270,5.4,NA,1021,NA,1,2024-11-20 11:00:00,102.1,10.4113412
"2677",469,"2024-11-20 12:00:00",4,2,87,0,NA,250,6,NA,1022,NA,1,2024-11-20 12:00:00,102.2,10.4215384
"2678",470,"2024-11-20 13:00:00",4,2,87,0,NA,260,7.6,NA,1022,NA,1,2024-11-20 13:00:00,102.2,10.4215384
"2679",471,"2024-11-20 14:00:00",6,2.1,76,0,NA,290,16.6,NA,1023,NA,1,2024-11-20 14:00:00,102.3,10.4317356
"2680",472,"2024-11-20 15:00:00",7,2.1,71,0,NA,300,19,NA,1024,NA,1,2024-11-20 15:00:00,102.4,10.4419328
"2681",473,"2024-11-20 16:00:00",9,2.1,62,0,NA,280,13,NA,1024,NA,1,2024-11-20 16:00:00,102.4,10.4419328
"2682",474,"2024-11-20 17:00:00",10,-2,43,0,NA,300,29.5,NA,1024,NA,1,2024-11-20 17:00:00,102.4,10.4419328
"2683",475,"2024-11-20 18:00:00",11,-3.1,37,0,NA,290,24,NA,1023,NA,1,2024-11-20 18:00:00,102.3,10.4317356
"2684",476,"2024-11-20 19:00:00",12,-5.1,30,0,NA,310,32,NA,1023,NA,1,2024-11-20 19:00:00,102.3,10.4317356
"2685",477,"2024-11-20 20:00:00",12,-6,28,0,NA,290,28,NA,1023,NA,1,2024-11-20 20:00:00,102.3,10.4317356
"2686",478,"2024-11-20 21:00:00",11,-5.9,30,0,NA,290,22,NA,1022,NA,1,2024-11-20 21:00:00,102.2,10.4215384
"2687",479,"2024-11-20 22:00:00",10,-6,32,0,NA,290,20.5,NA,1022,NA,1,2024-11-20 22:00:00,102.2,10.4215384
"2688",480,"2024-11-20 23:00:00",9,-4.9,37,0,NA,270,9,NA,1022,NA,1,2024-11-20 23:00:00,102.2,10.4215384
"2689",481,"2024-11-21 00:00:00",8,-5.1,39,0,NA,240,11,NA,1022,NA,1,2024-11-21,102.2,10.4215384
"2690",482,"2024-11-21 01:00:00",7,-5.1,42,0,NA,250,9,NA,1022,NA,1,2024-11-21 01:00:00,102.2,10.4215384
"2691",483,"2024-11-21 02:00:00",7,-5.1,42,0,NA,270,9,NA,1022,NA,1,2024-11-21 02:00:00,102.2,10.4215384
"2692",484,"2024-11-21 03:00:00",6.4,-6.9,38,0,NA,280,18,NA,1022.8,NA,1,2024-11-21 03:00:00,102.28,10.42969616
"2693",485,"2024-11-21 04:00:00",5.8,-6.8,40,0,NA,276,17.3,NA,1022.8,NA,1,2024-11-21 04:00:00,102.28,10.42969616
"2694",486,"2024-11-21 05:00:00",5.4,-6.5,42,0,NA,273,17.6,NA,1022.6,NA,1,2024-11-21 05:00:00,102.26,10.42765672
"2695",487,"2024-11-21 06:00:00",5.5,-5.8,44,0,NA,272,18.7,NA,1022.1,NA,1,2024-11-21 06:00:00,102.21,10.42255812
"2696",488,"2024-11-21 07:00:00",5.9,-5.4,44,0,NA,272,20.5,NA,1022.1,NA,1,2024-11-21 07:00:00,102.21,10.42255812
"2697",489,"2024-11-21 08:00:00",6.2,-5.2,44,0,NA,274,21.2,NA,1021.8,NA,1,2024-11-21 08:00:00,102.18,10.41949896
"2698",490,"2024-11-21 09:00:00",6,-4.8,46,0,NA,277,19.4,NA,1021.7,NA,1,2024-11-21 09:00:00,102.17,10.41847924
"2699",491,"2024-11-21 10:00:00",5.7,-4.5,48,0,NA,287,18.7,NA,1022,NA,1,2024-11-21 10:00:00,102.2,10.4215384
"2700",492,"2024-11-21 11:00:00",4,-3.1,60,0,NA,280,9.4,NA,1022,NA,1,2024-11-21 11:00:00,102.2,10.4215384
"2701",493,"2024-11-21 12:00:00",5,-3.1,56,0,NA,290,9.4,NA,1022,NA,1,2024-11-21 12:00:00,102.2,10.4215384
"2702",494,"2024-11-21 13:00:00",5,-3.1,56,0,NA,300,9.4,NA,1022,NA,1,2024-11-21 13:00:00,102.2,10.4215384
"2703",495,"2024-11-21 14:00:00",6,-2.9,53,0,NA,310,20.5,NA,1023,NA,1,2024-11-21 14:00:00,102.3,10.4317356
"2704",496,"2024-11-21 15:00:00",7,-3,49,0,NA,330,20,NA,1024,NA,1,2024-11-21 15:00:00,102.4,10.4419328
"2705",497,"2024-11-21 16:00:00",8,-2.1,49,0,NA,330,24.1,NA,1023,NA,1,2024-11-21 16:00:00,102.3,10.4317356
"2706",498,"2024-11-21 17:00:00",9,-0.9,50,0,NA,300,18.4,NA,1023,NA,1,2024-11-21 17:00:00,102.3,10.4317356
"2707",499,"2024-11-21 18:00:00",11,-1.1,43,0,NA,330,30,NA,1022,NA,1,2024-11-21 18:00:00,102.2,10.4215384
"2708",500,"2024-11-21 19:00:00",11,-1.1,43,0,NA,320,22.3,NA,1022,NA,1,2024-11-21 19:00:00,102.2,10.4215384
"2709",501,"2024-11-21 20:00:00",11,-1.1,43,0,NA,310,22.3,NA,1021,NA,1,2024-11-21 20:00:00,102.1,10.4113412
"2710",502,"2024-11-21 21:00:00",10,-1.1,46,0,NA,310,22,NA,1022,NA,1,2024-11-21 21:00:00,102.2,10.4215384
"2711",503,"2024-11-21 22:00:00",8,0,57,0,NA,290,14.8,NA,1022,NA,1,2024-11-21 22:00:00,102.2,10.4215384
"2712",504,"2024-11-21 23:00:00",7,0,61,0,NA,300,14.8,NA,1022,NA,1,2024-11-21 23:00:00,102.2,10.4215384
"2713",505,"2024-11-22 00:00:00",6,-0.1,65,0,NA,310,14.8,NA,1023,NA,1,2024-11-22,102.3,10.4317356
"2714",506,"2024-11-22 01:00:00",5,0,70,0,NA,310,9,NA,1023,NA,1,2024-11-22 01:00:00,102.3,10.4317356
"2715",507,"2024-11-22 02:00:00",5,0,70,0,NA,310,11.2,NA,1022,NA,1,2024-11-22 02:00:00,102.2,10.4215384
"2716",508,"2024-11-22 03:00:00",4.5,-1.9,63,0,NA,327,14,NA,1023.5,NA,1,2024-11-22 03:00:00,102.35,10.4368342
"2717",509,"2024-11-22 04:00:00",4.1,-2.1,64,0,NA,329,14,NA,1023.9,NA,1,2024-11-22 04:00:00,102.39,10.44091308
"2718",510,"2024-11-22 05:00:00",3.6,-2,67,0,NA,336,13.3,NA,1024.1,NA,1,2024-11-22 05:00:00,102.41,10.44295252
"2719",511,"2024-11-22 06:00:00",3.1,-2,69,0,NA,338,11.9,NA,1024.1,NA,1,2024-11-22 06:00:00,102.41,10.44295252
"2720",512,"2024-11-22 07:00:00",2.3,-2,73,0,NA,331,10.4,NA,1024.3,NA,1,2024-11-22 07:00:00,102.43,10.44499196
"2721",513,"2024-11-22 08:00:00",1.8,-1.8,77,0,NA,335,10.1,NA,1024.6,NA,1,2024-11-22 08:00:00,102.46,10.44805112
"2722",514,"2024-11-22 09:00:00",1.4,-2.2,77,0,NA,335,10.1,NA,1024.3,NA,1,2024-11-22 09:00:00,102.43,10.44499196
"2723",515,"2024-11-22 10:00:00",1.2,-2,79,0,NA,342,9.7,NA,1024.7,NA,1,2024-11-22 10:00:00,102.47,10.44907084
"2724",516,"2024-11-22 11:00:00",1,0,93,0,NA,347,8.3,NA,1023,NA,1,2024-11-22 11:00:00,102.3,10.4317356
"2725",517,"2024-11-22 12:00:00",0,0,100,0,NA,0,0,NA,1023,NA,1,2024-11-22 12:00:00,102.3,10.4317356
"2726",518,"2024-11-22 13:00:00",1,1,100,0,NA,330,6,NA,1024,NA,1,2024-11-22 13:00:00,102.4,10.4419328
"2727",519,"2024-11-22 14:00:00",3,0.1,81,0,NA,10,9,NA,1024,NA,1,2024-11-22 14:00:00,102.4,10.4419328
"2728",520,"2024-11-22 15:00:00",5,0,70,0,NA,300,5.4,NA,1024,NA,1,2024-11-22 15:00:00,102.4,10.4419328
"2729",521,"2024-11-22 16:00:00",7,1.1,66,0,NA,290,9,NA,1024,NA,1,2024-11-22 16:00:00,102.4,10.4419328
"2730",522,"2024-11-22 17:00:00",9,-0.1,53,0,NA,340,14.8,NA,1024,NA,1,2024-11-22 17:00:00,102.4,10.4419328
"2731",523,"2024-11-22 18:00:00",10,1.1,54,0,NA,290,9.4,NA,1023,NA,1,2024-11-22 18:00:00,102.3,10.4317356
"2732",524,"2024-11-22 19:00:00",12,1,47,0,NA,330,13,NA,1022,NA,1,2024-11-22 19:00:00,102.2,10.4215384
"2733",525,"2024-11-22 20:00:00",12,1,47,0,NA,20,7,NA,1021,NA,1,2024-11-22 20:00:00,102.1,10.4113412
"2734",526,"2024-11-22 21:00:00",13,1,44,0,NA,290,11.2,NA,1021,NA,1,2024-11-22 21:00:00,102.1,10.4113412
"2735",527,"2024-11-22 22:00:00",11,1,50,0,NA,280,5.4,NA,1021,NA,1,2024-11-22 22:00:00,102.1,10.4113412
"2736",528,"2024-11-22 23:00:00",10,1.1,54,0,NA,300,6,NA,1021,NA,1,2024-11-22 23:00:00,102.1,10.4113412
"2737",529,"2024-11-23 00:00:00",8,2,66,0,NA,300,6,NA,1021,NA,1,2024-11-23,102.1,10.4113412
"2738",530,"2024-11-23 01:00:00",6,3,81,0,NA,0,0,NA,1021,NA,3,2024-11-23 01:00:00,102.1,10.4113412
"2739",531,"2024-11-23 02:00:00",6,2.1,76,0,NA,0,0,NA,1021,NA,3,2024-11-23 02:00:00,102.1,10.4113412
"2740",532,"2024-11-23 03:00:00",3.9,1.4,84,0,NA,2,5.4,NA,1022.4,NA,1,2024-11-23 03:00:00,102.24,10.42561728
"2741",533,"2024-11-23 04:00:00",3.7,1.2,84,0,NA,27,4.3,NA,1022.5,NA,1,2024-11-23 04:00:00,102.25,10.426637
"2742",534,"2024-11-23 05:00:00",3.5,1.7,88,0,NA,102,4.3,NA,1022,NA,1,2024-11-23 05:00:00,102.2,10.4215384
"2743",535,"2024-11-23 06:00:00",2.8,1.5,91,0,NA,114,5.8,NA,1021.8,NA,1,2024-11-23 06:00:00,102.18,10.41949896
"2744",536,"2024-11-23 07:00:00",2.4,0.9,90,0,NA,136,6.1,NA,1021.5,NA,1,2024-11-23 07:00:00,102.15,10.4164398
"2745",537,"2024-11-23 08:00:00",1.9,0.4,90,0,NA,147,5.8,NA,1021.2,NA,1,2024-11-23 08:00:00,102.12,10.41338064
"2746",538,"2024-11-23 09:00:00",1.6,-0.2,88,0,NA,148,5.4,NA,1021.2,NA,1,2024-11-23 09:00:00,102.12,10.41338064
"2747",539,"2024-11-23 10:00:00",1.8,-0.1,87,0,NA,146,5.4,NA,1020.4,NA,1,2024-11-23 10:00:00,102.04,10.40522288
"2748",540,"2024-11-23 11:00:00",1,1,100,0,NA,0,0,NA,1020,NA,1,2024-11-23 11:00:00,102,10.401144
"2749",541,"2024-11-23 12:00:00",0,0,100,0,NA,180,6.1,NA,1020,NA,1,2024-11-23 12:00:00,102,10.401144
"2750",542,"2024-11-23 13:00:00",2,2,100,0,NA,110,5.4,NA,1020,NA,1,2024-11-23 13:00:00,102,10.401144
"2751",543,"2024-11-23 14:00:00",6,2.1,76,0,NA,157,7.9,NA,1020,NA,1,2024-11-23 14:00:00,102,10.401144
"2752",544,"2024-11-23 15:00:00",10,3.1,62,0,NA,180,5.4,NA,1020,NA,1,2024-11-23 15:00:00,102,10.401144
"2753",545,"2024-11-23 16:00:00",14,4,51,0,NA,178,6.5,NA,1020,NA,1,2024-11-23 16:00:00,102,10.401144
"2754",546,"2024-11-23 17:00:00",17,2.2,37,0,NA,220,7,NA,1019,NA,3,2024-11-23 17:00:00,101.9,10.3909468
"2755",547,"2024-11-23 18:00:00",19,1.9,32,0,NA,230,15,NA,1017,NA,3,2024-11-23 18:00:00,101.7,10.3705524
"2756",548,"2024-11-23 19:00:00",19,3.2,35,0,NA,220,13,NA,1017,NA,3,2024-11-23 19:00:00,101.7,10.3705524
"2757",549,"2024-11-23 20:00:00",19,4,37,0,NA,230,15,NA,1016,NA,3,2024-11-23 20:00:00,101.6,10.3603552
"2758",550,"2024-11-23 21:00:00",18,4.9,42,0,NA,200,17,NA,1016,NA,3,2024-11-23 21:00:00,101.6,10.3603552
"2759",551,"2024-11-23 22:00:00",17,5,45,0,NA,200,16.6,NA,1016,NA,1,2024-11-23 22:00:00,101.6,10.3603552
"2760",552,"2024-11-23 23:00:00",14,4,51,0,NA,150,7.6,NA,1015,NA,1,2024-11-23 23:00:00,101.5,10.350158
"2761",553,"2024-11-24 00:00:00",13,3.9,54,0,NA,150,11.2,NA,1015,NA,1,2024-11-24,101.5,10.350158
"2762",554,"2024-11-24 01:00:00",13,3.9,54,0,NA,130,9.4,NA,1015,NA,1,2024-11-24 01:00:00,101.5,10.350158
"2763",555,"2024-11-24 02:00:00",10.9,3,58,0,NA,171,18.7,NA,1014.7,NA,1,2024-11-24 02:00:00,101.47,10.34709884
"2764",556,"2024-11-24 03:00:00",10.8,3.1,59,0,NA,173,19.8,NA,1014.7,NA,1,2024-11-24 03:00:00,101.47,10.34709884
"2765",557,"2024-11-24 04:00:00",10.7,2.8,58,0,NA,179,20.5,NA,1014.4,NA,2,2024-11-24 04:00:00,101.44,10.34403968
"2766",558,"2024-11-24 05:00:00",10.9,2.7,57,0,NA,183,22,NA,1014.2,NA,1,2024-11-24 05:00:00,101.42,10.34200024
"2767",559,"2024-11-24 06:00:00",11,2.3,55,0,NA,182,23,NA,1013.8,NA,1,2024-11-24 06:00:00,101.38,10.33792136
"2768",560,"2024-11-24 07:00:00",11.1,2.4,55,0,NA,183,23.4,NA,1013.5,NA,3,2024-11-24 07:00:00,101.35,10.3348622
"2769",561,"2024-11-24 08:00:00",11.1,2.6,56,0,NA,184,23.4,NA,1013.2,NA,3,2024-11-24 08:00:00,101.32,10.33180304
"2770",562,"2024-11-24 09:00:00",11.2,3,57,0,NA,186,23.8,NA,1012.7,NA,2,2024-11-24 09:00:00,101.27,10.32670444
"2771",563,"2024-11-24 10:00:00",11.4,3.7,59,0,NA,189,24.8,NA,1012.2,NA,1,2024-11-24 10:00:00,101.22,10.32160584
"2772",564,"2024-11-24 11:00:00",14,9,72,0,NA,180,28,NA,1012,NA,1,2024-11-24 11:00:00,101.2,10.3195664
"2773",565,"2024-11-24 12:00:00",13,11.1,88,0,NA,190,33,NA,1012,NA,1,2024-11-24 12:00:00,101.2,10.3195664
"2774",566,"2024-11-24 13:00:00",14,13,94,0,NA,190,24.1,NA,1012,NA,3,2024-11-24 13:00:00,101.2,10.3195664
"2775",567,"2024-11-24 14:00:00",15,15,100,0,NA,190,32,NA,1012,NA,3,2024-11-24 14:00:00,101.2,10.3195664
"2776",568,"2024-11-24 15:00:00",16,16,100,0,NA,190,44,NA,1011,NA,1,2024-11-24 15:00:00,101.1,10.3093692
"2777",569,"2024-11-24 16:00:00",18,16,88,0,NA,190,39,NA,1010,NA,1,2024-11-24 16:00:00,101,10.299172
"2778",570,"2024-11-24 17:00:00",19,17,88,0,NA,190,43,NA,1009,NA,1,2024-11-24 17:00:00,100.9,10.2889748
"2779",571,"2024-11-24 18:00:00",20,17,83,0,NA,210,39,NA,1008,NA,1,2024-11-24 18:00:00,100.8,10.2787776
"2780",572,"2024-11-24 19:00:00",21,17,78,0,NA,200,39,NA,1007,NA,1,2024-11-24 19:00:00,100.7,10.2685804
"2781",573,"2024-11-24 20:00:00",20,17,83,0,NA,190,29.5,NA,1006,NA,3,2024-11-24 20:00:00,100.6,10.2583832
"2782",574,"2024-11-24 21:00:00",20,16,78,0,NA,210,27.7,NA,1008,NA,3,2024-11-24 21:00:00,100.8,10.2787776
"2783",575,"2024-11-24 22:00:00",19,17,88,0,NA,190,33,NA,1008,NA,3,2024-11-24 22:00:00,100.8,10.2787776
"2784",576,"2024-11-24 23:00:00",18,17,94,0,NA,200,24.1,NA,1009,NA,1,2024-11-24 23:00:00,100.9,10.2889748
"2785",577,"2024-11-25 00:00:00",18,18,100,0,NA,200,14.8,NA,1009,NA,1,2024-11-25,100.9,10.2889748
"2786",578,"2024-11-25 01:00:00",18,18,100,0,NA,190,22.3,NA,1010,NA,1,2024-11-25 01:00:00,101,10.299172
"2787",579,"2024-11-25 02:00:00",17.3,13.8,80,0,NA,206,25.2,NA,1007.9,NA,1,2024-11-25 02:00:00,100.79,10.27775788
"2788",580,"2024-11-25 03:00:00",17.2,13.9,81,0,NA,206,24.1,NA,1008.4,NA,1,2024-11-25 03:00:00,100.84,10.28285648
"2789",581,"2024-11-25 04:00:00",17.1,14,82,0,NA,207,24.5,NA,1008.7,NA,3,2024-11-25 04:00:00,100.87,10.28591564
"2790",582,"2024-11-25 05:00:00",17,13.9,82,0,NA,212,23.8,NA,1008.9,NA,3,2024-11-25 05:00:00,100.89,10.28795508
"2791",583,"2024-11-25 06:00:00",16.6,13.7,83,0,NA,220,21.6,NA,1009.2,NA,3,2024-11-25 06:00:00,100.92,10.29101424
"2792",584,"2024-11-25 07:00:00",16.2,13.7,85,0,NA,214,21.2,NA,1009.1,NA,3,2024-11-25 07:00:00,100.91,10.28999452
"2793",585,"2024-11-25 08:00:00",15.7,13.5,87,0,NA,225,18.7,NA,1009.3,NA,3,2024-11-25 08:00:00,100.93,10.29203396
"2794",586,"2024-11-25 09:00:00",15.1,13.6,91,0,NA,232,15.8,NA,1010.1,NA,1,2024-11-25 09:00:00,101.01,10.30019172
"2795",587,"2024-11-25 10:00:00",14.3,13.2,93,0,NA,233,11.9,NA,1010.3,NA,1,2024-11-25 10:00:00,101.03,10.30223116
"2796",588,"2024-11-25 11:00:00",16,16,100,0,NA,300,11.2,NA,1012,NA,3,2024-11-25 11:00:00,101.2,10.3195664
"2797",589,"2024-11-25 12:00:00",15,15,100,0,NA,300,15,NA,1013,NA,3,2024-11-25 12:00:00,101.3,10.3297636
"2798",590,"2024-11-25 13:00:00",12,12,100,0,NA,330,30,NA,1015,NA,3,2024-11-25 13:00:00,101.5,10.350158
"2799",591,"2024-11-25 14:00:00",8,8,100,0,NA,330,28,NA,1017,NA,3,2024-11-25 14:00:00,101.7,10.3705524
"2800",592,"2024-11-25 15:00:00",7,7,100,0,NA,330,18.4,NA,1018,NA,3,2024-11-25 15:00:00,101.8,10.3807496
"2801",593,"2024-11-25 16:00:00",8,8,100,0,NA,320,17,NA,1019,NA,3,2024-11-25 16:00:00,101.9,10.3909468
"2802",594,"2024-11-25 17:00:00",8,8,100,0,NA,330,19,NA,1019,NA,3,2024-11-25 17:00:00,101.9,10.3909468
"2803",595,"2024-11-25 18:00:00",8,8,100,0,NA,320,22,NA,1020,NA,3,2024-11-25 18:00:00,102,10.401144
"2804",596,"2024-11-25 19:00:00",7,7,100,0,NA,320,29.5,NA,1021,NA,3,2024-11-25 19:00:00,102.1,10.4113412
"2805",597,"2024-11-25 20:00:00",7,5.9,93,0,NA,320,18.4,NA,1022,NA,3,2024-11-25 20:00:00,102.2,10.4215384
"2806",598,"2024-11-25 21:00:00",7,5.9,93,0,NA,330,22.3,NA,1023,NA,3,2024-11-25 21:00:00,102.3,10.4317356
"2807",599,"2024-11-25 22:00:00",7,5,87,0,NA,330,14.8,NA,1023,NA,3,2024-11-25 22:00:00,102.3,10.4317356
"2808",600,"2024-11-25 23:00:00",6,5,93,0,NA,330,9,NA,1024,NA,3,2024-11-25 23:00:00,102.4,10.4419328
"2809",601,"2024-11-26 00:00:00",5,5,100,0,NA,340,7.6,NA,1025,NA,1,2024-11-26,102.5,10.45213
"2810",602,"2024-11-26 01:00:00",4,4,100,0,NA,340,13,NA,1026,NA,1,2024-11-26 01:00:00,102.6,10.4623272
"2811",603,"2024-11-26 02:00:00",4,2,87,0,NA,350,13,NA,1026,NA,3,2024-11-26 02:00:00,102.6,10.4623272
"2812",604,"2024-11-26 03:00:00",3.3,-3.3,62,0,NA,354,15.5,NA,1027.6,NA,1,2024-11-26 03:00:00,102.76,10.47864272
"2813",605,"2024-11-26 04:00:00",2.6,-4,62,0,NA,358,13.7,NA,1028.4,NA,3,2024-11-26 04:00:00,102.84,10.48680048
"2814",606,"2024-11-26 05:00:00",1.9,-4.4,63,0,NA,359,13,NA,1028.6,NA,3,2024-11-26 05:00:00,102.86,10.48883992
"2815",607,"2024-11-26 06:00:00",1.4,-4.9,63,0,NA,2,11.9,NA,1028.7,NA,3,2024-11-26 06:00:00,102.87,10.48985964
"2816",608,"2024-11-26 07:00:00",1.1,-5.2,63,0,NA,7,11.9,NA,1028.6,NA,3,2024-11-26 07:00:00,102.86,10.48883992
"2817",609,"2024-11-26 08:00:00",0,-4.6,71,0,NA,22,7.9,NA,1028.7,NA,2,2024-11-26 08:00:00,102.87,10.48985964
"2818",610,"2024-11-26 09:00:00",0,-4.1,74,0,NA,33,5.8,NA,1028.4,NA,3,2024-11-26 09:00:00,102.84,10.48680048
"2819",611,"2024-11-26 10:00:00",-0.8,-3.8,80,0,NA,49,5.4,NA,1028,NA,1,2024-11-26 10:00:00,102.8,10.4827216
"2820",612,"2024-11-26 11:00:00",-2,-2,100,0,NA,0,0,NA,1026,NA,1,2024-11-26 11:00:00,102.6,10.4623272
"2821",613,"2024-11-26 12:00:00",-2,-2,100,0,NA,120,5.4,NA,1026,NA,1,2024-11-26 12:00:00,102.6,10.4623272
"2822",614,"2024-11-26 13:00:00",-1,-1,100,0,NA,90,10.1,NA,1026,NA,3,2024-11-26 13:00:00,102.6,10.4623272
"2823",615,"2024-11-26 14:00:00",1,-2.1,80,0,NA,100,9.4,NA,1026,NA,3,2024-11-26 14:00:00,102.6,10.4623272
"2824",616,"2024-11-26 15:00:00",3,-2.9,65,0,NA,100,7.6,NA,1026,NA,2,2024-11-26 15:00:00,102.6,10.4623272
"2825",617,"2024-11-26 16:00:00",7,-1.9,53,0,NA,130,13,NA,1024,NA,3,2024-11-26 16:00:00,102.4,10.4419328
"2826",618,"2024-11-26 17:00:00",10,-1.1,46,0,NA,110,11.2,NA,1023,NA,3,2024-11-26 17:00:00,102.3,10.4317356
"2827",619,"2024-11-26 18:00:00",12,-0.9,41,0,NA,220,11.2,NA,1022,NA,2,2024-11-26 18:00:00,102.2,10.4215384
"2828",620,"2024-11-26 19:00:00",14,-0.8,36,0,NA,210,9,NA,1020,NA,3,2024-11-26 19:00:00,102,10.401144
"2829",621,"2024-11-26 20:00:00",14,-3.8,29,0,NA,150,16.6,NA,1019,NA,1,2024-11-26 20:00:00,101.9,10.3909468
"2830",622,"2024-11-26 21:00:00",13,-6.1,26,0,NA,170,18.4,NA,1018,NA,1,2024-11-26 21:00:00,101.8,10.3807496
"2831",623,"2024-11-26 22:00:00",12,-5.1,30,0,NA,160,11.2,NA,1018,NA,3,2024-11-26 22:00:00,101.8,10.3807496
"2832",624,"2024-11-26 23:00:00",9,-3.9,40,0,NA,160,9,NA,1017,NA,3,2024-11-26 23:00:00,101.7,10.3705524
"2833",625,"2024-11-27 00:00:00",9,-2.9,43,0,NA,140,7.6,NA,1017,NA,3,2024-11-27,101.7,10.3705524
"2834",626,"2024-11-27 01:00:00",8,-2.1,49,0,NA,130,9.4,NA,1016,NA,3,2024-11-27 01:00:00,101.6,10.3603552
"2835",627,"2024-11-27 02:00:00",8,-1,53,0,NA,110,5.4,NA,1015,NA,3,2024-11-27 02:00:00,101.5,10.350158
"2836",628,"2024-11-27 03:00:00",7,-2.5,51,0,NA,165,15.8,NA,1016.2,NA,3,2024-11-27 03:00:00,101.62,10.36239464
"2837",629,"2024-11-27 04:00:00",6.9,-2,53,0,NA,174,16.2,NA,1015.8,NA,3,2024-11-27 04:00:00,101.58,10.35831576
"2838",630,"2024-11-27 05:00:00",6.4,-1.7,56,0,NA,183,14.4,NA,1015.4,NA,3,2024-11-27 05:00:00,101.54,10.35423688
"2839",631,"2024-11-27 06:00:00",6.4,-1.3,58,0,NA,188,15.8,NA,1014.9,NA,3,2024-11-27 06:00:00,101.49,10.34913828
"2840",632,"2024-11-27 07:00:00",6.4,-0.4,62,0,NA,188,15.1,NA,1013.8,NA,3,2024-11-27 07:00:00,101.38,10.33792136
"2841",633,"2024-11-27 08:00:00",6.6,0.7,66,0,NA,185,14.8,NA,1013.1,NA,3,2024-11-27 08:00:00,101.31,10.33078332
"2842",634,"2024-11-27 09:00:00",6.7,1.4,69,0,NA,178,15.1,NA,1012.4,NA,3,2024-11-27 09:00:00,101.24,10.32364528
"2843",635,"2024-11-27 10:00:00",6.6,1.7,71,0,NA,168,11.2,NA,1011.2,NA,3,2024-11-27 10:00:00,101.12,10.31140864
"2844",636,"2024-11-27 11:00:00",6,5,93,0,NA,110,13,NA,1009,NA,3,2024-11-27 11:00:00,100.9,10.2889748
"2845",637,"2024-11-27 12:00:00",6,6,100,0,NA,100,11.2,NA,1009,NA,3,2024-11-27 12:00:00,100.9,10.2889748
"2846",638,"2024-11-27 13:00:00",6,6,100,0,NA,90,7,NA,1009,NA,3,2024-11-27 13:00:00,100.9,10.2889748
"2847",639,"2024-11-27 14:00:00",8,8,100,0,NA,110,9.4,NA,1008,NA,1,2024-11-27 14:00:00,100.8,10.2787776
"2848",640,"2024-11-27 15:00:00",9.5,5.5,76,0,NA,158,12.2,NA,1008.8,NA,3,2024-11-27 15:00:00,100.88,10.28693536
"2849",641,"2024-11-27 16:00:00",13,12.1,94,0,NA,140,9.4,NA,1007,NA,3,2024-11-27 16:00:00,100.7,10.2685804
"2850",642,"2024-11-27 17:00:00",12,12,100,0,NA,90,7.6,NA,1005,NA,3,2024-11-27 17:00:00,100.5,10.248186
"2851",643,"2024-11-27 18:00:00",13,13,100,0,NA,214,16.6,NA,1005,NA,3,2024-11-27 18:00:00,100.5,10.248186
"2852",644,"2024-11-27 19:00:00",13,13,100,0,NA,0,0,NA,1004,NA,3,2024-11-27 19:00:00,100.4,10.2379888
"2853",645,"2024-11-27 20:00:00",12,12,100,0,NA,0,0,NA,1005,NA,3,2024-11-27 20:00:00,100.5,10.248186
"2854",646,"2024-11-27 21:00:00",12,12,100,0,NA,320,13,NA,1006,NA,3,2024-11-27 21:00:00,100.6,10.2583832
"2855",647,"2024-11-27 22:00:00",9,9,100,0,NA,360,13,NA,1008,NA,5,2024-11-27 22:00:00,100.8,10.2787776
"2856",648,"2024-11-27 23:00:00",8,8,100,0,NA,350,13,NA,1010,NA,5,2024-11-27 23:00:00,101,10.299172
"2857",649,"2024-11-28 00:00:00",8,8,100,0.1,NA,330,18.4,NA,1011,NA,7,2024-11-28,101.1,10.3093692
"2858",650,"2024-11-28 01:00:00",7,7,100,0.2,NA,330,20.5,NA,1013,NA,7,2024-11-28 01:00:00,101.3,10.3297636
"2859",651,"2024-11-28 02:00:00",6,6,100,0,NA,340,24.1,NA,1014,NA,3,2024-11-28 02:00:00,101.4,10.3399608
"2860",652,"2024-11-28 03:00:00",6.2,1.5,72,0,NA,352,19.4,NA,1014.4,NA,3,2024-11-28 03:00:00,101.44,10.34403968
"2861",653,"2024-11-28 04:00:00",4.8,1.8,81,0,NA,344,17.6,NA,1015.9,NA,3,2024-11-28 04:00:00,101.59,10.35933548
"2862",654,"2024-11-28 05:00:00",4.1,2,86,0,NA,336,17.3,NA,1016.8,NA,3,2024-11-28 05:00:00,101.68,10.36851296
"2863",655,"2024-11-28 06:00:00",4.9,2.8,86,0,NA,336,21.2,NA,1017.5,NA,3,2024-11-28 06:00:00,101.75,10.375651
"2864",656,"2024-11-28 07:00:00",4.6,2.5,86,0,NA,330,22,NA,1018.2,NA,3,2024-11-28 07:00:00,101.82,10.38278904
"2865",657,"2024-11-28 08:00:00",3.8,0.7,80,0,NA,336,18.7,NA,1018.8,NA,3,2024-11-28 08:00:00,101.88,10.38890736
"2866",658,"2024-11-28 09:00:00",3,-0.6,77,0,NA,339,18.7,NA,1019.8,NA,3,2024-11-28 09:00:00,101.98,10.39910456
"2867",659,"2024-11-28 10:00:00",2.1,-1.2,79,0,NA,347,19.1,NA,1020.1,NA,3,2024-11-28 10:00:00,102.01,10.40216372
"2868",660,"2024-11-28 11:00:00",2,2,100,0,NA,330,20.5,NA,1019,NA,3,2024-11-28 11:00:00,101.9,10.3909468
"2869",661,"2024-11-28 12:00:00",2,2,100,0,NA,340,14.8,NA,1021,NA,3,2024-11-28 12:00:00,102.1,10.4113412
"2870",662,"2024-11-28 13:00:00",1,1,100,0,NA,330,15,NA,1022,NA,3,2024-11-28 13:00:00,102.2,10.4215384
"2871",663,"2024-11-28 14:00:00",1,1,100,0,NA,320,13,NA,1023,NA,3,2024-11-28 14:00:00,102.3,10.4317356
"2872",664,"2024-11-28 15:00:00",1,1,100,0,NA,320,14.8,NA,1024,NA,3,2024-11-28 15:00:00,102.4,10.4419328
"2873",665,"2024-11-28 16:00:00",1,1,100,0,NA,350,13,NA,1024,NA,2,2024-11-28 16:00:00,102.4,10.4419328
"2874",666,"2024-11-28 17:00:00",1,1,100,0,NA,290,16.6,NA,1024,NA,3,2024-11-28 17:00:00,102.4,10.4419328
"2875",667,"2024-11-28 18:00:00",3,1,87,0,NA,310,14.8,NA,1024.8,NA,3,2024-11-28 18:00:00,102.48,10.45009056
"2876",668,"2024-11-28 19:00:00",4,-1,70,0,NA,320,17,NA,1023,NA,3,2024-11-28 19:00:00,102.3,10.4317356
"2877",669,"2024-11-28 20:00:00",5,-1,65,0,NA,330,13,NA,1023,NA,1,2024-11-28 20:00:00,102.3,10.4317356
"2878",670,"2024-11-28 21:00:00",5,-1.9,61,0,NA,330,14.8,NA,1023,NA,1,2024-11-28 21:00:00,102.3,10.4317356
"2879",671,"2024-11-28 22:00:00",4,-2,65,0,NA,330,15,NA,1023,NA,1,2024-11-28 22:00:00,102.3,10.4317356
"2880",672,"2024-11-28 23:00:00",2,-2,75,0,NA,320,11.2,NA,1024,NA,1,2024-11-28 23:00:00,102.4,10.4419328
"2881",673,"2024-11-29 00:00:00",1,-0.9,87,0,NA,310,9,NA,1025,NA,1,2024-11-29,102.5,10.45213
"2882",674,"2024-11-29 01:00:00",1,-0.9,87,0,NA,330,7.6,NA,1025,NA,1,2024-11-29 01:00:00,102.5,10.45213
"2883",675,"2024-11-29 02:00:00",0,-1,93,0,NA,330,5.4,NA,1025,NA,1,2024-11-29 02:00:00,102.5,10.45213
"2884",676,"2024-11-29 03:00:00",-0.6,-3.8,79,0,NA,356,6.5,NA,1027.9,NA,1,2024-11-29 03:00:00,102.79,10.48170188
"2885",677,"2024-11-29 04:00:00",-0.6,-4,78,0,NA,348,8.3,NA,1028.5,NA,1,2024-11-29 04:00:00,102.85,10.4878202
"2886",678,"2024-11-29 05:00:00",-1,-4.4,78,0,NA,349,7.9,NA,1028.9,NA,1,2024-11-29 05:00:00,102.89,10.49189908
"2887",679,"2024-11-29 06:00:00",-1.4,-4.4,80,0,NA,343,7.2,NA,1029.2,NA,1,2024-11-29 06:00:00,102.92,10.49495824
"2888",680,"2024-11-29 07:00:00",-1.5,-4.5,80,0,NA,342,7.6,NA,1029.2,NA,1,2024-11-29 07:00:00,102.92,10.49495824
"2889",681,"2024-11-29 08:00:00",-1.9,-4.7,81,0,NA,341,7.2,NA,1029,NA,1,2024-11-29 08:00:00,102.9,10.4929188
"2890",682,"2024-11-29 09:00:00",-2,-5,80,0,NA,338,7.6,NA,1029.4,NA,1,2024-11-29 09:00:00,102.94,10.49699768
"2891",683,"2024-11-29 10:00:00",-1.9,-5.1,79,0,NA,337,9,NA,1029.4,NA,1,2024-11-29 10:00:00,102.94,10.49699768
"2892",684,"2024-11-29 11:00:00",-4,-4,100,0,NA,0,0,NA,1028,NA,1,2024-11-29 11:00:00,102.8,10.4827216
"2893",685,"2024-11-29 12:00:00",-5,-5.2,82,0,NA,0,0,NA,1029,NA,1,2024-11-29 12:00:00,102.9,10.4929188
"2894",686,"2024-11-29 13:00:00",-4,-4,100,0,NA,5,8.3,NA,1030,NA,1,2024-11-29 13:00:00,103,10.503116
"2895",687,"2024-11-29 14:00:00",-1,-1,100,0,NA,0,0,NA,1030,NA,1,2024-11-29 14:00:00,103,10.503116
"2896",688,"2024-11-29 15:00:00",1,-0.9,87,0,NA,0,0,NA,1030,NA,1,2024-11-29 15:00:00,103,10.503116
"2897",689,"2024-11-29 16:00:00",4,-3.1,60,0,NA,10,7.6,NA,1030,NA,1,2024-11-29 16:00:00,103,10.503116
"2898",690,"2024-11-29 17:00:00",5,-4,52,0,NA,10,9,NA,1029,NA,1,2024-11-29 17:00:00,102.9,10.4929188
"2899",691,"2024-11-29 18:00:00",6,-3.9,49,0,NA,10,9.4,NA,1028,NA,1,2024-11-29 18:00:00,102.8,10.4827216
"2900",692,"2024-11-29 19:00:00",7,-3.8,46,0,NA,290,7.6,NA,1028,NA,1,2024-11-29 19:00:00,102.8,10.4827216
"2901",693,"2024-11-29 20:00:00",7,-3.8,46,0,NA,0,0,NA,1027,NA,1,2024-11-29 20:00:00,102.7,10.4725244
"2902",694,"2024-11-29 21:00:00",7,-3.8,46,0,NA,0,0,NA,1027,NA,1,2024-11-29 21:00:00,102.7,10.4725244
"2903",695,"2024-11-29 22:00:00",6,-3.9,49,0,NA,228,3.6,NA,1026,NA,1,2024-11-29 22:00:00,102.6,10.4623272
"2904",696,"2024-11-29 23:00:00",4,-2,65,0,NA,0,0,NA,1026,NA,1,2024-11-29 23:00:00,102.6,10.4623272
"2905",697,"2024-11-30 00:00:00",2,-2.9,70,0,NA,160,5.4,NA,1025,NA,1,2024-11-30,102.5,10.45213
"2906",698,"2024-11-30 01:00:00",1,-2.9,75,0,NA,166,8.3,NA,1026,NA,1,2024-11-30 01:00:00,102.6,10.4623272
"2907",699,"2024-11-30 02:00:00",0,-1,93,0,NA,0,0,NA,1026,NA,1,2024-11-30 02:00:00,102.6,10.4623272
"2908",700,"2024-11-30 03:00:00",0.5,-3.6,74,0,NA,168,9.4,NA,1027.2,NA,1,2024-11-30 03:00:00,102.72,10.47456384
"2909",701,"2024-11-30 04:00:00",0.3,-4,73,0,NA,178,10.4,NA,1027.2,NA,1,2024-11-30 04:00:00,102.72,10.47456384
"2910",702,"2024-11-30 05:00:00",0.2,-3.7,75,0,NA,179,11.5,NA,1026.9,NA,1,2024-11-30 05:00:00,102.69,10.47150468
"2911",703,"2024-11-30 06:00:00",0.5,-3.1,77,0,NA,187,11.2,NA,1026.6,NA,1,2024-11-30 06:00:00,102.66,10.46844552
"2912",704,"2024-11-30 07:00:00",0.8,-3.3,74,0,NA,190,11.5,NA,1026.4,NA,3,2024-11-30 07:00:00,102.64,10.46640608
"2913",705,"2024-11-30 08:00:00",1.9,-4.2,64,0,NA,197,14,NA,1025.3,NA,2,2024-11-30 08:00:00,102.53,10.45518916
"2914",706,"2024-11-30 09:00:00",2,-3.9,65,0,NA,200,15.1,NA,1025.3,NA,1,2024-11-30 09:00:00,102.53,10.45518916
"2915",707,"2024-11-30 10:00:00",1.9,-3.6,67,0,NA,202,15.8,NA,1025,NA,1,2024-11-30 10:00:00,102.5,10.45213
"2916",708,"2024-11-30 11:00:00",2,0.1,87,0,NA,190,14.8,NA,1024,NA,1,2024-11-30 11:00:00,102.4,10.4419328
"2917",709,"2024-11-30 12:00:00",3,1,87,0,NA,200,11,NA,1024,NA,1,2024-11-30 12:00:00,102.4,10.4419328
"2918",710,"2024-11-30 13:00:00",3,1,87,0,NA,200,13,NA,1024,NA,1,2024-11-30 13:00:00,102.4,10.4419328
"2919",711,"2024-11-30 14:00:00",5,0,70,0,NA,200,22,NA,1024,NA,1,2024-11-30 14:00:00,102.4,10.4419328
"2920",712,"2024-11-30 15:00:00",7,-0.9,57,0,NA,210,24.1,NA,1023,NA,3,2024-11-30 15:00:00,102.3,10.4317356
"2921",713,"2024-11-30 16:00:00",8,-5.1,39,0,NA,200,30,NA,1023,NA,3,2024-11-30 16:00:00,102.3,10.4317356
"2922",714,"2024-11-30 17:00:00",9,-6,34,0,NA,190,25.9,NA,1022,NA,3,2024-11-30 17:00:00,102.2,10.4215384
"2923",715,"2024-11-30 18:00:00",10,-6.8,30,0,NA,220,32,NA,1021,NA,1,2024-11-30 18:00:00,102.1,10.4113412
"2924",716,"2024-11-30 19:00:00",10,-5.2,34,0,NA,230,20.5,NA,1020,NA,1,2024-11-30 19:00:00,102,10.401144
"2925",717,"2024-11-30 20:00:00",8.9,-2.7,44,0,NA,235,22.7,NA,1020.5,NA,1,2024-11-30 20:00:00,102.05,10.4062426
"2926",718,"2024-11-30 21:00:00",9,-1.7,47,0,NA,249,22.3,NA,1020.7,NA,1,2024-11-30 21:00:00,102.07,10.40828204
"2927",719,"2024-11-30 22:00:00",8.5,-1.3,50,0,NA,268,17.6,NA,1021,NA,1,2024-11-30 22:00:00,102.1,10.4113412
"2928",720,"2024-11-30 23:00:00",6.9,-0.8,58,0,NA,284,11.2,NA,1021.8,NA,3,2024-11-30 23:00:00,102.18,10.41949896
"2929",1,"2024-12-01 00:00:00",4.6,-0.4,70,0,NA,292,7.9,NA,1021.7,NA,1,2024-12-01,102.17,10.41847924
"2930",2,"2024-12-01 01:00:00",4,0,75,0,NA,311,7.2,NA,1022.1,NA,2,2024-12-01 01:00:00,102.21,10.42255812
"2931",3,"2024-12-01 02:00:00",3,-0.3,79,0,NA,326,6.8,NA,1022.5,NA,1,2024-12-01 02:00:00,102.25,10.426637
"2932",4,"2024-12-01 03:00:00",2.3,-0.6,81,0,NA,330,6.8,NA,1023,NA,1,2024-12-01 03:00:00,102.3,10.4317356
"2933",5,"2024-12-01 04:00:00",1.9,-0.7,83,0,NA,337,10.1,NA,1023.7,NA,1,2024-12-01 04:00:00,102.37,10.43887364
"2934",6,"2024-12-01 05:00:00",1.4,-0.2,89,0,NA,13,9.7,NA,1024.7,NA,3,2024-12-01 05:00:00,102.47,10.44907084
"2935",7,"2024-12-01 06:00:00",0.6,-0.6,92,0,NA,1,9.4,NA,1025.4,NA,1,2024-12-01 06:00:00,102.54,10.45620888
"2936",8,"2024-12-01 07:00:00",0,-0.9,94,0,NA,354,9,NA,1026.2,NA,3,2024-12-01 07:00:00,102.62,10.46436664
"2937",9,"2024-12-01 08:00:00",0.5,-0.4,94,0,NA,358,8.6,NA,1026.5,NA,3,2024-12-01 08:00:00,102.65,10.4674258
"2938",10,"2024-12-01 09:00:00",0.2,-0.4,96,0,NA,7,9.4,NA,1026.7,NA,3,2024-12-01 09:00:00,102.67,10.46946524
"2939",11,"2024-12-01 10:00:00",0,-0.6,96,0,NA,10,10.4,NA,1026.9,NA,3,2024-12-01 10:00:00,102.69,10.47150468
"2940",12,"2024-12-01 11:00:00",-1,0,100,0,NA,360,11.2,NA,1026,NA,5,2024-12-01 11:00:00,102.6,10.4623272
"2941",13,"2024-12-01 12:00:00",-1,-1,100,0,NA,40,7,NA,1026,NA,5,2024-12-01 12:00:00,102.6,10.4623272
"2942",14,"2024-12-01 13:00:00",-1,-1,100,0,NA,340,5.4,NA,1026,NA,5,2024-12-01 13:00:00,102.6,10.4623272
"2943",15,"2024-12-01 14:00:00",0,0,100,0,NA,30,7.6,NA,1027,NA,5,2024-12-01 14:00:00,102.7,10.4725244
"2944",16,"2024-12-01 15:00:00",1,1,100,0,NA,0,0,NA,1028,NA,5,2024-12-01 15:00:00,102.8,10.4827216
"2945",17,"2024-12-01 16:00:00",1,1,100,0,NA,40,5.4,NA,1028,NA,5,2024-12-01 16:00:00,102.8,10.4827216
"2946",18,"2024-12-01 17:00:00",4,4,100,0,NA,100,7,NA,1027,NA,3,2024-12-01 17:00:00,102.7,10.4725244
"2947",19,"2024-12-01 18:00:00",5,4,93,0,NA,90,7.6,NA,1027,NA,1,2024-12-01 18:00:00,102.7,10.4725244
"2948",20,"2024-12-01 19:00:00",7,3.1,76,0,NA,15,5.8,NA,1026,NA,1,2024-12-01 19:00:00,102.6,10.4623272
"2949",21,"2024-12-01 20:00:00",8,2,66,0,NA,0,0,NA,1026,NA,1,2024-12-01 20:00:00,102.6,10.4623272
"2950",22,"2024-12-01 21:00:00",8,3.1,71,0,NA,40,13,NA,1026,NA,1,2024-12-01 21:00:00,102.6,10.4623272
"2951",23,"2024-12-01 22:00:00",6,2.1,76,0,NA,20,11.2,NA,1027,NA,1,2024-12-01 22:00:00,102.7,10.4725244
"2952",24,"2024-12-01 23:00:00",4,2,87,0,NA,20,6.1,NA,1027,NA,1,2024-12-01 23:00:00,102.7,10.4725244
"2953",25,"2024-12-02 00:00:00",3,2,93,0,NA,40,5.4,NA,1027,NA,1,2024-12-02,102.7,10.4725244
"2954",26,"2024-12-02 01:00:00",3,2,93,0,NA,0,0,NA,1027,NA,1,2024-12-02 01:00:00,102.7,10.4725244
"2955",27,"2024-12-02 02:00:00",2,2,100,0,NA,0,0,NA,1028,NA,1,2024-12-02 02:00:00,102.8,10.4827216
"2956",28,"2024-12-02 03:00:00",1,-0.8,88,0,NA,84,6.5,NA,1029.4,NA,1,2024-12-02 03:00:00,102.94,10.49699768
"2957",29,"2024-12-02 04:00:00",0.2,-1.1,91,0,NA,111,6.5,NA,1029.6,NA,1,2024-12-02 04:00:00,102.96,10.49903712
"2958",30,"2024-12-02 05:00:00",-0.3,-1.4,92,0,NA,108,6.1,NA,1029.6,NA,1,2024-12-02 05:00:00,102.96,10.49903712
"2959",31,"2024-12-02 06:00:00",-0.7,-2,91,0,NA,127,5.8,NA,1029.4,NA,1,2024-12-02 06:00:00,102.94,10.49699768
"2960",32,"2024-12-02 07:00:00",-1.3,-2.4,92,0,NA,143,5.4,NA,1029.1,NA,1,2024-12-02 07:00:00,102.91,10.49393852
"2961",33,"2024-12-02 08:00:00",-1.5,-2.6,92,0,NA,172,6.1,NA,1028.7,NA,1,2024-12-02 08:00:00,102.87,10.48985964
"2962",34,"2024-12-02 09:00:00",-1.1,-2.5,90,0,NA,208,7.6,NA,1028.9,NA,1,2024-12-02 09:00:00,102.89,10.49189908
"2963",35,"2024-12-02 10:00:00",-0.7,-2.4,88,0,NA,240,7.2,NA,1029.2,NA,1,2024-12-02 10:00:00,102.92,10.49495824
"2964",36,"2024-12-02 11:00:00",-3,-3,100,0,NA,0,0,NA,1028,NA,1,2024-12-02 11:00:00,102.8,10.4827216
"2965",37,"2024-12-02 12:00:00",-3,-3,100,0,NA,257,6.8,NA,1028,NA,1,2024-12-02 12:00:00,102.8,10.4827216
"2966",38,"2024-12-02 13:00:00",-1,-1,100,0,NA,0,0,NA,1030,NA,1,2024-12-02 13:00:00,103,10.503116
"2967",39,"2024-12-02 14:00:00",5,4,93,0,NA,290,13,NA,1030,NA,1,2024-12-02 14:00:00,103,10.503116
"2968",40,"2024-12-02 15:00:00",5,3,87,0,NA,280,13,NA,1030,NA,1,2024-12-02 15:00:00,103,10.503116
"2969",41,"2024-12-02 16:00:00",7,4,81,0,NA,270,9,NA,1030,NA,1,2024-12-02 16:00:00,103,10.503116
"2970",42,"2024-12-02 17:00:00",9,4,71,0,NA,270,15,NA,1029,NA,1,2024-12-02 17:00:00,102.9,10.4929188
"2971",43,"2024-12-02 18:00:00",10,2.1,58,0,NA,320,20,NA,1029,NA,1,2024-12-02 18:00:00,102.9,10.4929188
"2972",44,"2024-12-02 19:00:00",10,0,50,0,NA,300,22.3,NA,1029,NA,1,2024-12-02 19:00:00,102.9,10.4929188
"2973",45,"2024-12-02 20:00:00",9,0.9,57,0,NA,310,25.9,NA,1029,NA,1,2024-12-02 20:00:00,102.9,10.4929188
"2974",46,"2024-12-02 21:00:00",8,-1,53,0,NA,310,18.4,NA,1030,NA,1,2024-12-02 21:00:00,103,10.503116
"2975",47,"2024-12-02 22:00:00",6,-1.9,57,0,NA,340,15,NA,1031,NA,1,2024-12-02 22:00:00,103.1,10.5133132
"2976",48,"2024-12-02 23:00:00",2,-2.9,70,0,NA,360,14.8,NA,1032,NA,1,2024-12-02 23:00:00,103.2,10.5235104
"2977",49,"2024-12-03 00:00:00",1,-2.9,75,0,NA,20,18.4,NA,1032,NA,1,2024-12-03,103.2,10.5235104
"2978",50,"2024-12-03 01:00:00",0,-3.9,75,0,NA,20,13,NA,1033,NA,1,2024-12-03 01:00:00,103.3,10.5337076
"2979",51,"2024-12-03 02:00:00",0,-3.9,75,0,NA,30,11.2,NA,1033,NA,1,2024-12-03 02:00:00,103.3,10.5337076
"2980",52,"2024-12-03 03:00:00",-1.8,-6.7,69,0,NA,36,13,NA,1036.1,NA,1,2024-12-03 03:00:00,103.61,10.56531892
"2981",53,"2024-12-03 04:00:00",-2.3,-6.7,72,0,NA,42,10.8,NA,1036.5,NA,1,2024-12-03 04:00:00,103.65,10.5693978
"2982",54,"2024-12-03 05:00:00",-2.7,-6.3,76,0,NA,53,9.7,NA,1036.9,NA,1,2024-12-03 05:00:00,103.69,10.57347668
"2983",55,"2024-12-03 06:00:00",-3,-6.5,77,0,NA,63,10.1,NA,1037.2,NA,1,2024-12-03 06:00:00,103.72,10.57653584
"2984",56,"2024-12-03 07:00:00",-3,-6.3,78,0,NA,64,9,NA,1036.9,NA,1,2024-12-03 07:00:00,103.69,10.57347668
"2985",57,"2024-12-03 08:00:00",-3.3,-6.4,79,0,NA,71,9,NA,1036.9,NA,1,2024-12-03 08:00:00,103.69,10.57347668
"2986",58,"2024-12-03 09:00:00",-3.6,-6.7,79,0,NA,78,9.7,NA,1037.1,NA,1,2024-12-03 09:00:00,103.71,10.57551612
"2987",59,"2024-12-03 10:00:00",-3.9,-6.8,80,0,NA,82,9.7,NA,1037,NA,1,2024-12-03 10:00:00,103.7,10.5744964
"2988",60,"2024-12-03 11:00:00",-4,-5,93,0,NA,110,9.4,NA,1034,NA,1,2024-12-03 11:00:00,103.4,10.5439048
"2989",61,"2024-12-03 12:00:00",-5,-5,100,0,NA,90,9,NA,1034,NA,1,2024-12-03 12:00:00,103.4,10.5439048
"2990",62,"2024-12-03 13:00:00",-4,-4,100,0,NA,90,7.6,NA,1035,NA,1,2024-12-03 13:00:00,103.5,10.554102
"2991",63,"2024-12-03 14:00:00",-2,-5,80,0,NA,130,9.4,NA,1035,NA,1,2024-12-03 14:00:00,103.5,10.554102
"2992",64,"2024-12-03 15:00:00",0,-3.9,75,0,NA,170,5.4,NA,1035,NA,1,2024-12-03 15:00:00,103.5,10.554102
"2993",65,"2024-12-03 16:00:00",2,-3.9,65,0,NA,160,11,NA,1034,NA,1,2024-12-03 16:00:00,103.4,10.5439048
"2994",66,"2024-12-03 17:00:00",4,-4,56,0,NA,210,9.4,NA,1033,NA,1,2024-12-03 17:00:00,103.3,10.5337076
"2995",67,"2024-12-03 18:00:00",6,-5,45,0,NA,220,15,NA,1031,NA,1,2024-12-03 18:00:00,103.1,10.5133132
"2996",68,"2024-12-03 19:00:00",7,-5.1,42,0,NA,220,14.8,NA,1030,NA,1,2024-12-03 19:00:00,103,10.503116
"2997",69,"2024-12-03 20:00:00",8,-2.9,46,0,NA,220,14.8,NA,1030,NA,1,2024-12-03 20:00:00,103,10.503116
"2998",70,"2024-12-03 21:00:00",7,-3,49,0,NA,210,11.2,NA,1028,NA,1,2024-12-03 21:00:00,102.8,10.4827216
"2999",71,"2024-12-03 22:00:00",6,-2.9,53,0,NA,190,15,NA,1028,NA,1,2024-12-03 22:00:00,102.8,10.4827216
"3000",72,"2024-12-03 23:00:00",6,-2.9,53,0,NA,180,14.8,NA,1027,NA,1,2024-12-03 23:00:00,102.7,10.4725244
"3001",73,"2024-12-04 00:00:00",5,-3.1,56,0,NA,170,11.2,NA,1027,NA,1,2024-12-04,102.7,10.4725244
"3002",74,"2024-12-04 01:00:00",4,-2,65,0,NA,160,9.4,NA,1026,NA,1,2024-12-04 01:00:00,102.6,10.4623272
"3003",75,"2024-12-04 02:00:00",5,-1,65,0,NA,200,18.4,NA,1026,NA,1,2024-12-04 02:00:00,102.6,10.4623272
"3004",76,"2024-12-04 03:00:00",3,-2.9,65,0,NA,197,20.9,NA,1027.3,NA,1,2024-12-04 03:00:00,102.73,10.47558356
"3005",77,"2024-12-04 04:00:00",3.3,-2.7,65,0,NA,200,21.6,NA,1027.2,NA,1,2024-12-04 04:00:00,102.72,10.47456384
"3006",78,"2024-12-04 05:00:00",3.2,-2.3,67,0,NA,205,21.2,NA,1027.1,NA,1,2024-12-04 05:00:00,102.71,10.47354412
"3007",79,"2024-12-04 06:00:00",2.9,-2,70,0,NA,208,20.9,NA,1026.6,NA,1,2024-12-04 06:00:00,102.66,10.46844552
"3008",80,"2024-12-04 07:00:00",2.9,-1.8,71,0,NA,212,21.2,NA,1026.1,NA,1,2024-12-04 07:00:00,102.61,10.46334692
"3009",81,"2024-12-04 08:00:00",4,-1.8,66,0,NA,217,22.3,NA,1024.7,NA,1,2024-12-04 08:00:00,102.47,10.44907084
"3010",82,"2024-12-04 09:00:00",4.1,-1.7,66,0,NA,219,22.7,NA,1024.4,NA,1,2024-12-04 09:00:00,102.44,10.44601168
"3011",83,"2024-12-04 10:00:00",4.3,-1.5,66,0,NA,220,22.3,NA,1023.6,NA,1,2024-12-04 10:00:00,102.36,10.43785392
"3012",84,"2024-12-04 11:00:00",6,2.1,76,0,NA,220,17,NA,1022,NA,3,2024-12-04 11:00:00,102.2,10.4215384
"3013",85,"2024-12-04 12:00:00",7,3.1,76,0,NA,210,16.6,NA,1022,NA,2,2024-12-04 12:00:00,102.2,10.4215384
"3014",86,"2024-12-04 13:00:00",8,3.1,71,0,NA,220,22.3,NA,1021,NA,1,2024-12-04 13:00:00,102.1,10.4113412
"3015",87,"2024-12-04 14:00:00",10,3.9,66,0,NA,220,22.3,NA,1021,NA,1,2024-12-04 14:00:00,102.1,10.4113412
"3016",88,"2024-12-04 15:00:00",10,3.9,66,0,NA,210,16.6,NA,1022,NA,1,2024-12-04 15:00:00,102.2,10.4215384
"3017",89,"2024-12-04 16:00:00",11,5.1,67,0,NA,220,19,NA,1021,NA,1,2024-12-04 16:00:00,102.1,10.4113412
"3018",90,"2024-12-04 17:00:00",14,5.1,55,0,NA,250,27.7,NA,1020,NA,1,2024-12-04 17:00:00,102,10.401144
"3019",91,"2024-12-04 18:00:00",15,7.1,59,0,NA,260,24,NA,1019,NA,1,2024-12-04 18:00:00,101.9,10.3909468
"3020",92,"2024-12-04 19:00:00",16,7,55,0,NA,260,22.3,NA,1018,NA,1,2024-12-04 19:00:00,101.8,10.3807496
"3021",93,"2024-12-04 20:00:00",16,8,59,0,NA,270,18.4,NA,1019,NA,1,2024-12-04 20:00:00,101.9,10.3909468
"3022",94,"2024-12-04 21:00:00",15,8,63,0,NA,267,21.6,NA,1018.4,NA,1,2024-12-04 21:00:00,101.84,10.38482848
"3023",95,"2024-12-04 22:00:00",14,7.1,63,0,NA,280,19,NA,1019,NA,1,2024-12-04 22:00:00,101.9,10.3909468
"3024",96,"2024-12-04 23:00:00",12,7.1,72,0,NA,0,0,NA,1019,NA,1,2024-12-04 23:00:00,101.9,10.3909468
"3025",97,"2024-12-05 00:00:00",11,5.9,71,0,NA,270,9.4,NA,1020,NA,1,2024-12-05,102,10.401144
"3026",98,"2024-12-05 01:00:00",10,6,76,0,NA,290,5.4,NA,1021,NA,1,2024-12-05 01:00:00,102.1,10.4113412
"3027",99,"2024-12-05 02:00:00",6,6,100,0,NA,0,0,NA,1022,NA,1,2024-12-05 02:00:00,102.2,10.4215384
"3028",100,"2024-12-05 03:00:00",6.8,3.4,79,0,NA,325,14.8,NA,1022.6,NA,1,2024-12-05 03:00:00,102.26,10.42765672
"3029",101,"2024-12-05 04:00:00",6.8,1.7,70,0,NA,336,14.4,NA,1023,NA,1,2024-12-05 04:00:00,102.3,10.4317356
"3030",102,"2024-12-05 05:00:00",6.7,0.8,66,0,NA,341,15.1,NA,1023.6,NA,1,2024-12-05 05:00:00,102.36,10.43785392
"3031",103,"2024-12-05 06:00:00",6.7,0.1,63,0,NA,345,18.4,NA,1024.8,NA,1,2024-12-05 06:00:00,102.48,10.45009056
"3032",104,"2024-12-05 07:00:00",5.5,-0.4,66,0,NA,355,19.1,NA,1025.8,NA,1,2024-12-05 07:00:00,102.58,10.46028776
"3033",105,"2024-12-05 08:00:00",4.2,-3.8,56,0,NA,359,21.6,NA,1026.6,NA,1,2024-12-05 08:00:00,102.66,10.46844552
"3034",106,"2024-12-05 09:00:00",2.5,-8.8,43,0,NA,1,20.9,NA,1027.8,NA,1,2024-12-05 09:00:00,102.78,10.48068216
"3035",107,"2024-12-05 10:00:00",2,-6.8,52,0,NA,5,19.8,NA,1028.3,NA,1,2024-12-05 10:00:00,102.83,10.48578076
"3036",108,"2024-12-05 11:00:00",1,-8,51,0,NA,360,18.4,NA,1028,NA,1,2024-12-05 11:00:00,102.8,10.4827216
"3037",109,"2024-12-05 12:00:00",-1,-10.9,47,0,NA,10,22,NA,1029,NA,1,2024-12-05 12:00:00,102.9,10.4929188
"3038",110,"2024-12-05 13:00:00",-1,-12,43,0,NA,10,18.4,NA,1030,NA,1,2024-12-05 13:00:00,103,10.503116
"3039",111,"2024-12-05 14:00:00",-1,-16,31,0,NA,10,22.3,NA,1031,NA,1,2024-12-05 14:00:00,103.1,10.5133132
"3040",112,"2024-12-05 15:00:00",0,-15.1,31,0,NA,350,22.3,NA,1031,NA,1,2024-12-05 15:00:00,103.1,10.5133132
"3041",113,"2024-12-05 16:00:00",-2.1,-13.9,40,0,NA,12,18.7,NA,1034,NA,1,2024-12-05 16:00:00,103.4,10.5439048
"3042",114,"2024-12-05 17:00:00",1,-13.9,32,0,NA,30,20.5,NA,1031,NA,1,2024-12-05 17:00:00,103.1,10.5133132
"3043",115,"2024-12-05 18:00:00",1,-13.9,32,0,NA,10,14.8,NA,1031,NA,1,2024-12-05 18:00:00,103.1,10.5133132
"3044",116,"2024-12-05 19:00:00",2,-11.9,35,0,NA,350,17,NA,1030,NA,1,2024-12-05 19:00:00,103,10.503116
"3045",117,"2024-12-05 20:00:00",2,-11.9,35,0,NA,30,20.5,NA,1030,NA,1,2024-12-05 20:00:00,103,10.503116
"3046",118,"2024-12-05 21:00:00",2,-11.9,35,0,NA,360,16.6,NA,1031,NA,1,2024-12-05 21:00:00,103.1,10.5133132
"3047",119,"2024-12-05 22:00:00",1,-12.1,37,0,NA,10,15,NA,1030,NA,1,2024-12-05 22:00:00,103,10.503116
"3048",120,"2024-12-05 23:00:00",-1,-10.9,47,0,NA,350,13,NA,1031,NA,1,2024-12-05 23:00:00,103.1,10.5133132
"3049",121,"2024-12-06 00:00:00",-1,-10.9,47,0,NA,360,13,NA,1031,NA,1,2024-12-06,103.1,10.5133132
"3050",122,"2024-12-06 01:00:00",-2,-11,50,0,NA,20,9.4,NA,1031,NA,1,2024-12-06 01:00:00,103.1,10.5133132
"3051",123,"2024-12-06 02:00:00",-3,-9.9,59,0,NA,20,9.4,NA,1031,NA,1,2024-12-06 02:00:00,103.1,10.5133132
"3052",124,"2024-12-06 03:00:00",-3.8,-10,62,0,NA,38,6.8,NA,1034.6,NA,1,2024-12-06 03:00:00,103.46,10.55002312
"3053",125,"2024-12-06 04:00:00",-4,-9.4,66,0,NA,65,6.5,NA,1034.6,NA,1,2024-12-06 04:00:00,103.46,10.55002312
"3054",126,"2024-12-06 05:00:00",-4.1,-9.3,67,0,NA,78,7.9,NA,1034.6,NA,1,2024-12-06 05:00:00,103.46,10.55002312
"3055",127,"2024-12-06 06:00:00",-4,-9.4,66,0,NA,78,8.6,NA,1034.5,NA,1,2024-12-06 06:00:00,103.45,10.5490034
"3056",128,"2024-12-06 07:00:00",-4.2,-9.4,67,0,NA,76,6.8,NA,1034.7,NA,1,2024-12-06 07:00:00,103.47,10.55104284
"3057",129,"2024-12-06 08:00:00",-4.5,-9.1,70,0,NA,93,5.8,NA,1034.5,NA,1,2024-12-06 08:00:00,103.45,10.5490034
"3058",130,"2024-12-06 09:00:00",-4.5,-9.1,70,0,NA,114,5.8,NA,1034.6,NA,1,2024-12-06 09:00:00,103.46,10.55002312
"3059",131,"2024-12-06 10:00:00",-4.6,-9.4,69,0,NA,102,7.2,NA,1034.1,NA,1,2024-12-06 10:00:00,103.41,10.54492452
"3060",132,"2024-12-06 11:00:00",-5,-10,68,0,NA,130,6,NA,1031,NA,1,2024-12-06 11:00:00,103.1,10.5133132
"3061",133,"2024-12-06 12:00:00",-5,-10,68,0,NA,150,5.4,NA,1032,NA,1,2024-12-06 12:00:00,103.2,10.5235104
"3062",134,"2024-12-06 13:00:00",-5,-8.9,74,0,NA,0,0,NA,1032,NA,1,2024-12-06 13:00:00,103.2,10.5235104
"3063",135,"2024-12-06 14:00:00",-3,-8.1,68,0,NA,170,5.4,NA,1032,NA,1,2024-12-06 14:00:00,103.2,10.5235104
"3064",136,"2024-12-06 15:00:00",0,-8,55,0,NA,200,9.4,NA,1032,NA,1,2024-12-06 15:00:00,103.2,10.5235104
"3065",137,"2024-12-06 16:00:00",3,-9,41,0,NA,220,7,NA,1032,NA,1,2024-12-06 16:00:00,103.2,10.5235104
"3066",138,"2024-12-06 17:00:00",5,-8.9,36,0,NA,230,7.6,NA,1031,NA,1,2024-12-06 17:00:00,103.1,10.5133132
"3067",139,"2024-12-06 18:00:00",7,-9.8,29,0,NA,210,11.2,NA,1029,NA,1,2024-12-06 18:00:00,102.9,10.4929188
"3068",140,"2024-12-06 19:00:00",8,-8.1,31,0,NA,220,14.8,NA,1028,NA,1,2024-12-06 19:00:00,102.8,10.4827216
"3069",141,"2024-12-06 20:00:00",8,-9,29,0,NA,220,11,NA,1027,NA,1,2024-12-06 20:00:00,102.7,10.4725244
"3070",142,"2024-12-06 21:00:00",9,-8.1,29,0,NA,210,9.4,NA,1027,NA,3,2024-12-06 21:00:00,102.7,10.4725244
"3071",143,"2024-12-06 22:00:00",7,-7.8,34,0,NA,220,9.4,NA,1027,NA,3,2024-12-06 22:00:00,102.7,10.4725244
"3072",144,"2024-12-06 23:00:00",6,-8,36,0,NA,220,7.6,NA,1027,NA,3,2024-12-06 23:00:00,102.7,10.4725244
"3073",145,"2024-12-07 00:00:00",4,-6.9,45,0,NA,220,7.6,NA,1027,NA,1,2024-12-07,102.7,10.4725244
"3074",146,"2024-12-07 01:00:00",3,-7,48,0,NA,170,7,NA,1027,NA,1,2024-12-07 01:00:00,102.7,10.4725244
"3075",147,"2024-12-07 02:00:00",2,-7.1,51,0,NA,0,0,NA,1027,NA,3,2024-12-07 02:00:00,102.7,10.4725244
"3076",148,"2024-12-07 03:00:00",-0.4,-7.7,58,0,NA,209,10.1,NA,1028.8,NA,2,2024-12-07 03:00:00,102.88,10.49087936
"3077",149,"2024-12-07 04:00:00",0.3,-7.5,56,0,NA,212,12.6,NA,1028.7,NA,3,2024-12-07 04:00:00,102.87,10.48985964
"3078",150,"2024-12-07 05:00:00",0.9,-7.4,54,0,NA,213,15.5,NA,1028.6,NA,3,2024-12-07 05:00:00,102.86,10.48883992
"3079",151,"2024-12-07 06:00:00",1.4,-7.1,53,0,NA,210,15.5,NA,1028.3,NA,3,2024-12-07 06:00:00,102.83,10.48578076
"3080",152,"2024-12-07 07:00:00",2.9,-6.3,51,0,NA,218,17.3,NA,1027.8,NA,3,2024-12-07 07:00:00,102.78,10.48068216
"3081",153,"2024-12-07 08:00:00",2.6,-6.5,51,0,NA,218,17.3,NA,1027.6,NA,1,2024-12-07 08:00:00,102.76,10.47864272
"3082",154,"2024-12-07 09:00:00",2.3,-6.8,51,0,NA,228,16.6,NA,1027.9,NA,1,2024-12-07 09:00:00,102.79,10.48170188
"3083",155,"2024-12-07 10:00:00",2.1,-6.7,52,0,NA,228,16.6,NA,1027.7,NA,1,2024-12-07 10:00:00,102.77,10.47966244
"3084",156,"2024-12-07 11:00:00",3,-5.9,52,0,NA,220,11.2,NA,1026,NA,1,2024-12-07 11:00:00,102.6,10.4623272
"3085",157,"2024-12-07 12:00:00",1,-5.1,64,0,NA,0,0,NA,1027.2,NA,1,2024-12-07 12:00:00,102.72,10.47456384
"3086",158,"2024-12-07 13:00:00",1.9,-6.4,54,0,NA,224,15.5,NA,1027.3,NA,1,2024-12-07 13:00:00,102.73,10.47558356
"3087",159,"2024-12-07 14:00:00",2.8,-5.8,53,0,NA,222,16.6,NA,1027.3,NA,1,2024-12-07 14:00:00,102.73,10.47558356
"3088",160,"2024-12-07 15:00:00",10,-3,40,0,NA,220,15,NA,1026,NA,1,2024-12-07 15:00:00,102.6,10.4623272
"3089",161,"2024-12-07 16:00:00",8.1,-3.1,45,0,NA,221,16.6,NA,1026.6,NA,1,2024-12-07 16:00:00,102.66,10.46844552
"3090",162,"2024-12-07 17:00:00",10.4,-2.3,41,0,NA,225,18,NA,1025.9,NA,1,2024-12-07 17:00:00,102.59,10.46130748
"3091",163,"2024-12-07 18:00:00",12,-2.6,36,0,NA,225,18.7,NA,1024.6,NA,1,2024-12-07 18:00:00,102.46,10.44805112
"3092",164,"2024-12-07 19:00:00",12.9,-2.6,34,0,NA,223,20.9,NA,1023.5,NA,1,2024-12-07 19:00:00,102.35,10.4368342
"3093",165,"2024-12-07 20:00:00",13.1,-2.4,34,0,NA,221,19.8,NA,1022.5,NA,1,2024-12-07 20:00:00,102.25,10.426637
"3094",166,"2024-12-07 21:00:00",12.9,-2.6,34,0,NA,216,19.1,NA,1021.7,NA,1,2024-12-07 21:00:00,102.17,10.41847924
"3095",167,"2024-12-07 22:00:00",11.8,-2.4,37,0,NA,213,17.3,NA,1021.4,NA,1,2024-12-07 22:00:00,102.14,10.41542008
"3096",168,"2024-12-07 23:00:00",9.6,-3,41,0,NA,211,16.6,NA,1021.3,NA,1,2024-12-07 23:00:00,102.13,10.41440036
"3097",169,"2024-12-08 00:00:00",8.2,-2.7,46,0,NA,209,16.9,NA,1021.4,NA,1,2024-12-08,102.14,10.41542008
"3098",170,"2024-12-08 01:00:00",7.6,-2.2,50,0,NA,208,16.6,NA,1021.5,NA,2,2024-12-08 01:00:00,102.15,10.4164398
"3099",171,"2024-12-08 02:00:00",11,5.9,71,0,NA,220,20.5,NA,1021.5,NA,1,2024-12-08 02:00:00,102.15,10.4164398
"3100",172,"2024-12-08 03:00:00",7.5,-2,51,0,NA,209,18.4,NA,1021.4,NA,1,2024-12-08 03:00:00,102.14,10.41542008
"3101",173,"2024-12-08 04:00:00",7.2,-1.5,54,0,NA,210,18.7,NA,1021.5,NA,1,2024-12-08 04:00:00,102.15,10.4164398
"3102",174,"2024-12-08 05:00:00",6.7,-1,58,0,NA,211,18,NA,1021.2,NA,1,2024-12-08 05:00:00,102.12,10.41338064
"3103",175,"2024-12-08 06:00:00",6.3,-0.5,62,0,NA,209,18.4,NA,1021,NA,1,2024-12-08 06:00:00,102.1,10.4113412
"3104",176,"2024-12-08 07:00:00",6,0.7,69,0,NA,208,17.6,NA,1020.4,NA,1,2024-12-08 07:00:00,102.04,10.40522288
"3105",177,"2024-12-08 08:00:00",5.9,1.4,73,0,NA,214,16.9,NA,1020.1,NA,1,2024-12-08 08:00:00,102.01,10.40216372
"3106",178,"2024-12-08 09:00:00",6.1,2,75,0,NA,218,16.2,NA,1019.8,NA,2,2024-12-08 09:00:00,101.98,10.39910456
"3107",179,"2024-12-08 10:00:00",5.5,2.7,82,0,NA,218,16.2,NA,1019.3,NA,2,2024-12-08 10:00:00,101.93,10.39400596
"3108",180,"2024-12-08 11:00:00",5.1,3.3,88,0,NA,218,16.2,NA,1019.1,NA,2,2024-12-08 11:00:00,101.91,10.39196652
"3109",181,"2024-12-08 12:00:00",4.7,3.7,93,0,NA,214,14.8,NA,1018.6,NA,1,2024-12-08 12:00:00,101.86,10.38686792
"3110",182,"2024-12-08 13:00:00",4.6,3.7,94,0,NA,205,15.1,NA,1018.2,NA,1,2024-12-08 13:00:00,101.82,10.38278904
"3111",183,"2024-12-08 14:00:00",5.6,4.2,91,0,NA,204,15.1,NA,1017.6,NA,2,2024-12-08 14:00:00,101.76,10.37667072
"3112",184,"2024-12-08 15:00:00",7.8,4.9,82,0,NA,201,15.5,NA,1017.2,NA,1,2024-12-08 15:00:00,101.72,10.37259184
"3113",185,"2024-12-08 16:00:00",10,6,76,0,NA,202,16.9,NA,1016.6,NA,1,2024-12-08 16:00:00,101.66,10.36647352
"3114",186,"2024-12-08 17:00:00",11.5,6.6,72,0,NA,201,17.3,NA,1015.8,NA,3,2024-12-08 17:00:00,101.58,10.35831576
"3115",187,"2024-12-08 18:00:00",11.6,7.1,74,0,NA,202,17.6,NA,1014.6,NA,3,2024-12-08 18:00:00,101.46,10.34607912
"3116",188,"2024-12-08 19:00:00",11.1,7.4,78,0,NA,197,16.9,NA,1013.6,NA,3,2024-12-08 19:00:00,101.36,10.33588192
"3117",189,"2024-12-08 20:00:00",9.7,8.1,90,0.4,NA,199,17.6,NA,1012.9,NA,8,2024-12-08 20:00:00,101.29,10.32874388
"3118",190,"2024-12-08 21:00:00",9.4,8.5,94,0.6,NA,189,18,NA,1012.1,NA,8,2024-12-08 21:00:00,101.21,10.32058612
"3119",191,"2024-12-08 22:00:00",10.1,8.7,91,0,NA,183,19.8,NA,1011.3,NA,3,2024-12-08 22:00:00,101.13,10.31242836
"3120",192,"2024-12-08 23:00:00",9.6,8.5,93,0,NA,179,17.3,NA,1010.6,NA,3,2024-12-08 23:00:00,101.06,10.30529032
"3121",193,"2024-12-09 00:00:00",8.5,7.9,96,0,NA,196,15.1,NA,1010.4,NA,2,2024-12-09,101.04,10.30325088
"3122",194,"2024-12-09 01:00:00",8.9,8.3,96,0,NA,202,16.9,NA,1010.6,NA,3,2024-12-09 01:00:00,101.06,10.30529032
"3123",195,"2024-12-09 02:00:00",9.3,8.8,97,0,NA,200,17.3,NA,1010.6,NA,3,2024-12-09 02:00:00,101.06,10.30529032
"3124",196,"2024-12-09 03:00:00",9.5,9,97,0,NA,210,16.2,NA,1010.7,NA,3,2024-12-09 03:00:00,101.07,10.30631004
"3125",197,"2024-12-09 04:00:00",9.4,9.1,98,0,NA,216,15.8,NA,1011,NA,3,2024-12-09 04:00:00,101.1,10.3093692
"3126",198,"2024-12-09 05:00:00",9.3,9.2,99,0,NA,208,15.5,NA,1011.1,NA,3,2024-12-09 05:00:00,101.11,10.31038892
"3127",199,"2024-12-09 06:00:00",9.3,9,98,0,NA,206,14.8,NA,1010.8,NA,3,2024-12-09 06:00:00,101.08,10.30732976
"3128",200,"2024-12-09 07:00:00",9.3,9,98,0,NA,214,14.4,NA,1011.1,NA,3,2024-12-09 07:00:00,101.11,10.31038892
"3129",201,"2024-12-09 08:00:00",9.3,9,98,0,NA,218,13.3,NA,1011.2,NA,3,2024-12-09 08:00:00,101.12,10.31140864
"3130",202,"2024-12-09 09:00:00",9.2,9.1,99,0,NA,224,10.4,NA,1011.1,NA,3,2024-12-09 09:00:00,101.11,10.31038892
"3131",203,"2024-12-09 10:00:00",8.8,8.7,99,0,NA,214,7.2,NA,1010.7,NA,3,2024-12-09 10:00:00,101.07,10.30631004
"3132",204,"2024-12-09 11:00:00",8.1,8.1,100,0,NA,198,5,NA,1011,NA,3,2024-12-09 11:00:00,101.1,10.3093692
"3133",205,"2024-12-09 12:00:00",7.3,7.3,100,0,NA,157,4,NA,1011.5,NA,3,2024-12-09 12:00:00,101.15,10.3144678
"3134",206,"2024-12-09 13:00:00",7,7,100,0,NA,174,4.7,NA,1012.6,NA,5,2024-12-09 13:00:00,101.26,10.32568472
"3135",207,"2024-12-09 14:00:00",7.5,7.4,99,0,NA,190,5.4,NA,1013.5,NA,5,2024-12-09 14:00:00,101.35,10.3348622
"3136",208,"2024-12-09 15:00:00",8.2,8.1,99,0,NA,142,2.5,NA,1014.3,NA,5,2024-12-09 15:00:00,101.43,10.34301996
"3137",209,"2024-12-09 16:00:00",9,8.7,98,0,NA,94,5.4,NA,1014.8,NA,5,2024-12-09 16:00:00,101.48,10.34811856
"3138",210,"2024-12-09 17:00:00",9.9,9.1,95,0,NA,54,8.6,NA,1014.6,NA,5,2024-12-09 17:00:00,101.46,10.34607912
"3139",211,"2024-12-09 18:00:00",11.1,9,87,0,NA,58,9,NA,1013.8,NA,3,2024-12-09 18:00:00,101.38,10.33792136
"3140",212,"2024-12-09 19:00:00",11.7,8.7,82,0,NA,54,9.4,NA,1012.8,NA,3,2024-12-09 19:00:00,101.28,10.32772416
"3141",213,"2024-12-09 20:00:00",12.3,8.4,77,0,NA,48,10.1,NA,1012.6,NA,3,2024-12-09 20:00:00,101.26,10.32568472
"3142",214,"2024-12-09 21:00:00",12.7,8.2,74,0,NA,53,10.4,NA,1012.8,NA,3,2024-12-09 21:00:00,101.28,10.32772416
"3143",215,"2024-12-09 22:00:00",12.2,7.9,75,0,NA,49,12.2,NA,1013,NA,3,2024-12-09 22:00:00,101.3,10.3297636
"3144",216,"2024-12-09 23:00:00",10.9,8.1,83,0,NA,40,14,NA,1013.6,NA,3,2024-12-09 23:00:00,101.36,10.33588192
"3145",217,"2024-12-10 00:00:00",10.4,8.2,86,0,NA,41,13.7,NA,1014.2,NA,3,2024-12-10,101.42,10.34200024
"3146",218,"2024-12-10 01:00:00",NA,NA,NA,NA,NA,NA,NA,NA,NA,NA,NA,2024-12-10 01:00:00,NA,NA
"3147",219,"2024-12-10 02:00:00",NA,NA,NA,NA,NA,NA,NA,NA,NA,NA,NA,2024-12-10 02:00:00,NA,NA
"3148",220,"2024-12-10 03:00:00",NA,NA,NA,NA,NA,NA,NA,NA,NA,NA,NA,2024-12-10 03:00:00,NA,NA
"3149",221,"2024-12-10 04:00:00",NA,NA,NA,NA,NA,NA,NA,NA,NA,NA,NA,2024-12-10 04:00:00,NA,NA
"3150",222,"2024-12-10 05:00:00",NA,NA,NA,NA,NA,NA,NA,NA,NA,NA,NA,2024-12-10 05:00:00,NA,NA
"3151",223,"2024-12-10 06:00:00",7.4,1.7,67,NA,NA,18,16.6,NA,1017.6,NA,NA,2024-12-10 06:00:00,101.76,10.37667072
"3152",224,"2024-12-10 07:00:00",NA,NA,NA,NA,NA,NA,NA,NA,NA,NA,NA,2024-12-10 07:00:00,NA,NA
"3153",225,"2024-12-10 08:00:00",NA,NA,NA,NA,NA,NA,NA,NA,NA,NA,NA,2024-12-10 08:00:00,NA,NA
"3154",226,"2024-12-10 09:00:00",NA,NA,NA,NA,NA,NA,NA,NA,NA,NA,NA,2024-12-10 09:00:00,NA,NA
"3155",227,"2024-12-10 10:00:00",NA,NA,NA,NA,NA,NA,NA,NA,NA,NA,NA,2024-12-10 10:00:00,NA,NA
"3156",228,"2024-12-10 11:00:00",NA,NA,NA,NA,NA,NA,NA,NA,NA,NA,NA,2024-12-10 11:00:00,NA,NA
"3157",229,"2024-12-10 12:00:00",2.9,-3.5,63,NA,NA,8,18.7,NA,1021.3,NA,NA,2024-12-10 12:00:00,102.13,10.41440036
"3158",230,"2024-12-10 13:00:00",NA,NA,NA,NA,NA,NA,NA,NA,NA,NA,NA,2024-12-10 13:00:00,NA,NA
"3159",231,"2024-12-10 14:00:00",NA,NA,NA,NA,NA,NA,NA,NA,NA,NA,NA,2024-12-10 14:00:00,NA,NA
"3160",232,"2024-12-10 15:00:00",NA,NA,NA,NA,NA,NA,NA,NA,NA,NA,NA,2024-12-10 15:00:00,NA,NA
"3161",233,"2024-12-10 16:00:00",NA,NA,NA,NA,NA,NA,NA,NA,NA,NA,NA,2024-12-10 16:00:00,NA,NA
"3162",234,"2024-12-10 17:00:00",NA,NA,NA,NA,NA,NA,NA,NA,NA,NA,NA,2024-12-10 17:00:00,NA,NA
"3163",235,"2024-12-10 18:00:00",4.9,-5.5,47,NA,NA,1,16.6,NA,1023.2,NA,NA,2024-12-10 18:00:00,102.32,10.43377504
"3164",236,"2024-12-10 19:00:00",NA,NA,NA,NA,NA,NA,NA,NA,NA,NA,NA,2024-12-10 19:00:00,NA,NA
"3165",237,"2024-12-10 20:00:00",NA,NA,NA,NA,NA,NA,NA,NA,NA,NA,NA,2024-12-10 20:00:00,NA,NA
"3166",238,"2024-12-10 21:00:00",NA,NA,NA,NA,NA,NA,NA,NA,NA,NA,NA,2024-12-10 21:00:00,NA,NA
"3167",239,"2024-12-10 22:00:00",NA,NA,NA,NA,NA,NA,NA,NA,NA,NA,NA,2024-12-10 22:00:00,NA,NA
"3168",240,"2024-12-10 23:00:00",NA,NA,NA,NA,NA,NA,NA,NA,NA,NA,NA,2024-12-10 23:00:00,NA,NA
"3169",241,"2024-12-11 00:00:00",3,-6.7,49,NA,NA,323,13.3,NA,1023.8,NA,NA,2024-12-11,102.38,10.43989336
"3170",242,"2024-12-11 01:00:00",NA,NA,NA,NA,NA,NA,NA,NA,NA,NA,NA,2024-12-11 01:00:00,NA,NA
"3171",243,"2024-12-11 02:00:00",NA,NA,NA,NA,NA,NA,NA,NA,NA,NA,NA,2024-12-11 02:00:00,NA,NA
"3172",244,"2024-12-11 03:00:00",NA,NA,NA,NA,NA,NA,NA,NA,NA,NA,NA,2024-12-11 03:00:00,NA,NA
"3173",245,"2024-12-11 04:00:00",NA,NA,NA,NA,NA,NA,NA,NA,NA,NA,NA,2024-12-11 04:00:00,NA,NA
"3174",246,"2024-12-11 05:00:00",NA,NA,NA,NA,NA,NA,NA,NA,NA,NA,NA,2024-12-11 05:00:00,NA,NA
"3175",247,"2024-12-11 06:00:00",0,-5.6,66,NA,NA,267,9,NA,1024.6,NA,NA,2024-12-11 06:00:00,102.46,10.44805112
"3176",248,"2024-12-11 07:00:00",NA,NA,NA,NA,NA,NA,NA,NA,NA,NA,NA,2024-12-11 07:00:00,NA,NA
"3177",249,"2024-12-11 08:00:00",NA,NA,NA,NA,NA,NA,NA,NA,NA,NA,NA,2024-12-11 08:00:00,NA,NA
"3178",250,"2024-12-11 09:00:00",NA,NA,NA,NA,NA,NA,NA,NA,NA,NA,NA,2024-12-11 09:00:00,NA,NA
"3179",251,"2024-12-11 10:00:00",NA,NA,NA,NA,NA,NA,NA,NA,NA,NA,NA,2024-12-11 10:00:00,NA,NA
"3180",252,"2024-12-11 11:00:00",NA,NA,NA,NA,NA,NA,NA,NA,NA,NA,NA,2024-12-11 11:00:00,NA,NA
"3181",253,"2024-12-11 12:00:00",-0.7,-4.1,78,NA,NA,290,13.7,NA,1025.3,NA,NA,2024-12-11 12:00:00,102.53,10.45518916
"3182",254,"2024-12-11 13:00:00",NA,NA,NA,NA,NA,NA,NA,NA,NA,NA,NA,2024-12-11 13:00:00,NA,NA
"3183",255,"2024-12-11 14:00:00",NA,NA,NA,NA,NA,NA,NA,NA,NA,NA,NA,2024-12-11 14:00:00,NA,NA
"3184",256,"2024-12-11 15:00:00",NA,NA,NA,NA,NA,NA,NA,NA,NA,NA,NA,2024-12-11 15:00:00,NA,NA
"3185",257,"2024-12-11 16:00:00",NA,NA,NA,NA,NA,NA,NA,NA,NA,NA,NA,2024-12-11 16:00:00,NA,NA
"3186",258,"2024-12-11 17:00:00",NA,NA,NA,NA,NA,NA,NA,NA,NA,NA,NA,2024-12-11 17:00:00,NA,NA
"3187",259,"2024-12-11 18:00:00",6.5,-4.9,44,NA,NA,286,15.5,NA,1026.1,NA,NA,2024-12-11 18:00:00,102.61,10.46334692
"3188",260,"2024-12-11 19:00:00",NA,NA,NA,NA,NA,NA,NA,NA,NA,NA,NA,2024-12-11 19:00:00,NA,NA
"3189",261,"2024-12-11 20:00:00",NA,NA,NA,NA,NA,NA,NA,NA,NA,NA,NA,2024-12-11 20:00:00,NA,NA
"3190",262,"2024-12-11 21:00:00",NA,NA,NA,NA,NA,NA,NA,NA,NA,NA,NA,2024-12-11 21:00:00,NA,NA
"3191",263,"2024-12-11 22:00:00",NA,NA,NA,NA,NA,NA,NA,NA,NA,NA,NA,2024-12-11 22:00:00,NA,NA
"3192",264,"2024-12-11 23:00:00",NA,NA,NA,NA,NA,NA,NA,NA,NA,NA,NA,2024-12-11 23:00:00,NA,NA
"3193",265,"2024-12-12 00:00:00",4.1,-4.4,54,NA,NA,223,8.3,NA,1024.8,NA,NA,2024-12-12,102.48,10.45009056
"3194",266,"2024-12-12 01:00:00",NA,NA,NA,NA,NA,NA,NA,NA,NA,NA,NA,2024-12-12 01:00:00,NA,NA
"3195",267,"2024-12-12 02:00:00",NA,NA,NA,NA,NA,NA,NA,NA,NA,NA,NA,2024-12-12 02:00:00,NA,NA
"3196",268,"2024-12-12 03:00:00",NA,NA,NA,NA,NA,NA,NA,NA,NA,NA,NA,2024-12-12 03:00:00,NA,NA
"3197",269,"2024-12-12 04:00:00",NA,NA,NA,NA,NA,NA,NA,NA,NA,NA,NA,2024-12-12 04:00:00,NA,NA
"3198",270,"2024-12-12 05:00:00",NA,NA,NA,NA,NA,NA,NA,NA,NA,NA,NA,2024-12-12 05:00:00,NA,NA
"3199",271,"2024-12-12 06:00:00",4.4,-5.7,48,NA,NA,205,15.8,NA,1024,NA,NA,2024-12-12 06:00:00,102.4,10.4419328
"3200",272,"2024-12-12 07:00:00",NA,NA,NA,NA,NA,NA,NA,NA,NA,NA,NA,2024-12-12 07:00:00,NA,NA
"3201",273,"2024-12-12 08:00:00",NA,NA,NA,NA,NA,NA,NA,NA,NA,NA,NA,2024-12-12 08:00:00,NA,NA
"3202",274,"2024-12-12 09:00:00",NA,NA,NA,NA,NA,NA,NA,NA,NA,NA,NA,2024-12-12 09:00:00,NA,NA
"3203",275,"2024-12-12 10:00:00",NA,NA,NA,NA,NA,NA,NA,NA,NA,NA,NA,2024-12-12 10:00:00,NA,NA
"3204",276,"2024-12-12 11:00:00",NA,NA,NA,NA,NA,NA,NA,NA,NA,NA,NA,2024-12-12 11:00:00,NA,NA
"3205",277,"2024-12-12 12:00:00",4.6,-6,46,NA,NA,208,15.8,NA,1023.8,NA,NA,2024-12-12 12:00:00,102.38,10.43989336
"3206",278,"2024-12-12 13:00:00",NA,NA,NA,NA,NA,NA,NA,NA,NA,NA,NA,2024-12-12 13:00:00,NA,NA
"3207",279,"2024-12-12 14:00:00",NA,NA,NA,NA,NA,NA,NA,NA,NA,NA,NA,2024-12-12 14:00:00,NA,NA
"3208",280,"2024-12-12 15:00:00",NA,NA,NA,NA,NA,NA,NA,NA,NA,NA,NA,2024-12-12 15:00:00,NA,NA
"3209",281,"2024-12-12 16:00:00",NA,NA,NA,NA,NA,NA,NA,NA,NA,NA,NA,2024-12-12 16:00:00,NA,NA
"3210",282,"2024-12-12 17:00:00",NA,NA,NA,NA,NA,NA,NA,NA,NA,NA,NA,2024-12-12 17:00:00,NA,NA
"3211",283,"2024-12-12 18:00:00",11.9,-3.9,33,NA,NA,193,19.1,NA,1022.3,NA,NA,2024-12-12 18:00:00,102.23,10.42459756
"3212",284,"2024-12-12 19:00:00",NA,NA,NA,NA,NA,NA,NA,NA,NA,NA,NA,2024-12-12 19:00:00,NA,NA
"3213",285,"2024-12-12 20:00:00",NA,NA,NA,NA,NA,NA,NA,NA,NA,NA,NA,2024-12-12 20:00:00,NA,NA
"3214",286,"2024-12-12 21:00:00",NA,NA,NA,NA,NA,NA,NA,NA,NA,NA,NA,2024-12-12 21:00:00,NA,NA
"3215",287,"2024-12-12 22:00:00",NA,NA,NA,NA,NA,NA,NA,NA,NA,NA,NA,2024-12-12 22:00:00,NA,NA
"3216",288,"2024-12-12 23:00:00",NA,NA,NA,NA,NA,NA,NA,NA,NA,NA,NA,2024-12-12 23:00:00,NA,NA
"3217",289,"2024-12-13 00:00:00",9.1,-3.5,41,NA,NA,167,16.2,NA,1021,NA,NA,2024-12-13,102.1,10.4113412
"3218",290,"2024-12-13 01:00:00",NA,NA,NA,NA,NA,NA,NA,NA,NA,NA,NA,2024-12-13 01:00:00,NA,NA
"3219",291,"2024-12-13 02:00:00",8,-1,53,NA,NA,160,7.6,NA,NA,NA,NA,2024-12-13 02:00:00,NA,NA
"3220",292,"2024-12-13 03:00:00",NA,NA,NA,NA,NA,NA,NA,NA,NA,NA,NA,2024-12-13 03:00:00,NA,NA
"3221",293,"2024-12-13 04:00:00",NA,NA,NA,NA,NA,NA,NA,NA,NA,NA,NA,2024-12-13 04:00:00,NA,NA
"3222",294,"2024-12-13 05:00:00",NA,NA,NA,NA,NA,NA,NA,NA,NA,NA,NA,2024-12-13 05:00:00,NA,NA
"3223",295,"2024-12-13 06:00:00",6.8,-1.9,54,NA,NA,178,18.7,NA,1022.2,NA,NA,2024-12-13 06:00:00,102.22,10.42357784
"3224",296,"2024-12-13 07:00:00",NA,NA,NA,NA,NA,NA,NA,NA,NA,NA,NA,2024-12-13 07:00:00,NA,NA
"3225",297,"2024-12-13 08:00:00",NA,NA,NA,NA,NA,NA,NA,NA,NA,NA,NA,2024-12-13 08:00:00,NA,NA
"3226",298,"2024-12-13 09:00:00",NA,NA,NA,NA,NA,NA,NA,NA,NA,NA,NA,2024-12-13 09:00:00,NA,NA
"3227",299,"2024-12-13 10:00:00",NA,NA,NA,NA,NA,NA,NA,NA,NA,NA,NA,2024-12-13 10:00:00,NA,NA
"3228",300,"2024-12-13 11:00:00",7,0,61,NA,NA,130,7.6,NA,1026,NA,NA,2024-12-13 11:00:00,102.6,10.4623272
"3229",301,"2024-12-13 12:00:00",7,0,61,NA,NA,110,7,NA,1026,NA,NA,2024-12-13 12:00:00,102.6,10.4623272
"3230",302,"2024-12-13 13:00:00",8,0.9,61,NA,NA,130,9.4,NA,1026,NA,NA,2024-12-13 13:00:00,102.6,10.4623272
"3231",303,"2024-12-13 14:00:00",9,0.9,57,0,NA,130,9,NA,1026,NA,3,2024-12-13 14:00:00,102.6,10.4623272
"3232",304,"2024-12-13 15:00:00",11,3,58,0,NA,150,9.4,NA,1027,NA,3,2024-12-13 15:00:00,102.7,10.4725244
"3233",305,"2024-12-13 16:00:00",12,4,58,0,NA,160,13,NA,1027,NA,3,2024-12-13 16:00:00,102.7,10.4725244
"3234",306,"2024-12-13 17:00:00",12,4,58,0,NA,150,11,NA,1026,NA,3,2024-12-13 17:00:00,102.6,10.4623272
"3235",307,"2024-12-13 18:00:00",10,6,76,0,NA,140,14.8,NA,1026,NA,3,2024-12-13 18:00:00,102.6,10.4623272
"3236",308,"2024-12-13 19:00:00",10,6,76,0,NA,150,22.3,NA,1025,NA,5,2024-12-13 19:00:00,102.5,10.45213
"3237",309,"2024-12-13 20:00:00",9,5,76,0.1,NA,130,13,NA,1025,NA,7,2024-12-13 20:00:00,102.5,10.45213
"3238",310,"2024-12-13 21:00:00",10,3.9,66,0,NA,140,19,NA,1025,NA,3,2024-12-13 21:00:00,102.5,10.45213
"3239",311,"2024-12-13 22:00:00",10,3.1,62,0,NA,146,19.4,NA,1024.8,NA,3,2024-12-13 22:00:00,102.48,10.45009056
"3240",312,"2024-12-13 23:00:00",10,3.1,62,0,NA,150,11.2,NA,1024,NA,3,2024-12-13 23:00:00,102.4,10.4419328
"3241",313,"2024-12-14 00:00:00",10,3.1,62,0,NA,140,11.2,NA,1025,NA,3,2024-12-14,102.5,10.45213
"3242",314,"2024-12-14 01:00:00",10,5,71,0,NA,140,14.8,NA,1024,NA,3,2024-12-14 01:00:00,102.4,10.4419328
"3243",315,"2024-12-14 02:00:00",10,7.1,82,0,NA,140,20.5,NA,1024,NA,3,2024-12-14 02:00:00,102.4,10.4419328
"3244",316,"2024-12-14 03:00:00",9.9,4.1,67,0,NA,152,26.3,NA,1025,NA,3,2024-12-14 03:00:00,102.5,10.45213
"3245",317,"2024-12-14 04:00:00",9.6,4,68,0,NA,150,25.2,NA,1024.4,NA,3,2024-12-14 04:00:00,102.44,10.44601168
"3246",318,"2024-12-14 05:00:00",9.8,4.4,69,0,NA,150,24.1,NA,1024.2,NA,3,2024-12-14 05:00:00,102.42,10.44397224
"3247",319,"2024-12-14 06:00:00",9.5,5.7,77,3,NA,153,26.6,NA,1023.8,NA,9,2024-12-14 06:00:00,102.38,10.43989336
"3248",320,"2024-12-14 07:00:00",9.4,6.5,82,6.7,NA,157,29.9,NA,1022.9,NA,9,2024-12-14 07:00:00,102.29,10.43071588
"3249",321,"2024-12-14 08:00:00",9.3,6.9,85,6.5,NA,169,32.8,NA,1022.2,NA,9,2024-12-14 08:00:00,102.22,10.42357784
"3250",322,"2024-12-14 09:00:00",9.1,7.2,88,15,NA,153,32,NA,1021.5,NA,9,2024-12-14 09:00:00,102.15,10.4164398
"3251",323,"2024-12-14 10:00:00",9.4,7.2,86,1.7,NA,164,33.1,NA,1020.9,NA,9,2024-12-14 10:00:00,102.09,10.41032148
"3252",324,"2024-12-14 11:00:00",9,9,100,13,NA,150,7.6,NA,1021,NA,9,2024-12-14 11:00:00,102.1,10.4113412
"3253",325,"2024-12-14 12:00:00",9,9,100,10.5,NA,140,13,NA,1020,NA,9,2024-12-14 12:00:00,102,10.401144
"3254",326,"2024-12-14 13:00:00",10,10,100,2.7,NA,140,11.2,NA,1020,NA,9,2024-12-14 13:00:00,102,10.401144
"3255",327,"2024-12-14 14:00:00",10,10,100,2.6,NA,140,11.2,NA,1020,NA,9,2024-12-14 14:00:00,102,10.401144
"3256",328,"2024-12-14 15:00:00",11,11,100,2,NA,180,14.8,NA,1020,NA,5,2024-12-14 15:00:00,102,10.401144
"3257",329,"2024-12-14 16:00:00",12,12,100,0.9,NA,190,22.3,NA,1020,NA,8,2024-12-14 16:00:00,102,10.401144
"3258",330,"2024-12-14 17:00:00",12,12,100,1,NA,200,22,NA,1019,NA,9,2024-12-14 17:00:00,101.9,10.3909468
"3259",331,"2024-12-14 18:00:00",14,14,100,0,NA,210,28,NA,1019,NA,3,2024-12-14 18:00:00,101.9,10.3909468
"3260",332,"2024-12-14 19:00:00",15,15,100,0,NA,210,29.5,NA,1018,NA,3,2024-12-14 19:00:00,101.8,10.3807496
"3261",333,"2024-12-14 20:00:00",15.3,9,66,0,NA,224,24.5,NA,1017.7,NA,3,2024-12-14 20:00:00,101.77,10.37769044
"3262",334,"2024-12-14 21:00:00",16,8,59,0,NA,260,20,NA,1019,NA,1,2024-12-14 21:00:00,101.9,10.3909468
"3263",335,"2024-12-14 22:00:00",14,6.1,59,0,NA,250,16.6,NA,1020,NA,1,2024-12-14 22:00:00,102,10.401144
"3264",336,"2024-12-14 23:00:00",12,6.1,67,0,NA,240,11.2,NA,1020,NA,1,2024-12-14 23:00:00,102,10.401144
"3265",337,"2024-12-15 00:00:00",9.6,3.8,67,0,NA,244,14,NA,1020.5,NA,1,2024-12-15,102.05,10.4062426
"3266",338,"2024-12-15 01:00:00",9,7,87,0,NA,0,0,NA,1022,NA,1,2024-12-15 01:00:00,102.2,10.4215384
"3267",339,"2024-12-15 02:00:00",6,6,100,0,NA,0,0,NA,1022,NA,1,2024-12-15 02:00:00,102.2,10.4215384
"3268",340,"2024-12-15 03:00:00",6.3,2.7,78,0,NA,260,10.1,NA,1022.8,NA,1,2024-12-15 03:00:00,102.28,10.42969616
"3269",341,"2024-12-15 04:00:00",4.8,2.3,84,0,NA,252,6.5,NA,1023,NA,1,2024-12-15 04:00:00,102.3,10.4317356
"3270",342,"2024-12-15 05:00:00",4.6,2.6,87,0,NA,239,5.8,NA,1022.7,NA,1,2024-12-15 05:00:00,102.27,10.42867644
"3271",343,"2024-12-15 06:00:00",4.2,2.5,89,0,NA,211,6.8,NA,1023.1,NA,1,2024-12-15 06:00:00,102.31,10.43275532
"3272",344,"2024-12-15 07:00:00",3.9,2.1,88,0,NA,210,7.6,NA,1023,NA,1,2024-12-15 07:00:00,102.3,10.4317356
"3273",345,"2024-12-15 08:00:00",3.5,1.5,87,0,NA,204,6.5,NA,1022.6,NA,1,2024-12-15 08:00:00,102.26,10.42765672
"3274",346,"2024-12-15 09:00:00",3.4,1,84,0,NA,185,5.4,NA,1022.3,NA,1,2024-12-15 09:00:00,102.23,10.42459756
"3275",347,"2024-12-15 10:00:00",3.1,0.5,83,0,NA,166,5,NA,1021.9,NA,1,2024-12-15 10:00:00,102.19,10.42051868
"3276",348,"2024-12-15 11:00:00",1,1,100,0,NA,110,7.6,NA,1022,NA,3,2024-12-15 11:00:00,102.2,10.4215384
"3277",349,"2024-12-15 12:00:00",2,2,100,0,NA,100,7,NA,1023,NA,3,2024-12-15 12:00:00,102.3,10.4317356
"3278",350,"2024-12-15 13:00:00",3,3,100,0,NA,120,5.4,NA,1023,NA,3,2024-12-15 13:00:00,102.3,10.4317356
"3279",351,"2024-12-15 14:00:00",6,5,93,0,NA,130,7.6,NA,1023,NA,1,2024-12-15 14:00:00,102.3,10.4317356
"3280",352,"2024-12-15 15:00:00",9,4,71,0,NA,120,9.4,NA,1023,NA,3,2024-12-15 15:00:00,102.3,10.4317356
"3281",353,"2024-12-15 16:00:00",13,6.1,63,0,NA,120,11.2,NA,1022,NA,3,2024-12-15 16:00:00,102.2,10.4215384
"3282",354,"2024-12-15 17:00:00",16,7,55,0,NA,140,11,NA,1020,NA,3,2024-12-15 17:00:00,102,10.401144
"3283",355,"2024-12-15 18:00:00",19,8,49,0,NA,160,13,NA,1019,NA,2,2024-12-15 18:00:00,101.9,10.3909468
"3284",356,"2024-12-15 19:00:00",19,13,68,0,NA,190,16.6,NA,1018,NA,1,2024-12-15 19:00:00,101.8,10.3807496
"3285",357,"2024-12-15 20:00:00",18,16,88,0,NA,190,20.5,NA,1018,NA,2,2024-12-15 20:00:00,101.8,10.3807496
"3286",358,"2024-12-15 21:00:00",17,17,100,0,NA,180,24.1,NA,1018,NA,3,2024-12-15 21:00:00,101.8,10.3807496
"3287",359,"2024-12-15 22:00:00",14.9,12,83,0,NA,161,20.9,NA,1016.9,NA,3,2024-12-15 22:00:00,101.69,10.36953268
"3288",360,"2024-12-15 23:00:00",16,16,100,0,NA,160,11.2,NA,1017.1,NA,3,2024-12-15 23:00:00,101.71,10.37157212
"3289",361,"2024-12-16 00:00:00",16,16,100,0,NA,170,16.6,NA,1017,NA,3,2024-12-16,101.7,10.3705524
"3290",362,"2024-12-16 01:00:00",16,16,100,0,NA,160,19,NA,1017,NA,3,2024-12-16 01:00:00,101.7,10.3705524
"3291",363,"2024-12-16 02:00:00",16,16,100,0,NA,170,16.6,NA,1017,NA,3,2024-12-16 02:00:00,101.7,10.3705524
"3292",364,"2024-12-16 03:00:00",15.6,14.8,95,0,NA,193,23,NA,1016.5,NA,3,2024-12-16 03:00:00,101.65,10.3654538
"3293",365,"2024-12-16 04:00:00",15.9,14.9,94,0.4,NA,200,22.7,NA,1016.7,NA,8,2024-12-16 04:00:00,101.67,10.36749324
"3294",366,"2024-12-16 05:00:00",16,15.2,95,0.4,NA,203,22,NA,1016.6,NA,8,2024-12-16 05:00:00,101.66,10.36647352
"3295",367,"2024-12-16 06:00:00",16.1,15.3,95,0.3,NA,200,23.8,NA,1016.1,NA,8,2024-12-16 06:00:00,101.61,10.36137492
"3296",368,"2024-12-16 07:00:00",15.7,15.2,97,0,NA,200,25.2,NA,1015.6,NA,3,2024-12-16 07:00:00,101.56,10.35627632
"3297",369,"2024-12-16 08:00:00",16.2,15.4,95,0,NA,207,27.4,NA,1015.3,NA,3,2024-12-16 08:00:00,101.53,10.35321716
"3298",370,"2024-12-16 09:00:00",16.2,15.6,96,0.3,NA,213,26.6,NA,1015.4,NA,8,2024-12-16 09:00:00,101.54,10.35423688
"3299",371,"2024-12-16 10:00:00",15.7,15.4,98,1.3,NA,230,24.8,NA,1015.6,NA,9,2024-12-16 10:00:00,101.56,10.35627632
"3300",372,"2024-12-16 11:00:00",18,18,100,4.1,NA,220,20,NA,1016,NA,9,2024-12-16 11:00:00,101.6,10.3603552
"3301",373,"2024-12-16 12:00:00",18,18,100,1.4,NA,260,13,NA,1016,NA,9,2024-12-16 12:00:00,101.6,10.3603552
"3302",374,"2024-12-16 13:00:00",14.1,13.9,99,7.9,NA,265,8.3,NA,1017,NA,9,2024-12-16 13:00:00,101.7,10.3705524
"3303",375,"2024-12-16 14:00:00",14,13.8,99,2,NA,224,7.6,NA,1017.8,NA,9,2024-12-16 14:00:00,101.78,10.37871016
"3304",376,"2024-12-16 15:00:00",14.6,14.1,97,0,NA,308,15.1,NA,1018.7,NA,3,2024-12-16 15:00:00,101.87,10.38788764
"3305",377,"2024-12-16 16:00:00",14.5,13,91,0,NA,347,11.2,NA,1019.6,NA,3,2024-12-16 16:00:00,101.96,10.39706512
"3306",378,"2024-12-16 17:00:00",15.2,14.6,96,0,NA,304,15.8,NA,1019.2,NA,3,2024-12-16 17:00:00,101.92,10.39298624
"3307",379,"2024-12-16 18:00:00",15.1,13.3,89,0,NA,342,15.5,NA,1019.4,NA,3,2024-12-16 18:00:00,101.94,10.39502568
"3308",380,"2024-12-16 19:00:00",16.4,8.9,61,0,NA,349,16.9,NA,1019.5,NA,3,2024-12-16 19:00:00,101.95,10.3960454
"3309",381,"2024-12-16 20:00:00",16.5,1.4,36,0,NA,358,18,NA,1019.9,NA,2,2024-12-16 20:00:00,101.99,10.40012428
"3310",382,"2024-12-16 21:00:00",15.4,0.8,37,0,NA,3,16.2,NA,1020.8,NA,1,2024-12-16 21:00:00,102.08,10.40930176
"3311",383,"2024-12-16 22:00:00",14.2,3.3,48,0,NA,6,12.2,NA,1021.5,NA,1,2024-12-16 22:00:00,102.15,10.4164398
"3312",384,"2024-12-16 23:00:00",11.6,2.9,55,0,NA,11,10.4,NA,1022.7,NA,1,2024-12-16 23:00:00,102.27,10.42867644
"3313",385,"2024-12-17 00:00:00",9.6,3.3,65,0,NA,15,9,NA,1023.5,NA,1,2024-12-17,102.35,10.4368342
"3314",386,"2024-12-17 01:00:00",8.3,3.3,71,0,NA,13,8.3,NA,1024.2,NA,1,2024-12-17 01:00:00,102.42,10.44397224
"3315",387,"2024-12-17 02:00:00",7.2,3.3,76,0,NA,21,8.6,NA,1024.8,NA,1,2024-12-17 02:00:00,102.48,10.45009056
"3316",388,"2024-12-17 03:00:00",6.4,3.6,82,0,NA,45,6.8,NA,1024.9,NA,1,2024-12-17 03:00:00,102.49,10.45111028
"3317",389,"2024-12-17 04:00:00",5.9,3.4,84,0,NA,77,7.2,NA,1025.6,NA,1,2024-12-17 04:00:00,102.56,10.45824832
"3318",390,"2024-12-17 05:00:00",5.7,3.4,85,0,NA,97,9,NA,1025.5,NA,1,2024-12-17 05:00:00,102.55,10.4572286
"3319",391,"2024-12-17 06:00:00",5.4,2.9,84,0,NA,83,9.7,NA,1025.2,NA,1,2024-12-17 06:00:00,102.52,10.45416944
"3320",392,"2024-12-17 07:00:00",5,2.7,85,0,NA,74,9,NA,1024.7,NA,1,2024-12-17 07:00:00,102.47,10.44907084
"3321",393,"2024-12-17 08:00:00",4.8,2.3,84,0,NA,95,10.1,NA,1024.6,NA,1,2024-12-17 08:00:00,102.46,10.44805112
"3322",394,"2024-12-17 09:00:00",4.8,2.2,83,0,NA,67,11.2,NA,1025,NA,1,2024-12-17 09:00:00,102.5,10.45213
"3323",395,"2024-12-17 10:00:00",4.7,1.7,81,0,NA,72,12.6,NA,1025,NA,1,2024-12-17 10:00:00,102.5,10.45213
"3324",396,"2024-12-17 11:00:00",4.6,0.9,77,0,NA,85,13.3,NA,1024.6,NA,1,2024-12-17 11:00:00,102.46,10.44805112
"3325",397,"2024-12-17 12:00:00",4.6,-0.2,71,0,NA,92,13.7,NA,1024.2,NA,1,2024-12-17 12:00:00,102.42,10.44397224
"3326",398,"2024-12-17 13:00:00",4.3,-1.1,68,0,NA,101,13,NA,1024.1,NA,1,2024-12-17 13:00:00,102.41,10.44295252
"3327",399,"2024-12-17 14:00:00",5,-1.2,64,0,NA,108,14,NA,1024.3,NA,1,2024-12-17 14:00:00,102.43,10.44499196
"3328",400,"2024-12-17 15:00:00",7.6,0.1,59,0,NA,109,16.6,NA,1023.9,NA,1,2024-12-17 15:00:00,102.39,10.44091308
"3329",401,"2024-12-17 16:00:00",11.4,1.6,51,0,NA,115,14,NA,1023,NA,1,2024-12-17 16:00:00,102.3,10.4317356
"3330",402,"2024-12-17 17:00:00",14.8,3.9,48,0,NA,143,18.4,NA,1021.9,NA,2,2024-12-17 17:00:00,102.19,10.42051868
"3331",403,"2024-12-17 18:00:00",15.5,7.5,59,0,NA,166,18,NA,1021.1,NA,3,2024-12-17 18:00:00,102.11,10.41236092
"3332",404,"2024-12-17 19:00:00",15.1,8.8,66,0,NA,168,18.7,NA,1020.1,NA,3,2024-12-17 19:00:00,102.01,10.40216372
"3333",405,"2024-12-17 20:00:00",14.2,9,71,0,NA,162,18,NA,1019.6,NA,3,2024-12-17 20:00:00,101.96,10.39706512
"3334",406,"2024-12-17 21:00:00",13.8,9.2,74,0,NA,155,16.2,NA,1019.2,NA,3,2024-12-17 21:00:00,101.92,10.39298624
"3335",407,"2024-12-17 22:00:00",13.3,9.4,77,0,NA,156,14,NA,1019,NA,3,2024-12-17 22:00:00,101.9,10.3909468
"3336",408,"2024-12-17 23:00:00",14.1,11.4,84,0,NA,183,15.1,NA,1018.9,NA,3,2024-12-17 23:00:00,101.89,10.38992708
"3337",409,"2024-12-18 00:00:00",13.9,11.4,85,0,NA,179,16.2,NA,1018.8,NA,3,2024-12-18,101.88,10.38890736
"3338",410,"2024-12-18 01:00:00",14.2,12.2,88,0,NA,185,18,NA,1018.5,NA,3,2024-12-18 01:00:00,101.85,10.3858482
"3339",411,"2024-12-18 02:00:00",13.7,12.8,94,0,NA,185,18.4,NA,1018.5,NA,3,2024-12-18 02:00:00,101.85,10.3858482
"3340",412,"2024-12-18 03:00:00",13.9,13.3,96,0,NA,195,16.9,NA,1018.5,NA,3,2024-12-18 03:00:00,101.85,10.3858482
"3341",413,"2024-12-18 04:00:00",14.1,13.3,95,0.3,NA,208,18,NA,1018.7,NA,8,2024-12-18 04:00:00,101.87,10.38788764
"3342",414,"2024-12-18 05:00:00",13.6,13.1,97,1.6,NA,230,16.2,NA,1018.8,NA,9,2024-12-18 05:00:00,101.88,10.38890736
"3343",415,"2024-12-18 06:00:00",12.8,12.6,99,1.5,NA,258,15.5,NA,1019.3,NA,9,2024-12-18 06:00:00,101.93,10.39400596
"3344",416,"2024-12-18 07:00:00",12.4,12.2,99,0,NA,232,15.1,NA,1020,NA,3,2024-12-18 07:00:00,102,10.401144
"3345",417,"2024-12-18 08:00:00",11.9,11.7,99,0,NA,270,16.6,NA,1020,NA,3,2024-12-18 08:00:00,102,10.401144
"3346",418,"2024-12-18 09:00:00",10.2,9.9,98,0,NA,302,18.7,NA,1021.4,NA,3,2024-12-18 09:00:00,102.14,10.41542008
"3347",419,"2024-12-18 10:00:00",9.7,9.2,97,0,NA,320,21.6,NA,1022,NA,3,2024-12-18 10:00:00,102.2,10.4215384
"3348",420,"2024-12-18 11:00:00",8.6,8,96,0,NA,338,20.9,NA,1023.1,NA,3,2024-12-18 11:00:00,102.31,10.43275532
"3349",421,"2024-12-18 12:00:00",7.6,6.4,92,0,NA,345,18.7,NA,1024.5,NA,2,2024-12-18 12:00:00,102.45,10.4470314
"3350",422,"2024-12-18 13:00:00",5.9,4.5,91,0,NA,347,18,NA,1026.2,NA,1,2024-12-18 13:00:00,102.62,10.46436664
"3351",423,"2024-12-18 14:00:00",5,3.5,90,0,NA,350,19.8,NA,1027.2,NA,1,2024-12-18 14:00:00,102.72,10.47456384
"3352",424,"2024-12-18 15:00:00",5.2,2.9,85,0,NA,353,20.2,NA,1028.6,NA,1,2024-12-18 15:00:00,102.86,10.48883992
"3353",425,"2024-12-18 16:00:00",6.2,2.3,76,0,NA,4,24.1,NA,1029.6,NA,3,2024-12-18 16:00:00,102.96,10.49903712
"3354",426,"2024-12-18 17:00:00",7.6,2.1,68,0,NA,18,24.1,NA,1029.8,NA,3,2024-12-18 17:00:00,102.98,10.50107656
"3355",427,"2024-12-18 18:00:00",8.7,1.8,62,0,NA,23,21.2,NA,1029.1,NA,3,2024-12-18 18:00:00,102.91,10.49393852
"3356",428,"2024-12-18 19:00:00",9.2,1.8,60,0,NA,13,20.2,NA,1029.6,NA,3,2024-12-18 19:00:00,102.96,10.49903712
"3357",429,"2024-12-18 20:00:00",9.2,0.9,56,0,NA,28,16.2,NA,1028.4,NA,3,2024-12-18 20:00:00,102.84,10.48680048
"3358",430,"2024-12-18 21:00:00",9,0.7,56,0,NA,7,14.8,NA,1028.5,NA,2,2024-12-18 21:00:00,102.85,10.4878202
"3359",431,"2024-12-18 22:00:00",8,3.1,71,0,NA,350,13,NA,1029,NA,2,2024-12-18 22:00:00,102.9,10.4929188
"3360",432,"2024-12-18 23:00:00",7,4,81,0,NA,360,9.4,NA,1028,NA,1,2024-12-18 23:00:00,102.8,10.4827216
"3361",433,"2024-12-19 00:00:00",6,3,81,0,NA,360,7.6,NA,1028,NA,1,2024-12-19,102.8,10.4827216
"3362",434,"2024-12-19 01:00:00",4,4,100,0,NA,360,7.6,NA,1029,NA,1,2024-12-19 01:00:00,102.9,10.4929188
"3363",435,"2024-12-19 02:00:00",4,4,100,0,NA,20,5.4,NA,1028,NA,1,2024-12-19 02:00:00,102.8,10.4827216
"3364",436,"2024-12-19 03:00:00",2.8,0.7,86,0,NA,23,8.6,NA,1030.4,NA,1,2024-12-19 03:00:00,103.04,10.50719488
"3365",437,"2024-12-19 04:00:00",2.4,0.8,89,0,NA,51,9,NA,1030.5,NA,1,2024-12-19 04:00:00,103.05,10.5082146
"3366",438,"2024-12-19 05:00:00",1.9,0.9,93,0,NA,71,8.6,NA,1030.4,NA,1,2024-12-19 05:00:00,103.04,10.50719488
"3367",439,"2024-12-19 06:00:00",1.4,0.5,94,0,NA,103,8.3,NA,1030.1,NA,3,2024-12-19 06:00:00,103.01,10.50413572
"3368",440,"2024-12-19 07:00:00",1,0.1,94,0,NA,123,9,NA,1029.6,NA,1,2024-12-19 07:00:00,102.96,10.49903712
"3369",441,"2024-12-19 08:00:00",0.7,-0.2,94,0,NA,128,8.6,NA,1029.1,NA,1,2024-12-19 08:00:00,102.91,10.49393852
"3370",442,"2024-12-19 09:00:00",0.3,-0.6,94,0,NA,131,7.6,NA,1028.9,NA,1,2024-12-19 09:00:00,102.89,10.49189908
"3371",443,"2024-12-19 10:00:00",0.1,-1.2,91,0,NA,144,5.8,NA,1028.4,NA,1,2024-12-19 10:00:00,102.84,10.48680048
"3372",444,"2024-12-19 11:00:00",0,0,100,0,NA,156,6.8,NA,1026,NA,1,2024-12-19 11:00:00,102.6,10.4623272
"3373",445,"2024-12-19 12:00:00",0,0,100,0,NA,140,5.4,NA,1025,NA,1,2024-12-19 12:00:00,102.5,10.45213
"3374",446,"2024-12-19 13:00:00",1,1,100,0,NA,0,0,NA,1025,NA,1,2024-12-19 13:00:00,102.5,10.45213
"3375",447,"2024-12-19 14:00:00",3,3,100,0,NA,180,9.4,NA,1025,NA,1,2024-12-19 14:00:00,102.5,10.45213
"3376",448,"2024-12-19 15:00:00",7,5.9,93,0,NA,200,22,NA,1025,NA,1,2024-12-19 15:00:00,102.5,10.45213
"3377",449,"2024-12-19 16:00:00",9,6.1,82,0,NA,210,24.1,NA,1025,NA,1,2024-12-19 16:00:00,102.5,10.45213
"3378",450,"2024-12-19 17:00:00",10,6,76,0,NA,220,22,NA,1023,NA,1,2024-12-19 17:00:00,102.3,10.4317356
"3379",451,"2024-12-19 18:00:00",11,5.9,71,0,NA,210,22,NA,1022,NA,1,2024-12-19 18:00:00,102.2,10.4215384
"3380",452,"2024-12-19 19:00:00",12,4.9,62,0,NA,260,18.4,NA,1022,NA,1,2024-12-19 19:00:00,102.2,10.4215384
"3381",453,"2024-12-19 20:00:00",12,4.9,62,0,NA,250,16.6,NA,1022,NA,1,2024-12-19 20:00:00,102.2,10.4215384
"3382",454,"2024-12-19 21:00:00",12,4,58,0,NA,160,18.4,NA,1022,NA,1,2024-12-19 21:00:00,102.2,10.4215384
"3383",455,"2024-12-19 22:00:00",11,4,62,0,NA,280,13,NA,1023,NA,1,2024-12-19 22:00:00,102.3,10.4317356
"3384",456,"2024-12-19 23:00:00",8,1.4,63,0,NA,276,10.4,NA,1023.6,NA,1,2024-12-19 23:00:00,102.36,10.43785392
"3385",457,"2024-12-20 00:00:00",6.5,1.2,69,0,NA,274,10.4,NA,1024.1,NA,1,2024-12-20,102.41,10.44295252
"3386",458,"2024-12-20 01:00:00",8,4,76,0,NA,260,7,NA,1024,NA,1,2024-12-20 01:00:00,102.4,10.4419328
"3387",459,"2024-12-20 02:00:00",7,4,81,0,NA,250,7.6,NA,1024,NA,1,2024-12-20 02:00:00,102.4,10.4419328
"3388",460,"2024-12-20 03:00:00",5.5,1.8,77,0,NA,269,14.4,NA,1024.9,NA,1,2024-12-20 03:00:00,102.49,10.45111028
"3389",461,"2024-12-20 04:00:00",5.4,1.3,75,0,NA,272,15.1,NA,1025.1,NA,1,2024-12-20 04:00:00,102.51,10.45314972
"3390",462,"2024-12-20 05:00:00",5.7,0.5,69,0,NA,279,17.3,NA,1025.3,NA,1,2024-12-20 05:00:00,102.53,10.45518916
"3391",463,"2024-12-20 06:00:00",5.6,-0.3,66,0,NA,305,18.7,NA,1025.6,NA,1,2024-12-20 06:00:00,102.56,10.45824832
"3392",464,"2024-12-20 07:00:00",5.3,-0.8,65,0,NA,321,20.5,NA,1026,NA,1,2024-12-20 07:00:00,102.6,10.4623272
"3393",465,"2024-12-20 08:00:00",4.1,-3.4,58,0,NA,327,24.8,NA,1026.9,NA,1,2024-12-20 08:00:00,102.69,10.47150468
"3394",466,"2024-12-20 09:00:00",1.6,-8.2,48,0,NA,326,23,NA,1028.2,NA,1,2024-12-20 09:00:00,102.82,10.48476104
"3395",467,"2024-12-20 10:00:00",-0.3,-9,52,0,NA,330,23,NA,1029.1,NA,1,2024-12-20 10:00:00,102.91,10.49393852
"3396",468,"2024-12-20 11:00:00",-2,-6,74,0,NA,330,28,NA,1028,NA,1,2024-12-20 11:00:00,102.8,10.4827216
"3397",469,"2024-12-20 12:00:00",-3,-7,74,0,NA,330,20,NA,1029,NA,3,2024-12-20 12:00:00,102.9,10.4929188
"3398",470,"2024-12-20 13:00:00",-3,-7,74,0,NA,340,14.8,NA,1030,NA,1,2024-12-20 13:00:00,103,10.503116
"3399",471,"2024-12-20 14:00:00",-3,-7,74,0,NA,330,20.5,NA,1030,NA,1,2024-12-20 14:00:00,103,10.503116
"3400",472,"2024-12-20 15:00:00",-2,-6.9,69,0,NA,330,20.5,NA,1031,NA,1,2024-12-20 15:00:00,103.1,10.5133132
"3401",473,"2024-12-20 16:00:00",-1,-7,64,0,NA,330,19,NA,1032,NA,1,2024-12-20 16:00:00,103.2,10.5235104
"3402",474,"2024-12-20 17:00:00",1,-5.9,60,0,NA,320,18.4,NA,1031,NA,1,2024-12-20 17:00:00,103.1,10.5133132
"3403",475,"2024-12-20 18:00:00",2,-6.1,55,0,NA,360,26,NA,1031,NA,1,2024-12-20 18:00:00,103.1,10.5133132
"3404",476,"2024-12-20 19:00:00",3,-4.9,56,0,NA,20,16.6,NA,1031,NA,1,2024-12-20 19:00:00,103.1,10.5133132
"3405",477,"2024-12-20 20:00:00",0.9,-8.4,50,0,NA,343,14.8,NA,1032.8,NA,1,2024-12-20 20:00:00,103.28,10.53166816
"3406",478,"2024-12-20 21:00:00",3,-4.9,56,0,NA,350,13,NA,1031,NA,1,2024-12-20 21:00:00,103.1,10.5133132
"3407",479,"2024-12-20 22:00:00",2,-5,60,0,NA,10,9.4,NA,1031,NA,1,2024-12-20 22:00:00,103.1,10.5133132
"3408",480,"2024-12-20 23:00:00",0,-6,64,0,NA,20,9.4,NA,1030,NA,1,2024-12-20 23:00:00,103,10.503116
"3409",481,"2024-12-21 00:00:00",0,-5,69,0,NA,20,11.2,NA,1030,NA,1,2024-12-21,103,10.503116
"3410",482,"2024-12-21 01:00:00",0,-5,69,0,NA,30,11,NA,1030,NA,1,2024-12-21 01:00:00,103,10.503116
"3411",483,"2024-12-21 02:00:00",-1,-4,80,0,NA,50,9.4,NA,1029,NA,1,2024-12-21 02:00:00,102.9,10.4929188
"3412",484,"2024-12-21 03:00:00",-2.2,-5.9,76,0,NA,51,8.6,NA,1031.4,NA,1,2024-12-21 03:00:00,103.14,10.51739208
"3413",485,"2024-12-21 04:00:00",-2.5,-5.8,78,0,NA,61,8.3,NA,1031.5,NA,1,2024-12-21 04:00:00,103.15,10.5184118
"3414",486,"2024-12-21 05:00:00",-2.8,-5.8,80,0,NA,81,8.6,NA,1031.7,NA,1,2024-12-21 05:00:00,103.17,10.52045124
"3415",487,"2024-12-21 06:00:00",-3.1,-5.9,81,0,NA,88,8.6,NA,1031.8,NA,1,2024-12-21 06:00:00,103.18,10.52147096
"3416",488,"2024-12-21 07:00:00",-3.3,-6.1,81,0,NA,82,9,NA,1031.8,NA,1,2024-12-21 07:00:00,103.18,10.52147096
"3417",489,"2024-12-21 08:00:00",-3.5,-6.3,81,0,NA,84,9.7,NA,1032.4,NA,1,2024-12-21 08:00:00,103.24,10.52758928
"3418",490,"2024-12-21 09:00:00",-3.6,-6.4,81,0,NA,89,9.7,NA,1032.6,NA,1,2024-12-21 09:00:00,103.26,10.52962872
"3419",491,"2024-12-21 10:00:00",-3.9,-6.7,81,0,NA,97,9,NA,1032.8,NA,1,2024-12-21 10:00:00,103.28,10.53166816
"3420",492,"2024-12-21 11:00:00",-4,-4,100,0,NA,0,0,NA,1031,NA,1,2024-12-21 11:00:00,103.1,10.5133132
"3421",493,"2024-12-21 12:00:00",-4,-4,100,0,NA,70,14.8,NA,1031,NA,1,2024-12-21 12:00:00,103.1,10.5133132
"3422",494,"2024-12-21 13:00:00",-4,-4,100,0,NA,80,9.4,NA,1031,NA,1,2024-12-21 13:00:00,103.1,10.5133132
"3423",495,"2024-12-21 14:00:00",-3,-4,93,0,NA,90,13,NA,1031,NA,1,2024-12-21 14:00:00,103.1,10.5133132
"3424",496,"2024-12-21 15:00:00",0,-3,80,0,NA,100,7.6,NA,1031,NA,1,2024-12-21 15:00:00,103.1,10.5133132
"3425",497,"2024-12-21 16:00:00",2,-2.9,70,0,NA,100,7,NA,1030,NA,1,2024-12-21 16:00:00,103,10.503116
"3426",498,"2024-12-21 17:00:00",4,-4,56,0,NA,130,5.4,NA,1030,NA,1,2024-12-21 17:00:00,103,10.503116
"3427",499,"2024-12-21 18:00:00",5,-4,52,0,NA,0,0,NA,1028,NA,1,2024-12-21 18:00:00,102.8,10.4827216
"3428",500,"2024-12-21 19:00:00",7,-3,49,0,NA,0,0,NA,1027,NA,1,2024-12-21 19:00:00,102.7,10.4725244
"3429",501,"2024-12-21 20:00:00",7,-3.8,46,0,NA,309,5.4,NA,1027,NA,1,2024-12-21 20:00:00,102.7,10.4725244
"3430",502,"2024-12-21 21:00:00",8,-3.8,43,0,NA,0,0,NA,1027,NA,1,2024-12-21 21:00:00,102.7,10.4725244
"3431",503,"2024-12-21 22:00:00",7,-3.8,46,0,NA,0,0,NA,1027,NA,1,2024-12-21 22:00:00,102.7,10.4725244
"3432",504,"2024-12-21 23:00:00",1.3,-8,50,0,NA,38,6.1,NA,1028.9,NA,1,2024-12-21 23:00:00,102.89,10.49189908
"3433",505,"2024-12-22 00:00:00",2,-2,75,0,NA,0,0,NA,1026,NA,1,2024-12-22,102.6,10.4623272
"3434",506,"2024-12-22 01:00:00",2,-3.9,65,0,NA,173,8.3,NA,1027,NA,1,2024-12-22 01:00:00,102.7,10.4725244
"3435",507,"2024-12-22 02:00:00",1,-2.1,80,0,NA,0,0,NA,1027,NA,1,2024-12-22 02:00:00,102.7,10.4725244
"3436",508,"2024-12-22 03:00:00",-2.6,-5.9,78,0,NA,168,8.3,NA,1029,NA,1,2024-12-22 03:00:00,102.9,10.4929188
"3437",509,"2024-12-22 04:00:00",-2.3,-5.1,81,0,NA,160,8.6,NA,1029,NA,1,2024-12-22 04:00:00,102.9,10.4929188
"3438",510,"2024-12-22 05:00:00",-1.9,-5.2,78,0,NA,163,10.1,NA,1028.9,NA,1,2024-12-22 05:00:00,102.89,10.49189908
"3439",511,"2024-12-22 06:00:00",-1.4,-5.8,72,0,NA,172,11.5,NA,1028.7,NA,1,2024-12-22 06:00:00,102.87,10.48985964
"3440",512,"2024-12-22 07:00:00",-1.3,-5.7,72,0,NA,175,11.5,NA,1028.7,NA,1,2024-12-22 07:00:00,102.87,10.48985964
"3441",513,"2024-12-22 08:00:00",-1.6,-5.1,77,0,NA,178,10.4,NA,1028.8,NA,1,2024-12-22 08:00:00,102.88,10.49087936
"3442",514,"2024-12-22 09:00:00",-1,-4.5,77,0,NA,178,10.1,NA,1028.4,NA,1,2024-12-22 09:00:00,102.84,10.48680048
"3443",515,"2024-12-22 10:00:00",-1,-4.2,79,0,NA,175,10.4,NA,1028,NA,1,2024-12-22 10:00:00,102.8,10.4827216
"3444",516,"2024-12-22 11:00:00",-1,-1,100,0,NA,130,5.4,NA,1026,NA,1,2024-12-22 11:00:00,102.6,10.4623272
"3445",517,"2024-12-22 12:00:00",-1,-1,100,0,NA,120,5.4,NA,1026,NA,1,2024-12-22 12:00:00,102.6,10.4623272
"3446",518,"2024-12-22 13:00:00",-1,-1,100,0,NA,130,7.6,NA,1026,NA,1,2024-12-22 13:00:00,102.6,10.4623272
"3447",519,"2024-12-22 14:00:00",1,0,93,0,NA,130,7.6,NA,1026,NA,1,2024-12-22 14:00:00,102.6,10.4623272
"3448",520,"2024-12-22 15:00:00",3,1,87,0,NA,150,13,NA,1026,NA,1,2024-12-22 15:00:00,102.6,10.4623272
"3449",521,"2024-12-22 16:00:00",7,0,61,0,NA,160,11.2,NA,1026,NA,1,2024-12-22 16:00:00,102.6,10.4623272
"3450",522,"2024-12-22 17:00:00",10,0,50,0,NA,190,18.4,NA,1025,NA,1,2024-12-22 17:00:00,102.5,10.45213
"3451",523,"2024-12-22 18:00:00",10,1.1,54,0,NA,190,20.5,NA,1023,NA,1,2024-12-22 18:00:00,102.3,10.4317356
"3452",524,"2024-12-22 19:00:00",12,1.9,50,0,NA,210,20,NA,1022,NA,1,2024-12-22 19:00:00,102.2,10.4215384
"3453",525,"2024-12-22 20:00:00",12,1.9,50,0,NA,200,20.5,NA,1022,NA,1,2024-12-22 20:00:00,102.2,10.4215384
"3454",526,"2024-12-22 21:00:00",11,2,54,0,NA,190,14.8,NA,1022,NA,1,2024-12-22 21:00:00,102.2,10.4215384
"3455",527,"2024-12-22 22:00:00",9,2.1,62,0,NA,160,14.8,NA,1022,NA,1,2024-12-22 22:00:00,102.2,10.4215384
"3456",528,"2024-12-22 23:00:00",8,2,66,0,NA,140,11.2,NA,1021,NA,1,2024-12-22 23:00:00,102.1,10.4113412
"3457",529,"2024-12-23 00:00:00",6,0.9,70,0,NA,150,11.2,NA,1021,NA,1,2024-12-23,102.1,10.4113412
"3458",530,"2024-12-23 01:00:00",6,0.9,70,0,NA,130,11.2,NA,1021,NA,1,2024-12-23 01:00:00,102.1,10.4113412
"3459",531,"2024-12-23 02:00:00",6,0.9,70,0,NA,140,11.2,NA,1021,NA,1,2024-12-23 02:00:00,102.1,10.4113412
"3460",532,"2024-12-23 03:00:00",3.8,-2.6,63,0,NA,171,22.7,NA,1023.3,NA,1,2024-12-23 03:00:00,102.33,10.43479476
"3461",533,"2024-12-23 04:00:00",3.9,-2.7,62,0,NA,172,22.3,NA,1023.5,NA,1,2024-12-23 04:00:00,102.35,10.4368342
"3462",534,"2024-12-23 05:00:00",5.1,-2.3,59,0,NA,176,22.3,NA,1023.1,NA,1,2024-12-23 05:00:00,102.31,10.43275532
"3463",535,"2024-12-23 06:00:00",5.1,-2.5,58,0,NA,184,21.2,NA,1023,NA,1,2024-12-23 06:00:00,102.3,10.4317356
"3464",536,"2024-12-23 07:00:00",5.4,-2.7,56,0,NA,184,22.3,NA,1022.9,NA,3,2024-12-23 07:00:00,102.29,10.43071588
"3465",537,"2024-12-23 08:00:00",6,-2.6,54,0,NA,186,23.8,NA,1022.7,NA,3,2024-12-23 08:00:00,102.27,10.42867644
"3466",538,"2024-12-23 09:00:00",7.2,-2.3,51,0,NA,187,24.1,NA,1022.3,NA,3,2024-12-23 09:00:00,102.23,10.42459756
"3467",539,"2024-12-23 10:00:00",7.5,-1.5,53,0,NA,190,22.7,NA,1021.7,NA,3,2024-12-23 10:00:00,102.17,10.41847924
"3468",540,"2024-12-23 11:00:00",9,3,66,0,NA,180,18.4,NA,1021,NA,3,2024-12-23 11:00:00,102.1,10.4113412
"3469",541,"2024-12-23 12:00:00",10,3.1,62,0,NA,170,16.6,NA,1021,NA,3,2024-12-23 12:00:00,102.1,10.4113412
"3470",542,"2024-12-23 13:00:00",9,3,66,0,NA,160,9.4,NA,1021,NA,3,2024-12-23 13:00:00,102.1,10.4113412
"3471",543,"2024-12-23 14:00:00",10,3.9,66,0,NA,160,13,NA,1022,NA,3,2024-12-23 14:00:00,102.2,10.4215384
"3472",544,"2024-12-23 15:00:00",11,5.9,71,0,NA,180,22.3,NA,1022,NA,3,2024-12-23 15:00:00,102.2,10.4215384
"3473",545,"2024-12-23 16:00:00",12,6.1,67,0,NA,180,20.5,NA,1022,NA,3,2024-12-23 16:00:00,102.2,10.4215384
"3474",546,"2024-12-23 17:00:00",12,7.1,72,0,NA,200,22.3,NA,1022,NA,3,2024-12-23 17:00:00,102.2,10.4215384
"3475",547,"2024-12-23 18:00:00",12,6.1,67,0,NA,180,22.3,NA,1021,NA,3,2024-12-23 18:00:00,102.1,10.4113412
"3476",548,"2024-12-23 19:00:00",12,6.1,67,0,NA,180,22.3,NA,1020,NA,3,2024-12-23 19:00:00,102,10.401144
"3477",549,"2024-12-23 20:00:00",13,8.1,72,0.1,NA,190,16.6,NA,1021,NA,7,2024-12-23 20:00:00,102.1,10.4113412
"3478",550,"2024-12-23 21:00:00",13,8.1,72,0,NA,180,11.2,NA,1021,NA,3,2024-12-23 21:00:00,102.1,10.4113412
"3479",551,"2024-12-23 22:00:00",12,8.1,77,0,NA,180,11.2,NA,1021,NA,3,2024-12-23 22:00:00,102.1,10.4113412
"3480",552,"2024-12-23 23:00:00",12,9,82,0,NA,140,5.4,NA,1021,NA,3,2024-12-23 23:00:00,102.1,10.4113412
"3481",553,"2024-12-24 00:00:00",12,9,82,1.4,NA,0,0,NA,1022,NA,9,2024-12-24,102.2,10.4215384
"3482",554,"2024-12-24 01:00:00",12,9,82,1.2,NA,155,11.2,NA,1022,NA,9,2024-12-24 01:00:00,102.2,10.4215384
"3483",555,"2024-12-24 02:00:00",11,11,100,0,NA,160,7.6,NA,1022,NA,5,2024-12-24 02:00:00,102.2,10.4215384
"3484",556,"2024-12-24 03:00:00",8.6,6.7,88,2.2,NA,213,9.4,NA,1022.2,NA,9,2024-12-24 03:00:00,102.22,10.42357784
"3485",557,"2024-12-24 04:00:00",8.8,7.2,90,1.2,NA,166,11.9,NA,1022.9,NA,9,2024-12-24 04:00:00,102.29,10.43071588
"3486",558,"2024-12-24 05:00:00",8.9,6.7,86,1.2,NA,147,14,NA,1022.8,NA,9,2024-12-24 05:00:00,102.28,10.42969616
"3487",559,"2024-12-24 06:00:00",8.7,5.4,80,0,NA,157,13.3,NA,1022.7,NA,3,2024-12-24 06:00:00,102.27,10.42867644
"3488",560,"2024-12-24 07:00:00",8.7,4.5,75,0,NA,156,13,NA,1022.7,NA,3,2024-12-24 07:00:00,102.27,10.42867644
"3489",561,"2024-12-24 08:00:00",7.4,6,91,1.1,NA,149,8.6,NA,1022.6,NA,9,2024-12-24 08:00:00,102.26,10.42765672
"3490",562,"2024-12-24 09:00:00",7.1,6.2,94,2.8,NA,119,6.5,NA,1022.9,NA,9,2024-12-24 09:00:00,102.29,10.43071588
"3491",563,"2024-12-24 10:00:00",7.2,6.5,95,4.6,NA,106,7.2,NA,1022.6,NA,9,2024-12-24 10:00:00,102.26,10.42765672
"3492",564,"2024-12-24 11:00:00",7,7,100,4.5,NA,90,13,NA,1022,NA,5,2024-12-24 11:00:00,102.2,10.4215384
"3493",565,"2024-12-24 12:00:00",7,7,100,2.9,NA,90,13,NA,1022,NA,5,2024-12-24 12:00:00,102.2,10.4215384
"3494",566,"2024-12-24 13:00:00",7,7,100,2.7,NA,60,11.2,NA,1021,NA,5,2024-12-24 13:00:00,102.1,10.4113412
"3495",567,"2024-12-24 14:00:00",7,7,100,1.4,NA,80,11,NA,1021,NA,5,2024-12-24 14:00:00,102.1,10.4113412
"3496",568,"2024-12-24 15:00:00",8,8,100,0.8,NA,60,11.2,NA,1022,NA,5,2024-12-24 15:00:00,102.2,10.4215384
"3497",569,"2024-12-24 16:00:00",8,8,100,0.5,NA,80,15,NA,1022,NA,5,2024-12-24 16:00:00,102.2,10.4215384
"3498",570,"2024-12-24 17:00:00",8,8,100,1,NA,70,7.6,NA,1021,NA,5,2024-12-24 17:00:00,102.1,10.4113412
"3499",571,"2024-12-24 18:00:00",9,9,100,0.2,NA,70,7.6,NA,1020,NA,5,2024-12-24 18:00:00,102,10.401144
"3500",572,"2024-12-24 19:00:00",9,9,100,0.2,NA,80,7.6,NA,1020,NA,5,2024-12-24 19:00:00,102,10.401144
"3501",573,"2024-12-24 20:00:00",9,9,100,0.1,NA,60,11,NA,1020,NA,5,2024-12-24 20:00:00,102,10.401144
"3502",574,"2024-12-24 21:00:00",9,9,100,0,NA,70,9.4,NA,1020,NA,5,2024-12-24 21:00:00,102,10.401144
"3503",575,"2024-12-24 22:00:00",8,8,100,0,NA,60,9.4,NA,1020,NA,5,2024-12-24 22:00:00,102,10.401144
"3504",576,"2024-12-24 23:00:00",8,8,100,0,NA,70,13,NA,1020,NA,5,2024-12-24 23:00:00,102,10.401144
"3505",577,"2024-12-25 00:00:00",8,8,100,0,NA,30,13,NA,1020,NA,3,2024-12-25,102,10.401144
"3506",578,"2024-12-25 01:00:00",8,8,100,0.1,NA,60,9,NA,1021,NA,5,2024-12-25 01:00:00,102.1,10.4113412
"3507",579,"2024-12-25 02:00:00",7,7,100,0,NA,70,11.2,NA,1021,NA,5,2024-12-25 02:00:00,102.1,10.4113412
"3508",580,"2024-12-25 03:00:00",7.6,7.3,98,0,NA,61,13.3,NA,1021.5,NA,3,2024-12-25 03:00:00,102.15,10.4164398
"3509",581,"2024-12-25 04:00:00",7.5,7.2,98,0,NA,56,12.6,NA,1020.9,NA,3,2024-12-25 04:00:00,102.09,10.41032148
"3510",582,"2024-12-25 05:00:00",7.4,7.1,98,0,NA,58,13,NA,1020.7,NA,3,2024-12-25 05:00:00,102.07,10.40828204
"3511",583,"2024-12-25 06:00:00",7.3,7,98,0,NA,61,14,NA,1020.6,NA,3,2024-12-25 06:00:00,102.06,10.40726232
"3512",584,"2024-12-25 07:00:00",7.2,6.9,98,0,NA,57,13.7,NA,1020.2,NA,3,2024-12-25 07:00:00,102.02,10.40318344
"3513",585,"2024-12-25 08:00:00",6.9,6.8,99,0,NA,53,11.9,NA,1019.5,NA,3,2024-12-25 08:00:00,101.95,10.3960454
"3514",586,"2024-12-25 09:00:00",6.8,6.7,99,0.4,NA,62,11.2,NA,1019.7,NA,8,2024-12-25 09:00:00,101.97,10.39808484
"3515",587,"2024-12-25 10:00:00",7,6.7,98,0.2,NA,61,11.9,NA,1019.4,NA,7,2024-12-25 10:00:00,101.94,10.39502568
"3516",588,"2024-12-25 11:00:00",7,7,100,0,NA,80,7.6,NA,1018,NA,5,2024-12-25 11:00:00,101.8,10.3807496
"3517",589,"2024-12-25 12:00:00",7,7,100,0,NA,100,7.6,NA,1018,NA,5,2024-12-25 12:00:00,101.8,10.3807496
"3518",590,"2024-12-25 13:00:00",7,7,100,0,NA,50,7.6,NA,1018,NA,5,2024-12-25 13:00:00,101.8,10.3807496
"3519",591,"2024-12-25 14:00:00",7,7,100,0,NA,80,9.4,NA,1019,NA,5,2024-12-25 14:00:00,101.9,10.3909468
"3520",592,"2024-12-25 15:00:00",8,8,100,0,NA,80,11,NA,1019,NA,3,2024-12-25 15:00:00,101.9,10.3909468
"3521",593,"2024-12-25 16:00:00",9,9,100,0,NA,0,0,NA,1019,NA,3,2024-12-25 16:00:00,101.9,10.3909468
"3522",594,"2024-12-25 17:00:00",9,9,100,0,NA,0,0,NA,1018,NA,3,2024-12-25 17:00:00,101.8,10.3807496
"3523",595,"2024-12-25 18:00:00",9,9,100,0.1,NA,30,6,NA,1017,NA,7,2024-12-25 18:00:00,101.7,10.3705524
"3524",596,"2024-12-25 19:00:00",10,10,100,0.3,NA,60,5.4,NA,1017,NA,8,2024-12-25 19:00:00,101.7,10.3705524
"3525",597,"2024-12-25 20:00:00",10,10,100,0.4,NA,50,6,NA,1016,NA,8,2024-12-25 20:00:00,101.6,10.3603552
"3526",598,"2024-12-25 21:00:00",10,10,100,0.7,NA,50,7.6,NA,1017,NA,5,2024-12-25 21:00:00,101.7,10.3705524
"3527",599,"2024-12-25 22:00:00",9,9,100,0.3,NA,70,7.6,NA,1016,NA,5,2024-12-25 22:00:00,101.6,10.3603552
"3528",600,"2024-12-25 23:00:00",9,9,100,0.2,NA,70,7,NA,1016,NA,5,2024-12-25 23:00:00,101.6,10.3603552
"3529",601,"2024-12-26 00:00:00",9,9,100,0,NA,90,9.4,NA,1017,NA,5,2024-12-26,101.7,10.3705524
"3530",602,"2024-12-26 01:00:00",9,9,100,0,NA,80,7,NA,1017,NA,5,2024-12-26 01:00:00,101.7,10.3705524
"3531",603,"2024-12-26 02:00:00",9,9,100,0,NA,70,7.6,NA,1017,NA,5,2024-12-26 02:00:00,101.7,10.3705524
"3532",604,"2024-12-26 03:00:00",9.9,9.6,98,0,NA,120,8.6,NA,1017.1,NA,3,2024-12-26 03:00:00,101.71,10.37157212
"3533",605,"2024-12-26 04:00:00",9.6,9.1,97,0,NA,115,11.5,NA,1017.1,NA,3,2024-12-26 04:00:00,101.71,10.37157212
"3534",606,"2024-12-26 05:00:00",9.5,9.2,98,0.2,NA,114,11.9,NA,1017.1,NA,7,2024-12-26 05:00:00,101.71,10.37157212
"3535",607,"2024-12-26 06:00:00",9.7,9.4,98,0,NA,136,13,NA,1017.1,NA,3,2024-12-26 06:00:00,101.71,10.37157212
"3536",608,"2024-12-26 07:00:00",10.2,9.7,97,0,NA,144,14.4,NA,1017,NA,3,2024-12-26 07:00:00,101.7,10.3705524
"3537",609,"2024-12-26 08:00:00",10.6,10,96,0,NA,148,15.5,NA,1017.2,NA,3,2024-12-26 08:00:00,101.72,10.37259184
"3538",610,"2024-12-26 09:00:00",10.5,10.2,98,0,NA,146,15.8,NA,1017.5,NA,3,2024-12-26 09:00:00,101.75,10.375651
"3539",611,"2024-12-26 10:00:00",10.7,10.4,98,0,NA,145,14.4,NA,1017,NA,3,2024-12-26 10:00:00,101.7,10.3705524
"3540",612,"2024-12-26 11:00:00",11,11,100,0,NA,110,7.6,NA,1018,NA,3,2024-12-26 11:00:00,101.8,10.3807496
"3541",613,"2024-12-26 12:00:00",11,11,100,0,NA,110,9.4,NA,1018,NA,3,2024-12-26 12:00:00,101.8,10.3807496
"3542",614,"2024-12-26 13:00:00",11,11,100,0,NA,110,5.4,NA,1018,NA,3,2024-12-26 13:00:00,101.8,10.3807496
"3543",615,"2024-12-26 14:00:00",12,12,100,0,NA,120,6,NA,1018,NA,2,2024-12-26 14:00:00,101.8,10.3807496
"3544",616,"2024-12-26 15:00:00",12,12,100,0,NA,120,5.4,NA,1018,NA,3,2024-12-26 15:00:00,101.8,10.3807496
"3545",617,"2024-12-26 16:00:00",13,13,100,0,NA,120,9.4,NA,1017,NA,3,2024-12-26 16:00:00,101.7,10.3705524
"3546",618,"2024-12-26 17:00:00",14,14,100,0,NA,150,13,NA,1015,NA,3,2024-12-26 17:00:00,101.5,10.350158
"3547",619,"2024-12-26 18:00:00",14,14,100,0,NA,140,11,NA,1014,NA,3,2024-12-26 18:00:00,101.4,10.3399608
"3548",620,"2024-12-26 19:00:00",14,14,100,0,NA,150,7.6,NA,1014,NA,3,2024-12-26 19:00:00,101.4,10.3399608
"3549",621,"2024-12-26 20:00:00",14,14,100,0,NA,130,13,NA,1013,NA,3,2024-12-26 20:00:00,101.3,10.3297636
"3550",622,"2024-12-26 21:00:00",14,14,100,0,NA,130,13,NA,1013,NA,3,2024-12-26 21:00:00,101.3,10.3297636
"3551",623,"2024-12-26 22:00:00",13,13,100,0,NA,130,9.4,NA,1013,NA,3,2024-12-26 22:00:00,101.3,10.3297636
"3552",624,"2024-12-26 23:00:00",12,12,100,0.2,NA,140,9,NA,1013,NA,7,2024-12-26 23:00:00,101.3,10.3297636
"3553",625,"2024-12-27 00:00:00",12,12,100,1.9,NA,110,9.4,NA,1012,NA,9,2024-12-27,101.2,10.3195664
"3554",626,"2024-12-27 01:00:00",11,11,100,4.7,NA,90,25.9,NA,1010,NA,9,2024-12-27 01:00:00,101,10.299172
"3555",627,"2024-12-27 02:00:00",12,12,100,5.9,NA,90,14.8,NA,1010,NA,9,2024-12-27 02:00:00,101,10.299172
"3556",628,"2024-12-27 03:00:00",11,10.5,97,3.8,NA,62,18,NA,1010.7,NA,9,2024-12-27 03:00:00,101.07,10.30631004
"3557",629,"2024-12-27 04:00:00",10.7,10.2,97,2.2,NA,51,18,NA,1009.9,NA,9,2024-12-27 04:00:00,100.99,10.29815228
"3558",630,"2024-12-27 05:00:00",10.1,9.6,97,1.8,NA,96,10.4,NA,1009,NA,9,2024-12-27 05:00:00,100.9,10.2889748
"3559",631,"2024-12-27 06:00:00",9.7,9.4,98,0.5,NA,72,8.3,NA,1008,NA,8,2024-12-27 06:00:00,100.8,10.2787776
"3560",632,"2024-12-27 07:00:00",9.7,9.4,98,0,NA,22,5.8,NA,1007.9,NA,3,2024-12-27 07:00:00,100.79,10.27775788
"3561",633,"2024-12-27 08:00:00",9.7,9.4,98,0,NA,32,6.8,NA,1008.2,NA,3,2024-12-27 08:00:00,100.82,10.28081704
"3562",634,"2024-12-27 09:00:00",9.6,9.5,99,0,NA,27,7.2,NA,1008.1,NA,3,2024-12-27 09:00:00,100.81,10.27979732
"3563",635,"2024-12-27 10:00:00",9.6,9.5,99,0,NA,39,8.6,NA,1007.5,NA,3,2024-12-27 10:00:00,100.75,10.273679
"3564",636,"2024-12-27 11:00:00",10,10,100,0,NA,0,0,NA,1008,NA,5,2024-12-27 11:00:00,100.8,10.2787776
"3565",637,"2024-12-27 12:00:00",10,10,100,0,NA,0,0,NA,1008,NA,5,2024-12-27 12:00:00,100.8,10.2787776
"3566",638,"2024-12-27 13:00:00",10,10,100,0,NA,220,13,NA,1009,NA,5,2024-12-27 13:00:00,100.9,10.2889748
"3567",639,"2024-12-27 14:00:00",11,11,100,0,NA,220,11,NA,1010,NA,5,2024-12-27 14:00:00,101,10.299172
"3568",640,"2024-12-27 15:00:00",11,11,100,0,NA,230,11.2,NA,1010,NA,5,2024-12-27 15:00:00,101,10.299172
"3569",641,"2024-12-27 16:00:00",11,11,100,0,NA,230,11.2,NA,1011,NA,5,2024-12-27 16:00:00,101.1,10.3093692
"3570",642,"2024-12-27 17:00:00",12,12,100,0,NA,230,14.8,NA,1010,NA,3,2024-12-27 17:00:00,101,10.299172
"3571",643,"2024-12-27 18:00:00",13,13,100,0.2,NA,210,18.4,NA,1008,NA,7,2024-12-27 18:00:00,100.8,10.2787776
"3572",644,"2024-12-27 19:00:00",13,13,100,0,NA,210,18.4,NA,1008,NA,3,2024-12-27 19:00:00,100.8,10.2787776
"3573",645,"2024-12-27 20:00:00",13,13,100,0,NA,210,13,NA,1008,NA,3,2024-12-27 20:00:00,100.8,10.2787776
"3574",646,"2024-12-27 21:00:00",13,13,100,0,NA,210,14.8,NA,1008,NA,3,2024-12-27 21:00:00,100.8,10.2787776
"3575",647,"2024-12-27 22:00:00",12,12,100,0,NA,220,13,NA,1009,NA,2,2024-12-27 22:00:00,100.9,10.2889748
"3576",648,"2024-12-27 23:00:00",12,12,100,0,NA,220,13,NA,1009,NA,1,2024-12-27 23:00:00,100.9,10.2889748
"3577",649,"2024-12-28 00:00:00",12,12,100,0,NA,196,8.6,NA,1010,NA,1,2024-12-28,101,10.299172
"3578",650,"2024-12-28 01:00:00",12,12,100,0,NA,190,5.4,NA,1010,NA,3,2024-12-28 01:00:00,101,10.299172
"3579",651,"2024-12-28 02:00:00",11,11,100,0,NA,200,5.4,NA,1010,NA,3,2024-12-28 02:00:00,101,10.299172
"3580",652,"2024-12-28 03:00:00",9.9,9,94,0,NA,203,8.6,NA,1010,NA,3,2024-12-28 03:00:00,101,10.299172
"3581",653,"2024-12-28 04:00:00",8.6,7.8,95,0,NA,213,5,NA,1010.6,NA,3,2024-12-28 04:00:00,101.06,10.30529032
"3582",654,"2024-12-28 05:00:00",8.2,7.6,96,0,NA,177,5,NA,1011.1,NA,3,2024-12-28 05:00:00,101.11,10.31038892
"3583",655,"2024-12-28 06:00:00",8.4,7.8,96,0,NA,173,7.2,NA,1011.1,NA,3,2024-12-28 06:00:00,101.11,10.31038892
"3584",656,"2024-12-28 07:00:00",7.9,7.3,96,0,NA,172,6.1,NA,1011.3,NA,3,2024-12-28 07:00:00,101.13,10.31242836
"3585",657,"2024-12-28 08:00:00",8,7.2,95,0,NA,143,4.7,NA,1011.3,NA,3,2024-12-28 08:00:00,101.13,10.31242836
"3586",658,"2024-12-28 09:00:00",8.2,7.6,96,0,NA,127,5,NA,1011.3,NA,3,2024-12-28 09:00:00,101.13,10.31242836
"3587",659,"2024-12-28 10:00:00",7.8,7.2,96,0,NA,133,5,NA,1011.5,NA,3,2024-12-28 10:00:00,101.15,10.3144678
"3588",660,"2024-12-28 11:00:00",9,9,100,0,NA,110,5.4,NA,1013,NA,3,2024-12-28 11:00:00,101.3,10.3297636
"3589",661,"2024-12-28 12:00:00",9,9,100,0,NA,0,0,NA,1013,NA,3,2024-12-28 12:00:00,101.3,10.3297636
"3590",662,"2024-12-28 13:00:00",8,8,100,0,NA,127,9.4,NA,1014,NA,5,2024-12-28 13:00:00,101.4,10.3399608
"3591",663,"2024-12-28 14:00:00",10,10,100,0,NA,70,9.4,NA,1013,NA,3,2024-12-28 14:00:00,101.3,10.3297636
"3592",664,"2024-12-28 15:00:00",11,11,100,0,NA,70,5.4,NA,1013,NA,3,2024-12-28 15:00:00,101.3,10.3297636
"3593",665,"2024-12-28 16:00:00",11,11,100,0,NA,110,9.4,NA,1014,NA,3,2024-12-28 16:00:00,101.4,10.3399608
"3594",666,"2024-12-28 17:00:00",12,12,100,0,NA,60,7.6,NA,1012,NA,3,2024-12-28 17:00:00,101.2,10.3195664
"3595",667,"2024-12-28 18:00:00",12,12,100,0.4,NA,60,9.4,NA,1012,NA,8,2024-12-28 18:00:00,101.2,10.3195664
"3596",668,"2024-12-28 19:00:00",13,13,100,1.4,NA,70,9,NA,1011,NA,9,2024-12-28 19:00:00,101.1,10.3093692
"3597",669,"2024-12-28 20:00:00",13,13,100,1.1,NA,110,7.6,NA,1010,NA,9,2024-12-28 20:00:00,101,10.299172
"3598",670,"2024-12-28 21:00:00",13,13,100,0.1,NA,0,0,NA,1011,NA,7,2024-12-28 21:00:00,101.1,10.3093692
"3599",671,"2024-12-28 22:00:00",13,13,100,0,NA,40,7.6,NA,1010,NA,3,2024-12-28 22:00:00,101,10.299172
"3600",672,"2024-12-28 23:00:00",11,11,100,0,NA,0,0,NA,1011,NA,3,2024-12-28 23:00:00,101.1,10.3093692
"3601",673,"2024-12-29 00:00:00",11,11,100,0,NA,300,11,NA,1011,NA,3,2024-12-29,101.1,10.3093692
"3602",674,"2024-12-29 01:00:00",11,11,100,0,NA,300,11.2,NA,1011,NA,3,2024-12-29 01:00:00,101.1,10.3093692
"3603",675,"2024-12-29 02:00:00",11,11,100,0,NA,310,11.2,NA,1011,NA,3,2024-12-29 02:00:00,101.1,10.3093692
"3604",676,"2024-12-29 03:00:00",9.4,9.1,98,0,NA,341,11.2,NA,1010.8,NA,3,2024-12-29 03:00:00,101.08,10.30732976
"3605",677,"2024-12-29 04:00:00",8.5,8.4,99,0,NA,353,6.5,NA,1010.8,NA,3,2024-12-29 04:00:00,101.08,10.30732976
"3606",678,"2024-12-29 05:00:00",8.3,8.2,99,0,NA,324,8.6,NA,1010.8,NA,3,2024-12-29 05:00:00,101.08,10.30732976
"3607",679,"2024-12-29 06:00:00",7.2,7.2,100,0,NA,311,9,NA,1011.2,NA,3,2024-12-29 06:00:00,101.12,10.31140864
"3608",680,"2024-12-29 07:00:00",8.3,8.3,100,0,NA,308,8.3,NA,1011,NA,3,2024-12-29 07:00:00,101.1,10.3093692
"3609",681,"2024-12-29 08:00:00",9,9,100,0,NA,290,11.5,NA,1010.8,NA,3,2024-12-29 08:00:00,101.08,10.30732976
"3610",682,"2024-12-29 09:00:00",8.6,8.6,100,0,NA,297,9.7,NA,1011.2,NA,5,2024-12-29 09:00:00,101.12,10.31140864
"3611",683,"2024-12-29 10:00:00",8.1,8.1,100,0,NA,290,9.4,NA,1011.4,NA,5,2024-12-29 10:00:00,101.14,10.31344808
"3612",684,"2024-12-29 11:00:00",9,9,100,0,NA,300,7.6,NA,1012,NA,5,2024-12-29 11:00:00,101.2,10.3195664
"3613",685,"2024-12-29 12:00:00",9,9,100,0,NA,320,9.4,NA,1012,NA,5,2024-12-29 12:00:00,101.2,10.3195664
"3614",686,"2024-12-29 13:00:00",9,9,100,0,NA,310,5.4,NA,1013,NA,5,2024-12-29 13:00:00,101.3,10.3297636
"3615",687,"2024-12-29 14:00:00",9,9,100,0,NA,310,5.4,NA,1013,NA,5,2024-12-29 14:00:00,101.3,10.3297636
"3616",688,"2024-12-29 15:00:00",9,9,100,0,NA,230,9,NA,1013,NA,5,2024-12-29 15:00:00,101.3,10.3297636
"3617",689,"2024-12-29 16:00:00",10,10,100,0,NA,220,13,NA,1013,NA,3,2024-12-29 16:00:00,101.3,10.3297636
"3618",690,"2024-12-29 17:00:00",12,12,100,0,NA,260,16.6,NA,1012,NA,3,2024-12-29 17:00:00,101.2,10.3195664
"3619",691,"2024-12-29 18:00:00",13,12.1,94,0,NA,250,24,NA,1011,NA,3,2024-12-29 18:00:00,101.1,10.3093692
"3620",692,"2024-12-29 19:00:00",14,12,88,0,NA,230,18.4,NA,1011,NA,3,2024-12-29 19:00:00,101.1,10.3093692
"3621",693,"2024-12-29 20:00:00",14,11,82,0,NA,260,18.4,NA,1011,NA,3,2024-12-29 20:00:00,101.1,10.3093692
"3622",694,"2024-12-29 21:00:00",14,11,82,0,NA,270,13,NA,1012,NA,1,2024-12-29 21:00:00,101.2,10.3195664
"3623",695,"2024-12-29 22:00:00",13,11.1,88,0,NA,250,11.2,NA,1012,NA,1,2024-12-29 22:00:00,101.2,10.3195664
"3624",696,"2024-12-29 23:00:00",11,11,100,0,NA,240,7,NA,1012,NA,1,2024-12-29 23:00:00,101.2,10.3195664
"3625",697,"2024-12-30 00:00:00",9,9,100,0,NA,190,5.4,NA,1012,NA,1,2024-12-30,101.2,10.3195664
"3626",698,"2024-12-30 01:00:00",7,7,100,0,NA,0,0,NA,1012,NA,1,2024-12-30 01:00:00,101.2,10.3195664
"3627",699,"2024-12-30 02:00:00",8,8,100,0,NA,0,0,NA,1012,NA,3,2024-12-30 02:00:00,101.2,10.3195664
"3628",700,"2024-12-30 03:00:00",5.7,4,89,0,NA,248,8.6,NA,1012.8,NA,3,2024-12-30 03:00:00,101.28,10.32772416
"3629",701,"2024-12-30 04:00:00",6.5,4.8,89,0,NA,246,8.6,NA,1012.2,NA,3,2024-12-30 04:00:00,101.22,10.32160584
"3630",702,"2024-12-30 05:00:00",5.6,4.2,91,0,NA,232,6.8,NA,1012,NA,1,2024-12-30 05:00:00,101.2,10.3195664
"3631",703,"2024-12-30 06:00:00",5.3,4.1,92,0,NA,207,7.2,NA,1011.7,NA,1,2024-12-30 06:00:00,101.17,10.31650724
"3632",704,"2024-12-30 07:00:00",5.4,4.2,92,0,NA,200,8.3,NA,1011,NA,2,2024-12-30 07:00:00,101.1,10.3093692
"3633",705,"2024-12-30 08:00:00",5.3,4.1,92,0,NA,163,6.5,NA,1010,NA,1,2024-12-30 08:00:00,101,10.299172
"3634",706,"2024-12-30 09:00:00",5.5,4,90,0,NA,131,9.7,NA,1009,NA,1,2024-12-30 09:00:00,100.9,10.2889748
"3635",707,"2024-12-30 10:00:00",6,4.3,89,0,NA,171,11.5,NA,1008.9,NA,3,2024-12-30 10:00:00,100.89,10.28795508
"3636",708,"2024-12-30 11:00:00",6,6,100,0,NA,110,9.4,NA,1007,NA,3,2024-12-30 11:00:00,100.7,10.2685804
"3637",709,"2024-12-30 12:00:00",7,7,100,0,NA,90,13,NA,1006,NA,1,2024-12-30 12:00:00,100.6,10.2583832
"3638",710,"2024-12-30 13:00:00",8,8,100,0,NA,110,11,NA,1004,NA,1,2024-12-30 13:00:00,100.4,10.2379888
"3639",711,"2024-12-30 14:00:00",10,9.1,94,0,NA,130,14.8,NA,1003,NA,1,2024-12-30 14:00:00,100.3,10.2277916
"3640",712,"2024-12-30 15:00:00",14,11,82,0,NA,170,22.3,NA,1002,NA,1,2024-12-30 15:00:00,100.2,10.2175944
"3641",713,"2024-12-30 16:00:00",16,11,72,0,NA,180,22.3,NA,1002,NA,1,2024-12-30 16:00:00,100.2,10.2175944
"3642",714,"2024-12-30 17:00:00",15,10,72,0,NA,190,31.7,NA,1001,NA,3,2024-12-30 17:00:00,100.1,10.2073972
"3643",715,"2024-12-30 18:00:00",14,11,82,0,NA,190,31.7,NA,1000,NA,3,2024-12-30 18:00:00,100,10.1972
"3644",716,"2024-12-30 19:00:00",15,11,77,0,NA,190,32,NA,999,NA,3,2024-12-30 19:00:00,99.9,10.1870028
"3645",717,"2024-12-30 20:00:00",15,12,82,0,NA,210,27.7,NA,999,NA,3,2024-12-30 20:00:00,99.9,10.1870028
"3646",718,"2024-12-30 21:00:00",16,12,77,0,NA,210,24.1,NA,999,NA,2,2024-12-30 21:00:00,99.9,10.1870028
"3647",719,"2024-12-30 22:00:00",16,12,77,0,NA,210,19,NA,999,NA,3,2024-12-30 22:00:00,99.9,10.1870028
"3648",720,"2024-12-30 23:00:00",15,8.9,67,0,NA,260,22.3,NA,1002,NA,1,2024-12-30 23:00:00,100.2,10.2175944
"3649",721,"2024-12-31 00:00:00",13,8.1,72,0,NA,270,16.6,NA,1003,NA,1,2024-12-31,100.3,10.2277916
"3650",722,"2024-12-31 01:00:00",12,8.1,77,0,NA,250,7.6,NA,1004,NA,1,2024-12-31 01:00:00,100.4,10.2379888
"3651",723,"2024-12-31 02:00:00",11,8,82,0,NA,240,11.2,NA,1004,NA,1,2024-12-31 02:00:00,100.4,10.2379888
"3652",724,"2024-12-31 03:00:00",10.2,3,61,0,NA,286,23.8,NA,1004.1,NA,1,2024-12-31 03:00:00,100.41,10.23900852
"3653",725,"2024-12-31 04:00:00",9.8,2.9,62,0,NA,273,26.3,NA,1004.6,NA,1,2024-12-31 04:00:00,100.46,10.24410712
"3654",726,"2024-12-31 05:00:00",10.1,1.2,54,0,NA,292,30.2,NA,1005.4,NA,1,2024-12-31 05:00:00,100.54,10.25226488
"3655",727,"2024-12-31 06:00:00",8.6,-0.4,53,0,NA,296,30.6,NA,1006.3,NA,1,2024-12-31 06:00:00,100.63,10.26144236
"3656",728,"2024-12-31 07:00:00",7.5,-0.7,56,0,NA,287,28.8,NA,1006.9,NA,1,2024-12-31 07:00:00,100.69,10.26756068
"3657",729,"2024-12-31 08:00:00",6.4,-0.6,61,0,NA,289,27.7,NA,1008.1,NA,1,2024-12-31 08:00:00,100.81,10.27979732
"3658",730,"2024-12-31 09:00:00",5.9,0.2,67,0,NA,295,27.4,NA,1009.6,NA,3,2024-12-31 09:00:00,100.96,10.29509312
"3659",731,"2024-12-31 10:00:00",5.6,0.4,69,0,NA,300,27.4,NA,1010.4,NA,2,2024-12-31 10:00:00,101.04,10.30325088
"3660",732,"2024-12-31 11:00:00",6,5,93,0,NA,310,24.1,NA,1011,NA,3,2024-12-31 11:00:00,101.1,10.3093692
"3661",733,"2024-12-31 12:00:00",6,6,100,0,NA,310,33,NA,1013,NA,3,2024-12-31 12:00:00,101.3,10.3297636
"3662",734,"2024-12-31 13:00:00",6,5,93,0,NA,320,20.5,NA,1014,NA,3,2024-12-31 13:00:00,101.4,10.3399608
"3663",735,"2024-12-31 14:00:00",5,5,100,0,NA,320,24.1,NA,1016,NA,3,2024-12-31 14:00:00,101.6,10.3603552
"3664",736,"2024-12-31 15:00:00",5,5,100,0,NA,310,24.1,NA,1017,NA,3,2024-12-31 15:00:00,101.7,10.3705524
"3665",737,"2024-12-31 16:00:00",5,5,100,0,NA,310,20.5,NA,1018,NA,3,2024-12-31 16:00:00,101.8,10.3807496
"3666",738,"2024-12-31 17:00:00",6,5,93,0,NA,310,22,NA,1018,NA,3,2024-12-31 17:00:00,101.8,10.3807496
"3667",739,"2024-12-31 18:00:00",6,5,93,0,NA,320,20.5,NA,1018,NA,3,2024-12-31 18:00:00,101.8,10.3807496
"3668",740,"2024-12-31 19:00:00",6,4,87,0,NA,310,20,NA,1019,NA,3,2024-12-31 19:00:00,101.9,10.3909468
"3669",741,"2024-12-31 20:00:00",6,4,87,0,NA,300,16.6,NA,1020,NA,3,2024-12-31 20:00:00,102,10.401144
"3670",742,"2024-12-31 21:00:00",6,4,87,0,NA,310,18.4,NA,1020,NA,3,2024-12-31 21:00:00,102,10.401144
"3671",743,"2024-12-31 22:00:00",5,4,93,0,NA,300,16.6,NA,1021,NA,3,2024-12-31 22:00:00,102.1,10.4113412
"3672",744,"2024-12-31 23:00:00",5,4,93,0,NA,310,22,NA,1021,NA,3,2024-12-31 23:00:00,102.1,10.4113412
"3673",1,"2025-01-01 00:00:00",4,3,93,0,NA,330,16.6,NA,1021,NA,3,2025-01-01,102.1,10.4113412
"3674",2,"2025-01-01 01:00:00",4,2,87,0,NA,340,14.8,NA,1022,NA,3,2025-01-01 01:00:00,102.2,10.4215384
"3675",3,"2025-01-01 02:00:00",3,2,93,0,NA,300,18.4,NA,1022,NA,3,2025-01-01 02:00:00,102.2,10.4215384
"3676",4,"2025-01-01 03:00:00",3.2,-1.7,70,0,NA,331,15.1,NA,1023.6,NA,3,2025-01-01 03:00:00,102.36,10.43785392
"3677",5,"2025-01-01 04:00:00",2.6,-2.1,71,0,NA,332,15.1,NA,1024.4,NA,3,2025-01-01 04:00:00,102.44,10.44601168
"3678",6,"2025-01-01 05:00:00",1.9,-2.8,71,0,NA,331,13.7,NA,1025.1,NA,3,2025-01-01 05:00:00,102.51,10.45314972
"3679",7,"2025-01-01 06:00:00",1.1,-3,74,0,NA,327,11.5,NA,1025.5,NA,3,2025-01-01 06:00:00,102.55,10.4572286
"3680",8,"2025-01-01 07:00:00",0,-3.2,79,0,NA,330,11.2,NA,1026.2,NA,1,2025-01-01 07:00:00,102.62,10.46436664
"3681",9,"2025-01-01 08:00:00",-0.7,-3.4,82,0,NA,330,10.8,NA,1026.8,NA,1,2025-01-01 08:00:00,102.68,10.47048496
"3682",10,"2025-01-01 09:00:00",-1.2,-3.7,83,0,NA,331,10.4,NA,1027.5,NA,1,2025-01-01 09:00:00,102.75,10.477623
"3683",11,"2025-01-01 10:00:00",-1.7,-4,84,0,NA,338,11.2,NA,1027.9,NA,2,2025-01-01 10:00:00,102.79,10.48170188
"3684",12,"2025-01-01 11:00:00",0,-2.1,86,0,NA,10,14.8,NA,1026,NA,1,2025-01-01 11:00:00,102.6,10.4623272
"3685",13,"2025-01-01 12:00:00",0,-2.1,86,0,NA,360,11,NA,1028,NA,1,2025-01-01 12:00:00,102.8,10.4827216
"3686",14,"2025-01-01 13:00:00",0,-2.1,86,0,NA,360,11.2,NA,1028,NA,1,2025-01-01 13:00:00,102.8,10.4827216
"3687",15,"2025-01-01 14:00:00",0,-2.1,86,0,NA,30,13,NA,1028,NA,1,2025-01-01 14:00:00,102.8,10.4827216
"3688",16,"2025-01-01 15:00:00",0,-3,80,0,NA,20,9.4,NA,1030,NA,1,2025-01-01 15:00:00,103,10.503116
"3689",17,"2025-01-01 16:00:00",2,-2,75,0,NA,350,11.2,NA,1029,NA,1,2025-01-01 16:00:00,102.9,10.4929188
"3690",18,"2025-01-01 17:00:00",3,-1.9,70,0,NA,359,7.9,NA,1029,NA,1,2025-01-01 17:00:00,102.9,10.4929188
"3691",19,"2025-01-01 18:00:00",4,-3.1,60,0,NA,310,7.6,NA,1027,NA,1,2025-01-01 18:00:00,102.7,10.4725244
"3692",20,"2025-01-01 19:00:00",5,-3.1,56,0,NA,330,11.2,NA,1026,NA,1,2025-01-01 19:00:00,102.6,10.4623272
"3693",21,"2025-01-01 20:00:00",6,-2.9,53,0,NA,330,5.4,NA,1026,NA,1,2025-01-01 20:00:00,102.6,10.4623272
"3694",22,"2025-01-01 21:00:00",6,-2.9,53,0,NA,312,6.5,NA,1026,NA,1,2025-01-01 21:00:00,102.6,10.4623272
"3695",23,"2025-01-01 22:00:00",6,-2.9,53,0,NA,283,5.4,NA,1026,NA,1,2025-01-01 22:00:00,102.6,10.4623272
"3696",24,"2025-01-01 23:00:00",3,-1.9,70,0,NA,265,4.7,NA,1026,NA,1,2025-01-01 23:00:00,102.6,10.4623272
"3697",25,"2025-01-02 00:00:00",1,-0.9,87,0,NA,0,0,NA,1026,NA,2,2025-01-02,102.6,10.4623272
"3698",26,"2025-01-02 01:00:00",0,-1,93,0,NA,0,0,NA,1026,NA,2,2025-01-02 01:00:00,102.6,10.4623272
"3699",27,"2025-01-02 02:00:00",0,0,100,0,NA,0,0,NA,1026,NA,1,2025-01-02 02:00:00,102.6,10.4623272
"3700",28,"2025-01-02 03:00:00",0.4,-3,78,0,NA,355,1.4,NA,1027.6,NA,3,2025-01-02 03:00:00,102.76,10.47864272
"3701",29,"2025-01-02 04:00:00",-0.1,-3,81,0,NA,129,4.3,NA,1027.6,NA,3,2025-01-02 04:00:00,102.76,10.47864272
"3702",30,"2025-01-02 05:00:00",-0.6,-2.7,86,0,NA,142,5.8,NA,1027.4,NA,3,2025-01-02 05:00:00,102.74,10.47660328
"3703",31,"2025-01-02 06:00:00",-0.5,-2.6,86,0,NA,151,7.2,NA,1027,NA,3,2025-01-02 06:00:00,102.7,10.4725244
"3704",32,"2025-01-02 07:00:00",-0.9,-3.3,84,0,NA,163,6.5,NA,1027.1,NA,3,2025-01-02 07:00:00,102.71,10.47354412
"3705",33,"2025-01-02 08:00:00",-0.8,-3.3,83,0,NA,174,9,NA,1026.5,NA,1,2025-01-02 08:00:00,102.65,10.4674258
"3706",34,"2025-01-02 09:00:00",-0.5,-3.5,80,0,NA,185,10.4,NA,1026.8,NA,1,2025-01-02 09:00:00,102.68,10.47048496
"3707",35,"2025-01-02 10:00:00",0,-3.6,77,0,NA,192,11.5,NA,1026.9,NA,1,2025-01-02 10:00:00,102.69,10.47150468
"3708",36,"2025-01-02 11:00:00",-1,-1,100,0,NA,183,12.2,NA,1025,NA,1,2025-01-02 11:00:00,102.5,10.45213
"3709",37,"2025-01-02 12:00:00",-1,-3,78,0,NA,140,5.4,NA,1025,NA,1,2025-01-02 12:00:00,102.5,10.45213
"3710",38,"2025-01-02 13:00:00",0,0,100,0,NA,130,5.4,NA,1025,NA,1,2025-01-02 13:00:00,102.5,10.45213
"3711",39,"2025-01-02 14:00:00",2,2,100,0,NA,170,5.4,NA,1026,NA,1,2025-01-02 14:00:00,102.6,10.4623272
"3712",40,"2025-01-02 15:00:00",5,3,87,0,NA,160,9.4,NA,1026,NA,1,2025-01-02 15:00:00,102.6,10.4623272
"3713",41,"2025-01-02 16:00:00",7,4,81,0,NA,190,18.4,NA,1026,NA,1,2025-01-02 16:00:00,102.6,10.4623272
"3714",42,"2025-01-02 17:00:00",6.8,-0.2,61,0,NA,210,16.6,NA,1026.5,NA,1,2025-01-02 17:00:00,102.65,10.4674258
"3715",43,"2025-01-02 18:00:00",9,4,71,0,NA,230,18.4,NA,1024,NA,3,2025-01-02 18:00:00,102.4,10.4419328
"3716",44,"2025-01-02 19:00:00",9,4,71,0,NA,210,16.6,NA,1023,NA,3,2025-01-02 19:00:00,102.3,10.4317356
"3717",45,"2025-01-02 20:00:00",9,4,71,0,NA,210,13,NA,1023,NA,3,2025-01-02 20:00:00,102.3,10.4317356
"3718",46,"2025-01-02 21:00:00",9,4,71,0,NA,220,7,NA,1023,NA,3,2025-01-02 21:00:00,102.3,10.4317356
"3719",47,"2025-01-02 22:00:00",9,4,71,0,NA,220,9.4,NA,1023,NA,3,2025-01-02 22:00:00,102.3,10.4317356
"3720",48,"2025-01-02 23:00:00",7,4,81,0,NA,190,5.4,NA,1023,NA,3,2025-01-02 23:00:00,102.3,10.4317356
"3721",49,"2025-01-03 00:00:00",5,5,100,0,NA,0,0,NA,1024,NA,3,2025-01-03,102.4,10.4419328
"3722",50,"2025-01-03 01:00:00",4,4,100,0,NA,0,0,NA,1025,NA,2,2025-01-03 01:00:00,102.5,10.45213
"3723",51,"2025-01-03 02:00:00",4,4,100,0,NA,0,0,NA,1026,NA,3,2025-01-03 02:00:00,102.6,10.4623272
"3724",52,"2025-01-03 03:00:00",2.4,0.5,87,0,NA,294,6.8,NA,1026.7,NA,3,2025-01-03 03:00:00,102.67,10.46946524
"3725",53,"2025-01-03 04:00:00",2.8,1.2,89,0,NA,299,6.5,NA,1027,NA,3,2025-01-03 04:00:00,102.7,10.4725244
"3726",54,"2025-01-03 05:00:00",2.7,1.1,89,0,NA,305,6.5,NA,1027.7,NA,3,2025-01-03 05:00:00,102.77,10.47966244
"3727",55,"2025-01-03 06:00:00",2.9,1.3,89,0,NA,314,7.9,NA,1028.1,NA,3,2025-01-03 06:00:00,102.81,10.48374132
"3728",56,"2025-01-03 07:00:00",1.8,0.2,89,0,NA,328,9.7,NA,1028.7,NA,1,2025-01-03 07:00:00,102.87,10.48985964
"3729",57,"2025-01-03 08:00:00",2.1,0.6,90,0,NA,352,11.9,NA,1029.5,NA,1,2025-01-03 08:00:00,102.95,10.4980174
"3730",58,"2025-01-03 09:00:00",1.9,0.6,91,0,NA,5,12.6,NA,1029.9,NA,1,2025-01-03 09:00:00,102.99,10.50209628
"3731",59,"2025-01-03 10:00:00",1,-0.2,92,0,NA,13,11.9,NA,1030.3,NA,1,2025-01-03 10:00:00,103.03,10.50617516
"3732",60,"2025-01-03 11:00:00",1,1,100,0,NA,18,10.4,NA,1029,NA,1,2025-01-03 11:00:00,102.9,10.4929188
"3733",61,"2025-01-03 12:00:00",0,0,100,0,NA,340,5.4,NA,1031,NA,3,2025-01-03 12:00:00,103.1,10.5133132
"3734",62,"2025-01-03 13:00:00",-1,-2.3,96,0,NA,10,9.4,NA,1031,NA,2,2025-01-03 13:00:00,103.1,10.5133132
"3735",63,"2025-01-03 14:00:00",0,0,100,0,NA,30,9.4,NA,1031,NA,3,2025-01-03 14:00:00,103.1,10.5133132
"3736",64,"2025-01-03 15:00:00",0,0,100,0,NA,30,9,NA,1032,NA,3,2025-01-03 15:00:00,103.2,10.5235104
"3737",65,"2025-01-03 16:00:00",2,2,100,0,NA,40,9.4,NA,1032,NA,3,2025-01-03 16:00:00,103.2,10.5235104
"3738",66,"2025-01-03 17:00:00",5,2,81,0,NA,50,7.6,NA,1031,NA,3,2025-01-03 17:00:00,103.1,10.5133132
"3739",67,"2025-01-03 18:00:00",6,0.9,70,0,NA,60,5.4,NA,1030,NA,2,2025-01-03 18:00:00,103,10.503116
"3740",68,"2025-01-03 19:00:00",7,0,61,0,NA,40,7.6,NA,1029,NA,1,2025-01-03 19:00:00,102.9,10.4929188
"3741",69,"2025-01-03 20:00:00",8,-2.1,49,0,NA,100,7.6,NA,1028,NA,2,2025-01-03 20:00:00,102.8,10.4827216
"3742",70,"2025-01-03 21:00:00",9,-2,46,0,NA,80,7,NA,1028,NA,2,2025-01-03 21:00:00,102.8,10.4827216
"3743",71,"2025-01-03 22:00:00",8,-1,53,0,NA,70,5.4,NA,1028,NA,1,2025-01-03 22:00:00,102.8,10.4827216
"3744",72,"2025-01-03 23:00:00",6,-1,61,0,NA,40,9,NA,1028,NA,1,2025-01-03 23:00:00,102.8,10.4827216
"3745",73,"2025-01-04 00:00:00",5,0,70,0,NA,60,9.4,NA,1028,NA,1,2025-01-04,102.8,10.4827216
"3746",74,"2025-01-04 01:00:00",4,-2,65,0,NA,90,7.6,NA,1028,NA,1,2025-01-04 01:00:00,102.8,10.4827216
"3747",75,"2025-01-04 02:00:00",3,-1.9,70,0,NA,100,11.2,NA,1028,NA,1,2025-01-04 02:00:00,102.8,10.4827216
"3748",76,"2025-01-04 03:00:00",1.4,-3.5,70,0,NA,82,12.2,NA,1030.1,NA,1,2025-01-04 03:00:00,103.01,10.50413572
"3749",77,"2025-01-04 04:00:00",0.9,-3.4,73,0,NA,88,12.2,NA,1030.2,NA,1,2025-01-04 04:00:00,103.02,10.50515544
"3750",78,"2025-01-04 05:00:00",0.6,-3.7,73,0,NA,92,13,NA,1029.8,NA,2,2025-01-04 05:00:00,102.98,10.50107656
"3751",79,"2025-01-04 06:00:00",0.3,-4,73,0,NA,97,12.2,NA,1029.6,NA,1,2025-01-04 06:00:00,102.96,10.49903712
"3752",80,"2025-01-04 07:00:00",0.1,-4,74,0,NA,100,11.5,NA,1029.3,NA,2,2025-01-04 07:00:00,102.93,10.49597796
"3753",81,"2025-01-04 08:00:00",0.1,-4.2,73,0,NA,102,11.2,NA,1029.1,NA,1,2025-01-04 08:00:00,102.91,10.49393852
"3754",82,"2025-01-04 09:00:00",0.3,-4.2,72,0,NA,107,11.5,NA,1028.9,NA,1,2025-01-04 09:00:00,102.89,10.49189908
"3755",83,"2025-01-04 10:00:00",0.9,-2.9,76,0,NA,108,11.2,NA,1028,NA,1,2025-01-04 10:00:00,102.8,10.4827216
"3756",84,"2025-01-04 11:00:00",2,0.1,87,0,NA,110,9.4,NA,1025,NA,2,2025-01-04 11:00:00,102.5,10.45213
"3757",85,"2025-01-04 12:00:00",3,0.1,81,0,NA,110,11,NA,1025,NA,3,2025-01-04 12:00:00,102.5,10.45213
"3758",86,"2025-01-04 13:00:00",3,0.1,81,0,NA,70,11.2,NA,1024,NA,3,2025-01-04 13:00:00,102.4,10.4419328
"3759",87,"2025-01-04 14:00:00",4,0,75,0,NA,110,9.4,NA,1025,NA,3,2025-01-04 14:00:00,102.5,10.45213
"3760",88,"2025-01-04 15:00:00",6,-1.9,57,0,NA,120,11.2,NA,1025,NA,3,2025-01-04 15:00:00,102.5,10.45213
"3761",89,"2025-01-04 16:00:00",4,1,81,0,NA,100,13,NA,1024,NA,3,2025-01-04 16:00:00,102.4,10.4419328
"3762",90,"2025-01-04 17:00:00",6,-1,61,0,NA,120,13,NA,1023,NA,3,2025-01-04 17:00:00,102.3,10.4317356
"3763",91,"2025-01-04 18:00:00",7,-0.9,57,0.5,NA,130,14.8,NA,1022,NA,8,2025-01-04 18:00:00,102.2,10.4215384
"3764",92,"2025-01-04 19:00:00",7,-1.9,53,0.4,NA,120,9.4,NA,1020,NA,8,2025-01-04 19:00:00,102,10.401144
"3765",93,"2025-01-04 20:00:00",8,-1,53,0,NA,140,16.6,NA,1019,NA,3,2025-01-04 20:00:00,101.9,10.3909468
"3766",94,"2025-01-04 21:00:00",7,-0.9,57,0,NA,130,19,NA,1019,NA,3,2025-01-04 21:00:00,101.9,10.3909468
"3767",95,"2025-01-04 22:00:00",7,0,61,0,NA,120,16.6,NA,1018,NA,3,2025-01-04 22:00:00,101.8,10.3807496
"3768",96,"2025-01-04 23:00:00",6.3,-0.9,60,0,NA,136,22.7,NA,1019.3,NA,3,2025-01-04 23:00:00,101.93,10.39400596
"3769",97,"2025-01-05 00:00:00",7,1.1,66,0,NA,120,13,NA,1018.6,NA,3,2025-01-05,101.86,10.38686792
"3770",98,"2025-01-05 01:00:00",7,2.1,71,0,NA,130,25.9,NA,1016,NA,3,2025-01-05 01:00:00,101.6,10.3603552
"3771",99,"2025-01-05 02:00:00",7,2.1,71,0,NA,140,16.6,NA,1016,NA,3,2025-01-05 02:00:00,101.6,10.3603552
"3772",100,"2025-01-05 03:00:00",5.9,-0.6,63,0,NA,147,26.6,NA,1016.4,NA,3,2025-01-05 03:00:00,101.64,10.36443408
"3773",101,"2025-01-05 04:00:00",6.1,-0.6,62,0,NA,146,24.5,NA,1016.4,NA,3,2025-01-05 04:00:00,101.64,10.36443408
"3774",102,"2025-01-05 05:00:00",5.8,0.7,70,0,NA,143,24.1,NA,1016.3,NA,3,2025-01-05 05:00:00,101.63,10.36341436
"3775",103,"2025-01-05 06:00:00",5.5,2.1,79,0.1,NA,135,23,NA,1015.3,NA,7,2025-01-05 06:00:00,101.53,10.35321716
"3776",104,"2025-01-05 07:00:00",5.6,3.6,87,0.2,NA,144,24.1,NA,1013.8,NA,7,2025-01-05 07:00:00,101.38,10.33792136
"3777",105,"2025-01-05 08:00:00",5.8,4.6,92,1.6,NA,141,28.1,NA,1012.2,NA,9,2025-01-05 08:00:00,101.22,10.32160584
"3778",106,"2025-01-05 09:00:00",6.7,5.6,93,1.2,NA,146,27.4,NA,1010.9,NA,9,2025-01-05 09:00:00,101.09,10.30834948
"3779",107,"2025-01-05 10:00:00",7.1,5.9,92,0.1,NA,148,27.4,NA,1009.5,NA,7,2025-01-05 10:00:00,100.95,10.2940734
"3780",108,"2025-01-05 11:00:00",7,7,100,0,NA,140,9,NA,1008,NA,3,2025-01-05 11:00:00,100.8,10.2787776
"3781",109,"2025-01-05 12:00:00",9,9,100,0.1,NA,130,11.2,NA,1007,NA,7,2025-01-05 12:00:00,100.7,10.2685804
"3782",110,"2025-01-05 13:00:00",10,10,100,0.9,NA,140,11.2,NA,1006,NA,8,2025-01-05 13:00:00,100.6,10.2583832
"3783",111,"2025-01-05 14:00:00",10,10,100,0.8,NA,140,7.6,NA,1005,NA,8,2025-01-05 14:00:00,100.5,10.248186
"3784",112,"2025-01-05 15:00:00",10,10,100,4.7,NA,0,0,NA,1005,NA,9,2025-01-05 15:00:00,100.5,10.248186
"3785",113,"2025-01-05 16:00:00",12,12,100,0.1,NA,190,22,NA,1005,NA,7,2025-01-05 16:00:00,100.5,10.248186
"3786",114,"2025-01-05 17:00:00",10,10,100,0,NA,210,18.4,NA,1005,NA,5,2025-01-05 17:00:00,100.5,10.248186
"3787",115,"2025-01-05 18:00:00",6,6,100,0,NA,230,27.7,NA,1005,NA,5,2025-01-05 18:00:00,100.5,10.248186
"3788",116,"2025-01-05 19:00:00",3,3,100,0,NA,250,25.9,NA,1006,NA,5,2025-01-05 19:00:00,100.6,10.2583832
"3789",117,"2025-01-05 20:00:00",1,1,100,0,NA,270,24,NA,1008,NA,5,2025-01-05 20:00:00,100.8,10.2787776
"3790",118,"2025-01-05 21:00:00",-1,-1,100,0,NA,280,27.7,NA,1008,NA,3,2025-01-05 21:00:00,100.8,10.2787776
"3791",119,"2025-01-05 22:00:00",-3,-3,100,0,NA,300,31.7,NA,1011,NA,3,2025-01-05 22:00:00,101.1,10.3093692
"3792",120,"2025-01-05 23:00:00",-4,-4,100,0,NA,300,29.5,NA,1012.3,NA,3,2025-01-05 23:00:00,101.23,10.32262556
"3793",121,"2025-01-06 00:00:00",-5,-5,100,0,NA,300,37,NA,1014,NA,3,2025-01-06,101.4,10.3399608
"3794",122,"2025-01-06 01:00:00",-6,-6,100,0,NA,314,30.2,NA,1016,NA,3,2025-01-06 01:00:00,101.6,10.3603552
"3795",123,"2025-01-06 02:00:00",-6,-6,100,0,NA,330,27.7,NA,1017.6,NA,3,2025-01-06 02:00:00,101.76,10.37667072
"3796",124,"2025-01-06 03:00:00",-6.4,-10.1,75,0,NA,326,30.6,NA,1019,NA,3,2025-01-06 03:00:00,101.9,10.3909468
"3797",125,"2025-01-06 04:00:00",-6.7,-10.4,75,0,NA,328,29.5,NA,1020.5,NA,3,2025-01-06 04:00:00,102.05,10.4062426
"3798",126,"2025-01-06 05:00:00",-7.1,-10.9,74,0,NA,330,29.2,NA,1021.9,NA,3,2025-01-06 05:00:00,102.19,10.42051868
"3799",127,"2025-01-06 06:00:00",-7.2,-11.4,72,0,NA,340,30.2,NA,1022.9,NA,3,2025-01-06 06:00:00,102.29,10.43071588
"3800",128,"2025-01-06 07:00:00",-7.4,-11.8,71,0,NA,342,28.4,NA,1023.8,NA,3,2025-01-06 07:00:00,102.38,10.43989336
"3801",129,"2025-01-06 08:00:00",-7.6,-12.3,69,0,NA,337,25.9,NA,1024.8,NA,3,2025-01-06 08:00:00,102.48,10.45009056
"3802",130,"2025-01-06 09:00:00",-7.8,-12.5,69,0,NA,330,25.6,NA,1026,NA,3,2025-01-06 09:00:00,102.6,10.4623272
"3803",131,"2025-01-06 10:00:00",-7.8,-12.5,69,0,NA,330,24.8,NA,1026.8,NA,3,2025-01-06 10:00:00,102.68,10.47048496
"3804",132,"2025-01-06 11:00:00",-9,-12,79,0,NA,330,22.3,NA,1024,NA,3,2025-01-06 11:00:00,102.4,10.4419328
"3805",133,"2025-01-06 12:00:00",-9,-12,79,0,NA,330,19,NA,1025,NA,3,2025-01-06 12:00:00,102.5,10.45213
"3806",134,"2025-01-06 13:00:00",-5,-7,86,0,NA,320,18.4,NA,1026,NA,3,2025-01-06 13:00:00,102.6,10.4623272
"3807",135,"2025-01-06 14:00:00",-9,-11.1,85,0,NA,320,25.9,NA,1027,NA,3,2025-01-06 14:00:00,102.7,10.4725244
"3808",136,"2025-01-06 15:00:00",-9,-10.1,92,0,NA,310,16.6,NA,1027,NA,3,2025-01-06 15:00:00,102.7,10.4725244
"3809",137,"2025-01-06 16:00:00",-8,-9.9,86,0,NA,280,15,NA,1027,NA,3,2025-01-06 16:00:00,102.7,10.4725244
"3810",138,"2025-01-06 17:00:00",-6,-9.1,79,0,NA,310,20.5,NA,1027,NA,3,2025-01-06 17:00:00,102.7,10.4725244
"3811",139,"2025-01-06 18:00:00",-5,-7.9,80,0,NA,300,18.4,NA,1027,NA,3,2025-01-06 18:00:00,102.7,10.4725244
"3812",140,"2025-01-06 19:00:00",-5,-7.9,80,0,NA,300,18.4,NA,1027,NA,3,2025-01-06 19:00:00,102.7,10.4725244
"3813",141,"2025-01-06 20:00:00",-5,-7.9,80,0,NA,310,18.4,NA,1027,NA,3,2025-01-06 20:00:00,102.7,10.4725244
"3814",142,"2025-01-06 21:00:00",-4,-8,74,0,NA,310,20.5,NA,1027,NA,3,2025-01-06 21:00:00,102.7,10.4725244
"3815",143,"2025-01-06 22:00:00",-5,-7.9,80,0,NA,300,13,NA,1028,NA,3,2025-01-06 22:00:00,102.8,10.4827216
"3816",144,"2025-01-06 23:00:00",-6,-8,86,0,NA,320,14.8,NA,1028,NA,3,2025-01-06 23:00:00,102.8,10.4827216
"3817",145,"2025-01-07 00:00:00",-7,-7.9,93,0,NA,330,13,NA,1028,NA,1,2025-01-07,102.8,10.4827216
"3818",146,"2025-01-07 01:00:00",-7,-10,79,0,NA,340,11.2,NA,1030,NA,1,2025-01-07 01:00:00,103,10.503116
"3819",147,"2025-01-07 02:00:00",-7,-7,100,0,NA,10,9.4,NA,1030,NA,3,2025-01-07 02:00:00,103,10.503116
"3820",148,"2025-01-07 03:00:00",-7.8,-15.5,54,0,NA,0,13,NA,1033.3,NA,1,2025-01-07 03:00:00,103.33,10.53676676
"3821",149,"2025-01-07 04:00:00",-7.6,-13.4,63,0,NA,2,12.6,NA,1033.3,NA,2,2025-01-07 04:00:00,103.33,10.53676676
"3822",150,"2025-01-07 05:00:00",-8.2,-13.6,65,0,NA,2,11.5,NA,1034,NA,1,2025-01-07 05:00:00,103.4,10.5439048
"3823",151,"2025-01-07 06:00:00",-8.7,-13.5,68,0,NA,9,11.2,NA,1034,NA,3,2025-01-07 06:00:00,103.4,10.5439048
"3824",152,"2025-01-07 07:00:00",-9,-13.5,70,0,NA,10,9.7,NA,1034.3,NA,2,2025-01-07 07:00:00,103.43,10.54696396
"3825",153,"2025-01-07 08:00:00",-9.3,-13.2,73,0,NA,10,9.7,NA,1034.3,NA,1,2025-01-07 08:00:00,103.43,10.54696396
"3826",154,"2025-01-07 09:00:00",-7.9,-10.7,80,0,NA,33,9.4,NA,1034.7,NA,2,2025-01-07 09:00:00,103.47,10.55104284
"3827",155,"2025-01-07 10:00:00",-7.8,-10.6,80,0,NA,27,10.1,NA,1034.4,NA,3,2025-01-07 10:00:00,103.44,10.54798368
"3828",156,"2025-01-07 11:00:00",-7,-7,100,0,NA,340,9,NA,1031,NA,3,2025-01-07 11:00:00,103.1,10.5133132
"3829",157,"2025-01-07 12:00:00",-7,-7,100,0,NA,350,9.4,NA,1031,NA,3,2025-01-07 12:00:00,103.1,10.5133132
"3830",158,"2025-01-07 13:00:00",-7,-7,100,0,NA,340,11.2,NA,1032,NA,3,2025-01-07 13:00:00,103.2,10.5235104
"3831",159,"2025-01-07 14:00:00",-7,-7.9,93,0,NA,360,7.6,NA,1033,NA,3,2025-01-07 14:00:00,103.3,10.5337076
"3832",160,"2025-01-07 15:00:00",-7,-7,100,0,NA,359,8.6,NA,1033,NA,3,2025-01-07 15:00:00,103.3,10.5337076
"3833",161,"2025-01-07 16:00:00",-7,-7,100,0,NA,340,7,NA,1034,NA,5,2025-01-07 16:00:00,103.4,10.5439048
"3834",162,"2025-01-07 17:00:00",-6,-6,100,0,NA,350,7.6,NA,1033,NA,3,2025-01-07 17:00:00,103.3,10.5337076
"3835",163,"2025-01-07 18:00:00",-5,-6,93,0,NA,360,7.6,NA,1032,NA,3,2025-01-07 18:00:00,103.2,10.5235104
"3836",164,"2025-01-07 19:00:00",-5,-6,93,0,NA,30,9.4,NA,1032,NA,3,2025-01-07 19:00:00,103.2,10.5235104
"3837",165,"2025-01-07 20:00:00",-4,-6,86,0,NA,354,11.2,NA,1032,NA,3,2025-01-07 20:00:00,103.2,10.5235104
"3838",166,"2025-01-07 21:00:00",-3,-6,80,0,NA,0,0,NA,1033,NA,3,2025-01-07 21:00:00,103.3,10.5337076
"3839",167,"2025-01-07 22:00:00",-3,-6,80,0,NA,0,0,NA,1033,NA,1,2025-01-07 22:00:00,103.3,10.5337076
"3840",168,"2025-01-07 23:00:00",-4,-5,93,0,NA,0,0,NA,1033,NA,1,2025-01-07 23:00:00,103.3,10.5337076
"3841",169,"2025-01-08 00:00:00",-5,-5,100,0,NA,0,0,NA,1033,NA,3,2025-01-08,103.3,10.5337076
"3842",170,"2025-01-08 01:00:00",-6,-6,100,0,NA,360,11.2,NA,1033,NA,3,2025-01-08 01:00:00,103.3,10.5337076
"3843",171,"2025-01-08 02:00:00",-6,-6,100,0,NA,340,5.4,NA,1034,NA,3,2025-01-08 02:00:00,103.4,10.5439048
"3844",172,"2025-01-08 03:00:00",-6.6,-12.3,64,0,NA,343,10.1,NA,1037.2,NA,3,2025-01-08 03:00:00,103.72,10.57653584
"3845",173,"2025-01-08 04:00:00",-7.1,-12.4,66,0,NA,331,10.8,NA,1037.8,NA,2,2025-01-08 04:00:00,103.78,10.58265416
"3846",174,"2025-01-08 05:00:00",-7.2,-11.2,73,0,NA,319,10.4,NA,1038.3,NA,2,2025-01-08 05:00:00,103.83,10.58775276
"3847",175,"2025-01-08 06:00:00",-7.9,-11.2,77,0,NA,323,12.6,NA,1038.5,NA,1,2025-01-08 06:00:00,103.85,10.5897922
"3848",176,"2025-01-08 07:00:00",-8.7,-11.8,78,0,NA,326,13.7,NA,1038.5,NA,1,2025-01-08 07:00:00,103.85,10.5897922
"3849",177,"2025-01-08 08:00:00",-9.2,-13,74,0,NA,330,12.6,NA,1038.5,NA,1,2025-01-08 08:00:00,103.85,10.5897922
"3850",178,"2025-01-08 09:00:00",-9.4,-12.8,76,0,NA,329,11.2,NA,1038.3,NA,1,2025-01-08 09:00:00,103.83,10.58775276
"3851",179,"2025-01-08 10:00:00",-8.8,-12.4,75,0,NA,324,10.8,NA,1037.8,NA,1,2025-01-08 10:00:00,103.78,10.58265416
"3852",180,"2025-01-08 11:00:00",-9,-12,79,0,NA,310,11.2,NA,1034,NA,1,2025-01-08 11:00:00,103.4,10.5439048
"3853",181,"2025-01-08 12:00:00",-9,-9,100,0,NA,310,11.2,NA,1034,NA,1,2025-01-08 12:00:00,103.4,10.5439048
"3854",182,"2025-01-08 13:00:00",-9,-9,100,0,NA,320,9.4,NA,1034,NA,1,2025-01-08 13:00:00,103.4,10.5439048
"3855",183,"2025-01-08 14:00:00",-8,-11,79,0,NA,320,9.4,NA,1034,NA,2,2025-01-08 14:00:00,103.4,10.5439048
"3856",184,"2025-01-08 15:00:00",-6,-11,68,0,NA,340,13,NA,1034,NA,2,2025-01-08 15:00:00,103.4,10.5439048
"3857",185,"2025-01-08 16:00:00",-5,-10,68,0,NA,300,17,NA,1034,NA,1,2025-01-08 16:00:00,103.4,10.5439048
"3858",186,"2025-01-08 17:00:00",-4,-10,63,0,NA,290,16.6,NA,1033,NA,1,2025-01-08 17:00:00,103.3,10.5337076
"3859",187,"2025-01-08 18:00:00",-3,-9.9,59,0,NA,310,13,NA,1032,NA,1,2025-01-08 18:00:00,103.2,10.5235104
"3860",188,"2025-01-08 19:00:00",-2,-9,59,0,NA,310,11.2,NA,1030,NA,1,2025-01-08 19:00:00,103,10.503116
"3861",189,"2025-01-08 20:00:00",-2,-9,59,0,NA,270,9.4,NA,1030,NA,1,2025-01-08 20:00:00,103,10.503116
"3862",190,"2025-01-08 21:00:00",-2,-9,59,0,NA,290,13,NA,1029,NA,1,2025-01-08 21:00:00,102.9,10.4929188
"3863",191,"2025-01-08 22:00:00",-2,-9,59,0,NA,310,11.2,NA,1028,NA,1,2025-01-08 22:00:00,102.8,10.4827216
"3864",192,"2025-01-08 23:00:00",-3,-9.1,63,0,NA,290,5.4,NA,1028,NA,1,2025-01-08 23:00:00,102.8,10.4827216
"3865",193,"2025-01-09 00:00:00",-4,-9,68,0,NA,0,0,NA,1027,NA,1,2025-01-09,102.7,10.4725244
"3866",194,"2025-01-09 01:00:00",-4,-9,68,0,NA,260,6,NA,1027,NA,1,2025-01-09 01:00:00,102.7,10.4725244
"3867",195,"2025-01-09 02:00:00",-5,-7.9,80,0,NA,0,0,NA,1027,NA,1,2025-01-09 02:00:00,102.7,10.4725244
"3868",196,"2025-01-09 03:00:00",-6.1,-11.6,65,0,NA,235,4,NA,1029.7,NA,1,2025-01-09 03:00:00,102.97,10.50005684
"3869",197,"2025-01-09 04:00:00",-6.3,-11.6,66,0,NA,206,4.7,NA,1029.5,NA,1,2025-01-09 04:00:00,102.95,10.4980174
"3870",198,"2025-01-09 05:00:00",-6.3,-11.6,66,0,NA,192,6.8,NA,1029,NA,1,2025-01-09 05:00:00,102.9,10.4929188
"3871",199,"2025-01-09 06:00:00",-6.3,-11.4,67,0,NA,185,6.8,NA,1028.4,NA,1,2025-01-09 06:00:00,102.84,10.48680048
"3872",200,"2025-01-09 07:00:00",-6.3,-11.4,67,0,NA,180,7.6,NA,1028,NA,1,2025-01-09 07:00:00,102.8,10.4827216
"3873",201,"2025-01-09 08:00:00",-6.5,-11.4,68,0,NA,182,7.2,NA,1028,NA,1,2025-01-09 08:00:00,102.8,10.4827216
"3874",202,"2025-01-09 09:00:00",-6.8,-11.4,70,0,NA,172,6.1,NA,1027.5,NA,1,2025-01-09 09:00:00,102.75,10.477623
"3875",203,"2025-01-09 10:00:00",-6.7,-11.3,70,0,NA,178,7.9,NA,1026.8,NA,1,2025-01-09 10:00:00,102.68,10.47048496
"3876",204,"2025-01-09 11:00:00",-8,-9.9,86,0,NA,0,0,NA,1024,NA,1,2025-01-09 11:00:00,102.4,10.4419328
"3877",205,"2025-01-09 12:00:00",-7,-7,100,0,NA,140,5.4,NA,1024,NA,1,2025-01-09 12:00:00,102.4,10.4419328
"3878",206,"2025-01-09 13:00:00",-6,-6.9,93,0,NA,120,7.6,NA,1024,NA,2,2025-01-09 13:00:00,102.4,10.4419328
"3879",207,"2025-01-09 14:00:00",-5,-7,86,0,NA,0,0,NA,1024,NA,3,2025-01-09 14:00:00,102.4,10.4419328
"3880",208,"2025-01-09 15:00:00",-3,-6,80,0,NA,170,7,NA,1025,NA,3,2025-01-09 15:00:00,102.5,10.45213
"3881",209,"2025-01-09 16:00:00",-2,-6,74,0,NA,190,9.4,NA,1024,NA,3,2025-01-09 16:00:00,102.4,10.4419328
"3882",210,"2025-01-09 17:00:00",0,-7.1,59,0,NA,190,9.4,NA,1023,NA,3,2025-01-09 17:00:00,102.3,10.4317356
"3883",211,"2025-01-09 18:00:00",0,-7.1,59,0,NA,180,11.2,NA,1022,NA,3,2025-01-09 18:00:00,102.2,10.4215384
"3884",212,"2025-01-09 19:00:00",0,-8,55,0,NA,160,13,NA,1021,NA,3,2025-01-09 19:00:00,102.1,10.4113412
"3885",213,"2025-01-09 20:00:00",-2,-2,100,0.1,NA,160,9.4,NA,1021,NA,14,2025-01-09 20:00:00,102.1,10.4113412
"3886",214,"2025-01-09 21:00:00",-2,-2,100,0.5,NA,200,5.4,NA,1021,NA,15,2025-01-09 21:00:00,102.1,10.4113412
"3887",215,"2025-01-09 22:00:00",-2,-2,100,0.9,NA,0,0,NA,1021,NA,15,2025-01-09 22:00:00,102.1,10.4113412
"3888",216,"2025-01-09 23:00:00",-2,-2,100,0.1,NA,120,7,NA,1021,NA,14,2025-01-09 23:00:00,102.1,10.4113412
"3889",217,"2025-01-10 00:00:00",-2,-2,100,0.3,NA,100,9.4,NA,1020,NA,15,2025-01-10,102,10.401144
"3890",218,"2025-01-10 01:00:00",-2,-2,100,0.4,NA,70,9.4,NA,1020,NA,15,2025-01-10 01:00:00,102,10.401144
"3891",219,"2025-01-10 02:00:00",-2,-3.3,91,0.4,NA,116,4.3,NA,1023.3,NA,15,2025-01-10 02:00:00,102.33,10.43479476
"3892",220,"2025-01-10 03:00:00",-2,-3,93,0.5,NA,105,6.1,NA,1022.5,NA,15,2025-01-10 03:00:00,102.25,10.426637
"3893",221,"2025-01-10 04:00:00",-2,-2.8,94,1.2,NA,84,4,NA,1022.5,NA,16,2025-01-10 04:00:00,102.25,10.426637
"3894",222,"2025-01-10 05:00:00",-2,-2.7,95,1.6,NA,162,3.2,NA,1023.3,NA,16,2025-01-10 05:00:00,102.33,10.43479476
"3895",223,"2025-01-10 06:00:00",-2,-2.6,96,1.8,NA,84,4.3,NA,1022.3,NA,16,2025-01-10 06:00:00,102.23,10.42459756
"3896",224,"2025-01-10 07:00:00",-2.1,-2.5,97,1.1,NA,134,6.1,NA,1021.2,NA,16,2025-01-10 07:00:00,102.12,10.41338064
"3897",225,"2025-01-10 08:00:00",-2.1,-2.5,97,1.4,NA,15,3.6,NA,1020.4,NA,16,2025-01-10 08:00:00,102.04,10.40522288
"3898",226,"2025-01-10 09:00:00",-2.1,-2.5,97,1.2,NA,3,4.7,NA,1020.1,NA,16,2025-01-10 09:00:00,102.01,10.40216372
"3899",227,"2025-01-10 10:00:00",-2.2,-2.6,97,0.9,NA,358,4,NA,1019.7,NA,15,2025-01-10 10:00:00,101.97,10.39808484
"3900",228,"2025-01-10 11:00:00",-2,-2,100,1.1,NA,300,5.4,NA,1016,NA,16,2025-01-10 11:00:00,101.6,10.3603552
"3901",229,"2025-01-10 12:00:00",-2,-2,100,1,NA,330,11.2,NA,1016,NA,16,2025-01-10 12:00:00,101.6,10.3603552
"3902",230,"2025-01-10 13:00:00",-2,-2,100,0.5,NA,330,11.2,NA,1017,NA,15,2025-01-10 13:00:00,101.7,10.3705524
"3903",231,"2025-01-10 14:00:00",-2,-2,100,0.4,NA,330,11,NA,1017,NA,15,2025-01-10 14:00:00,101.7,10.3705524
"3904",232,"2025-01-10 15:00:00",-1,-1,100,0.4,NA,330,11.2,NA,1017,NA,15,2025-01-10 15:00:00,101.7,10.3705524
"3905",233,"2025-01-10 16:00:00",-1,-1,100,0.3,NA,330,7.6,NA,1016,NA,15,2025-01-10 16:00:00,101.6,10.3603552
"3906",234,"2025-01-10 17:00:00",0,0,100,0,NA,340,9.4,NA,1015,NA,3,2025-01-10 17:00:00,101.5,10.350158
"3907",235,"2025-01-10 18:00:00",0,0,100,0,NA,300,14.8,NA,1014,NA,5,2025-01-10 18:00:00,101.4,10.3399608
"3908",236,"2025-01-10 19:00:00",-1,-1,100,0,NA,300,18.4,NA,1014,NA,3,2025-01-10 19:00:00,101.4,10.3399608
"3909",237,"2025-01-10 20:00:00",0,0,100,0,NA,320,20,NA,1013,NA,3,2025-01-10 20:00:00,101.3,10.3297636
"3910",238,"2025-01-10 21:00:00",0,0,100,0,NA,310,16.6,NA,1014,NA,3,2025-01-10 21:00:00,101.4,10.3399608
"3911",239,"2025-01-10 22:00:00",0,0,100,0,NA,310,16.6,NA,1014,NA,3,2025-01-10 22:00:00,101.4,10.3399608
"3912",240,"2025-01-10 23:00:00",-1,-1,100,0,NA,300,16.6,NA,1015,NA,3,2025-01-10 23:00:00,101.5,10.350158
"3913",241,"2025-01-11 00:00:00",-1.6,-2.7,92,0,NA,300,16.9,NA,1017.3,NA,3,2025-01-11,101.73,10.37361156
"3914",242,"2025-01-11 01:00:00",-2,-2,100,0,NA,240,9.4,NA,1016,NA,3,2025-01-11 01:00:00,101.6,10.3603552
"3915",243,"2025-01-11 02:00:00",-3,-3,100,0,NA,230,7.6,NA,1016,NA,2,2025-01-11 02:00:00,101.6,10.3603552
"3916",244,"2025-01-11 03:00:00",-6.9,-7.8,93,0,NA,275,11.5,NA,1018.6,NA,1,2025-01-11 03:00:00,101.86,10.38686792
"3917",245,"2025-01-11 04:00:00",-7.4,-8.3,93,0,NA,257,11.5,NA,1018.5,NA,1,2025-01-11 04:00:00,101.85,10.3858482
"3918",246,"2025-01-11 05:00:00",-7.8,-8.9,92,0,NA,250,11.9,NA,1018.4,NA,1,2025-01-11 05:00:00,101.84,10.38482848
"3919",247,"2025-01-11 06:00:00",-8.1,-9.2,92,0,NA,256,12.2,NA,1018.6,NA,1,2025-01-11 06:00:00,101.86,10.38686792
"3920",248,"2025-01-11 07:00:00",-8.3,-9.5,91,0,NA,251,12.2,NA,1018.5,NA,1,2025-01-11 07:00:00,101.85,10.3858482
"3921",249,"2025-01-11 08:00:00",-8.6,-9.9,90,0,NA,245,12.2,NA,1018.2,NA,1,2025-01-11 08:00:00,101.82,10.38278904
"3922",250,"2025-01-11 09:00:00",-7.5,-8.6,92,0,NA,230,10.4,NA,1017,NA,1,2025-01-11 09:00:00,101.7,10.3705524
"3923",251,"2025-01-11 10:00:00",-7.7,-8.9,91,0,NA,226,11.5,NA,1016.1,NA,1,2025-01-11 10:00:00,101.61,10.36137492
"3924",252,"2025-01-11 11:00:00",-9,-9,100,0,NA,0,0,NA,1013,NA,5,2025-01-11 11:00:00,101.3,10.3297636
"3925",253,"2025-01-11 12:00:00",-10,-10,100,0,NA,0,0,NA,1013,NA,5,2025-01-11 12:00:00,101.3,10.3297636
"3926",254,"2025-01-11 13:00:00",-9,-9,100,0,NA,0,0,NA,1013,NA,1,2025-01-11 13:00:00,101.3,10.3297636
"3927",255,"2025-01-11 14:00:00",-5,-8.4,84,0,NA,160,9.4,NA,1014,NA,1,2025-01-11 14:00:00,101.4,10.3399608
"3928",256,"2025-01-11 15:00:00",-2,-2,100,0,NA,160,9,NA,1013,NA,1,2025-01-11 15:00:00,101.3,10.3297636
"3929",257,"2025-01-11 16:00:00",1,-0.9,87,0,NA,190,20.5,NA,1014,NA,1,2025-01-11 16:00:00,101.4,10.3399608
"3930",258,"2025-01-11 17:00:00",3,-1.9,70,0,NA,200,16.6,NA,1012,NA,1,2025-01-11 17:00:00,101.2,10.3195664
"3931",259,"2025-01-11 18:00:00",4,-2,65,0,NA,190,24.1,NA,1011,NA,1,2025-01-11 18:00:00,101.1,10.3093692
"3932",260,"2025-01-11 19:00:00",5,-1.9,61,0,NA,190,17,NA,1011,NA,1,2025-01-11 19:00:00,101.1,10.3093692
"3933",261,"2025-01-11 20:00:00",5,-3.1,56,0,NA,200,22.3,NA,1010,NA,1,2025-01-11 20:00:00,101,10.299172
"3934",262,"2025-01-11 21:00:00",5,-1.9,61,0,NA,180,18.4,NA,1010,NA,1,2025-01-11 21:00:00,101,10.299172
"3935",263,"2025-01-11 22:00:00",5,-3.1,56,0,NA,180,18.4,NA,1010,NA,1,2025-01-11 22:00:00,101,10.299172
"3936",264,"2025-01-11 23:00:00",3,-1.9,70,0,NA,150,9.4,NA,1010,NA,1,2025-01-11 23:00:00,101,10.299172
"3937",265,"2025-01-12 00:00:00",2,-2,75,0,NA,140,9,NA,1010,NA,1,2025-01-12,101,10.299172
"3938",266,"2025-01-12 01:00:00",1,-2.1,80,0,NA,180,7.6,NA,1011,NA,1,2025-01-12 01:00:00,101.1,10.3093692
"3939",267,"2025-01-12 02:00:00",-1,-1,100,0,NA,0,0,NA,1011,NA,1,2025-01-12 02:00:00,101.1,10.3093692
"3940",268,"2025-01-12 03:00:00",-0.5,-4.4,75,0,NA,191,18.4,NA,1012.4,NA,1,2025-01-12 03:00:00,101.24,10.32364528
"3941",269,"2025-01-12 04:00:00",-0.9,-4.4,77,0,NA,203,15.1,NA,1013,NA,1,2025-01-12 04:00:00,101.3,10.3297636
"3942",270,"2025-01-12 05:00:00",-0.4,-3.6,79,0,NA,194,15.8,NA,1013.1,NA,1,2025-01-12 05:00:00,101.31,10.33078332
"3943",271,"2025-01-12 06:00:00",-0.6,-3.6,80,0,NA,188,15.5,NA,1013.1,NA,1,2025-01-12 06:00:00,101.31,10.33078332
"3944",272,"2025-01-12 07:00:00",-0.9,-3.8,81,0,NA,186,14.8,NA,1012.7,NA,1,2025-01-12 07:00:00,101.27,10.32670444
"3945",273,"2025-01-12 08:00:00",-1.6,-4.4,81,0,NA,197,13,NA,1012.6,NA,1,2025-01-12 08:00:00,101.26,10.32568472
"3946",274,"2025-01-12 09:00:00",-1.8,-4.6,81,0,NA,208,12.6,NA,1012.6,NA,1,2025-01-12 09:00:00,101.26,10.32568472
"3947",275,"2025-01-12 10:00:00",-1.4,-4.1,82,0,NA,227,10.4,NA,1013.1,NA,1,2025-01-12 10:00:00,101.31,10.33078332
"3948",276,"2025-01-12 11:00:00",-1,-1,100,0,NA,0,0,NA,1011,NA,3,2025-01-12 11:00:00,101.1,10.3093692
"3949",277,"2025-01-12 12:00:00",-1,-1,100,0,NA,0,0,NA,1012,NA,3,2025-01-12 12:00:00,101.2,10.3195664
"3950",278,"2025-01-12 13:00:00",-1,-1,100,0,NA,0,0,NA,1013,NA,3,2025-01-12 13:00:00,101.3,10.3297636
"3951",279,"2025-01-12 14:00:00",0,0,100,0,NA,0,0,NA,1014,NA,3,2025-01-12 14:00:00,101.4,10.3399608
"3952",280,"2025-01-12 15:00:00",1,1,100,0,NA,245,7.6,NA,1015,NA,3,2025-01-12 15:00:00,101.5,10.350158
"3953",281,"2025-01-12 16:00:00",4,1,81,0,NA,260,9.4,NA,1016,NA,3,2025-01-12 16:00:00,101.6,10.3603552
"3954",282,"2025-01-12 17:00:00",5,0.9,75,0,NA,270,13,NA,1016,NA,2,2025-01-12 17:00:00,101.6,10.3603552
"3955",283,"2025-01-12 18:00:00",6,0.9,70,0,NA,310,11.2,NA,1016,NA,3,2025-01-12 18:00:00,101.6,10.3603552
"3956",284,"2025-01-12 19:00:00",7,2.1,71,0,NA,300,7,NA,1015,NA,3,2025-01-12 19:00:00,101.5,10.350158
"3957",285,"2025-01-12 20:00:00",7,2.1,71,0,NA,330,9.4,NA,1016,NA,3,2025-01-12 20:00:00,101.6,10.3603552
"3958",286,"2025-01-12 21:00:00",7,2.1,71,0,NA,300,13,NA,1016,NA,1,2025-01-12 21:00:00,101.6,10.3603552
"3959",287,"2025-01-12 22:00:00",6,2.1,76,0,NA,300,11.2,NA,1017,NA,1,2025-01-12 22:00:00,101.7,10.3705524
"3960",288,"2025-01-12 23:00:00",5,3,87,0,NA,310,18.4,NA,1018,NA,1,2025-01-12 23:00:00,101.8,10.3807496
"3961",289,"2025-01-13 00:00:00",4,3,93,0,NA,330,7,NA,1019,NA,1,2025-01-13,101.9,10.3909468
"3962",290,"2025-01-13 01:00:00",2,2,100,0,NA,310,5.4,NA,1020,NA,1,2025-01-13 01:00:00,102,10.401144
"3963",291,"2025-01-13 02:00:00",2,2,100,0,NA,320,13,NA,1021,NA,1,2025-01-13 02:00:00,102.1,10.4113412
"3964",292,"2025-01-13 03:00:00",-1.5,-2.5,93,0,NA,331,14.4,NA,1023.8,NA,1,2025-01-13 03:00:00,102.38,10.43989336
"3965",293,"2025-01-13 04:00:00",-3.4,-5,89,0,NA,330,13.7,NA,1025.2,NA,1,2025-01-13 04:00:00,102.52,10.45416944
"3966",294,"2025-01-13 05:00:00",-5.1,-6.5,90,0,NA,334,13.3,NA,1026.4,NA,1,2025-01-13 05:00:00,102.64,10.46640608
"3967",295,"2025-01-13 06:00:00",-4.9,-6.1,91,0,NA,338,13.3,NA,1027.1,NA,3,2025-01-13 06:00:00,102.71,10.47354412
"3968",296,"2025-01-13 07:00:00",-4.4,-5.8,90,0,NA,340,14,NA,1027.7,NA,3,2025-01-13 07:00:00,102.77,10.47966244
"3969",297,"2025-01-13 08:00:00",-5.3,-7.1,87,0,NA,343,13,NA,1028.4,NA,3,2025-01-13 08:00:00,102.84,10.48680048
"3970",298,"2025-01-13 09:00:00",-7.9,-9.7,87,0,NA,346,7.9,NA,1028.7,NA,1,2025-01-13 09:00:00,102.87,10.48985964
"3971",299,"2025-01-13 10:00:00",-9.2,-10.8,88,0,NA,345,7.2,NA,1029,NA,1,2025-01-13 10:00:00,102.9,10.4929188
"3972",300,"2025-01-13 11:00:00",-6,-6,100,0,NA,350,6,NA,1026,NA,1,2025-01-13 11:00:00,102.6,10.4623272
"3973",301,"2025-01-13 12:00:00",-6,-6,100,0,NA,350,7.6,NA,1027,NA,1,2025-01-13 12:00:00,102.7,10.4725244
"3974",302,"2025-01-13 13:00:00",-7,-8.9,86,0,NA,350,7.6,NA,1028,NA,1,2025-01-13 13:00:00,102.8,10.4827216
"3975",303,"2025-01-13 14:00:00",-4,-5,93,0,NA,340,7,NA,1028,NA,1,2025-01-13 14:00:00,102.8,10.4827216
"3976",304,"2025-01-13 15:00:00",-3,-9.1,63,0,NA,0,0,NA,1029,NA,1,2025-01-13 15:00:00,102.9,10.4929188
"3977",305,"2025-01-13 16:00:00",0,-10,47,0,NA,0,0,NA,1029,NA,1,2025-01-13 16:00:00,102.9,10.4929188
"3978",306,"2025-01-13 17:00:00",1,-11.1,40,0,NA,0,0,NA,1028,NA,1,2025-01-13 17:00:00,102.8,10.4827216
"3979",307,"2025-01-13 18:00:00",2,-9.9,41,0,NA,0,0,NA,1027,NA,1,2025-01-13 18:00:00,102.7,10.4725244
"3980",308,"2025-01-13 19:00:00",4,-9.1,38,0,NA,310,5.4,NA,1027,NA,1,2025-01-13 19:00:00,102.7,10.4725244
"3981",309,"2025-01-13 20:00:00",4,-9.1,38,0,NA,290,7,NA,1027,NA,1,2025-01-13 20:00:00,102.7,10.4725244
"3982",310,"2025-01-13 21:00:00",4,-9.1,38,0,NA,290,5.4,NA,1027,NA,1,2025-01-13 21:00:00,102.7,10.4725244
"3983",311,"2025-01-13 22:00:00",4,-8.1,41,0,NA,300,7.6,NA,1027,NA,1,2025-01-13 22:00:00,102.7,10.4725244
"3984",312,"2025-01-13 23:00:00",2,-9,44,0,NA,0,0,NA,1027,NA,1,2025-01-13 23:00:00,102.7,10.4725244
"3985",313,"2025-01-14 00:00:00",-1,-6,69,0,NA,200,5.4,NA,1027,NA,1,2025-01-14,102.7,10.4725244
"3986",314,"2025-01-14 01:00:00",-1,-7,64,0,NA,0,0,NA,1027,NA,1,2025-01-14 01:00:00,102.7,10.4725244
"3987",315,"2025-01-14 02:00:00",-1,-6,69,0,NA,0,0,NA,1027,NA,1,2025-01-14 02:00:00,102.7,10.4725244
"3988",316,"2025-01-14 03:00:00",-6.2,-11.3,67,0,NA,203,8.3,NA,1029.8,NA,1,2025-01-14 03:00:00,102.98,10.50107656
"3989",317,"2025-01-14 04:00:00",-5.9,-10.7,69,0,NA,210,8.6,NA,1029.9,NA,1,2025-01-14 04:00:00,102.99,10.50209628
"3990",318,"2025-01-14 05:00:00",-5.4,-10.2,69,0,NA,215,9.7,NA,1029.8,NA,1,2025-01-14 05:00:00,102.98,10.50107656
"3991",319,"2025-01-14 06:00:00",-4.4,-9,70,0,NA,219,11.9,NA,1029.8,NA,1,2025-01-14 06:00:00,102.98,10.50107656
"3992",320,"2025-01-14 07:00:00",-3.6,-8.1,71,0,NA,222,14,NA,1030,NA,1,2025-01-14 07:00:00,103,10.503116
"3993",321,"2025-01-14 08:00:00",-2.5,-7.2,70,0,NA,223,15.1,NA,1029.6,NA,1,2025-01-14 08:00:00,102.96,10.49903712
"3994",322,"2025-01-14 09:00:00",-2.3,-6.8,71,0,NA,227,15.5,NA,1029.7,NA,1,2025-01-14 09:00:00,102.97,10.50005684
"3995",323,"2025-01-14 10:00:00",-2.2,-6.6,72,0,NA,231,15.5,NA,1029.3,NA,1,2025-01-14 10:00:00,102.93,10.49597796
"3996",324,"2025-01-14 11:00:00",-3,-8.1,68,0,NA,170,5.4,NA,1028,NA,1,2025-01-14 11:00:00,102.8,10.4827216
"3997",325,"2025-01-14 12:00:00",-1,-5,74,0,NA,210,9.4,NA,1028,NA,1,2025-01-14 12:00:00,102.8,10.4827216
"3998",326,"2025-01-14 13:00:00",-1,-4,80,0,NA,200,9.4,NA,1028,NA,1,2025-01-14 13:00:00,102.8,10.4827216
"3999",327,"2025-01-14 14:00:00",3,-2.9,65,0,NA,230,7.6,NA,1028,NA,1,2025-01-14 14:00:00,102.8,10.4827216
"4000",328,"2025-01-14 15:00:00",5,-3.1,56,0,NA,220,11,NA,1029,NA,3,2025-01-14 15:00:00,102.9,10.4929188
"4001",329,"2025-01-14 16:00:00",6,-2.9,53,0,NA,230,11.2,NA,1029,NA,3,2025-01-14 16:00:00,102.9,10.4929188
"4002",330,"2025-01-14 17:00:00",7,-3.8,46,0,NA,250,14.8,NA,1029,NA,3,2025-01-14 17:00:00,102.9,10.4929188
"4003",331,"2025-01-14 18:00:00",7,-3,49,0,NA,270,16.6,NA,1028,NA,3,2025-01-14 18:00:00,102.8,10.4827216
"4004",332,"2025-01-14 19:00:00",8,-2.1,49,0,NA,280,11.2,NA,1027,NA,1,2025-01-14 19:00:00,102.7,10.4725244
"4005",333,"2025-01-14 20:00:00",9,-2,46,0,NA,290,14.8,NA,1027,NA,1,2025-01-14 20:00:00,102.7,10.4725244
"4006",334,"2025-01-14 21:00:00",9,-2,46,0,NA,310,13,NA,1027,NA,1,2025-01-14 21:00:00,102.7,10.4725244
"4007",335,"2025-01-14 22:00:00",8,-2.1,49,0,NA,310,9.4,NA,1027,NA,1,2025-01-14 22:00:00,102.7,10.4725244
"4008",336,"2025-01-14 23:00:00",6,-1.9,57,0,NA,0,0,NA,1028,NA,1,2025-01-14 23:00:00,102.8,10.4827216
"4009",337,"2025-01-15 00:00:00",4,-1,70,0,NA,350,15,NA,1029,NA,1,2025-01-15,102.9,10.4929188
"4010",338,"2025-01-15 01:00:00",2,0.1,87,0,NA,20,11.2,NA,1030,NA,1,2025-01-15 01:00:00,103,10.503116
"4011",339,"2025-01-15 02:00:00",2,0.1,87,0,NA,80,9.4,NA,1029,NA,1,2025-01-15 02:00:00,102.9,10.4929188
"4012",340,"2025-01-15 03:00:00",-2.5,-4.7,85,0,NA,65,10.4,NA,1031.8,NA,1,2025-01-15 03:00:00,103.18,10.52147096
"4013",341,"2025-01-15 04:00:00",-2.6,-4.3,88,0,NA,80,10.8,NA,1032,NA,1,2025-01-15 04:00:00,103.2,10.5235104
"4014",342,"2025-01-15 05:00:00",-2.3,-4,88,0,NA,83,10.8,NA,1032.5,NA,2,2025-01-15 05:00:00,103.25,10.528609
"4015",343,"2025-01-15 06:00:00",-2.4,-4.1,88,0,NA,91,10.1,NA,1032.3,NA,3,2025-01-15 06:00:00,103.23,10.52656956
"4016",344,"2025-01-15 07:00:00",-2.8,-4.5,88,0,NA,84,9,NA,1032.1,NA,3,2025-01-15 07:00:00,103.21,10.52453012
"4017",345,"2025-01-15 08:00:00",-3.7,-5.2,89,0,NA,66,9,NA,1032.1,NA,2,2025-01-15 08:00:00,103.21,10.52453012
"4018",346,"2025-01-15 09:00:00",-2.8,-4.7,87,0,NA,71,9,NA,1031.5,NA,2,2025-01-15 09:00:00,103.15,10.5184118
"4019",347,"2025-01-15 10:00:00",-2.4,-4,89,0,NA,81,8.6,NA,1031.5,NA,2,2025-01-15 10:00:00,103.15,10.5184118
"4020",348,"2025-01-15 11:00:00",-1,-1,100,0,NA,90,5.4,NA,1030,NA,3,2025-01-15 11:00:00,103,10.503116
"4021",349,"2025-01-15 12:00:00",-1,-1,100,0,NA,70,5.4,NA,1030,NA,3,2025-01-15 12:00:00,103,10.503116
"4022",350,"2025-01-15 13:00:00",-1,-1,100,0,NA,110,9.4,NA,1030,NA,3,2025-01-15 13:00:00,103,10.503116
"4023",351,"2025-01-15 14:00:00",0,0,100,0,NA,120,7,NA,1030,NA,3,2025-01-15 14:00:00,103,10.503116
"4024",352,"2025-01-15 15:00:00",2,0.1,87,0,NA,0,0,NA,1031,NA,3,2025-01-15 15:00:00,103.1,10.5133132
"4025",353,"2025-01-15 16:00:00",6,-0.1,65,0,NA,220,7.6,NA,1031,NA,3,2025-01-15 16:00:00,103.1,10.5133132
"4026",354,"2025-01-15 17:00:00",7,0,61,0,NA,230,13,NA,1030,NA,2,2025-01-15 17:00:00,103,10.503116
"4027",355,"2025-01-15 18:00:00",8,0,57,0,NA,270,15,NA,1029,NA,1,2025-01-15 18:00:00,102.9,10.4929188
"4028",356,"2025-01-15 19:00:00",9,0.9,57,0,NA,270,14.8,NA,1028,NA,1,2025-01-15 19:00:00,102.8,10.4827216
"4029",357,"2025-01-15 20:00:00",9,-0.1,53,0,NA,250,15,NA,1028,NA,1,2025-01-15 20:00:00,102.8,10.4827216
"4030",358,"2025-01-15 21:00:00",9,-0.1,53,0,NA,250,13,NA,1028,NA,1,2025-01-15 21:00:00,102.8,10.4827216
"4031",359,"2025-01-15 22:00:00",9,-2,46,0,NA,270,18.4,NA,1028,NA,1,2025-01-15 22:00:00,102.8,10.4827216
"4032",360,"2025-01-15 23:00:00",7,-3,49,0,NA,240,9,NA,1028,NA,1,2025-01-15 23:00:00,102.8,10.4827216
"4033",361,"2025-01-16 00:00:00",6,-2.9,53,0,NA,250,7.6,NA,1028,NA,1,2025-01-16,102.8,10.4827216
"4034",362,"2025-01-16 01:00:00",5,-3.1,56,0,NA,240,9.4,NA,1028,NA,1,2025-01-16 01:00:00,102.8,10.4827216
"4035",363,"2025-01-16 02:00:00",3,-2.9,65,0,NA,190,7.6,NA,1030,NA,1,2025-01-16 02:00:00,103,10.503116
"4036",364,"2025-01-16 03:00:00",-0.9,-3.1,85,0,NA,236,13,NA,1029.9,NA,1,2025-01-16 03:00:00,102.99,10.50209628
"4037",365,"2025-01-16 04:00:00",-0.8,-3.2,84,0,NA,233,14,NA,1029.5,NA,1,2025-01-16 04:00:00,102.95,10.4980174
"4038",366,"2025-01-16 05:00:00",0.4,-2.3,82,0,NA,238,16.2,NA,1028.9,NA,1,2025-01-16 05:00:00,102.89,10.49189908
"4039",367,"2025-01-16 06:00:00",0.6,-2.5,80,0,NA,237,18,NA,1028.3,NA,1,2025-01-16 06:00:00,102.83,10.48578076
"4040",368,"2025-01-16 07:00:00",1,-2.6,77,0,NA,238,19.4,NA,1027.5,NA,1,2025-01-16 07:00:00,102.75,10.477623
"4041",369,"2025-01-16 08:00:00",1.1,-2.8,75,0,NA,245,19.8,NA,1027.3,NA,1,2025-01-16 08:00:00,102.73,10.47558356
"4042",370,"2025-01-16 09:00:00",0.9,-3,75,0,NA,247,19.1,NA,1027,NA,1,2025-01-16 09:00:00,102.7,10.4725244
"4043",371,"2025-01-16 10:00:00",1.1,-5.4,62,0,NA,249,19.8,NA,1026.3,NA,1,2025-01-16 10:00:00,102.63,10.46538636
"4044",372,"2025-01-16 11:00:00",4,-3.1,60,0,NA,250,16.6,NA,1025,NA,1,2025-01-16 11:00:00,102.5,10.45213
"4045",373,"2025-01-16 12:00:00",3,-4,60,0,NA,250,13,NA,1025,NA,1,2025-01-16 12:00:00,102.5,10.45213
"4046",374,"2025-01-16 13:00:00",3,-4,60,0,NA,240,6,NA,1025,NA,1,2025-01-16 13:00:00,102.5,10.45213
"4047",375,"2025-01-16 14:00:00",4,-3.1,60,0,NA,270,13,NA,1026,NA,1,2025-01-16 14:00:00,102.6,10.4623272
"4048",376,"2025-01-16 15:00:00",5,-3.1,56,0,NA,270,14.8,NA,1026,NA,1,2025-01-16 15:00:00,102.6,10.4623272
"4049",377,"2025-01-16 16:00:00",8,-1,53,0,NA,0,0,NA,1025,NA,1,2025-01-16 16:00:00,102.5,10.45213
"4050",378,"2025-01-16 17:00:00",9,-0.1,53,0,NA,220,7.6,NA,1024,NA,1,2025-01-16 17:00:00,102.4,10.4419328
"4051",379,"2025-01-16 18:00:00",11,0.1,47,0,NA,250,9,NA,1023,NA,1,2025-01-16 18:00:00,102.3,10.4317356
"4052",380,"2025-01-16 19:00:00",13,1,44,0,NA,260,9,NA,1022,NA,1,2025-01-16 19:00:00,102.2,10.4215384
"4053",381,"2025-01-16 20:00:00",14,-0.1,38,0,NA,280,9.4,NA,1022,NA,1,2025-01-16 20:00:00,102.2,10.4215384
"4054",382,"2025-01-16 21:00:00",14,-0.1,38,0,NA,260,5.4,NA,1021,NA,1,2025-01-16 21:00:00,102.1,10.4113412
"4055",383,"2025-01-16 22:00:00",14,-0.1,38,0,NA,250,9.4,NA,1021,NA,1,2025-01-16 22:00:00,102.1,10.4113412
"4056",384,"2025-01-16 23:00:00",11,0.1,47,0,NA,230,6,NA,1021,NA,1,2025-01-16 23:00:00,102.1,10.4113412
"4057",385,"2025-01-17 00:00:00",6,0.9,70,0,NA,0,0,NA,1021,NA,1,2025-01-17,102.1,10.4113412
"4058",386,"2025-01-17 01:00:00",7,0,61,0,NA,210,9.4,NA,1020,NA,1,2025-01-17 01:00:00,102,10.401144
"4059",387,"2025-01-17 02:00:00",5,0.9,75,0,NA,0,0,NA,1020,NA,1,2025-01-17 02:00:00,102,10.401144
"4060",388,"2025-01-17 03:00:00",2.1,-1.3,78,0,NA,204,11.2,NA,1020.1,NA,1,2025-01-17 03:00:00,102.01,10.40216372
"4061",389,"2025-01-17 04:00:00",2.6,-1.4,75,0,NA,195,12.2,NA,1019.6,NA,1,2025-01-17 04:00:00,101.96,10.39706512
"4062",390,"2025-01-17 05:00:00",3.1,-1.5,72,0,NA,192,14,NA,1018.9,NA,1,2025-01-17 05:00:00,101.89,10.38992708
"4063",391,"2025-01-17 06:00:00",3.6,-1.8,68,0,NA,200,16.2,NA,1018.5,NA,1,2025-01-17 06:00:00,101.85,10.3858482
"4064",392,"2025-01-17 07:00:00",3.9,-1.7,67,0,NA,204,17.6,NA,1018.1,NA,1,2025-01-17 07:00:00,101.81,10.38176932
"4065",393,"2025-01-17 08:00:00",3.7,-2.1,66,0,NA,204,16.9,NA,1017.3,NA,1,2025-01-17 08:00:00,101.73,10.37361156
"4066",394,"2025-01-17 09:00:00",3.4,-1.8,69,0,NA,197,16.9,NA,1016.3,NA,2,2025-01-17 09:00:00,101.63,10.36341436
"4067",395,"2025-01-17 10:00:00",3.3,-1.7,70,0,NA,196,17.6,NA,1015.6,NA,3,2025-01-17 10:00:00,101.56,10.35627632
"4068",396,"2025-01-17 11:00:00",6,-0.1,65,0,NA,200,18.4,NA,1013,NA,3,2025-01-17 11:00:00,101.3,10.3297636
"4069",397,"2025-01-17 12:00:00",6,-0.1,65,0,NA,190,18.4,NA,1012,NA,3,2025-01-17 12:00:00,101.2,10.3195664
"4070",398,"2025-01-17 13:00:00",7,0,61,0,NA,180,22,NA,1012,NA,2,2025-01-17 13:00:00,101.2,10.3195664
"4071",399,"2025-01-17 14:00:00",9,-0.1,53,0,NA,200,29.5,NA,1011,NA,1,2025-01-17 14:00:00,101.1,10.3093692
"4072",400,"2025-01-17 15:00:00",11,1,50,0,NA,200,33.5,NA,1010,NA,1,2025-01-17 15:00:00,101,10.299172
"4073",401,"2025-01-17 16:00:00",13,1,44,0,NA,210,35.3,NA,1009,NA,3,2025-01-17 16:00:00,100.9,10.2889748
"4074",402,"2025-01-17 17:00:00",13,1,44,0,NA,200,38.9,NA,1008,NA,3,2025-01-17 17:00:00,100.8,10.2787776
"4075",403,"2025-01-17 18:00:00",14,1.9,44,0,NA,190,40.7,NA,1006,NA,3,2025-01-17 18:00:00,100.6,10.2583832
"4076",404,"2025-01-17 19:00:00",13,3.1,51,0,NA,190,30,NA,1004,NA,3,2025-01-17 19:00:00,100.4,10.2379888
"4077",405,"2025-01-17 20:00:00",13,3.1,51,0,NA,190,35,NA,1003,NA,3,2025-01-17 20:00:00,100.3,10.2277916
"4078",406,"2025-01-17 21:00:00",12,4,58,0,NA,190,25.9,NA,1003,NA,3,2025-01-17 21:00:00,100.3,10.2277916
"4079",407,"2025-01-17 22:00:00",10,5,71,0,NA,180,22.3,NA,1003,NA,3,2025-01-17 22:00:00,100.3,10.2277916
"4080",408,"2025-01-17 23:00:00",7,7,100,0.9,NA,150,22,NA,1002,NA,8,2025-01-17 23:00:00,100.2,10.2175944
"4081",409,"2025-01-18 00:00:00",9,6.1,82,0,NA,210,27.7,NA,1003,NA,2,2025-01-18,100.3,10.2277916
"4082",410,"2025-01-18 01:00:00",8,6.9,93,0,NA,190,20.5,NA,1004,NA,2,2025-01-18 01:00:00,100.4,10.2379888
"4083",411,"2025-01-18 02:00:00",6,6,100,0,NA,170,9.4,NA,1004,NA,3,2025-01-18 02:00:00,100.4,10.2379888
"4084",412,"2025-01-18 03:00:00",5.5,3.3,86,0,NA,190,15.5,NA,1004.2,NA,1,2025-01-18 03:00:00,100.42,10.24002824
"4085",413,"2025-01-18 04:00:00",4.8,3.3,90,0,NA,193,13,NA,1004.4,NA,2,2025-01-18 04:00:00,100.44,10.24206768
"4086",414,"2025-01-18 05:00:00",4.5,3.2,91,0,NA,220,11.5,NA,1004.6,NA,3,2025-01-18 05:00:00,100.46,10.24410712
"4087",415,"2025-01-18 06:00:00",4.2,3,92,0,NA,265,10.1,NA,1005.3,NA,3,2025-01-18 06:00:00,100.53,10.25124516
"4088",416,"2025-01-18 07:00:00",4.9,3.7,92,0,NA,327,16.9,NA,1006.6,NA,3,2025-01-18 07:00:00,100.66,10.26450152
"4089",417,"2025-01-18 08:00:00",3.3,2.3,93,0,NA,349,20.5,NA,1008.4,NA,3,2025-01-18 08:00:00,100.84,10.28285648
"4090",418,"2025-01-18 09:00:00",2.8,0.4,84,0,NA,4,23.4,NA,1009.9,NA,3,2025-01-18 09:00:00,100.99,10.29815228
"4091",419,"2025-01-18 10:00:00",2.3,-1.1,78,0,NA,8,22.3,NA,1010.9,NA,3,2025-01-18 10:00:00,101.09,10.30834948
"4092",420,"2025-01-18 11:00:00",1,1,100,0,NA,360,18.4,NA,1011,NA,1,2025-01-18 11:00:00,101.1,10.3093692
"4093",421,"2025-01-18 12:00:00",0,-1,93,0,NA,360,18.4,NA,1013,NA,1,2025-01-18 12:00:00,101.3,10.3297636
"4094",422,"2025-01-18 13:00:00",-1,-2,93,0,NA,10,26,NA,1014,NA,1,2025-01-18 13:00:00,101.4,10.3399608
"4095",423,"2025-01-18 14:00:00",-1,-3,86,0,NA,360,22.3,NA,1015,NA,1,2025-01-18 14:00:00,101.5,10.350158
"4096",424,"2025-01-18 15:00:00",1,-2.9,75,0,NA,350,18.4,NA,1016,NA,3,2025-01-18 15:00:00,101.6,10.3603552
"4097",425,"2025-01-18 16:00:00",1,-4.1,69,0,NA,360,22.3,NA,1016,NA,2,2025-01-18 16:00:00,101.6,10.3603552
"4098",426,"2025-01-18 17:00:00",1,-5.1,64,0,NA,340,22,NA,1017,NA,1,2025-01-18 17:00:00,101.7,10.3705524
"4099",427,"2025-01-18 18:00:00",1,-5.1,64,0,NA,340,18.4,NA,1016,NA,1,2025-01-18 18:00:00,101.6,10.3603552
"4100",428,"2025-01-18 19:00:00",1,-5.9,60,0,NA,340,18.4,NA,1016,NA,3,2025-01-18 19:00:00,101.6,10.3603552
"4101",429,"2025-01-18 20:00:00",0,-6,64,0,NA,340,24.1,NA,1017,NA,3,2025-01-18 20:00:00,101.7,10.3705524
"4102",430,"2025-01-18 21:00:00",-1,-6,69,0,NA,360,22.3,NA,1018,NA,3,2025-01-18 21:00:00,101.8,10.3807496
"4103",431,"2025-01-18 22:00:00",-2,-6.9,69,0,NA,340,24.1,NA,1019,NA,3,2025-01-18 22:00:00,101.9,10.3909468
"4104",432,"2025-01-18 23:00:00",-3,-7,74,0,NA,340,19,NA,1020,NA,3,2025-01-18 23:00:00,102,10.401144
"4105",433,"2025-01-19 00:00:00",-4,-8,74,0,NA,350,20.5,NA,1021,NA,3,2025-01-19,102.1,10.4113412
"4106",434,"2025-01-19 01:00:00",-4,-11.9,54,0,NA,360,18.4,NA,1022,NA,3,2025-01-19 01:00:00,102.2,10.4215384
"4107",435,"2025-01-19 02:00:00",-5,-10,68,0,NA,350,20.5,NA,1022,NA,3,2025-01-19 02:00:00,102.2,10.4215384
"4108",436,"2025-01-19 03:00:00",-5.9,-12.6,59,0,NA,353,23,NA,1025.5,NA,3,2025-01-19 03:00:00,102.55,10.4572286
"4109",437,"2025-01-19 04:00:00",-6.1,-13,58,0,NA,355,23.4,NA,1026.3,NA,3,2025-01-19 04:00:00,102.63,10.46538636
"4110",438,"2025-01-19 05:00:00",-6.2,-14.7,51,0,NA,355,22.3,NA,1026.9,NA,3,2025-01-19 05:00:00,102.69,10.47150468
"4111",439,"2025-01-19 06:00:00",-6.2,-14.9,50,0,NA,352,22,NA,1027.2,NA,3,2025-01-19 06:00:00,102.72,10.47456384
"4112",440,"2025-01-19 07:00:00",-6.7,-16.2,47,0,NA,355,22,NA,1027.5,NA,3,2025-01-19 07:00:00,102.75,10.477623
"4113",441,"2025-01-19 08:00:00",-7.4,-16.5,48,0,NA,348,20.9,NA,1028.3,NA,1,2025-01-19 08:00:00,102.83,10.48578076
"4114",442,"2025-01-19 09:00:00",-7.9,-17,48,0,NA,346,22,NA,1029,NA,2,2025-01-19 09:00:00,102.9,10.4929188
"4115",443,"2025-01-19 10:00:00",-8.7,-18.2,46,0,NA,344,23.4,NA,1030,NA,1,2025-01-19 10:00:00,103,10.503116
"4116",444,"2025-01-19 11:00:00",-10,-15.9,62,0,NA,340,19,NA,1028,NA,1,2025-01-19 11:00:00,102.8,10.4827216
"4117",445,"2025-01-19 12:00:00",-10,-15.9,62,0,NA,340,19,NA,1029,NA,1,2025-01-19 12:00:00,102.9,10.4929188
"4118",446,"2025-01-19 13:00:00",-11,-15.9,67,0,NA,340,18.4,NA,1030,NA,1,2025-01-19 13:00:00,103,10.503116
"4119",447,"2025-01-19 14:00:00",-9,-16,57,0,NA,340,19,NA,1031,NA,1,2025-01-19 14:00:00,103.1,10.5133132
"4120",448,"2025-01-19 15:00:00",-8,-15.9,53,0,NA,330,18.4,NA,1032,NA,2,2025-01-19 15:00:00,103.2,10.5235104
"4121",449,"2025-01-19 16:00:00",-7,-18.1,41,0,NA,350,18.4,NA,1032,NA,1,2025-01-19 16:00:00,103.2,10.5235104
"4122",450,"2025-01-19 17:00:00",-7,-18.9,38,0,NA,310,22.3,NA,1031,NA,1,2025-01-19 17:00:00,103.1,10.5133132
"4123",451,"2025-01-19 18:00:00",-6,-19,35,0,NA,320,26,NA,1030,NA,1,2025-01-19 18:00:00,103,10.503116
"4124",452,"2025-01-19 19:00:00",-6,-19,35,0,NA,310,25.9,NA,1030,NA,1,2025-01-19 19:00:00,103,10.503116
"4125",453,"2025-01-19 20:00:00",-6,-19,35,0,NA,300,25.9,NA,1030,NA,1,2025-01-19 20:00:00,103,10.503116
"4126",454,"2025-01-19 21:00:00",-6,-19,35,0,NA,290,27.7,NA,1030,NA,1,2025-01-19 21:00:00,103,10.503116
"4127",455,"2025-01-19 22:00:00",-6,-19,35,0,NA,300,22.3,NA,1033.5,NA,1,2025-01-19 22:00:00,103.35,10.5388062
"4128",456,"2025-01-19 23:00:00",-7.6,-26.7,20,0,NA,321,17.6,NA,1033.6,NA,1,2025-01-19 23:00:00,103.36,10.53982592
"4129",457,"2025-01-20 00:00:00",-8.5,-26,23,0,NA,321,14,NA,1034.1,NA,1,2025-01-20,103.41,10.54492452
"4130",458,"2025-01-20 01:00:00",-7,-18.9,38,0,NA,0,0,NA,1031,NA,2,2025-01-20 01:00:00,103.1,10.5133132
"4131",459,"2025-01-20 02:00:00",-9,-18,48,0,NA,0,0,NA,1031,NA,1,2025-01-20 02:00:00,103.1,10.5133132
"4132",460,"2025-01-20 03:00:00",-9.5,-26.4,24,0,NA,340,12.2,NA,1035.6,NA,3,2025-01-20 03:00:00,103.56,10.56022032
"4133",461,"2025-01-20 04:00:00",-9.8,-26.2,25,0,NA,346,9.7,NA,1036.2,NA,3,2025-01-20 04:00:00,103.62,10.56633864
"4134",462,"2025-01-20 05:00:00",-9.9,-25.4,27,0,NA,349,9.7,NA,1036.4,NA,3,2025-01-20 05:00:00,103.64,10.56837808
"4135",463,"2025-01-20 06:00:00",-9.9,-25,28,0,NA,355,9.4,NA,1036.8,NA,3,2025-01-20 06:00:00,103.68,10.57245696
"4136",464,"2025-01-20 07:00:00",-9.9,-24.2,30,0,NA,1,8.6,NA,1037.4,NA,3,2025-01-20 07:00:00,103.74,10.57857528
"4137",465,"2025-01-20 08:00:00",-9.9,-23.9,31,0,NA,6,8.3,NA,1037.6,NA,3,2025-01-20 08:00:00,103.76,10.58061472
"4138",466,"2025-01-20 09:00:00",-10.1,-23.3,33,0,NA,23,7.6,NA,1037.5,NA,3,2025-01-20 09:00:00,103.75,10.579595
"4139",467,"2025-01-20 10:00:00",-10.2,-21.5,39,0,NA,32,7.6,NA,1037.3,NA,3,2025-01-20 10:00:00,103.73,10.57755556
"4140",468,"2025-01-20 11:00:00",-14,-19,66,0,NA,0,0,NA,1033,NA,3,2025-01-20 11:00:00,103.3,10.5337076
"4141",469,"2025-01-20 12:00:00",-14,-19,66,0,NA,47,6.1,NA,1033,NA,3,2025-01-20 12:00:00,103.3,10.5337076
"4142",470,"2025-01-20 13:00:00",-14,-19,66,0,NA,60,5.4,NA,1034,NA,3,2025-01-20 13:00:00,103.4,10.5439048
"4143",471,"2025-01-20 14:00:00",-12,-18,61,0,NA,80,7.6,NA,1035,NA,2,2025-01-20 14:00:00,103.5,10.554102
"4144",472,"2025-01-20 15:00:00",-9,-17.1,52,0,NA,90,5.4,NA,1036,NA,3,2025-01-20 15:00:00,103.6,10.5642992
"4145",473,"2025-01-20 16:00:00",-9,-18,48,0,NA,0,0,NA,1036,NA,3,2025-01-20 16:00:00,103.6,10.5642992
"4146",474,"2025-01-20 17:00:00",-7,-18.9,38,0,NA,50,6,NA,1036,NA,3,2025-01-20 17:00:00,103.6,10.5642992
"4147",475,"2025-01-20 18:00:00",-5,-18.1,35,0,NA,30,7.6,NA,1035,NA,3,2025-01-20 18:00:00,103.5,10.554102
"4148",476,"2025-01-20 19:00:00",-5,-19.9,30,0,NA,280,5.4,NA,1034,NA,3,2025-01-20 19:00:00,103.4,10.5439048
"4149",477,"2025-01-20 20:00:00",-4,-19.9,28,0,NA,0,0,NA,1033,NA,3,2025-01-20 20:00:00,103.3,10.5337076
"4150",478,"2025-01-20 21:00:00",-4,-19,30,0,NA,280,5.4,NA,1033,NA,3,2025-01-20 21:00:00,103.3,10.5337076
"4151",479,"2025-01-20 22:00:00",-4,-17.9,33,0,NA,300,7,NA,1033,NA,3,2025-01-20 22:00:00,103.3,10.5337076
"4152",480,"2025-01-20 23:00:00",-5,-18.1,35,0,NA,300,7.6,NA,1033,NA,3,2025-01-20 23:00:00,103.3,10.5337076
"4153",481,"2025-01-21 00:00:00",-5,-15.1,45,0,NA,300,7.6,NA,1034,NA,3,2025-01-21,103.4,10.5439048
"4154",482,"2025-01-21 01:00:00",-6,-14,53,0,NA,330,17,NA,1036,NA,3,2025-01-21 01:00:00,103.6,10.5642992
"4155",483,"2025-01-21 02:00:00",-6,-11,68,0,NA,320,11.2,NA,1036,NA,3,2025-01-21 02:00:00,103.6,10.5642992
"4156",484,"2025-01-21 03:00:00",-6.3,-19.3,35,0,NA,335,14.4,NA,1039.5,NA,3,2025-01-21 03:00:00,103.95,10.5999894
"4157",485,"2025-01-21 04:00:00",-6.7,-18.1,40,0,NA,332,14.4,NA,1040.5,NA,3,2025-01-21 04:00:00,104.05,10.6101866
"4158",486,"2025-01-21 05:00:00",-7,-17.2,44,0,NA,330,15.8,NA,1040.9,NA,3,2025-01-21 05:00:00,104.09,10.61426548
"4159",487,"2025-01-21 06:00:00",-7.9,-16.3,51,0,NA,338,20.5,NA,1041.6,NA,3,2025-01-21 06:00:00,104.16,10.62140352
"4160",488,"2025-01-21 07:00:00",-9.6,-20.4,41,0,NA,354,19.1,NA,1042.5,NA,3,2025-01-21 07:00:00,104.25,10.630581
"4161",489,"2025-01-21 08:00:00",-10.4,-21.4,40,0,NA,359,13.7,NA,1042.8,NA,3,2025-01-21 08:00:00,104.28,10.63364016
"4162",490,"2025-01-21 09:00:00",-11.1,-22.1,40,0,NA,360,11.2,NA,1043.1,NA,1,2025-01-21 09:00:00,104.31,10.63669932
"4163",491,"2025-01-21 10:00:00",-11.9,-22,43,0,NA,355,7.6,NA,1042.9,NA,1,2025-01-21 10:00:00,104.29,10.63465988
"4164",492,"2025-01-21 11:00:00",-14,-19,66,0,NA,340,11.2,NA,1039,NA,1,2025-01-21 11:00:00,103.9,10.5948908
"4165",493,"2025-01-21 12:00:00",-14,-19,66,0,NA,340,11.2,NA,1039,NA,1,2025-01-21 12:00:00,103.9,10.5948908
"4166",494,"2025-01-21 13:00:00",-15,-21,60,0,NA,350,5.4,NA,1039,NA,1,2025-01-21 13:00:00,103.9,10.5948908
"4167",495,"2025-01-21 14:00:00",-13,-23,43,0,NA,360,15,NA,1039,NA,1,2025-01-21 14:00:00,103.9,10.5948908
"4168",496,"2025-01-21 15:00:00",-12,-22.1,43,0,NA,360,13,NA,1039,NA,1,2025-01-21 15:00:00,103.9,10.5948908
"4169",497,"2025-01-21 16:00:00",-10,-22,37,0,NA,270,11.2,NA,1039,NA,1,2025-01-21 16:00:00,103.9,10.5948908
"4170",498,"2025-01-21 17:00:00",-9,-22,34,0,NA,290,11.2,NA,1038,NA,1,2025-01-21 17:00:00,103.8,10.5846936
"4171",499,"2025-01-21 18:00:00",-8,-21.8,32,0,NA,320,15,NA,1037,NA,1,2025-01-21 18:00:00,103.7,10.5744964
"4172",500,"2025-01-21 19:00:00",-7,-22.9,27,0,NA,300,9.4,NA,1036,NA,1,2025-01-21 19:00:00,103.6,10.5642992
"4173",501,"2025-01-21 20:00:00",-7,-22.9,27,0,NA,300,9.4,NA,1035,NA,1,2025-01-21 20:00:00,103.5,10.554102
"4174",502,"2025-01-21 21:00:00",-6,-23.8,23,0,NA,270,7.6,NA,1034,NA,1,2025-01-21 21:00:00,103.4,10.5439048
"4175",503,"2025-01-21 22:00:00",-7,-22.9,27,0,NA,260,9,NA,1033,NA,1,2025-01-21 22:00:00,103.3,10.5337076
"4176",504,"2025-01-21 23:00:00",-8,-21.8,32,0,NA,210,7.6,NA,1033,NA,1,2025-01-21 23:00:00,103.3,10.5337076
"4177",505,"2025-01-22 00:00:00",-9,-22,34,0,NA,190,5.4,NA,1033,NA,1,2025-01-22,103.3,10.5337076
"4178",506,"2025-01-22 01:00:00",-10,-20,44,0,NA,0,0,NA,1032,NA,1,2025-01-22 01:00:00,103.2,10.5235104
"4179",507,"2025-01-22 02:00:00",-10,-20,44,0,NA,170,9.4,NA,1031,NA,1,2025-01-22 02:00:00,103.1,10.5133132
"4180",508,"2025-01-22 03:00:00",-8.3,-25.3,24,0,NA,187,14.8,NA,1034.8,NA,1,2025-01-22 03:00:00,103.48,10.55206256
"4181",509,"2025-01-22 04:00:00",-8.5,-23.4,29,0,NA,190,17.3,NA,1034.1,NA,1,2025-01-22 04:00:00,103.41,10.54492452
"4182",510,"2025-01-22 05:00:00",-8.6,-22.4,32,0,NA,189,18.4,NA,1033.4,NA,1,2025-01-22 05:00:00,103.34,10.53778648
"4183",511,"2025-01-22 06:00:00",-8.4,-22.9,30,0,NA,192,19.1,NA,1033.2,NA,3,2025-01-22 06:00:00,103.32,10.53574704
"4184",512,"2025-01-22 07:00:00",-7.6,-23.4,27,0,NA,198,21.2,NA,1032.6,NA,3,2025-01-22 07:00:00,103.26,10.52962872
"4185",513,"2025-01-22 08:00:00",-7,-21.7,30,0,NA,198,22.3,NA,1031.1,NA,3,2025-01-22 08:00:00,103.11,10.51433292
"4186",514,"2025-01-22 09:00:00",-6.9,-22,29,0,NA,196,22.3,NA,1030.4,NA,3,2025-01-22 09:00:00,103.04,10.50719488
"4187",515,"2025-01-22 10:00:00",-7,-21.3,31,0,NA,195,21.6,NA,1029.2,NA,1,2025-01-22 10:00:00,102.92,10.49495824
"4188",516,"2025-01-22 11:00:00",-7,-21.3,31,0,NA,180,22.3,NA,1024,NA,2,2025-01-22 11:00:00,102.4,10.4419328
"4189",517,"2025-01-22 12:00:00",-7,-21.1,31,0,NA,190,17,NA,1024,NA,1,2025-01-22 12:00:00,102.4,10.4419328
"4190",518,"2025-01-22 13:00:00",-7,-16.9,45,0,NA,180,11.2,NA,1024,NA,1,2025-01-22 13:00:00,102.4,10.4419328
"4191",519,"2025-01-22 14:00:00",-4,-15,42,0,NA,180,22.3,NA,1024,NA,1,2025-01-22 14:00:00,102.4,10.4419328
"4192",520,"2025-01-22 15:00:00",-1,-12.9,40,0,NA,180,22.3,NA,1022,NA,3,2025-01-22 15:00:00,102.2,10.4215384
"4193",521,"2025-01-22 16:00:00",1,-12.1,37,0,NA,210,31.7,NA,1022,NA,3,2025-01-22 16:00:00,102.2,10.4215384
"4194",522,"2025-01-22 17:00:00",2,-11.9,35,0,NA,210,24,NA,1022,NA,3,2025-01-22 17:00:00,102.2,10.4215384
"4195",523,"2025-01-22 18:00:00",2,-10.9,38,0,NA,230,25.9,NA,1021,NA,3,2025-01-22 18:00:00,102.1,10.4113412
"4196",524,"2025-01-22 19:00:00",2,-9.9,41,0,NA,220,16.6,NA,1021,NA,2,2025-01-22 19:00:00,102.1,10.4113412
"4197",525,"2025-01-22 20:00:00",3,-9,41,0,NA,230,9.4,NA,1021,NA,1,2025-01-22 20:00:00,102.1,10.4113412
"4198",526,"2025-01-22 21:00:00",4,-9.1,38,0,NA,230,14.8,NA,1021,NA,1,2025-01-22 21:00:00,102.1,10.4113412
"4199",527,"2025-01-22 22:00:00",3,-9,41,0,NA,260,20,NA,1022,NA,1,2025-01-22 22:00:00,102.2,10.4215384
"4200",528,"2025-01-22 23:00:00",2,-7.9,48,0,NA,260,13,NA,1023,NA,1,2025-01-22 23:00:00,102.3,10.4317356
"4201",529,"2025-01-23 00:00:00",1,-8,51,0,NA,260,9.4,NA,1024,NA,1,2025-01-23,102.4,10.4419328
"4202",530,"2025-01-23 01:00:00",0,-8,55,0,NA,280,9.4,NA,1025,NA,1,2025-01-23 01:00:00,102.5,10.45213
"4203",531,"2025-01-23 02:00:00",-1,-8,59,0,NA,290,5.4,NA,1025,NA,1,2025-01-23 02:00:00,102.5,10.45213
"4204",532,"2025-01-23 03:00:00",-2.5,-11.5,50,0,NA,284,12.6,NA,1026.6,NA,1,2025-01-23 03:00:00,102.66,10.46844552
"4205",533,"2025-01-23 04:00:00",-2.5,-10.8,53,0,NA,266,10.8,NA,1027,NA,1,2025-01-23 04:00:00,102.7,10.4725244
"4206",534,"2025-01-23 05:00:00",-2.8,-10.6,55,0,NA,270,10.1,NA,1027.3,NA,1,2025-01-23 05:00:00,102.73,10.47558356
"4207",535,"2025-01-23 06:00:00",-3.1,-10.4,57,0,NA,260,9.7,NA,1027.3,NA,1,2025-01-23 06:00:00,102.73,10.47558356
"4208",536,"2025-01-23 07:00:00",-3.3,-10,60,0,NA,253,10.8,NA,1027.5,NA,1,2025-01-23 07:00:00,102.75,10.477623
"4209",537,"2025-01-23 08:00:00",-3.2,-9.2,63,0,NA,259,12.6,NA,1027.8,NA,1,2025-01-23 08:00:00,102.78,10.48068216
"4210",538,"2025-01-23 09:00:00",-2.3,-7,70,0,NA,267,13.7,NA,1028.2,NA,1,2025-01-23 09:00:00,102.82,10.48476104
"4211",539,"2025-01-23 10:00:00",-2.4,-6.6,73,0,NA,275,13.3,NA,1028.4,NA,1,2025-01-23 10:00:00,102.84,10.48680048
"4212",540,"2025-01-23 11:00:00",-5,-6,93,0,NA,0,0,NA,1027,NA,1,2025-01-23 11:00:00,102.7,10.4725244
"4213",541,"2025-01-23 12:00:00",-5,-5,100,0,NA,270,6,NA,1028,NA,1,2025-01-23 12:00:00,102.8,10.4827216
"4214",542,"2025-01-23 13:00:00",-4,-4,100,0,NA,290,5.4,NA,1029,NA,1,2025-01-23 13:00:00,102.9,10.4929188
"4215",543,"2025-01-23 14:00:00",-2,-3,93,0,NA,290,11.2,NA,1029,NA,1,2025-01-23 14:00:00,102.9,10.4929188
"4216",544,"2025-01-23 15:00:00",0,-2.1,86,0,NA,310,13,NA,1030,NA,1,2025-01-23 15:00:00,103,10.503116
"4217",545,"2025-01-23 16:00:00",2,-2.9,70,0,NA,360,17,NA,1030,NA,1,2025-01-23 16:00:00,103,10.503116
"4218",546,"2025-01-23 17:00:00",3,-2.9,65,0,NA,310,24,NA,1030,NA,3,2025-01-23 17:00:00,103,10.503116
"4219",547,"2025-01-23 18:00:00",2,-3.9,65,0,NA,290,22.3,NA,1030,NA,2,2025-01-23 18:00:00,103,10.503116
"4220",548,"2025-01-23 19:00:00",2,-7.9,48,0,NA,310,35,NA,1029,NA,3,2025-01-23 19:00:00,102.9,10.4929188
"4221",549,"2025-01-23 20:00:00",1,-8,51,0,NA,290,22.3,NA,1029,NA,3,2025-01-23 20:00:00,102.9,10.4929188
"4222",550,"2025-01-23 21:00:00",0,-10,47,0,NA,300,19,NA,1029,NA,1,2025-01-23 21:00:00,102.9,10.4929188
"4223",551,"2025-01-23 22:00:00",-2,-11,50,0,NA,290,20.5,NA,1029,NA,1,2025-01-23 22:00:00,102.9,10.4929188
"4224",552,"2025-01-23 23:00:00",-3,-11,54,0,NA,300,14.8,NA,1030,NA,1,2025-01-23 23:00:00,103,10.503116
"4225",553,"2025-01-24 00:00:00",-4,-11.1,58,0,NA,310,11.2,NA,1030,NA,1,2025-01-24,103,10.503116
"4226",554,"2025-01-24 01:00:00",-4,-11.1,58,0,NA,300,13,NA,1030,NA,1,2025-01-24 01:00:00,103,10.503116
"4227",555,"2025-01-24 02:00:00",-5,-11,63,0,NA,310,14.8,NA,1031,NA,1,2025-01-24 02:00:00,103.1,10.5133132
"4228",556,"2025-01-24 03:00:00",-5.8,-17.6,39,0,NA,327,13,NA,1033.8,NA,1,2025-01-24 03:00:00,103.38,10.54186536
"4229",557,"2025-01-24 04:00:00",-6.2,-17.6,40,0,NA,332,11.5,NA,1033.8,NA,1,2025-01-24 04:00:00,103.38,10.54186536
"4230",558,"2025-01-24 05:00:00",-6.3,-15,50,0,NA,334,9.4,NA,1033.2,NA,1,2025-01-24 05:00:00,103.32,10.53574704
"4231",559,"2025-01-24 06:00:00",-6.7,-15.9,48,0,NA,325,6.8,NA,1032.9,NA,1,2025-01-24 06:00:00,103.29,10.53268788
"4232",560,"2025-01-24 07:00:00",-7,-16.2,48,0,NA,310,5.8,NA,1032.8,NA,1,2025-01-24 07:00:00,103.28,10.53166816
"4233",561,"2025-01-24 08:00:00",-7.2,-16.4,48,0,NA,300,4.3,NA,1032.4,NA,1,2025-01-24 08:00:00,103.24,10.52758928
"4234",562,"2025-01-24 09:00:00",-7.2,-16.4,48,0,NA,267,5,NA,1032.2,NA,1,2025-01-24 09:00:00,103.22,10.52554984
"4235",563,"2025-01-24 10:00:00",-7,-12.1,67,0,NA,246,5.8,NA,1031.5,NA,1,2025-01-24 10:00:00,103.15,10.5184118
"4236",564,"2025-01-24 11:00:00",-11,-13,85,0,NA,170,5.4,NA,1028,NA,1,2025-01-24 11:00:00,102.8,10.4827216
"4237",565,"2025-01-24 12:00:00",-11,-13,85,0,NA,120,6,NA,1028,NA,1,2025-01-24 12:00:00,102.8,10.4827216
"4238",566,"2025-01-24 13:00:00",-9,-13,73,0,NA,120,5.4,NA,1028,NA,1,2025-01-24 13:00:00,102.8,10.4827216
"4239",567,"2025-01-24 14:00:00",-7,-8.9,86,0,NA,150,5.4,NA,1028,NA,1,2025-01-24 14:00:00,102.8,10.4827216
"4240",568,"2025-01-24 15:00:00",-3,-6,80,0,NA,160,11.2,NA,1028,NA,1,2025-01-24 15:00:00,102.8,10.4827216
"4241",569,"2025-01-24 16:00:00",0,-7.1,59,0,NA,190,13,NA,1028,NA,1,2025-01-24 16:00:00,102.8,10.4827216
"4242",570,"2025-01-24 17:00:00",3,-5.9,52,0,NA,200,22,NA,1026,NA,1,2025-01-24 17:00:00,102.6,10.4623272
"4243",571,"2025-01-24 18:00:00",4,-6.9,45,0,NA,220,18.4,NA,1025,NA,1,2025-01-24 18:00:00,102.5,10.45213
"4244",572,"2025-01-24 19:00:00",6,-6.9,39,0,NA,210,25.9,NA,1023,NA,1,2025-01-24 19:00:00,102.3,10.4317356
"4245",573,"2025-01-24 20:00:00",7,-7.1,36,0,NA,220,19,NA,1023,NA,1,2025-01-24 20:00:00,102.3,10.4317356
"4246",574,"2025-01-24 21:00:00",6,-6,42,0,NA,210,22.3,NA,1023,NA,1,2025-01-24 21:00:00,102.3,10.4317356
"4247",575,"2025-01-24 22:00:00",6,-5,45,0,NA,200,18.4,NA,1022,NA,1,2025-01-24 22:00:00,102.2,10.4215384
"4248",576,"2025-01-24 23:00:00",4,-6,48,0,NA,160,7,NA,1022,NA,1,2025-01-24 23:00:00,102.2,10.4215384
"4249",577,"2025-01-25 00:00:00",2.8,-10.8,36,0,NA,200,17.6,NA,1023.1,NA,1,2025-01-25,102.31,10.43275532
"4250",578,"2025-01-25 01:00:00",2.3,-6.3,53,0,NA,195,19.4,NA,1023.1,NA,1,2025-01-25 01:00:00,102.31,10.43275532
"4251",579,"2025-01-25 02:00:00",2,-6.1,55,0,NA,150,7.6,NA,1022,NA,1,2025-01-25 02:00:00,102.2,10.4215384
"4252",580,"2025-01-25 03:00:00",2.2,-6.4,53,0,NA,191,20.5,NA,1023.2,NA,1,2025-01-25 03:00:00,102.32,10.43377504
"4253",581,"2025-01-25 04:00:00",2.3,-7.1,50,0,NA,196,21.2,NA,1023.2,NA,1,2025-01-25 04:00:00,102.32,10.43377504
"4254",582,"2025-01-25 05:00:00",2.3,-7.3,49,0,NA,197,20.9,NA,1022.9,NA,1,2025-01-25 05:00:00,102.29,10.43071588
"4255",583,"2025-01-25 06:00:00",2.1,-7.5,49,0,NA,198,21.2,NA,1022.9,NA,1,2025-01-25 06:00:00,102.29,10.43071588
"4256",584,"2025-01-25 07:00:00",2.1,-8.1,47,0,NA,197,21.6,NA,1023,NA,1,2025-01-25 07:00:00,102.3,10.4317356
"4257",585,"2025-01-25 08:00:00",2.1,-8.3,46,0,NA,195,22,NA,1022.8,NA,1,2025-01-25 08:00:00,102.28,10.42969616
"4258",586,"2025-01-25 09:00:00",2,-8.7,45,0,NA,193,22,NA,1022.7,NA,1,2025-01-25 09:00:00,102.27,10.42867644
"4259",587,"2025-01-25 10:00:00",1.8,-8.6,46,0,NA,191,21.6,NA,1022.5,NA,1,2025-01-25 10:00:00,102.25,10.426637
"4260",588,"2025-01-25 11:00:00",4,-6.9,45,0,NA,180,16.6,NA,1022,NA,3,2025-01-25 11:00:00,102.2,10.4215384
"4261",589,"2025-01-25 12:00:00",4,-6.9,45,0,NA,170,19,NA,1022,NA,3,2025-01-25 12:00:00,102.2,10.4215384
"4262",590,"2025-01-25 13:00:00",4,-6.9,45,0,NA,180,18.4,NA,1022,NA,3,2025-01-25 13:00:00,102.2,10.4215384
"4263",591,"2025-01-25 14:00:00",5,-6,45,0,NA,180,26,NA,1023,NA,3,2025-01-25 14:00:00,102.3,10.4317356
"4264",592,"2025-01-25 15:00:00",8,-5.1,39,0,NA,190,27.7,NA,1023,NA,3,2025-01-25 15:00:00,102.3,10.4317356
"4265",593,"2025-01-25 16:00:00",9,-3.9,40,0,NA,210,28,NA,1023,NA,3,2025-01-25 16:00:00,102.3,10.4317356
"4266",594,"2025-01-25 17:00:00",9,-2.9,43,0,NA,190,31.7,NA,1023,NA,3,2025-01-25 17:00:00,102.3,10.4317356
"4267",595,"2025-01-25 18:00:00",10,-2,43,0,NA,200,33,NA,1022,NA,3,2025-01-25 18:00:00,102.2,10.4215384
"4268",596,"2025-01-25 19:00:00",10,-1.1,46,0,NA,230,16.6,NA,1022,NA,3,2025-01-25 19:00:00,102.2,10.4215384
"4269",597,"2025-01-25 20:00:00",11,0.1,47,0,NA,220,13,NA,1022,NA,3,2025-01-25 20:00:00,102.2,10.4215384
"4270",598,"2025-01-25 21:00:00",11,0.1,47,0,NA,230,6,NA,1022,NA,3,2025-01-25 21:00:00,102.2,10.4215384
"4271",599,"2025-01-25 22:00:00",11,0.1,47,0,NA,250,9.4,NA,1022,NA,3,2025-01-25 22:00:00,102.2,10.4215384
"4272",600,"2025-01-25 23:00:00",9,-0.1,53,0,NA,0,0,NA,1023,NA,3,2025-01-25 23:00:00,102.3,10.4317356
"4273",601,"2025-01-26 00:00:00",7,0,61,0,NA,0,0,NA,1023,NA,3,2025-01-26,102.3,10.4317356
"4274",602,"2025-01-26 01:00:00",7,-0.9,57,0,NA,0,0,NA,1024,NA,3,2025-01-26 01:00:00,102.4,10.4419328
"4275",603,"2025-01-26 02:00:00",7,-0.9,57,0,NA,0,0,NA,1024,NA,3,2025-01-26 02:00:00,102.4,10.4419328
"4276",604,"2025-01-26 03:00:00",4.6,-0.2,71,0,NA,86,5,NA,1025.2,NA,3,2025-01-26 03:00:00,102.52,10.45416944
"4277",605,"2025-01-26 04:00:00",4.1,-0.1,74,0,NA,51,9,NA,1025.8,NA,3,2025-01-26 04:00:00,102.58,10.46028776
"4278",606,"2025-01-26 05:00:00",3.9,-0.3,74,0,NA,17,9.4,NA,1026.5,NA,3,2025-01-26 05:00:00,102.65,10.4674258
"4279",607,"2025-01-26 06:00:00",3.6,-0.6,74,0,NA,33,11.5,NA,1027.1,NA,3,2025-01-26 06:00:00,102.71,10.47354412
"4280",608,"2025-01-26 07:00:00",2.7,-4.1,61,0,NA,32,11.9,NA,1027.2,NA,3,2025-01-26 07:00:00,102.72,10.47456384
"4281",609,"2025-01-26 08:00:00",1.3,-4.2,67,0,NA,43,12.2,NA,1027.4,NA,3,2025-01-26 08:00:00,102.74,10.47660328
"4282",610,"2025-01-26 09:00:00",-0.1,-4,75,0,NA,43,11.9,NA,1027.5,NA,1,2025-01-26 09:00:00,102.75,10.477623
"4283",611,"2025-01-26 10:00:00",-0.3,-3.7,78,0,NA,41,13.3,NA,1027.9,NA,3,2025-01-26 10:00:00,102.79,10.48170188
"4284",612,"2025-01-26 11:00:00",3,-2.9,65,0,NA,30,15,NA,1026,NA,3,2025-01-26 11:00:00,102.6,10.4623272
"4285",613,"2025-01-26 12:00:00",2,-2.9,70,0,NA,60,11.2,NA,1027,NA,3,2025-01-26 12:00:00,102.7,10.4725244
"4286",614,"2025-01-26 13:00:00",2,-3.9,65,0,NA,40,11,NA,1027,NA,3,2025-01-26 13:00:00,102.7,10.4725244
"4287",615,"2025-01-26 14:00:00",2,-3.9,65,0,NA,60,11,NA,1028,NA,3,2025-01-26 14:00:00,102.8,10.4827216
"4288",616,"2025-01-26 15:00:00",2,-3.9,65,0,NA,60,11.2,NA,1028,NA,3,2025-01-26 15:00:00,102.8,10.4827216
"4289",617,"2025-01-26 16:00:00",3,-4,60,0,NA,50,11,NA,1028,NA,3,2025-01-26 16:00:00,102.8,10.4827216
"4290",618,"2025-01-26 17:00:00",4,-4,56,0,NA,70,9.4,NA,1027,NA,3,2025-01-26 17:00:00,102.7,10.4725244
"4291",619,"2025-01-26 18:00:00",4,-4,56,0,NA,20,9.4,NA,1026,NA,3,2025-01-26 18:00:00,102.6,10.4623272
"4292",620,"2025-01-26 19:00:00",4,-3.1,60,0,NA,10,14.8,NA,1026,NA,3,2025-01-26 19:00:00,102.6,10.4623272
"4293",621,"2025-01-26 20:00:00",4,-3.1,60,0,NA,10,11.2,NA,1026,NA,3,2025-01-26 20:00:00,102.6,10.4623272
"4294",622,"2025-01-26 21:00:00",4,-3.1,60,0,NA,20,11,NA,1026,NA,3,2025-01-26 21:00:00,102.6,10.4623272
"4295",623,"2025-01-26 22:00:00",4,-4,56,0,NA,30,9,NA,1026,NA,3,2025-01-26 22:00:00,102.6,10.4623272
"4296",624,"2025-01-26 23:00:00",4,-4,56,0,NA,30,7.6,NA,1026,NA,3,2025-01-26 23:00:00,102.6,10.4623272
"4297",625,"2025-01-27 00:00:00",3,-2.9,65,0,NA,30,9.4,NA,1026,NA,2,2025-01-27,102.6,10.4623272
"4298",626,"2025-01-27 01:00:00",3,-4,60,0,NA,20,11,NA,1026,NA,2,2025-01-27 01:00:00,102.6,10.4623272
"4299",627,"2025-01-27 02:00:00",3,-4.9,56,0,NA,20,13,NA,1027,NA,3,2025-01-27 02:00:00,102.7,10.4725244
"4300",628,"2025-01-27 03:00:00",-0.8,-5.2,72,0,NA,23,11.5,NA,1029,NA,1,2025-01-27 03:00:00,102.9,10.4929188
"4301",629,"2025-01-27 04:00:00",-1.6,-5.6,74,0,NA,34,10.1,NA,1028.5,NA,1,2025-01-27 04:00:00,102.85,10.4878202
"4302",630,"2025-01-27 05:00:00",-2.2,-6,75,0,NA,32,9.4,NA,1028.7,NA,1,2025-01-27 05:00:00,102.87,10.48985964
"4303",631,"2025-01-27 06:00:00",-2.7,-6.5,75,0,NA,23,9.7,NA,1028.9,NA,1,2025-01-27 06:00:00,102.89,10.49189908
"4304",632,"2025-01-27 07:00:00",-3.2,-7.2,74,0,NA,25,7.9,NA,1029.1,NA,1,2025-01-27 07:00:00,102.91,10.49393852
"4305",633,"2025-01-27 08:00:00",-3.6,-7.7,73,0,NA,19,7.6,NA,1029.1,NA,1,2025-01-27 08:00:00,102.91,10.49393852
"4306",634,"2025-01-27 09:00:00",-4.3,-8.8,71,0,NA,25,7.6,NA,1028.8,NA,1,2025-01-27 09:00:00,102.88,10.49087936
"4307",635,"2025-01-27 10:00:00",-4.7,-8.6,74,0,NA,20,5.4,NA,1028.7,NA,1,2025-01-27 10:00:00,102.87,10.48985964
"4308",636,"2025-01-27 11:00:00",-5,-6,93,0,NA,0,0,NA,1026,NA,1,2025-01-27 11:00:00,102.6,10.4623272
"4309",637,"2025-01-27 12:00:00",-6,-6,100,0,NA,1,3.6,NA,1026,NA,1,2025-01-27 12:00:00,102.6,10.4623272
"4310",638,"2025-01-27 13:00:00",-6,-6,100,0,NA,0,0,NA,1026,NA,1,2025-01-27 13:00:00,102.6,10.4623272
"4311",639,"2025-01-27 14:00:00",-2,-6,74,0,NA,120,5.4,NA,1026,NA,1,2025-01-27 14:00:00,102.6,10.4623272
"4312",640,"2025-01-27 15:00:00",0,-6,64,0,NA,100,5.4,NA,1026,NA,1,2025-01-27 15:00:00,102.6,10.4623272
"4313",641,"2025-01-27 16:00:00",3,-8.1,44,0,NA,178,2.2,NA,1026,NA,1,2025-01-27 16:00:00,102.6,10.4623272
"4314",642,"2025-01-27 17:00:00",5,-8.9,36,0,NA,260,5.4,NA,1025,NA,1,2025-01-27 17:00:00,102.5,10.45213
"4315",643,"2025-01-27 18:00:00",7,-7.8,34,0,NA,240,11.2,NA,1024,NA,1,2025-01-27 18:00:00,102.4,10.4419328
"4316",644,"2025-01-27 19:00:00",8,-8.1,31,0,NA,230,11.2,NA,1023,NA,1,2025-01-27 19:00:00,102.3,10.4317356
"4317",645,"2025-01-27 20:00:00",8,-6.9,34,0,NA,250,9,NA,1022,NA,1,2025-01-27 20:00:00,102.2,10.4215384
"4318",646,"2025-01-27 21:00:00",9,-6.8,32,0,NA,240,14.8,NA,1021,NA,1,2025-01-27 21:00:00,102.1,10.4113412
"4319",647,"2025-01-27 22:00:00",8,-6.9,34,0,NA,240,14.8,NA,1021,NA,1,2025-01-27 22:00:00,102.1,10.4113412
"4320",648,"2025-01-27 23:00:00",7,-7.1,36,0,NA,240,11.2,NA,1020,NA,1,2025-01-27 23:00:00,102,10.401144
"4321",649,"2025-01-28 00:00:00",5,-6.9,42,0,NA,240,11.2,NA,1021,NA,1,2025-01-28,102.1,10.4113412
"4322",650,"2025-01-28 01:00:00",3,-7,48,0,NA,220,5.4,NA,1020,NA,1,2025-01-28 01:00:00,102,10.401144
"4323",651,"2025-01-28 02:00:00",3,-7,48,0,NA,220,5.4,NA,1020,NA,1,2025-01-28 02:00:00,102,10.401144
"4324",652,"2025-01-28 03:00:00",-0.7,-12.6,40,0,NA,240,13,NA,1022.2,NA,1,2025-01-28 03:00:00,102.22,10.42357784
"4325",653,"2025-01-28 04:00:00",-0.8,-12.1,42,0,NA,235,14,NA,1022.1,NA,1,2025-01-28 04:00:00,102.21,10.42255812
"4326",654,"2025-01-28 05:00:00",-0.7,-8.2,57,0,NA,238,13.3,NA,1021.9,NA,1,2025-01-28 05:00:00,102.19,10.42051868
"4327",655,"2025-01-28 06:00:00",-0.5,-8.4,55,0,NA,241,13.3,NA,1021.7,NA,1,2025-01-28 06:00:00,102.17,10.41847924
"4328",656,"2025-01-28 07:00:00",-0.4,-8.6,54,0,NA,248,13,NA,1021.7,NA,1,2025-01-28 07:00:00,102.17,10.41847924
"4329",657,"2025-01-28 08:00:00",-0.5,-8.7,54,0,NA,250,12.6,NA,1021.5,NA,1,2025-01-28 08:00:00,102.15,10.4164398
"4330",658,"2025-01-28 09:00:00",-0.5,-8.9,53,0,NA,245,13,NA,1021.1,NA,1,2025-01-28 09:00:00,102.11,10.41236092
"4331",659,"2025-01-28 10:00:00",0.1,-8.9,51,0,NA,238,13.3,NA,1020.3,NA,1,2025-01-28 10:00:00,102.03,10.40420316
"4332",660,"2025-01-28 11:00:00",-2,-6,74,0,NA,0,0,NA,1019,NA,1,2025-01-28 11:00:00,101.9,10.3909468
"4333",661,"2025-01-28 12:00:00",-2,-6,74,0,NA,237,11.5,NA,1019,NA,1,2025-01-28 12:00:00,101.9,10.3909468
"4334",662,"2025-01-28 13:00:00",-1,-6,69,0,NA,0,0,NA,1019,NA,1,2025-01-28 13:00:00,101.9,10.3909468
"4335",663,"2025-01-28 14:00:00",3,-4.9,56,0,NA,200,5.4,NA,1020,NA,1,2025-01-28 14:00:00,102,10.401144
"4336",664,"2025-01-28 15:00:00",7,-5.1,42,0,NA,220,11,NA,1020,NA,1,2025-01-28 15:00:00,102,10.401144
"4337",665,"2025-01-28 16:00:00",9,-4.9,37,0,NA,240,13,NA,1020,NA,1,2025-01-28 16:00:00,102,10.401144
"4338",666,"2025-01-28 17:00:00",11,-3.1,37,0,NA,240,14.8,NA,1019,NA,1,2025-01-28 17:00:00,101.9,10.3909468
"4339",667,"2025-01-28 18:00:00",13,-2.1,35,0,NA,220,13,NA,1018,NA,1,2025-01-28 18:00:00,101.8,10.3807496
"4340",668,"2025-01-28 19:00:00",14,-2,33,0,NA,220,18.4,NA,1017,NA,1,2025-01-28 19:00:00,101.7,10.3705524
"4341",669,"2025-01-28 20:00:00",15,-2,31,0,NA,250,20,NA,1016,NA,1,2025-01-28 20:00:00,101.6,10.3603552
"4342",670,"2025-01-28 21:00:00",15,-2,31,0,NA,230,20.5,NA,1016,NA,1,2025-01-28 21:00:00,101.6,10.3603552
"4343",671,"2025-01-28 22:00:00",13,-2.1,35,0,NA,230,13,NA,1016,NA,1,2025-01-28 22:00:00,101.6,10.3603552
"4344",672,"2025-01-28 23:00:00",12,-1.9,38,0,NA,230,11.2,NA,1016,NA,2,2025-01-28 23:00:00,101.6,10.3603552
"4345",673,"2025-01-29 00:00:00",11,-2.1,40,0,NA,230,9.4,NA,1017,NA,3,2025-01-29,101.7,10.3705524
"4346",674,"2025-01-29 01:00:00",6,-2.9,53,0,NA,200,7,NA,1017,NA,3,2025-01-29 01:00:00,101.7,10.3705524
"4347",675,"2025-01-29 02:00:00",7,-1.9,53,0,NA,210,7.6,NA,1017,NA,2,2025-01-29 02:00:00,101.7,10.3705524
"4348",676,"2025-01-29 03:00:00",5.2,-1.7,61,0,NA,240,14.8,NA,1017.4,NA,3,2025-01-29 03:00:00,101.74,10.37463128
"4349",677,"2025-01-29 04:00:00",4.6,-1.6,64,0,NA,246,13.7,NA,1017.5,NA,3,2025-01-29 04:00:00,101.75,10.375651
"4350",678,"2025-01-29 05:00:00",3.9,-1.5,68,0,NA,248,13,NA,1017.9,NA,3,2025-01-29 05:00:00,101.79,10.37972988
"4351",679,"2025-01-29 06:00:00",3.6,-1.6,69,0,NA,245,13.7,NA,1017.8,NA,3,2025-01-29 06:00:00,101.78,10.37871016
"4352",680,"2025-01-29 07:00:00",3.4,-1.6,70,0,NA,242,14,NA,1017.8,NA,3,2025-01-29 07:00:00,101.78,10.37871016
"4353",681,"2025-01-29 08:00:00",3.3,-1.7,70,0,NA,243,13.3,NA,1018.1,NA,3,2025-01-29 08:00:00,101.81,10.38176932
"4354",682,"2025-01-29 09:00:00",2.7,-1.7,73,0,NA,250,11.2,NA,1018.2,NA,3,2025-01-29 09:00:00,101.82,10.38278904
"4355",683,"2025-01-29 10:00:00",1.9,-1.7,77,0,NA,258,10.1,NA,1017.8,NA,3,2025-01-29 10:00:00,101.78,10.37871016
"4356",684,"2025-01-29 11:00:00",4,1,81,0,NA,244,9.7,NA,1018,NA,3,2025-01-29 11:00:00,101.8,10.3807496
"4357",685,"2025-01-29 12:00:00",3,1,87,0,NA,0,0,NA,1019,NA,3,2025-01-29 12:00:00,101.9,10.3909468
"4358",686,"2025-01-29 13:00:00",4,2,87,0,NA,0,0,NA,1019,NA,3,2025-01-29 13:00:00,101.9,10.3909468
"4359",687,"2025-01-29 14:00:00",6,2.1,76,0,NA,0,0,NA,1020,NA,3,2025-01-29 14:00:00,102,10.401144
"4360",688,"2025-01-29 15:00:00",8,2,66,0,NA,180,11,NA,1020,NA,3,2025-01-29 15:00:00,102,10.401144
"4361",689,"2025-01-29 16:00:00",11,3,58,0,NA,0,0,NA,1020,NA,3,2025-01-29 16:00:00,102,10.401144
"4362",690,"2025-01-29 17:00:00",14,5.1,55,0,NA,100,7.6,NA,1019,NA,3,2025-01-29 17:00:00,101.9,10.3909468
"4363",691,"2025-01-29 18:00:00",15,4.9,51,0,NA,120,5.4,NA,1018,NA,3,2025-01-29 18:00:00,101.8,10.3807496
"4364",692,"2025-01-29 19:00:00",16,5,48,0,NA,198,3.6,NA,1018,NA,3,2025-01-29 19:00:00,101.8,10.3807496
"4365",693,"2025-01-29 20:00:00",17,5,45,0,NA,0,0,NA,1017,NA,3,2025-01-29 20:00:00,101.7,10.3705524
"4366",694,"2025-01-29 21:00:00",18,4.9,42,0,NA,150,13,NA,1016,NA,3,2025-01-29 21:00:00,101.6,10.3603552
"4367",695,"2025-01-29 22:00:00",18,4.9,42,0,NA,150,11.2,NA,1016,NA,3,2025-01-29 22:00:00,101.6,10.3603552
"4368",696,"2025-01-29 23:00:00",16,3.1,42,0,NA,130,11,NA,1016,NA,3,2025-01-29 23:00:00,101.6,10.3603552
"4369",697,"2025-01-30 00:00:00",16,3.1,42,0,NA,180,5.4,NA,1016,NA,3,2025-01-30,101.6,10.3603552
"4370",698,"2025-01-30 01:00:00",12,8.1,77,0,NA,130,9.4,NA,1016,NA,3,2025-01-30 01:00:00,101.6,10.3603552
"4371",699,"2025-01-30 02:00:00",9,9,100,0,NA,80,18.4,NA,1016,NA,3,2025-01-30 02:00:00,101.6,10.3603552
"4372",700,"2025-01-30 03:00:00",9.8,5.2,73,0,NA,119,15.1,NA,1016.1,NA,3,2025-01-30 03:00:00,101.61,10.36137492
"4373",701,"2025-01-30 04:00:00",9.4,6.5,82,0.2,NA,121,15.1,NA,1016.2,NA,7,2025-01-30 04:00:00,101.62,10.36239464
"4374",702,"2025-01-30 05:00:00",9.1,8.3,95,2.2,NA,130,17.6,NA,1015.4,NA,9,2025-01-30 05:00:00,101.54,10.35423688
"4375",703,"2025-01-30 06:00:00",9.5,8.9,96,5.2,NA,148,20.9,NA,1014.5,NA,9,2025-01-30 06:00:00,101.45,10.3450594
"4376",704,"2025-01-30 07:00:00",10.9,10.3,96,3.9,NA,164,26.6,NA,1013.6,NA,9,2025-01-30 07:00:00,101.36,10.33588192
"4377",705,"2025-01-30 08:00:00",10.8,10.2,96,0.3,NA,164,24.1,NA,1013.4,NA,8,2025-01-30 08:00:00,101.34,10.33384248
"4378",706,"2025-01-30 09:00:00",10.4,9.3,93,7.2,NA,156,17.6,NA,1012.7,NA,9,2025-01-30 09:00:00,101.27,10.32670444
"4379",707,"2025-01-30 10:00:00",10.5,9.9,96,3.9,NA,140,21.6,NA,1011.5,NA,9,2025-01-30 10:00:00,101.15,10.3144678
"4380",708,"2025-01-30 11:00:00",14,14,100,0.2,NA,120,9.4,NA,1011,NA,7,2025-01-30 11:00:00,101.1,10.3093692
"4381",709,"2025-01-30 12:00:00",13,13,100,1.8,NA,260,7,NA,1012,NA,9,2025-01-30 12:00:00,101.2,10.3195664
"4382",710,"2025-01-30 13:00:00",13,13,100,6.5,NA,0,0,NA,1012,NA,9,2025-01-30 13:00:00,101.2,10.3195664
"4383",711,"2025-01-30 14:00:00",13,13,100,9.8,NA,80,7,NA,1011,NA,9,2025-01-30 14:00:00,101.1,10.3093692
"4384",712,"2025-01-30 15:00:00",13,13,100,3.9,NA,90,5.4,NA,1012,NA,9,2025-01-30 15:00:00,101.2,10.3195664
"4385",713,"2025-01-30 16:00:00",13,13,100,1.1,NA,90,9.4,NA,1010,NA,9,2025-01-30 16:00:00,101,10.299172
"4386",714,"2025-01-30 17:00:00",14,14,100,0.4,NA,90,18.4,NA,1009,NA,8,2025-01-30 17:00:00,100.9,10.2889748
"4387",715,"2025-01-30 18:00:00",14,14,100,0,NA,90,18.4,NA,1007,NA,5,2025-01-30 18:00:00,100.7,10.2685804
"4388",716,"2025-01-30 19:00:00",14,14,100,1.2,NA,100,19,NA,1006,NA,9,2025-01-30 19:00:00,100.6,10.2583832
"4389",717,"2025-01-30 20:00:00",14,14,100,2,NA,110,13,NA,1005,NA,5,2025-01-30 20:00:00,100.5,10.248186
"4390",718,"2025-01-30 21:00:00",14,14,100,0,NA,140,9.4,NA,1005,NA,5,2025-01-30 21:00:00,100.5,10.248186
"4391",719,"2025-01-30 22:00:00",14,14,100,0,NA,200,7.6,NA,1005,NA,5,2025-01-30 22:00:00,100.5,10.248186
"4392",720,"2025-01-30 23:00:00",14,14,100,0,NA,230,13,NA,1006,NA,5,2025-01-30 23:00:00,100.6,10.2583832
"4393",721,"2025-01-31 00:00:00",13,13,100,0.1,NA,230,20,NA,1006,NA,5,2025-01-31,100.6,10.2583832
"4394",722,"2025-01-31 01:00:00",12,12,100,0.3,NA,240,14.8,NA,1007,NA,5,2025-01-31 01:00:00,100.7,10.2685804
"4395",723,"2025-01-31 02:00:00",11,11,100,0.1,NA,280,22.3,NA,1008,NA,7,2025-01-31 02:00:00,100.8,10.2787776
"4396",724,"2025-01-31 03:00:00",10.8,10.6,99,0,NA,277,16.2,NA,1007.5,NA,3,2025-01-31 03:00:00,100.75,10.273679
"4397",725,"2025-01-31 04:00:00",10.3,9.7,96,0,NA,298,13,NA,1008.3,NA,3,2025-01-31 04:00:00,100.83,10.28183676
"4398",726,"2025-01-31 05:00:00",9.3,9,98,0,NA,255,8.3,NA,1008.5,NA,3,2025-01-31 05:00:00,100.85,10.2838762
"4399",727,"2025-01-31 06:00:00",8.2,8.2,100,0,NA,226,10.8,NA,1008.5,NA,1,2025-01-31 06:00:00,100.85,10.2838762
"4400",728,"2025-01-31 07:00:00",8.3,8.3,100,0,NA,209,11.5,NA,1007.9,NA,3,2025-01-31 07:00:00,100.79,10.27775788
"4401",729,"2025-01-31 08:00:00",7.6,7.6,100,0,NA,214,13.3,NA,1007.7,NA,5,2025-01-31 08:00:00,100.77,10.27571844
"4402",730,"2025-01-31 09:00:00",6.2,5.9,98,0,NA,235,11.9,NA,1007.4,NA,5,2025-01-31 09:00:00,100.74,10.27265928
"4403",731,"2025-01-31 10:00:00",5.9,5.8,99,0,NA,222,12.2,NA,1007.5,NA,1,2025-01-31 10:00:00,100.75,10.273679
"4404",732,"2025-01-31 11:00:00",8,8,100,0,NA,290,13,NA,1008,NA,5,2025-01-31 11:00:00,100.8,10.2787776
"4405",733,"2025-01-31 12:00:00",8,8,100,0,NA,240,9.4,NA,1009,NA,5,2025-01-31 12:00:00,100.9,10.2889748
"4406",734,"2025-01-31 13:00:00",8,8,100,0,NA,220,5.4,NA,1010,NA,5,2025-01-31 13:00:00,101,10.299172
"4407",735,"2025-01-31 14:00:00",8,8,100,0,NA,220,6,NA,1010,NA,5,2025-01-31 14:00:00,101,10.299172
"4408",736,"2025-01-31 15:00:00",9,9,100,0,NA,270,14.8,NA,1010,NA,5,2025-01-31 15:00:00,101,10.299172
"4409",737,"2025-01-31 16:00:00",9,9,100,0,NA,250,20.5,NA,1011,NA,3,2025-01-31 16:00:00,101.1,10.3093692
"4410",738,"2025-01-31 17:00:00",7,7,100,0,NA,270,22.3,NA,1011,NA,3,2025-01-31 17:00:00,101.1,10.3093692
"4411",739,"2025-01-31 18:00:00",7,7,100,0,NA,270,13,NA,1012,NA,3,2025-01-31 18:00:00,101.2,10.3195664
"4412",740,"2025-01-31 19:00:00",6,6,100,0,NA,280,16.6,NA,1013,NA,5,2025-01-31 19:00:00,101.3,10.3297636
"4413",741,"2025-01-31 20:00:00",7,7,100,0.1,NA,270,17,NA,1014,NA,5,2025-01-31 20:00:00,101.4,10.3399608
"4414",742,"2025-01-31 21:00:00",8,8,100,0,NA,290,13,NA,1015,NA,5,2025-01-31 21:00:00,101.5,10.350158
"4415",743,"2025-01-31 22:00:00",9,9,100,0,NA,310,14.8,NA,1016,NA,3,2025-01-31 22:00:00,101.6,10.3603552
"4416",744,"2025-01-31 23:00:00",9,9,100,0,NA,320,11.2,NA,1017,NA,3,2025-01-31 23:00:00,101.7,10.3705524
"4417",1,"2025-02-01 00:00:00",9,8.1,94,0,NA,310,13,NA,1019,NA,3,2025-02-01,101.9,10.3909468
"4418",2,"2025-02-01 01:00:00",8,8,100,0,NA,340,14.8,NA,1019,NA,3,2025-02-01 01:00:00,101.9,10.3909468
"4419",3,"2025-02-01 02:00:00",8,8,100,0,NA,360,18.4,NA,1020,NA,3,2025-02-01 02:00:00,102,10.401144
"4420",4,"2025-02-01 03:00:00",7.3,0.9,64,0,NA,353,15.5,NA,1020.4,NA,3,2025-02-01 03:00:00,102.04,10.40522288
"4421",5,"2025-02-01 04:00:00",6.4,0.9,68,0,NA,5,11.2,NA,1021.2,NA,3,2025-02-01 04:00:00,102.12,10.41338064
"4422",6,"2025-02-01 05:00:00",5.4,2.7,83,0,NA,10,10.1,NA,1021.9,NA,3,2025-02-01 05:00:00,102.19,10.42051868
"4423",7,"2025-02-01 06:00:00",4.2,2.5,89,0,NA,26,7.6,NA,1022.2,NA,3,2025-02-01 06:00:00,102.22,10.42357784
"4424",8,"2025-02-01 07:00:00",5.1,3.1,87,0,NA,34,7.6,NA,1022.2,NA,3,2025-02-01 07:00:00,102.22,10.42357784
"4425",9,"2025-02-01 08:00:00",5.3,3.3,87,0,NA,55,7.6,NA,1022.6,NA,3,2025-02-01 08:00:00,102.26,10.42765672
"4426",10,"2025-02-01 09:00:00",5.1,3.8,91,0,NA,51,5.4,NA,1023.1,NA,3,2025-02-01 09:00:00,102.31,10.43275532
"4427",11,"2025-02-01 10:00:00",5.1,3.6,90,0,NA,40,4.7,NA,1023.3,NA,3,2025-02-01 10:00:00,102.33,10.43479476
"4428",12,"2025-02-01 11:00:00",6,6,100,0,NA,110,13,NA,1022,NA,3,2025-02-01 11:00:00,102.2,10.4215384
"4429",13,"2025-02-01 12:00:00",5,5,100,0,NA,130,9.4,NA,1022,NA,3,2025-02-01 12:00:00,102.2,10.4215384
"4430",14,"2025-02-01 13:00:00",5,5,100,0,NA,130,9.4,NA,1022,NA,3,2025-02-01 13:00:00,102.2,10.4215384
"4431",15,"2025-02-01 14:00:00",6,6,100,0,NA,130,9,NA,1022,NA,3,2025-02-01 14:00:00,102.2,10.4215384
"4432",16,"2025-02-01 15:00:00",6,6,100,0,NA,130,9.4,NA,1023,NA,3,2025-02-01 15:00:00,102.3,10.4317356
"4433",17,"2025-02-01 16:00:00",8,8,100,0,NA,120,11.2,NA,1023,NA,3,2025-02-01 16:00:00,102.3,10.4317356
"4434",18,"2025-02-01 17:00:00",10,9.1,94,0,NA,170,14.8,NA,1022,NA,3,2025-02-01 17:00:00,102.2,10.4215384
"4435",19,"2025-02-01 18:00:00",11,9.1,88,0,NA,150,14.8,NA,1021,NA,3,2025-02-01 18:00:00,102.1,10.4113412
"4436",20,"2025-02-01 19:00:00",12,8.1,77,0,NA,180,20,NA,1019,NA,3,2025-02-01 19:00:00,101.9,10.3909468
"4437",21,"2025-02-01 20:00:00",12,8.1,77,0,NA,200,11.2,NA,1019,NA,3,2025-02-01 20:00:00,101.9,10.3909468
"4438",22,"2025-02-01 21:00:00",12,8.1,77,0,NA,160,13,NA,1018,NA,1,2025-02-01 21:00:00,101.8,10.3807496
"4439",23,"2025-02-01 22:00:00",11,8,82,0,NA,160,14.8,NA,1017,NA,1,2025-02-01 22:00:00,101.7,10.3705524
"4440",24,"2025-02-01 23:00:00",10,7.9,87,0,NA,160,13,NA,1017,NA,1,2025-02-01 23:00:00,101.7,10.3705524
"4441",25,"2025-02-02 00:00:00",9.6,4.8,72,0,NA,166,18,NA,1017.1,NA,1,2025-02-02,101.71,10.37157212
"4442",26,"2025-02-02 01:00:00",8,8,100,0,NA,130,7.6,NA,1017,NA,1,2025-02-02 01:00:00,101.7,10.3705524
"4443",27,"2025-02-02 02:00:00",8,8,100,0,NA,0,0,NA,1017,NA,3,2025-02-02 02:00:00,101.7,10.3705524
"4444",28,"2025-02-02 03:00:00",8,8,100,0,NA,0,0,NA,1016.9,NA,3,2025-02-02 03:00:00,101.69,10.36953268
"4445",29,"2025-02-02 04:00:00",9.1,4.1,71,0,NA,183,23,NA,1017.3,NA,3,2025-02-02 04:00:00,101.73,10.37361156
"4446",30,"2025-02-02 05:00:00",9.2,3.2,66,0,NA,187,22.7,NA,1017.1,NA,3,2025-02-02 05:00:00,101.71,10.37157212
"4447",31,"2025-02-02 06:00:00",8.8,2.4,64,0,NA,192,22.3,NA,1017,NA,2,2025-02-02 06:00:00,101.7,10.3705524
"4448",32,"2025-02-02 07:00:00",9,1.9,61,0,NA,194,23.4,NA,1016.3,NA,2,2025-02-02 07:00:00,101.63,10.36341436
"4449",33,"2025-02-02 08:00:00",9.1,1.5,59,0,NA,198,23.4,NA,1015.8,NA,3,2025-02-02 08:00:00,101.58,10.35831576
"4450",34,"2025-02-02 09:00:00",9.1,1.3,58,0,NA,200,22.7,NA,1015.7,NA,3,2025-02-02 09:00:00,101.57,10.35729604
"4451",35,"2025-02-02 10:00:00",9.2,0.9,56,0,NA,206,22,NA,1015.5,NA,3,2025-02-02 10:00:00,101.55,10.3552566
"4452",36,"2025-02-02 11:00:00",11,4,62,0,NA,190,24.1,NA,1015,NA,3,2025-02-02 11:00:00,101.5,10.350158
"4453",37,"2025-02-02 12:00:00",11,4,62,0,NA,190,18.4,NA,1015,NA,3,2025-02-02 12:00:00,101.5,10.350158
"4454",38,"2025-02-02 13:00:00",12,4,58,0,NA,210,14.8,NA,1016,NA,3,2025-02-02 13:00:00,101.6,10.3603552
"4455",39,"2025-02-02 14:00:00",13,4.9,58,0,NA,210,15,NA,1016,NA,3,2025-02-02 14:00:00,101.6,10.3603552
"4456",40,"2025-02-02 15:00:00",15,4.9,51,0,NA,220,18.4,NA,1017,NA,3,2025-02-02 15:00:00,101.7,10.3705524
"4457",41,"2025-02-02 16:00:00",16,5,48,0,NA,220,18.4,NA,1017,NA,3,2025-02-02 16:00:00,101.7,10.3705524
"4458",42,"2025-02-02 17:00:00",18,5.9,45,0,NA,200,18.4,NA,1016,NA,3,2025-02-02 17:00:00,101.6,10.3603552
"4459",43,"2025-02-02 18:00:00",18,5.9,45,0,NA,200,16.6,NA,1015,NA,3,2025-02-02 18:00:00,101.5,10.350158
"4460",44,"2025-02-02 19:00:00",19,6.1,43,0,NA,190,13,NA,1015,NA,3,2025-02-02 19:00:00,101.5,10.350158
"4461",45,"2025-02-02 20:00:00",20,6,40,0,NA,190,18.4,NA,1014,NA,3,2025-02-02 20:00:00,101.4,10.3399608
"4462",46,"2025-02-02 21:00:00",20,7,43,0,NA,200,18.4,NA,1014,NA,3,2025-02-02 21:00:00,101.4,10.3399608
"4463",47,"2025-02-02 22:00:00",19,6.1,43,0,NA,180,14.8,NA,1014,NA,3,2025-02-02 22:00:00,101.4,10.3399608
"4464",48,"2025-02-02 23:00:00",17,5.9,48,0,NA,130,6,NA,1014,NA,3,2025-02-02 23:00:00,101.4,10.3399608
"4465",49,"2025-02-03 00:00:00",11,5.9,71,0,NA,0,0,NA,1014,NA,3,2025-02-03,101.4,10.3399608
"4466",50,"2025-02-03 01:00:00",10,7.1,82,0,NA,0,0,NA,1015,NA,1,2025-02-03 01:00:00,101.5,10.350158
"4467",51,"2025-02-03 02:00:00",9,7,87,0,NA,0,0,NA,1015,NA,1,2025-02-03 02:00:00,101.5,10.350158
"4468",52,"2025-02-03 03:00:00",11.9,5.7,66,0,NA,185,13.7,NA,1013.8,NA,1,2025-02-03 03:00:00,101.38,10.33792136
"4469",53,"2025-02-03 04:00:00",12.1,6.2,67,0,NA,190,16.2,NA,1013.9,NA,1,2025-02-03 04:00:00,101.39,10.33894108
"4470",54,"2025-02-03 05:00:00",12.9,6.9,67,0,NA,194,19.8,NA,1013.6,NA,1,2025-02-03 05:00:00,101.36,10.33588192
"4471",55,"2025-02-03 06:00:00",13.2,7.2,67,0,NA,196,21.6,NA,1013.5,NA,2,2025-02-03 06:00:00,101.35,10.3348622
"4472",56,"2025-02-03 07:00:00",13.1,6.2,63,0,NA,195,21.2,NA,1013.2,NA,1,2025-02-03 07:00:00,101.32,10.33180304
"4473",57,"2025-02-03 08:00:00",13.3,6.4,63,0,NA,194,22.7,NA,1012.8,NA,1,2025-02-03 08:00:00,101.28,10.32772416
"4474",58,"2025-02-03 09:00:00",13.2,6.3,63,0,NA,198,22.7,NA,1012.6,NA,1,2025-02-03 09:00:00,101.26,10.32568472
"4475",59,"2025-02-03 10:00:00",13.1,6.7,65,0,NA,200,22.3,NA,1012.2,NA,1,2025-02-03 10:00:00,101.22,10.32160584
"4476",60,"2025-02-03 11:00:00",15,12,82,0,NA,180,22.3,NA,1011,NA,1,2025-02-03 11:00:00,101.1,10.3093692
"4477",61,"2025-02-03 12:00:00",15,12,82,0,NA,190,25.9,NA,1011,NA,1,2025-02-03 12:00:00,101.1,10.3093692
"4478",62,"2025-02-03 13:00:00",16,12,77,0,NA,200,32,NA,1012,NA,1,2025-02-03 13:00:00,101.2,10.3195664
"4479",63,"2025-02-03 14:00:00",17,11.9,72,0,NA,210,27.7,NA,1012,NA,1,2025-02-03 14:00:00,101.2,10.3195664
"4480",64,"2025-02-03 15:00:00",19,13,68,0,NA,210,24.1,NA,1012,NA,1,2025-02-03 15:00:00,101.2,10.3195664
"4481",65,"2025-02-03 16:00:00",20,13,64,0,NA,220,29.5,NA,1013,NA,1,2025-02-03 16:00:00,101.3,10.3297636
"4482",66,"2025-02-03 17:00:00",21,12.9,60,0,NA,220,22.3,NA,1011.7,NA,1,2025-02-03 17:00:00,101.17,10.31650724
"4483",67,"2025-02-03 18:00:00",22,14.1,61,0,NA,210,30,NA,1012,NA,1,2025-02-03 18:00:00,101.2,10.3195664
"4484",68,"2025-02-03 19:00:00",24,14.1,54,0,NA,220,25.9,NA,1011,NA,1,2025-02-03 19:00:00,101.1,10.3093692
"4485",69,"2025-02-03 20:00:00",25,14.2,51,0,NA,220,24,NA,1012,NA,1,2025-02-03 20:00:00,101.2,10.3195664
"4486",70,"2025-02-03 21:00:00",24,14.1,54,0,NA,220,16.6,NA,1012,NA,1,2025-02-03 21:00:00,101.2,10.3195664
"4487",71,"2025-02-03 22:00:00",24,14.1,54,0,NA,260,18.4,NA,1013,NA,1,2025-02-03 22:00:00,101.3,10.3297636
"4488",72,"2025-02-03 23:00:00",22,13.1,57,0,NA,270,7.6,NA,1014,NA,1,2025-02-03 23:00:00,101.4,10.3399608
"4489",73,"2025-02-04 00:00:00",17,11.9,72,0,NA,266,9.4,NA,1015,NA,1,2025-02-04,101.5,10.350158
"4490",74,"2025-02-04 01:00:00",14,12,88,0,NA,0,0,NA,1016,NA,1,2025-02-04 01:00:00,101.6,10.3603552
"4491",75,"2025-02-04 02:00:00",13,13,100,0,NA,0,0,NA,1017,NA,1,2025-02-04 02:00:00,101.7,10.3705524
"4492",76,"2025-02-04 03:00:00",11.4,7.1,75,0,NA,21,7.9,NA,1016.7,NA,1,2025-02-04 03:00:00,101.67,10.36749324
"4493",77,"2025-02-04 04:00:00",11.4,9,85,0,NA,29,13.3,NA,1017.3,NA,1,2025-02-04 04:00:00,101.73,10.37361156
"4494",78,"2025-02-04 05:00:00",10.8,8,83,0,NA,36,13,NA,1018.6,NA,1,2025-02-04 05:00:00,101.86,10.38686792
"4495",79,"2025-02-04 06:00:00",9.7,7.5,86,0,NA,42,13.7,NA,1019.4,NA,1,2025-02-04 06:00:00,101.94,10.39502568
"4496",80,"2025-02-04 07:00:00",8.7,6.3,85,0,NA,39,14,NA,1020.3,NA,1,2025-02-04 07:00:00,102.03,10.40420316
"4497",81,"2025-02-04 08:00:00",7.7,5.5,86,0,NA,41,14,NA,1020.9,NA,1,2025-02-04 08:00:00,102.09,10.41032148
"4498",82,"2025-02-04 09:00:00",7.3,4.6,83,0,NA,48,14.8,NA,1021.3,NA,1,2025-02-04 09:00:00,102.13,10.41440036
"4499",83,"2025-02-04 10:00:00",6.3,4.3,87,0,NA,52,16.2,NA,1021.6,NA,1,2025-02-04 10:00:00,102.16,10.41745952
"4500",84,"2025-02-04 11:00:00",6,6,100,0,NA,40,16.6,NA,1021,NA,1,2025-02-04 11:00:00,102.1,10.4113412
"4501",85,"2025-02-04 12:00:00",5,5,100,0,NA,70,13,NA,1022,NA,5,2025-02-04 12:00:00,102.2,10.4215384
"4502",86,"2025-02-04 13:00:00",6,6,100,0,NA,70,15,NA,1022,NA,5,2025-02-04 13:00:00,102.2,10.4215384
"4503",87,"2025-02-04 14:00:00",6,6,100,0,NA,70,11.2,NA,1023,NA,5,2025-02-04 14:00:00,102.3,10.4317356
"4504",88,"2025-02-04 15:00:00",7,7,100,0,NA,90,17,NA,1023,NA,5,2025-02-04 15:00:00,102.3,10.4317356
"4505",89,"2025-02-04 16:00:00",9,9,100,0,NA,80,16.6,NA,1023,NA,5,2025-02-04 16:00:00,102.3,10.4317356
"4506",90,"2025-02-04 17:00:00",10,10,100,0,NA,70,13,NA,1022,NA,3,2025-02-04 17:00:00,102.2,10.4215384
"4507",91,"2025-02-04 18:00:00",10,10,100,0,NA,60,11,NA,1021,NA,3,2025-02-04 18:00:00,102.1,10.4113412
"4508",92,"2025-02-04 19:00:00",11,10.1,94,0,NA,60,7.6,NA,1021,NA,3,2025-02-04 19:00:00,102.1,10.4113412
"4509",93,"2025-02-04 20:00:00",10,10,100,0,NA,20,11,NA,1021,NA,5,2025-02-04 20:00:00,102.1,10.4113412
"4510",94,"2025-02-04 21:00:00",10,10,100,0,NA,40,9.4,NA,1021,NA,5,2025-02-04 21:00:00,102.1,10.4113412
"4511",95,"2025-02-04 22:00:00",9,9,100,0,NA,40,9.4,NA,1021,NA,5,2025-02-04 22:00:00,102.1,10.4113412
"4512",96,"2025-02-04 23:00:00",9,9,100,0,NA,20,7.6,NA,1021,NA,5,2025-02-04 23:00:00,102.1,10.4113412
"4513",97,"2025-02-05 00:00:00",8,8,100,0,NA,30,7.6,NA,1022,NA,3,2025-02-05,102.2,10.4215384
"4514",98,"2025-02-05 01:00:00",8,8,100,0,NA,60,11,NA,1022,NA,5,2025-02-05 01:00:00,102.2,10.4215384
"4515",99,"2025-02-05 02:00:00",8,8,100,0,NA,70,5.4,NA,1022,NA,5,2025-02-05 02:00:00,102.2,10.4215384
"4516",100,"2025-02-05 03:00:00",12.8,10.9,88,0.2,NA,108,11.5,NA,1021,NA,7,2025-02-05 03:00:00,102.1,10.4113412
"4517",101,"2025-02-05 04:00:00",12,11.1,94,0.2,NA,100,11.9,NA,1021.2,NA,7,2025-02-05 04:00:00,102.12,10.41338064
"4518",102,"2025-02-05 05:00:00",9.6,8.7,94,0.1,NA,102,9.7,NA,1021.9,NA,7,2025-02-05 05:00:00,102.19,10.42051868
"4519",103,"2025-02-05 06:00:00",9.8,9.2,96,0.2,NA,124,8.3,NA,1021.6,NA,7,2025-02-05 06:00:00,102.16,10.41745952
"4520",104,"2025-02-05 07:00:00",9.9,9.6,98,0.1,NA,146,5.8,NA,1021.2,NA,7,2025-02-05 07:00:00,102.12,10.41338064
"4521",105,"2025-02-05 08:00:00",9.8,9.5,98,0,NA,194,5.4,NA,1020.9,NA,3,2025-02-05 08:00:00,102.09,10.41032148
"4522",106,"2025-02-05 09:00:00",9.9,9.6,98,0,NA,238,4.7,NA,1020.5,NA,3,2025-02-05 09:00:00,102.05,10.4062426
"4523",107,"2025-02-05 10:00:00",8.5,8.4,99,0,NA,272,5.4,NA,1020.1,NA,3,2025-02-05 10:00:00,102.01,10.40216372
"4524",108,"2025-02-05 11:00:00",7,7,100,0.5,NA,0,0,NA,1019,NA,5,2025-02-05 11:00:00,101.9,10.3909468
"4525",109,"2025-02-05 12:00:00",8,8,100,0.4,NA,140,5.4,NA,1019,NA,5,2025-02-05 12:00:00,101.9,10.3909468
"4526",110,"2025-02-05 13:00:00",8,8,100,0.2,NA,0,0,NA,1019,NA,5,2025-02-05 13:00:00,101.9,10.3909468
"4527",111,"2025-02-05 14:00:00",8,8,100,0.2,NA,0,0,NA,1018,NA,5,2025-02-05 14:00:00,101.8,10.3807496
"4528",112,"2025-02-05 15:00:00",10,10,100,0.1,NA,188,7.6,NA,1018,NA,5,2025-02-05 15:00:00,101.8,10.3807496
"4529",113,"2025-02-05 16:00:00",13,13,100,0,NA,220,20.5,NA,1017,NA,5,2025-02-05 16:00:00,101.7,10.3705524
"4530",114,"2025-02-05 17:00:00",14,14,100,0,NA,200,29.5,NA,1016,NA,3,2025-02-05 17:00:00,101.6,10.3603552
"4531",115,"2025-02-05 18:00:00",15,15,100,0,NA,200,24,NA,1015,NA,3,2025-02-05 18:00:00,101.5,10.350158
"4532",116,"2025-02-05 19:00:00",19,19,100,0,NA,210,33.5,NA,1013,NA,3,2025-02-05 19:00:00,101.3,10.3297636
"4533",117,"2025-02-05 20:00:00",16,16,100,0,NA,210,33,NA,1012,NA,3,2025-02-05 20:00:00,101.2,10.3195664
"4534",118,"2025-02-05 21:00:00",15,15,100,0,NA,220,24.1,NA,1011,NA,5,2025-02-05 21:00:00,101.1,10.3093692
"4535",119,"2025-02-05 22:00:00",15,15,100,0,NA,210,20.5,NA,1011,NA,5,2025-02-05 22:00:00,101.1,10.3093692
"4536",120,"2025-02-05 23:00:00",15,15,100,0,NA,200,28,NA,1011,NA,5,2025-02-05 23:00:00,101.1,10.3093692
"4537",121,"2025-02-06 00:00:00",16,16,100,0,NA,200,24.1,NA,1011,NA,5,2025-02-06,101.1,10.3093692
"4538",122,"2025-02-06 01:00:00",16,16,100,0.1,NA,200,16.6,NA,1011,NA,7,2025-02-06 01:00:00,101.1,10.3093692
"4539",123,"2025-02-06 02:00:00",16,16,100,0.2,NA,220,20.5,NA,1011,NA,7,2025-02-06 02:00:00,101.1,10.3093692
"4540",124,"2025-02-06 03:00:00",14.1,13.8,98,0.2,NA,233,23,NA,1011.2,NA,7,2025-02-06 03:00:00,101.12,10.31140864
"4541",125,"2025-02-06 04:00:00",14.1,13.8,98,0.1,NA,251,19.4,NA,1011.6,NA,7,2025-02-06 04:00:00,101.16,10.31548752
"4542",126,"2025-02-06 05:00:00",13.6,13.4,99,0.2,NA,262,13.7,NA,1012,NA,7,2025-02-06 05:00:00,101.2,10.3195664
"4543",127,"2025-02-06 06:00:00",13.2,13,99,0.1,NA,259,10.4,NA,1012.2,NA,7,2025-02-06 06:00:00,101.22,10.32160584
"4544",128,"2025-02-06 07:00:00",13.1,13.1,100,0,NA,242,8.6,NA,1011.8,NA,3,2025-02-06 07:00:00,101.18,10.31752696
"4545",129,"2025-02-06 08:00:00",13.3,13.3,100,0,NA,219,9.7,NA,1011.4,NA,5,2025-02-06 08:00:00,101.14,10.31344808
"4546",130,"2025-02-06 09:00:00",13.9,13.7,99,0,NA,217,9.4,NA,1011.2,NA,5,2025-02-06 09:00:00,101.12,10.31140864
"4547",131,"2025-02-06 10:00:00",14.6,14.4,99,0,NA,208,10.1,NA,1010.9,NA,3,2025-02-06 10:00:00,101.09,10.30834948
"4548",132,"2025-02-06 11:00:00",17,17,100,0,NA,210,13,NA,1012,NA,3,2025-02-06 11:00:00,101.2,10.3195664
"4549",133,"2025-02-06 12:00:00",18,18,100,0,NA,220,9.4,NA,1012,NA,3,2025-02-06 12:00:00,101.2,10.3195664
"4550",134,"2025-02-06 13:00:00",18,18,100,0,NA,220,6,NA,1013,NA,3,2025-02-06 13:00:00,101.3,10.3297636
"4551",135,"2025-02-06 14:00:00",18,18,100,0,NA,220,7.6,NA,1014,NA,3,2025-02-06 14:00:00,101.4,10.3399608
"4552",136,"2025-02-06 15:00:00",17,17,100,0.4,NA,320,14.8,NA,1015,NA,5,2025-02-06 15:00:00,101.5,10.350158
"4553",137,"2025-02-06 16:00:00",14,14,100,1.4,NA,340,13,NA,1015,NA,9,2025-02-06 16:00:00,101.5,10.350158
"4554",138,"2025-02-06 17:00:00",13,13,100,0,NA,10,11.2,NA,1015,NA,3,2025-02-06 17:00:00,101.5,10.350158
"4555",139,"2025-02-06 18:00:00",11,11,100,0,NA,350,20.5,NA,1016,NA,5,2025-02-06 18:00:00,101.6,10.3603552
"4556",140,"2025-02-06 19:00:00",8,8,100,0,NA,350,20,NA,1016,NA,5,2025-02-06 19:00:00,101.6,10.3603552
"4557",141,"2025-02-06 20:00:00",6,6,100,0,NA,10,13,NA,1018,NA,5,2025-02-06 20:00:00,101.8,10.3807496
"4558",142,"2025-02-06 21:00:00",5,5,100,0,NA,10,16.6,NA,1018,NA,5,2025-02-06 21:00:00,101.8,10.3807496
"4559",143,"2025-02-06 22:00:00",6,6,100,0,NA,80,9.4,NA,1018,NA,3,2025-02-06 22:00:00,101.8,10.3807496
"4560",144,"2025-02-06 23:00:00",6,6,100,0,NA,40,15,NA,1020,NA,3,2025-02-06 23:00:00,102,10.401144
"4561",145,"2025-02-07 00:00:00",5,5,100,0,NA,50,7.6,NA,1020,NA,3,2025-02-07,102,10.401144
"4562",146,"2025-02-07 01:00:00",5,5,100,0,NA,90,7.6,NA,1020,NA,3,2025-02-07 01:00:00,102,10.401144
"4563",147,"2025-02-07 02:00:00",5,5,100,0,NA,70,7.6,NA,1020,NA,3,2025-02-07 02:00:00,102,10.401144
"4564",148,"2025-02-07 03:00:00",4.8,1.1,77,0,NA,71,16.6,NA,1021.2,NA,2,2025-02-07 03:00:00,102.12,10.41338064
"4565",149,"2025-02-07 04:00:00",4.5,0.6,76,0,NA,70,16.6,NA,1021.6,NA,1,2025-02-07 04:00:00,102.16,10.41745952
"4566",150,"2025-02-07 05:00:00",4.3,-0.1,73,0,NA,73,18.7,NA,1021.5,NA,1,2025-02-07 05:00:00,102.15,10.4164398
"4567",151,"2025-02-07 06:00:00",4.2,-1,69,0,NA,77,20.9,NA,1021.4,NA,1,2025-02-07 06:00:00,102.14,10.41542008
"4568",152,"2025-02-07 07:00:00",5.2,-1.9,60,0,NA,78,23.8,NA,1021.4,NA,3,2025-02-07 07:00:00,102.14,10.41542008
"4569",153,"2025-02-07 08:00:00",5.2,-0.6,66,0,NA,73,20.2,NA,1021.3,NA,3,2025-02-07 08:00:00,102.13,10.41440036
"4570",154,"2025-02-07 09:00:00",4.5,1,78,0.6,NA,85,23.8,NA,1021.4,NA,8,2025-02-07 09:00:00,102.14,10.41542008
"4571",155,"2025-02-07 10:00:00",3.9,2.4,90,0.6,NA,90,24.1,NA,1021.3,NA,8,2025-02-07 10:00:00,102.13,10.41440036
"4572",156,"2025-02-07 11:00:00",8,-3.8,43,0.4,NA,100,20.5,NA,1020,NA,8,2025-02-07 11:00:00,102,10.401144
"4573",157,"2025-02-07 12:00:00",8,-2.9,46,0.1,NA,100,20.5,NA,1020,NA,7,2025-02-07 12:00:00,102,10.401144
"4574",158,"2025-02-07 13:00:00",8,-2.9,46,0.3,NA,90,20,NA,1020,NA,8,2025-02-07 13:00:00,102,10.401144
"4575",159,"2025-02-07 14:00:00",8,-2.9,46,0,NA,90,24.1,NA,1020,NA,3,2025-02-07 14:00:00,102,10.401144
"4576",160,"2025-02-07 15:00:00",9,-2,46,0.2,NA,100,16.6,NA,1019,NA,7,2025-02-07 15:00:00,101.9,10.3909468
"4577",161,"2025-02-07 16:00:00",10,1.1,54,0.4,NA,130,13,NA,1020,NA,8,2025-02-07 16:00:00,102,10.401144
"4578",162,"2025-02-07 17:00:00",10,3.1,62,0.3,NA,130,11.2,NA,1019,NA,8,2025-02-07 17:00:00,101.9,10.3909468
"4579",163,"2025-02-07 18:00:00",10,5,71,0.1,NA,120,14.8,NA,1017,NA,7,2025-02-07 18:00:00,101.7,10.3705524
"4580",164,"2025-02-07 19:00:00",9,6.1,82,0,NA,110,13,NA,1017,NA,3,2025-02-07 19:00:00,101.7,10.3705524
"4581",165,"2025-02-07 20:00:00",9,9,100,0.2,NA,120,14.8,NA,1016,NA,7,2025-02-07 20:00:00,101.6,10.3603552
"4582",166,"2025-02-07 21:00:00",9,8.1,94,0,NA,120,9,NA,1015,NA,3,2025-02-07 21:00:00,101.5,10.350158
"4583",167,"2025-02-07 22:00:00",9,9,100,0,NA,110,7.6,NA,1015,NA,3,2025-02-07 22:00:00,101.5,10.350158
"4584",168,"2025-02-07 23:00:00",9,9,100,0,NA,180,7,NA,1015,NA,3,2025-02-07 23:00:00,101.5,10.350158
"4585",169,"2025-02-08 00:00:00",8,8,100,0,NA,140,11.2,NA,1015,NA,3,2025-02-08,101.5,10.350158
"4586",170,"2025-02-08 01:00:00",8,8,100,0.1,NA,140,7.6,NA,1014,NA,7,2025-02-08 01:00:00,101.4,10.3399608
"4587",171,"2025-02-08 02:00:00",10.4,9.5,94,0,NA,170,10.1,NA,1014.7,NA,3,2025-02-08 02:00:00,101.47,10.34709884
"4588",172,"2025-02-08 03:00:00",10.5,9.7,95,0,NA,168,10.1,NA,1014.4,NA,3,2025-02-08 03:00:00,101.44,10.34403968
"4589",173,"2025-02-08 04:00:00",10.4,9.6,95,0,NA,184,10.8,NA,1014.4,NA,3,2025-02-08 04:00:00,101.44,10.34403968
"4590",174,"2025-02-08 05:00:00",10.5,9.9,96,0.2,NA,168,9.4,NA,1013.7,NA,7,2025-02-08 05:00:00,101.37,10.33690164
"4591",175,"2025-02-08 06:00:00",10.7,10.4,98,0,NA,152,10.4,NA,1012.9,NA,3,2025-02-08 06:00:00,101.29,10.32874388
"4592",176,"2025-02-08 07:00:00",11.6,11.4,99,0,NA,160,13,NA,1011.6,NA,3,2025-02-08 07:00:00,101.16,10.31548752
"4593",177,"2025-02-08 08:00:00",12.8,12.5,98,0,NA,177,17.3,NA,1010.2,NA,3,2025-02-08 08:00:00,101.02,10.30121144
"4594",178,"2025-02-08 09:00:00",13,12.5,97,0,NA,187,18.4,NA,1009.3,NA,3,2025-02-08 09:00:00,100.93,10.29203396
"4595",179,"2025-02-08 10:00:00",13.6,13.1,97,0,NA,197,23.4,NA,1008.4,NA,3,2025-02-08 10:00:00,100.84,10.28285648
"4596",180,"2025-02-08 11:00:00",17,17,100,0,NA,210,33.5,NA,1008,NA,3,2025-02-08 11:00:00,100.8,10.2787776
"4597",181,"2025-02-08 12:00:00",17,17,100,0,NA,230,22,NA,1009,NA,3,2025-02-08 12:00:00,100.9,10.2889748
"4598",182,"2025-02-08 13:00:00",17,17,100,0,NA,230,22.3,NA,1010,NA,3,2025-02-08 13:00:00,101,10.299172
"4599",183,"2025-02-08 14:00:00",17,17,100,0,NA,230,20.5,NA,1010,NA,3,2025-02-08 14:00:00,101,10.299172
"4600",184,"2025-02-08 15:00:00",18,18,100,0,NA,240,22.3,NA,1011,NA,3,2025-02-08 15:00:00,101.1,10.3093692
"4601",185,"2025-02-08 16:00:00",16,16,100,0,NA,310,29.5,NA,1012,NA,5,2025-02-08 16:00:00,101.2,10.3195664
"4602",186,"2025-02-08 17:00:00",12,12,100,0.1,NA,320,32,NA,1013,NA,7,2025-02-08 17:00:00,101.3,10.3297636
"4603",187,"2025-02-08 18:00:00",11,11,100,0,NA,310,24.1,NA,1014,NA,3,2025-02-08 18:00:00,101.4,10.3399608
"4604",188,"2025-02-08 19:00:00",8,8,100,0.2,NA,330,20,NA,1016,NA,7,2025-02-08 19:00:00,101.6,10.3603552
"4605",189,"2025-02-08 20:00:00",7,7,100,0,NA,330,18.4,NA,1017,NA,3,2025-02-08 20:00:00,101.7,10.3705524
"4606",190,"2025-02-08 21:00:00",7,7,100,0,NA,340,22.3,NA,1018,NA,3,2025-02-08 21:00:00,101.8,10.3807496
"4607",191,"2025-02-08 22:00:00",6,6,100,0,NA,10,15,NA,1019,NA,3,2025-02-08 22:00:00,101.9,10.3909468
"4608",192,"2025-02-08 23:00:00",7,5.9,93,0,NA,340,13,NA,1020,NA,3,2025-02-08 23:00:00,102,10.401144
"4609",193,"2025-02-09 00:00:00",6,6,100,0,NA,360,16.6,NA,1021,NA,1,2025-02-09,102.1,10.4113412
"4610",194,"2025-02-09 01:00:00",4,4,100,0,NA,30,7.6,NA,1022,NA,1,2025-02-09 01:00:00,102.2,10.4215384
"4611",195,"2025-02-09 02:00:00",4,4,100,0,NA,40,11.2,NA,1022,NA,1,2025-02-09 02:00:00,102.2,10.4215384
"4612",196,"2025-02-09 03:00:00",4.4,-1.2,67,0,NA,19,14.8,NA,1023.3,NA,1,2025-02-09 03:00:00,102.33,10.43479476
"4613",197,"2025-02-09 04:00:00",3.9,-1.9,66,0,NA,21,15.1,NA,1024,NA,1,2025-02-09 04:00:00,102.4,10.4419328
"4614",198,"2025-02-09 05:00:00",3.2,-1.7,70,0,NA,30,14.8,NA,1023.9,NA,1,2025-02-09 05:00:00,102.39,10.44091308
"4615",199,"2025-02-09 06:00:00",2.4,-2.1,72,0,NA,25,15.8,NA,1024.4,NA,1,2025-02-09 06:00:00,102.44,10.44601168
"4616",200,"2025-02-09 07:00:00",1.6,-2.7,73,0,NA,35,15.8,NA,1024.8,NA,1,2025-02-09 07:00:00,102.48,10.45009056
"4617",201,"2025-02-09 08:00:00",0.9,-3.2,74,0,NA,44,16.9,NA,1024.7,NA,1,2025-02-09 08:00:00,102.47,10.44907084
"4618",202,"2025-02-09 09:00:00",0.2,-3.7,75,0,NA,44,16.6,NA,1025.5,NA,1,2025-02-09 09:00:00,102.55,10.4572286
"4619",203,"2025-02-09 10:00:00",0.2,-3.5,76,0,NA,48,17.3,NA,1025.5,NA,1,2025-02-09 10:00:00,102.55,10.4572286
"4620",204,"2025-02-09 11:00:00",0,0,100,0,NA,60,14.8,NA,1024,NA,1,2025-02-09 11:00:00,102.4,10.4419328
"4621",205,"2025-02-09 12:00:00",0,0,100,0,NA,60,13,NA,1025,NA,1,2025-02-09 12:00:00,102.5,10.45213
"4622",206,"2025-02-09 13:00:00",0,0,100,0,NA,70,13,NA,1025,NA,1,2025-02-09 13:00:00,102.5,10.45213
"4623",207,"2025-02-09 14:00:00",1,0,93,0,NA,40,16.6,NA,1027,NA,1,2025-02-09 14:00:00,102.7,10.4725244
"4624",208,"2025-02-09 15:00:00",2,-0.9,81,0,NA,50,20.5,NA,1026,NA,1,2025-02-09 15:00:00,102.6,10.4623272
"4625",209,"2025-02-09 16:00:00",2,-0.9,81,0,NA,60,18.4,NA,1027,NA,3,2025-02-09 16:00:00,102.7,10.4725244
"4626",210,"2025-02-09 17:00:00",4,-2,65,0,NA,50,15,NA,1026,NA,3,2025-02-09 17:00:00,102.6,10.4623272
"4627",211,"2025-02-09 18:00:00",5,-1.9,61,0,NA,40,14.8,NA,1026,NA,3,2025-02-09 18:00:00,102.6,10.4623272
"4628",212,"2025-02-09 19:00:00",5,-1,65,0,NA,20,11,NA,1025,NA,3,2025-02-09 19:00:00,102.5,10.45213
"4629",213,"2025-02-09 20:00:00",5,-1.9,61,0,NA,70,11.2,NA,1025,NA,3,2025-02-09 20:00:00,102.5,10.45213
"4630",214,"2025-02-09 21:00:00",6,-1.9,57,0,NA,60,11.2,NA,1025,NA,3,2025-02-09 21:00:00,102.5,10.45213
"4631",215,"2025-02-09 22:00:00",7.6,-4.8,41,0,NA,47,14.4,NA,1026,NA,3,2025-02-09 22:00:00,102.6,10.4623272
"4632",216,"2025-02-09 23:00:00",6,-1.9,57,0,NA,70,13,NA,1026.4,NA,3,2025-02-09 23:00:00,102.64,10.46640608
"4633",217,"2025-02-10 00:00:00",5.4,-3.7,52,0,NA,32,14.4,NA,1027.5,NA,3,2025-02-10,102.75,10.477623
"4634",218,"2025-02-10 01:00:00",4,-3.1,60,0,NA,30,13,NA,1029,NA,2,2025-02-10 01:00:00,102.9,10.4929188
"4635",219,"2025-02-10 02:00:00",2,-3.9,65,0,NA,40,9.4,NA,1028,NA,2,2025-02-10 02:00:00,102.8,10.4827216
"4636",220,"2025-02-10 03:00:00",1,-3.5,72,0,NA,46,14.8,NA,1030.3,NA,3,2025-02-10 03:00:00,103.03,10.50617516
"4637",221,"2025-02-10 04:00:00",0.6,-3.7,73,0,NA,53,15.1,NA,1030.9,NA,3,2025-02-10 04:00:00,103.09,10.51229348
"4638",222,"2025-02-10 05:00:00",0,-3.9,75,0,NA,57,14.4,NA,1031.5,NA,3,2025-02-10 05:00:00,103.15,10.5184118
"4639",223,"2025-02-10 06:00:00",-0.5,-4.4,75,0,NA,64,14,NA,1031.9,NA,3,2025-02-10 06:00:00,103.19,10.52249068
"4640",224,"2025-02-10 07:00:00",-0.9,-4.8,75,0,NA,69,14.4,NA,1031.9,NA,3,2025-02-10 07:00:00,103.19,10.52249068
"4641",225,"2025-02-10 08:00:00",-1.3,-5.2,75,0,NA,72,14.8,NA,1031.6,NA,2,2025-02-10 08:00:00,103.16,10.51943152
"4642",226,"2025-02-10 09:00:00",-1.5,-5.2,76,0,NA,76,15.1,NA,1031.4,NA,3,2025-02-10 09:00:00,103.14,10.51739208
"4643",227,"2025-02-10 10:00:00",-1.7,-5.2,77,0,NA,76,15.5,NA,1031.1,NA,3,2025-02-10 10:00:00,103.11,10.51433292
"4644",228,"2025-02-10 11:00:00",-2,-2,100,0,NA,80,11.2,NA,1029,NA,3,2025-02-10 11:00:00,102.9,10.4929188
"4645",229,"2025-02-10 12:00:00",-2,-3,93,0,NA,90,15,NA,1029,NA,3,2025-02-10 12:00:00,102.9,10.4929188
"4646",230,"2025-02-10 13:00:00",-1,-3,86,0,NA,90,14.8,NA,1029,NA,3,2025-02-10 13:00:00,102.9,10.4929188
"4647",231,"2025-02-10 14:00:00",0,-3.9,75,0,NA,100,18.4,NA,1029,NA,3,2025-02-10 14:00:00,102.9,10.4929188
"4648",232,"2025-02-10 15:00:00",2,-5,60,0,NA,90,16.6,NA,1029,NA,3,2025-02-10 15:00:00,102.9,10.4929188
"4649",233,"2025-02-10 16:00:00",3,-7,48,0,NA,90,18.4,NA,1029,NA,3,2025-02-10 16:00:00,102.9,10.4929188
"4650",234,"2025-02-10 17:00:00",4,-8.1,41,0,NA,110,19,NA,1027,NA,3,2025-02-10 17:00:00,102.7,10.4725244
"4651",235,"2025-02-10 18:00:00",4,-6.9,45,0,NA,90,25.9,NA,1026,NA,3,2025-02-10 18:00:00,102.6,10.4623272
"4652",236,"2025-02-10 19:00:00",4,-6.9,45,0,NA,90,18.4,NA,1024,NA,3,2025-02-10 19:00:00,102.4,10.4419328
"4653",237,"2025-02-10 20:00:00",4,-6,48,0,NA,90,20.5,NA,1023,NA,3,2025-02-10 20:00:00,102.3,10.4317356
"4654",238,"2025-02-10 21:00:00",4,-6,48,0,NA,90,20.5,NA,1023,NA,3,2025-02-10 21:00:00,102.3,10.4317356
"4655",239,"2025-02-10 22:00:00",3.9,-4.6,54,0.2,NA,96,16.6,NA,1024.6,NA,12,2025-02-10 22:00:00,102.46,10.44805112
"4656",240,"2025-02-10 23:00:00",1,1,100,0,NA,80,19,NA,1021,NA,5,2025-02-10 23:00:00,102.1,10.4113412
"4657",241,"2025-02-11 00:00:00",0,0,100,0,NA,40,7.6,NA,1022,NA,3,2025-02-11,102.2,10.4215384
"4658",242,"2025-02-11 01:00:00",0,0,100,0,NA,60,16.6,NA,1021,NA,3,2025-02-11 01:00:00,102.1,10.4113412
"4659",243,"2025-02-11 02:00:00",0,0,100,0.2,NA,70,16.6,NA,1020,NA,5,2025-02-11 02:00:00,102,10.401144
"4660",244,"2025-02-11 03:00:00",1.6,0.1,90,0.5,NA,112,11.5,NA,1022.4,NA,12,2025-02-11 03:00:00,102.24,10.42561728
"4661",245,"2025-02-11 04:00:00",1.7,0.7,93,3,NA,107,10.1,NA,1022.9,NA,13,2025-02-11 04:00:00,102.29,10.43071588
"4662",246,"2025-02-11 05:00:00",1.8,0.9,94,2.5,NA,96,11.9,NA,1022.2,NA,13,2025-02-11 05:00:00,102.22,10.42357784
"4663",247,"2025-02-11 06:00:00",1.9,1.2,95,1.4,NA,94,10.4,NA,1021.8,NA,13,2025-02-11 06:00:00,102.18,10.41949896
"4664",248,"2025-02-11 07:00:00",1.6,1,96,1.4,NA,65,8.3,NA,1021.4,NA,9,2025-02-11 07:00:00,102.14,10.41542008
"4665",249,"2025-02-11 08:00:00",1.6,1.2,97,0.5,NA,61,9,NA,1020.7,NA,12,2025-02-11 08:00:00,102.07,10.40828204
"4666",250,"2025-02-11 09:00:00",1.6,1,96,0.9,NA,65,8.3,NA,1020.5,NA,12,2025-02-11 09:00:00,102.05,10.4062426
"4667",251,"2025-02-11 10:00:00",1.6,1.2,97,0.3,NA,68,9.4,NA,1019.7,NA,12,2025-02-11 10:00:00,101.97,10.39808484
"4668",252,"2025-02-11 11:00:00",1.8,0.9,94,0,NA,49,9.4,NA,1019.6,NA,3,2025-02-11 11:00:00,101.96,10.39706512
"4669",253,"2025-02-11 12:00:00",1.7,1,95,0,NA,48,10.4,NA,1018.9,NA,3,2025-02-11 12:00:00,101.89,10.38992708
"4670",254,"2025-02-11 13:00:00",1.8,1.1,95,0,NA,57,10.1,NA,1018.9,NA,3,2025-02-11 13:00:00,101.89,10.38992708
"4671",255,"2025-02-11 14:00:00",1.9,1,94,0,NA,53,10.8,NA,1019.1,NA,3,2025-02-11 14:00:00,101.91,10.39196652
"4672",256,"2025-02-11 15:00:00",2.1,0.9,92,0,NA,51,12.2,NA,1019.5,NA,3,2025-02-11 15:00:00,101.95,10.3960454
"4673",257,"2025-02-11 16:00:00",1,1,100,0,NA,60,13,NA,1017,NA,5,2025-02-11 16:00:00,101.7,10.3705524
"4674",258,"2025-02-11 17:00:00",2,2,100,0,NA,50,13,NA,1017,NA,3,2025-02-11 17:00:00,101.7,10.3705524
"4675",259,"2025-02-11 18:00:00",2,2,100,0,NA,360,7.6,NA,1016,NA,3,2025-02-11 18:00:00,101.6,10.3603552
"4676",260,"2025-02-11 19:00:00",2,2,100,0,NA,30,13,NA,1014,NA,3,2025-02-11 19:00:00,101.4,10.3399608
"4677",261,"2025-02-11 20:00:00",2,2,100,0,NA,50,9.4,NA,1014,NA,5,2025-02-11 20:00:00,101.4,10.3399608
"4678",262,"2025-02-11 21:00:00",2,2,100,0,NA,20,13,NA,1014,NA,5,2025-02-11 21:00:00,101.4,10.3399608
"4679",263,"2025-02-11 22:00:00",1,1,100,0,NA,30,9.4,NA,1014,NA,5,2025-02-11 22:00:00,101.4,10.3399608
"4680",264,"2025-02-11 23:00:00",1,1,100,0,NA,50,9,NA,1014,NA,5,2025-02-11 23:00:00,101.4,10.3399608
"4681",265,"2025-02-12 00:00:00",1,1,100,0,NA,40,11.2,NA,1014,NA,5,2025-02-12,101.4,10.3399608
"4682",266,"2025-02-12 01:00:00",3,-0.5,78,0,NA,54,13.7,NA,1015.4,NA,3,2025-02-12 01:00:00,101.54,10.35423688
"4683",267,"2025-02-12 02:00:00",1,1,100,0,NA,70,9.4,NA,1014,NA,5,2025-02-12 02:00:00,101.4,10.3399608
"4684",268,"2025-02-12 03:00:00",1.9,-0.5,84,0,NA,74,11.2,NA,1015.9,NA,3,2025-02-12 03:00:00,101.59,10.35933548
"4685",269,"2025-02-12 04:00:00",1.8,-0.5,85,0,NA,73,11.5,NA,1015.4,NA,3,2025-02-12 04:00:00,101.54,10.35423688
"4686",270,"2025-02-12 05:00:00",1.6,-0.5,86,0,NA,71,10.8,NA,1015,NA,3,2025-02-12 05:00:00,101.5,10.350158
"4687",271,"2025-02-12 06:00:00",1.5,-0.4,87,0,NA,78,12.2,NA,1014.3,NA,3,2025-02-12 06:00:00,101.43,10.34301996
"4688",272,"2025-02-12 07:00:00",1.3,-0.5,88,0,NA,80,13.3,NA,1013.3,NA,3,2025-02-12 07:00:00,101.33,10.33282276
"4689",273,"2025-02-12 08:00:00",1.3,-0.5,88,0,NA,88,14,NA,1011.9,NA,3,2025-02-12 08:00:00,101.19,10.31854668
"4690",274,"2025-02-12 09:00:00",0.9,-0.4,91,0,NA,98,14.4,NA,1011.1,NA,3,2025-02-12 09:00:00,101.11,10.31038892
"4691",275,"2025-02-12 10:00:00",1.1,-0.4,90,0,NA,82,10.8,NA,1011.3,NA,3,2025-02-12 10:00:00,101.13,10.31242836
"4692",276,"2025-02-12 11:00:00",1,1,100,0,NA,320,9,NA,1010,NA,5,2025-02-12 11:00:00,101,10.299172
"4693",277,"2025-02-12 12:00:00",1,1,100,1.6,NA,70,9.4,NA,1009,NA,5,2025-02-12 12:00:00,100.9,10.2889748
"4694",278,"2025-02-12 13:00:00",1,1,100,2.4,NA,0,0,NA,1008,NA,5,2025-02-12 13:00:00,100.8,10.2787776
"4695",279,"2025-02-12 14:00:00",1,1,100,2.4,NA,350,7.6,NA,1009,NA,5,2025-02-12 14:00:00,100.9,10.2889748
"4696",280,"2025-02-12 15:00:00",1,1,100,1.1,NA,340,11,NA,1009,NA,5,2025-02-12 15:00:00,100.9,10.2889748
"4697",281,"2025-02-12 16:00:00",1,1,100,0.4,NA,10,5.4,NA,1009,NA,5,2025-02-12 16:00:00,100.9,10.2889748
"4698",282,"2025-02-12 17:00:00",2,2,100,0,NA,350,7.6,NA,1009,NA,5,2025-02-12 17:00:00,100.9,10.2889748
"4699",283,"2025-02-12 18:00:00",2,2,100,0.2,NA,300,11.2,NA,1009,NA,5,2025-02-12 18:00:00,100.9,10.2889748
"4700",284,"2025-02-12 19:00:00",2,2,100,0,NA,310,20,NA,1009,NA,5,2025-02-12 19:00:00,100.9,10.2889748
"4701",285,"2025-02-12 20:00:00",0,0,100,0,NA,290,20.5,NA,1010,NA,5,2025-02-12 20:00:00,101,10.299172
"4702",286,"2025-02-12 21:00:00",-1,-1,100,0,NA,315,27.7,NA,1010,NA,5,2025-02-12 21:00:00,101,10.299172
"4703",287,"2025-02-12 22:00:00",-2,-2,100,0,NA,300,19,NA,1012,NA,5,2025-02-12 22:00:00,101.2,10.3195664
"4704",288,"2025-02-12 23:00:00",-3,-3,100,0,NA,310,20.5,NA,1013,NA,5,2025-02-12 23:00:00,101.3,10.3297636
"4705",289,"2025-02-13 00:00:00",-4,-4,100,0,NA,310,24.1,NA,1014,NA,3,2025-02-13,101.4,10.3399608
"4706",290,"2025-02-13 01:00:00",-4,-4,100,0,NA,320,19,NA,1015,NA,3,2025-02-13 01:00:00,101.5,10.350158
"4707",291,"2025-02-13 02:00:00",-5,-5,100,0,NA,320,16.6,NA,1017,NA,3,2025-02-13 02:00:00,101.7,10.3705524
"4708",292,"2025-02-13 03:00:00",-4.7,-7.8,79,0,NA,322,20.5,NA,1019.9,NA,3,2025-02-13 03:00:00,101.99,10.40012428
"4709",293,"2025-02-13 04:00:00",-5.7,-8.9,78,0,NA,319,20.2,NA,1021.8,NA,3,2025-02-13 04:00:00,102.18,10.41949896
"4710",294,"2025-02-13 05:00:00",-7.4,-10.7,77,0,NA,325,18.4,NA,1022.9,NA,3,2025-02-13 05:00:00,102.29,10.43071588
"4711",295,"2025-02-13 06:00:00",-8.1,-11.3,78,0,NA,337,16.9,NA,1023.4,NA,3,2025-02-13 06:00:00,102.34,10.43581448
"4712",296,"2025-02-13 07:00:00",-8.6,-11.7,78,0,NA,332,15.5,NA,1024.8,NA,3,2025-02-13 07:00:00,102.48,10.45009056
"4713",297,"2025-02-13 08:00:00",-9.1,-12.2,78,0,NA,332,15.8,NA,1025.9,NA,3,2025-02-13 08:00:00,102.59,10.46130748
"4714",298,"2025-02-13 09:00:00",-9.3,-12.6,77,0,NA,336,18,NA,1026.8,NA,3,2025-02-13 09:00:00,102.68,10.47048496
"4715",299,"2025-02-13 10:00:00",-9.3,-13.2,73,0,NA,330,17.3,NA,1027.8,NA,3,2025-02-13 10:00:00,102.78,10.48068216
"4716",300,"2025-02-13 11:00:00",-10,-12,85,0,NA,350,15,NA,1027,NA,3,2025-02-13 11:00:00,102.7,10.4725244
"4717",301,"2025-02-13 12:00:00",-10,-12,85,0,NA,350,14.8,NA,1028,NA,3,2025-02-13 12:00:00,102.8,10.4827216
"4718",302,"2025-02-13 13:00:00",-9,-13,73,0,NA,340,13,NA,1029,NA,3,2025-02-13 13:00:00,102.9,10.4929188
"4719",303,"2025-02-13 14:00:00",-9,-10.1,92,0,NA,320,13,NA,1030,NA,3,2025-02-13 14:00:00,103,10.503116
"4720",304,"2025-02-13 15:00:00",-8,-9.9,86,0,NA,340,13,NA,1032,NA,3,2025-02-13 15:00:00,103.2,10.5235104
"4721",305,"2025-02-13 16:00:00",-7,-8.9,86,0,NA,10,13,NA,1032,NA,3,2025-02-13 16:00:00,103.2,10.5235104
"4722",306,"2025-02-13 17:00:00",-5,-7.9,80,0,NA,330,13,NA,1032,NA,3,2025-02-13 17:00:00,103.2,10.5235104
"4723",307,"2025-02-13 18:00:00",-3,-8.1,68,0,NA,330,7,NA,1032,NA,3,2025-02-13 18:00:00,103.2,10.5235104
"4724",308,"2025-02-13 19:00:00",-1,-7,64,0,NA,360,9.4,NA,1031,NA,1,2025-02-13 19:00:00,103.1,10.5133132
"4725",309,"2025-02-13 20:00:00",-1,-7,64,0,NA,90,6,NA,1031,NA,1,2025-02-13 20:00:00,103.1,10.5133132
"4726",310,"2025-02-13 21:00:00",0,-8,55,0,NA,30,13,NA,1031,NA,1,2025-02-13 21:00:00,103.1,10.5133132
"4727",311,"2025-02-13 22:00:00",0,-7.1,59,0,NA,50,11.2,NA,1032,NA,1,2025-02-13 22:00:00,103.2,10.5235104
"4728",312,"2025-02-13 23:00:00",-1,-6,69,0,NA,0,0,NA,1032,NA,1,2025-02-13 23:00:00,103.2,10.5235104
"4729",313,"2025-02-14 00:00:00",-1,-6,69,0,NA,80,7.6,NA,1033,NA,1,2025-02-14,103.3,10.5337076
"4730",314,"2025-02-14 01:00:00",-2,-6,74,0,NA,80,7.6,NA,1033,NA,1,2025-02-14 01:00:00,103.3,10.5337076
"4731",315,"2025-02-14 02:00:00",-2,-6,74,0,NA,80,9.4,NA,1033,NA,3,2025-02-14 02:00:00,103.3,10.5337076
"4732",316,"2025-02-14 03:00:00",-3.7,-9.3,65,0,NA,96,14,NA,1035,NA,3,2025-02-14 03:00:00,103.5,10.554102
"4733",317,"2025-02-14 04:00:00",-3.9,-9.1,67,0,NA,109,13.3,NA,1035.5,NA,3,2025-02-14 04:00:00,103.55,10.5592006
"4734",318,"2025-02-14 05:00:00",-3.9,-8.9,68,0,NA,122,13.7,NA,1035.6,NA,3,2025-02-14 05:00:00,103.56,10.56022032
"4735",319,"2025-02-14 06:00:00",-3.9,-9.3,66,0,NA,126,14,NA,1035.1,NA,3,2025-02-14 06:00:00,103.51,10.55512172
"4736",320,"2025-02-14 07:00:00",-3.7,-9.7,63,0,NA,126,12.6,NA,1034.7,NA,3,2025-02-14 07:00:00,103.47,10.55104284
"4737",321,"2025-02-14 08:00:00",-3.7,-9.5,64,0,NA,124,12.2,NA,1034.6,NA,1,2025-02-14 08:00:00,103.46,10.55002312
"4738",322,"2025-02-14 09:00:00",-3.8,-9,67,0,NA,131,11.9,NA,1034.4,NA,1,2025-02-14 09:00:00,103.44,10.54798368
"4739",323,"2025-02-14 10:00:00",-3.8,-8.7,69,0,NA,133,11.9,NA,1033.5,NA,1,2025-02-14 10:00:00,103.35,10.5388062
"4740",324,"2025-02-14 11:00:00",-4,-8,74,0,NA,100,7.6,NA,1030,NA,1,2025-02-14 11:00:00,103,10.503116
"4741",325,"2025-02-14 12:00:00",-4,-5,93,0,NA,100,13,NA,1029,NA,1,2025-02-14 12:00:00,102.9,10.4929188
"4742",326,"2025-02-14 13:00:00",-3,-5,86,0,NA,90,14.8,NA,1028,NA,1,2025-02-14 13:00:00,102.8,10.4827216
"4743",327,"2025-02-14 14:00:00",0,-7.1,59,0,NA,100,11.2,NA,1028,NA,3,2025-02-14 14:00:00,102.8,10.4827216
"4744",328,"2025-02-14 15:00:00",3,-10,38,0,NA,130,16.6,NA,1027,NA,3,2025-02-14 15:00:00,102.7,10.4725244
"4745",329,"2025-02-14 16:00:00",4,-10.1,35,0,NA,130,20.5,NA,1027,NA,3,2025-02-14 16:00:00,102.7,10.4725244
"4746",330,"2025-02-14 17:00:00",5,-7.8,39,0,NA,130,19,NA,1025,NA,3,2025-02-14 17:00:00,102.5,10.45213
"4747",331,"2025-02-14 18:00:00",6,-6.9,39,0,NA,140,18.4,NA,1024,NA,3,2025-02-14 18:00:00,102.4,10.4419328
"4748",332,"2025-02-14 19:00:00",7,-5.1,42,0,NA,130,18.4,NA,1022,NA,3,2025-02-14 19:00:00,102.2,10.4215384
"4749",333,"2025-02-14 20:00:00",9,-2.9,43,0,NA,170,19,NA,1020,NA,3,2025-02-14 20:00:00,102,10.401144
"4750",334,"2025-02-14 21:00:00",9,-2,46,0,NA,150,16.6,NA,1019,NA,3,2025-02-14 21:00:00,101.9,10.3909468
"4751",335,"2025-02-14 22:00:00",9,-2,46,0,NA,150,14.8,NA,1018,NA,3,2025-02-14 22:00:00,101.8,10.3807496
"4752",336,"2025-02-14 23:00:00",8,-2.1,49,0,NA,150,13,NA,1018,NA,3,2025-02-14 23:00:00,101.8,10.3807496
"4753",337,"2025-02-15 00:00:00",7,-1.9,53,0,NA,160,15,NA,1016,NA,3,2025-02-15,101.6,10.3603552
"4754",338,"2025-02-15 01:00:00",8,-2.1,49,0,NA,160,20.5,NA,1015,NA,3,2025-02-15 01:00:00,101.5,10.350158
"4755",339,"2025-02-15 02:00:00",9,0.9,57,0,NA,170,20.5,NA,1015,NA,3,2025-02-15 02:00:00,101.5,10.350158
"4756",340,"2025-02-15 03:00:00",6.5,-1.9,55,0,NA,177,28.8,NA,1015.8,NA,3,2025-02-15 03:00:00,101.58,10.35831576
"4757",341,"2025-02-15 04:00:00",6.2,-0.3,63,0,NA,179,27.7,NA,1015.8,NA,3,2025-02-15 04:00:00,101.58,10.35831576
"4758",342,"2025-02-15 05:00:00",6,0.9,70,0,NA,177,26.3,NA,1015.4,NA,3,2025-02-15 05:00:00,101.54,10.35423688
"4759",343,"2025-02-15 06:00:00",5.9,2.7,80,0,NA,180,25.2,NA,1014.7,NA,3,2025-02-15 06:00:00,101.47,10.34709884
"4760",344,"2025-02-15 07:00:00",6.5,3.3,80,0,NA,185,23.8,NA,1013.9,NA,3,2025-02-15 07:00:00,101.39,10.33894108
"4761",345,"2025-02-15 08:00:00",6.6,4.3,85,0,NA,191,23.4,NA,1013.5,NA,3,2025-02-15 08:00:00,101.35,10.3348622
"4762",346,"2025-02-15 09:00:00",6.8,5.3,90,0,NA,193,24.5,NA,1012.1,NA,3,2025-02-15 09:00:00,101.21,10.32058612
"4763",347,"2025-02-15 10:00:00",7.6,6.4,92,0,NA,199,24.1,NA,1010.7,NA,3,2025-02-15 10:00:00,101.07,10.30631004
"4764",348,"2025-02-15 11:00:00",10,10,100,0,NA,220,14.8,NA,1010,NA,5,2025-02-15 11:00:00,101,10.299172
"4765",349,"2025-02-15 12:00:00",10,10,100,0,NA,210,18.4,NA,1010,NA,5,2025-02-15 12:00:00,101,10.299172
"4766",350,"2025-02-15 13:00:00",10,10,100,0,NA,220,14.8,NA,1010,NA,5,2025-02-15 13:00:00,101,10.299172
"4767",351,"2025-02-15 14:00:00",10,10,100,0,NA,240,9.4,NA,1010,NA,5,2025-02-15 14:00:00,101,10.299172
"4768",352,"2025-02-15 15:00:00",10,10,100,0,NA,220,9.4,NA,1009,NA,5,2025-02-15 15:00:00,100.9,10.2889748
"4769",353,"2025-02-15 16:00:00",11,11,100,0,NA,270,7.6,NA,1008,NA,5,2025-02-15 16:00:00,100.8,10.2787776
"4770",354,"2025-02-15 17:00:00",11,11,100,0,NA,240,7,NA,1008,NA,5,2025-02-15 17:00:00,100.8,10.2787776
"4771",355,"2025-02-15 18:00:00",10,10,100,0,NA,300,11.2,NA,1006,NA,5,2025-02-15 18:00:00,100.6,10.2583832
"4772",356,"2025-02-15 19:00:00",10,10,100,0,NA,273,14,NA,1006,NA,5,2025-02-15 19:00:00,100.6,10.2583832
"4773",357,"2025-02-15 20:00:00",11,11,100,0.2,NA,90,9,NA,1004,NA,7,2025-02-15 20:00:00,100.4,10.2379888
"4774",358,"2025-02-15 21:00:00",11,11,100,0.2,NA,290,13,NA,1005,NA,5,2025-02-15 21:00:00,100.5,10.248186
"4775",359,"2025-02-15 22:00:00",9,9,100,0.2,NA,310,18.4,NA,1006,NA,5,2025-02-15 22:00:00,100.6,10.2583832
"4776",360,"2025-02-15 23:00:00",6,6,100,0.2,NA,330,32,NA,1006,NA,5,2025-02-15 23:00:00,100.6,10.2583832
"4777",361,"2025-02-16 00:00:00",3,3,100,0.3,NA,340,32,NA,1009,NA,5,2025-02-16,100.9,10.2889748
"4778",362,"2025-02-16 01:00:00",2,2,100,0.4,NA,350,28,NA,1009,NA,5,2025-02-16 01:00:00,100.9,10.2889748
"4779",363,"2025-02-16 02:00:00",1,1,100,0.4,NA,340,30,NA,1011,NA,5,2025-02-16 02:00:00,101.1,10.3093692
"4780",364,"2025-02-16 03:00:00",0.7,0.1,96,0.8,NA,337,26.3,NA,1012.4,NA,8,2025-02-16 03:00:00,101.24,10.32364528
"4781",365,"2025-02-16 04:00:00",-0.5,-1.8,91,1.1,NA,337,27.7,NA,1014.5,NA,13,2025-02-16 04:00:00,101.45,10.3450594
"4782",366,"2025-02-16 05:00:00",-1.1,-3,87,0.2,NA,341,24.5,NA,1015.5,NA,14,2025-02-16 05:00:00,101.55,10.3552566
"4783",367,"2025-02-16 06:00:00",-1.4,-3.9,83,0.2,NA,339,25.2,NA,1016.6,NA,14,2025-02-16 06:00:00,101.66,10.36647352
"4784",368,"2025-02-16 07:00:00",-1.9,-5.1,79,0,NA,338,26.3,NA,1017.8,NA,3,2025-02-16 07:00:00,101.78,10.37871016
"4785",369,"2025-02-16 08:00:00",-2.4,-5.9,77,0,NA,332,26.3,NA,1018.9,NA,3,2025-02-16 08:00:00,101.89,10.38992708
"4786",370,"2025-02-16 09:00:00",-4,-6.8,81,0,NA,321,27.7,NA,1020.6,NA,3,2025-02-16 09:00:00,102.06,10.40726232
"4787",371,"2025-02-16 10:00:00",-5.3,-8.7,77,0,NA,329,26.6,NA,1021.6,NA,3,2025-02-16 10:00:00,102.16,10.41745952
"4788",372,"2025-02-16 11:00:00",-6,-6,100,0,NA,310,28,NA,1020,NA,3,2025-02-16 11:00:00,102,10.401144
"4789",373,"2025-02-16 12:00:00",-6,-6,100,0,NA,320,18.4,NA,1022,NA,3,2025-02-16 12:00:00,102.2,10.4215384
"4790",374,"2025-02-16 13:00:00",-7,-7,100,0,NA,310,24,NA,1023,NA,3,2025-02-16 13:00:00,102.3,10.4317356
"4791",375,"2025-02-16 14:00:00",-7,-7,100,0,NA,320,24.1,NA,1024,NA,3,2025-02-16 14:00:00,102.4,10.4419328
"4792",376,"2025-02-16 15:00:00",-7,-7,100,0,NA,320,20.5,NA,1024,NA,3,2025-02-16 15:00:00,102.4,10.4419328
"4793",377,"2025-02-16 16:00:00",-5,-6,93,0,NA,310,19,NA,1025,NA,3,2025-02-16 16:00:00,102.5,10.45213
"4794",378,"2025-02-16 17:00:00",-5,-6,93,0,NA,320,16.6,NA,1026,NA,3,2025-02-16 17:00:00,102.6,10.4623272
"4795",379,"2025-02-16 18:00:00",-5,-6,93,0,NA,320,16.6,NA,1025,NA,3,2025-02-16 18:00:00,102.5,10.45213
"4796",380,"2025-02-16 19:00:00",-3,-6,80,0,NA,310,24,NA,1025,NA,1,2025-02-16 19:00:00,102.5,10.45213
"4797",381,"2025-02-16 20:00:00",-3,-6,80,0,NA,310,18.4,NA,1026,NA,1,2025-02-16 20:00:00,102.6,10.4623272
"4798",382,"2025-02-16 21:00:00",-3,-6,80,0,NA,300,26,NA,1026,NA,1,2025-02-16 21:00:00,102.6,10.4623272
"4799",383,"2025-02-16 22:00:00",-3,-7,74,0,NA,320,14.8,NA,1026,NA,1,2025-02-16 22:00:00,102.6,10.4623272
"4800",384,"2025-02-16 23:00:00",-4,-6.9,80,0,NA,300,14.8,NA,1026,NA,1,2025-02-16 23:00:00,102.6,10.4623272
"4801",385,"2025-02-17 00:00:00",-4,-6.9,80,0,NA,330,11.2,NA,1026,NA,1,2025-02-17,102.6,10.4623272
"4802",386,"2025-02-17 01:00:00",-4,-6.9,80,0,NA,347,9.4,NA,1026,NA,1,2025-02-17 01:00:00,102.6,10.4623272
"4803",387,"2025-02-17 02:00:00",-5,-6,93,0,NA,0,0,NA,1027,NA,1,2025-02-17 02:00:00,102.7,10.4725244
"4804",388,"2025-02-17 03:00:00",-5.7,-12.2,60,0,NA,328,6.5,NA,1030.4,NA,1,2025-02-17 03:00:00,103.04,10.50719488
"4805",389,"2025-02-17 04:00:00",-5.9,-12,62,0,NA,331,6.5,NA,1030.7,NA,1,2025-02-17 04:00:00,103.07,10.51025404
"4806",390,"2025-02-17 05:00:00",-6,-13.6,55,0,NA,349,5.4,NA,1030.2,NA,1,2025-02-17 05:00:00,103.02,10.50515544
"4807",391,"2025-02-17 06:00:00",-6,-13.4,56,0,NA,14,5.8,NA,1030.1,NA,2,2025-02-17 06:00:00,103.01,10.50413572
"4808",392,"2025-02-17 07:00:00",-6.1,-13.5,56,0,NA,39,5.8,NA,1029.9,NA,1,2025-02-17 07:00:00,102.99,10.50209628
"4809",393,"2025-02-17 08:00:00",-6,-13.6,55,0,NA,59,9.7,NA,1029.5,NA,2,2025-02-17 08:00:00,102.95,10.4980174
"4810",394,"2025-02-17 09:00:00",-6.2,-13.6,56,0,NA,66,10.8,NA,1029.2,NA,2,2025-02-17 09:00:00,102.92,10.49495824
"4811",395,"2025-02-17 10:00:00",-6.3,-12,64,0,NA,88,6.5,NA,1029.7,NA,2,2025-02-17 10:00:00,102.97,10.50005684
"4812",396,"2025-02-17 11:00:00",-7,-7.9,93,0,NA,89,7.9,NA,1027,NA,3,2025-02-17 11:00:00,102.7,10.4725244
"4813",397,"2025-02-17 12:00:00",-7,-7.9,93,0,NA,0,0,NA,1027,NA,3,2025-02-17 12:00:00,102.7,10.4725244
"4814",398,"2025-02-17 13:00:00",-7,-7.9,93,0,NA,90,16.6,NA,1027,NA,3,2025-02-17 13:00:00,102.7,10.4725244
"4815",399,"2025-02-17 14:00:00",-7,-7.9,93,0,NA,100,11.2,NA,1026,NA,3,2025-02-17 14:00:00,102.6,10.4623272
"4816",400,"2025-02-17 15:00:00",-3,-7,74,0,NA,100,13,NA,1026,NA,3,2025-02-17 15:00:00,102.6,10.4623272
"4817",401,"2025-02-17 16:00:00",0,-6,64,0,NA,100,11,NA,1025,NA,3,2025-02-17 16:00:00,102.5,10.45213
"4818",402,"2025-02-17 17:00:00",2,-5,60,0,NA,140,13,NA,1024,NA,3,2025-02-17 17:00:00,102.4,10.4419328
"4819",403,"2025-02-17 18:00:00",4,-5,52,0,NA,140,11.2,NA,1023,NA,3,2025-02-17 18:00:00,102.3,10.4317356
"4820",404,"2025-02-17 19:00:00",6,-5,45,0,NA,170,11.2,NA,1021,NA,3,2025-02-17 19:00:00,102.1,10.4113412
"4821",405,"2025-02-17 20:00:00",7,-7.1,36,0,NA,170,14.8,NA,1020,NA,3,2025-02-17 20:00:00,102,10.401144
"4822",406,"2025-02-17 21:00:00",7,-7.8,34,0,NA,150,13,NA,1019,NA,3,2025-02-17 21:00:00,101.9,10.3909468
"4823",407,"2025-02-17 22:00:00",7,-7.1,36,0,NA,140,14.8,NA,1019,NA,3,2025-02-17 22:00:00,101.9,10.3909468
"4824",408,"2025-02-17 23:00:00",5,-6.9,42,0,NA,130,7.6,NA,1019,NA,3,2025-02-17 23:00:00,101.9,10.3909468
"4825",409,"2025-02-18 00:00:00",3,-5.9,52,0,NA,130,7.6,NA,1020,NA,3,2025-02-18,102,10.401144
"4826",410,"2025-02-18 01:00:00",3,-5.9,52,0,NA,100,7,NA,1020,NA,3,2025-02-18 01:00:00,102,10.401144
"4827",411,"2025-02-18 02:00:00",3,-5.9,52,0,NA,100,7.6,NA,1021,NA,3,2025-02-18 02:00:00,102.1,10.4113412
"4828",412,"2025-02-18 03:00:00",-0.9,-10,50,0,NA,95,10.8,NA,1023.4,NA,3,2025-02-18 03:00:00,102.34,10.43581448
"4829",413,"2025-02-18 04:00:00",-1.1,-9.2,54,0,NA,93,11.5,NA,1024.7,NA,3,2025-02-18 04:00:00,102.47,10.44907084
"4830",414,"2025-02-18 05:00:00",-1.3,-8.7,57,0,NA,96,13,NA,1025.2,NA,3,2025-02-18 05:00:00,102.52,10.45416944
"4831",415,"2025-02-18 06:00:00",-1.9,-8.4,61,0,NA,86,13.3,NA,1025.2,NA,3,2025-02-18 06:00:00,102.52,10.45416944
"4832",416,"2025-02-18 07:00:00",-2.1,-8,64,0,NA,71,15.1,NA,1025.5,NA,3,2025-02-18 07:00:00,102.55,10.4572286
"4833",417,"2025-02-18 08:00:00",-2.2,-7.9,65,0,NA,74,18,NA,1025.6,NA,3,2025-02-18 08:00:00,102.56,10.45824832
"4834",418,"2025-02-18 09:00:00",-2.5,-8,66,0,NA,67,16.9,NA,1025.4,NA,3,2025-02-18 09:00:00,102.54,10.45620888
"4835",419,"2025-02-18 10:00:00",-2.6,-8.3,65,0,NA,62,17.6,NA,1025.7,NA,3,2025-02-18 10:00:00,102.57,10.45926804
"4836",420,"2025-02-18 11:00:00",-1,-4,80,0,NA,50,17,NA,1023,NA,3,2025-02-18 11:00:00,102.3,10.4317356
"4837",421,"2025-02-18 12:00:00",-2,-5,80,0,NA,50,14.8,NA,1024,NA,3,2025-02-18 12:00:00,102.4,10.4419328
"4838",422,"2025-02-18 13:00:00",-2,-6,74,0,NA,70,25.9,NA,1024,NA,3,2025-02-18 13:00:00,102.4,10.4419328
"4839",423,"2025-02-18 14:00:00",-3,-4,93,0,NA,60,18.4,NA,1024,NA,3,2025-02-18 14:00:00,102.4,10.4419328
"4840",424,"2025-02-18 15:00:00",-4,-4,100,0,NA,80,15,NA,1024,NA,3,2025-02-18 15:00:00,102.4,10.4419328
"4841",425,"2025-02-18 16:00:00",-4,-4,100,0.1,NA,50,18.4,NA,1024,NA,14,2025-02-18 16:00:00,102.4,10.4419328
"4842",426,"2025-02-18 17:00:00",-4,-4,100,0.3,NA,60,16.6,NA,1024,NA,15,2025-02-18 17:00:00,102.4,10.4419328
"4843",427,"2025-02-18 18:00:00",-5,-7.1,75,0.5,NA,50,18.4,NA,1023,NA,15,2025-02-18 18:00:00,102.3,10.4317356
"4844",428,"2025-02-18 19:00:00",-5,-5,100,0.6,NA,50,15,NA,1023,NA,15,2025-02-18 19:00:00,102.3,10.4317356
"4845",429,"2025-02-18 20:00:00",-5,-5,100,0.8,NA,40,14.8,NA,1023,NA,15,2025-02-18 20:00:00,102.3,10.4317356
"4846",430,"2025-02-18 21:00:00",-6,-6,100,1,NA,50,16.6,NA,1024,NA,5,2025-02-18 21:00:00,102.4,10.4419328
"4847",431,"2025-02-18 22:00:00",-7,-7,100,1.2,NA,20,22.3,NA,1024,NA,5,2025-02-18 22:00:00,102.4,10.4419328
"4848",432,"2025-02-18 23:00:00",-8,-8,100,0.9,NA,70,22.3,NA,1025,NA,15,2025-02-18 23:00:00,102.5,10.45213
"4849",433,"2025-02-19 00:00:00",-9,-9,100,1,NA,20,16.6,NA,1025,NA,16,2025-02-19,102.5,10.45213
"4850",434,"2025-02-19 01:00:00",-10,-10,100,0.9,NA,40,20.5,NA,1026,NA,5,2025-02-19 01:00:00,102.6,10.4623272
"4851",435,"2025-02-19 02:00:00",-11,-11,100,0.8,NA,20,22,NA,1028,NA,5,2025-02-19 02:00:00,102.8,10.4827216
"4852",436,"2025-02-19 03:00:00",-10.6,-12.5,86,1.2,NA,30,20.5,NA,1032.6,NA,16,2025-02-19 03:00:00,103.26,10.52962872
"4853",437,"2025-02-19 04:00:00",-10.8,-12.8,85,0.9,NA,38,19.1,NA,1033.4,NA,15,2025-02-19 04:00:00,103.34,10.53778648
"4854",438,"2025-02-19 05:00:00",-11.1,-13.3,84,0.8,NA,23,20.2,NA,1034.4,NA,15,2025-02-19 05:00:00,103.44,10.54798368
"4855",439,"2025-02-19 06:00:00",-11.5,-14,82,0.4,NA,28,19.4,NA,1034.9,NA,15,2025-02-19 06:00:00,103.49,10.55308228
"4856",440,"2025-02-19 07:00:00",-12.4,-15,81,0,NA,26,18.7,NA,1035.4,NA,3,2025-02-19 07:00:00,103.54,10.55818088
"4857",441,"2025-02-19 08:00:00",-12.6,-15.3,80,0,NA,26,20.5,NA,1035.8,NA,3,2025-02-19 08:00:00,103.58,10.56225976
"4858",442,"2025-02-19 09:00:00",-12.5,-15.2,80,0,NA,28,19.8,NA,1035.9,NA,3,2025-02-19 09:00:00,103.59,10.56327948
"4859",443,"2025-02-19 10:00:00",-12.6,-15.3,80,0,NA,20,19.1,NA,1036,NA,3,2025-02-19 10:00:00,103.6,10.5642992
"4860",444,"2025-02-19 11:00:00",-15,-16,92,0,NA,80,14.8,NA,1032,NA,3,2025-02-19 11:00:00,103.2,10.5235104
"4861",445,"2025-02-19 12:00:00",-16,-17,92,0,NA,80,20,NA,1033,NA,3,2025-02-19 12:00:00,103.3,10.5337076
"4862",446,"2025-02-19 13:00:00",-17,-17,100,0,NA,80,18.4,NA,1034,NA,3,2025-02-19 13:00:00,103.4,10.5439048
"4863",447,"2025-02-19 14:00:00",-17,-18,92,0,NA,80,17,NA,1035,NA,3,2025-02-19 14:00:00,103.5,10.554102
"4864",448,"2025-02-19 15:00:00",-17,-18,92,0,NA,80,13,NA,1035,NA,3,2025-02-19 15:00:00,103.5,10.554102
"4865",449,"2025-02-19 16:00:00",-13,-17,72,0,NA,30,22,NA,1035,NA,3,2025-02-19 16:00:00,103.5,10.554102
"4866",450,"2025-02-19 17:00:00",-12,-15.1,78,0,NA,340,16.6,NA,1035,NA,3,2025-02-19 17:00:00,103.5,10.554102
"4867",451,"2025-02-19 18:00:00",-11,-15.1,72,0,NA,330,24.1,NA,1034,NA,3,2025-02-19 18:00:00,103.4,10.5439048
"4868",452,"2025-02-19 19:00:00",-10,-15,67,0,NA,350,20.5,NA,1034,NA,3,2025-02-19 19:00:00,103.4,10.5439048
"4869",453,"2025-02-19 20:00:00",-10,-15,67,0,NA,350,19,NA,1034,NA,3,2025-02-19 20:00:00,103.4,10.5439048
"4870",454,"2025-02-19 21:00:00",-11,-15.1,72,0,NA,10,20.5,NA,1033,NA,3,2025-02-19 21:00:00,103.3,10.5337076
"4871",455,"2025-02-19 22:00:00",-11,-15.9,67,0,NA,350,18.4,NA,1033,NA,3,2025-02-19 22:00:00,103.3,10.5337076
"4872",456,"2025-02-19 23:00:00",-12,-16,72,0,NA,350,20.5,NA,1034,NA,3,2025-02-19 23:00:00,103.4,10.5439048
"4873",457,"2025-02-20 00:00:00",-14,-18,72,0,NA,350,18.4,NA,1034,NA,3,2025-02-20,103.4,10.5439048
"4874",458,"2025-02-20 01:00:00",-15,-18,78,0,NA,350,14.8,NA,1034,NA,3,2025-02-20 01:00:00,103.4,10.5439048
"4875",459,"2025-02-20 02:00:00",-17,-21,71,0,NA,350,14.8,NA,1034,NA,3,2025-02-20 02:00:00,103.4,10.5439048
"4876",460,"2025-02-20 03:00:00",-15.2,-18.3,77,0,NA,2,15.1,NA,1039.7,NA,3,2025-02-20 03:00:00,103.97,10.60202884
"4877",461,"2025-02-20 04:00:00",-16,-19,78,0,NA,5,13,NA,1040.1,NA,1,2025-02-20 04:00:00,104.01,10.60610772
"4878",462,"2025-02-20 05:00:00",-16.5,-19.3,79,0,NA,6,12.2,NA,1040.4,NA,2,2025-02-20 05:00:00,104.04,10.60916688
"4879",463,"2025-02-20 06:00:00",-17,-19.6,80,0,NA,6,12.6,NA,1040.6,NA,2,2025-02-20 06:00:00,104.06,10.61120632
"4880",464,"2025-02-20 07:00:00",-17.4,-19.9,81,0,NA,1,11.5,NA,1041.1,NA,3,2025-02-20 07:00:00,104.11,10.61630492
"4881",465,"2025-02-20 08:00:00",-17.3,-20.2,78,0,NA,360,10.8,NA,1041.2,NA,3,2025-02-20 08:00:00,104.12,10.61732464
"4882",466,"2025-02-20 09:00:00",-17.3,-20.2,78,0,NA,10,13.7,NA,1040.5,NA,3,2025-02-20 09:00:00,104.05,10.6101866
"4883",467,"2025-02-20 10:00:00",-17.7,-20.8,77,0,NA,5,11.5,NA,1040.5,NA,3,2025-02-20 10:00:00,104.05,10.6101866
"4884",468,"2025-02-20 11:00:00",-19,-22,77,0,NA,350,9,NA,1036,NA,3,2025-02-20 11:00:00,103.6,10.5642992
"4885",469,"2025-02-20 12:00:00",-19,-22,77,0,NA,350,11.2,NA,1036,NA,2,2025-02-20 12:00:00,103.6,10.5642992
"4886",470,"2025-02-20 13:00:00",-19,-22.9,71,0,NA,350,14.8,NA,1037,NA,1,2025-02-20 13:00:00,103.7,10.5744964
"4887",471,"2025-02-20 14:00:00",-18,-22,71,0,NA,360,9.4,NA,1037,NA,1,2025-02-20 14:00:00,103.7,10.5744964
"4888",472,"2025-02-20 15:00:00",-16,-22,60,0,NA,360,11,NA,1037,NA,1,2025-02-20 15:00:00,103.7,10.5744964
"4889",473,"2025-02-20 16:00:00",-13,-18.9,61,0,NA,350,16.6,NA,1038,NA,1,2025-02-20 16:00:00,103.8,10.5846936
"4890",474,"2025-02-20 17:00:00",-11,-18.9,52,0,NA,350,14.8,NA,1038,NA,1,2025-02-20 17:00:00,103.8,10.5846936
"4891",475,"2025-02-20 18:00:00",-9,-18,48,0,NA,360,9.4,NA,1037,NA,1,2025-02-20 18:00:00,103.7,10.5744964
"4892",476,"2025-02-20 19:00:00",-8,-17.9,45,0,NA,350,13,NA,1035,NA,1,2025-02-20 19:00:00,103.5,10.554102
"4893",477,"2025-02-20 20:00:00",-9,-19.9,41,0,NA,20,15,NA,1036,NA,1,2025-02-20 20:00:00,103.6,10.5642992
"4894",478,"2025-02-20 21:00:00",-8,-17.9,45,0,NA,340,13,NA,1035,NA,1,2025-02-20 21:00:00,103.5,10.554102
"4895",479,"2025-02-20 22:00:00",-8,-17.1,48,0,NA,340,13,NA,1035,NA,1,2025-02-20 22:00:00,103.5,10.554102
"4896",480,"2025-02-20 23:00:00",-9,-17.1,52,0,NA,10,13,NA,1034,NA,1,2025-02-20 23:00:00,103.4,10.5439048
"4897",481,"2025-02-21 00:00:00",-11,-18.9,52,0,NA,10,9,NA,1035,NA,1,2025-02-21,103.5,10.554102
"4898",482,"2025-02-21 01:00:00",-12,-19,56,0,NA,10,7.6,NA,1036,NA,1,2025-02-21 01:00:00,103.6,10.5642992
"4899",483,"2025-02-21 02:00:00",-13,-18.9,61,0,NA,330,7.6,NA,1036,NA,1,2025-02-21 02:00:00,103.6,10.5642992
"4900",484,"2025-02-21 03:00:00",-15.6,-18.1,81,0,NA,33,9.7,NA,1042,NA,2,2025-02-21 03:00:00,104.2,10.6254824
"4901",485,"2025-02-21 04:00:00",-16,-18.4,82,0,NA,42,8.6,NA,1042.4,NA,2,2025-02-21 04:00:00,104.24,10.62956128
"4902",486,"2025-02-21 05:00:00",-15.6,-18.1,81,0,NA,51,9,NA,1041.9,NA,3,2025-02-21 05:00:00,104.19,10.62446268
"4903",487,"2025-02-21 06:00:00",-15.1,-17.6,81,0,NA,59,9.7,NA,1041.8,NA,3,2025-02-21 06:00:00,104.18,10.62344296
"4904",488,"2025-02-21 07:00:00",-14.7,-17.4,80,0,NA,62,11.2,NA,1041.5,NA,3,2025-02-21 07:00:00,104.15,10.6203838
"4905",489,"2025-02-21 08:00:00",-14.7,-17.4,80,0,NA,72,10.1,NA,1041.5,NA,3,2025-02-21 08:00:00,104.15,10.6203838
"4906",490,"2025-02-21 09:00:00",-15.2,-17.7,81,0,NA,84,8.6,NA,1041.8,NA,3,2025-02-21 09:00:00,104.18,10.62344296
"4907",491,"2025-02-21 10:00:00",-14.7,-17.5,79,0,NA,81,9,NA,1041.6,NA,3,2025-02-21 10:00:00,104.16,10.62140352
"4908",492,"2025-02-21 11:00:00",-12,-17.1,66,0,NA,90,5.4,NA,1037,NA,3,2025-02-21 11:00:00,103.7,10.5744964
"4909",493,"2025-02-21 12:00:00",-12,-17.1,66,0,NA,80,7.6,NA,1037,NA,3,2025-02-21 12:00:00,103.7,10.5744964
"4910",494,"2025-02-21 13:00:00",-12,-17.1,66,0,NA,80,7.6,NA,1037,NA,3,2025-02-21 13:00:00,103.7,10.5744964
"4911",495,"2025-02-21 14:00:00",-10,-16.9,57,0,NA,80,7.6,NA,1037,NA,3,2025-02-21 14:00:00,103.7,10.5744964
"4912",496,"2025-02-21 15:00:00",-8,-15,57,0,NA,90,9,NA,1037,NA,3,2025-02-21 15:00:00,103.7,10.5744964
"4913",497,"2025-02-21 16:00:00",-6,-15,49,0,NA,120,5.4,NA,1037,NA,3,2025-02-21 16:00:00,103.7,10.5744964
"4914",498,"2025-02-21 17:00:00",-4,-15,42,0,NA,0,0,NA,1036,NA,2,2025-02-21 17:00:00,103.6,10.5642992
"4915",499,"2025-02-21 18:00:00",-2,-15.1,36,0,NA,119,5.4,NA,1035,NA,2,2025-02-21 18:00:00,103.5,10.554102
"4916",500,"2025-02-21 19:00:00",-1,-13.9,37,0,NA,350,5.4,NA,1034,NA,1,2025-02-21 19:00:00,103.4,10.5439048
"4917",501,"2025-02-21 20:00:00",-1,-12.9,40,0,NA,300,7,NA,1033,NA,1,2025-02-21 20:00:00,103.3,10.5337076
"4918",502,"2025-02-21 21:00:00",-1,-13.9,37,0,NA,0,0,NA,1033,NA,1,2025-02-21 21:00:00,103.3,10.5337076
"4919",503,"2025-02-21 22:00:00",-1,-10.9,47,0,NA,320,9.4,NA,1032,NA,1,2025-02-21 22:00:00,103.2,10.5235104
"4920",504,"2025-02-21 23:00:00",-2,-11,50,0,NA,320,7.6,NA,1032,NA,1,2025-02-21 23:00:00,103.2,10.5235104
"4921",505,"2025-02-22 00:00:00",-2,-10.1,54,0,NA,313,4,NA,1032,NA,1,2025-02-22,103.2,10.5235104
"4922",506,"2025-02-22 01:00:00",-2,-10.1,54,0,NA,0,0,NA,1032,NA,1,2025-02-22 01:00:00,103.2,10.5235104
"4923",507,"2025-02-22 02:00:00",-2,-10.1,54,0,NA,0,0,NA,1032,NA,3,2025-02-22 02:00:00,103.2,10.5235104
"4924",508,"2025-02-22 03:00:00",-4.2,-8.9,70,0,NA,127,5,NA,1034.6,NA,3,2025-02-22 03:00:00,103.46,10.55002312
"4925",509,"2025-02-22 04:00:00",-4.2,-8.3,73,0,NA,153,4,NA,1034.5,NA,3,2025-02-22 04:00:00,103.45,10.5490034
"4926",510,"2025-02-22 05:00:00",-4.1,-7.4,78,0,NA,184,4.3,NA,1034.3,NA,3,2025-02-22 05:00:00,103.43,10.54696396
"4927",511,"2025-02-22 06:00:00",-4.3,-7.2,80,0,NA,224,4.3,NA,1033.7,NA,3,2025-02-22 06:00:00,103.37,10.54084564
"4928",512,"2025-02-22 07:00:00",-4.3,-7.9,76,0,NA,245,5.8,NA,1033.8,NA,3,2025-02-22 07:00:00,103.38,10.54186536
"4929",513,"2025-02-22 08:00:00",-4.6,-8.7,73,0,NA,244,6.8,NA,1033.7,NA,3,2025-02-22 08:00:00,103.37,10.54084564
"4930",514,"2025-02-22 09:00:00",-6,-10.1,73,0,NA,240,7.9,NA,1033.5,NA,2,2025-02-22 09:00:00,103.35,10.5388062
"4931",515,"2025-02-22 10:00:00",-8,-11.7,75,0,NA,231,6.8,NA,1032.9,NA,1,2025-02-22 10:00:00,103.29,10.53268788
"4932",516,"2025-02-22 11:00:00",-3,-9.1,63,0,NA,210,7.6,NA,1030,NA,1,2025-02-22 11:00:00,103,10.503116
"4933",517,"2025-02-22 12:00:00",-5,-8.9,74,0,NA,220,5.4,NA,1029,NA,1,2025-02-22 12:00:00,102.9,10.4929188
"4934",518,"2025-02-22 13:00:00",-4,-9,68,0,NA,210,7.6,NA,1029,NA,1,2025-02-22 13:00:00,102.9,10.4929188
"4935",519,"2025-02-22 14:00:00",-2,-9,59,0,NA,230,9,NA,1030,NA,1,2025-02-22 14:00:00,103,10.503116
"4936",520,"2025-02-22 15:00:00",-1,-10.9,47,0,NA,240,16.6,NA,1030,NA,1,2025-02-22 15:00:00,103,10.503116
"4937",521,"2025-02-22 16:00:00",0,-10,47,0,NA,250,7.6,NA,1030,NA,1,2025-02-22 16:00:00,103,10.503116
"4938",522,"2025-02-22 17:00:00",1,-9.9,44,0,NA,220,7.6,NA,1029,NA,1,2025-02-22 17:00:00,102.9,10.4929188
"4939",523,"2025-02-22 18:00:00",2,-9,44,0,NA,200,7,NA,1028,NA,1,2025-02-22 18:00:00,102.8,10.4827216
"4940",524,"2025-02-22 19:00:00",4,-6.9,45,0,NA,230,7,NA,1027,NA,1,2025-02-22 19:00:00,102.7,10.4725244
"4941",525,"2025-02-22 20:00:00",4,-6.9,45,0,NA,210,9.4,NA,1026,NA,1,2025-02-22 20:00:00,102.6,10.4623272
"4942",526,"2025-02-22 21:00:00",5,-6.9,42,0,NA,240,11,NA,1025,NA,1,2025-02-22 21:00:00,102.5,10.45213
"4943",527,"2025-02-22 22:00:00",6,-6,42,0,NA,270,13,NA,1025,NA,1,2025-02-22 22:00:00,102.5,10.45213
"4944",528,"2025-02-22 23:00:00",4,-5,52,0,NA,290,7,NA,1025,NA,1,2025-02-22 23:00:00,102.5,10.45213
"4945",529,"2025-02-23 00:00:00",3,-4.9,56,0,NA,300,5.4,NA,1025,NA,1,2025-02-23,102.5,10.45213
"4946",530,"2025-02-23 01:00:00",0,-3,80,0,NA,0,0,NA,1025,NA,1,2025-02-23 01:00:00,102.5,10.45213
"4947",531,"2025-02-23 02:00:00",-2,-2,100,0,NA,0,0,NA,1025,NA,1,2025-02-23 02:00:00,102.5,10.45213
"4948",532,"2025-02-23 03:00:00",-4.5,-9.9,66,0,NA,185,7.2,NA,1026.3,NA,1,2025-02-23 03:00:00,102.63,10.46538636
"4949",533,"2025-02-23 04:00:00",-5,-10,68,0,NA,177,7.9,NA,1026,NA,1,2025-02-23 04:00:00,102.6,10.4623272
"4950",534,"2025-02-23 05:00:00",-4.6,-10,66,0,NA,183,9.4,NA,1025.9,NA,1,2025-02-23 05:00:00,102.59,10.46130748
"4951",535,"2025-02-23 06:00:00",-3.8,-9.8,63,0,NA,201,10.8,NA,1025.5,NA,1,2025-02-23 06:00:00,102.55,10.4572286
"4952",536,"2025-02-23 07:00:00",-2.5,-8.8,62,0,NA,195,11.9,NA,1025.4,NA,1,2025-02-23 07:00:00,102.54,10.45620888
"4953",537,"2025-02-23 08:00:00",-2.4,-8.1,65,0,NA,193,10.8,NA,1024.9,NA,1,2025-02-23 08:00:00,102.49,10.45111028
"4954",538,"2025-02-23 09:00:00",-2.7,-8.2,66,0,NA,198,10.1,NA,1024.2,NA,1,2025-02-23 09:00:00,102.42,10.44397224
"4955",539,"2025-02-23 10:00:00",-2.8,-7.7,69,0,NA,204,9.4,NA,1023.8,NA,1,2025-02-23 10:00:00,102.38,10.43989336
"4956",540,"2025-02-23 11:00:00",-5,-5,100,0,NA,0,0,NA,1022,NA,1,2025-02-23 11:00:00,102.2,10.4215384
"4957",541,"2025-02-23 12:00:00",-5,-5,100,0,NA,0,0,NA,1022,NA,1,2025-02-23 12:00:00,102.2,10.4215384
"4958",542,"2025-02-23 13:00:00",-3,-3,100,0,NA,0,0,NA,1023,NA,1,2025-02-23 13:00:00,102.3,10.4317356
"4959",543,"2025-02-23 14:00:00",2,-2.9,70,0,NA,222,10.4,NA,1023,NA,1,2025-02-23 14:00:00,102.3,10.4317356
"4960",544,"2025-02-23 15:00:00",6,-2.9,53,0,NA,0,0,NA,1022,NA,1,2025-02-23 15:00:00,102.2,10.4215384
"4961",545,"2025-02-23 16:00:00",8,-2.9,46,0,NA,250,13,NA,1022,NA,1,2025-02-23 16:00:00,102.2,10.4215384
"4962",546,"2025-02-23 17:00:00",10,-1.1,46,0,NA,230,7.6,NA,1021,NA,1,2025-02-23 17:00:00,102.1,10.4113412
"4963",547,"2025-02-23 18:00:00",11,-1.1,43,0,NA,220,6,NA,1020,NA,1,2025-02-23 18:00:00,102,10.401144
"4964",548,"2025-02-23 19:00:00",12,-0.9,41,0,NA,224,5.8,NA,1019,NA,1,2025-02-23 19:00:00,101.9,10.3909468
"4965",549,"2025-02-23 20:00:00",13,0,41,0,NA,0,0,NA,1018,NA,1,2025-02-23 20:00:00,101.8,10.3807496
"4966",550,"2025-02-23 21:00:00",14,1.9,44,0,NA,0,0,NA,1018,NA,1,2025-02-23 21:00:00,101.8,10.3807496
"4967",551,"2025-02-23 22:00:00",14,1.9,44,0,NA,220,7,NA,1017,NA,3,2025-02-23 22:00:00,101.7,10.3705524
"4968",552,"2025-02-23 23:00:00",13,1,44,0,NA,230,5.4,NA,1017,NA,3,2025-02-23 23:00:00,101.7,10.3705524
"4969",553,"2025-02-24 00:00:00",10,1.1,54,0,NA,180,7,NA,1018,NA,1,2025-02-24,101.8,10.3807496
"4970",554,"2025-02-24 01:00:00",9,0.9,57,0,NA,190,5.4,NA,1018,NA,1,2025-02-24 01:00:00,101.8,10.3807496
"4971",555,"2025-02-24 02:00:00",5,0,70,0,NA,170,7.6,NA,1018,NA,1,2025-02-24 02:00:00,101.8,10.3807496
"4972",556,"2025-02-24 03:00:00",1.9,-2.2,74,0,NA,187,12.2,NA,1018.6,NA,1,2025-02-24 03:00:00,101.86,10.38686792
"4973",557,"2025-02-24 04:00:00",1.8,-2.9,71,0,NA,196,12.2,NA,1019.1,NA,1,2025-02-24 04:00:00,101.91,10.39196652
"4974",558,"2025-02-24 05:00:00",2.2,-2.5,71,0,NA,204,11.9,NA,1019.1,NA,1,2025-02-24 05:00:00,101.91,10.39196652
"4975",559,"2025-02-24 06:00:00",2.4,-2.1,72,0,NA,206,12.6,NA,1018.7,NA,1,2025-02-24 06:00:00,101.87,10.38788764
"4976",560,"2025-02-24 07:00:00",2.5,-2,72,0,NA,207,13.7,NA,1018.4,NA,1,2025-02-24 07:00:00,101.84,10.38482848
"4977",561,"2025-02-24 08:00:00",3,-2.3,68,0,NA,206,13.7,NA,1017.7,NA,1,2025-02-24 08:00:00,101.77,10.37769044
"4978",562,"2025-02-24 09:00:00",2.8,-1.9,71,0,NA,207,15.1,NA,1017.3,NA,1,2025-02-24 09:00:00,101.73,10.37361156
"4979",563,"2025-02-24 10:00:00",3,-1.7,71,0,NA,211,16.9,NA,1017,NA,1,2025-02-24 10:00:00,101.7,10.3705524
"4980",564,"2025-02-24 11:00:00",1,1,100,0,NA,200,7.6,NA,1016,NA,1,2025-02-24 11:00:00,101.6,10.3603552
"4981",565,"2025-02-24 12:00:00",1,1,100,0,NA,0,0,NA,1017,NA,2,2025-02-24 12:00:00,101.7,10.3705524
"4982",566,"2025-02-24 13:00:00",6,3,81,0,NA,210,11,NA,1018,NA,2,2025-02-24 13:00:00,101.8,10.3807496
"4983",567,"2025-02-24 14:00:00",8,4,76,0,NA,240,13,NA,1018,NA,2,2025-02-24 14:00:00,101.8,10.3807496
"4984",568,"2025-02-24 15:00:00",10,7.1,82,0,NA,230,20.5,NA,1017,NA,3,2025-02-24 15:00:00,101.7,10.3705524
"4985",569,"2025-02-24 16:00:00",12,9,82,0,NA,210,16.6,NA,1017,NA,3,2025-02-24 16:00:00,101.7,10.3705524
"4986",570,"2025-02-24 17:00:00",14,9,72,0,NA,220,20.5,NA,1016,NA,3,2025-02-24 17:00:00,101.6,10.3603552
"4987",571,"2025-02-24 18:00:00",16,9,63,0,NA,230,18.4,NA,1015,NA,3,2025-02-24 18:00:00,101.5,10.350158
"4988",572,"2025-02-24 19:00:00",18,9.1,56,0,NA,220,19,NA,1014,NA,3,2025-02-24 19:00:00,101.4,10.3399608
"4989",573,"2025-02-24 20:00:00",19,7.1,46,0,NA,240,16.6,NA,1013,NA,3,2025-02-24 20:00:00,101.3,10.3297636
"4990",574,"2025-02-24 21:00:00",19,8,49,0,NA,220,16.6,NA,1013,NA,3,2025-02-24 21:00:00,101.3,10.3297636
"4991",575,"2025-02-24 22:00:00",19,7.1,46,0,NA,230,18.4,NA,1013,NA,1,2025-02-24 22:00:00,101.3,10.3297636
"4992",576,"2025-02-24 23:00:00",17,7.9,55,0,NA,220,9.4,NA,1013,NA,1,2025-02-24 23:00:00,101.3,10.3297636
"4993",577,"2025-02-25 00:00:00",11.9,6.4,69,0,NA,228,14.4,NA,1013,NA,2,2025-02-25,101.3,10.3297636
"4994",578,"2025-02-25 01:00:00",10,6.7,80,0,NA,219,16.2,NA,1013.4,NA,3,2025-02-25 01:00:00,101.34,10.33384248
"4995",579,"2025-02-25 02:00:00",9.7,6.2,79,0,NA,217,18,NA,1013.2,NA,2,2025-02-25 02:00:00,101.32,10.33180304
"4996",580,"2025-02-25 03:00:00",9.7,5.3,74,0,NA,230,18,NA,1013.6,NA,1,2025-02-25 03:00:00,101.36,10.33588192
"4997",581,"2025-02-25 04:00:00",8.9,5.3,78,0,NA,245,17.6,NA,1014.6,NA,3,2025-02-25 04:00:00,101.46,10.34607912
"4998",582,"2025-02-25 05:00:00",8.4,5.1,80,0,NA,235,17.3,NA,1014.6,NA,1,2025-02-25 05:00:00,101.46,10.34607912
"4999",583,"2025-02-25 06:00:00",7.7,5.5,86,0,NA,244,16.2,NA,1014.7,NA,2,2025-02-25 06:00:00,101.47,10.34709884
"5000",584,"2025-02-25 07:00:00",6.9,5.4,90,0,NA,248,14.4,NA,1014.8,NA,1,2025-02-25 07:00:00,101.48,10.34811856
"5001",585,"2025-02-25 08:00:00",6,4.8,92,0,NA,258,11.9,NA,1015.4,NA,1,2025-02-25 08:00:00,101.54,10.35423688
"5002",586,"2025-02-25 09:00:00",4.6,4,96,0,NA,267,11.5,NA,1015.1,NA,1,2025-02-25 09:00:00,101.51,10.35117772
"5003",587,"2025-02-25 10:00:00",3.5,2.5,93,0,NA,246,8.3,NA,1014.5,NA,1,2025-02-25 10:00:00,101.45,10.3450594
"5004",588,"2025-02-25 11:00:00",2.3,1.4,94,0,NA,234,6.1,NA,1014.9,NA,1,2025-02-25 11:00:00,101.49,10.34913828
"5005",589,"2025-02-25 12:00:00",2,1.3,95,0,NA,224,3.2,NA,1015.6,NA,1,2025-02-25 12:00:00,101.56,10.35627632
"5006",590,"2025-02-25 13:00:00",2,1.3,95,0,NA,234,1.8,NA,1016.1,NA,1,2025-02-25 13:00:00,101.61,10.36137492
"5007",591,"2025-02-25 14:00:00",4.5,3.2,91,0,NA,166,1.4,NA,1016.7,NA,1,2025-02-25 14:00:00,101.67,10.36749324
"5008",592,"2025-02-25 15:00:00",15,11,77,0,NA,306,3.6,NA,1017,NA,1,2025-02-25 15:00:00,101.7,10.3705524
"5009",593,"2025-02-25 16:00:00",17,11.1,68,0,NA,230,5.4,NA,1017,NA,2,2025-02-25 16:00:00,101.7,10.3705524
"5010",594,"2025-02-25 17:00:00",20,10.1,53,0,NA,230,6,NA,1016,NA,1,2025-02-25 17:00:00,101.6,10.3603552
"5011",595,"2025-02-25 18:00:00",20,10.1,53,0,NA,210,6,NA,1015,NA,1,2025-02-25 18:00:00,101.5,10.350158
"5012",596,"2025-02-25 19:00:00",22,10.2,47,0,NA,200,13,NA,1014,NA,1,2025-02-25 19:00:00,101.4,10.3399608
"5013",597,"2025-02-25 20:00:00",23,11.1,47,0,NA,220,16.6,NA,1013,NA,1,2025-02-25 20:00:00,101.3,10.3297636
"5014",598,"2025-02-25 21:00:00",24,7,41,0,NA,260,11.2,NA,1012.4,NA,1,2025-02-25 21:00:00,101.24,10.32364528
"5015",599,"2025-02-25 22:00:00",24,7.2,34,0,NA,210,13,NA,1012,NA,1,2025-02-25 22:00:00,101.2,10.3195664
"5016",600,"2025-02-25 23:00:00",20,8,46,0,NA,200,9,NA,1012,NA,1,2025-02-25 23:00:00,101.2,10.3195664
"5017",601,"2025-02-26 00:00:00",19,8,49,0,NA,180,11.2,NA,1012,NA,1,2025-02-26,101.2,10.3195664
"5018",602,"2025-02-26 01:00:00",17,7.9,55,0,NA,160,7.6,NA,1012,NA,1,2025-02-26 01:00:00,101.2,10.3195664
"5019",603,"2025-02-26 02:00:00",16,9,63,0,NA,0,0,NA,1012,NA,1,2025-02-26 02:00:00,101.2,10.3195664
"5020",604,"2025-02-26 03:00:00",10.6,5.8,72,0,NA,182,12.6,NA,1011.9,NA,3,2025-02-26 03:00:00,101.19,10.31854668
"5021",605,"2025-02-26 04:00:00",11.6,6.5,71,0,NA,179,14.8,NA,1012,NA,3,2025-02-26 04:00:00,101.2,10.3195664
"5022",606,"2025-02-26 05:00:00",12,6.7,70,0,NA,187,15.5,NA,1012.2,NA,3,2025-02-26 05:00:00,101.22,10.32160584
"5023",607,"2025-02-26 06:00:00",11.4,6.7,73,0,NA,196,16.6,NA,1011.7,NA,3,2025-02-26 06:00:00,101.17,10.31650724
"5024",608,"2025-02-26 07:00:00",10.7,6.6,76,0,NA,201,16.9,NA,1011.4,NA,1,2025-02-26 07:00:00,101.14,10.31344808
"5025",609,"2025-02-26 08:00:00",9.8,6.3,79,0,NA,198,14.4,NA,1011.2,NA,1,2025-02-26 08:00:00,101.12,10.31140864
"5026",610,"2025-02-26 09:00:00",9.2,6.1,81,0,NA,193,14.4,NA,1010.6,NA,1,2025-02-26 09:00:00,101.06,10.30529032
"5027",611,"2025-02-26 10:00:00",9.1,6.4,83,0,NA,190,14.4,NA,1010.2,NA,1,2025-02-26 10:00:00,101.02,10.30121144
"5028",612,"2025-02-26 11:00:00",12,12,100,0,NA,170,7.6,NA,1010,NA,2,2025-02-26 11:00:00,101,10.299172
"5029",613,"2025-02-26 12:00:00",11,11,100,0,NA,0,0,NA,1011,NA,3,2025-02-26 12:00:00,101.1,10.3093692
"5030",614,"2025-02-26 13:00:00",12,12,100,0,NA,211,12.2,NA,1012,NA,3,2025-02-26 13:00:00,101.2,10.3195664
"5031",615,"2025-02-26 14:00:00",16,12.9,82,0,NA,300,5.4,NA,1012,NA,2,2025-02-26 14:00:00,101.2,10.3195664
"5032",616,"2025-02-26 15:00:00",18,13.1,73,0,NA,220,13,NA,1012,NA,1,2025-02-26 15:00:00,101.2,10.3195664
"5033",617,"2025-02-26 16:00:00",19,13,68,0,NA,270,13,NA,1013,NA,2,2025-02-26 16:00:00,101.3,10.3297636
"5034",618,"2025-02-26 17:00:00",20,13.9,68,0,NA,300,16.6,NA,1013,NA,3,2025-02-26 17:00:00,101.3,10.3297636
"5035",619,"2025-02-26 18:00:00",20,13.9,68,0,NA,30,7.6,NA,1012,NA,3,2025-02-26 18:00:00,101.2,10.3195664
"5036",620,"2025-02-26 19:00:00",21,12.9,60,0,NA,340,15,NA,1012,NA,3,2025-02-26 19:00:00,101.2,10.3195664
"5037",621,"2025-02-26 20:00:00",21,12.9,60,0,NA,360,9.4,NA,1012,NA,3,2025-02-26 20:00:00,101.2,10.3195664
"5038",622,"2025-02-26 21:00:00",20,10.1,53,0,NA,340,27.7,NA,1012,NA,3,2025-02-26 21:00:00,101.2,10.3195664
"5039",623,"2025-02-26 22:00:00",18,7.1,49,0,NA,340,26,NA,1014,NA,3,2025-02-26 22:00:00,101.4,10.3399608
"5040",624,"2025-02-26 23:00:00",16,4.1,45,0,NA,350,24.1,NA,1015,NA,3,2025-02-26 23:00:00,101.5,10.350158
"5041",625,"2025-02-27 00:00:00",14,6.1,59,0,NA,330,14.8,NA,1016,NA,3,2025-02-27,101.6,10.3603552
"5042",626,"2025-02-27 01:00:00",13,6.1,63,0,NA,330,13,NA,1018,NA,3,2025-02-27 01:00:00,101.8,10.3807496
"5043",627,"2025-02-27 02:00:00",13,4.9,58,0,NA,320,11.2,NA,1018,NA,3,2025-02-27 02:00:00,101.8,10.3807496
"5044",628,"2025-02-27 03:00:00",9.4,2.7,63,0,NA,344,12.6,NA,1018.2,NA,3,2025-02-27 03:00:00,101.82,10.38278904
"5045",629,"2025-02-27 04:00:00",8.3,2.3,66,0,NA,349,10.4,NA,1019.5,NA,3,2025-02-27 04:00:00,101.95,10.3960454
"5046",630,"2025-02-27 05:00:00",7.4,2.1,69,0,NA,348,9.4,NA,1020,NA,3,2025-02-27 05:00:00,102,10.401144
"5047",631,"2025-02-27 06:00:00",7.1,1.8,69,0,NA,342,10.8,NA,1020.4,NA,3,2025-02-27 06:00:00,102.04,10.40522288
"5048",632,"2025-02-27 07:00:00",6.6,1.1,68,0,NA,355,11.2,NA,1020.8,NA,3,2025-02-27 07:00:00,102.08,10.40930176
"5049",633,"2025-02-27 08:00:00",5.4,1.1,74,0,NA,346,9.4,NA,1020.9,NA,3,2025-02-27 08:00:00,102.09,10.41032148
"5050",634,"2025-02-27 09:00:00",4.7,1,77,0,NA,338,8.6,NA,1020.9,NA,3,2025-02-27 09:00:00,102.09,10.41032148
"5051",635,"2025-02-27 10:00:00",3.7,0.4,79,0,NA,333,8.3,NA,1021,NA,3,2025-02-27 10:00:00,102.1,10.4113412
"5052",636,"2025-02-27 11:00:00",5,3,87,0,NA,330,5.4,NA,1022,NA,2,2025-02-27 11:00:00,102.2,10.4215384
"5053",637,"2025-02-27 12:00:00",5,3,87,0,NA,340,5.4,NA,1023,NA,1,2025-02-27 12:00:00,102.3,10.4317356
"5054",638,"2025-02-27 13:00:00",8,3.1,71,0,NA,300,9,NA,1024,NA,1,2025-02-27 13:00:00,102.4,10.4419328
"5055",639,"2025-02-27 14:00:00",10,3.9,66,0,NA,310,14.8,NA,1024,NA,1,2025-02-27 14:00:00,102.4,10.4419328
"5056",640,"2025-02-27 15:00:00",13,3.9,54,0,NA,300,17,NA,1025,NA,1,2025-02-27 15:00:00,102.5,10.45213
"5057",641,"2025-02-27 16:00:00",16,4.1,45,0,NA,320,18.4,NA,1025,NA,1,2025-02-27 16:00:00,102.5,10.45213
"5058",642,"2025-02-27 17:00:00",17,2.9,39,0,NA,320,18.4,NA,1024,NA,1,2025-02-27 17:00:00,102.4,10.4419328
"5059",643,"2025-02-27 18:00:00",17,2.9,39,0,NA,340,11,NA,1024,NA,1,2025-02-27 18:00:00,102.4,10.4419328
"5060",644,"2025-02-27 19:00:00",18,1.9,34,0,NA,340,20.5,NA,1023,NA,1,2025-02-27 19:00:00,102.3,10.4317356
"5061",645,"2025-02-27 20:00:00",19,1,30,0,NA,300,18.4,NA,1022,NA,1,2025-02-27 20:00:00,102.2,10.4215384
"5062",646,"2025-02-27 21:00:00",18,1.1,32,0,NA,280,18.4,NA,1022,NA,1,2025-02-27 21:00:00,102.2,10.4215384
"5063",647,"2025-02-27 22:00:00",17,1,34,0,NA,290,19,NA,1022,NA,1,2025-02-27 22:00:00,102.2,10.4215384
"5064",648,"2025-02-27 23:00:00",16,0.9,36,0,NA,310,14.8,NA,1021,NA,1,2025-02-27 23:00:00,102.1,10.4113412
"5065",649,"2025-02-28 00:00:00",14,0.9,41,0,NA,310,5.4,NA,1022,NA,1,2025-02-28,102.2,10.4215384
"5066",650,"2025-02-28 01:00:00",10,3.1,62,0,NA,0,0,NA,1022,NA,1,2025-02-28 01:00:00,102.2,10.4215384
"5067",651,"2025-02-28 02:00:00",8,3.1,71,0,NA,0,0,NA,1022,NA,1,2025-02-28 02:00:00,102.2,10.4215384
"5068",652,"2025-02-28 03:00:00",6.5,0.6,66,0,NA,267,7.2,NA,1021.6,NA,1,2025-02-28 03:00:00,102.16,10.41745952
"5069",653,"2025-02-28 04:00:00",5.8,0.1,67,0,NA,258,6.8,NA,1021.8,NA,1,2025-02-28 04:00:00,102.18,10.41949896
"5070",654,"2025-02-28 05:00:00",5,-0.2,69,0,NA,231,7.6,NA,1021.5,NA,1,2025-02-28 05:00:00,102.15,10.4164398
"5071",655,"2025-02-28 06:00:00",4.6,-0.4,70,0,NA,222,9.7,NA,1021.1,NA,1,2025-02-28 06:00:00,102.11,10.41236092
"5072",656,"2025-02-28 07:00:00",4.4,-0.8,69,0,NA,221,10.8,NA,1020.7,NA,1,2025-02-28 07:00:00,102.07,10.40828204
"5073",657,"2025-02-28 08:00:00",4.8,-1.9,62,0,NA,220,11.9,NA,1019.7,NA,1,2025-02-28 08:00:00,101.97,10.39808484
"5074",658,"2025-02-28 09:00:00",5.4,-2.4,57,0,NA,222,13.7,NA,1018.9,NA,1,2025-02-28 09:00:00,101.89,10.38992708
"5075",659,"2025-02-28 10:00:00",5.9,-3,53,0,NA,224,14.4,NA,1018.3,NA,1,2025-02-28 10:00:00,101.83,10.38380876
"5076",660,"2025-02-28 11:00:00",2,1,93,0,NA,0,0,NA,1018,NA,1,2025-02-28 11:00:00,101.8,10.3807496
"5077",661,"2025-02-28 12:00:00",2,1,93,0,NA,227,16.6,NA,1017,NA,1,2025-02-28 12:00:00,101.7,10.3705524
"5078",662,"2025-02-28 13:00:00",5,0.9,75,0,NA,180,9,NA,1017,NA,1,2025-02-28 13:00:00,101.7,10.3705524
"5079",663,"2025-02-28 14:00:00",13,1,44,0,NA,220,16.6,NA,1017,NA,1,2025-02-28 14:00:00,101.7,10.3705524
"5080",664,"2025-02-28 15:00:00",17,1,34,0,NA,230,29.5,NA,1016,NA,1,2025-02-28 15:00:00,101.6,10.3603552
"5081",665,"2025-02-28 16:00:00",19,1,30,0,NA,240,25.9,NA,1016,NA,1,2025-02-28 16:00:00,101.6,10.3603552
"5082",666,"2025-02-28 17:00:00",19,1.9,32,0,NA,230,22.3,NA,1015,NA,1,2025-02-28 17:00:00,101.5,10.350158
"5083",667,"2025-02-28 18:00:00",21,3.2,31,0,NA,240,31.7,NA,1014,NA,1,2025-02-28 18:00:00,101.4,10.3399608
"5084",668,"2025-02-28 19:00:00",22,4.1,31,0,NA,240,20,NA,1013,NA,1,2025-02-28 19:00:00,101.3,10.3297636
"5085",669,"2025-02-28 20:00:00",22,4.1,31,0,NA,240,35.3,NA,1012,NA,1,2025-02-28 20:00:00,101.2,10.3195664
"5086",670,"2025-02-28 21:00:00",22,3.1,29,0,NA,240,27.7,NA,1011,NA,1,2025-02-28 21:00:00,101.1,10.3093692
"5087",671,"2025-02-28 22:00:00",22,3.1,29,0,NA,240,18.4,NA,1012,NA,1,2025-02-28 22:00:00,101.2,10.3195664
"5088",672,"2025-02-28 23:00:00",21,3.2,31,0,NA,240,13,NA,1012,NA,1,2025-02-28 23:00:00,101.2,10.3195664
"5089",1,"2025-03-01 00:00:00",14.8,3.9,48,0,NA,268,13,NA,1011.5,NA,1,2025-03-01,101.15,10.3144678
"5090",2,"2025-03-01 01:00:00",19,3.2,35,0,NA,260,13,NA,1012,NA,1,2025-03-01 01:00:00,101.2,10.3195664
"5091",3,"2025-03-01 02:00:00",14,1.9,44,0,NA,0,0,NA,1013,NA,1,2025-03-01 02:00:00,101.3,10.3297636
"5092",4,"2025-03-01 03:00:00",9.7,2.5,61,0,NA,317,12.6,NA,1013.9,NA,1,2025-03-01 03:00:00,101.39,10.33894108
"5093",5,"2025-03-01 04:00:00",8.5,1.9,63,0,NA,312,10.8,NA,1014.3,NA,1,2025-03-01 04:00:00,101.43,10.34301996
"5094",6,"2025-03-01 05:00:00",10.6,1.9,55,0,NA,358,15.8,NA,1015.2,NA,1,2025-03-01 05:00:00,101.52,10.35219744
"5095",7,"2025-03-01 06:00:00",9.4,0.6,54,0,NA,4,14.8,NA,1015.9,NA,2,2025-03-01 06:00:00,101.59,10.35933548
"5096",8,"2025-03-01 07:00:00",8.2,-0.8,53,0,NA,9,14,NA,1017,NA,1,2025-03-01 07:00:00,101.7,10.3705524
"5097",9,"2025-03-01 08:00:00",6.7,-1.5,56,0,NA,14,10.8,NA,1017.4,NA,1,2025-03-01 08:00:00,101.74,10.37463128
"5098",10,"2025-03-01 09:00:00",5,-1.2,64,0,NA,11,9,NA,1017.5,NA,1,2025-03-01 09:00:00,101.75,10.375651
"5099",11,"2025-03-01 10:00:00",4.6,-1.8,63,0,NA,27,7.9,NA,1017.9,NA,1,2025-03-01 10:00:00,101.79,10.37972988
"5100",12,"2025-03-01 11:00:00",4,-2.1,66,0,NA,30,7.6,NA,1018,NA,1,2025-03-01 11:00:00,101.8,10.3807496
"5101",13,"2025-03-01 12:00:00",8,0,57,0,NA,20,26,NA,1019,NA,1,2025-03-01 12:00:00,101.9,10.3909468
"5102",14,"2025-03-01 13:00:00",8,0.9,61,0,NA,40,9.4,NA,1020,NA,1,2025-03-01 13:00:00,102,10.401144
"5103",15,"2025-03-01 14:00:00",10,1.1,54,0,NA,30,19,NA,1021,NA,1,2025-03-01 14:00:00,102.1,10.4113412
"5104",16,"2025-03-01 15:00:00",12,1.9,50,0,NA,20,20.5,NA,1021,NA,1,2025-03-01 15:00:00,102.1,10.4113412
"5105",17,"2025-03-01 16:00:00",14,-0.8,36,0,NA,360,20.5,NA,1022,NA,3,2025-03-01 16:00:00,102.2,10.4215384
"5106",18,"2025-03-01 17:00:00",14,-0.1,38,0,NA,30,14.8,NA,1021,NA,3,2025-03-01 17:00:00,102.1,10.4113412
"5107",19,"2025-03-01 18:00:00",14,-0.1,38,0,NA,360,20.5,NA,1021,NA,3,2025-03-01 18:00:00,102.1,10.4113412
"5108",20,"2025-03-01 19:00:00",16,0.1,34,0,NA,320,20,NA,1020,NA,3,2025-03-01 19:00:00,102,10.401144
"5109",21,"2025-03-01 20:00:00",16,0.1,34,0,NA,350,11.2,NA,1020,NA,2,2025-03-01 20:00:00,102,10.401144
"5110",22,"2025-03-01 21:00:00",15,0,36,0,NA,360,13,NA,1020,NA,3,2025-03-01 21:00:00,102,10.401144
"5111",23,"2025-03-01 22:00:00",15,1.1,39,0,NA,360,17,NA,1021,NA,3,2025-03-01 22:00:00,102.1,10.4113412
"5112",24,"2025-03-01 23:00:00",13,0,41,0,NA,20,18.4,NA,1021,NA,2,2025-03-01 23:00:00,102.1,10.4113412
"5113",25,"2025-03-02 00:00:00",11,1,50,0,NA,10,11.2,NA,1021,NA,2,2025-03-02,102.1,10.4113412
"5114",26,"2025-03-02 01:00:00",7.3,-1.7,0,0,NA,20,7,NA,1022,NA,2,2025-03-02 01:00:00,102.2,10.4215384
"5115",27,"2025-03-02 02:00:00",8,0.9,61,0,NA,60,7.6,NA,1022,NA,3,2025-03-02 02:00:00,102.2,10.4215384
"5116",28,"2025-03-02 03:00:00",5.4,-2.9,55,0,NA,68,13,NA,1022.7,NA,3,2025-03-02 03:00:00,102.27,10.42867644
"5117",29,"2025-03-02 04:00:00",4.6,-3.7,55,0,NA,71,14,NA,1023.5,NA,1,2025-03-02 04:00:00,102.35,10.4368342
"5118",30,"2025-03-02 05:00:00",3.7,-4.5,55,0,NA,86,12.6,NA,1023.7,NA,1,2025-03-02 05:00:00,102.37,10.43887364
"5119",31,"2025-03-02 06:00:00",2.9,-5,56,0,NA,88,13,NA,1023.7,NA,1,2025-03-02 06:00:00,102.37,10.43887364
"5120",32,"2025-03-02 07:00:00",2.4,-5.5,56,0,NA,81,13.3,NA,1023.9,NA,1,2025-03-02 07:00:00,102.39,10.44091308
"5121",33,"2025-03-02 08:00:00",2,-5.4,58,0,NA,81,14.4,NA,1023.8,NA,1,2025-03-02 08:00:00,102.38,10.43989336
"5122",34,"2025-03-02 09:00:00",1.5,-5.4,60,0,NA,92,14.4,NA,1023.8,NA,1,2025-03-02 09:00:00,102.38,10.43989336
"5123",35,"2025-03-02 10:00:00",1,-5.7,61,0,NA,94,13.3,NA,1023.8,NA,1,2025-03-02 10:00:00,102.38,10.43989336
"5124",36,"2025-03-02 11:00:00",2,-5,60,0,NA,90,7,NA,1021,NA,1,2025-03-02 11:00:00,102.1,10.4113412
"5125",37,"2025-03-02 12:00:00",1,-5.1,64,0,NA,90,11,NA,1021,NA,1,2025-03-02 12:00:00,102.1,10.4113412
"5126",38,"2025-03-02 13:00:00",3,-4,60,0,NA,100,9.4,NA,1022,NA,2,2025-03-02 13:00:00,102.2,10.4215384
"5127",39,"2025-03-02 14:00:00",6,-2.9,53,0,NA,100,11,NA,1022,NA,1,2025-03-02 14:00:00,102.2,10.4215384
"5128",40,"2025-03-02 15:00:00",9,-0.9,50,0,NA,90,15,NA,1022,NA,1,2025-03-02 15:00:00,102.2,10.4215384
"5129",41,"2025-03-02 16:00:00",12,0.1,44,0,NA,120,13,NA,1022,NA,1,2025-03-02 16:00:00,102.2,10.4215384
"5130",42,"2025-03-02 17:00:00",13,1,44,0,NA,110,15,NA,1021,NA,3,2025-03-02 17:00:00,102.1,10.4113412
"5131",43,"2025-03-02 18:00:00",15,1.1,39,0,NA,150,13,NA,1020,NA,3,2025-03-02 18:00:00,102,10.401144
"5132",44,"2025-03-02 19:00:00",17,2.2,37,0,NA,100,11,NA,1019,NA,3,2025-03-02 19:00:00,101.9,10.3909468
"5133",45,"2025-03-02 20:00:00",17,2.2,37,0,NA,140,17,NA,1018,NA,3,2025-03-02 20:00:00,101.8,10.3807496
"5134",46,"2025-03-02 21:00:00",17,2.2,37,0,NA,140,16.6,NA,1018,NA,3,2025-03-02 21:00:00,101.8,10.3807496
"5135",47,"2025-03-02 22:00:00",16,2,39,0,NA,140,16.6,NA,1018,NA,3,2025-03-02 22:00:00,101.8,10.3807496
"5136",48,"2025-03-02 23:00:00",14,0.9,41,0,NA,150,11,NA,1018,NA,3,2025-03-02 23:00:00,101.8,10.3807496
"5137",49,"2025-03-03 00:00:00",12,0.1,44,0,NA,150,13,NA,1018,NA,3,2025-03-03,101.8,10.3807496
"5138",50,"2025-03-03 01:00:00",11,0.1,47,0,NA,140,9.4,NA,1018,NA,3,2025-03-03 01:00:00,101.8,10.3807496
"5139",51,"2025-03-03 02:00:00",10,0,50,0,NA,140,11.2,NA,1018,NA,3,2025-03-03 02:00:00,101.8,10.3807496
"5140",52,"2025-03-03 03:00:00",7.8,-2,50,0,NA,139,16.6,NA,1019.2,NA,3,2025-03-03 03:00:00,101.92,10.39298624
"5141",53,"2025-03-03 04:00:00",7.7,-2.1,50,0,NA,144,16.9,NA,1019.6,NA,3,2025-03-03 04:00:00,101.96,10.39706512
"5142",54,"2025-03-03 05:00:00",7.2,0.2,61,0.4,NA,151,22.3,NA,1019.3,NA,8,2025-03-03 05:00:00,101.93,10.39400596
"5143",55,"2025-03-03 06:00:00",6.7,2.4,74,0.2,NA,160,24.5,NA,1018.4,NA,7,2025-03-03 06:00:00,101.84,10.38482848
"5144",56,"2025-03-03 07:00:00",7.7,-1,54,0,NA,163,26.6,NA,1017.4,NA,3,2025-03-03 07:00:00,101.74,10.37463128
"5145",57,"2025-03-03 08:00:00",7.3,-2.7,49,0,NA,166,25.2,NA,1017.1,NA,3,2025-03-03 08:00:00,101.71,10.37157212
"5146",58,"2025-03-03 09:00:00",6.8,-2.9,50,0,NA,170,23.8,NA,1017.3,NA,1,2025-03-03 09:00:00,101.73,10.37361156
"5147",59,"2025-03-03 10:00:00",6.4,-2.5,53,0,NA,156,21.6,NA,1017.1,NA,1,2025-03-03 10:00:00,101.71,10.37157212
"5148",60,"2025-03-03 11:00:00",7,1.1,66,0,NA,110,13,NA,1015,NA,1,2025-03-03 11:00:00,101.5,10.350158
"5149",61,"2025-03-03 12:00:00",8,3.1,71,0,NA,120,9,NA,1015,NA,2,2025-03-03 12:00:00,101.5,10.350158
"5150",62,"2025-03-03 13:00:00",9,4,71,0,NA,160,14.8,NA,1015,NA,1,2025-03-03 13:00:00,101.5,10.350158
"5151",63,"2025-03-03 14:00:00",13,7,67,0,NA,160,22.3,NA,1015,NA,2,2025-03-03 14:00:00,101.5,10.350158
"5152",64,"2025-03-03 15:00:00",14,7.1,63,0,NA,160,25.9,NA,1016,NA,3,2025-03-03 15:00:00,101.6,10.3603552
"5153",65,"2025-03-03 16:00:00",14,8,67,0,NA,180,29.5,NA,1015,NA,3,2025-03-03 16:00:00,101.5,10.350158
"5154",66,"2025-03-03 17:00:00",16,8,59,0,NA,150,24,NA,1014,NA,3,2025-03-03 17:00:00,101.4,10.3399608
"5155",67,"2025-03-03 18:00:00",18,10.1,60,0,NA,150,20.5,NA,1013,NA,3,2025-03-03 18:00:00,101.3,10.3297636
"5156",68,"2025-03-03 19:00:00",18,10.1,60,0,NA,150,18.4,NA,1012,NA,3,2025-03-03 19:00:00,101.2,10.3195664
"5157",69,"2025-03-03 20:00:00",17,9.9,63,0,NA,160,25.9,NA,1011,NA,3,2025-03-03 20:00:00,101.1,10.3093692
"5158",70,"2025-03-03 21:00:00",16,10.1,68,0,NA,160,24.1,NA,1011,NA,3,2025-03-03 21:00:00,101.1,10.3093692
"5159",71,"2025-03-03 22:00:00",15,10,72,0,NA,140,14.8,NA,1010,NA,3,2025-03-03 22:00:00,101,10.299172
"5160",72,"2025-03-03 23:00:00",15,10,72,0,NA,150,17,NA,1010,NA,3,2025-03-03 23:00:00,101,10.299172
"5161",73,"2025-03-04 00:00:00",13,11.1,88,0,NA,150,22.3,NA,1009,NA,3,2025-03-04,100.9,10.2889748
"5162",74,"2025-03-04 01:00:00",13,12.1,94,0,NA,150,16.6,NA,1009,NA,3,2025-03-04 01:00:00,100.9,10.2889748
"5163",75,"2025-03-04 02:00:00",13,13,100,0,NA,140,20.5,NA,1008,NA,3,2025-03-04 02:00:00,100.8,10.2787776
"5164",76,"2025-03-04 03:00:00",12.7,6.9,68,0,NA,160,31,NA,1007.4,NA,3,2025-03-04 03:00:00,100.74,10.27265928
"5165",77,"2025-03-04 04:00:00",12,7.3,73,0,NA,159,31.7,NA,1006.1,NA,3,2025-03-04 04:00:00,100.61,10.25940292
"5166",78,"2025-03-04 05:00:00",12.9,7.6,70,0,NA,169,31,NA,1005.6,NA,3,2025-03-04 05:00:00,100.56,10.25430432
"5167",79,"2025-03-04 06:00:00",13.2,7.6,69,0,NA,169,31,NA,1004.8,NA,3,2025-03-04 06:00:00,100.48,10.24614656
"5168",80,"2025-03-04 07:00:00",13,8.3,73,0,NA,167,31.7,NA,1004.2,NA,3,2025-03-04 07:00:00,100.42,10.24002824
"5169",81,"2025-03-04 08:00:00",12.7,9.5,81,0.2,NA,168,36,NA,1002.6,NA,7,2025-03-04 08:00:00,100.26,10.22371272
"5170",82,"2025-03-04 09:00:00",13.8,10.2,79,0.2,NA,163,31.7,NA,1001.2,NA,7,2025-03-04 09:00:00,100.12,10.20943664
"5171",83,"2025-03-04 10:00:00",13.8,10.6,81,0,NA,161,35.3,NA,999.9,NA,3,2025-03-04 10:00:00,99.99,10.19618028
"5172",84,"2025-03-04 11:00:00",14,14,100,0,NA,130,9.4,NA,1001,NA,3,2025-03-04 11:00:00,100.1,10.2073972
"5173",85,"2025-03-04 12:00:00",15,15,100,0.1,NA,140,24,NA,997,NA,7,2025-03-04 12:00:00,99.7,10.1666084
"5174",86,"2025-03-04 13:00:00",14,14,100,0.2,NA,130,18.4,NA,997,NA,7,2025-03-04 13:00:00,99.7,10.1666084
"5175",87,"2025-03-04 14:00:00",12,12,100,0.8,NA,120,18.4,NA,995,NA,5,2025-03-04 14:00:00,99.5,10.146214
"5176",88,"2025-03-04 15:00:00",13,13,100,0.6,NA,210,25.9,NA,996,NA,5,2025-03-04 15:00:00,99.6,10.1564112
"5177",89,"2025-03-04 16:00:00",11,11,100,2.9,NA,250,16.6,NA,997,NA,5,2025-03-04 16:00:00,99.7,10.1666084
"5178",90,"2025-03-04 17:00:00",11,11,100,2.6,NA,100,18.4,NA,993,NA,5,2025-03-04 17:00:00,99.3,10.1258196
"5179",91,"2025-03-04 18:00:00",12,12,100,2.7,NA,140,14.8,NA,991,NA,9,2025-03-04 18:00:00,99.1,10.1054252
"5180",92,"2025-03-04 19:00:00",14,14,100,0,NA,210,33,NA,991,NA,3,2025-03-04 19:00:00,99.1,10.1054252
"5181",93,"2025-03-04 20:00:00",15,14,94,0,NA,220,28,NA,990,NA,3,2025-03-04 20:00:00,99,10.095228
"5182",94,"2025-03-04 21:00:00",16,10.1,68,0,NA,210,27.7,NA,990,NA,2,2025-03-04 21:00:00,99,10.095228
"5183",95,"2025-03-04 22:00:00",13,10,82,0,NA,220,19,NA,991,NA,2,2025-03-04 22:00:00,99.1,10.1054252
"5184",96,"2025-03-04 23:00:00",11,9.1,88,0,NA,210,20,NA,992,NA,3,2025-03-04 23:00:00,99.2,10.1156224
"5185",97,"2025-03-05 00:00:00",9,9,100,0,NA,180,13,NA,992,NA,3,2025-03-05,99.2,10.1156224
"5186",98,"2025-03-05 01:00:00",8,8,100,0,NA,190,7.6,NA,992,NA,1,2025-03-05 01:00:00,99.2,10.1156224
"5187",99,"2025-03-05 02:00:00",10,7.9,87,0,NA,250,11.2,NA,993,NA,3,2025-03-05 02:00:00,99.3,10.1258196
"5188",100,"2025-03-05 03:00:00",8.1,4.7,79,0.1,NA,285,24.5,NA,993.5,NA,7,2025-03-05 03:00:00,99.35,10.1309182
"5189",101,"2025-03-05 04:00:00",7.3,6.1,92,1.4,NA,275,24.5,NA,994.2,NA,9,2025-03-05 04:00:00,99.42,10.13805624
"5190",102,"2025-03-05 05:00:00",6.4,5.7,95,0.6,NA,296,41.8,NA,995.5,NA,8,2025-03-05 05:00:00,99.55,10.1513126
"5191",103,"2025-03-05 06:00:00",3.3,1.8,90,0.3,NA,301,34.9,NA,998.6,NA,8,2025-03-05 06:00:00,99.86,10.18292392
"5192",104,"2025-03-05 07:00:00",2.6,0.5,86,0.2,NA,293,35.3,NA,1000.8,NA,7,2025-03-05 07:00:00,100.08,10.20535776
"5193",105,"2025-03-05 08:00:00",2.6,-0.9,78,0,NA,294,36,NA,1001.9,NA,3,2025-03-05 08:00:00,100.19,10.21657468
"5194",106,"2025-03-05 09:00:00",2,-1.3,79,0.3,NA,295,35.3,NA,1002.7,NA,12,2025-03-05 09:00:00,100.27,10.22473244
"5195",107,"2025-03-05 10:00:00",2.8,-3.8,62,0.3,NA,296,40.3,NA,1003.5,NA,12,2025-03-05 10:00:00,100.35,10.2328902
"5196",108,"2025-03-05 11:00:00",2,0.1,87,0,NA,290,37.1,NA,1005,NA,3,2025-03-05 11:00:00,100.5,10.248186
"5197",109,"2025-03-05 12:00:00",1,-2.1,80,0,NA,290,39,NA,1006,NA,3,2025-03-05 12:00:00,100.6,10.2583832
"5198",110,"2025-03-05 13:00:00",1,-2.1,80,0,NA,290,29.5,NA,1008,NA,3,2025-03-05 13:00:00,100.8,10.2787776
"5199",111,"2025-03-05 14:00:00",1,-2.9,75,0,NA,280,27.7,NA,1010,NA,3,2025-03-05 14:00:00,101,10.299172
"5200",112,"2025-03-05 15:00:00",2,-2.9,70,0,NA,300,37.1,NA,1010,NA,3,2025-03-05 15:00:00,101,10.299172
"5201",113,"2025-03-05 16:00:00",4,-3.1,60,0,NA,300,38.9,NA,1011,NA,3,2025-03-05 16:00:00,101.1,10.3093692
"5202",114,"2025-03-05 17:00:00",5,-3.1,56,0,NA,300,38.9,NA,1011,NA,3,2025-03-05 17:00:00,101.1,10.3093692
"5203",115,"2025-03-05 18:00:00",5,-3.1,56,0,NA,310,39,NA,1012,NA,3,2025-03-05 18:00:00,101.2,10.3195664
"5204",116,"2025-03-05 19:00:00",7,-3,49,0,NA,290,35.3,NA,1012,NA,3,2025-03-05 19:00:00,101.2,10.3195664
"5205",117,"2025-03-05 20:00:00",7,-3.8,46,0,NA,300,31.7,NA,1013,NA,3,2025-03-05 20:00:00,101.3,10.3297636
"5206",118,"2025-03-05 21:00:00",8,-5.1,39,0,NA,290,27.7,NA,1014,NA,3,2025-03-05 21:00:00,101.4,10.3399608
"5207",119,"2025-03-05 22:00:00",8,-3.8,43,0,NA,290,33,NA,1014,NA,1,2025-03-05 22:00:00,101.4,10.3399608
"5208",120,"2025-03-05 23:00:00",7,-5.1,42,0,NA,300,30,NA,1015,NA,1,2025-03-05 23:00:00,101.5,10.350158
"5209",121,"2025-03-06 00:00:00",6,-3.9,49,0,NA,290,15,NA,1015,NA,1,2025-03-06,101.5,10.350158
"5210",122,"2025-03-06 01:00:00",5,-4,52,0,NA,300,11.2,NA,1015,NA,1,2025-03-06 01:00:00,101.5,10.350158
"5211",123,"2025-03-06 02:00:00",4,-4,56,0,NA,290,9.4,NA,1016,NA,1,2025-03-06 02:00:00,101.6,10.3603552
"5212",124,"2025-03-06 03:00:00",3.8,-6.5,47,0,NA,314,16.9,NA,1017.3,NA,1,2025-03-06 03:00:00,101.73,10.37361156
"5213",125,"2025-03-06 04:00:00",2.9,-6.3,51,0,NA,320,13.7,NA,1018.1,NA,1,2025-03-06 04:00:00,101.81,10.38176932
"5214",126,"2025-03-06 05:00:00",1.8,-6.1,56,0,NA,325,11.5,NA,1018.7,NA,1,2025-03-06 05:00:00,101.87,10.38788764
"5215",127,"2025-03-06 06:00:00",0.6,-5.8,62,0,NA,318,9.4,NA,1019,NA,1,2025-03-06 06:00:00,101.9,10.3909468
"5216",128,"2025-03-06 07:00:00",-0.3,-5.7,67,0,NA,313,7.6,NA,1019.4,NA,1,2025-03-06 07:00:00,101.94,10.39502568
"5217",129,"2025-03-06 08:00:00",-0.7,-5.9,68,0,NA,340,7.2,NA,1019.2,NA,1,2025-03-06 08:00:00,101.92,10.39298624
"5218",130,"2025-03-06 09:00:00",-1.4,-6,71,0,NA,348,6.1,NA,1019,NA,1,2025-03-06 09:00:00,101.9,10.3909468
"5219",131,"2025-03-06 10:00:00",-1.6,-6,72,0,NA,359,5.4,NA,1019,NA,3,2025-03-06 10:00:00,101.9,10.3909468
"5220",132,"2025-03-06 11:00:00",-2,-2,100,0,NA,90,5.4,NA,1018,NA,2,2025-03-06 11:00:00,101.8,10.3807496
"5221",133,"2025-03-06 12:00:00",-2,-2,100,0,NA,200,7,NA,1019,NA,3,2025-03-06 12:00:00,101.9,10.3909468
"5222",134,"2025-03-06 13:00:00",0,-2.1,86,0,NA,150,7.6,NA,1019,NA,3,2025-03-06 13:00:00,101.9,10.3909468
"5223",135,"2025-03-06 14:00:00",3,-4,60,0,NA,130,9.4,NA,1020,NA,3,2025-03-06 14:00:00,102,10.401144
"5224",136,"2025-03-06 15:00:00",5,-4,52,0,NA,120,6,NA,1020,NA,3,2025-03-06 15:00:00,102,10.401144
"5225",137,"2025-03-06 16:00:00",7,-3,49,0,NA,200,5.4,NA,1020,NA,3,2025-03-06 16:00:00,102,10.401144
"5226",138,"2025-03-06 17:00:00",10,-4,37,0,NA,100,9,NA,1018,NA,3,2025-03-06 17:00:00,101.8,10.3807496
"5227",139,"2025-03-06 18:00:00",11,-5.9,30,0,NA,130,11.2,NA,1017,NA,3,2025-03-06 18:00:00,101.7,10.3705524
"5228",140,"2025-03-06 19:00:00",13,-2.9,33,0,NA,120,11.2,NA,1016,NA,3,2025-03-06 19:00:00,101.6,10.3603552
"5229",141,"2025-03-06 20:00:00",15,-2,31,0,NA,110,13,NA,1014,NA,3,2025-03-06 20:00:00,101.4,10.3399608
"5230",142,"2025-03-06 21:00:00",16,-2,29,0,NA,140,13,NA,1014,NA,3,2025-03-06 21:00:00,101.4,10.3399608
"5231",143,"2025-03-06 22:00:00",15,-1.2,33,0,NA,160,16.6,NA,1013,NA,3,2025-03-06 22:00:00,101.3,10.3297636
"5232",144,"2025-03-06 23:00:00",13,-2.1,35,0,NA,150,15,NA,1012,NA,3,2025-03-06 23:00:00,101.2,10.3195664
"5233",145,"2025-03-07 00:00:00",12,-3,35,0,NA,130,11.2,NA,1012,NA,3,2025-03-07,101.2,10.3195664
"5234",146,"2025-03-07 01:00:00",11,-3.1,37,0,NA,140,15,NA,1011,NA,3,2025-03-07 01:00:00,101.1,10.3093692
"5235",147,"2025-03-07 02:00:00",11,-2.1,40,0,NA,150,18.4,NA,1011,NA,3,2025-03-07 02:00:00,101.1,10.3093692
"5236",148,"2025-03-07 03:00:00",8.9,-6.1,34,0,NA,157,23.8,NA,1011.1,NA,3,2025-03-07 03:00:00,101.11,10.31038892
"5237",149,"2025-03-07 04:00:00",8.8,-6.2,34,0,NA,162,23.4,NA,1010.4,NA,3,2025-03-07 04:00:00,101.04,10.30325088
"5238",150,"2025-03-07 05:00:00",9,-6,34,0,NA,167,26.3,NA,1010.2,NA,3,2025-03-07 05:00:00,101.02,10.30121144
"5239",151,"2025-03-07 06:00:00",8.8,-5.8,35,0,NA,172,26.3,NA,1009.4,NA,3,2025-03-07 06:00:00,100.94,10.29305368
"5240",152,"2025-03-07 07:00:00",9.5,-5.2,35,0,NA,168,25.9,NA,1008,NA,3,2025-03-07 07:00:00,100.8,10.2787776
"5241",153,"2025-03-07 08:00:00",9.8,-4.6,36,0,NA,180,26.6,NA,1007.7,NA,3,2025-03-07 08:00:00,100.77,10.27571844
"5242",154,"2025-03-07 09:00:00",9.8,-3.9,38,0,NA,186,27.4,NA,1007,NA,3,2025-03-07 09:00:00,100.7,10.2685804
"5243",155,"2025-03-07 10:00:00",9.7,-3.3,40,0,NA,189,28.4,NA,1006,NA,3,2025-03-07 10:00:00,100.6,10.2583832
"5244",156,"2025-03-07 11:00:00",12,3,54,0,NA,180,22.3,NA,1006,NA,3,2025-03-07 11:00:00,100.6,10.2583832
"5245",157,"2025-03-07 12:00:00",12,8.1,77,0,NA,200,25.9,NA,1006,NA,3,2025-03-07 12:00:00,100.6,10.2583832
"5246",158,"2025-03-07 13:00:00",13,10,82,0,NA,190,22,NA,1006,NA,3,2025-03-07 13:00:00,100.6,10.2583832
"5247",159,"2025-03-07 14:00:00",14,11,82,0,NA,210,35,NA,1007,NA,3,2025-03-07 14:00:00,100.7,10.2685804
"5248",160,"2025-03-07 15:00:00",17,11.9,72,0,NA,210,39,NA,1007,NA,3,2025-03-07 15:00:00,100.7,10.2685804
"5249",161,"2025-03-07 16:00:00",18,12,68,0,NA,230,29.5,NA,1007,NA,3,2025-03-07 16:00:00,100.7,10.2685804
"5250",162,"2025-03-07 17:00:00",19,12,64,0,NA,240,26,NA,1007,NA,1,2025-03-07 17:00:00,100.7,10.2685804
"5251",163,"2025-03-07 18:00:00",21,9.9,49,0,NA,240,29.5,NA,1006,NA,1,2025-03-07 18:00:00,100.6,10.2583832
"5252",164,"2025-03-07 19:00:00",21,9.9,49,0,NA,240,29.5,NA,1006,NA,1,2025-03-07 19:00:00,100.6,10.2583832
"5253",165,"2025-03-07 20:00:00",22,8.8,43,0,NA,250,35,NA,1006,NA,1,2025-03-07 20:00:00,100.6,10.2583832
"5254",166,"2025-03-07 21:00:00",22,4.1,31,0,NA,300,30,NA,1006,NA,1,2025-03-07 21:00:00,100.6,10.2583832
"5255",167,"2025-03-07 22:00:00",20,4.1,35,0,NA,300,24.1,NA,1008,NA,1,2025-03-07 22:00:00,100.8,10.2787776
"5256",168,"2025-03-07 23:00:00",18,16,88,0,NA,310,22.3,NA,1009,NA,1,2025-03-07 23:00:00,100.9,10.2889748
"5257",169,"2025-03-08 00:00:00",14,5.1,55,0,NA,310,22,NA,1011,NA,1,2025-03-08,101.1,10.3093692
"5258",170,"2025-03-08 01:00:00",12,4.9,62,0,NA,310,14.8,NA,1013,NA,1,2025-03-08 01:00:00,101.3,10.3297636
"5259",171,"2025-03-08 02:00:00",11,5.1,67,0,NA,320,14.8,NA,1014,NA,1,2025-03-08 02:00:00,101.4,10.3399608
"5260",172,"2025-03-08 03:00:00",8.8,1.9,62,0,NA,332,19.1,NA,1014.7,NA,1,2025-03-08 03:00:00,101.47,10.34709884
"5261",173,"2025-03-08 04:00:00",7.2,1.3,66,0,NA,339,17.3,NA,1016.5,NA,1,2025-03-08 04:00:00,101.65,10.3654538
"5262",174,"2025-03-08 05:00:00",6,0.9,70,0,NA,347,15.5,NA,1017.5,NA,1,2025-03-08 05:00:00,101.75,10.375651
"5263",175,"2025-03-08 06:00:00",5,1.1,76,0,NA,0,14,NA,1017.4,NA,1,2025-03-08 06:00:00,101.74,10.37463128
"5264",176,"2025-03-08 07:00:00",4.1,0.8,79,0,NA,13,17.3,NA,1017.7,NA,1,2025-03-08 07:00:00,101.77,10.37769044
"5265",177,"2025-03-08 08:00:00",4,1.2,82,0,NA,15,18.4,NA,1018.3,NA,3,2025-03-08 08:00:00,101.83,10.38380876
"5266",178,"2025-03-08 09:00:00",3.9,0.6,79,0,NA,24,21.6,NA,1018.3,NA,3,2025-03-08 09:00:00,101.83,10.38380876
"5267",179,"2025-03-08 10:00:00",2.7,0.1,83,0,NA,34,19.1,NA,1018.5,NA,1,2025-03-08 10:00:00,101.85,10.3858482
"5268",180,"2025-03-08 11:00:00",3,3,100,0,NA,30,9,NA,1018,NA,2,2025-03-08 11:00:00,101.8,10.3807496
"5269",181,"2025-03-08 12:00:00",3,3,100,0,NA,60,9.4,NA,1019,NA,2,2025-03-08 12:00:00,101.9,10.3909468
"5270",182,"2025-03-08 13:00:00",3,3,100,0,NA,70,18.4,NA,1020,NA,3,2025-03-08 13:00:00,102,10.401144
"5271",183,"2025-03-08 14:00:00",4,4,100,0,NA,80,11.2,NA,1021,NA,3,2025-03-08 14:00:00,102.1,10.4113412
"5272",184,"2025-03-08 15:00:00",5,3,87,0,NA,80,11.2,NA,1021,NA,3,2025-03-08 15:00:00,102.1,10.4113412
"5273",185,"2025-03-08 16:00:00",6,3,81,0,NA,50,20.5,NA,1020,NA,3,2025-03-08 16:00:00,102,10.401144
"5274",186,"2025-03-08 17:00:00",6.7,0.6,65,0,NA,63,13.7,NA,1021.9,NA,3,2025-03-08 17:00:00,102.19,10.42051868
"5275",187,"2025-03-08 18:00:00",7,3.1,76,0,NA,350,5.4,NA,1021,NA,3,2025-03-08 18:00:00,102.1,10.4113412
"5276",188,"2025-03-08 19:00:00",8,3.1,71,0,NA,20,15,NA,1018,NA,3,2025-03-08 19:00:00,101.8,10.3807496
"5277",189,"2025-03-08 20:00:00",8,3.1,71,0,NA,20,14.8,NA,1019,NA,3,2025-03-08 20:00:00,101.9,10.3909468
"5278",190,"2025-03-08 21:00:00",8,4,76,0,NA,30,17,NA,1018,NA,3,2025-03-08 21:00:00,101.8,10.3807496
"5279",191,"2025-03-08 22:00:00",8,3.1,71,0,NA,30,16.6,NA,1017,NA,3,2025-03-08 22:00:00,101.7,10.3705524
"5280",192,"2025-03-08 23:00:00",8,2,66,0,NA,50,7.6,NA,1018,NA,3,2025-03-08 23:00:00,101.8,10.3807496
"5281",193,"2025-03-09 00:00:00",8,2,66,0,NA,0,0,NA,1020,NA,3,2025-03-09,102,10.401144
"5282",194,"2025-03-09 01:00:00",8,3.1,71,0,NA,180,7.6,NA,1020,NA,3,2025-03-09 01:00:00,102,10.401144
"5283",196,"2025-03-09 03:00:00",6.4,1.5,71,0,NA,138,4.3,NA,1020.6,NA,3,2025-03-09 03:00:00,102.06,10.40726232
"5284",197,"2025-03-09 04:00:00",6.3,1.6,72,0.2,NA,23,6.8,NA,1020.6,NA,7,2025-03-09 04:00:00,102.06,10.40726232
"5285",198,"2025-03-09 05:00:00",5.7,2,77,0,NA,104,5.8,NA,1021,NA,3,2025-03-09 05:00:00,102.1,10.4113412
"5286",199,"2025-03-09 06:00:00",5,2.7,85,0.2,NA,78,7.2,NA,1020.4,NA,7,2025-03-09 06:00:00,102.04,10.40522288
"5287",200,"2025-03-09 07:00:00",4.9,3.1,88,0.6,NA,63,7.2,NA,1020.2,NA,8,2025-03-09 07:00:00,102.02,10.40318344
"5288",201,"2025-03-09 08:00:00",4.6,3.1,90,0.4,NA,28,10.1,NA,1019.4,NA,8,2025-03-09 08:00:00,101.94,10.39502568
"5289",202,"2025-03-09 09:00:00",4.7,3,89,0.2,NA,348,7.9,NA,1019.8,NA,7,2025-03-09 09:00:00,101.98,10.39910456
"5290",203,"2025-03-09 10:00:00",6,2.1,76,0.2,NA,40,5.4,NA,1019,NA,7,2025-03-09 10:00:00,101.9,10.3909468
"5291",204,"2025-03-09 11:00:00",6,0.9,70,0,NA,90,7.6,NA,1019,NA,3,2025-03-09 11:00:00,101.9,10.3909468
"5292",205,"2025-03-09 12:00:00",5,0.9,75,0,NA,320,7.6,NA,1020,NA,3,2025-03-09 12:00:00,102,10.401144
"5293",206,"2025-03-09 13:00:00",6,0.9,70,0,NA,42,6.5,NA,1020,NA,3,2025-03-09 13:00:00,102,10.401144
"5294",207,"2025-03-09 14:00:00",9,-0.1,53,0,NA,40,9.4,NA,1020,NA,3,2025-03-09 14:00:00,102,10.401144
"5295",208,"2025-03-09 15:00:00",11,1,50,0,NA,360,9.4,NA,1021,NA,2,2025-03-09 15:00:00,102.1,10.4113412
"5296",209,"2025-03-09 16:00:00",12,-0.9,41,0,NA,30,7.6,NA,1021,NA,1,2025-03-09 16:00:00,102.1,10.4113412
"5297",210,"2025-03-09 17:00:00",14,-0.8,36,0,NA,330,11.2,NA,1020,NA,1,2025-03-09 17:00:00,102,10.401144
"5298",211,"2025-03-09 18:00:00",15,-1.2,33,0,NA,6,9.7,NA,1019,NA,1,2025-03-09 18:00:00,101.9,10.3909468
"5299",212,"2025-03-09 19:00:00",16,-1.1,31,0,NA,0,0,NA,1018,NA,1,2025-03-09 19:00:00,101.8,10.3807496
"5300",213,"2025-03-09 20:00:00",17,-3.2,25,0,NA,350,9.4,NA,1018,NA,1,2025-03-09 20:00:00,101.8,10.3807496
"5301",214,"2025-03-09 21:00:00",17,-2.1,27,0,NA,320,13,NA,1017,NA,1,2025-03-09 21:00:00,101.7,10.3705524
"5302",215,"2025-03-09 22:00:00",17,-3.7,24,0,NA,340,18.4,NA,1017,NA,1,2025-03-09 22:00:00,101.7,10.3705524
"5303",216,"2025-03-09 23:00:00",15,0,36,0,NA,310,16.6,NA,1017,NA,1,2025-03-09 23:00:00,101.7,10.3705524
"5304",217,"2025-03-10 00:00:00",13,1,44,0,NA,300,13,NA,1018,NA,1,2025-03-10,101.8,10.3807496
"5305",218,"2025-03-10 01:00:00",11,1,50,0,NA,320,7.6,NA,1018,NA,1,2025-03-10 01:00:00,101.8,10.3807496
"5306",219,"2025-03-10 02:00:00",6.3,0,64,0,NA,310,8.3,NA,1018.5,NA,1,2025-03-10 02:00:00,101.85,10.3858482
"5307",220,"2025-03-10 03:00:00",5.6,-1.1,62,0,NA,316,8.3,NA,1018.9,NA,1,2025-03-10 03:00:00,101.89,10.38992708
"5308",221,"2025-03-10 04:00:00",4.9,-1.6,63,0,NA,311,6.5,NA,1019,NA,1,2025-03-10 04:00:00,101.9,10.3909468
"5309",222,"2025-03-10 05:00:00",4.6,-2.1,62,0,NA,290,3.6,NA,1019,NA,1,2025-03-10 05:00:00,101.9,10.3909468
"5310",223,"2025-03-10 06:00:00",4.6,-2.1,62,0,NA,270,2.9,NA,1018.5,NA,1,2025-03-10 06:00:00,101.85,10.3858482
"5311",224,"2025-03-10 07:00:00",3.9,-2.3,64,0,NA,213,4.7,NA,1018.4,NA,1,2025-03-10 07:00:00,101.84,10.38482848
"5312",225,"2025-03-10 08:00:00",3.1,-2.6,66,0,NA,229,7.6,NA,1018.1,NA,1,2025-03-10 08:00:00,101.81,10.38176932
"5313",226,"2025-03-10 09:00:00",2.6,-2.7,68,0,NA,229,7.9,NA,1017.7,NA,1,2025-03-10 09:00:00,101.77,10.37769044
"5314",227,"2025-03-10 10:00:00",1,0,93,0,NA,0,0,NA,1017,NA,1,2025-03-10 10:00:00,101.7,10.3705524
"5315",228,"2025-03-10 11:00:00",1,0,93,0,NA,241,9,NA,1017,NA,1,2025-03-10 11:00:00,101.7,10.3705524
"5316",229,"2025-03-10 12:00:00",1,0,93,0,NA,0,0,NA,1017,NA,1,2025-03-10 12:00:00,101.7,10.3705524
"5317",230,"2025-03-10 13:00:00",5,0,70,0,NA,0,0,NA,1018,NA,1,2025-03-10 13:00:00,101.8,10.3807496
"5318",231,"2025-03-10 14:00:00",9,0.9,57,0,NA,190,5.4,NA,1018,NA,1,2025-03-10 14:00:00,101.8,10.3807496
"5319",232,"2025-03-10 15:00:00",14,1.9,44,0,NA,220,11.2,NA,1018,NA,1,2025-03-10 15:00:00,101.8,10.3807496
"5320",233,"2025-03-10 16:00:00",18,3.1,37,0,NA,210,14.8,NA,1017,NA,1,2025-03-10 16:00:00,101.7,10.3705524
"5321",234,"2025-03-10 17:00:00",19,3.2,35,0,NA,260,15,NA,1017,NA,1,2025-03-10 17:00:00,101.7,10.3705524
"5322",235,"2025-03-10 18:00:00",20,3.2,33,0,NA,240,16.6,NA,1016,NA,1,2025-03-10 18:00:00,101.6,10.3603552
"5323",236,"2025-03-10 19:00:00",21,4.1,33,0,NA,210,14.8,NA,1015,NA,1,2025-03-10 19:00:00,101.5,10.350158
"5324",237,"2025-03-10 20:00:00",22,5,33,0,NA,210,19,NA,1014,NA,1,2025-03-10 20:00:00,101.4,10.3399608
"5325",238,"2025-03-10 21:00:00",22,4.1,31,0,NA,230,16.6,NA,1013,NA,1,2025-03-10 21:00:00,101.3,10.3297636
"5326",239,"2025-03-10 22:00:00",21,5,35,0,NA,220,17,NA,1013,NA,1,2025-03-10 22:00:00,101.3,10.3297636
"5327",240,"2025-03-10 23:00:00",20,4.9,37,0,NA,210,18.4,NA,1013,NA,1,2025-03-10 23:00:00,101.3,10.3297636
"5328",241,"2025-03-11 00:00:00",17,5,45,0,NA,210,11.2,NA,1013,NA,1,2025-03-11,101.3,10.3297636
"5329",242,"2025-03-11 01:00:00",15,4.1,48,0,NA,190,9.4,NA,1013,NA,1,2025-03-11 01:00:00,101.3,10.3297636
"5330",243,"2025-03-11 02:00:00",12.7,2.3,49,0,NA,206,16.6,NA,1011.8,NA,1,2025-03-11 02:00:00,101.18,10.31752696
"5331",244,"2025-03-11 03:00:00",12.9,2.1,48,0,NA,215,19.1,NA,1012,NA,1,2025-03-11 03:00:00,101.2,10.3195664
"5332",245,"2025-03-11 04:00:00",12.3,2.2,50,0,NA,212,19.8,NA,1012.1,NA,1,2025-03-11 04:00:00,101.21,10.32058612
"5333",246,"2025-03-11 05:00:00",11.6,2.9,55,0,NA,213,19.8,NA,1011.9,NA,1,2025-03-11 05:00:00,101.19,10.31854668
"5334",247,"2025-03-11 06:00:00",10.9,3.2,59,0,NA,214,19.1,NA,1011.9,NA,1,2025-03-11 06:00:00,101.19,10.31854668
"5335",248,"2025-03-11 07:00:00",10.6,2.7,58,0,NA,213,17.6,NA,1011.1,NA,1,2025-03-11 07:00:00,101.11,10.31038892
"5336",249,"2025-03-11 08:00:00",10.1,2.4,59,0,NA,212,16.9,NA,1010.8,NA,1,2025-03-11 08:00:00,101.08,10.30732976
"5337",250,"2025-03-11 09:00:00",9.8,1.9,58,0,NA,214,17.6,NA,1010.3,NA,1,2025-03-11 09:00:00,101.03,10.30223116
"5338",251,"2025-03-11 10:00:00",10,3.9,66,0,NA,210,14.8,NA,1011,NA,1,2025-03-11 10:00:00,101.1,10.3093692
"5339",252,"2025-03-11 11:00:00",11,3,58,0,NA,190,11,NA,1011,NA,1,2025-03-11 11:00:00,101.1,10.3093692
"5340",253,"2025-03-11 12:00:00",11,3,58,0,NA,190,9,NA,1011,NA,1,2025-03-11 12:00:00,101.1,10.3093692
"5341",254,"2025-03-11 13:00:00",16,3.1,42,0,NA,210,19,NA,1010,NA,1,2025-03-11 13:00:00,101,10.299172
"5342",255,"2025-03-11 14:00:00",18,4.2,40,0,NA,210,26,NA,1011,NA,1,2025-03-11 14:00:00,101.1,10.3093692
"5343",256,"2025-03-11 15:00:00",20,4.1,35,0,NA,220,20.5,NA,1011,NA,1,2025-03-11 15:00:00,101.1,10.3093692
"5344",257,"2025-03-11 16:00:00",22,4.1,31,0,NA,230,22.3,NA,1011,NA,1,2025-03-11 16:00:00,101.1,10.3093692
"5345",258,"2025-03-11 17:00:00",24,4.9,29,0,NA,210,26,NA,1010,NA,1,2025-03-11 17:00:00,101,10.299172
"5346",259,"2025-03-11 18:00:00",25,5.2,28,0,NA,240,31.7,NA,1009,NA,1,2025-03-11 18:00:00,100.9,10.2889748
"5347",260,"2025-03-11 19:00:00",25,5.2,28,0,NA,230,20.5,NA,1008,NA,1,2025-03-11 19:00:00,100.8,10.2787776
"5348",261,"2025-03-11 20:00:00",26,5,26,0,NA,210,26,NA,1008,NA,1,2025-03-11 20:00:00,100.8,10.2787776
"5349",262,"2025-03-11 21:00:00",25,6.2,30,0,NA,190,27.7,NA,1008,NA,1,2025-03-11 21:00:00,100.8,10.2787776
"5350",263,"2025-03-11 22:00:00",25,4.2,26,0,NA,220,20.5,NA,1008,NA,1,2025-03-11 22:00:00,100.8,10.2787776
"5351",264,"2025-03-11 23:00:00",23,4,29,0,NA,210,18.4,NA,1008,NA,1,2025-03-11 23:00:00,100.8,10.2787776
"5352",265,"2025-03-12 00:00:00",20,4.1,35,0,NA,180,11,NA,1008,NA,1,2025-03-12,100.8,10.2787776
"5353",266,"2025-03-12 01:00:00",19,4,37,0,NA,170,9.4,NA,1009,NA,1,2025-03-12 01:00:00,100.9,10.2889748
"5354",267,"2025-03-12 02:00:00",16,2,39,0,NA,191,22,NA,1007.3,NA,1,2025-03-12 02:00:00,100.73,10.27163956
"5355",268,"2025-03-12 03:00:00",15.9,1.6,38,0,NA,198,22.7,NA,1008.1,NA,1,2025-03-12 03:00:00,100.81,10.27979732
"5356",269,"2025-03-12 04:00:00",15,2.8,44,0,NA,198,20.9,NA,1008.5,NA,1,2025-03-12 04:00:00,100.85,10.2838762
"5357",270,"2025-03-12 05:00:00",14.4,3.5,48,0,NA,204,21.6,NA,1008.5,NA,1,2025-03-12 05:00:00,100.85,10.2838762
"5358",271,"2025-03-12 06:00:00",14,4,51,0,NA,202,20.9,NA,1008.2,NA,2,2025-03-12 06:00:00,100.82,10.28081704
"5359",272,"2025-03-12 07:00:00",13.7,4.6,54,0,NA,199,20.2,NA,1007.7,NA,1,2025-03-12 07:00:00,100.77,10.27571844
"5360",273,"2025-03-12 08:00:00",13.2,3.3,51,0,NA,195,18.7,NA,1007,NA,3,2025-03-12 08:00:00,100.7,10.2685804
"5361",274,"2025-03-12 09:00:00",13,3.6,53,0,NA,196,17.6,NA,1006,NA,1,2025-03-12 09:00:00,100.6,10.2583832
"5362",275,"2025-03-12 10:00:00",12.9,3.8,54,0,NA,195,19.1,NA,1005.5,NA,1,2025-03-12 10:00:00,100.55,10.2532846
"5363",276,"2025-03-12 11:00:00",12.7,4.1,56,0,NA,197,19.4,NA,1005.5,NA,1,2025-03-12 11:00:00,100.55,10.2532846
"5364",277,"2025-03-12 12:00:00",12,4.2,59,0,NA,196,18,NA,1005.9,NA,1,2025-03-12 12:00:00,100.59,10.25736348
"5365",278,"2025-03-12 13:00:00",11.5,4.7,63,0,NA,191,16.9,NA,1006.2,NA,1,2025-03-12 13:00:00,100.62,10.26042264
"5366",279,"2025-03-12 14:00:00",13.8,6.2,60,0,NA,192,18.4,NA,1006.1,NA,1,2025-03-12 14:00:00,100.61,10.25940292
"5367",280,"2025-03-12 15:00:00",16.3,7.5,56,0,NA,199,14,NA,1006.2,NA,1,2025-03-12 15:00:00,100.62,10.26042264
"5368",281,"2025-03-12 16:00:00",18.4,8.4,52,0,NA,205,17.6,NA,1006.2,NA,1,2025-03-12 16:00:00,100.62,10.26042264
"5369",282,"2025-03-12 17:00:00",20,8.7,48,0,NA,210,19.4,NA,1005.9,NA,1,2025-03-12 17:00:00,100.59,10.25736348
"5370",283,"2025-03-12 18:00:00",21.3,8.6,44,0,NA,212,18.4,NA,1005.1,NA,1,2025-03-12 18:00:00,100.51,10.24920572
"5371",284,"2025-03-12 19:00:00",22.4,9.2,43,0,NA,210,17.3,NA,1004.2,NA,1,2025-03-12 19:00:00,100.42,10.24002824
"5372",285,"2025-03-12 20:00:00",23.1,9.5,42,0,NA,212,17.6,NA,1003.1,NA,3,2025-03-12 20:00:00,100.31,10.22881132
"5373",286,"2025-03-12 21:00:00",22.8,10.9,47,0,NA,209,17.3,NA,1003,NA,3,2025-03-12 21:00:00,100.3,10.2277916
"5374",287,"2025-03-12 22:00:00",22.1,11.5,51,0,NA,202,12.6,NA,1002.9,NA,3,2025-03-12 22:00:00,100.29,10.22677188
"5375",288,"2025-03-12 23:00:00",21.2,12.6,58,0,NA,197,8.6,NA,1003.3,NA,3,2025-03-12 23:00:00,100.33,10.23085076
"5376",289,"2025-03-13 00:00:00",18.9,13.1,69,0,NA,194,6.1,NA,1003.9,NA,3,2025-03-13,100.39,10.23696908
"5377",290,"2025-03-13 01:00:00",17.9,12.6,71,0,NA,187,6.8,NA,1004.1,NA,3,2025-03-13 01:00:00,100.41,10.23900852
"5378",291,"2025-03-13 02:00:00",17.7,12.6,72,0,NA,188,13.7,NA,1004.4,NA,3,2025-03-13 02:00:00,100.44,10.24206768
"5379",292,"2025-03-13 03:00:00",17.2,13.3,78,0,NA,199,13.7,NA,1004.4,NA,3,2025-03-13 03:00:00,100.44,10.24206768
"5380",293,"2025-03-13 04:00:00",16.1,13.9,87,0,NA,186,14.8,NA,1004.7,NA,3,2025-03-13 04:00:00,100.47,10.24512684
"5381",294,"2025-03-13 05:00:00",15.4,13.8,90,0,NA,189,10.8,NA,1005.3,NA,3,2025-03-13 05:00:00,100.53,10.25124516
"5382",295,"2025-03-13 06:00:00",14.5,13.4,93,0,NA,169,10.8,NA,1005.2,NA,3,2025-03-13 06:00:00,100.52,10.25022544
"5383",296,"2025-03-13 07:00:00",13.9,12.9,94,0,NA,165,10.4,NA,1005.1,NA,3,2025-03-13 07:00:00,100.51,10.24920572
"5384",297,"2025-03-13 08:00:00",13.1,12.2,94,0,NA,172,8.3,NA,1005.1,NA,3,2025-03-13 08:00:00,100.51,10.24920572
"5385",298,"2025-03-13 09:00:00",12,11.2,95,0,NA,211,6.1,NA,1004.9,NA,3,2025-03-13 09:00:00,100.49,10.24716628
"5386",299,"2025-03-13 10:00:00",11.3,10.7,96,0,NA,230,7.6,NA,1004.9,NA,1,2025-03-13 10:00:00,100.49,10.24716628
"5387",300,"2025-03-13 11:00:00",11,10.4,96,0,NA,201,7.2,NA,1005,NA,1,2025-03-13 11:00:00,100.5,10.248186
"5388",301,"2025-03-13 12:00:00",10.8,10.2,96,0,NA,156,7.9,NA,1005.3,NA,1,2025-03-13 12:00:00,100.53,10.25124516
"5389",302,"2025-03-13 13:00:00",10.3,9.8,97,0,NA,102,8.6,NA,1006.5,NA,1,2025-03-13 13:00:00,100.65,10.2634818
"5390",303,"2025-03-13 14:00:00",12.8,11.9,94,0,NA,158,6.5,NA,1007.1,NA,1,2025-03-13 14:00:00,100.71,10.26960012
"5391",304,"2025-03-13 15:00:00",15.7,13.4,86,0,NA,259,6.1,NA,1007.2,NA,1,2025-03-13 15:00:00,100.72,10.27061984
"5392",305,"2025-03-13 16:00:00",18.5,13.6,73,0,NA,264,7.2,NA,1007.8,NA,1,2025-03-13 16:00:00,100.78,10.27673816
"5393",306,"2025-03-13 17:00:00",20.6,13.3,63,0,NA,96,6.5,NA,1008.1,NA,1,2025-03-13 17:00:00,100.81,10.27979732
"5394",307,"2025-03-13 18:00:00",22.2,13,56,0,NA,110,10.8,NA,1007.2,NA,1,2025-03-13 18:00:00,100.72,10.27061984
"5395",308,"2025-03-13 19:00:00",23.6,13.2,52,0,NA,139,9.4,NA,1006.4,NA,1,2025-03-13 19:00:00,100.64,10.26246208
"5396",309,"2025-03-13 20:00:00",24.8,12.1,45,0,NA,184,10.4,NA,1005.1,NA,1,2025-03-13 20:00:00,100.51,10.24920572
"5397",310,"2025-03-13 21:00:00",25.1,10.2,39,0,NA,201,16.9,NA,1004.2,NA,2,2025-03-13 21:00:00,100.42,10.24002824
"5398",311,"2025-03-13 22:00:00",24.1,8.9,38,0,NA,187,17.3,NA,1004.1,NA,1,2025-03-13 22:00:00,100.41,10.23900852
"5399",312,"2025-03-13 23:00:00",22.9,9.7,43,0,NA,178,13.3,NA,1003.7,NA,1,2025-03-13 23:00:00,100.37,10.23492964
"5400",313,"2025-03-14 00:00:00",19.9,9.5,51,0,NA,172,11.2,NA,1003.9,NA,1,2025-03-14,100.39,10.23696908
"5401",314,"2025-03-14 01:00:00",17.3,10.4,64,0,NA,166,11.9,NA,1004,NA,1,2025-03-14 01:00:00,100.4,10.2379888
"5402",315,"2025-03-14 02:00:00",16.1,11.7,75,0,NA,157,12.6,NA,1004.2,NA,1,2025-03-14 02:00:00,100.42,10.24002824
"5403",316,"2025-03-14 03:00:00",15.8,11.2,74,0,NA,152,14,NA,1004.2,NA,1,2025-03-14 03:00:00,100.42,10.24002824
"5404",317,"2025-03-14 04:00:00",16.8,10.6,67,0,NA,160,21.2,NA,1004,NA,1,2025-03-14 04:00:00,100.4,10.2379888
"5405",318,"2025-03-14 05:00:00",16.6,8.6,59,0,NA,173,18,NA,1003.7,NA,1,2025-03-14 05:00:00,100.37,10.23492964
"5406",319,"2025-03-14 06:00:00",15.4,8.2,62,0,NA,171,17.3,NA,1003.1,NA,1,2025-03-14 06:00:00,100.31,10.22881132
"5407",320,"2025-03-14 07:00:00",15,8.2,64,0,NA,160,18.7,NA,1002.4,NA,1,2025-03-14 07:00:00,100.24,10.22167328
"5408",321,"2025-03-14 08:00:00",15,6.8,58,0,NA,161,20.5,NA,1001.6,NA,1,2025-03-14 08:00:00,100.16,10.21351552
