Date,Time,ms,LEVEL,TEMPERATURE,DateTime
2024-06-18,08:00:00 am,0,100.862,24.894,2024-06-18 08:00:00
2024-06-18,08:15:00 am,0,100.86,24.994,2024-06-18 08:15:00
2024-06-18,08:30:00 am,0,100.885,25.097,2024-06-18 08:30:00
2024-06-18,08:45:00 am,0,100.989,25.175,2024-06-18 08:45:00
2024-06-18,09:00:00 am,0,100.985,25.232,2024-06-18 09:00:00
2024-06-18,09:15:00 am,0,100.969,25.327,2024-06-18 09:15:00
2024-06-18,09:30:00 am,0,100.972,25.411,2024-06-18 09:30:00
2024-06-18,09:45:00 am,0,100.844,25.471,2024-06-18 09:45:00
2024-06-18,10:00:00 am,0,100.83,25.624,2024-06-18 10:00:00
2024-06-18,10:15:00 am,0,100.828,26.05,2024-06-18 10:15:00
2024-06-18,10:30:00 am,0,100.969,26.557,2024-06-18 10:30:00
2024-06-18,10:45:00 am,0,100.965,26.917,2024-06-18 10:45:00
2024-06-18,11:00:00 am,0,100.967,27.153,2024-06-18 11:00:00
2024-06-18,11:15:00 am,0,100.957,26.956,2024-06-18 11:15:00
2024-06-18,11:30:00 am,0,101.059,26.433,2024-06-18 11:30:00
2024-06-18,11:45:00 am,0,103.59,22.22,2024-06-18 11:45:00
2024-06-18,12:00:00 pm,0,103.601,22.232,2024-06-18 12:00:00
2024-06-18,12:15:00 pm,0,103.615,22.276,2024-06-18 12:15:00
2024-06-18,12:30:00 pm,0,103.619,22.338,2024-06-18 12:30:00
2024-06-18,12:45:00 pm,0,103.606,22.389,2024-06-18 12:45:00
2024-06-18,01:00:00 pm,0,103.6,22.419,2024-06-18 01:00:00
2024-06-18,01:15:00 pm,0,103.581,22.462,2024-06-18 01:15:00
2024-06-18,01:30:00 pm,0,103.576,22.507,2024-06-18 01:30:00
2024-06-18,01:45:00 pm,0,103.56,22.569,2024-06-18 01:45:00
2024-06-18,02:00:00 pm,0,103.547,22.624,2024-06-18 02:00:00
2024-06-18,02:15:00 pm,0,103.545,22.659,2024-06-18 02:15:00
2024-06-18,02:30:00 pm,0,103.528,22.688,2024-06-18 02:30:00
2024-06-18,02:45:00 pm,0,103.519,22.704,2024-06-18 02:45:00
2024-06-18,03:00:00 pm,0,103.502,22.748,2024-06-18 03:00:00
2024-06-18,03:15:00 pm,0,103.488,22.788,2024-06-18 03:15:00
2024-06-18,03:30:00 pm,0,103.488,22.834,2024-06-18 03:30:00
2024-06-18,03:45:00 pm,0,103.476,22.873,2024-06-18 03:45:00
2024-06-18,04:00:00 pm,0,103.445,22.904,2024-06-18 04:00:00
2024-06-18,04:15:00 pm,0,103.43,22.931,2024-06-18 04:15:00
2024-06-18,04:30:00 pm,0,103.417,22.956,2024-06-18 04:30:00
2024-06-18,04:45:00 pm,0,103.406,22.979,2024-06-18 04:45:00
2024-06-18,05:00:00 pm,0,103.391,22.991,2024-06-18 05:00:00
2024-06-18,05:15:00 pm,0,103.387,22.998,2024-06-18 05:15:00
2024-06-18,05:30:00 pm,0,103.38,23.008,2024-06-18 05:30:00
2024-06-18,05:45:00 pm,0,103.366,23.013,2024-06-18 05:45:00
2024-06-18,06:00:00 pm,0,103.357,23.018,2024-06-18 06:00:00
2024-06-18,06:15:00 pm,0,103.359,23.027,2024-06-18 06:15:00
2024-06-18,06:30:00 pm,0,103.362,23.03,2024-06-18 06:30:00
2024-06-18,06:45:00 pm,0,103.365,23.037,2024-06-18 06:45:00
2024-06-18,07:00:00 pm,0,103.368,23.04,2024-06-18 07:00:00
2024-06-18,07:15:00 pm,0,103.365,23.037,2024-06-18 07:15:00
2024-06-18,07:30:00 pm,0,103.36,23.032,2024-06-18 07:30:00
2024-06-18,07:45:00 pm,0,103.351,23.02,2024-06-18 07:45:00
2024-06-18,08:00:00 pm,0,103.344,23.009,2024-06-18 08:00:00
2024-06-18,08:15:00 pm,0,103.338,22.99,2024-06-18 08:15:00
2024-06-18,08:30:00 pm,0,103.338,22.97,2024-06-18 08:30:00
2024-06-18,08:45:00 pm,0,103.334,22.957,2024-06-18 08:45:00
2024-06-18,09:00:00 pm,0,103.331,22.94,2024-06-18 09:00:00
2024-06-18,09:15:00 pm,0,103.326,22.922,2024-06-18 09:15:00
2024-06-18,09:30:00 pm,0,103.319,22.897,2024-06-18 09:30:00
2024-06-18,09:45:00 pm,0,103.307,22.873,2024-06-18 09:45:00
2024-06-18,10:00:00 pm,0,103.306,22.846,2024-06-18 10:00:00
2024-06-18,10:15:00 pm,0,103.306,22.816,2024-06-18 10:15:00
2024-06-18,10:30:00 pm,0,103.303,22.785,2024-06-18 10:30:00
2024-06-18,10:45:00 pm,0,103.297,22.754,2024-06-18 10:45:00
2024-06-18,11:00:00 pm,0,103.299,22.722,2024-06-18 11:00:00
2024-06-18,11:15:00 pm,0,103.295,22.689,2024-06-18 11:15:00
2024-06-18,11:30:00 pm,0,103.299,22.656,2024-06-18 11:30:00
2024-06-18,11:45:00 pm,0,103.289,22.622,2024-06-18 11:45:00
2024-06-19,12:00:00 am,0,103.29,22.588,2024-06-19 12:00:00
2024-06-19,12:15:00 am,0,103.297,22.554,2024-06-19 12:15:00
2024-06-19,12:30:00 am,0,103.301,22.517,2024-06-19 12:30:00
2024-06-19,12:45:00 am,0,103.291,22.479,2024-06-19 12:45:00
2024-06-19,01:00:00 am,0,103.29,22.436,2024-06-19 01:00:00
2024-06-19,01:15:00 am,0,103.279,22.396,2024-06-19 01:15:00
2024-06-19,01:30:00 am,0,103.283,22.355,2024-06-19 01:30:00
2024-06-19,01:45:00 am,0,103.28,22.315,2024-06-19 01:45:00
2024-06-19,02:00:00 am,0,103.287,22.273,2024-06-19 02:00:00
2024-06-19,02:15:00 am,0,103.286,22.231,2024-06-19 02:15:00
2024-06-19,02:30:00 am,0,103.288,22.188,2024-06-19 02:30:00
2024-06-19,02:45:00 am,0,103.29,22.145,2024-06-19 02:45:00
2024-06-19,03:00:00 am,0,103.297,22.099,2024-06-19 03:00:00
2024-06-19,03:15:00 am,0,103.3,22.052,2024-06-19 03:15:00
2024-06-19,03:30:00 am,0,103.306,22.005,2024-06-19 03:30:00
2024-06-19,03:45:00 am,0,103.312,21.959,2024-06-19 03:45:00
2024-06-19,04:00:00 am,0,103.324,21.917,2024-06-19 04:00:00
2024-06-19,04:15:00 am,0,103.342,21.877,2024-06-19 04:15:00
2024-06-19,04:30:00 am,0,103.358,21.834,2024-06-19 04:30:00
2024-06-19,04:45:00 am,0,103.403,21.794,2024-06-19 04:45:00
2024-06-19,05:00:00 am,0,103.412,21.753,2024-06-19 05:00:00
2024-06-19,05:15:00 am,0,103.422,21.708,2024-06-19 05:15:00
2024-06-19,05:30:00 am,0,103.45,21.671,2024-06-19 05:30:00
2024-06-19,05:45:00 am,0,103.469,21.637,2024-06-19 05:45:00
2024-06-19,06:00:00 am,0,103.483,21.6,2024-06-19 06:00:00
2024-06-19,06:15:00 am,0,103.5,21.568,2024-06-19 06:15:00
2024-06-19,06:30:00 am,0,103.508,21.538,2024-06-19 06:30:00
2024-06-19,06:45:00 am,0,103.537,21.513,2024-06-19 06:45:00
2024-06-19,07:00:00 am,0,103.56,21.49,2024-06-19 07:00:00
2024-06-19,07:15:00 am,0,103.602,21.471,2024-06-19 07:15:00
2024-06-19,07:30:00 am,0,103.625,21.457,2024-06-19 07:30:00
2024-06-19,07:45:00 am,0,103.639,21.446,2024-06-19 07:45:00
2024-06-19,08:00:00 am,0,103.65,21.442,2024-06-19 08:00:00
2024-06-19,08:15:00 am,0,103.649,21.441,2024-06-19 08:15:00
2024-06-19,08:30:00 am,0,103.66,21.453,2024-06-19 08:30:00
2024-06-19,08:45:00 am,0,103.665,21.474,2024-06-19 08:45:00
2024-06-19,09:00:00 am,0,103.672,21.493,2024-06-19 09:00:00
2024-06-19,09:15:00 am,0,103.68,21.512,2024-06-19 09:15:00
2024-06-19,09:30:00 am,0,103.686,21.524,2024-06-19 09:30:00
2024-06-19,09:45:00 am,0,103.69,21.539,2024-06-19 09:45:00
2024-06-19,10:00:00 am,0,103.699,21.552,2024-06-19 10:00:00
2024-06-19,10:15:00 am,0,103.7,21.569,2024-06-19 10:15:00
2024-06-19,10:30:00 am,0,103.707,21.588,2024-06-19 10:30:00
2024-06-19,10:45:00 am,0,103.716,21.608,2024-06-19 10:45:00
2024-06-19,11:00:00 am,0,103.724,21.637,2024-06-19 11:00:00
2024-06-19,11:15:00 am,0,103.733,21.668,2024-06-19 11:15:00
2024-06-19,11:30:00 am,0,103.745,21.711,2024-06-19 11:30:00
2024-06-19,11:45:00 am,0,103.751,21.764,2024-06-19 11:45:00
2024-06-19,12:00:00 pm,0,103.762,21.812,2024-06-19 12:00:00
2024-06-19,12:15:00 pm,0,103.764,21.847,2024-06-19 12:15:00
2024-06-19,12:30:00 pm,0,103.762,21.883,2024-06-19 12:30:00
2024-06-19,12:45:00 pm,0,103.765,21.948,2024-06-19 12:45:00
2024-06-19,01:00:00 pm,0,103.759,22.004,2024-06-19 01:00:00
2024-06-19,01:15:00 pm,0,103.744,22.06,2024-06-19 01:15:00
2024-06-19,01:30:00 pm,0,103.732,22.116,2024-06-19 01:30:00
2024-06-19,01:45:00 pm,0,103.725,22.166,2024-06-19 01:45:00
2024-06-19,02:00:00 pm,0,103.71,22.236,2024-06-19 02:00:00
2024-06-19,02:15:00 pm,0,103.704,22.278,2024-06-19 02:15:00
2024-06-19,02:30:00 pm,0,103.693,22.314,2024-06-19 02:30:00
2024-06-19,02:45:00 pm,0,103.676,22.339,2024-06-19 02:45:00
2024-06-19,03:00:00 pm,0,103.662,22.362,2024-06-19 03:00:00
2024-06-19,03:15:00 pm,0,103.632,22.376,2024-06-19 03:15:00
2024-06-19,03:30:00 pm,0,103.616,22.396,2024-06-19 03:30:00
2024-06-19,03:45:00 pm,0,103.61,22.412,2024-06-19 03:45:00
2024-06-19,04:00:00 pm,0,103.597,22.422,2024-06-19 04:00:00
2024-06-19,04:15:00 pm,0,103.589,22.435,2024-06-19 04:15:00
2024-06-19,04:30:00 pm,0,103.58,22.447,2024-06-19 04:30:00
2024-06-19,04:45:00 pm,0,103.572,22.462,2024-06-19 04:45:00
2024-06-19,05:00:00 pm,0,103.566,22.479,2024-06-19 05:00:00
2024-06-19,05:15:00 pm,0,103.543,22.498,2024-06-19 05:15:00
2024-06-19,05:30:00 pm,0,103.544,22.517,2024-06-19 05:30:00
2024-06-19,05:45:00 pm,0,103.542,22.529,2024-06-19 05:45:00
2024-06-19,06:00:00 pm,0,103.546,22.542,2024-06-19 06:00:00
2024-06-19,06:15:00 pm,0,103.548,22.551,2024-06-19 06:15:00
2024-06-19,06:30:00 pm,0,103.555,22.566,2024-06-19 06:30:00
2024-06-19,06:45:00 pm,0,103.562,22.58,2024-06-19 06:45:00
2024-06-19,07:00:00 pm,0,103.566,22.593,2024-06-19 07:00:00
2024-06-19,07:15:00 pm,0,103.571,22.603,2024-06-19 07:15:00
2024-06-19,07:30:00 pm,0,103.58,22.607,2024-06-19 07:30:00
2024-06-19,07:45:00 pm,0,103.584,22.606,2024-06-19 07:45:00
2024-06-19,08:00:00 pm,0,103.584,22.6,2024-06-19 08:00:00
2024-06-19,08:15:00 pm,0,103.58,22.587,2024-06-19 08:15:00
2024-06-19,08:30:00 pm,0,103.574,22.569,2024-06-19 08:30:00
2024-06-19,08:45:00 pm,0,103.573,22.546,2024-06-19 08:45:00
2024-06-19,09:00:00 pm,0,103.572,22.515,2024-06-19 09:00:00
2024-06-19,09:15:00 pm,0,103.568,22.481,2024-06-19 09:15:00
2024-06-19,09:30:00 pm,0,103.58,22.449,2024-06-19 09:30:00
2024-06-19,09:45:00 pm,0,103.579,22.413,2024-06-19 09:45:00
2024-06-19,10:00:00 pm,0,103.579,22.377,2024-06-19 10:00:00
2024-06-19,10:15:00 pm,0,103.582,22.342,2024-06-19 10:15:00
2024-06-19,10:30:00 pm,0,103.576,22.298,2024-06-19 10:30:00
2024-06-19,10:45:00 pm,0,103.574,22.262,2024-06-19 10:45:00
2024-06-19,11:00:00 pm,0,103.571,22.219,2024-06-19 11:00:00
2024-06-19,11:15:00 pm,0,103.573,22.179,2024-06-19 11:15:00
2024-06-19,11:30:00 pm,0,103.561,22.135,2024-06-19 11:30:00
2024-06-19,11:45:00 pm,0,103.557,22.089,2024-06-19 11:45:00
2024-06-20,12:00:00 am,0,103.551,22.046,2024-06-20 12:00:00
2024-06-20,12:15:00 am,0,103.561,22,2024-06-20 12:15:00
2024-06-20,12:30:00 am,0,103.555,21.954,2024-06-20 12:30:00
2024-06-20,12:45:00 am,0,103.545,21.905,2024-06-20 12:45:00
2024-06-20,01:00:00 am,0,103.539,21.857,2024-06-20 01:00:00
2024-06-20,01:15:00 am,0,103.528,21.805,2024-06-20 01:15:00
2024-06-20,01:30:00 am,0,103.555,21.752,2024-06-20 01:30:00
2024-06-20,01:45:00 am,0,103.563,21.699,2024-06-20 01:45:00
2024-06-20,02:00:00 am,0,103.562,21.644,2024-06-20 02:00:00
2024-06-20,02:15:00 am,0,103.548,21.592,2024-06-20 02:15:00
2024-06-20,02:30:00 am,0,103.532,21.538,2024-06-20 02:30:00
2024-06-20,02:45:00 am,0,103.545,21.487,2024-06-20 02:45:00
2024-06-20,03:00:00 am,0,103.545,21.436,2024-06-20 03:00:00
2024-06-20,03:15:00 am,0,103.548,21.38,2024-06-20 03:15:00
2024-06-20,03:30:00 am,0,103.557,21.324,2024-06-20 03:30:00
2024-06-20,03:45:00 am,0,103.57,21.267,2024-06-20 03:45:00
2024-06-20,04:00:00 am,0,103.581,21.215,2024-06-20 04:00:00
2024-06-20,04:15:00 am,0,103.603,21.158,2024-06-20 04:15:00
2024-06-20,04:30:00 am,0,103.617,21.102,2024-06-20 04:30:00
2024-06-20,04:45:00 am,0,103.609,21.046,2024-06-20 04:45:00
2024-06-20,05:00:00 am,0,103.624,20.996,2024-06-20 05:00:00
2024-06-20,05:15:00 am,0,103.641,20.948,2024-06-20 05:15:00
2024-06-20,05:30:00 am,0,103.671,20.9,2024-06-20 05:30:00
2024-06-20,05:45:00 am,0,103.683,20.854,2024-06-20 05:45:00
2024-06-20,06:00:00 am,0,103.697,20.805,2024-06-20 06:00:00
2024-06-20,06:15:00 am,0,103.697,20.754,2024-06-20 06:15:00
2024-06-20,06:30:00 am,0,103.703,20.714,2024-06-20 06:30:00
2024-06-20,06:45:00 am,0,103.701,20.675,2024-06-20 06:45:00
2024-06-20,07:00:00 am,0,103.72,20.639,2024-06-20 07:00:00
2024-06-20,07:15:00 am,0,103.755,20.61,2024-06-20 07:15:00
2024-06-20,07:30:00 am,0,103.773,20.589,2024-06-20 07:30:00
2024-06-20,07:45:00 am,0,103.801,20.582,2024-06-20 07:45:00
2024-06-20,08:00:00 am,0,103.822,20.586,2024-06-20 08:00:00
2024-06-20,08:15:00 am,0,103.829,20.6,2024-06-20 08:15:00
2024-06-20,08:30:00 am,0,103.843,20.62,2024-06-20 08:30:00
2024-06-20,08:45:00 am,0,103.849,20.647,2024-06-20 08:45:00
2024-06-20,09:00:00 am,0,103.855,20.679,2024-06-20 09:00:00
2024-06-20,09:15:00 am,0,103.864,20.709,2024-06-20 09:15:00
2024-06-20,09:30:00 am,0,103.873,20.746,2024-06-20 09:30:00
2024-06-20,09:45:00 am,0,103.89,20.784,2024-06-20 09:45:00
2024-06-20,10:00:00 am,0,103.907,20.827,2024-06-20 10:00:00
2024-06-20,10:15:00 am,0,103.92,20.872,2024-06-20 10:15:00
2024-06-20,10:30:00 am,0,103.927,20.924,2024-06-20 10:30:00
2024-06-20,10:45:00 am,0,103.934,20.971,2024-06-20 10:45:00
2024-06-20,11:00:00 am,0,103.947,21.024,2024-06-20 11:00:00
2024-06-20,11:15:00 am,0,103.96,21.082,2024-06-20 11:15:00
2024-06-20,11:30:00 am,0,103.968,21.151,2024-06-20 11:30:00
2024-06-20,11:45:00 am,0,103.981,21.213,2024-06-20 11:45:00
2024-06-20,12:00:00 pm,0,103.992,21.266,2024-06-20 12:00:00
2024-06-20,12:15:00 pm,0,103.986,21.319,2024-06-20 12:15:00
2024-06-20,12:30:00 pm,0,103.989,21.382,2024-06-20 12:30:00
2024-06-20,12:45:00 pm,0,103.962,21.463,2024-06-20 12:45:00
2024-06-20,01:00:00 pm,0,103.942,21.522,2024-06-20 01:00:00
2024-06-20,01:15:00 pm,0,103.929,21.574,2024-06-20 01:15:00
2024-06-20,01:30:00 pm,0,103.921,21.658,2024-06-20 01:30:00
2024-06-20,01:45:00 pm,0,103.903,21.744,2024-06-20 01:45:00
2024-06-20,02:00:00 pm,0,103.882,21.781,2024-06-20 02:00:00
2024-06-20,02:15:00 pm,0,103.86,21.822,2024-06-20 02:15:00
2024-06-20,02:30:00 pm,0,103.842,21.88,2024-06-20 02:30:00
2024-06-20,02:45:00 pm,0,103.836,21.949,2024-06-20 02:45:00
2024-06-20,03:00:00 pm,0,103.823,21.992,2024-06-20 03:00:00
2024-06-20,03:15:00 pm,0,103.807,22.011,2024-06-20 03:15:00
2024-06-20,03:30:00 pm,0,103.786,22.034,2024-06-20 03:30:00
2024-06-20,03:45:00 pm,0,103.773,22.066,2024-06-20 03:45:00
2024-06-20,04:00:00 pm,0,103.75,22.106,2024-06-20 04:00:00
2024-06-20,04:15:00 pm,0,103.721,22.136,2024-06-20 04:15:00
2024-06-20,04:30:00 pm,0,103.704,22.172,2024-06-20 04:30:00
2024-06-20,04:45:00 pm,0,103.696,22.207,2024-06-20 04:45:00
2024-06-20,05:00:00 pm,0,103.685,22.25,2024-06-20 05:00:00
2024-06-20,05:15:00 pm,0,103.672,22.289,2024-06-20 05:15:00
2024-06-20,05:30:00 pm,0,103.63,22.327,2024-06-20 05:30:00
2024-06-20,05:45:00 pm,0,103.627,22.362,2024-06-20 05:45:00
2024-06-20,06:00:00 pm,0,103.623,22.387,2024-06-20 06:00:00
2024-06-20,06:15:00 pm,0,103.617,22.406,2024-06-20 06:15:00
2024-06-20,06:30:00 pm,0,103.609,22.418,2024-06-20 06:30:00
2024-06-20,06:45:00 pm,0,103.603,22.423,2024-06-20 06:45:00
2024-06-20,07:00:00 pm,0,103.602,22.433,2024-06-20 07:00:00
2024-06-20,07:15:00 pm,0,103.598,22.434,2024-06-20 07:15:00
2024-06-20,07:30:00 pm,0,103.596,22.437,2024-06-20 07:30:00
2024-06-20,07:45:00 pm,0,103.59,22.436,2024-06-20 07:45:00
2024-06-20,08:00:00 pm,0,103.586,22.438,2024-06-20 08:00:00
2024-06-20,08:15:00 pm,0,103.584,22.444,2024-06-20 08:15:00
2024-06-20,08:30:00 pm,0,103.586,22.449,2024-06-20 08:30:00
2024-06-20,08:45:00 pm,0,103.593,22.453,2024-06-20 08:45:00
2024-06-20,09:00:00 pm,0,103.586,22.456,2024-06-20 09:00:00
2024-06-20,09:15:00 pm,0,103.584,22.457,2024-06-20 09:15:00
2024-06-20,09:30:00 pm,0,103.591,22.452,2024-06-20 09:30:00
2024-06-20,09:45:00 pm,0,103.592,22.449,2024-06-20 09:45:00
2024-06-20,10:00:00 pm,0,103.592,22.443,2024-06-20 10:00:00
2024-06-20,10:15:00 pm,0,103.597,22.432,2024-06-20 10:15:00
2024-06-20,10:30:00 pm,0,103.6,22.424,2024-06-20 10:30:00
2024-06-20,10:45:00 pm,0,103.587,22.409,2024-06-20 10:45:00
2024-06-20,11:00:00 pm,0,103.576,22.397,2024-06-20 11:00:00
2024-06-20,11:15:00 pm,0,103.57,22.376,2024-06-20 11:15:00
2024-06-20,11:30:00 pm,0,103.565,22.357,2024-06-20 11:30:00
2024-06-20,11:45:00 pm,0,103.561,22.334,2024-06-20 11:45:00
2024-06-21,12:00:00 am,0,103.558,22.307,2024-06-21 12:00:00
2024-06-21,12:15:00 am,0,103.546,22.28,2024-06-21 12:15:00
2024-06-21,12:30:00 am,0,103.536,22.251,2024-06-21 12:30:00
2024-06-21,12:45:00 am,0,103.538,22.219,2024-06-21 12:45:00
2024-06-21,01:00:00 am,0,103.531,22.188,2024-06-21 01:00:00
2024-06-21,01:15:00 am,0,103.531,22.153,2024-06-21 01:15:00
2024-06-21,01:30:00 am,0,103.523,22.122,2024-06-21 01:30:00
2024-06-21,01:45:00 am,0,103.511,22.084,2024-06-21 01:45:00
2024-06-21,02:00:00 am,0,103.512,22.045,2024-06-21 02:00:00
2024-06-21,02:15:00 am,0,103.505,22.004,2024-06-21 02:15:00
2024-06-21,02:30:00 am,0,103.495,21.962,2024-06-21 02:30:00
2024-06-21,02:45:00 am,0,103.505,21.917,2024-06-21 02:45:00
2024-06-21,03:00:00 am,0,103.5,21.874,2024-06-21 03:00:00
2024-06-21,03:15:00 am,0,103.482,21.829,2024-06-21 03:15:00
2024-06-21,03:30:00 am,0,103.491,21.782,2024-06-21 03:30:00
2024-06-21,03:45:00 am,0,103.485,21.735,2024-06-21 03:45:00
2024-06-21,04:00:00 am,0,103.483,21.683,2024-06-21 04:00:00
2024-06-21,04:15:00 am,0,103.487,21.631,2024-06-21 04:15:00
2024-06-21,04:30:00 am,0,103.503,21.579,2024-06-21 04:30:00
2024-06-21,04:45:00 am,0,103.52,21.527,2024-06-21 04:45:00
2024-06-21,05:00:00 am,0,103.527,21.471,2024-06-21 05:00:00
2024-06-21,05:15:00 am,0,103.531,21.418,2024-06-21 05:15:00
2024-06-21,05:30:00 am,0,103.55,21.365,2024-06-21 05:30:00
2024-06-21,05:45:00 am,0,103.566,21.309,2024-06-21 05:45:00
2024-06-21,06:00:00 am,0,103.553,21.255,2024-06-21 06:00:00
2024-06-21,06:15:00 am,0,103.554,21.197,2024-06-21 06:15:00
2024-06-21,06:30:00 am,0,103.579,21.148,2024-06-21 06:30:00
2024-06-21,06:45:00 am,0,103.6,21.106,2024-06-21 06:45:00
2024-06-21,07:00:00 am,0,103.616,21.066,2024-06-21 07:00:00
2024-06-21,07:15:00 am,0,103.628,21.036,2024-06-21 07:15:00
2024-06-21,07:30:00 am,0,103.627,21.01,2024-06-21 07:30:00
2024-06-21,07:45:00 am,0,103.636,20.992,2024-06-21 07:45:00
2024-06-21,08:00:00 am,0,103.644,20.986,2024-06-21 08:00:00
2024-06-21,08:15:00 am,0,103.642,20.99,2024-06-21 08:15:00
2024-06-21,08:30:00 am,0,103.652,21.005,2024-06-21 08:30:00
2024-06-21,08:45:00 am,0,103.776,21.03,2024-06-21 08:45:00
2024-06-21,09:00:00 am,0,103.779,21.055,2024-06-21 09:00:00
2024-06-21,09:15:00 am,0,103.779,21.084,2024-06-21 09:15:00
2024-06-21,09:30:00 am,0,103.781,21.114,2024-06-21 09:30:00
2024-06-21,09:45:00 am,0,103.78,21.142,2024-06-21 09:45:00
2024-06-21,10:00:00 am,0,103.782,21.175,2024-06-21 10:00:00
2024-06-21,10:15:00 am,0,103.773,21.208,2024-06-21 10:15:00
2024-06-21,10:30:00 am,0,103.766,21.25,2024-06-21 10:30:00
2024-06-21,10:45:00 am,0,103.762,21.289,2024-06-21 10:45:00
2024-06-21,11:00:00 am,0,103.763,21.321,2024-06-21 11:00:00
2024-06-21,11:15:00 am,0,103.752,21.369,2024-06-21 11:15:00
2024-06-21,11:30:00 am,0,103.739,21.426,2024-06-21 11:30:00
2024-06-21,11:45:00 am,0,103.727,21.486,2024-06-21 11:45:00
2024-06-21,12:00:00 pm,0,103.705,21.536,2024-06-21 12:00:00
2024-06-21,12:15:00 pm,0,103.677,21.599,2024-06-21 12:15:00
2024-06-21,12:30:00 pm,0,103.675,21.686,2024-06-21 12:30:00
2024-06-21,12:45:00 pm,0,103.65,21.793,2024-06-21 12:45:00
2024-06-21,01:00:00 pm,0,103.627,21.871,2024-06-21 01:00:00
2024-06-21,01:15:00 pm,0,103.616,21.936,2024-06-21 01:15:00
2024-06-21,01:30:00 pm,0,103.59,21.985,2024-06-21 01:30:00
2024-06-21,01:45:00 pm,0,103.577,22.048,2024-06-21 01:45:00
2024-06-21,02:00:00 pm,0,103.552,22.132,2024-06-21 02:00:00
2024-06-21,02:15:00 pm,0,103.517,22.225,2024-06-21 02:15:00
2024-06-21,02:30:00 pm,0,103.511,22.32,2024-06-21 02:30:00
2024-06-21,02:45:00 pm,0,103.493,22.406,2024-06-21 02:45:00
2024-06-21,03:00:00 pm,0,103.475,22.491,2024-06-21 03:00:00
2024-06-21,03:15:00 pm,0,103.456,22.527,2024-06-21 03:15:00
2024-06-21,03:30:00 pm,0,103.435,22.548,2024-06-21 03:30:00
2024-06-21,03:45:00 pm,0,103.424,22.588,2024-06-21 03:45:00
2024-06-21,04:00:00 pm,0,103.408,22.603,2024-06-21 04:00:00
2024-06-21,04:15:00 pm,0,103.385,22.613,2024-06-21 04:15:00
2024-06-21,04:30:00 pm,0,103.369,22.618,2024-06-21 04:30:00
2024-06-21,04:45:00 pm,0,103.349,22.634,2024-06-21 04:45:00
2024-06-21,05:00:00 pm,0,103.333,22.665,2024-06-21 05:00:00
2024-06-21,05:15:00 pm,0,103.319,22.699,2024-06-21 05:15:00
2024-06-21,05:30:00 pm,0,103.311,22.734,2024-06-21 05:30:00
2024-06-21,05:45:00 pm,0,103.284,22.766,2024-06-21 05:45:00
2024-06-21,06:00:00 pm,0,103.278,22.794,2024-06-21 06:00:00
2024-06-21,06:15:00 pm,0,103.278,22.812,2024-06-21 06:15:00
2024-06-21,06:30:00 pm,0,103.277,22.825,2024-06-21 06:30:00
2024-06-21,06:45:00 pm,0,103.269,22.837,2024-06-21 06:45:00
2024-06-21,07:00:00 pm,0,103.266,22.847,2024-06-21 07:00:00
2024-06-21,07:15:00 pm,0,103.261,22.85,2024-06-21 07:15:00
2024-06-21,07:30:00 pm,0,103.255,22.84,2024-06-21 07:30:00
2024-06-21,07:45:00 pm,0,103.252,22.832,2024-06-21 07:45:00
2024-06-21,08:00:00 pm,0,103.248,22.825,2024-06-21 08:00:00
2024-06-21,08:15:00 pm,0,103.245,22.821,2024-06-21 08:15:00
2024-06-21,08:30:00 pm,0,103.245,22.816,2024-06-21 08:30:00
2024-06-21,08:45:00 pm,0,103.244,22.807,2024-06-21 08:45:00
2024-06-21,09:00:00 pm,0,103.237,22.799,2024-06-21 09:00:00
2024-06-21,09:15:00 pm,0,103.241,22.793,2024-06-21 09:15:00
2024-06-21,09:30:00 pm,0,103.237,22.781,2024-06-21 09:30:00
2024-06-21,09:45:00 pm,0,103.238,22.77,2024-06-21 09:45:00
2024-06-21,10:00:00 pm,0,103.231,22.756,2024-06-21 10:00:00
2024-06-21,10:15:00 pm,0,103.226,22.741,2024-06-21 10:15:00
2024-06-21,10:30:00 pm,0,103.227,22.718,2024-06-21 10:30:00
2024-06-21,10:45:00 pm,0,103.227,22.702,2024-06-21 10:45:00
2024-06-21,11:00:00 pm,0,103.226,22.686,2024-06-21 11:00:00
2024-06-21,11:15:00 pm,0,103.218,22.66,2024-06-21 11:15:00
2024-06-21,11:30:00 pm,0,103.21,22.635,2024-06-21 11:30:00
2024-06-21,11:45:00 pm,0,103.203,22.607,2024-06-21 11:45:00
2024-06-22,12:00:00 am,0,103.197,22.578,2024-06-22 12:00:00
2024-06-22,12:15:00 am,0,103.195,22.546,2024-06-22 12:15:00
2024-06-22,12:30:00 am,0,103.183,22.514,2024-06-22 12:30:00
2024-06-22,12:45:00 am,0,103.176,22.485,2024-06-22 12:45:00
2024-06-22,01:00:00 am,0,103.165,22.449,2024-06-22 01:00:00
2024-06-22,01:15:00 am,0,103.156,22.411,2024-06-22 01:15:00
2024-06-22,01:30:00 am,0,103.144,22.371,2024-06-22 01:30:00
2024-06-22,01:45:00 am,0,103.138,22.33,2024-06-22 01:45:00
2024-06-22,02:00:00 am,0,103.133,22.288,2024-06-22 02:00:00
2024-06-22,02:15:00 am,0,103.13,22.247,2024-06-22 02:15:00
2024-06-22,02:30:00 am,0,103.127,22.2,2024-06-22 02:30:00
2024-06-22,02:45:00 am,0,103.133,22.16,2024-06-22 02:45:00
2024-06-22,03:00:00 am,0,103.132,22.11,2024-06-22 03:00:00
2024-06-22,03:15:00 am,0,103.136,22.063,2024-06-22 03:15:00
2024-06-22,03:30:00 am,0,103.136,22.013,2024-06-22 03:30:00
2024-06-22,03:45:00 am,0,103.147,21.966,2024-06-22 03:45:00
2024-06-22,04:00:00 am,0,103.159,21.915,2024-06-22 04:00:00
2024-06-22,04:15:00 am,0,103.158,21.865,2024-06-22 04:15:00
2024-06-22,04:30:00 am,0,103.149,21.812,2024-06-22 04:30:00
2024-06-22,04:45:00 am,0,103.15,21.76,2024-06-22 04:45:00
2024-06-22,05:00:00 am,0,103.148,21.71,2024-06-22 05:00:00
2024-06-22,05:15:00 am,0,103.156,21.654,2024-06-22 05:15:00
2024-06-22,05:30:00 am,0,103.154,21.598,2024-06-22 05:30:00
2024-06-22,05:45:00 am,0,103.162,21.541,2024-06-22 05:45:00
2024-06-22,06:00:00 am,0,103.168,21.484,2024-06-22 06:00:00
2024-06-22,06:15:00 am,0,103.156,21.43,2024-06-22 06:15:00
2024-06-22,06:30:00 am,0,103.159,21.378,2024-06-22 06:30:00
2024-06-22,06:45:00 am,0,103.192,21.33,2024-06-22 06:45:00
2024-06-22,07:00:00 am,0,103.209,21.293,2024-06-22 07:00:00
2024-06-22,07:15:00 am,0,103.203,21.263,2024-06-22 07:15:00
2024-06-22,07:30:00 am,0,103.213,21.24,2024-06-22 07:30:00
2024-06-22,07:45:00 am,0,103.203,21.226,2024-06-22 07:45:00
2024-06-22,08:00:00 am,0,103.197,21.221,2024-06-22 08:00:00
2024-06-22,08:15:00 am,0,103.209,21.228,2024-06-22 08:15:00
2024-06-22,08:30:00 am,0,103.211,21.24,2024-06-22 08:30:00
2024-06-22,08:45:00 am,0,103.215,21.259,2024-06-22 08:45:00
2024-06-22,09:00:00 am,0,103.217,21.286,2024-06-22 09:00:00
2024-06-22,09:15:00 am,0,103.214,21.305,2024-06-22 09:15:00
2024-06-22,09:30:00 am,0,103.217,21.336,2024-06-22 09:30:00
2024-06-22,09:45:00 am,0,103.221,21.367,2024-06-22 09:45:00
2024-06-22,10:00:00 am,0,103.223,21.399,2024-06-22 10:00:00
2024-06-22,10:15:00 am,0,103.23,21.436,2024-06-22 10:15:00
2024-06-22,10:30:00 am,0,103.239,21.482,2024-06-22 10:30:00
2024-06-22,10:45:00 am,0,103.247,21.526,2024-06-22 10:45:00
2024-06-22,11:00:00 am,0,103.255,21.57,2024-06-22 11:00:00
2024-06-22,11:15:00 am,0,103.263,21.621,2024-06-22 11:15:00
2024-06-22,11:30:00 am,0,103.271,21.692,2024-06-22 11:30:00
2024-06-22,11:45:00 am,0,103.263,21.761,2024-06-22 11:45:00
2024-06-22,12:00:00 pm,0,103.249,21.825,2024-06-22 12:00:00
2024-06-22,12:15:00 pm,0,103.243,21.889,2024-06-22 12:15:00
2024-06-22,12:30:00 pm,0,103.225,21.956,2024-06-22 12:30:00
2024-06-22,12:45:00 pm,0,103.219,22.056,2024-06-22 12:45:00
2024-06-22,01:00:00 pm,0,103.198,22.166,2024-06-22 01:00:00
2024-06-22,01:15:00 pm,0,103.176,22.249,2024-06-22 01:15:00
2024-06-22,01:30:00 pm,0,103.153,22.292,2024-06-22 01:30:00
2024-06-22,01:45:00 pm,0,103.13,22.342,2024-06-22 01:45:00
2024-06-22,02:00:00 pm,0,103.116,22.365,2024-06-22 02:00:00
2024-06-22,02:15:00 pm,0,103.105,22.443,2024-06-22 02:15:00
2024-06-22,02:30:00 pm,0,103.063,22.521,2024-06-22 02:30:00
2024-06-22,02:45:00 pm,0,103.062,22.622,2024-06-22 02:45:00
2024-06-22,03:00:00 pm,0,103.04,22.713,2024-06-22 03:00:00
2024-06-22,03:15:00 pm,0,103.015,22.753,2024-06-22 03:15:00
2024-06-22,03:30:00 pm,0,103.002,22.792,2024-06-22 03:30:00
2024-06-22,03:45:00 pm,0,102.988,22.82,2024-06-22 03:45:00
2024-06-22,04:00:00 pm,0,102.975,22.827,2024-06-22 04:00:00
2024-06-22,04:15:00 pm,0,102.96,22.82,2024-06-22 04:15:00
2024-06-22,04:30:00 pm,0,102.942,22.801,2024-06-22 04:30:00
2024-06-22,04:45:00 pm,0,102.93,22.802,2024-06-22 04:45:00
2024-06-22,05:00:00 pm,0,102.914,22.802,2024-06-22 05:00:00
2024-06-22,05:15:00 pm,0,102.903,22.817,2024-06-22 05:15:00
2024-06-22,05:30:00 pm,0,102.895,22.84,2024-06-22 05:30:00
2024-06-22,05:45:00 pm,0,102.869,22.862,2024-06-22 05:45:00
2024-06-22,06:00:00 pm,0,102.852,22.879,2024-06-22 06:00:00
2024-06-22,06:15:00 pm,0,102.841,22.894,2024-06-22 06:15:00
2024-06-22,06:30:00 pm,0,102.831,22.908,2024-06-22 06:30:00
2024-06-22,06:45:00 pm,0,102.828,22.923,2024-06-22 06:45:00
2024-06-22,07:00:00 pm,0,102.83,22.93,2024-06-22 07:00:00
2024-06-22,07:15:00 pm,0,102.823,22.931,2024-06-22 07:15:00
2024-06-22,07:30:00 pm,0,102.824,22.928,2024-06-22 07:30:00
2024-06-22,07:45:00 pm,0,102.818,22.921,2024-06-22 07:45:00
2024-06-22,08:00:00 pm,0,102.809,22.912,2024-06-22 08:00:00
2024-06-22,08:15:00 pm,0,102.803,22.899,2024-06-22 08:15:00
2024-06-22,08:30:00 pm,0,102.803,22.882,2024-06-22 08:30:00
2024-06-22,08:45:00 pm,0,102.802,22.87,2024-06-22 08:45:00
2024-06-22,09:00:00 pm,0,102.801,22.85,2024-06-22 09:00:00
2024-06-22,09:15:00 pm,0,102.797,22.834,2024-06-22 09:15:00
2024-06-22,09:30:00 pm,0,102.798,22.817,2024-06-22 09:30:00
2024-06-22,09:45:00 pm,0,102.812,22.797,2024-06-22 09:45:00
2024-06-22,10:00:00 pm,0,102.819,22.776,2024-06-22 10:00:00
2024-06-22,10:15:00 pm,0,102.824,22.756,2024-06-22 10:15:00
2024-06-22,10:30:00 pm,0,102.828,22.728,2024-06-22 10:30:00
2024-06-22,10:45:00 pm,0,102.827,22.698,2024-06-22 10:45:00
2024-06-22,11:00:00 pm,0,102.825,22.666,2024-06-22 11:00:00
2024-06-22,11:15:00 pm,0,102.815,22.633,2024-06-22 11:15:00
2024-06-22,11:30:00 pm,0,102.808,22.597,2024-06-22 11:30:00
2024-06-22,11:45:00 pm,0,102.796,22.561,2024-06-22 11:45:00
2024-06-23,12:00:00 am,0,102.796,22.526,2024-06-23 12:00:00
2024-06-23,12:15:00 am,0,102.801,22.491,2024-06-23 12:15:00
2024-06-23,12:30:00 am,0,102.798,22.453,2024-06-23 12:30:00
2024-06-23,12:45:00 am,0,102.776,22.414,2024-06-23 12:45:00
2024-06-23,01:00:00 am,0,102.758,22.372,2024-06-23 01:00:00
2024-06-23,01:15:00 am,0,102.746,22.332,2024-06-23 01:15:00
2024-06-23,01:30:00 am,0,102.733,22.288,2024-06-23 01:30:00
2024-06-23,01:45:00 am,0,102.714,22.24,2024-06-23 01:45:00
2024-06-23,02:00:00 am,0,102.707,22.197,2024-06-23 02:00:00
2024-06-23,02:15:00 am,0,102.686,22.147,2024-06-23 02:15:00
2024-06-23,02:30:00 am,0,102.681,22.101,2024-06-23 02:30:00
2024-06-23,02:45:00 am,0,102.674,22.053,2024-06-23 02:45:00
2024-06-23,03:00:00 am,0,102.672,22,2024-06-23 03:00:00
2024-06-23,03:15:00 am,0,102.659,21.947,2024-06-23 03:15:00
2024-06-23,03:30:00 am,0,102.665,21.898,2024-06-23 03:30:00
2024-06-23,03:45:00 am,0,102.657,21.851,2024-06-23 03:45:00
2024-06-23,04:00:00 am,0,102.669,21.803,2024-06-23 04:00:00
2024-06-23,04:15:00 am,0,102.657,21.745,2024-06-23 04:15:00
2024-06-23,04:30:00 am,0,102.666,21.693,2024-06-23 04:30:00
2024-06-23,04:45:00 am,0,102.679,21.637,2024-06-23 04:45:00
2024-06-23,05:00:00 am,0,102.67,21.583,2024-06-23 05:00:00
2024-06-23,05:15:00 am,0,102.674,21.527,2024-06-23 05:15:00
2024-06-23,05:30:00 am,0,102.678,21.475,2024-06-23 05:30:00
2024-06-23,05:45:00 am,0,102.695,21.417,2024-06-23 05:45:00
2024-06-23,06:00:00 am,0,102.691,21.36,2024-06-23 06:00:00
2024-06-23,06:15:00 am,0,102.692,21.306,2024-06-23 06:15:00
2024-06-23,06:30:00 am,0,102.706,21.256,2024-06-23 06:30:00
2024-06-23,06:45:00 am,0,102.714,21.208,2024-06-23 06:45:00
2024-06-23,07:00:00 am,0,102.721,21.169,2024-06-23 07:00:00
2024-06-23,07:15:00 am,0,102.727,21.138,2024-06-23 07:15:00
2024-06-23,07:30:00 am,0,102.737,21.114,2024-06-23 07:30:00
2024-06-23,07:45:00 am,0,102.737,21.103,2024-06-23 07:45:00
2024-06-23,08:00:00 am,0,102.749,21.101,2024-06-23 08:00:00
2024-06-23,08:15:00 am,0,102.749,21.108,2024-06-23 08:15:00
2024-06-23,08:30:00 am,0,102.752,21.125,2024-06-23 08:30:00
2024-06-23,08:45:00 am,0,102.756,21.153,2024-06-23 08:45:00
2024-06-23,09:00:00 am,0,102.754,21.181,2024-06-23 09:00:00
2024-06-23,09:15:00 am,0,102.762,21.21,2024-06-23 09:15:00
2024-06-23,09:30:00 am,0,102.769,21.246,2024-06-23 09:30:00
2024-06-23,09:45:00 am,0,102.771,21.285,2024-06-23 09:45:00
2024-06-23,10:00:00 am,0,102.782,21.322,2024-06-23 10:00:00
2024-06-23,10:15:00 am,0,102.789,21.361,2024-06-23 10:15:00
2024-06-23,10:30:00 am,0,102.791,21.413,2024-06-23 10:30:00
2024-06-23,10:45:00 am,0,102.801,21.458,2024-06-23 10:45:00
2024-06-23,11:00:00 am,0,102.81,21.506,2024-06-23 11:00:00
2024-06-23,11:15:00 am,0,102.816,21.558,2024-06-23 11:15:00
2024-06-23,11:30:00 am,0,102.829,21.629,2024-06-23 11:30:00
2024-06-23,11:45:00 am,0,102.843,21.713,2024-06-23 11:45:00
2024-06-23,12:00:00 pm,0,102.849,21.771,2024-06-23 12:00:00
2024-06-23,12:15:00 pm,0,102.838,21.797,2024-06-23 12:15:00
2024-06-23,12:30:00 pm,0,102.831,21.815,2024-06-23 12:30:00
2024-06-23,12:45:00 pm,0,102.83,21.881,2024-06-23 12:45:00
2024-06-23,01:00:00 pm,0,102.824,21.944,2024-06-23 01:00:00
2024-06-23,01:15:00 pm,0,102.81,22.004,2024-06-23 01:15:00
2024-06-23,01:30:00 pm,0,102.775,22.049,2024-06-23 01:30:00
2024-06-23,01:45:00 pm,0,102.76,22.114,2024-06-23 01:45:00
2024-06-23,02:00:00 pm,0,102.743,22.192,2024-06-23 02:00:00
2024-06-23,02:15:00 pm,0,102.724,22.219,2024-06-23 02:15:00
2024-06-23,02:30:00 pm,0,102.716,22.287,2024-06-23 02:30:00
2024-06-23,02:45:00 pm,0,102.698,22.313,2024-06-23 02:45:00
2024-06-23,03:00:00 pm,0,102.688,22.398,2024-06-23 03:00:00
2024-06-23,03:15:00 pm,0,102.661,22.432,2024-06-23 03:15:00
2024-06-23,03:30:00 pm,0,102.643,22.46,2024-06-23 03:30:00
2024-06-23,03:45:00 pm,0,102.62,22.507,2024-06-23 03:45:00
2024-06-23,04:00:00 pm,0,102.604,22.537,2024-06-23 04:00:00
2024-06-23,04:15:00 pm,0,102.585,22.539,2024-06-23 04:15:00
2024-06-23,04:30:00 pm,0,102.569,22.546,2024-06-23 04:30:00
2024-06-23,04:45:00 pm,0,102.547,22.558,2024-06-23 04:45:00
2024-06-23,05:00:00 pm,0,102.535,22.561,2024-06-23 05:00:00
2024-06-23,05:15:00 pm,0,102.523,22.57,2024-06-23 05:15:00
2024-06-23,05:30:00 pm,0,102.51,22.587,2024-06-23 05:30:00
2024-06-23,05:45:00 pm,0,102.495,22.607,2024-06-23 05:45:00
2024-06-23,06:00:00 pm,0,102.485,22.625,2024-06-23 06:00:00
2024-06-23,06:15:00 pm,0,102.482,22.64,2024-06-23 06:15:00
2024-06-23,06:30:00 pm,0,102.482,22.658,2024-06-23 06:30:00
2024-06-23,06:45:00 pm,0,102.478,22.669,2024-06-23 06:45:00
2024-06-23,07:00:00 pm,0,102.477,22.677,2024-06-23 07:00:00
2024-06-23,07:15:00 pm,0,102.47,22.682,2024-06-23 07:15:00
2024-06-23,07:30:00 pm,0,102.464,22.679,2024-06-23 07:30:00
2024-06-23,07:45:00 pm,0,102.457,22.678,2024-06-23 07:45:00
2024-06-23,08:00:00 pm,0,102.451,22.67,2024-06-23 08:00:00
2024-06-23,08:15:00 pm,0,102.44,22.661,2024-06-23 08:15:00
2024-06-23,08:30:00 pm,0,102.437,22.65,2024-06-23 08:30:00
2024-06-23,08:45:00 pm,0,102.433,22.637,2024-06-23 08:45:00
2024-06-23,09:00:00 pm,0,102.431,22.623,2024-06-23 09:00:00
2024-06-23,09:15:00 pm,0,102.437,22.611,2024-06-23 09:15:00
2024-06-23,09:30:00 pm,0,102.433,22.596,2024-06-23 09:30:00
2024-06-23,09:45:00 pm,0,102.437,22.586,2024-06-23 09:45:00
2024-06-23,10:00:00 pm,0,102.446,22.575,2024-06-23 10:00:00
2024-06-23,10:15:00 pm,0,102.449,22.563,2024-06-23 10:15:00
2024-06-23,10:30:00 pm,0,102.457,22.552,2024-06-23 10:30:00
2024-06-23,10:45:00 pm,0,102.462,22.541,2024-06-23 10:45:00
2024-06-23,11:00:00 pm,0,102.461,22.532,2024-06-23 11:00:00
2024-06-23,11:15:00 pm,0,102.467,22.523,2024-06-23 11:15:00
2024-06-23,11:30:00 pm,0,102.468,22.513,2024-06-23 11:30:00
2024-06-23,11:45:00 pm,0,102.471,22.504,2024-06-23 11:45:00
2024-06-24,12:00:00 am,0,102.477,22.496,2024-06-24 12:00:00
2024-06-24,12:15:00 am,0,102.47,22.487,2024-06-24 12:15:00
2024-06-24,12:30:00 am,0,102.47,22.481,2024-06-24 12:30:00
2024-06-24,12:45:00 am,0,102.47,22.473,2024-06-24 12:45:00
2024-06-24,01:00:00 am,0,102.454,22.467,2024-06-24 01:00:00
2024-06-24,01:15:00 am,0,102.448,22.463,2024-06-24 01:15:00
2024-06-24,01:30:00 am,0,102.442,22.457,2024-06-24 01:30:00
2024-06-24,01:45:00 am,0,102.443,22.449,2024-06-24 01:45:00
2024-06-24,02:00:00 am,0,102.437,22.443,2024-06-24 02:00:00
2024-06-24,02:15:00 am,0,102.427,22.437,2024-06-24 02:15:00
2024-06-24,02:30:00 am,0,102.42,22.431,2024-06-24 02:30:00
2024-06-24,02:45:00 am,0,102.411,22.427,2024-06-24 02:45:00
2024-06-24,03:00:00 am,0,102.406,22.42,2024-06-24 03:00:00
2024-06-24,03:15:00 am,0,102.4,22.414,2024-06-24 03:15:00
2024-06-24,03:30:00 am,0,102.4,22.408,2024-06-24 03:30:00
2024-06-24,03:45:00 am,0,102.406,22.397,2024-06-24 03:45:00
2024-06-24,04:00:00 am,0,102.411,22.388,2024-06-24 04:00:00
2024-06-24,04:15:00 am,0,102.405,22.382,2024-06-24 04:15:00
2024-06-24,04:30:00 am,0,102.414,22.374,2024-06-24 04:30:00
2024-06-24,04:45:00 am,0,102.434,22.365,2024-06-24 04:45:00
2024-06-24,05:00:00 am,0,102.448,22.358,2024-06-24 05:00:00
2024-06-24,05:15:00 am,0,102.433,22.349,2024-06-24 05:15:00
2024-06-24,05:30:00 am,0,102.452,22.342,2024-06-24 05:30:00
2024-06-24,05:45:00 am,0,102.525,22.335,2024-06-24 05:45:00
2024-06-24,06:00:00 am,0,102.556,22.329,2024-06-24 06:00:00
2024-06-24,06:15:00 am,0,102.556,22.338,2024-06-24 06:15:00
2024-06-24,06:30:00 am,0,102.566,22.326,2024-06-24 06:30:00
2024-06-24,06:45:00 am,0,102.601,22.313,2024-06-24 06:45:00
2024-06-24,07:00:00 am,0,102.611,22.305,2024-06-24 07:00:00
2024-06-24,07:15:00 am,0,102.6,22.297,2024-06-24 07:15:00
2024-06-24,07:30:00 am,0,102.592,22.287,2024-06-24 07:30:00
2024-06-24,07:45:00 am,0,102.633,22.277,2024-06-24 07:45:00
2024-06-24,08:00:00 am,0,102.64,22.265,2024-06-24 08:00:00
2024-06-24,08:15:00 am,0,102.64,22.26,2024-06-24 08:15:00
2024-06-24,08:30:00 am,0,102.639,22.256,2024-06-24 08:30:00
2024-06-24,08:45:00 am,0,102.647,22.258,2024-06-24 08:45:00
2024-06-24,09:00:00 am,0,102.648,22.264,2024-06-24 09:00:00
2024-06-24,09:15:00 am,0,102.665,22.273,2024-06-24 09:15:00
2024-06-24,09:30:00 am,0,102.664,22.289,2024-06-24 09:30:00
2024-06-24,09:45:00 am,0,102.673,22.305,2024-06-24 09:45:00
2024-06-24,10:00:00 am,0,102.679,22.321,2024-06-24 10:00:00
2024-06-24,10:15:00 am,0,102.685,22.355,2024-06-24 10:15:00
2024-06-24,10:30:00 am,0,102.693,22.37,2024-06-24 10:30:00
2024-06-24,10:45:00 am,0,102.705,22.402,2024-06-24 10:45:00
2024-06-24,11:00:00 am,0,102.706,22.415,2024-06-24 11:00:00
2024-06-24,11:15:00 am,0,102.712,22.451,2024-06-24 11:15:00
2024-06-24,11:30:00 am,0,102.723,22.495,2024-06-24 11:30:00
2024-06-24,11:45:00 am,0,102.735,22.549,2024-06-24 11:45:00
2024-06-24,12:00:00 pm,0,102.746,22.601,2024-06-24 12:00:00
2024-06-24,12:15:00 pm,0,102.761,22.662,2024-06-24 12:15:00
2024-06-24,12:30:00 pm,0,102.78,22.737,2024-06-24 12:30:00
2024-06-24,12:45:00 pm,0,102.796,22.823,2024-06-24 12:45:00
2024-06-24,01:00:00 pm,0,102.807,22.903,2024-06-24 01:00:00
2024-06-24,01:15:00 pm,0,102.816,22.974,2024-06-24 01:15:00
2024-06-24,01:30:00 pm,0,102.827,23.033,2024-06-24 01:30:00
2024-06-24,01:45:00 pm,0,102.829,23.077,2024-06-24 01:45:00
2024-06-24,02:00:00 pm,0,102.833,23.141,2024-06-24 02:00:00
2024-06-24,02:15:00 pm,0,102.837,23.201,2024-06-24 02:15:00
2024-06-24,02:30:00 pm,0,102.789,23.279,2024-06-24 02:30:00
2024-06-24,02:45:00 pm,0,102.765,23.367,2024-06-24 02:45:00
2024-06-24,03:00:00 pm,0,102.757,23.436,2024-06-24 03:00:00
2024-06-24,03:15:00 pm,0,102.729,23.472,2024-06-24 03:15:00
2024-06-24,03:30:00 pm,0,102.713,23.495,2024-06-24 03:30:00
2024-06-24,03:45:00 pm,0,102.704,23.528,2024-06-24 03:45:00
2024-06-24,04:00:00 pm,0,102.69,23.55,2024-06-24 04:00:00
2024-06-24,04:15:00 pm,0,102.672,23.565,2024-06-24 04:15:00
2024-06-24,04:30:00 pm,0,102.673,23.562,2024-06-24 04:30:00
2024-06-24,04:45:00 pm,0,102.672,23.58,2024-06-24 04:45:00
2024-06-24,05:00:00 pm,0,102.666,23.604,2024-06-24 05:00:00
2024-06-24,05:15:00 pm,0,102.658,23.635,2024-06-24 05:15:00
2024-06-24,05:30:00 pm,0,102.638,23.683,2024-06-24 05:30:00
2024-06-24,05:45:00 pm,0,102.631,23.713,2024-06-24 05:45:00
2024-06-24,06:00:00 pm,0,102.631,23.738,2024-06-24 06:00:00
2024-06-24,06:15:00 pm,0,102.627,23.753,2024-06-24 06:15:00
2024-06-24,06:30:00 pm,0,102.612,23.765,2024-06-24 06:30:00
2024-06-24,06:45:00 pm,0,102.607,23.772,2024-06-24 06:45:00
2024-06-24,07:00:00 pm,0,102.606,23.77,2024-06-24 07:00:00
2024-06-24,07:15:00 pm,0,102.611,23.765,2024-06-24 07:15:00
2024-06-24,07:30:00 pm,0,102.607,23.757,2024-06-24 07:30:00
2024-06-24,07:45:00 pm,0,102.605,23.748,2024-06-24 07:45:00
2024-06-24,08:00:00 pm,0,102.598,23.74,2024-06-24 08:00:00
2024-06-24,08:15:00 pm,0,102.596,23.731,2024-06-24 08:15:00
2024-06-24,08:30:00 pm,0,102.591,23.726,2024-06-24 08:30:00
2024-06-24,08:45:00 pm,0,102.593,23.719,2024-06-24 08:45:00
2024-06-24,09:00:00 pm,0,102.592,23.712,2024-06-24 09:00:00
2024-06-24,09:15:00 pm,0,102.599,23.704,2024-06-24 09:15:00
2024-06-24,09:30:00 pm,0,102.599,23.698,2024-06-24 09:30:00
2024-06-24,09:45:00 pm,0,102.606,23.693,2024-06-24 09:45:00
2024-06-24,10:00:00 pm,0,102.617,23.683,2024-06-24 10:00:00
2024-06-24,10:15:00 pm,0,102.62,23.675,2024-06-24 10:15:00
2024-06-24,10:30:00 pm,0,102.627,23.666,2024-06-24 10:30:00
2024-06-24,10:45:00 pm,0,102.629,23.656,2024-06-24 10:45:00
2024-06-24,11:00:00 pm,0,102.628,23.641,2024-06-24 11:00:00
2024-06-24,11:15:00 pm,0,102.623,23.628,2024-06-24 11:15:00
2024-06-24,11:30:00 pm,0,102.621,23.612,2024-06-24 11:30:00
2024-06-24,11:45:00 pm,0,102.622,23.592,2024-06-24 11:45:00
2024-06-25,12:00:00 am,0,102.623,23.575,2024-06-25 12:00:00
2024-06-25,12:15:00 am,0,102.617,23.551,2024-06-25 12:15:00
2024-06-25,12:30:00 am,0,102.611,23.527,2024-06-25 12:30:00
2024-06-25,12:45:00 am,0,102.606,23.504,2024-06-25 12:45:00
2024-06-25,01:00:00 am,0,102.6,23.474,2024-06-25 01:00:00
2024-06-25,01:15:00 am,0,102.595,23.443,2024-06-25 01:15:00
2024-06-25,01:30:00 am,0,102.598,23.409,2024-06-25 01:30:00
2024-06-25,01:45:00 am,0,102.594,23.368,2024-06-25 01:45:00
2024-06-25,02:00:00 am,0,102.582,23.332,2024-06-25 02:00:00
2024-06-25,02:15:00 am,0,102.575,23.293,2024-06-25 02:15:00
2024-06-25,02:30:00 am,0,102.564,23.25,2024-06-25 02:30:00
2024-06-25,02:45:00 am,0,102.554,23.208,2024-06-25 02:45:00
2024-06-25,03:00:00 am,0,102.546,23.162,2024-06-25 03:00:00
2024-06-25,03:15:00 am,0,102.562,23.115,2024-06-25 03:15:00
2024-06-25,03:30:00 am,0,102.569,23.069,2024-06-25 03:30:00
2024-06-25,03:45:00 am,0,102.576,23.021,2024-06-25 03:45:00
2024-06-25,04:00:00 am,0,102.58,22.971,2024-06-25 04:00:00
2024-06-25,04:15:00 am,0,102.569,22.919,2024-06-25 04:15:00
2024-06-25,04:30:00 am,0,102.561,22.869,2024-06-25 04:30:00
2024-06-25,04:45:00 am,0,102.553,22.814,2024-06-25 04:45:00
2024-06-25,05:00:00 am,0,102.554,22.759,2024-06-25 05:00:00
2024-06-25,05:15:00 am,0,102.562,22.706,2024-06-25 05:15:00
2024-06-25,05:30:00 am,0,102.553,22.652,2024-06-25 05:30:00
2024-06-25,05:45:00 am,0,102.611,22.597,2024-06-25 05:45:00
2024-06-25,06:00:00 am,0,102.621,22.547,2024-06-25 06:00:00
2024-06-25,06:15:00 am,0,102.643,22.494,2024-06-25 06:15:00
2024-06-25,06:30:00 am,0,102.664,22.44,2024-06-25 06:30:00
2024-06-25,06:45:00 am,0,102.683,22.397,2024-06-25 06:45:00
2024-06-25,07:00:00 am,0,102.688,22.355,2024-06-25 07:00:00
2024-06-25,07:15:00 am,0,102.699,22.319,2024-06-25 07:15:00
2024-06-25,07:30:00 am,0,102.707,22.29,2024-06-25 07:30:00
2024-06-25,07:45:00 am,0,102.726,22.27,2024-06-25 07:45:00
2024-06-25,08:00:00 am,0,102.711,22.262,2024-06-25 08:00:00
2024-06-25,08:15:00 am,0,102.698,22.264,2024-06-25 08:15:00
2024-06-25,08:30:00 am,0,102.71,22.272,2024-06-25 08:30:00
2024-06-25,08:45:00 am,0,102.71,22.287,2024-06-25 08:45:00
2024-06-25,09:00:00 am,0,102.717,22.307,2024-06-25 09:00:00
2024-06-25,09:15:00 am,0,102.717,22.33,2024-06-25 09:15:00
2024-06-25,09:30:00 am,0,102.711,22.36,2024-06-25 09:30:00
2024-06-25,09:45:00 am,0,102.717,22.386,2024-06-25 09:45:00
2024-06-25,10:00:00 am,0,102.72,22.407,2024-06-25 10:00:00
2024-06-25,10:15:00 am,0,102.72,22.442,2024-06-25 10:15:00
2024-06-25,10:30:00 am,0,102.73,22.478,2024-06-25 10:30:00
2024-06-25,10:45:00 am,0,102.728,22.515,2024-06-25 10:45:00
2024-06-25,11:00:00 am,0,102.739,22.554,2024-06-25 11:00:00
2024-06-25,11:15:00 am,0,102.742,22.597,2024-06-25 11:15:00
2024-06-25,11:30:00 am,0,102.745,22.65,2024-06-25 11:30:00
2024-06-25,11:45:00 am,0,102.743,22.708,2024-06-25 11:45:00
2024-06-25,12:00:00 pm,0,102.729,22.765,2024-06-25 12:00:00
2024-06-25,12:15:00 pm,0,102.717,22.821,2024-06-25 12:15:00
2024-06-25,12:30:00 pm,0,102.716,22.9,2024-06-25 12:30:00
2024-06-25,12:45:00 pm,0,102.704,23.004,2024-06-25 12:45:00
2024-06-25,01:00:00 pm,0,102.693,23.108,2024-06-25 01:00:00
2024-06-25,01:15:00 pm,0,102.677,23.192,2024-06-25 01:15:00
2024-06-25,01:30:00 pm,0,102.663,23.267,2024-06-25 01:30:00
2024-06-25,01:45:00 pm,0,102.66,23.316,2024-06-25 01:45:00
2024-06-25,02:00:00 pm,0,102.658,23.366,2024-06-25 02:00:00
2024-06-25,02:15:00 pm,0,102.657,23.447,2024-06-25 02:15:00
2024-06-25,02:30:00 pm,0,102.65,23.503,2024-06-25 02:30:00
2024-06-25,02:45:00 pm,0,102.664,23.593,2024-06-25 02:45:00
2024-06-25,03:00:00 pm,0,102.686,23.693,2024-06-25 03:00:00
2024-06-25,03:15:00 pm,0,102.686,23.731,2024-06-25 03:15:00
2024-06-25,03:30:00 pm,0,102.68,23.753,2024-06-25 03:30:00
2024-06-25,03:45:00 pm,0,102.676,23.788,2024-06-25 03:45:00
2024-06-25,04:00:00 pm,0,102.667,23.817,2024-06-25 04:00:00
2024-06-25,04:15:00 pm,0,102.667,23.829,2024-06-25 04:15:00
2024-06-25,04:30:00 pm,0,102.643,23.827,2024-06-25 04:30:00
2024-06-25,04:45:00 pm,0,102.621,23.825,2024-06-25 04:45:00
2024-06-25,05:00:00 pm,0,102.59,23.822,2024-06-25 05:00:00
2024-06-25,05:15:00 pm,0,102.574,23.82,2024-06-25 05:15:00
2024-06-25,05:30:00 pm,0,102.561,23.837,2024-06-25 05:30:00
2024-06-25,05:45:00 pm,0,102.555,23.861,2024-06-25 05:45:00
2024-06-25,06:00:00 pm,0,102.551,23.873,2024-06-25 06:00:00
2024-06-25,06:15:00 pm,0,102.539,23.882,2024-06-25 06:15:00
2024-06-25,06:30:00 pm,0,102.533,23.893,2024-06-25 06:30:00
2024-06-25,06:45:00 pm,0,102.528,23.902,2024-06-25 06:45:00
2024-06-25,07:00:00 pm,0,102.529,23.907,2024-06-25 07:00:00
2024-06-25,07:15:00 pm,0,102.532,23.906,2024-06-25 07:15:00
2024-06-25,07:30:00 pm,0,102.532,23.899,2024-06-25 07:30:00
2024-06-25,07:45:00 pm,0,102.525,23.888,2024-06-25 07:45:00
2024-06-25,08:00:00 pm,0,102.52,23.879,2024-06-25 08:00:00
2024-06-25,08:15:00 pm,0,102.507,23.862,2024-06-25 08:15:00
2024-06-25,08:30:00 pm,0,102.506,23.841,2024-06-25 08:30:00
2024-06-25,08:45:00 pm,0,102.501,23.82,2024-06-25 08:45:00
2024-06-25,09:00:00 pm,0,102.495,23.797,2024-06-25 09:00:00
2024-06-25,09:15:00 pm,0,102.491,23.769,2024-06-25 09:15:00
2024-06-25,09:30:00 pm,0,102.489,23.742,2024-06-25 09:30:00
2024-06-25,09:45:00 pm,0,102.489,23.717,2024-06-25 09:45:00
2024-06-25,10:00:00 pm,0,102.491,23.693,2024-06-25 10:00:00
2024-06-25,10:15:00 pm,0,102.493,23.663,2024-06-25 10:15:00
2024-06-25,10:30:00 pm,0,102.49,23.634,2024-06-25 10:30:00
2024-06-25,10:45:00 pm,0,102.485,23.607,2024-06-25 10:45:00
2024-06-25,11:00:00 pm,0,102.477,23.58,2024-06-25 11:00:00
2024-06-25,11:15:00 pm,0,102.477,23.553,2024-06-25 11:15:00
2024-06-25,11:30:00 pm,0,102.489,23.521,2024-06-25 11:30:00
2024-06-25,11:45:00 pm,0,102.478,23.488,2024-06-25 11:45:00
2024-06-26,12:00:00 am,0,102.463,23.454,2024-06-26 12:00:00
2024-06-26,12:15:00 am,0,102.461,23.423,2024-06-26 12:15:00
2024-06-26,12:30:00 am,0,102.452,23.389,2024-06-26 12:30:00
2024-06-26,12:45:00 am,0,102.439,23.356,2024-06-26 12:45:00
2024-06-26,01:00:00 am,0,102.433,23.322,2024-06-26 01:00:00
2024-06-26,01:15:00 am,0,102.424,23.289,2024-06-26 01:15:00
2024-06-26,01:30:00 am,0,102.41,23.255,2024-06-26 01:30:00
2024-06-26,01:45:00 am,0,102.401,23.222,2024-06-26 01:45:00
2024-06-26,02:00:00 am,0,102.386,23.184,2024-06-26 02:00:00
2024-06-26,02:15:00 am,0,102.377,23.152,2024-06-26 02:15:00
2024-06-26,02:30:00 am,0,102.37,23.114,2024-06-26 02:30:00
2024-06-26,02:45:00 am,0,102.36,23.08,2024-06-26 02:45:00
2024-06-26,03:00:00 am,0,102.354,23.043,2024-06-26 03:00:00
2024-06-26,03:15:00 am,0,102.338,23.01,2024-06-26 03:15:00
2024-06-26,03:30:00 am,0,102.332,22.975,2024-06-26 03:30:00
2024-06-26,03:45:00 am,0,102.324,22.936,2024-06-26 03:45:00
2024-06-26,04:00:00 am,0,102.323,22.898,2024-06-26 04:00:00
2024-06-26,04:15:00 am,0,102.319,22.864,2024-06-26 04:15:00
2024-06-26,04:30:00 am,0,102.322,22.826,2024-06-26 04:30:00
2024-06-26,04:45:00 am,0,102.315,22.786,2024-06-26 04:45:00
2024-06-26,05:00:00 am,0,102.321,22.746,2024-06-26 05:00:00
2024-06-26,05:15:00 am,0,102.322,22.708,2024-06-26 05:15:00
2024-06-26,05:30:00 am,0,102.318,22.665,2024-06-26 05:30:00
2024-06-26,05:45:00 am,0,102.339,22.625,2024-06-26 05:45:00
2024-06-26,06:00:00 am,0,102.342,22.589,2024-06-26 06:00:00
2024-06-26,06:15:00 am,0,102.351,22.546,2024-06-26 06:15:00
2024-06-26,06:30:00 am,0,102.359,22.508,2024-06-26 06:30:00
2024-06-26,06:45:00 am,0,102.367,22.473,2024-06-26 06:45:00
2024-06-26,07:00:00 am,0,102.372,22.442,2024-06-26 07:00:00
2024-06-26,07:15:00 am,0,102.379,22.42,2024-06-26 07:15:00
2024-06-26,07:30:00 am,0,102.385,22.406,2024-06-26 07:30:00
2024-06-26,07:45:00 am,0,102.396,22.396,2024-06-26 07:45:00
2024-06-26,08:00:00 am,0,102.395,22.394,2024-06-26 08:00:00
2024-06-26,08:15:00 am,0,102.396,22.401,2024-06-26 08:15:00
2024-06-26,08:30:00 am,0,102.406,22.413,2024-06-26 08:30:00
2024-06-26,08:45:00 am,0,102.42,22.43,2024-06-26 08:45:00
2024-06-26,09:00:00 am,0,102.422,22.46,2024-06-26 09:00:00
2024-06-26,09:15:00 am,0,102.421,22.488,2024-06-26 09:15:00
2024-06-26,09:30:00 am,0,102.419,22.519,2024-06-26 09:30:00
2024-06-26,09:45:00 am,0,102.427,22.557,2024-06-26 09:45:00
2024-06-26,10:00:00 am,0,102.406,22.594,2024-06-26 10:00:00
2024-06-26,10:15:00 am,0,102.395,22.639,2024-06-26 10:15:00
2024-06-26,10:30:00 am,0,102.391,22.682,2024-06-26 10:30:00
2024-06-26,10:45:00 am,0,102.396,22.731,2024-06-26 10:45:00
2024-06-26,11:00:00 am,0,102.384,22.778,2024-06-26 11:00:00
2024-06-26,11:15:00 am,0,102.384,22.835,2024-06-26 11:15:00
2024-06-26,11:30:00 am,0,102.366,22.899,2024-06-26 11:30:00
2024-06-26,11:45:00 am,0,102.347,22.978,2024-06-26 11:45:00
2024-06-26,12:00:00 pm,0,102.326,23.05,2024-06-26 12:00:00
2024-06-26,12:15:00 pm,0,102.328,23.118,2024-06-26 12:15:00
2024-06-26,12:30:00 pm,0,102.336,23.195,2024-06-26 12:30:00
2024-06-26,12:45:00 pm,0,102.344,23.3,2024-06-26 12:45:00
2024-06-26,01:00:00 pm,0,102.34,23.402,2024-06-26 01:00:00
2024-06-26,01:15:00 pm,0,102.285,23.484,2024-06-26 01:15:00
2024-06-26,01:30:00 pm,0,102.289,23.54,2024-06-26 01:30:00
2024-06-26,01:45:00 pm,0,102.297,23.588,2024-06-26 01:45:00
2024-06-26,02:00:00 pm,0,102.241,23.604,2024-06-26 02:00:00
2024-06-26,02:15:00 pm,0,102.249,23.599,2024-06-26 02:15:00
2024-06-26,02:30:00 pm,0,102.261,23.668,2024-06-26 02:30:00
2024-06-26,02:45:00 pm,0,102.284,23.733,2024-06-26 02:45:00
2024-06-26,03:00:00 pm,0,102.273,23.735,2024-06-26 03:00:00
2024-06-26,03:15:00 pm,0,102.271,23.751,2024-06-26 03:15:00
2024-06-26,03:30:00 pm,0,102.27,23.783,2024-06-26 03:30:00
2024-06-26,03:45:00 pm,0,102.263,23.77,2024-06-26 03:45:00
2024-06-26,04:00:00 pm,0,102.244,23.743,2024-06-26 04:00:00
2024-06-26,04:15:00 pm,0,102.228,23.729,2024-06-26 04:15:00
2024-06-26,04:30:00 pm,0,102.231,23.716,2024-06-26 04:30:00
2024-06-26,04:45:00 pm,0,102.222,23.705,2024-06-26 04:45:00
2024-06-26,05:00:00 pm,0,102.214,23.689,2024-06-26 05:00:00
2024-06-26,05:15:00 pm,0,102.2,23.678,2024-06-26 05:15:00
2024-06-26,05:30:00 pm,0,102.191,23.666,2024-06-26 05:30:00
2024-06-26,05:45:00 pm,0,102.166,23.658,2024-06-26 05:45:00
2024-06-26,06:00:00 pm,0,102.154,23.657,2024-06-26 06:00:00
2024-06-26,06:15:00 pm,0,102.169,23.659,2024-06-26 06:15:00
2024-06-26,06:30:00 pm,0,102.181,23.658,2024-06-26 06:30:00
2024-06-26,06:45:00 pm,0,102.183,23.656,2024-06-26 06:45:00
2024-06-26,07:00:00 pm,0,102.189,23.653,2024-06-26 07:00:00
2024-06-26,07:15:00 pm,0,102.179,23.65,2024-06-26 07:15:00
2024-06-26,07:30:00 pm,0,102.167,23.647,2024-06-26 07:30:00
2024-06-26,07:45:00 pm,0,102.165,23.644,2024-06-26 07:45:00
2024-06-26,08:00:00 pm,0,102.145,23.636,2024-06-26 08:00:00
2024-06-26,08:15:00 pm,0,102.139,23.625,2024-06-26 08:15:00
2024-06-26,08:30:00 pm,0,102.138,23.611,2024-06-26 08:30:00
2024-06-26,08:45:00 pm,0,102.136,23.594,2024-06-26 08:45:00
2024-06-26,09:00:00 pm,0,102.135,23.575,2024-06-26 09:00:00
2024-06-26,09:15:00 pm,0,102.138,23.556,2024-06-26 09:15:00
2024-06-26,09:30:00 pm,0,102.133,23.534,2024-06-26 09:30:00
2024-06-26,09:45:00 pm,0,102.127,23.512,2024-06-26 09:45:00
2024-06-26,10:00:00 pm,0,102.121,23.482,2024-06-26 10:00:00
2024-06-26,10:15:00 pm,0,102.122,23.458,2024-06-26 10:15:00
2024-06-26,10:30:00 pm,0,102.117,23.425,2024-06-26 10:30:00
2024-06-26,10:45:00 pm,0,102.103,23.396,2024-06-26 10:45:00
2024-06-26,11:00:00 pm,0,102.08,23.364,2024-06-26 11:00:00
2024-06-26,11:15:00 pm,0,102.065,23.333,2024-06-26 11:15:00
2024-06-26,11:30:00 pm,0,102.047,23.302,2024-06-26 11:30:00
2024-06-26,11:45:00 pm,0,102.047,23.274,2024-06-26 11:45:00
2024-06-27,12:00:00 am,0,102.046,23.245,2024-06-27 12:00:00
2024-06-27,12:15:00 am,0,102.026,23.218,2024-06-27 12:15:00
2024-06-27,12:30:00 am,0,102.019,23.194,2024-06-27 12:30:00
2024-06-27,12:45:00 am,0,102.004,23.168,2024-06-27 12:45:00
2024-06-27,01:00:00 am,0,101.995,23.142,2024-06-27 01:00:00
2024-06-27,01:15:00 am,0,101.979,23.119,2024-06-27 01:15:00
2024-06-27,01:30:00 am,0,101.976,23.096,2024-06-27 01:30:00
2024-06-27,01:45:00 am,0,101.958,23.071,2024-06-27 01:45:00
2024-06-27,02:00:00 am,0,101.943,23.047,2024-06-27 02:00:00
2024-06-27,02:15:00 am,0,101.963,23.023,2024-06-27 02:15:00
2024-06-27,02:30:00 am,0,101.973,23.004,2024-06-27 02:30:00
2024-06-27,02:45:00 am,0,102.044,22.979,2024-06-27 02:45:00
2024-06-27,03:00:00 am,0,102.033,22.959,2024-06-27 03:00:00
2024-06-27,03:15:00 am,0,102.023,22.943,2024-06-27 03:15:00
2024-06-27,03:30:00 am,0,102.052,22.915,2024-06-27 03:30:00
2024-06-27,03:45:00 am,0,102.039,22.896,2024-06-27 03:45:00
2024-06-27,04:00:00 am,0,102.018,22.881,2024-06-27 04:00:00
2024-06-27,04:15:00 am,0,102.015,22.867,2024-06-27 04:15:00
2024-06-27,04:30:00 am,0,102.018,22.858,2024-06-27 04:30:00
2024-06-27,04:45:00 am,0,102.021,22.841,2024-06-27 04:45:00
2024-06-27,05:00:00 am,0,102.022,22.826,2024-06-27 05:00:00
2024-06-27,05:15:00 am,0,102.186,22.809,2024-06-27 05:15:00
2024-06-27,05:30:00 am,0,102.343,22.785,2024-06-27 05:30:00
2024-06-27,05:45:00 am,0,102.334,22.758,2024-06-27 05:45:00
2024-06-27,06:00:00 am,0,102.373,22.733,2024-06-27 06:00:00
2024-06-27,06:15:00 am,0,102.475,22.705,2024-06-27 06:15:00
2024-06-27,06:30:00 am,0,102.573,22.672,2024-06-27 06:30:00
2024-06-27,06:45:00 am,0,102.645,22.624,2024-06-27 06:45:00
2024-06-27,07:00:00 am,0,102.643,22.574,2024-06-27 07:00:00
2024-06-27,07:15:00 am,0,102.67,22.508,2024-06-27 07:15:00
2024-06-27,07:30:00 am,0,102.876,22.433,2024-06-27 07:30:00
2024-06-27,07:45:00 am,0,103.029,22.341,2024-06-27 07:45:00
2024-06-27,08:00:00 am,0,103.17,22.245,2024-06-27 08:00:00
2024-06-27,08:15:00 am,0,103.283,22.154,2024-06-27 08:15:00
2024-06-27,08:30:00 am,0,103.341,22.106,2024-06-27 08:30:00
2024-06-27,08:45:00 am,0,103.391,22.133,2024-06-27 08:45:00
2024-06-27,09:00:00 am,0,103.423,22.199,2024-06-27 09:00:00
2024-06-27,09:15:00 am,0,103.425,22.28,2024-06-27 09:15:00
2024-06-27,09:30:00 am,0,103.407,22.364,2024-06-27 09:30:00
2024-06-27,09:45:00 am,0,103.399,22.432,2024-06-27 09:45:00
2024-06-27,10:00:00 am,0,103.415,22.489,2024-06-27 10:00:00
2024-06-27,10:15:00 am,0,103.436,22.53,2024-06-27 10:15:00
2024-06-27,10:30:00 am,0,103.466,22.565,2024-06-27 10:30:00
2024-06-27,10:45:00 am,0,103.513,22.607,2024-06-27 10:45:00
2024-06-27,11:00:00 am,0,103.528,22.647,2024-06-27 11:00:00
2024-06-27,11:15:00 am,0,103.548,22.684,2024-06-27 11:15:00
2024-06-27,11:30:00 am,0,103.552,22.729,2024-06-27 11:30:00
2024-06-27,11:45:00 am,0,103.535,22.774,2024-06-27 11:45:00
2024-06-27,12:00:00 pm,0,103.522,22.818,2024-06-27 12:00:00
2024-06-27,12:15:00 pm,0,103.493,22.855,2024-06-27 12:15:00
2024-06-27,12:30:00 pm,0,103.484,22.929,2024-06-27 12:30:00
2024-06-27,12:45:00 pm,0,103.454,22.978,2024-06-27 12:45:00
2024-06-27,01:00:00 pm,0,103.425,23.023,2024-06-27 01:00:00
2024-06-27,01:15:00 pm,0,103.405,23.084,2024-06-27 01:15:00
2024-06-27,01:30:00 pm,0,103.371,23.15,2024-06-27 01:30:00
2024-06-27,01:45:00 pm,0,103.345,23.22,2024-06-27 01:45:00
2024-06-27,02:00:00 pm,0,103.342,23.314,2024-06-27 02:00:00
2024-06-27,02:15:00 pm,0,103.346,23.409,2024-06-27 02:15:00
2024-06-27,02:30:00 pm,0,103.347,23.5,2024-06-27 02:30:00
2024-06-27,02:45:00 pm,0,103.336,23.611,2024-06-27 02:45:00
2024-06-27,03:00:00 pm,0,103.305,23.711,2024-06-27 03:00:00
2024-06-27,03:15:00 pm,0,103.219,23.792,2024-06-27 03:15:00
2024-06-27,03:30:00 pm,0,103.203,23.857,2024-06-27 03:30:00
2024-06-27,03:45:00 pm,0,103.189,23.916,2024-06-27 03:45:00
2024-06-27,04:00:00 pm,0,103.165,23.97,2024-06-27 04:00:00
2024-06-27,04:15:00 pm,0,103.149,24.009,2024-06-27 04:15:00
2024-06-27,04:30:00 pm,0,103.122,24.041,2024-06-27 04:30:00
2024-06-27,04:45:00 pm,0,103.088,24.069,2024-06-27 04:45:00
2024-06-27,05:00:00 pm,0,103.066,24.101,2024-06-27 05:00:00
2024-06-27,05:15:00 pm,0,103.044,24.14,2024-06-27 05:15:00
2024-06-27,05:30:00 pm,0,103.013,24.171,2024-06-27 05:30:00
2024-06-27,05:45:00 pm,0,102.998,24.192,2024-06-27 05:45:00
2024-06-27,06:00:00 pm,0,102.985,24.204,2024-06-27 06:00:00
2024-06-27,06:15:00 pm,0,102.923,24.203,2024-06-27 06:15:00
2024-06-27,06:30:00 pm,0,102.902,24.203,2024-06-27 06:30:00
2024-06-27,06:45:00 pm,0,102.889,24.198,2024-06-27 06:45:00
2024-06-27,07:00:00 pm,0,102.879,24.195,2024-06-27 07:00:00
2024-06-27,07:15:00 pm,0,102.86,24.202,2024-06-27 07:15:00
2024-06-27,07:30:00 pm,0,102.866,24.204,2024-06-27 07:30:00
2024-06-27,07:45:00 pm,0,102.863,24.21,2024-06-27 07:45:00
2024-06-27,08:00:00 pm,0,102.854,24.206,2024-06-27 08:00:00
2024-06-27,08:15:00 pm,0,102.852,24.195,2024-06-27 08:15:00
2024-06-27,08:30:00 pm,0,102.844,24.173,2024-06-27 08:30:00
2024-06-27,08:45:00 pm,0,102.838,24.149,2024-06-27 08:45:00
2024-06-27,09:00:00 pm,0,102.832,24.122,2024-06-27 09:00:00
2024-06-27,09:15:00 pm,0,102.825,24.087,2024-06-27 09:15:00
2024-06-27,09:30:00 pm,0,102.821,24.05,2024-06-27 09:30:00
2024-06-27,09:45:00 pm,0,102.818,24.012,2024-06-27 09:45:00
2024-06-27,10:00:00 pm,0,102.818,23.975,2024-06-27 10:00:00
2024-06-27,10:15:00 pm,0,102.837,23.936,2024-06-27 10:15:00
2024-06-27,10:30:00 pm,0,102.835,23.896,2024-06-27 10:30:00
2024-06-27,10:45:00 pm,0,102.825,23.86,2024-06-27 10:45:00
2024-06-27,11:00:00 pm,0,102.811,23.823,2024-06-27 11:00:00
2024-06-27,11:15:00 pm,0,102.795,23.783,2024-06-27 11:15:00
2024-06-27,11:30:00 pm,0,102.777,23.745,2024-06-27 11:30:00
2024-06-27,11:45:00 pm,0,102.772,23.704,2024-06-27 11:45:00
2024-06-28,12:00:00 am,0,102.775,23.666,2024-06-28 12:00:00
2024-06-28,12:15:00 am,0,102.765,23.629,2024-06-28 12:15:00
2024-06-28,12:30:00 am,0,102.755,23.592,2024-06-28 12:30:00
2024-06-28,12:45:00 am,0,102.728,23.553,2024-06-28 12:45:00
2024-06-28,01:00:00 am,0,102.715,23.513,2024-06-28 01:00:00
2024-06-28,01:15:00 am,0,102.701,23.476,2024-06-28 01:15:00
2024-06-28,01:30:00 am,0,102.681,23.433,2024-06-28 01:30:00
2024-06-28,01:45:00 am,0,102.673,23.393,2024-06-28 01:45:00
2024-06-28,02:00:00 am,0,102.666,23.356,2024-06-28 02:00:00
2024-06-28,02:15:00 am,0,102.671,23.317,2024-06-28 02:15:00
2024-06-28,02:30:00 am,0,102.667,23.282,2024-06-28 02:30:00
2024-06-28,02:45:00 am,0,102.651,23.246,2024-06-28 02:45:00
2024-06-28,03:00:00 am,0,102.655,23.21,2024-06-28 03:00:00
2024-06-28,03:15:00 am,0,102.66,23.171,2024-06-28 03:15:00
2024-06-28,03:30:00 am,0,102.667,23.137,2024-06-28 03:30:00
2024-06-28,03:45:00 am,0,102.657,23.103,2024-06-28 03:45:00
2024-06-28,04:00:00 am,0,102.649,23.068,2024-06-28 04:00:00
2024-06-28,04:15:00 am,0,102.661,23.033,2024-06-28 04:15:00
2024-06-28,04:30:00 am,0,102.672,22.998,2024-06-28 04:30:00
2024-06-28,04:45:00 am,0,102.685,22.966,2024-06-28 04:45:00
2024-06-28,05:00:00 am,0,102.692,22.933,2024-06-28 05:00:00
2024-06-28,05:15:00 am,0,102.705,22.9,2024-06-28 05:15:00
2024-06-28,05:30:00 am,0,102.703,22.866,2024-06-28 05:30:00
2024-06-28,05:45:00 am,0,102.699,22.829,2024-06-28 05:45:00
2024-06-28,06:00:00 am,0,102.713,22.798,2024-06-28 06:00:00
2024-06-28,06:15:00 am,0,102.738,22.767,2024-06-28 06:15:00
2024-06-28,06:30:00 am,0,102.766,22.74,2024-06-28 06:30:00
2024-06-28,06:45:00 am,0,102.765,22.72,2024-06-28 06:45:00
2024-06-28,07:00:00 am,0,102.764,22.705,2024-06-28 07:00:00
2024-06-28,07:15:00 am,0,102.81,22.691,2024-06-28 07:15:00
2024-06-28,07:30:00 am,0,102.828,22.677,2024-06-28 07:30:00
2024-06-28,07:45:00 am,0,102.827,22.664,2024-06-28 07:45:00
2024-06-28,08:00:00 am,0,102.828,22.653,2024-06-28 08:00:00
2024-06-28,08:15:00 am,0,102.846,22.647,2024-06-28 08:15:00
2024-06-28,08:30:00 am,0,102.845,22.644,2024-06-28 08:30:00
2024-06-28,08:45:00 am,0,102.842,22.648,2024-06-28 08:45:00
2024-06-28,09:00:00 am,0,102.849,22.656,2024-06-28 09:00:00
2024-06-28,09:15:00 am,0,102.847,22.664,2024-06-28 09:15:00
2024-06-28,09:30:00 am,0,102.853,22.681,2024-06-28 09:30:00
2024-06-28,09:45:00 am,0,102.839,22.693,2024-06-28 09:45:00
2024-06-28,10:00:00 am,0,102.846,22.709,2024-06-28 10:00:00
2024-06-28,10:15:00 am,0,102.861,22.726,2024-06-28 10:15:00
2024-06-28,10:30:00 am,0,102.862,22.74,2024-06-28 10:30:00
2024-06-28,10:45:00 am,0,102.853,22.769,2024-06-28 10:45:00
2024-06-28,11:00:00 am,0,102.841,22.799,2024-06-28 11:00:00
2024-06-28,11:15:00 am,0,102.831,22.826,2024-06-28 11:15:00
2024-06-28,11:30:00 am,0,102.802,22.852,2024-06-28 11:30:00
2024-06-28,11:45:00 am,0,102.805,22.884,2024-06-28 11:45:00
2024-06-28,12:00:00 pm,0,102.799,22.91,2024-06-28 12:00:00
2024-06-28,12:15:00 pm,0,102.784,22.958,2024-06-28 12:15:00
2024-06-28,12:30:00 pm,0,102.79,23.04,2024-06-28 12:30:00
2024-06-28,12:45:00 pm,0,102.802,23.119,2024-06-28 12:45:00
2024-06-28,01:00:00 pm,0,102.802,23.139,2024-06-28 01:00:00
2024-06-28,01:15:00 pm,0,102.796,23.175,2024-06-28 01:15:00
2024-06-28,01:30:00 pm,0,102.802,23.235,2024-06-28 01:30:00
2024-06-28,01:45:00 pm,0,102.815,23.317,2024-06-28 01:45:00
2024-06-28,02:00:00 pm,0,102.83,23.402,2024-06-28 02:00:00
2024-06-28,02:15:00 pm,0,102.836,23.502,2024-06-28 02:15:00
2024-06-28,02:30:00 pm,0,102.842,23.598,2024-06-28 02:30:00
2024-06-28,02:45:00 pm,0,102.831,23.673,2024-06-28 02:45:00
2024-06-28,03:00:00 pm,0,102.807,23.715,2024-06-28 03:00:00
2024-06-28,03:15:00 pm,0,102.788,23.778,2024-06-28 03:15:00
2024-06-28,03:30:00 pm,0,102.789,23.813,2024-06-28 03:30:00
2024-06-28,03:45:00 pm,0,102.773,23.837,2024-06-28 03:45:00
2024-06-28,04:00:00 pm,0,102.787,23.87,2024-06-28 04:00:00
2024-06-28,04:15:00 pm,0,102.8,23.901,2024-06-28 04:15:00
2024-06-28,04:30:00 pm,0,102.796,23.923,2024-06-28 04:30:00
2024-06-28,04:45:00 pm,0,102.784,23.958,2024-06-28 04:45:00
2024-06-28,05:00:00 pm,0,102.774,23.99,2024-06-28 05:00:00
2024-06-28,05:15:00 pm,0,102.765,24.02,2024-06-28 05:15:00
2024-06-28,05:30:00 pm,0,102.693,24.038,2024-06-28 05:30:00
2024-06-28,05:45:00 pm,0,102.675,24.047,2024-06-28 05:45:00
2024-06-28,06:00:00 pm,0,102.683,24.062,2024-06-28 06:00:00
2024-06-28,06:15:00 pm,0,102.682,24.066,2024-06-28 06:15:00
2024-06-28,06:30:00 pm,0,102.69,24.072,2024-06-28 06:30:00
2024-06-28,06:45:00 pm,0,102.702,24.075,2024-06-28 06:45:00
2024-06-28,07:00:00 pm,0,102.699,24.079,2024-06-28 07:00:00
2024-06-28,07:15:00 pm,0,102.694,24.081,2024-06-28 07:15:00
2024-06-28,07:30:00 pm,0,102.701,24.081,2024-06-28 07:30:00
2024-06-28,07:45:00 pm,0,102.714,24.082,2024-06-28 07:45:00
2024-06-28,08:00:00 pm,0,102.746,24.086,2024-06-28 08:00:00
2024-06-28,08:15:00 pm,0,102.759,24.089,2024-06-28 08:15:00
2024-06-28,08:30:00 pm,0,102.764,24.093,2024-06-28 08:30:00
2024-06-28,08:45:00 pm,0,102.782,24.092,2024-06-28 08:45:00
2024-06-28,09:00:00 pm,0,102.786,24.087,2024-06-28 09:00:00
2024-06-28,09:15:00 pm,0,102.797,24.084,2024-06-28 09:15:00
2024-06-28,09:30:00 pm,0,102.8,24.079,2024-06-28 09:30:00
2024-06-28,09:45:00 pm,0,102.807,24.069,2024-06-28 09:45:00
2024-06-28,10:00:00 pm,0,102.826,24.056,2024-06-28 10:00:00
2024-06-28,10:15:00 pm,0,102.815,24.05,2024-06-28 10:15:00
2024-06-28,10:30:00 pm,0,102.819,24.037,2024-06-28 10:30:00
2024-06-28,10:45:00 pm,0,102.822,24.022,2024-06-28 10:45:00
2024-06-28,11:00:00 pm,0,102.819,24.004,2024-06-28 11:00:00
2024-06-28,11:15:00 pm,0,102.82,23.988,2024-06-28 11:15:00
2024-06-28,11:30:00 pm,0,102.832,23.972,2024-06-28 11:30:00
2024-06-28,11:45:00 pm,0,102.849,23.952,2024-06-28 11:45:00
2024-06-29,12:00:00 am,0,102.866,23.931,2024-06-29 12:00:00
2024-06-29,12:15:00 am,0,102.862,23.909,2024-06-29 12:15:00
2024-06-29,12:30:00 am,0,102.857,23.885,2024-06-29 12:30:00
2024-06-29,12:45:00 am,0,102.844,23.861,2024-06-29 12:45:00
2024-06-29,01:00:00 am,0,102.84,23.836,2024-06-29 01:00:00
2024-06-29,01:15:00 am,0,102.832,23.808,2024-06-29 01:15:00
2024-06-29,01:30:00 am,0,102.828,23.781,2024-06-29 01:30:00
2024-06-29,01:45:00 am,0,102.815,23.752,2024-06-29 01:45:00
2024-06-29,02:00:00 am,0,102.813,23.719,2024-06-29 02:00:00
2024-06-29,02:15:00 am,0,102.836,23.685,2024-06-29 02:15:00
2024-06-29,02:30:00 am,0,102.828,23.651,2024-06-29 02:30:00
2024-06-29,02:45:00 am,0,102.827,23.622,2024-06-29 02:45:00
2024-06-29,03:00:00 am,0,102.818,23.589,2024-06-29 03:00:00
2024-06-29,03:15:00 am,0,102.821,23.562,2024-06-29 03:15:00
2024-06-29,03:30:00 am,0,102.818,23.533,2024-06-29 03:30:00
2024-06-29,03:45:00 am,0,102.868,23.505,2024-06-29 03:45:00
2024-06-29,04:00:00 am,0,102.869,23.478,2024-06-29 04:00:00
2024-06-29,04:15:00 am,0,102.882,23.452,2024-06-29 04:15:00
2024-06-29,04:30:00 am,0,102.909,23.425,2024-06-29 04:30:00
2024-06-29,04:45:00 am,0,102.939,23.402,2024-06-29 04:45:00
2024-06-29,05:00:00 am,0,102.965,23.376,2024-06-29 05:00:00
2024-06-29,05:15:00 am,0,103.004,23.355,2024-06-29 05:15:00
2024-06-29,05:30:00 am,0,103.029,23.332,2024-06-29 05:30:00
2024-06-29,05:45:00 am,0,103.047,23.31,2024-06-29 05:45:00
2024-06-29,06:00:00 am,0,103.082,23.287,2024-06-29 06:00:00
2024-06-29,06:15:00 am,0,103.096,23.269,2024-06-29 06:15:00
2024-06-29,06:30:00 am,0,103.099,23.247,2024-06-29 06:30:00
2024-06-29,06:45:00 am,0,103.107,23.226,2024-06-29 06:45:00
2024-06-29,07:00:00 am,0,103.13,23.21,2024-06-29 07:00:00
2024-06-29,07:15:00 am,0,103.128,23.195,2024-06-29 07:15:00
2024-06-29,07:30:00 am,0,103.124,23.183,2024-06-29 07:30:00
2024-06-29,07:45:00 am,0,103.133,23.174,2024-06-29 07:45:00
2024-06-29,08:00:00 am,0,103.168,23.164,2024-06-29 08:00:00
2024-06-29,08:15:00 am,0,103.169,23.154,2024-06-29 08:15:00
2024-06-29,08:30:00 am,0,103.175,23.147,2024-06-29 08:30:00
2024-06-29,08:45:00 am,0,103.181,23.142,2024-06-29 08:45:00
2024-06-29,09:00:00 am,0,103.185,23.142,2024-06-29 09:00:00
2024-06-29,09:15:00 am,0,103.216,23.138,2024-06-29 09:15:00
2024-06-29,09:30:00 am,0,103.216,23.134,2024-06-29 09:30:00
2024-06-29,09:45:00 am,0,103.216,23.128,2024-06-29 09:45:00
2024-06-29,10:00:00 am,0,103.22,23.122,2024-06-29 10:00:00
2024-06-29,10:15:00 am,0,103.215,23.119,2024-06-29 10:15:00
2024-06-29,10:30:00 am,0,103.225,23.124,2024-06-29 10:30:00
2024-06-29,10:45:00 am,0,103.244,23.13,2024-06-29 10:45:00
2024-06-29,11:00:00 am,0,103.282,23.132,2024-06-29 11:00:00
2024-06-29,11:15:00 am,0,103.35,23.151,2024-06-29 11:15:00
2024-06-29,11:30:00 am,0,103.433,23.179,2024-06-29 11:30:00
2024-06-29,11:45:00 am,0,103.453,23.198,2024-06-29 11:45:00
2024-06-29,12:00:00 pm,0,103.443,23.187,2024-06-29 12:00:00
2024-06-29,12:15:00 pm,0,103.44,23.17,2024-06-29 12:15:00
2024-06-29,12:30:00 pm,0,103.443,23.159,2024-06-29 12:30:00
2024-06-29,12:45:00 pm,0,103.436,23.14,2024-06-29 12:45:00
2024-06-29,01:00:00 pm,0,103.424,23.131,2024-06-29 01:00:00
2024-06-29,01:15:00 pm,0,103.437,23.136,2024-06-29 01:15:00
2024-06-29,01:30:00 pm,0,103.46,23.138,2024-06-29 01:30:00
2024-06-29,01:45:00 pm,0,103.494,23.163,2024-06-29 01:45:00
2024-06-29,02:00:00 pm,0,103.52,23.176,2024-06-29 02:00:00
2024-06-29,02:15:00 pm,0,103.539,23.187,2024-06-29 02:15:00
2024-06-29,02:30:00 pm,0,103.566,23.207,2024-06-29 02:30:00
2024-06-29,02:45:00 pm,0,103.6,23.218,2024-06-29 02:45:00
2024-06-29,03:00:00 pm,0,103.642,23.228,2024-06-29 03:00:00
2024-06-29,03:15:00 pm,0,103.657,23.25,2024-06-29 03:15:00
2024-06-29,03:30:00 pm,0,103.664,23.264,2024-06-29 03:30:00
2024-06-29,03:45:00 pm,0,103.673,23.273,2024-06-29 03:45:00
2024-06-29,04:00:00 pm,0,103.687,23.291,2024-06-29 04:00:00
2024-06-29,04:15:00 pm,0,103.693,23.316,2024-06-29 04:15:00
2024-06-29,04:30:00 pm,0,103.686,23.346,2024-06-29 04:30:00
2024-06-29,04:45:00 pm,0,103.672,23.375,2024-06-29 04:45:00
2024-06-29,05:00:00 pm,0,103.671,23.406,2024-06-29 05:00:00
2024-06-29,05:15:00 pm,0,103.67,23.441,2024-06-29 05:15:00
2024-06-29,05:30:00 pm,0,103.681,23.478,2024-06-29 05:30:00
2024-06-29,05:45:00 pm,0,103.703,23.514,2024-06-29 05:45:00
2024-06-29,06:00:00 pm,0,103.731,23.556,2024-06-29 06:00:00
2024-06-29,06:15:00 pm,0,103.756,23.6,2024-06-29 06:15:00
2024-06-29,06:30:00 pm,0,103.779,23.637,2024-06-29 06:30:00
2024-06-29,06:45:00 pm,0,103.799,23.668,2024-06-29 06:45:00
2024-06-29,07:00:00 pm,0,103.816,23.703,2024-06-29 07:00:00
2024-06-29,07:15:00 pm,0,103.826,23.733,2024-06-29 07:15:00
2024-06-29,07:30:00 pm,0,103.836,23.756,2024-06-29 07:30:00
2024-06-29,07:45:00 pm,0,103.848,23.784,2024-06-29 07:45:00
2024-06-29,08:00:00 pm,0,103.848,23.804,2024-06-29 08:00:00
2024-06-29,08:15:00 pm,0,103.842,23.825,2024-06-29 08:15:00
2024-06-29,08:30:00 pm,0,103.829,23.835,2024-06-29 08:30:00
2024-06-29,08:45:00 pm,0,103.828,23.845,2024-06-29 08:45:00
2024-06-29,09:00:00 pm,0,103.833,23.858,2024-06-29 09:00:00
2024-06-29,09:15:00 pm,0,103.835,23.859,2024-06-29 09:15:00
2024-06-29,09:30:00 pm,0,103.833,23.858,2024-06-29 09:30:00
2024-06-29,09:45:00 pm,0,103.828,23.853,2024-06-29 09:45:00
2024-06-29,10:00:00 pm,0,103.83,23.847,2024-06-29 10:00:00
2024-06-29,10:15:00 pm,0,103.834,23.838,2024-06-29 10:15:00
2024-06-29,10:30:00 pm,0,103.831,23.828,2024-06-29 10:30:00
2024-06-29,10:45:00 pm,0,103.841,23.82,2024-06-29 10:45:00
2024-06-29,11:00:00 pm,0,103.838,23.81,2024-06-29 11:00:00
2024-06-29,11:15:00 pm,0,103.835,23.796,2024-06-29 11:15:00
2024-06-29,11:30:00 pm,0,103.853,23.784,2024-06-29 11:30:00
2024-06-29,11:45:00 pm,0,103.88,23.764,2024-06-29 11:45:00
2024-06-30,12:00:00 am,0,103.87,23.743,2024-06-30 12:00:00
2024-06-30,12:15:00 am,0,103.861,23.725,2024-06-30 12:15:00
2024-06-30,12:30:00 am,0,103.845,23.708,2024-06-30 12:30:00
2024-06-30,12:45:00 am,0,103.836,23.69,2024-06-30 12:45:00
2024-06-30,01:00:00 am,0,103.835,23.672,2024-06-30 01:00:00
2024-06-30,01:15:00 am,0,103.836,23.652,2024-06-30 01:15:00
2024-06-30,01:30:00 am,0,103.835,23.631,2024-06-30 01:30:00
2024-06-30,01:45:00 am,0,103.811,23.608,2024-06-30 01:45:00
2024-06-30,02:00:00 am,0,103.814,23.589,2024-06-30 02:00:00
2024-06-30,02:15:00 am,0,103.794,23.566,2024-06-30 02:15:00
2024-06-30,02:30:00 am,0,103.77,23.542,2024-06-30 02:30:00
2024-06-30,02:45:00 am,0,103.79,23.519,2024-06-30 02:45:00
2024-06-30,03:00:00 am,0,103.762,23.496,2024-06-30 03:00:00
2024-06-30,03:15:00 am,0,103.732,23.473,2024-06-30 03:15:00
2024-06-30,03:30:00 am,0,103.715,23.45,2024-06-30 03:30:00
2024-06-30,03:45:00 am,0,103.71,23.426,2024-06-30 03:45:00
2024-06-30,04:00:00 am,0,103.707,23.402,2024-06-30 04:00:00
2024-06-30,04:15:00 am,0,103.697,23.378,2024-06-30 04:15:00
2024-06-30,04:30:00 am,0,103.684,23.351,2024-06-30 04:30:00
2024-06-30,04:45:00 am,0,103.672,23.324,2024-06-30 04:45:00
2024-06-30,05:00:00 am,0,103.687,23.295,2024-06-30 05:00:00
2024-06-30,05:15:00 am,0,103.694,23.268,2024-06-30 05:15:00
2024-06-30,05:30:00 am,0,103.699,23.239,2024-06-30 05:30:00
2024-06-30,05:45:00 am,0,103.695,23.209,2024-06-30 05:45:00
2024-06-30,06:00:00 am,0,103.699,23.178,2024-06-30 06:00:00
2024-06-30,06:15:00 am,0,103.702,23.149,2024-06-30 06:15:00
2024-06-30,06:30:00 am,0,103.715,23.121,2024-06-30 06:30:00
2024-06-30,06:45:00 am,0,103.733,23.096,2024-06-30 06:45:00
2024-06-30,07:00:00 am,0,103.758,23.076,2024-06-30 07:00:00
2024-06-30,07:15:00 am,0,103.757,23.058,2024-06-30 07:15:00
2024-06-30,07:30:00 am,0,103.753,23.043,2024-06-30 07:30:00
2024-06-30,07:45:00 am,0,103.751,23.031,2024-06-30 07:45:00
2024-06-30,08:00:00 am,0,103.754,23.025,2024-06-30 08:00:00
2024-06-30,08:15:00 am,0,103.754,23.016,2024-06-30 08:15:00
2024-06-30,08:30:00 am,0,103.774,23.013,2024-06-30 08:30:00
2024-06-30,08:45:00 am,0,103.776,23.018,2024-06-30 08:45:00
2024-06-30,09:00:00 am,0,103.765,23.026,2024-06-30 09:00:00
2024-06-30,09:15:00 am,0,103.76,23.036,2024-06-30 09:15:00
2024-06-30,09:30:00 am,0,103.758,23.047,2024-06-30 09:30:00
2024-06-30,09:45:00 am,0,103.758,23.058,2024-06-30 09:45:00
2024-06-30,10:00:00 am,0,103.76,23.076,2024-06-30 10:00:00
2024-06-30,10:15:00 am,0,103.761,23.1,2024-06-30 10:15:00
2024-06-30,10:30:00 am,0,103.762,23.125,2024-06-30 10:30:00
2024-06-30,10:45:00 am,0,103.759,23.156,2024-06-30 10:45:00
2024-06-30,11:00:00 am,0,103.76,23.178,2024-06-30 11:00:00
2024-06-30,11:15:00 am,0,103.761,23.215,2024-06-30 11:15:00
2024-06-30,11:30:00 am,0,103.768,23.256,2024-06-30 11:30:00
2024-06-30,11:45:00 am,0,103.772,23.294,2024-06-30 11:45:00
2024-06-30,12:00:00 pm,0,103.776,23.342,2024-06-30 12:00:00
2024-06-30,12:15:00 pm,0,103.774,23.395,2024-06-30 12:15:00
2024-06-30,12:30:00 pm,0,103.771,23.448,2024-06-30 12:30:00
2024-06-30,12:45:00 pm,0,103.768,23.509,2024-06-30 12:45:00
2024-06-30,01:00:00 pm,0,103.766,23.581,2024-06-30 01:00:00
2024-06-30,01:15:00 pm,0,103.744,23.658,2024-06-30 01:15:00
2024-06-30,01:30:00 pm,0,103.691,23.737,2024-06-30 01:30:00
2024-06-30,01:45:00 pm,0,103.663,23.795,2024-06-30 01:45:00
2024-06-30,02:00:00 pm,0,103.636,23.869,2024-06-30 02:00:00
2024-06-30,02:15:00 pm,0,103.563,23.955,2024-06-30 02:15:00
2024-06-30,02:30:00 pm,0,103.542,24.032,2024-06-30 02:30:00
2024-06-30,02:45:00 pm,0,103.528,24.085,2024-06-30 02:45:00
2024-06-30,03:00:00 pm,0,103.497,24.114,2024-06-30 03:00:00
2024-06-30,03:15:00 pm,0,103.487,24.17,2024-06-30 03:15:00
2024-06-30,03:30:00 pm,0,103.48,24.228,2024-06-30 03:30:00
2024-06-30,03:45:00 pm,0,103.453,24.284,2024-06-30 03:45:00
2024-06-30,04:00:00 pm,0,103.423,24.339,2024-06-30 04:00:00
2024-06-30,04:15:00 pm,0,103.405,24.385,2024-06-30 04:15:00
2024-06-30,04:30:00 pm,0,103.409,24.428,2024-06-30 04:30:00
2024-06-30,04:45:00 pm,0,103.42,24.468,2024-06-30 04:45:00
2024-06-30,05:00:00 pm,0,103.413,24.509,2024-06-30 05:00:00
2024-06-30,05:15:00 pm,0,103.402,24.537,2024-06-30 05:15:00
2024-06-30,05:30:00 pm,0,103.375,24.561,2024-06-30 05:30:00
2024-06-30,05:45:00 pm,0,103.369,24.582,2024-06-30 05:45:00
2024-06-30,06:00:00 pm,0,103.368,24.594,2024-06-30 06:00:00
2024-06-30,06:15:00 pm,0,103.365,24.61,2024-06-30 06:15:00
2024-06-30,06:30:00 pm,0,103.349,24.616,2024-06-30 06:30:00
2024-06-30,06:45:00 pm,0,103.341,24.625,2024-06-30 06:45:00
2024-06-30,07:00:00 pm,0,103.333,24.633,2024-06-30 07:00:00
2024-06-30,07:15:00 pm,0,103.325,24.636,2024-06-30 07:15:00
2024-06-30,07:30:00 pm,0,103.336,24.63,2024-06-30 07:30:00
2024-06-30,07:45:00 pm,0,103.347,24.63,2024-06-30 07:45:00
2024-06-30,08:00:00 pm,0,103.334,24.627,2024-06-30 08:00:00
2024-06-30,08:15:00 pm,0,103.339,24.621,2024-06-30 08:15:00
2024-06-30,08:30:00 pm,0,103.334,24.615,2024-06-30 08:30:00
2024-06-30,08:45:00 pm,0,103.334,24.605,2024-06-30 08:45:00
2024-06-30,09:00:00 pm,0,103.336,24.592,2024-06-30 09:00:00
2024-06-30,09:15:00 pm,0,103.331,24.576,2024-06-30 09:15:00
2024-06-30,09:30:00 pm,0,103.332,24.561,2024-06-30 09:30:00
2024-06-30,09:45:00 pm,0,103.328,24.54,2024-06-30 09:45:00
2024-06-30,10:00:00 pm,0,103.324,24.519,2024-06-30 10:00:00
2024-06-30,10:15:00 pm,0,103.314,24.499,2024-06-30 10:15:00
2024-06-30,10:30:00 pm,0,103.313,24.474,2024-06-30 10:30:00
2024-06-30,10:45:00 pm,0,103.309,24.449,2024-06-30 10:45:00
2024-06-30,11:00:00 pm,0,103.299,24.425,2024-06-30 11:00:00
2024-06-30,11:15:00 pm,0,103.286,24.398,2024-06-30 11:15:00
2024-06-30,11:30:00 pm,0,103.265,24.37,2024-06-30 11:30:00
2024-06-30,11:45:00 pm,0,103.237,24.339,2024-06-30 11:45:00
2024-07-01,12:00:00 am,0,103.224,24.306,2024-07-01 12:00:00
2024-07-01,12:15:00 am,0,103.215,24.27,2024-07-01 12:15:00
2024-07-01,12:30:00 am,0,103.196,24.234,2024-07-01 12:30:00
2024-07-01,12:45:00 am,0,103.176,24.196,2024-07-01 12:45:00
2024-07-01,01:00:00 am,0,103.162,24.16,2024-07-01 01:00:00
2024-07-01,01:15:00 am,0,103.137,24.121,2024-07-01 01:15:00
2024-07-01,01:30:00 am,0,103.127,24.08,2024-07-01 01:30:00
2024-07-01,01:45:00 am,0,103.107,24.039,2024-07-01 01:45:00
2024-07-01,02:00:00 am,0,103.083,24.002,2024-07-01 02:00:00
2024-07-01,02:15:00 am,0,103.064,23.965,2024-07-01 02:15:00
2024-07-01,02:30:00 am,0,103.066,23.925,2024-07-01 02:30:00
2024-07-01,02:45:00 am,0,103.053,23.886,2024-07-01 02:45:00
2024-07-01,03:00:00 am,0,103.039,23.846,2024-07-01 03:00:00
2024-07-01,03:15:00 am,0,103.038,23.806,2024-07-01 03:15:00
2024-07-01,03:30:00 am,0,103.038,23.766,2024-07-01 03:30:00
2024-07-01,03:45:00 am,0,103.055,23.722,2024-07-01 03:45:00
2024-07-01,04:00:00 am,0,103.06,23.682,2024-07-01 04:00:00
2024-07-01,04:15:00 am,0,103.053,23.64,2024-07-01 04:15:00
2024-07-01,04:30:00 am,0,103.046,23.596,2024-07-01 04:30:00
2024-07-01,04:45:00 am,0,103.05,23.555,2024-07-01 04:45:00
2024-07-01,05:00:00 am,0,103.062,23.514,2024-07-01 05:00:00
2024-07-01,05:15:00 am,0,103.061,23.472,2024-07-01 05:15:00
2024-07-01,05:30:00 am,0,103.069,23.429,2024-07-01 05:30:00
2024-07-01,05:45:00 am,0,103.075,23.389,2024-07-01 05:45:00
2024-07-01,06:00:00 am,0,103.06,23.35,2024-07-01 06:00:00
2024-07-01,06:15:00 am,0,103.072,23.31,2024-07-01 06:15:00
2024-07-01,06:30:00 am,0,103.076,23.276,2024-07-01 06:30:00
2024-07-01,06:45:00 am,0,103.075,23.244,2024-07-01 06:45:00
2024-07-01,07:00:00 am,0,103.098,23.218,2024-07-01 07:00:00
2024-07-01,07:15:00 am,0,103.094,23.192,2024-07-01 07:15:00
2024-07-01,07:30:00 am,0,103.11,23.173,2024-07-01 07:30:00
2024-07-01,07:45:00 am,0,103.119,23.155,2024-07-01 07:45:00
2024-07-01,08:00:00 am,0,103.13,23.146,2024-07-01 08:00:00
2024-07-01,08:15:00 am,0,103.134,23.137,2024-07-01 08:15:00
2024-07-01,08:30:00 am,0,103.135,23.137,2024-07-01 08:30:00
2024-07-01,08:45:00 am,0,103.135,23.137,2024-07-01 08:45:00
2024-07-01,09:00:00 am,0,103.134,23.141,2024-07-01 09:00:00
2024-07-01,09:15:00 am,0,103.136,23.15,2024-07-01 09:15:00
2024-07-01,09:30:00 am,0,103.154,23.159,2024-07-01 09:30:00
2024-07-01,09:45:00 am,0,103.15,23.173,2024-07-01 09:45:00
2024-07-01,10:00:00 am,0,103.15,23.188,2024-07-01 10:00:00
2024-07-01,10:15:00 am,0,103.164,23.202,2024-07-01 10:15:00
2024-07-01,10:30:00 am,0,103.158,23.223,2024-07-01 10:30:00
2024-07-01,10:45:00 am,0,103.159,23.243,2024-07-01 10:45:00
2024-07-01,11:00:00 am,0,103.153,23.266,2024-07-01 11:00:00
2024-07-01,11:15:00 am,0,103.161,23.3,2024-07-01 11:15:00
2024-07-01,11:30:00 am,0,103.163,23.35,2024-07-01 11:30:00
2024-07-01,11:45:00 am,0,103.164,23.383,2024-07-01 11:45:00
2024-07-01,12:00:00 pm,0,103.168,23.398,2024-07-01 12:00:00
2024-07-01,12:15:00 pm,0,103.162,23.421,2024-07-01 12:15:00
2024-07-01,12:30:00 pm,0,103.16,23.459,2024-07-01 12:30:00
2024-07-01,12:45:00 pm,0,103.159,23.518,2024-07-01 12:45:00
2024-07-01,01:00:00 pm,0,103.161,23.571,2024-07-01 01:00:00
2024-07-01,01:15:00 pm,0,103.154,23.629,2024-07-01 01:15:00
2024-07-01,01:30:00 pm,0,103.151,23.686,2024-07-01 01:30:00
2024-07-01,01:45:00 pm,0,103.137,23.736,2024-07-01 01:45:00
2024-07-01,02:00:00 pm,0,103.127,23.789,2024-07-01 02:00:00
2024-07-01,02:15:00 pm,0,103.121,23.873,2024-07-01 02:15:00
2024-07-01,02:30:00 pm,0,103.115,23.951,2024-07-01 02:30:00
2024-07-01,02:45:00 pm,0,103.102,24.023,2024-07-01 02:45:00
2024-07-01,03:00:00 pm,0,103.081,24.096,2024-07-01 03:00:00
2024-07-01,03:15:00 pm,0,103.058,24.145,2024-07-01 03:15:00
2024-07-01,03:30:00 pm,0,103.04,24.176,2024-07-01 03:30:00
2024-07-01,03:45:00 pm,0,102.981,24.206,2024-07-01 03:45:00
2024-07-01,04:00:00 pm,0,102.96,24.23,2024-07-01 04:00:00
2024-07-01,04:15:00 pm,0,102.94,24.251,2024-07-01 04:15:00
2024-07-01,04:30:00 pm,0,102.914,24.254,2024-07-01 04:30:00
2024-07-01,04:45:00 pm,0,102.899,24.269,2024-07-01 04:45:00
2024-07-01,05:00:00 pm,0,102.893,24.296,2024-07-01 05:00:00
2024-07-01,05:15:00 pm,0,102.886,24.323,2024-07-01 05:15:00
2024-07-01,05:30:00 pm,0,102.88,24.351,2024-07-01 05:30:00
2024-07-01,05:45:00 pm,0,102.878,24.378,2024-07-01 05:45:00
2024-07-01,06:00:00 pm,0,102.888,24.392,2024-07-01 06:00:00
2024-07-01,06:15:00 pm,0,102.889,24.399,2024-07-01 06:15:00
2024-07-01,06:30:00 pm,0,102.889,24.403,2024-07-01 06:30:00
2024-07-01,06:45:00 pm,0,102.899,24.405,2024-07-01 06:45:00
2024-07-01,07:00:00 pm,0,102.901,24.405,2024-07-01 07:00:00
2024-07-01,07:15:00 pm,0,102.901,24.397,2024-07-01 07:15:00
2024-07-01,07:30:00 pm,0,102.893,24.391,2024-07-01 07:30:00
2024-07-01,07:45:00 pm,0,102.884,24.378,2024-07-01 07:45:00
2024-07-01,08:00:00 pm,0,102.873,24.362,2024-07-01 08:00:00
2024-07-01,08:15:00 pm,0,102.866,24.343,2024-07-01 08:15:00
2024-07-01,08:30:00 pm,0,102.872,24.317,2024-07-01 08:30:00
2024-07-01,08:45:00 pm,0,102.872,24.283,2024-07-01 08:45:00
2024-07-01,09:00:00 pm,0,102.869,24.244,2024-07-01 09:00:00
2024-07-01,09:15:00 pm,0,102.868,24.202,2024-07-01 09:15:00
2024-07-01,09:30:00 pm,0,102.862,24.162,2024-07-01 09:30:00
2024-07-01,09:45:00 pm,0,102.856,24.117,2024-07-01 09:45:00
2024-07-01,10:00:00 pm,0,102.854,24.074,2024-07-01 10:00:00
2024-07-01,10:15:00 pm,0,102.854,24.029,2024-07-01 10:15:00
2024-07-01,10:30:00 pm,0,102.851,23.982,2024-07-01 10:30:00
2024-07-01,10:45:00 pm,0,102.845,23.936,2024-07-01 10:45:00
2024-07-01,11:00:00 pm,0,102.838,23.889,2024-07-01 11:00:00
2024-07-01,11:15:00 pm,0,102.827,23.843,2024-07-01 11:15:00
2024-07-01,11:30:00 pm,0,102.815,23.796,2024-07-01 11:30:00
2024-07-01,11:45:00 pm,0,102.798,23.749,2024-07-01 11:45:00
2024-07-02,12:00:00 am,0,102.791,23.702,2024-07-02 12:00:00
2024-07-02,12:15:00 am,0,102.783,23.655,2024-07-02 12:15:00
2024-07-02,12:30:00 am,0,102.771,23.606,2024-07-02 12:30:00
2024-07-02,12:45:00 am,0,102.773,23.559,2024-07-02 12:45:00
2024-07-02,01:00:00 am,0,102.782,23.509,2024-07-02 01:00:00
2024-07-02,01:15:00 am,0,102.783,23.458,2024-07-02 01:15:00
2024-07-02,01:30:00 am,0,102.763,23.405,2024-07-02 01:30:00
2024-07-02,01:45:00 am,0,102.749,23.353,2024-07-02 01:45:00
2024-07-02,02:00:00 am,0,102.741,23.301,2024-07-02 02:00:00
2024-07-02,02:15:00 am,0,102.727,23.245,2024-07-02 02:15:00
2024-07-02,02:30:00 am,0,102.721,23.192,2024-07-02 02:30:00
2024-07-02,02:45:00 am,0,102.712,23.14,2024-07-02 02:45:00
2024-07-02,03:00:00 am,0,102.721,23.087,2024-07-02 03:00:00
2024-07-02,03:15:00 am,0,102.698,23.027,2024-07-02 03:15:00
2024-07-02,03:30:00 am,0,102.681,22.971,2024-07-02 03:30:00
2024-07-02,03:45:00 am,0,102.668,22.913,2024-07-02 03:45:00
2024-07-02,04:00:00 am,0,102.654,22.856,2024-07-02 04:00:00
2024-07-02,04:15:00 am,0,102.644,22.796,2024-07-02 04:15:00
2024-07-02,04:30:00 am,0,102.627,22.737,2024-07-02 04:30:00
2024-07-02,04:45:00 am,0,102.619,22.676,2024-07-02 04:45:00
2024-07-02,05:00:00 am,0,102.613,22.619,2024-07-02 05:00:00
2024-07-02,05:15:00 am,0,102.666,22.551,2024-07-02 05:15:00
2024-07-02,05:30:00 am,0,102.724,22.484,2024-07-02 05:30:00
2024-07-02,05:45:00 am,0,102.745,22.424,2024-07-02 05:45:00
2024-07-02,06:00:00 am,0,102.766,22.374,2024-07-02 06:00:00
2024-07-02,06:15:00 am,0,102.788,22.314,2024-07-02 06:15:00
2024-07-02,06:30:00 am,0,102.818,22.257,2024-07-02 06:30:00
2024-07-02,06:45:00 am,0,102.844,22.204,2024-07-02 06:45:00
2024-07-02,07:00:00 am,0,102.87,22.156,2024-07-02 07:00:00
2024-07-02,07:15:00 am,0,102.88,22.117,2024-07-02 07:15:00
2024-07-02,07:30:00 am,0,102.894,22.082,2024-07-02 07:30:00
2024-07-02,07:45:00 am,0,102.893,22.055,2024-07-02 07:45:00
2024-07-02,08:00:00 am,0,102.892,22.038,2024-07-02 08:00:00
2024-07-02,08:15:00 am,0,102.905,22.03,2024-07-02 08:15:00
2024-07-02,08:30:00 am,0,102.922,22.026,2024-07-02 08:30:00
2024-07-02,08:45:00 am,0,102.942,22.033,2024-07-02 08:45:00
2024-07-02,09:00:00 am,0,102.954,22.048,2024-07-02 09:00:00
2024-07-02,09:15:00 am,0,102.97,22.07,2024-07-02 09:15:00
2024-07-02,09:30:00 am,0,102.971,22.095,2024-07-02 09:30:00
2024-07-02,09:45:00 am,0,102.965,22.122,2024-07-02 09:45:00
2024-07-02,10:00:00 am,0,102.965,22.153,2024-07-02 10:00:00
2024-07-02,10:15:00 am,0,102.971,22.191,2024-07-02 10:15:00
2024-07-02,10:30:00 am,0,102.98,22.237,2024-07-02 10:30:00
2024-07-02,10:45:00 am,0,102.985,22.289,2024-07-02 10:45:00
2024-07-02,11:00:00 am,0,102.988,22.342,2024-07-02 11:00:00
2024-07-02,11:15:00 am,0,102.995,22.401,2024-07-02 11:15:00
2024-07-02,11:30:00 am,0,103.004,22.453,2024-07-02 11:30:00
2024-07-02,11:45:00 am,0,103.013,22.512,2024-07-02 11:45:00
2024-07-02,12:00:00 pm,0,103.026,22.563,2024-07-02 12:00:00
2024-07-02,12:15:00 pm,0,103.027,22.598,2024-07-02 12:15:00
2024-07-02,12:30:00 pm,0,103.032,22.656,2024-07-02 12:30:00
2024-07-02,12:45:00 pm,0,103.039,22.728,2024-07-02 12:45:00
2024-07-02,01:00:00 pm,0,103.048,22.8,2024-07-02 01:00:00
2024-07-02,01:15:00 pm,0,103.059,22.885,2024-07-02 01:15:00
2024-07-02,01:30:00 pm,0,103.072,22.975,2024-07-02 01:30:00
2024-07-02,01:45:00 pm,0,103.075,23.062,2024-07-02 01:45:00
2024-07-02,02:00:00 pm,0,103.071,23.138,2024-07-02 02:00:00
2024-07-02,02:15:00 pm,0,103.047,23.195,2024-07-02 02:15:00
2024-07-02,02:30:00 pm,0,103.034,23.244,2024-07-02 02:30:00
2024-07-02,02:45:00 pm,0,103.039,23.294,2024-07-02 02:45:00
2024-07-02,03:00:00 pm,0,103.03,23.368,2024-07-02 03:00:00
2024-07-02,03:15:00 pm,0,103.017,23.412,2024-07-02 03:15:00
2024-07-02,03:30:00 pm,0,103.011,23.458,2024-07-02 03:30:00
2024-07-02,03:45:00 pm,0,103.009,23.487,2024-07-02 03:45:00
2024-07-02,04:00:00 pm,0,102.995,23.527,2024-07-02 04:00:00
2024-07-02,04:15:00 pm,0,102.997,23.553,2024-07-02 04:15:00
2024-07-02,04:30:00 pm,0,102.989,23.569,2024-07-02 04:30:00
2024-07-02,04:45:00 pm,0,102.984,23.595,2024-07-02 04:45:00
2024-07-02,05:00:00 pm,0,102.969,23.608,2024-07-02 05:00:00
2024-07-02,05:15:00 pm,0,102.964,23.637,2024-07-02 05:15:00
2024-07-02,05:30:00 pm,0,102.957,23.659,2024-07-02 05:30:00
2024-07-02,05:45:00 pm,0,102.953,23.687,2024-07-02 05:45:00
2024-07-02,06:00:00 pm,0,102.956,23.707,2024-07-02 06:00:00
2024-07-02,06:15:00 pm,0,102.945,23.727,2024-07-02 06:15:00
2024-07-02,06:30:00 pm,0,102.94,23.749,2024-07-02 06:30:00
2024-07-02,06:45:00 pm,0,102.887,23.768,2024-07-02 06:45:00
2024-07-02,07:00:00 pm,0,102.88,23.776,2024-07-02 07:00:00
2024-07-02,07:15:00 pm,0,102.888,23.786,2024-07-02 07:15:00
2024-07-02,07:30:00 pm,0,102.902,23.791,2024-07-02 07:30:00
2024-07-02,07:45:00 pm,0,102.909,23.795,2024-07-02 07:45:00
2024-07-02,08:00:00 pm,0,102.91,23.799,2024-07-02 08:00:00
2024-07-02,08:15:00 pm,0,102.911,23.799,2024-07-02 08:15:00
2024-07-02,08:30:00 pm,0,102.905,23.795,2024-07-02 08:30:00
2024-07-02,08:45:00 pm,0,102.907,23.787,2024-07-02 08:45:00
2024-07-02,09:00:00 pm,0,102.917,23.781,2024-07-02 09:00:00
2024-07-02,09:15:00 pm,0,102.932,23.777,2024-07-02 09:15:00
2024-07-02,09:30:00 pm,0,102.94,23.781,2024-07-02 09:30:00
2024-07-02,09:45:00 pm,0,102.944,23.779,2024-07-02 09:45:00
2024-07-02,10:00:00 pm,0,102.947,23.783,2024-07-02 10:00:00
2024-07-02,10:15:00 pm,0,102.949,23.78,2024-07-02 10:15:00
2024-07-02,10:30:00 pm,0,102.95,23.784,2024-07-02 10:30:00
2024-07-02,10:45:00 pm,0,102.952,23.787,2024-07-02 10:45:00
2024-07-02,11:00:00 pm,0,102.955,23.786,2024-07-02 11:00:00
2024-07-02,11:15:00 pm,0,102.978,23.787,2024-07-02 11:15:00
2024-07-02,11:30:00 pm,0,102.986,23.789,2024-07-02 11:30:00
2024-07-02,11:45:00 pm,0,102.991,23.791,2024-07-02 11:45:00
2024-07-03,12:00:00 am,0,102.987,23.791,2024-07-03 12:00:00
2024-07-03,12:15:00 am,0,102.995,23.781,2024-07-03 12:15:00
2024-07-03,12:30:00 am,0,102.992,23.776,2024-07-03 12:30:00
2024-07-03,12:45:00 am,0,102.991,23.775,2024-07-03 12:45:00
2024-07-03,01:00:00 am,0,102.989,23.77,2024-07-03 01:00:00
2024-07-03,01:15:00 am,0,102.975,23.759,2024-07-03 01:15:00
2024-07-03,01:30:00 am,0,102.971,23.749,2024-07-03 01:30:00
2024-07-03,01:45:00 am,0,102.979,23.739,2024-07-03 01:45:00
2024-07-03,02:00:00 am,0,102.985,23.731,2024-07-03 02:00:00
2024-07-03,02:15:00 am,0,102.978,23.722,2024-07-03 02:15:00
2024-07-03,02:30:00 am,0,102.973,23.707,2024-07-03 02:30:00
2024-07-03,02:45:00 am,0,102.966,23.695,2024-07-03 02:45:00
2024-07-03,03:00:00 am,0,102.971,23.68,2024-07-03 03:00:00
2024-07-03,03:15:00 am,0,102.97,23.663,2024-07-03 03:15:00
2024-07-03,03:30:00 am,0,102.978,23.644,2024-07-03 03:30:00
2024-07-03,03:45:00 am,0,102.99,23.629,2024-07-03 03:45:00
2024-07-03,04:00:00 am,0,102.992,23.607,2024-07-03 04:00:00
2024-07-03,04:15:00 am,0,102.994,23.586,2024-07-03 04:15:00
2024-07-03,04:30:00 am,0,103.007,23.571,2024-07-03 04:30:00
2024-07-03,04:45:00 am,0,103.012,23.552,2024-07-03 04:45:00
2024-07-03,05:00:00 am,0,103.012,23.53,2024-07-03 05:00:00
2024-07-03,05:15:00 am,0,103.033,23.51,2024-07-03 05:15:00
2024-07-03,05:30:00 am,0,103.027,23.487,2024-07-03 05:30:00
2024-07-03,05:45:00 am,0,103.032,23.468,2024-07-03 05:45:00
2024-07-03,06:00:00 am,0,103.037,23.445,2024-07-03 06:00:00
2024-07-03,06:15:00 am,0,103.043,23.424,2024-07-03 06:15:00
2024-07-03,06:30:00 am,0,103.046,23.405,2024-07-03 06:30:00
2024-07-03,06:45:00 am,0,103.044,23.388,2024-07-03 06:45:00
2024-07-03,07:00:00 am,0,103.038,23.375,2024-07-03 07:00:00
2024-07-03,07:15:00 am,0,103.034,23.363,2024-07-03 07:15:00
2024-07-03,07:30:00 am,0,103.04,23.353,2024-07-03 07:30:00
2024-07-03,07:45:00 am,0,103.037,23.347,2024-07-03 07:45:00
2024-07-03,08:00:00 am,0,103.045,23.338,2024-07-03 08:00:00
2024-07-03,08:15:00 am,0,103.052,23.335,2024-07-03 08:15:00
2024-07-03,08:30:00 am,0,103.068,23.333,2024-07-03 08:30:00
2024-07-03,08:45:00 am,0,103.075,23.342,2024-07-03 08:45:00
2024-07-03,09:00:00 am,0,103.073,23.349,2024-07-03 09:00:00
2024-07-03,09:15:00 am,0,103.079,23.349,2024-07-03 09:15:00
2024-07-03,09:30:00 am,0,103.091,23.353,2024-07-03 09:30:00
2024-07-03,09:45:00 am,0,103.101,23.359,2024-07-03 09:45:00
2024-07-03,10:00:00 am,0,103.11,23.378,2024-07-03 10:00:00
2024-07-03,10:15:00 am,0,103.204,23.405,2024-07-03 10:15:00
2024-07-03,10:30:00 am,0,103.203,23.43,2024-07-03 10:30:00
2024-07-03,10:45:00 am,0,103.205,23.472,2024-07-03 10:45:00
2024-07-03,11:00:00 am,0,103.21,23.5,2024-07-03 11:00:00
2024-07-03,11:15:00 am,0,103.209,23.504,2024-07-03 11:15:00
2024-07-03,11:30:00 am,0,103.216,23.538,2024-07-03 11:30:00
2024-07-03,11:45:00 am,0,103.219,23.58,2024-07-03 11:45:00
2024-07-03,12:00:00 pm,0,103.219,23.604,2024-07-03 12:00:00
2024-07-03,12:15:00 pm,0,103.216,23.637,2024-07-03 12:15:00
2024-07-03,12:30:00 pm,0,103.219,23.676,2024-07-03 12:30:00
2024-07-03,12:45:00 pm,0,103.218,23.715,2024-07-03 12:45:00
2024-07-03,01:00:00 pm,0,103.223,23.761,2024-07-03 01:00:00
2024-07-03,01:15:00 pm,0,103.218,23.79,2024-07-03 01:15:00
2024-07-03,01:30:00 pm,0,103.214,23.841,2024-07-03 01:30:00
2024-07-03,01:45:00 pm,0,103.201,23.88,2024-07-03 01:45:00
2024-07-03,02:00:00 pm,0,103.184,23.919,2024-07-03 02:00:00
2024-07-03,02:15:00 pm,0,103.166,23.956,2024-07-03 02:15:00
2024-07-03,02:30:00 pm,0,103.149,24.001,2024-07-03 02:30:00
2024-07-03,02:45:00 pm,0,103.131,24.05,2024-07-03 02:45:00
2024-07-03,03:00:00 pm,0,103.111,24.096,2024-07-03 03:00:00
2024-07-03,03:15:00 pm,0,103.08,24.14,2024-07-03 03:15:00
2024-07-03,03:30:00 pm,0,103.065,24.157,2024-07-03 03:30:00
2024-07-03,03:45:00 pm,0,103.03,24.174,2024-07-03 03:45:00
2024-07-03,04:00:00 pm,0,103.006,24.202,2024-07-03 04:00:00
2024-07-03,04:15:00 pm,0,103.014,24.222,2024-07-03 04:15:00
2024-07-03,04:30:00 pm,0,102.997,24.227,2024-07-03 04:30:00
2024-07-03,04:45:00 pm,0,102.981,24.231,2024-07-03 04:45:00
2024-07-03,05:00:00 pm,0,102.967,24.233,2024-07-03 05:00:00
2024-07-03,05:15:00 pm,0,102.946,24.235,2024-07-03 05:15:00
2024-07-03,05:30:00 pm,0,102.932,24.231,2024-07-03 05:30:00
2024-07-03,05:45:00 pm,0,102.918,24.248,2024-07-03 05:45:00
2024-07-03,06:00:00 pm,0,102.87,24.255,2024-07-03 06:00:00
2024-07-03,06:15:00 pm,0,102.87,24.271,2024-07-03 06:15:00
2024-07-03,06:30:00 pm,0,102.874,24.279,2024-07-03 06:30:00
2024-07-03,06:45:00 pm,0,102.877,24.297,2024-07-03 06:45:00
2024-07-03,07:00:00 pm,0,102.868,24.309,2024-07-03 07:00:00
2024-07-03,07:15:00 pm,0,102.87,24.315,2024-07-03 07:15:00
2024-07-03,07:30:00 pm,0,102.864,24.322,2024-07-03 07:30:00
2024-07-03,07:45:00 pm,0,102.857,24.328,2024-07-03 07:45:00
2024-07-03,08:00:00 pm,0,102.858,24.325,2024-07-03 08:00:00
2024-07-03,08:15:00 pm,0,102.877,24.318,2024-07-03 08:15:00
2024-07-03,08:30:00 pm,0,102.884,24.313,2024-07-03 08:30:00
2024-07-03,08:45:00 pm,0,102.883,24.305,2024-07-03 08:45:00
2024-07-03,09:00:00 pm,0,102.885,24.289,2024-07-03 09:00:00
2024-07-03,09:15:00 pm,0,102.89,24.277,2024-07-03 09:15:00
2024-07-03,09:30:00 pm,0,102.9,24.259,2024-07-03 09:30:00
2024-07-03,09:45:00 pm,0,102.922,24.246,2024-07-03 09:45:00
2024-07-03,10:00:00 pm,0,102.946,24.237,2024-07-03 10:00:00
2024-07-03,10:15:00 pm,0,102.965,24.224,2024-07-03 10:15:00
2024-07-03,10:30:00 pm,0,102.976,24.211,2024-07-03 10:30:00
2024-07-03,10:45:00 pm,0,102.991,24.2,2024-07-03 10:45:00
2024-07-03,11:00:00 pm,0,102.98,24.188,2024-07-03 11:00:00
2024-07-03,11:15:00 pm,0,102.981,24.174,2024-07-03 11:15:00
2024-07-03,11:30:00 pm,0,102.975,24.162,2024-07-03 11:30:00
2024-07-03,11:45:00 pm,0,102.957,24.144,2024-07-03 11:45:00
2024-07-04,12:00:00 am,0,102.928,24.125,2024-07-04 12:00:00
2024-07-04,12:15:00 am,0,102.921,24.101,2024-07-04 12:15:00
2024-07-04,12:30:00 am,0,102.938,24.083,2024-07-04 12:30:00
2024-07-04,12:45:00 am,0,102.927,24.069,2024-07-04 12:45:00
2024-07-04,01:00:00 am,0,102.916,24.052,2024-07-04 01:00:00
2024-07-04,01:15:00 am,0,102.909,24.035,2024-07-04 01:15:00
2024-07-04,01:30:00 am,0,102.898,24.016,2024-07-04 01:30:00
2024-07-04,01:45:00 am,0,102.881,23.999,2024-07-04 01:45:00
2024-07-04,02:00:00 am,0,102.87,23.984,2024-07-04 02:00:00
2024-07-04,02:15:00 am,0,102.86,23.97,2024-07-04 02:15:00
2024-07-04,02:30:00 am,0,102.845,23.954,2024-07-04 02:30:00
2024-07-04,02:45:00 am,0,102.83,23.936,2024-07-04 02:45:00
2024-07-04,03:00:00 am,0,102.822,23.917,2024-07-04 03:00:00
2024-07-04,03:15:00 am,0,102.823,23.897,2024-07-04 03:15:00
2024-07-04,03:30:00 am,0,102.82,23.877,2024-07-04 03:30:00
2024-07-04,03:45:00 am,0,102.814,23.858,2024-07-04 03:45:00
2024-07-04,04:00:00 am,0,102.804,23.836,2024-07-04 04:00:00
2024-07-04,04:15:00 am,0,102.79,23.817,2024-07-04 04:15:00
2024-07-04,04:30:00 am,0,102.778,23.797,2024-07-04 04:30:00
2024-07-04,04:45:00 am,0,102.779,23.779,2024-07-04 04:45:00
2024-07-04,05:00:00 am,0,102.799,23.756,2024-07-04 05:00:00
2024-07-04,05:15:00 am,0,102.797,23.738,2024-07-04 05:15:00
2024-07-04,05:30:00 am,0,102.799,23.716,2024-07-04 05:30:00
2024-07-04,05:45:00 am,0,102.801,23.698,2024-07-04 05:45:00
2024-07-04,06:00:00 am,0,102.83,23.673,2024-07-04 06:00:00
2024-07-04,06:15:00 am,0,102.834,23.65,2024-07-04 06:15:00
2024-07-04,06:30:00 am,0,102.83,23.629,2024-07-04 06:30:00
2024-07-04,06:45:00 am,0,102.825,23.608,2024-07-04 06:45:00
2024-07-04,07:00:00 am,0,102.831,23.588,2024-07-04 07:00:00
2024-07-04,07:15:00 am,0,102.834,23.572,2024-07-04 07:15:00
2024-07-04,07:30:00 am,0,102.831,23.561,2024-07-04 07:30:00
2024-07-04,07:45:00 am,0,102.829,23.55,2024-07-04 07:45:00
2024-07-04,08:00:00 am,0,102.821,23.544,2024-07-04 08:00:00
2024-07-04,08:15:00 am,0,102.821,23.547,2024-07-04 08:15:00
2024-07-04,08:30:00 am,0,102.819,23.55,2024-07-04 08:30:00
2024-07-04,08:45:00 am,0,102.821,23.553,2024-07-04 08:45:00
2024-07-04,09:00:00 am,0,102.823,23.553,2024-07-04 09:00:00
2024-07-04,09:15:00 am,0,102.824,23.553,2024-07-04 09:15:00
2024-07-04,09:30:00 am,0,102.822,23.554,2024-07-04 09:30:00
2024-07-04,09:45:00 am,0,102.821,23.553,2024-07-04 09:45:00
2024-07-04,10:00:00 am,0,102.812,23.577,2024-07-04 10:00:00
2024-07-04,10:15:00 am,0,102.808,23.603,2024-07-04 10:15:00
2024-07-04,10:30:00 am,0,102.807,23.621,2024-07-04 10:30:00
2024-07-04,10:45:00 am,0,102.807,23.631,2024-07-04 10:45:00
2024-07-04,11:00:00 am,0,102.807,23.662,2024-07-04 11:00:00
2024-07-04,11:15:00 am,0,102.802,23.691,2024-07-04 11:15:00
2024-07-04,11:30:00 am,0,102.797,23.721,2024-07-04 11:30:00
2024-07-04,11:45:00 am,0,102.791,23.755,2024-07-04 11:45:00
2024-07-04,12:00:00 pm,0,102.784,23.772,2024-07-04 12:00:00
2024-07-04,12:15:00 pm,0,102.784,23.797,2024-07-04 12:15:00
2024-07-04,12:30:00 pm,0,102.779,23.836,2024-07-04 12:30:00
2024-07-04,12:45:00 pm,0,102.767,23.864,2024-07-04 12:45:00
2024-07-04,01:00:00 pm,0,102.764,23.912,2024-07-04 01:00:00
2024-07-04,01:15:00 pm,0,102.756,23.946,2024-07-04 01:15:00
2024-07-04,01:30:00 pm,0,102.747,23.964,2024-07-04 01:30:00
2024-07-04,01:45:00 pm,0,102.737,23.992,2024-07-04 01:45:00
2024-07-04,02:00:00 pm,0,102.722,24.008,2024-07-04 02:00:00
2024-07-04,02:15:00 pm,0,102.716,24.041,2024-07-04 02:15:00
2024-07-04,02:30:00 pm,0,102.713,24.063,2024-07-04 02:30:00
2024-07-04,02:45:00 pm,0,102.702,24.103,2024-07-04 02:45:00
2024-07-04,03:00:00 pm,0,102.683,24.131,2024-07-04 03:00:00
2024-07-04,03:15:00 pm,0,102.666,24.16,2024-07-04 03:15:00
2024-07-04,03:30:00 pm,0,102.671,24.18,2024-07-04 03:30:00
2024-07-04,03:45:00 pm,0,102.66,24.195,2024-07-04 03:45:00
2024-07-04,04:00:00 pm,0,102.655,24.217,2024-07-04 04:00:00
2024-07-04,04:15:00 pm,0,102.648,24.241,2024-07-04 04:15:00
2024-07-04,04:30:00 pm,0,102.642,24.264,2024-07-04 04:30:00
2024-07-04,04:45:00 pm,0,102.636,24.3,2024-07-04 04:45:00
2024-07-04,05:00:00 pm,0,102.612,24.317,2024-07-04 05:00:00
2024-07-04,05:15:00 pm,0,102.591,24.331,2024-07-04 05:15:00
2024-07-04,05:30:00 pm,0,102.595,24.351,2024-07-04 05:30:00
2024-07-04,05:45:00 pm,0,102.6,24.371,2024-07-04 05:45:00
2024-07-04,06:00:00 pm,0,102.601,24.389,2024-07-04 06:00:00
2024-07-04,06:15:00 pm,0,102.625,24.407,2024-07-04 06:15:00
2024-07-04,06:30:00 pm,0,102.619,24.422,2024-07-04 06:30:00
2024-07-04,06:45:00 pm,0,102.605,24.445,2024-07-04 06:45:00
2024-07-04,07:00:00 pm,0,102.604,24.46,2024-07-04 07:00:00
2024-07-04,07:15:00 pm,0,102.615,24.467,2024-07-04 07:15:00
2024-07-04,07:30:00 pm,0,102.602,24.464,2024-07-04 07:30:00
2024-07-04,07:45:00 pm,0,102.599,24.465,2024-07-04 07:45:00
2024-07-04,08:00:00 pm,0,102.607,24.463,2024-07-04 08:00:00
2024-07-04,08:15:00 pm,0,102.623,24.45,2024-07-04 08:15:00
2024-07-04,08:30:00 pm,0,102.629,24.443,2024-07-04 08:30:00
2024-07-04,08:45:00 pm,0,102.628,24.428,2024-07-04 08:45:00
2024-07-04,09:00:00 pm,0,102.623,24.415,2024-07-04 09:00:00
2024-07-04,09:15:00 pm,0,102.628,24.403,2024-07-04 09:15:00
2024-07-04,09:30:00 pm,0,102.637,24.388,2024-07-04 09:30:00
2024-07-04,09:45:00 pm,0,102.642,24.373,2024-07-04 09:45:00
2024-07-04,10:00:00 pm,0,102.641,24.353,2024-07-04 10:00:00
2024-07-04,10:15:00 pm,0,102.642,24.337,2024-07-04 10:15:00
2024-07-04,10:30:00 pm,0,102.655,24.323,2024-07-04 10:30:00
2024-07-04,10:45:00 pm,0,102.658,24.31,2024-07-04 10:45:00
2024-07-04,11:00:00 pm,0,102.651,24.298,2024-07-04 11:00:00
2024-07-04,11:15:00 pm,0,102.654,24.289,2024-07-04 11:15:00
2024-07-04,11:30:00 pm,0,102.647,24.277,2024-07-04 11:30:00
2024-07-04,11:45:00 pm,0,102.63,24.262,2024-07-04 11:45:00
2024-07-05,12:00:00 am,0,102.612,24.246,2024-07-05 12:00:00
2024-07-05,12:15:00 am,0,102.59,24.226,2024-07-05 12:15:00
2024-07-05,12:30:00 am,0,102.577,24.217,2024-07-05 12:30:00
2024-07-05,12:45:00 am,0,102.558,24.201,2024-07-05 12:45:00
2024-07-05,01:00:00 am,0,102.554,24.191,2024-07-05 01:00:00
2024-07-05,01:15:00 am,0,102.55,24.177,2024-07-05 01:15:00
2024-07-05,01:30:00 am,0,102.539,24.163,2024-07-05 01:30:00
2024-07-05,01:45:00 am,0,102.534,24.152,2024-07-05 01:45:00
2024-07-05,02:00:00 am,0,102.528,24.137,2024-07-05 02:00:00
2024-07-05,02:15:00 am,0,102.515,24.129,2024-07-05 02:15:00
2024-07-05,02:30:00 am,0,102.503,24.113,2024-07-05 02:30:00
2024-07-05,02:45:00 am,0,102.496,24.098,2024-07-05 02:45:00
2024-07-05,03:00:00 am,0,102.485,24.085,2024-07-05 03:00:00
2024-07-05,03:15:00 am,0,102.496,24.07,2024-07-05 03:15:00
2024-07-05,03:30:00 am,0,102.501,24.056,2024-07-05 03:30:00
2024-07-05,03:45:00 am,0,102.501,24.04,2024-07-05 03:45:00
2024-07-05,04:00:00 am,0,102.49,24.021,2024-07-05 04:00:00
2024-07-05,04:15:00 am,0,102.483,24.007,2024-07-05 04:15:00
2024-07-05,04:30:00 am,0,102.473,23.989,2024-07-05 04:30:00
2024-07-05,04:45:00 am,0,102.465,23.977,2024-07-05 04:45:00
2024-07-05,05:00:00 am,0,102.461,23.961,2024-07-05 05:00:00
2024-07-05,05:15:00 am,0,102.46,23.945,2024-07-05 05:15:00
2024-07-05,05:30:00 am,0,102.468,23.932,2024-07-05 05:30:00
2024-07-05,05:45:00 am,0,102.465,23.916,2024-07-05 05:45:00
2024-07-05,06:00:00 am,0,102.458,23.899,2024-07-05 06:00:00
2024-07-05,06:15:00 am,0,102.466,23.887,2024-07-05 06:15:00
2024-07-05,06:30:00 am,0,102.462,23.869,2024-07-05 06:30:00
2024-07-05,06:45:00 am,0,102.468,23.851,2024-07-05 06:45:00
2024-07-05,07:00:00 am,0,102.468,23.834,2024-07-05 07:00:00
2024-07-05,07:15:00 am,0,102.463,23.821,2024-07-05 07:15:00
2024-07-05,07:30:00 am,0,102.469,23.811,2024-07-05 07:30:00
2024-07-05,07:45:00 am,0,102.495,23.8,2024-07-05 07:45:00
2024-07-05,08:00:00 am,0,102.487,23.793,2024-07-05 08:00:00
2024-07-05,08:15:00 am,0,102.475,23.785,2024-07-05 08:15:00
2024-07-05,08:30:00 am,0,102.477,23.779,2024-07-05 08:30:00
2024-07-05,08:45:00 am,0,102.469,23.773,2024-07-05 08:45:00
2024-07-05,09:00:00 am,0,102.473,23.772,2024-07-05 09:00:00
2024-07-05,09:15:00 am,0,102.472,23.772,2024-07-05 09:15:00
2024-07-05,09:30:00 am,0,102.485,23.781,2024-07-05 09:30:00
2024-07-05,09:45:00 am,0,102.488,23.781,2024-07-05 09:45:00
2024-07-05,10:00:00 am,0,102.512,23.777,2024-07-05 10:00:00
2024-07-05,10:15:00 am,0,102.492,23.771,2024-07-05 10:15:00
2024-07-05,10:30:00 am,0,102.477,23.768,2024-07-05 10:30:00
2024-07-05,10:45:00 am,0,102.495,23.766,2024-07-05 10:45:00
2024-07-05,11:00:00 am,0,102.498,23.765,2024-07-05 11:00:00
2024-07-05,11:15:00 am,0,102.481,23.775,2024-07-05 11:15:00
2024-07-05,11:30:00 am,0,102.484,23.797,2024-07-05 11:30:00
2024-07-05,11:45:00 am,0,102.462,23.824,2024-07-05 11:45:00
2024-07-05,12:00:00 pm,0,102.449,23.853,2024-07-05 12:00:00
2024-07-05,12:15:00 pm,0,102.421,23.889,2024-07-05 12:15:00
2024-07-05,12:30:00 pm,0,102.431,23.928,2024-07-05 12:30:00
2024-07-05,12:45:00 pm,0,102.419,23.975,2024-07-05 12:45:00
2024-07-05,01:00:00 pm,0,102.437,24.024,2024-07-05 01:00:00
2024-07-05,01:15:00 pm,0,102.395,24.084,2024-07-05 01:15:00
2024-07-05,01:30:00 pm,0,102.386,24.154,2024-07-05 01:30:00
2024-07-05,01:45:00 pm,0,102.359,24.217,2024-07-05 01:45:00
2024-07-05,02:00:00 pm,0,102.36,24.271,2024-07-05 02:00:00
2024-07-05,02:15:00 pm,0,102.352,24.327,2024-07-05 02:15:00
2024-07-05,02:30:00 pm,0,102.369,24.353,2024-07-05 02:30:00
2024-07-05,02:45:00 pm,0,102.347,24.361,2024-07-05 02:45:00
2024-07-05,03:00:00 pm,0,102.338,24.362,2024-07-05 03:00:00
2024-07-05,03:15:00 pm,0,102.354,24.368,2024-07-05 03:15:00
2024-07-05,03:30:00 pm,0,102.343,24.37,2024-07-05 03:30:00
2024-07-05,03:45:00 pm,0,102.328,24.366,2024-07-05 03:45:00
2024-07-05,04:00:00 pm,0,102.326,24.361,2024-07-05 04:00:00
2024-07-05,04:15:00 pm,0,102.33,24.358,2024-07-05 04:15:00
2024-07-05,04:30:00 pm,0,102.315,24.35,2024-07-05 04:30:00
2024-07-05,04:45:00 pm,0,102.309,24.334,2024-07-05 04:45:00
2024-07-05,05:00:00 pm,0,102.318,24.321,2024-07-05 05:00:00
2024-07-05,05:15:00 pm,0,102.323,24.307,2024-07-05 05:15:00
2024-07-05,05:30:00 pm,0,102.294,24.299,2024-07-05 05:30:00
2024-07-05,05:45:00 pm,0,102.294,24.286,2024-07-05 05:45:00
2024-07-05,06:00:00 pm,0,102.288,24.276,2024-07-05 06:00:00
2024-07-05,06:15:00 pm,0,102.27,24.268,2024-07-05 06:15:00
2024-07-05,06:30:00 pm,0,102.267,24.26,2024-07-05 06:30:00
2024-07-05,06:45:00 pm,0,102.266,24.25,2024-07-05 06:45:00
2024-07-05,07:00:00 pm,0,102.334,24.246,2024-07-05 07:00:00
2024-07-05,07:15:00 pm,0,102.409,24.241,2024-07-05 07:15:00
2024-07-05,07:30:00 pm,0,102.449,24.234,2024-07-05 07:30:00
2024-07-05,07:45:00 pm,0,102.475,24.227,2024-07-05 07:45:00
2024-07-05,08:00:00 pm,0,102.459,24.218,2024-07-05 08:00:00
2024-07-05,08:15:00 pm,0,102.482,24.202,2024-07-05 08:15:00
2024-07-05,08:30:00 pm,0,102.525,24.192,2024-07-05 08:30:00
2024-07-05,08:45:00 pm,0,102.504,24.176,2024-07-05 08:45:00
2024-07-05,09:00:00 pm,0,102.54,24.159,2024-07-05 09:00:00
2024-07-05,09:15:00 pm,0,102.598,24.143,2024-07-05 09:15:00
2024-07-05,09:30:00 pm,0,102.605,24.123,2024-07-05 09:30:00
2024-07-05,09:45:00 pm,0,102.559,24.105,2024-07-05 09:45:00
2024-07-05,10:00:00 pm,0,102.579,24.087,2024-07-05 10:00:00
2024-07-05,10:15:00 pm,0,102.585,24.069,2024-07-05 10:15:00
2024-07-05,10:30:00 pm,0,102.585,24.046,2024-07-05 10:30:00
2024-07-05,10:45:00 pm,0,102.566,24.026,2024-07-05 10:45:00
2024-07-05,11:00:00 pm,0,102.537,24.008,2024-07-05 11:00:00
2024-07-05,11:15:00 pm,0,102.528,23.989,2024-07-05 11:15:00
2024-07-05,11:30:00 pm,0,102.516,23.967,2024-07-05 11:30:00
2024-07-05,11:45:00 pm,0,102.5,23.948,2024-07-05 11:45:00
2024-07-06,12:00:00 am,0,102.481,23.927,2024-07-06 12:00:00
2024-07-06,12:15:00 am,0,102.468,23.908,2024-07-06 12:15:00
2024-07-06,12:30:00 am,0,102.453,23.887,2024-07-06 12:30:00
2024-07-06,12:45:00 am,0,102.45,23.866,2024-07-06 12:45:00
2024-07-06,01:00:00 am,0,102.469,23.845,2024-07-06 01:00:00
2024-07-06,01:15:00 am,0,102.499,23.825,2024-07-06 01:15:00
2024-07-06,01:30:00 am,0,102.528,23.809,2024-07-06 01:30:00
2024-07-06,01:45:00 am,0,102.554,23.792,2024-07-06 01:45:00
2024-07-06,02:00:00 am,0,102.563,23.777,2024-07-06 02:00:00
2024-07-06,02:15:00 am,0,102.55,23.764,2024-07-06 02:15:00
2024-07-06,02:30:00 am,0,102.551,23.75,2024-07-06 02:30:00
2024-07-06,02:45:00 am,0,102.534,23.74,2024-07-06 02:45:00
2024-07-06,03:00:00 am,0,102.52,23.724,2024-07-06 03:00:00
2024-07-06,03:15:00 am,0,102.505,23.71,2024-07-06 03:15:00
2024-07-06,03:30:00 am,0,102.482,23.692,2024-07-06 03:30:00
2024-07-06,03:45:00 am,0,102.483,23.676,2024-07-06 03:45:00
2024-07-06,04:00:00 am,0,102.482,23.656,2024-07-06 04:00:00
2024-07-06,04:15:00 am,0,102.486,23.641,2024-07-06 04:15:00
2024-07-06,04:30:00 am,0,102.489,23.621,2024-07-06 04:30:00
2024-07-06,04:45:00 am,0,102.479,23.604,2024-07-06 04:45:00
2024-07-06,05:00:00 am,0,102.491,23.585,2024-07-06 05:00:00
2024-07-06,05:15:00 am,0,102.488,23.567,2024-07-06 05:15:00
2024-07-06,05:30:00 am,0,102.498,23.55,2024-07-06 05:30:00
2024-07-06,05:45:00 am,0,102.509,23.53,2024-07-06 05:45:00
2024-07-06,06:00:00 am,0,102.515,23.512,2024-07-06 06:00:00
2024-07-06,06:15:00 am,0,102.535,23.493,2024-07-06 06:15:00
2024-07-06,06:30:00 am,0,102.542,23.474,2024-07-06 06:30:00
2024-07-06,06:45:00 am,0,102.521,23.456,2024-07-06 06:45:00
2024-07-06,07:00:00 am,0,102.516,23.44,2024-07-06 07:00:00
2024-07-06,07:15:00 am,0,102.557,23.426,2024-07-06 07:15:00
2024-07-06,07:30:00 am,0,102.551,23.409,2024-07-06 07:30:00
2024-07-06,07:45:00 am,0,102.584,23.4,2024-07-06 07:45:00
2024-07-06,08:00:00 am,0,102.601,23.389,2024-07-06 08:00:00
2024-07-06,08:15:00 am,0,102.613,23.382,2024-07-06 08:15:00
2024-07-06,08:30:00 am,0,102.609,23.38,2024-07-06 08:30:00
2024-07-06,08:45:00 am,0,102.615,23.382,2024-07-06 08:45:00
2024-07-06,09:00:00 am,0,102.619,23.388,2024-07-06 09:00:00
2024-07-06,09:15:00 am,0,102.616,23.405,2024-07-06 09:15:00
2024-07-06,09:30:00 am,0,102.618,23.422,2024-07-06 09:30:00
2024-07-06,09:45:00 am,0,102.627,23.442,2024-07-06 09:45:00
2024-07-06,10:00:00 am,0,102.645,23.461,2024-07-06 10:00:00
2024-07-06,10:15:00 am,0,102.668,23.487,2024-07-06 10:15:00
2024-07-06,10:30:00 am,0,102.687,23.5,2024-07-06 10:30:00
2024-07-06,10:45:00 am,0,102.706,23.517,2024-07-06 10:45:00
2024-07-06,11:00:00 am,0,102.722,23.516,2024-07-06 11:00:00
2024-07-06,11:15:00 am,0,102.722,23.52,2024-07-06 11:15:00
2024-07-06,11:30:00 am,0,102.715,23.538,2024-07-06 11:30:00
2024-07-06,11:45:00 am,0,102.71,23.567,2024-07-06 11:45:00
2024-07-06,12:00:00 pm,0,102.703,23.599,2024-07-06 12:00:00
2024-07-06,12:15:00 pm,0,102.716,23.643,2024-07-06 12:15:00
2024-07-06,12:30:00 pm,0,102.721,23.704,2024-07-06 12:30:00
2024-07-06,12:45:00 pm,0,102.735,23.765,2024-07-06 12:45:00
2024-07-06,01:00:00 pm,0,102.739,23.819,2024-07-06 01:00:00
2024-07-06,01:15:00 pm,0,102.732,23.835,2024-07-06 01:15:00
2024-07-06,01:30:00 pm,0,102.725,23.824,2024-07-06 01:30:00
2024-07-06,01:45:00 pm,0,102.93,23.9,2024-07-06 01:45:00
2024-07-06,02:00:00 pm,0,102.931,23.943,2024-07-06 02:00:00
2024-07-06,02:15:00 pm,0,102.917,23.92,2024-07-06 02:15:00
2024-07-06,02:30:00 pm,0,102.917,23.883,2024-07-06 02:30:00
2024-07-06,02:45:00 pm,0,102.908,23.872,2024-07-06 02:45:00
2024-07-06,03:00:00 pm,0,102.894,23.865,2024-07-06 03:00:00
2024-07-06,03:15:00 pm,0,102.885,23.844,2024-07-06 03:15:00
2024-07-06,03:30:00 pm,0,102.893,23.82,2024-07-06 03:30:00
2024-07-06,03:45:00 pm,0,102.929,23.801,2024-07-06 03:45:00
2024-07-06,04:00:00 pm,0,102.929,23.788,2024-07-06 04:00:00
2024-07-06,04:15:00 pm,0,102.964,23.78,2024-07-06 04:15:00
2024-07-06,04:30:00 pm,0,103.002,23.781,2024-07-06 04:30:00
2024-07-06,04:45:00 pm,0,103.034,23.787,2024-07-06 04:45:00
2024-07-06,05:00:00 pm,0,103.038,23.792,2024-07-06 05:00:00
2024-07-06,05:15:00 pm,0,103.103,23.791,2024-07-06 05:15:00
2024-07-06,05:30:00 pm,0,103.191,23.781,2024-07-06 05:30:00
2024-07-06,05:45:00 pm,0,103.27,23.767,2024-07-06 05:45:00
2024-07-06,06:00:00 pm,0,103.359,23.761,2024-07-06 06:00:00
2024-07-06,06:15:00 pm,0,103.467,23.754,2024-07-06 06:15:00
2024-07-06,06:30:00 pm,0,103.696,23.749,2024-07-06 06:30:00
2024-07-06,06:45:00 pm,0,103.889,23.746,2024-07-06 06:45:00
2024-07-06,07:00:00 pm,0,104.029,23.739,2024-07-06 07:00:00
2024-07-06,07:15:00 pm,0,104.118,23.736,2024-07-06 07:15:00
2024-07-06,07:30:00 pm,0,104.163,23.737,2024-07-06 07:30:00
2024-07-06,07:45:00 pm,0,104.204,23.735,2024-07-06 07:45:00
2024-07-06,08:00:00 pm,0,104.214,23.736,2024-07-06 08:00:00
2024-07-06,08:15:00 pm,0,104.214,23.733,2024-07-06 08:15:00
2024-07-06,08:30:00 pm,0,104.204,23.728,2024-07-06 08:30:00
2024-07-06,08:45:00 pm,0,104.186,23.722,2024-07-06 08:45:00
2024-07-06,09:00:00 pm,0,104.171,23.716,2024-07-06 09:00:00
2024-07-06,09:15:00 pm,0,104.15,23.707,2024-07-06 09:15:00
2024-07-06,09:30:00 pm,0,104.129,23.7,2024-07-06 09:30:00
2024-07-06,09:45:00 pm,0,104.107,23.693,2024-07-06 09:45:00
2024-07-06,10:00:00 pm,0,104.075,23.684,2024-07-06 10:00:00
2024-07-06,10:15:00 pm,0,104.061,23.675,2024-07-06 10:15:00
2024-07-06,10:30:00 pm,0,104.041,23.663,2024-07-06 10:30:00
2024-07-06,10:45:00 pm,0,104.015,23.653,2024-07-06 10:45:00
2024-07-06,11:00:00 pm,0,103.986,23.639,2024-07-06 11:00:00
2024-07-06,11:15:00 pm,0,103.95,23.629,2024-07-06 11:15:00
2024-07-06,11:30:00 pm,0,103.93,23.616,2024-07-06 11:30:00
2024-07-06,11:45:00 pm,0,103.906,23.6,2024-07-06 11:45:00
2024-07-07,12:00:00 am,0,103.867,23.585,2024-07-07 12:00:00
2024-07-07,12:15:00 am,0,103.86,23.571,2024-07-07 12:15:00
2024-07-07,12:30:00 am,0,103.833,23.555,2024-07-07 12:30:00
2024-07-07,12:45:00 am,0,103.787,23.539,2024-07-07 12:45:00
2024-07-07,01:00:00 am,0,103.772,23.524,2024-07-07 01:00:00
2024-07-07,01:15:00 am,0,103.754,23.508,2024-07-07 01:15:00
2024-07-07,01:30:00 am,0,103.727,23.491,2024-07-07 01:30:00
2024-07-07,01:45:00 am,0,103.694,23.475,2024-07-07 01:45:00
2024-07-07,02:00:00 am,0,103.658,23.458,2024-07-07 02:00:00
2024-07-07,02:15:00 am,0,103.649,23.439,2024-07-07 02:15:00
2024-07-07,02:30:00 am,0,103.644,23.422,2024-07-07 02:30:00
2024-07-07,02:45:00 am,0,103.622,23.406,2024-07-07 02:45:00
2024-07-07,03:00:00 am,0,103.597,23.387,2024-07-07 03:00:00
2024-07-07,03:15:00 am,0,103.581,23.369,2024-07-07 03:15:00
2024-07-07,03:30:00 am,0,103.573,23.352,2024-07-07 03:30:00
2024-07-07,03:45:00 am,0,103.556,23.335,2024-07-07 03:45:00
2024-07-07,04:00:00 am,0,103.549,23.317,2024-07-07 04:00:00
2024-07-07,04:15:00 am,0,103.54,23.301,2024-07-07 04:15:00
2024-07-07,04:30:00 am,0,103.527,23.284,2024-07-07 04:30:00
2024-07-07,04:45:00 am,0,103.524,23.269,2024-07-07 04:45:00
2024-07-07,05:00:00 am,0,103.515,23.252,2024-07-07 05:00:00
2024-07-07,05:15:00 am,0,103.513,23.236,2024-07-07 05:15:00
2024-07-07,05:30:00 am,0,103.5,23.222,2024-07-07 05:30:00
2024-07-07,05:45:00 am,0,103.506,23.209,2024-07-07 05:45:00
2024-07-07,06:00:00 am,0,103.51,23.194,2024-07-07 06:00:00
2024-07-07,06:15:00 am,0,103.504,23.182,2024-07-07 06:15:00
2024-07-07,06:30:00 am,0,103.489,23.17,2024-07-07 06:30:00
2024-07-07,06:45:00 am,0,103.481,23.159,2024-07-07 06:45:00
2024-07-07,07:00:00 am,0,103.477,23.148,2024-07-07 07:00:00
2024-07-07,07:15:00 am,0,103.471,23.139,2024-07-07 07:15:00
2024-07-07,07:30:00 am,0,103.466,23.132,2024-07-07 07:30:00
2024-07-07,07:45:00 am,0,103.455,23.124,2024-07-07 07:45:00
2024-07-07,08:00:00 am,0,103.444,23.119,2024-07-07 08:00:00
2024-07-07,08:15:00 am,0,103.44,23.118,2024-07-07 08:15:00
2024-07-07,08:30:00 am,0,103.441,23.123,2024-07-07 08:30:00
2024-07-07,08:45:00 am,0,103.435,23.128,2024-07-07 08:45:00
2024-07-07,09:00:00 am,0,103.425,23.139,2024-07-07 09:00:00
2024-07-07,09:15:00 am,0,103.42,23.147,2024-07-07 09:15:00
2024-07-07,09:30:00 am,0,103.407,23.159,2024-07-07 09:30:00
2024-07-07,09:45:00 am,0,103.408,23.174,2024-07-07 09:45:00
2024-07-07,10:00:00 am,0,103.416,23.187,2024-07-07 10:00:00
2024-07-07,10:15:00 am,0,103.408,23.206,2024-07-07 10:15:00
2024-07-07,10:30:00 am,0,103.411,23.23,2024-07-07 10:30:00
2024-07-07,10:45:00 am,0,103.411,23.251,2024-07-07 10:45:00
2024-07-07,11:00:00 am,0,103.405,23.279,2024-07-07 11:00:00
2024-07-07,11:15:00 am,0,103.411,23.31,2024-07-07 11:15:00
2024-07-07,11:30:00 am,0,103.422,23.353,2024-07-07 11:30:00
2024-07-07,11:45:00 am,0,103.431,23.395,2024-07-07 11:45:00
2024-07-07,12:00:00 pm,0,103.431,23.426,2024-07-07 12:00:00
2024-07-07,12:15:00 pm,0,103.423,23.454,2024-07-07 12:15:00
2024-07-07,12:30:00 pm,0,103.414,23.474,2024-07-07 12:30:00
2024-07-07,12:45:00 pm,0,103.399,23.5,2024-07-07 12:45:00
2024-07-07,01:00:00 pm,0,103.394,23.546,2024-07-07 01:00:00
2024-07-07,01:15:00 pm,0,103.372,23.583,2024-07-07 01:15:00
2024-07-07,01:30:00 pm,0,103.357,23.603,2024-07-07 01:30:00
2024-07-07,01:45:00 pm,0,103.336,23.623,2024-07-07 01:45:00
2024-07-07,02:00:00 pm,0,103.32,23.637,2024-07-07 02:00:00
2024-07-07,02:15:00 pm,0,103.312,23.668,2024-07-07 02:15:00
2024-07-07,02:30:00 pm,0,103.304,23.701,2024-07-07 02:30:00
2024-07-07,02:45:00 pm,0,103.29,23.732,2024-07-07 02:45:00
2024-07-07,03:00:00 pm,0,103.264,23.77,2024-07-07 03:00:00
2024-07-07,03:15:00 pm,0,103.249,23.8,2024-07-07 03:15:00
2024-07-07,03:30:00 pm,0,103.192,23.825,2024-07-07 03:30:00
2024-07-07,03:45:00 pm,0,103.165,23.858,2024-07-07 03:45:00
2024-07-07,04:00:00 pm,0,103.136,23.89,2024-07-07 04:00:00
2024-07-07,04:15:00 pm,0,103.122,23.931,2024-07-07 04:15:00
2024-07-07,04:30:00 pm,0,103.099,23.965,2024-07-07 04:30:00
2024-07-07,04:45:00 pm,0,103.091,24.002,2024-07-07 04:45:00
2024-07-07,05:00:00 pm,0,103.086,24.034,2024-07-07 05:00:00
2024-07-07,05:15:00 pm,0,103.081,24.101,2024-07-07 05:15:00
2024-07-07,05:30:00 pm,0,103.078,24.139,2024-07-07 05:30:00
2024-07-07,05:45:00 pm,0,103.057,24.142,2024-07-07 05:45:00
2024-07-07,06:00:00 pm,0,103.051,24.157,2024-07-07 06:00:00
2024-07-07,06:15:00 pm,0,103.057,24.172,2024-07-07 06:15:00
2024-07-07,06:30:00 pm,0,103.05,24.187,2024-07-07 06:30:00
2024-07-07,06:45:00 pm,0,103.043,24.204,2024-07-07 06:45:00
2024-07-07,07:00:00 pm,0,103.044,24.214,2024-07-07 07:00:00
2024-07-07,07:15:00 pm,0,103.043,24.221,2024-07-07 07:15:00
2024-07-07,07:30:00 pm,0,103.053,24.225,2024-07-07 07:30:00
2024-07-07,07:45:00 pm,0,103.055,24.225,2024-07-07 07:45:00
2024-07-07,08:00:00 pm,0,103.079,24.226,2024-07-07 08:00:00
2024-07-07,08:15:00 pm,0,103.069,24.225,2024-07-07 08:15:00
2024-07-07,08:30:00 pm,0,103.071,24.221,2024-07-07 08:30:00
2024-07-07,08:45:00 pm,0,103.075,24.215,2024-07-07 08:45:00
2024-07-07,09:00:00 pm,0,103.072,24.209,2024-07-07 09:00:00
2024-07-07,09:15:00 pm,0,103.064,24.204,2024-07-07 09:15:00
2024-07-07,09:30:00 pm,0,103.071,24.196,2024-07-07 09:30:00
2024-07-07,09:45:00 pm,0,103.069,24.185,2024-07-07 09:45:00
2024-07-07,10:00:00 pm,0,103.067,24.179,2024-07-07 10:00:00
2024-07-07,10:15:00 pm,0,103.051,24.166,2024-07-07 10:15:00
2024-07-07,10:30:00 pm,0,103.048,24.157,2024-07-07 10:30:00
2024-07-07,10:45:00 pm,0,103.036,24.148,2024-07-07 10:45:00
2024-07-07,11:00:00 pm,0,103.036,24.139,2024-07-07 11:00:00
2024-07-07,11:15:00 pm,0,103.034,24.126,2024-07-07 11:15:00
2024-07-07,11:30:00 pm,0,103.032,24.112,2024-07-07 11:30:00
2024-07-07,11:45:00 pm,0,103.023,24.102,2024-07-07 11:45:00
2024-07-08,12:00:00 am,0,103.025,24.089,2024-07-08 12:00:00
2024-07-08,12:15:00 am,0,103.027,24.076,2024-07-08 12:15:00
2024-07-08,12:30:00 am,0,103.022,24.063,2024-07-08 12:30:00
2024-07-08,12:45:00 am,0,103.009,24.05,2024-07-08 12:45:00
2024-07-08,01:00:00 am,0,103.001,24.034,2024-07-08 01:00:00
2024-07-08,01:15:00 am,0,102.992,24.016,2024-07-08 01:15:00
2024-07-08,01:30:00 am,0,102.983,24,2024-07-08 01:30:00
2024-07-08,01:45:00 am,0,102.982,23.985,2024-07-08 01:45:00
2024-07-08,02:00:00 am,0,102.974,23.969,2024-07-08 02:00:00
2024-07-08,02:15:00 am,0,102.974,23.95,2024-07-08 02:15:00
2024-07-08,02:30:00 am,0,102.968,23.931,2024-07-08 02:30:00
2024-07-08,02:45:00 am,0,102.958,23.908,2024-07-08 02:45:00
2024-07-08,03:00:00 am,0,102.955,23.889,2024-07-08 03:00:00
2024-07-08,03:15:00 am,0,102.946,23.866,2024-07-08 03:15:00
2024-07-08,03:30:00 am,0,102.943,23.844,2024-07-08 03:30:00
2024-07-08,03:45:00 am,0,102.947,23.82,2024-07-08 03:45:00
2024-07-08,04:00:00 am,0,102.948,23.796,2024-07-08 04:00:00
2024-07-08,04:15:00 am,0,102.95,23.772,2024-07-08 04:15:00
2024-07-08,04:30:00 am,0,102.94,23.745,2024-07-08 04:30:00
2024-07-08,04:45:00 am,0,102.939,23.718,2024-07-08 04:45:00
2024-07-08,05:00:00 am,0,102.942,23.69,2024-07-08 05:00:00
2024-07-08,05:15:00 am,0,102.939,23.662,2024-07-08 05:15:00
2024-07-08,05:30:00 am,0,102.945,23.631,2024-07-08 05:30:00
2024-07-08,05:45:00 am,0,102.955,23.604,2024-07-08 05:45:00
2024-07-08,06:00:00 am,0,102.961,23.575,2024-07-08 06:00:00
2024-07-08,06:15:00 am,0,102.973,23.543,2024-07-08 06:15:00
2024-07-08,06:30:00 am,0,102.979,23.517,2024-07-08 06:30:00
2024-07-08,06:45:00 am,0,102.994,23.489,2024-07-08 06:45:00
2024-07-08,07:00:00 am,0,103.031,23.461,2024-07-08 07:00:00
2024-07-08,07:15:00 am,0,103.024,23.439,2024-07-08 07:15:00
2024-07-08,07:30:00 am,0,103.018,23.422,2024-07-08 07:30:00
2024-07-08,07:45:00 am,0,103.019,23.408,2024-07-08 07:45:00
2024-07-08,08:00:00 am,0,103.013,23.39,2024-07-08 08:00:00
2024-07-08,08:15:00 am,0,103.011,23.381,2024-07-08 08:15:00
2024-07-08,08:30:00 am,0,103.014,23.378,2024-07-08 08:30:00
2024-07-08,08:45:00 am,0,103.01,23.376,2024-07-08 08:45:00
2024-07-08,09:00:00 am,0,103.008,23.38,2024-07-08 09:00:00
2024-07-08,09:15:00 am,0,103.001,23.386,2024-07-08 09:15:00
2024-07-08,09:30:00 am,0,102.996,23.395,2024-07-08 09:30:00
2024-07-08,09:45:00 am,0,102.994,23.409,2024-07-08 09:45:00
2024-07-08,10:00:00 am,0,102.989,23.424,2024-07-08 10:00:00
2024-07-08,10:15:00 am,0,102.99,23.442,2024-07-08 10:15:00
2024-07-08,10:30:00 am,0,102.99,23.464,2024-07-08 10:30:00
2024-07-08,10:45:00 am,0,102.993,23.49,2024-07-08 10:45:00
2024-07-08,11:00:00 am,0,102.996,23.517,2024-07-08 11:00:00
2024-07-08,11:15:00 am,0,103,23.548,2024-07-08 11:15:00
2024-07-08,11:30:00 am,0,103.002,23.587,2024-07-08 11:30:00
2024-07-08,11:45:00 am,0,103.006,23.625,2024-07-08 11:45:00
2024-07-08,12:00:00 pm,0,103,23.658,2024-07-08 12:00:00
2024-07-08,12:15:00 pm,0,102.999,23.693,2024-07-08 12:15:00
2024-07-08,12:30:00 pm,0,102.993,23.72,2024-07-08 12:30:00
2024-07-08,12:45:00 pm,0,102.99,23.737,2024-07-08 12:45:00
2024-07-08,01:00:00 pm,0,102.986,23.76,2024-07-08 01:00:00
2024-07-08,01:15:00 pm,0,102.986,23.795,2024-07-08 01:15:00
2024-07-08,01:30:00 pm,0,102.98,23.828,2024-07-08 01:30:00
2024-07-08,01:45:00 pm,0,102.976,23.867,2024-07-08 01:45:00
2024-07-08,02:00:00 pm,0,102.973,23.918,2024-07-08 02:00:00
2024-07-08,02:15:00 pm,0,102.97,23.973,2024-07-08 02:15:00
2024-07-08,02:30:00 pm,0,102.974,24.023,2024-07-08 02:30:00
2024-07-08,02:45:00 pm,0,102.961,24.072,2024-07-08 02:45:00
2024-07-08,03:00:00 pm,0,102.948,24.125,2024-07-08 03:00:00
2024-07-08,03:15:00 pm,0,102.94,24.158,2024-07-08 03:15:00
2024-07-08,03:30:00 pm,0,102.925,24.175,2024-07-08 03:30:00
2024-07-08,03:45:00 pm,0,102.876,24.19,2024-07-08 03:45:00
2024-07-08,04:00:00 pm,0,102.884,24.203,2024-07-08 04:00:00
2024-07-08,04:15:00 pm,0,102.85,24.204,2024-07-08 04:15:00
2024-07-08,04:30:00 pm,0,102.853,24.206,2024-07-08 04:30:00
2024-07-08,04:45:00 pm,0,102.832,24.209,2024-07-08 04:45:00
2024-07-08,05:00:00 pm,0,102.85,24.198,2024-07-08 05:00:00
2024-07-08,05:15:00 pm,0,102.908,24.2,2024-07-08 05:15:00
2024-07-08,05:30:00 pm,0,102.909,24.202,2024-07-08 05:30:00
2024-07-08,05:45:00 pm,0,102.898,24.198,2024-07-08 05:45:00
2024-07-08,06:00:00 pm,0,102.893,24.19,2024-07-08 06:00:00
2024-07-08,06:15:00 pm,0,102.908,24.185,2024-07-08 06:15:00
2024-07-08,06:30:00 pm,0,102.91,24.182,2024-07-08 06:30:00
2024-07-08,06:45:00 pm,0,102.908,24.178,2024-07-08 06:45:00
2024-07-08,07:00:00 pm,0,102.898,24.172,2024-07-08 07:00:00
2024-07-08,07:15:00 pm,0,102.897,24.164,2024-07-08 07:15:00
2024-07-08,07:30:00 pm,0,102.901,24.161,2024-07-08 07:30:00
2024-07-08,07:45:00 pm,0,102.91,24.152,2024-07-08 07:45:00
2024-07-08,08:00:00 pm,0,102.907,24.146,2024-07-08 08:00:00
2024-07-08,08:15:00 pm,0,102.904,24.136,2024-07-08 08:15:00
2024-07-08,08:30:00 pm,0,102.911,24.126,2024-07-08 08:30:00
2024-07-08,08:45:00 pm,0,102.932,24.117,2024-07-08 08:45:00
2024-07-08,09:00:00 pm,0,102.937,24.112,2024-07-08 09:00:00
2024-07-08,09:15:00 pm,0,102.947,24.105,2024-07-08 09:15:00
2024-07-08,09:30:00 pm,0,102.946,24.099,2024-07-08 09:30:00
2024-07-08,09:45:00 pm,0,102.95,24.094,2024-07-08 09:45:00
2024-07-08,10:00:00 pm,0,102.96,24.085,2024-07-08 10:00:00
2024-07-08,10:15:00 pm,0,102.945,24.077,2024-07-08 10:15:00
2024-07-08,10:30:00 pm,0,102.938,24.065,2024-07-08 10:30:00
2024-07-08,10:45:00 pm,0,102.957,24.059,2024-07-08 10:45:00
2024-07-08,11:00:00 pm,0,102.955,24.046,2024-07-08 11:00:00
2024-07-08,11:15:00 pm,0,102.96,24.032,2024-07-08 11:15:00
2024-07-08,11:30:00 pm,0,102.963,24.018,2024-07-08 11:30:00
2024-07-08,11:45:00 pm,0,102.963,24.002,2024-07-08 11:45:00
2024-07-09,12:00:00 am,0,102.952,23.985,2024-07-09 12:00:00
2024-07-09,12:15:00 am,0,102.941,23.972,2024-07-09 12:15:00
2024-07-09,12:30:00 am,0,102.92,23.951,2024-07-09 12:30:00
2024-07-09,12:45:00 am,0,102.905,23.935,2024-07-09 12:45:00
2024-07-09,01:00:00 am,0,102.891,23.912,2024-07-09 01:00:00
2024-07-09,01:15:00 am,0,102.874,23.893,2024-07-09 01:15:00
2024-07-09,01:30:00 am,0,102.859,23.869,2024-07-09 01:30:00
2024-07-09,01:45:00 am,0,102.845,23.846,2024-07-09 01:45:00
2024-07-09,02:00:00 am,0,102.829,23.82,2024-07-09 02:00:00
2024-07-09,02:15:00 am,0,102.82,23.799,2024-07-09 02:15:00
2024-07-09,02:30:00 am,0,102.815,23.77,2024-07-09 02:30:00
2024-07-09,02:45:00 am,0,102.791,23.744,2024-07-09 02:45:00
2024-07-09,03:00:00 am,0,102.785,23.715,2024-07-09 03:00:00
2024-07-09,03:15:00 am,0,102.793,23.686,2024-07-09 03:15:00
2024-07-09,03:30:00 am,0,102.788,23.657,2024-07-09 03:30:00
2024-07-09,03:45:00 am,0,102.802,23.631,2024-07-09 03:45:00
2024-07-09,04:00:00 am,0,102.79,23.608,2024-07-09 04:00:00
2024-07-09,04:15:00 am,0,102.789,23.585,2024-07-09 04:15:00
2024-07-09,04:30:00 am,0,102.793,23.56,2024-07-09 04:30:00
2024-07-09,04:45:00 am,0,102.782,23.536,2024-07-09 04:45:00
2024-07-09,05:00:00 am,0,102.765,23.512,2024-07-09 05:00:00
2024-07-09,05:15:00 am,0,102.763,23.488,2024-07-09 05:15:00
2024-07-09,05:30:00 am,0,102.761,23.466,2024-07-09 05:30:00
2024-07-09,05:45:00 am,0,102.75,23.445,2024-07-09 05:45:00
2024-07-09,06:00:00 am,0,102.768,23.425,2024-07-09 06:00:00
2024-07-09,06:15:00 am,0,102.823,23.404,2024-07-09 06:15:00
2024-07-09,06:30:00 am,0,102.827,23.386,2024-07-09 06:30:00
2024-07-09,06:45:00 am,0,102.813,23.368,2024-07-09 06:45:00
2024-07-09,07:00:00 am,0,102.803,23.355,2024-07-09 07:00:00
2024-07-09,07:15:00 am,0,102.799,23.346,2024-07-09 07:15:00
2024-07-09,07:30:00 am,0,102.823,23.335,2024-07-09 07:30:00
2024-07-09,07:45:00 am,0,102.834,23.333,2024-07-09 07:45:00
2024-07-09,08:00:00 am,0,102.875,23.333,2024-07-09 08:00:00
2024-07-09,08:15:00 am,0,102.886,23.334,2024-07-09 08:15:00
2024-07-09,08:30:00 am,0,102.884,23.34,2024-07-09 08:30:00
2024-07-09,08:45:00 am,0,102.875,23.351,2024-07-09 08:45:00
2024-07-09,09:00:00 am,0,102.873,23.364,2024-07-09 09:00:00
2024-07-09,09:15:00 am,0,102.861,23.379,2024-07-09 09:15:00
2024-07-09,09:30:00 am,0,102.862,23.399,2024-07-09 09:30:00
2024-07-09,09:45:00 am,0,102.869,23.417,2024-07-09 09:45:00
2024-07-09,10:00:00 am,0,102.872,23.434,2024-07-09 10:00:00
2024-07-09,10:15:00 am,0,102.859,23.452,2024-07-09 10:15:00
2024-07-09,10:30:00 am,0,102.861,23.474,2024-07-09 10:30:00
2024-07-09,10:45:00 am,0,102.856,23.491,2024-07-09 10:45:00
2024-07-09,11:00:00 am,0,102.844,23.499,2024-07-09 11:00:00
2024-07-09,11:15:00 am,0,102.84,23.503,2024-07-09 11:15:00
2024-07-09,11:30:00 am,0,102.827,23.524,2024-07-09 11:30:00
2024-07-09,11:45:00 am,0,102.824,23.543,2024-07-09 11:45:00
2024-07-09,12:00:00 pm,0,102.814,23.566,2024-07-09 12:00:00
2024-07-09,12:15:00 pm,0,102.805,23.617,2024-07-09 12:15:00
2024-07-09,12:30:00 pm,0,102.81,23.673,2024-07-09 12:30:00
2024-07-09,12:45:00 pm,0,102.81,23.729,2024-07-09 12:45:00
2024-07-09,01:00:00 pm,0,102.814,23.796,2024-07-09 01:00:00
2024-07-09,01:15:00 pm,0,102.831,23.872,2024-07-09 01:15:00
2024-07-09,01:30:00 pm,0,102.828,23.921,2024-07-09 01:30:00
2024-07-09,01:45:00 pm,0,102.807,23.966,2024-07-09 01:45:00
2024-07-09,02:00:00 pm,0,102.767,24.023,2024-07-09 02:00:00
2024-07-09,02:15:00 pm,0,102.787,24.111,2024-07-09 02:15:00
2024-07-09,02:30:00 pm,0,102.785,24.182,2024-07-09 02:30:00
2024-07-09,02:45:00 pm,0,102.751,24.24,2024-07-09 02:45:00
2024-07-09,03:00:00 pm,0,102.755,24.298,2024-07-09 03:00:00
2024-07-09,03:15:00 pm,0,102.75,24.319,2024-07-09 03:15:00
2024-07-09,03:30:00 pm,0,102.744,24.335,2024-07-09 03:30:00
2024-07-09,03:45:00 pm,0,102.752,24.345,2024-07-09 03:45:00
2024-07-09,04:00:00 pm,0,102.765,24.348,2024-07-09 04:00:00
2024-07-09,04:15:00 pm,0,102.752,24.355,2024-07-09 04:15:00
2024-07-09,04:30:00 pm,0,102.707,24.345,2024-07-09 04:30:00
2024-07-09,04:45:00 pm,0,102.714,24.345,2024-07-09 04:45:00
2024-07-09,05:00:00 pm,0,102.71,24.343,2024-07-09 05:00:00
2024-07-09,05:15:00 pm,0,102.713,24.348,2024-07-09 05:15:00
2024-07-09,05:30:00 pm,0,102.719,24.359,2024-07-09 05:30:00
2024-07-09,05:45:00 pm,0,102.718,24.375,2024-07-09 05:45:00
2024-07-09,06:00:00 pm,0,102.717,24.381,2024-07-09 06:00:00
2024-07-09,06:15:00 pm,0,102.715,24.389,2024-07-09 06:15:00
2024-07-09,06:30:00 pm,0,102.73,24.393,2024-07-09 06:30:00
2024-07-09,06:45:00 pm,0,102.737,24.395,2024-07-09 06:45:00
2024-07-09,07:00:00 pm,0,102.735,24.4,2024-07-09 07:00:00
2024-07-09,07:15:00 pm,0,102.74,24.403,2024-07-09 07:15:00
2024-07-09,07:30:00 pm,0,102.741,24.403,2024-07-09 07:30:00
2024-07-09,07:45:00 pm,0,102.738,24.403,2024-07-09 07:45:00
2024-07-09,08:00:00 pm,0,102.755,24.402,2024-07-09 08:00:00
2024-07-09,08:15:00 pm,0,102.767,24.395,2024-07-09 08:15:00
2024-07-09,08:30:00 pm,0,102.784,24.391,2024-07-09 08:30:00
2024-07-09,08:45:00 pm,0,102.795,24.386,2024-07-09 08:45:00
2024-07-09,09:00:00 pm,0,102.811,24.377,2024-07-09 09:00:00
2024-07-09,09:15:00 pm,0,102.828,24.374,2024-07-09 09:15:00
2024-07-09,09:30:00 pm,0,102.849,24.368,2024-07-09 09:30:00
2024-07-09,09:45:00 pm,0,102.919,24.361,2024-07-09 09:45:00
2024-07-09,10:00:00 pm,0,103.246,24.355,2024-07-09 10:00:00
2024-07-09,10:15:00 pm,0,103.5,24.361,2024-07-09 10:15:00
2024-07-09,10:30:00 pm,0,103.559,24.349,2024-07-09 10:30:00
2024-07-09,10:45:00 pm,0,103.579,24.332,2024-07-09 10:45:00
2024-07-09,11:00:00 pm,0,103.559,24.307,2024-07-09 11:00:00
2024-07-09,11:15:00 pm,0,103.549,24.27,2024-07-09 11:15:00
2024-07-09,11:30:00 pm,0,103.53,24.235,2024-07-09 11:30:00
2024-07-09,11:45:00 pm,0,103.509,24.194,2024-07-09 11:45:00
2024-07-10,12:00:00 am,0,103.483,24.145,2024-07-10 12:00:00
2024-07-10,12:15:00 am,0,103.453,24.09,2024-07-10 12:15:00
2024-07-10,12:30:00 am,0,103.425,24.034,2024-07-10 12:30:00
2024-07-10,12:45:00 am,0,103.404,23.981,2024-07-10 12:45:00
2024-07-10,01:00:00 am,0,103.377,23.921,2024-07-10 01:00:00
2024-07-10,01:15:00 am,0,103.34,23.865,2024-07-10 01:15:00
2024-07-10,01:30:00 am,0,103.313,23.806,2024-07-10 01:30:00
2024-07-10,01:45:00 am,0,103.28,23.752,2024-07-10 01:45:00
2024-07-10,02:00:00 am,0,103.261,23.695,2024-07-10 02:00:00
2024-07-10,02:15:00 am,0,103.234,23.638,2024-07-10 02:15:00
2024-07-10,02:30:00 am,0,103.213,23.582,2024-07-10 02:30:00
2024-07-10,02:45:00 am,0,103.19,23.526,2024-07-10 02:45:00
2024-07-10,03:00:00 am,0,103.191,23.471,2024-07-10 03:00:00
2024-07-10,03:15:00 am,0,103.193,23.413,2024-07-10 03:15:00
2024-07-10,03:30:00 am,0,103.176,23.357,2024-07-10 03:30:00
2024-07-10,03:45:00 am,0,103.167,23.3,2024-07-10 03:45:00
2024-07-10,04:00:00 am,0,103.172,23.244,2024-07-10 04:00:00
2024-07-10,04:15:00 am,0,103.171,23.184,2024-07-10 04:15:00
2024-07-10,04:30:00 am,0,103.169,23.128,2024-07-10 04:30:00
2024-07-10,04:45:00 am,0,103.163,23.075,2024-07-10 04:45:00
2024-07-10,05:00:00 am,0,103.156,23.021,2024-07-10 05:00:00
2024-07-10,05:15:00 am,0,103.169,22.961,2024-07-10 05:15:00
2024-07-10,05:30:00 am,0,103.164,22.908,2024-07-10 05:30:00
2024-07-10,05:45:00 am,0,103.174,22.856,2024-07-10 05:45:00
2024-07-10,06:00:00 am,0,103.175,22.798,2024-07-10 06:00:00
2024-07-10,06:15:00 am,0,103.182,22.737,2024-07-10 06:15:00
2024-07-10,06:30:00 am,0,103.193,22.674,2024-07-10 06:30:00
2024-07-10,06:45:00 am,0,103.188,22.631,2024-07-10 06:45:00
2024-07-10,07:00:00 am,0,103.179,22.588,2024-07-10 07:00:00
2024-07-10,07:15:00 am,0,103.18,22.545,2024-07-10 07:15:00
2024-07-10,07:30:00 am,0,103.183,22.508,2024-07-10 07:30:00
2024-07-10,07:45:00 am,0,103.189,22.486,2024-07-10 07:45:00
2024-07-10,08:00:00 am,0,103.19,22.465,2024-07-10 08:00:00
2024-07-10,08:15:00 am,0,103.197,22.454,2024-07-10 08:15:00
2024-07-10,08:30:00 am,0,103.199,22.454,2024-07-10 08:30:00
2024-07-10,08:45:00 am,0,103.199,22.455,2024-07-10 08:45:00
2024-07-10,09:00:00 am,0,103.199,22.458,2024-07-10 09:00:00
2024-07-10,09:15:00 am,0,103.21,22.467,2024-07-10 09:15:00
2024-07-10,09:30:00 am,0,103.213,22.477,2024-07-10 09:30:00
2024-07-10,09:45:00 am,0,103.208,22.488,2024-07-10 09:45:00
2024-07-10,10:00:00 am,0,103.207,22.503,2024-07-10 10:00:00
2024-07-10,10:15:00 am,0,103.213,22.518,2024-07-10 10:15:00
2024-07-10,10:30:00 am,0,103.213,22.536,2024-07-10 10:30:00
2024-07-10,10:45:00 am,0,103.21,22.558,2024-07-10 10:45:00
2024-07-10,11:00:00 am,0,103.211,22.579,2024-07-10 11:00:00
2024-07-10,11:15:00 am,0,103.208,22.61,2024-07-10 11:15:00
2024-07-10,11:30:00 am,0,103.199,22.644,2024-07-10 11:30:00
2024-07-10,11:45:00 am,0,103.199,22.681,2024-07-10 11:45:00
2024-07-10,12:00:00 pm,0,103.199,22.714,2024-07-10 12:00:00
2024-07-10,12:15:00 pm,0,103.196,22.75,2024-07-10 12:15:00
2024-07-10,12:30:00 pm,0,103.194,22.792,2024-07-10 12:30:00
2024-07-10,12:45:00 pm,0,103.203,22.846,2024-07-10 12:45:00
2024-07-10,01:00:00 pm,0,103.206,22.904,2024-07-10 01:00:00
2024-07-10,01:15:00 pm,0,103.209,22.962,2024-07-10 01:15:00
2024-07-10,01:30:00 pm,0,103.212,23.019,2024-07-10 01:30:00
2024-07-10,01:45:00 pm,0,103.214,23.05,2024-07-10 01:45:00
2024-07-10,02:00:00 pm,0,103.21,23.081,2024-07-10 02:00:00
2024-07-10,02:15:00 pm,0,103.208,23.12,2024-07-10 02:15:00
2024-07-10,02:30:00 pm,0,103.202,23.159,2024-07-10 02:30:00
2024-07-10,02:45:00 pm,0,103.189,23.196,2024-07-10 02:45:00
2024-07-10,03:00:00 pm,0,103.182,23.239,2024-07-10 03:00:00
2024-07-10,03:15:00 pm,0,103.167,23.279,2024-07-10 03:15:00
2024-07-10,03:30:00 pm,0,103.153,23.306,2024-07-10 03:30:00
2024-07-10,03:45:00 pm,0,103.147,23.336,2024-07-10 03:45:00
2024-07-10,04:00:00 pm,0,103.128,23.366,2024-07-10 04:00:00
2024-07-10,04:15:00 pm,0,103.11,23.393,2024-07-10 04:15:00
2024-07-10,04:30:00 pm,0,103.099,23.42,2024-07-10 04:30:00
2024-07-10,04:45:00 pm,0,103.092,23.434,2024-07-10 04:45:00
2024-07-10,05:00:00 pm,0,103.079,23.446,2024-07-10 05:00:00
2024-07-10,05:15:00 pm,0,103.074,23.463,2024-07-10 05:15:00
2024-07-10,05:30:00 pm,0,103.065,23.477,2024-07-10 05:30:00
2024-07-10,05:45:00 pm,0,103.058,23.493,2024-07-10 05:45:00
2024-07-10,06:00:00 pm,0,103.043,23.508,2024-07-10 06:00:00
2024-07-10,06:15:00 pm,0,103.041,23.522,2024-07-10 06:15:00
2024-07-10,06:30:00 pm,0,103.034,23.524,2024-07-10 06:30:00
2024-07-10,06:45:00 pm,0,103.032,23.534,2024-07-10 06:45:00
2024-07-10,07:00:00 pm,0,103.023,23.535,2024-07-10 07:00:00
2024-07-10,07:15:00 pm,0,103.024,23.535,2024-07-10 07:15:00
2024-07-10,07:30:00 pm,0,103.016,23.528,2024-07-10 07:30:00
2024-07-10,07:45:00 pm,0,103.017,23.522,2024-07-10 07:45:00
2024-07-10,08:00:00 pm,0,103.017,23.51,2024-07-10 08:00:00
2024-07-10,08:15:00 pm,0,103.013,23.498,2024-07-10 08:15:00
2024-07-10,08:30:00 pm,0,103.012,23.484,2024-07-10 08:30:00
2024-07-10,08:45:00 pm,0,103.02,23.468,2024-07-10 08:45:00
2024-07-10,09:00:00 pm,0,103.013,23.449,2024-07-10 09:00:00
2024-07-10,09:15:00 pm,0,103.011,23.431,2024-07-10 09:15:00
2024-07-10,09:30:00 pm,0,103.013,23.412,2024-07-10 09:30:00
2024-07-10,09:45:00 pm,0,103.009,23.387,2024-07-10 09:45:00
2024-07-10,10:00:00 pm,0,103.001,23.364,2024-07-10 10:00:00
2024-07-10,10:15:00 pm,0,103,23.341,2024-07-10 10:15:00
2024-07-10,10:30:00 pm,0,103,23.316,2024-07-10 10:30:00
2024-07-10,10:45:00 pm,0,103.002,23.295,2024-07-10 10:45:00
2024-07-10,11:00:00 pm,0,102.999,23.268,2024-07-10 11:00:00
2024-07-10,11:15:00 pm,0,102.994,23.242,2024-07-10 11:15:00
2024-07-10,11:30:00 pm,0,102.985,23.218,2024-07-10 11:30:00
2024-07-10,11:45:00 pm,0,102.979,23.192,2024-07-10 11:45:00
2024-07-11,12:00:00 am,0,102.98,23.165,2024-07-11 12:00:00
2024-07-11,12:15:00 am,0,102.97,23.135,2024-07-11 12:15:00
2024-07-11,12:30:00 am,0,102.954,23.106,2024-07-11 12:30:00
2024-07-11,12:45:00 am,0,102.941,23.078,2024-07-11 12:45:00
2024-07-11,01:00:00 am,0,102.933,23.047,2024-07-11 01:00:00
2024-07-11,01:15:00 am,0,102.925,23.013,2024-07-11 01:15:00
2024-07-11,01:30:00 am,0,102.91,22.976,2024-07-11 01:30:00
2024-07-11,01:45:00 am,0,102.897,22.942,2024-07-11 01:45:00
2024-07-11,02:00:00 am,0,102.887,22.904,2024-07-11 02:00:00
2024-07-11,02:15:00 am,0,102.885,22.869,2024-07-11 02:15:00
2024-07-11,02:30:00 am,0,102.876,22.835,2024-07-11 02:30:00
2024-07-11,02:45:00 am,0,102.874,22.798,2024-07-11 02:45:00
2024-07-11,03:00:00 am,0,102.857,22.756,2024-07-11 03:00:00
2024-07-11,03:15:00 am,0,102.847,22.716,2024-07-11 03:15:00
2024-07-11,03:30:00 am,0,102.837,22.674,2024-07-11 03:30:00
2024-07-11,03:45:00 am,0,102.834,22.633,2024-07-11 03:45:00
2024-07-11,04:00:00 am,0,102.826,22.587,2024-07-11 04:00:00
2024-07-11,04:15:00 am,0,102.831,22.546,2024-07-11 04:15:00
2024-07-11,04:30:00 am,0,102.826,22.502,2024-07-11 04:30:00
2024-07-11,04:45:00 am,0,102.822,22.457,2024-07-11 04:45:00
2024-07-11,05:00:00 am,0,102.903,22.411,2024-07-11 05:00:00
2024-07-11,05:15:00 am,0,102.894,22.368,2024-07-11 05:15:00
2024-07-11,05:30:00 am,0,102.912,22.337,2024-07-11 05:30:00
2024-07-11,05:45:00 am,0,102.91,22.293,2024-07-11 05:45:00
2024-07-11,06:00:00 am,0,102.91,22.248,2024-07-11 06:00:00
2024-07-11,06:15:00 am,0,102.921,22.205,2024-07-11 06:15:00
2024-07-11,06:30:00 am,0,102.931,22.16,2024-07-11 06:30:00
2024-07-11,06:45:00 am,0,102.958,22.112,2024-07-11 06:45:00
2024-07-11,07:00:00 am,0,102.963,22.066,2024-07-11 07:00:00
2024-07-11,07:15:00 am,0,102.973,22.029,2024-07-11 07:15:00
2024-07-11,07:30:00 am,0,102.966,21.996,2024-07-11 07:30:00
2024-07-11,07:45:00 am,0,102.971,21.972,2024-07-11 07:45:00
2024-07-11,08:00:00 am,0,102.97,21.957,2024-07-11 08:00:00
2024-07-11,08:15:00 am,0,102.969,21.947,2024-07-11 08:15:00
2024-07-11,08:30:00 am,0,102.974,21.951,2024-07-11 08:30:00
2024-07-11,08:45:00 am,0,102.983,21.954,2024-07-11 08:45:00
2024-07-11,09:00:00 am,0,102.996,21.969,2024-07-11 09:00:00
2024-07-11,09:15:00 am,0,103.001,21.988,2024-07-11 09:15:00
2024-07-11,09:30:00 am,0,103.005,22.007,2024-07-11 09:30:00
2024-07-11,09:45:00 am,0,103.005,22.032,2024-07-11 09:45:00
2024-07-11,10:00:00 am,0,103.011,22.059,2024-07-11 10:00:00
2024-07-11,10:15:00 am,0,103.014,22.088,2024-07-11 10:15:00
2024-07-11,10:30:00 am,0,103.027,22.126,2024-07-11 10:30:00
2024-07-11,10:45:00 am,0,103.026,22.161,2024-07-11 10:45:00
2024-07-11,11:00:00 am,0,103.033,22.199,2024-07-11 11:00:00
2024-07-11,11:15:00 am,0,103.037,22.246,2024-07-11 11:15:00
2024-07-11,11:30:00 am,0,103.049,22.291,2024-07-11 11:30:00
2024-07-11,11:45:00 am,0,103.055,22.322,2024-07-11 11:45:00
2024-07-11,12:00:00 pm,0,103.056,22.348,2024-07-11 12:00:00
2024-07-11,12:15:00 pm,0,103.054,22.376,2024-07-11 12:15:00
2024-07-11,12:30:00 pm,0,103.053,22.412,2024-07-11 12:30:00
2024-07-11,12:45:00 pm,0,103.055,22.468,2024-07-11 12:45:00
2024-07-11,01:00:00 pm,0,103.064,22.542,2024-07-11 01:00:00
2024-07-11,01:15:00 pm,0,103.067,22.602,2024-07-11 01:15:00
2024-07-11,01:30:00 pm,0,103.071,22.674,2024-07-11 01:30:00
2024-07-11,01:45:00 pm,0,103.083,22.748,2024-07-11 01:45:00
2024-07-11,02:00:00 pm,0,103.084,22.81,2024-07-11 02:00:00
2024-07-11,02:15:00 pm,0,103.085,22.894,2024-07-11 02:15:00
2024-07-11,02:30:00 pm,0,103.075,22.97,2024-07-11 02:30:00
2024-07-11,02:45:00 pm,0,103.062,23.011,2024-07-11 02:45:00
2024-07-11,03:00:00 pm,0,103.048,23.079,2024-07-11 03:00:00
2024-07-11,03:15:00 pm,0,103.036,23.145,2024-07-11 03:15:00
2024-07-11,03:30:00 pm,0,103.027,23.189,2024-07-11 03:30:00
2024-07-11,03:45:00 pm,0,103.022,23.221,2024-07-11 03:45:00
2024-07-11,04:00:00 pm,0,103.022,23.252,2024-07-11 04:00:00
2024-07-11,04:15:00 pm,0,103.013,23.284,2024-07-11 04:15:00
2024-07-11,04:30:00 pm,0,102.997,23.311,2024-07-11 04:30:00
2024-07-11,04:45:00 pm,0,102.982,23.327,2024-07-11 04:45:00
2024-07-11,05:00:00 pm,0,102.972,23.33,2024-07-11 05:00:00
2024-07-11,05:15:00 pm,0,102.964,23.331,2024-07-11 05:15:00
2024-07-11,05:30:00 pm,0,102.953,23.331,2024-07-11 05:30:00
2024-07-11,05:45:00 pm,0,102.948,23.331,2024-07-11 05:45:00
2024-07-11,06:00:00 pm,0,102.948,23.331,2024-07-11 06:00:00
2024-07-11,06:15:00 pm,0,102.945,23.328,2024-07-11 06:15:00
2024-07-11,06:30:00 pm,0,102.942,23.322,2024-07-11 06:30:00
2024-07-11,06:45:00 pm,0,102.949,23.328,2024-07-11 06:45:00
2024-07-11,07:00:00 pm,0,102.95,23.319,2024-07-11 07:00:00
2024-07-11,07:15:00 pm,0,102.956,23.318,2024-07-11 07:15:00
2024-07-11,07:30:00 pm,0,102.965,23.318,2024-07-11 07:30:00
2024-07-11,07:45:00 pm,0,102.96,23.31,2024-07-11 07:45:00
2024-07-11,08:00:00 pm,0,102.961,23.312,2024-07-11 08:00:00
2024-07-11,08:15:00 pm,0,102.964,23.309,2024-07-11 08:15:00
2024-07-11,08:30:00 pm,0,102.962,23.304,2024-07-11 08:30:00
2024-07-11,08:45:00 pm,0,102.962,23.297,2024-07-11 08:45:00
2024-07-11,09:00:00 pm,0,102.966,23.288,2024-07-11 09:00:00
2024-07-11,09:15:00 pm,0,102.971,23.273,2024-07-11 09:15:00
2024-07-11,09:30:00 pm,0,102.976,23.258,2024-07-11 09:30:00
2024-07-11,09:45:00 pm,0,102.98,23.235,2024-07-11 09:45:00
2024-07-11,10:00:00 pm,0,102.98,23.209,2024-07-11 10:00:00
2024-07-11,10:15:00 pm,0,102.982,23.183,2024-07-11 10:15:00
2024-07-11,10:30:00 pm,0,102.972,23.156,2024-07-11 10:30:00
2024-07-11,10:45:00 pm,0,102.973,23.13,2024-07-11 10:45:00
2024-07-11,11:00:00 pm,0,102.97,23.104,2024-07-11 11:00:00
2024-07-11,11:15:00 pm,0,102.974,23.075,2024-07-11 11:15:00
2024-07-11,11:30:00 pm,0,102.97,23.047,2024-07-11 11:30:00
2024-07-11,11:45:00 pm,0,102.965,23.015,2024-07-11 11:45:00
2024-07-12,12:00:00 am,0,102.953,22.983,2024-07-12 12:00:00
2024-07-12,12:15:00 am,0,102.934,22.951,2024-07-12 12:15:00
2024-07-12,12:30:00 am,0,102.917,22.917,2024-07-12 12:30:00
2024-07-12,12:45:00 am,0,102.908,22.88,2024-07-12 12:45:00
2024-07-12,01:00:00 am,0,102.895,22.849,2024-07-12 01:00:00
2024-07-12,01:15:00 am,0,102.881,22.809,2024-07-12 01:15:00
2024-07-12,01:30:00 am,0,102.866,22.771,2024-07-12 01:30:00
2024-07-12,01:45:00 am,0,102.852,22.733,2024-07-12 01:45:00
2024-07-12,02:00:00 am,0,102.844,22.694,2024-07-12 02:00:00
2024-07-12,02:15:00 am,0,102.832,22.653,2024-07-12 02:15:00
2024-07-12,02:30:00 am,0,102.826,22.616,2024-07-12 02:30:00
2024-07-12,02:45:00 am,0,102.823,22.576,2024-07-12 02:45:00
2024-07-12,03:00:00 am,0,102.818,22.536,2024-07-12 03:00:00
2024-07-12,03:15:00 am,0,102.815,22.496,2024-07-12 03:15:00
2024-07-12,03:30:00 am,0,102.815,22.454,2024-07-12 03:30:00
2024-07-12,03:45:00 am,0,102.818,22.412,2024-07-12 03:45:00
2024-07-12,04:00:00 am,0,102.813,22.369,2024-07-12 04:00:00
2024-07-12,04:15:00 am,0,102.809,22.328,2024-07-12 04:15:00
2024-07-12,04:30:00 am,0,102.805,22.29,2024-07-12 04:30:00
2024-07-12,04:45:00 am,0,102.893,22.246,2024-07-12 04:45:00
2024-07-12,05:00:00 am,0,102.9,22.207,2024-07-12 05:00:00
2024-07-12,05:15:00 am,0,102.915,22.165,2024-07-12 05:15:00
2024-07-12,05:30:00 am,0,102.925,22.123,2024-07-12 05:30:00
2024-07-12,05:45:00 am,0,102.928,22.082,2024-07-12 05:45:00
2024-07-12,06:00:00 am,0,102.933,22.044,2024-07-12 06:00:00
2024-07-12,06:15:00 am,0,102.945,21.997,2024-07-12 06:15:00
2024-07-12,06:30:00 am,0,102.95,21.951,2024-07-12 06:30:00
2024-07-12,06:45:00 am,0,102.965,21.908,2024-07-12 06:45:00
2024-07-12,07:00:00 am,0,102.988,21.868,2024-07-12 07:00:00
2024-07-12,07:15:00 am,0,103.011,21.838,2024-07-12 07:15:00
2024-07-12,07:30:00 am,0,103.02,21.81,2024-07-12 07:30:00
2024-07-12,07:45:00 am,0,103.037,21.791,2024-07-12 07:45:00
2024-07-12,08:00:00 am,0,103.041,21.778,2024-07-12 08:00:00
2024-07-12,08:15:00 am,0,103.067,21.773,2024-07-12 08:15:00
2024-07-12,08:30:00 am,0,103.079,21.779,2024-07-12 08:30:00
2024-07-12,08:45:00 am,0,103.089,21.792,2024-07-12 08:45:00
2024-07-12,09:00:00 am,0,103.096,21.813,2024-07-12 09:00:00
2024-07-12,09:15:00 am,0,103.109,21.838,2024-07-12 09:15:00
2024-07-12,09:30:00 am,0,103.125,21.865,2024-07-12 09:30:00
2024-07-12,09:45:00 am,0,103.132,21.895,2024-07-12 09:45:00
2024-07-12,10:00:00 am,0,103.144,21.925,2024-07-12 10:00:00
2024-07-12,10:15:00 am,0,103.153,21.961,2024-07-12 10:15:00
2024-07-12,10:30:00 am,0,103.158,22.001,2024-07-12 10:30:00
2024-07-12,10:45:00 am,0,103.161,22.039,2024-07-12 10:45:00
2024-07-12,11:00:00 am,0,103.173,22.08,2024-07-12 11:00:00
2024-07-12,11:15:00 am,0,103.178,22.125,2024-07-12 11:15:00
2024-07-12,11:30:00 am,0,103.191,22.176,2024-07-12 11:30:00
2024-07-12,11:45:00 am,0,103.199,22.226,2024-07-12 11:45:00
2024-07-12,12:00:00 pm,0,103.205,22.28,2024-07-12 12:00:00
2024-07-12,12:15:00 pm,0,103.211,22.335,2024-07-12 12:15:00
2024-07-12,12:30:00 pm,0,103.217,22.387,2024-07-12 12:30:00
2024-07-12,12:45:00 pm,0,103.222,22.448,2024-07-12 12:45:00
2024-07-12,01:00:00 pm,0,103.233,22.523,2024-07-12 01:00:00
2024-07-12,01:15:00 pm,0,103.245,22.604,2024-07-12 01:15:00
2024-07-12,01:30:00 pm,0,103.258,22.703,2024-07-12 01:30:00
2024-07-12,01:45:00 pm,0,103.268,22.791,2024-07-12 01:45:00
2024-07-12,02:00:00 pm,0,103.273,22.858,2024-07-12 02:00:00
2024-07-12,02:15:00 pm,0,103.26,22.929,2024-07-12 02:15:00
2024-07-12,02:30:00 pm,0,103.247,23.009,2024-07-12 02:30:00
2024-07-12,02:45:00 pm,0,103.23,23.042,2024-07-12 02:45:00
2024-07-12,03:00:00 pm,0,103.204,23.098,2024-07-12 03:00:00
2024-07-12,03:15:00 pm,0,103.188,23.162,2024-07-12 03:15:00
2024-07-12,03:30:00 pm,0,103.173,23.21,2024-07-12 03:30:00
2024-07-12,03:45:00 pm,0,103.154,23.234,2024-07-12 03:45:00
2024-07-12,04:00:00 pm,0,103.143,23.261,2024-07-12 04:00:00
2024-07-12,04:15:00 pm,0,103.132,23.289,2024-07-12 04:15:00
2024-07-12,04:30:00 pm,0,103.116,23.317,2024-07-12 04:30:00
2024-07-12,04:45:00 pm,0,103.107,23.335,2024-07-12 04:45:00
2024-07-12,05:00:00 pm,0,103.099,23.339,2024-07-12 05:00:00
2024-07-12,05:15:00 pm,0,103.1,23.347,2024-07-12 05:15:00
2024-07-12,05:30:00 pm,0,103.087,23.353,2024-07-12 05:30:00
2024-07-12,05:45:00 pm,0,103.09,23.356,2024-07-12 05:45:00
2024-07-12,06:00:00 pm,0,103.09,23.357,2024-07-12 06:00:00
2024-07-12,06:15:00 pm,0,103.09,23.355,2024-07-12 06:15:00
2024-07-12,06:30:00 pm,0,103.098,23.353,2024-07-12 06:30:00
2024-07-12,06:45:00 pm,0,103.106,23.36,2024-07-12 06:45:00
2024-07-12,07:00:00 pm,0,103.122,23.363,2024-07-12 07:00:00
2024-07-12,07:15:00 pm,0,103.131,23.36,2024-07-12 07:15:00
2024-07-12,07:30:00 pm,0,103.144,23.357,2024-07-12 07:30:00
2024-07-12,07:45:00 pm,0,103.154,23.356,2024-07-12 07:45:00
2024-07-12,08:00:00 pm,0,103.169,23.355,2024-07-12 08:00:00
2024-07-12,08:15:00 pm,0,103.173,23.352,2024-07-12 08:15:00
2024-07-12,08:30:00 pm,0,103.178,23.347,2024-07-12 08:30:00
2024-07-12,08:45:00 pm,0,103.173,23.341,2024-07-12 08:45:00
2024-07-12,09:00:00 pm,0,103.176,23.33,2024-07-12 09:00:00
2024-07-12,09:15:00 pm,0,103.184,23.317,2024-07-12 09:15:00
2024-07-12,09:30:00 pm,0,103.189,23.305,2024-07-12 09:30:00
2024-07-12,09:45:00 pm,0,103.194,23.288,2024-07-12 09:45:00
2024-07-12,10:00:00 pm,0,103.202,23.265,2024-07-12 10:00:00
2024-07-12,10:15:00 pm,0,103.212,23.247,2024-07-12 10:15:00
2024-07-12,10:30:00 pm,0,103.211,23.228,2024-07-12 10:30:00
2024-07-12,10:45:00 pm,0,103.211,23.208,2024-07-12 10:45:00
2024-07-12,11:00:00 pm,0,103.213,23.188,2024-07-12 11:00:00
2024-07-12,11:15:00 pm,0,103.218,23.168,2024-07-12 11:15:00
2024-07-12,11:30:00 pm,0,103.216,23.149,2024-07-12 11:30:00
2024-07-12,11:45:00 pm,0,103.208,23.128,2024-07-12 11:45:00
2024-07-13,12:00:00 am,0,103.204,23.107,2024-07-13 12:00:00
2024-07-13,12:15:00 am,0,103.191,23.087,2024-07-13 12:15:00
2024-07-13,12:30:00 am,0,103.188,23.061,2024-07-13 12:30:00
2024-07-13,12:45:00 am,0,103.181,23.034,2024-07-13 12:45:00
2024-07-13,01:00:00 am,0,103.167,23.009,2024-07-13 01:00:00
2024-07-13,01:15:00 am,0,103.154,22.979,2024-07-13 01:15:00
2024-07-13,01:30:00 am,0,103.143,22.949,2024-07-13 01:30:00
2024-07-13,01:45:00 am,0,103.132,22.92,2024-07-13 01:45:00
2024-07-13,02:00:00 am,0,103.123,22.888,2024-07-13 02:00:00
2024-07-13,02:15:00 am,0,103.11,22.857,2024-07-13 02:15:00
2024-07-13,02:30:00 am,0,103.109,22.825,2024-07-13 02:30:00
2024-07-13,02:45:00 am,0,103.103,22.787,2024-07-13 02:45:00
2024-07-13,03:00:00 am,0,103.095,22.748,2024-07-13 03:00:00
2024-07-13,03:15:00 am,0,103.091,22.712,2024-07-13 03:15:00
2024-07-13,03:30:00 am,0,103.094,22.673,2024-07-13 03:30:00
2024-07-13,03:45:00 am,0,103.087,22.634,2024-07-13 03:45:00
2024-07-13,04:00:00 am,0,103.078,22.595,2024-07-13 04:00:00
2024-07-13,04:15:00 am,0,103.081,22.564,2024-07-13 04:15:00
2024-07-13,04:30:00 am,0,103.075,22.529,2024-07-13 04:30:00
2024-07-13,04:45:00 am,0,103.071,22.49,2024-07-13 04:45:00
2024-07-13,05:00:00 am,0,103.071,22.45,2024-07-13 05:00:00
2024-07-13,05:15:00 am,0,103.08,22.408,2024-07-13 05:15:00
2024-07-13,05:30:00 am,0,103.166,22.364,2024-07-13 05:30:00
2024-07-13,05:45:00 am,0,103.181,22.32,2024-07-13 05:45:00
2024-07-13,06:00:00 am,0,103.19,22.28,2024-07-13 06:00:00
2024-07-13,06:15:00 am,0,103.198,22.234,2024-07-13 06:15:00
2024-07-13,06:30:00 am,0,103.206,22.191,2024-07-13 06:30:00
2024-07-13,06:45:00 am,0,103.225,22.156,2024-07-13 06:45:00
2024-07-13,07:00:00 am,0,103.232,22.126,2024-07-13 07:00:00
2024-07-13,07:15:00 am,0,103.251,22.095,2024-07-13 07:15:00
2024-07-13,07:30:00 am,0,103.271,22.072,2024-07-13 07:30:00
2024-07-13,07:45:00 am,0,103.282,22.06,2024-07-13 07:45:00
2024-07-13,08:00:00 am,0,103.292,22.052,2024-07-13 08:00:00
2024-07-13,08:15:00 am,0,103.308,22.051,2024-07-13 08:15:00
2024-07-13,08:30:00 am,0,103.334,22.056,2024-07-13 08:30:00
2024-07-13,08:45:00 am,0,103.335,22.069,2024-07-13 08:45:00
2024-07-13,09:00:00 am,0,103.341,22.087,2024-07-13 09:00:00
2024-07-13,09:15:00 am,0,103.34,22.113,2024-07-13 09:15:00
2024-07-13,09:30:00 am,0,103.343,22.137,2024-07-13 09:30:00
2024-07-13,09:45:00 am,0,103.351,22.166,2024-07-13 09:45:00
2024-07-13,10:00:00 am,0,103.356,22.199,2024-07-13 10:00:00
2024-07-13,10:15:00 am,0,103.363,22.232,2024-07-13 10:15:00
2024-07-13,10:30:00 am,0,103.369,22.272,2024-07-13 10:30:00
2024-07-13,10:45:00 am,0,103.372,22.308,2024-07-13 10:45:00
2024-07-13,11:00:00 am,0,103.377,22.351,2024-07-13 11:00:00
2024-07-13,11:15:00 am,0,103.383,22.402,2024-07-13 11:15:00
2024-07-13,11:30:00 am,0,103.394,22.456,2024-07-13 11:30:00
2024-07-13,11:45:00 am,0,103.4,22.498,2024-07-13 11:45:00
2024-07-13,12:00:00 pm,0,103.409,22.55,2024-07-13 12:00:00
2024-07-13,12:15:00 pm,0,103.413,22.604,2024-07-13 12:15:00
2024-07-13,12:30:00 pm,0,103.421,22.66,2024-07-13 12:30:00
2024-07-13,12:45:00 pm,0,103.434,22.717,2024-07-13 12:45:00
2024-07-13,01:00:00 pm,0,103.436,22.769,2024-07-13 01:00:00
2024-07-13,01:15:00 pm,0,103.44,22.837,2024-07-13 01:15:00
2024-07-13,01:30:00 pm,0,103.451,22.907,2024-07-13 01:30:00
2024-07-13,01:45:00 pm,0,103.454,22.99,2024-07-13 01:45:00
2024-07-13,02:00:00 pm,0,103.446,23.018,2024-07-13 02:00:00
2024-07-13,02:15:00 pm,0,103.438,23.039,2024-07-13 02:15:00
2024-07-13,02:30:00 pm,0,103.431,23.097,2024-07-13 02:30:00
2024-07-13,02:45:00 pm,0,103.412,23.142,2024-07-13 02:45:00
2024-07-13,03:00:00 pm,0,103.389,23.193,2024-07-13 03:00:00
2024-07-13,03:15:00 pm,0,103.377,23.254,2024-07-13 03:15:00
2024-07-13,03:30:00 pm,0,103.354,23.298,2024-07-13 03:30:00
2024-07-13,03:45:00 pm,0,103.334,23.332,2024-07-13 03:45:00
2024-07-13,04:00:00 pm,0,103.316,23.352,2024-07-13 04:00:00
2024-07-13,04:15:00 pm,0,103.294,23.389,2024-07-13 04:15:00
2024-07-13,04:30:00 pm,0,103.268,23.424,2024-07-13 04:30:00
2024-07-13,04:45:00 pm,0,103.27,23.447,2024-07-13 04:45:00
2024-07-13,05:00:00 pm,0,103.258,23.465,2024-07-13 05:00:00
2024-07-13,05:15:00 pm,0,103.258,23.477,2024-07-13 05:15:00
2024-07-13,05:30:00 pm,0,103.269,23.491,2024-07-13 05:30:00
2024-07-13,05:45:00 pm,0,103.267,23.487,2024-07-13 05:45:00
2024-07-13,06:00:00 pm,0,103.275,23.491,2024-07-13 06:00:00
2024-07-13,06:15:00 pm,0,103.278,23.5,2024-07-13 06:15:00
2024-07-13,06:30:00 pm,0,103.276,23.506,2024-07-13 06:30:00
2024-07-13,06:45:00 pm,0,103.276,23.508,2024-07-13 06:45:00
2024-07-13,07:00:00 pm,0,103.263,23.507,2024-07-13 07:00:00
2024-07-13,07:15:00 pm,0,103.259,23.506,2024-07-13 07:15:00
2024-07-13,07:30:00 pm,0,103.259,23.505,2024-07-13 07:30:00
2024-07-13,07:45:00 pm,0,103.263,23.501,2024-07-13 07:45:00
2024-07-13,08:00:00 pm,0,103.27,23.496,2024-07-13 08:00:00
2024-07-13,08:15:00 pm,0,103.271,23.493,2024-07-13 08:15:00
2024-07-13,08:30:00 pm,0,103.273,23.485,2024-07-13 08:30:00
2024-07-13,08:45:00 pm,0,103.278,23.478,2024-07-13 08:45:00
2024-07-13,09:00:00 pm,0,103.276,23.47,2024-07-13 09:00:00
2024-07-13,09:15:00 pm,0,103.277,23.46,2024-07-13 09:15:00
2024-07-13,09:30:00 pm,0,103.277,23.454,2024-07-13 09:30:00
2024-07-13,09:45:00 pm,0,103.295,23.46,2024-07-13 09:45:00
2024-07-13,10:00:00 pm,0,103.307,23.46,2024-07-13 10:00:00
2024-07-13,10:15:00 pm,0,103.312,23.446,2024-07-13 10:15:00
2024-07-13,10:30:00 pm,0,103.311,23.431,2024-07-13 10:30:00
2024-07-13,10:45:00 pm,0,103.304,23.415,2024-07-13 10:45:00
2024-07-13,11:00:00 pm,0,103.302,23.396,2024-07-13 11:00:00
2024-07-13,11:15:00 pm,0,103.288,23.377,2024-07-13 11:15:00
2024-07-13,11:30:00 pm,0,103.291,23.354,2024-07-13 11:30:00
2024-07-13,11:45:00 pm,0,103.284,23.328,2024-07-13 11:45:00
2024-07-14,12:00:00 am,0,103.274,23.302,2024-07-14 12:00:00
2024-07-14,12:15:00 am,0,103.266,23.277,2024-07-14 12:15:00
2024-07-14,12:30:00 am,0,103.253,23.251,2024-07-14 12:30:00
2024-07-14,12:45:00 am,0,103.244,23.224,2024-07-14 12:45:00
2024-07-14,01:00:00 am,0,103.238,23.197,2024-07-14 01:00:00
2024-07-14,01:15:00 am,0,103.225,23.169,2024-07-14 01:15:00
2024-07-14,01:30:00 am,0,103.218,23.141,2024-07-14 01:30:00
2024-07-14,01:45:00 am,0,103.211,23.112,2024-07-14 01:45:00
2024-07-14,02:00:00 am,0,103.203,23.086,2024-07-14 02:00:00
2024-07-14,02:15:00 am,0,103.195,23.06,2024-07-14 02:15:00
2024-07-14,02:30:00 am,0,103.182,23.033,2024-07-14 02:30:00
2024-07-14,02:45:00 am,0,103.169,23.008,2024-07-14 02:45:00
2024-07-14,03:00:00 am,0,103.159,22.982,2024-07-14 03:00:00
2024-07-14,03:15:00 am,0,103.15,22.951,2024-07-14 03:15:00
2024-07-14,03:30:00 am,0,103.139,22.924,2024-07-14 03:30:00
2024-07-14,03:45:00 am,0,103.135,22.899,2024-07-14 03:45:00
2024-07-14,04:00:00 am,0,103.131,22.874,2024-07-14 04:00:00
2024-07-14,04:15:00 am,0,103.138,22.843,2024-07-14 04:15:00
2024-07-14,04:30:00 am,0,103.131,22.817,2024-07-14 04:30:00
2024-07-14,04:45:00 am,0,103.124,22.784,2024-07-14 04:45:00
2024-07-14,05:00:00 am,0,103.13,22.756,2024-07-14 05:00:00
2024-07-14,05:15:00 am,0,103.136,22.729,2024-07-14 05:15:00
2024-07-14,05:30:00 am,0,103.141,22.702,2024-07-14 05:30:00
2024-07-14,05:45:00 am,0,103.143,22.671,2024-07-14 05:45:00
2024-07-14,06:00:00 am,0,103.152,22.644,2024-07-14 06:00:00
2024-07-14,06:15:00 am,0,103.158,22.613,2024-07-14 06:15:00
2024-07-14,06:30:00 am,0,103.16,22.583,2024-07-14 06:30:00
2024-07-14,06:45:00 am,0,103.157,22.555,2024-07-14 06:45:00
2024-07-14,07:00:00 am,0,103.158,22.535,2024-07-14 07:00:00
2024-07-14,07:15:00 am,0,103.157,22.518,2024-07-14 07:15:00
2024-07-14,07:30:00 am,0,103.155,22.508,2024-07-14 07:30:00
2024-07-14,07:45:00 am,0,103.155,22.506,2024-07-14 07:45:00
2024-07-14,08:00:00 am,0,103.153,22.508,2024-07-14 08:00:00
2024-07-14,08:15:00 am,0,103.152,22.512,2024-07-14 08:15:00
2024-07-14,08:30:00 am,0,103.149,22.524,2024-07-14 08:30:00
2024-07-14,08:45:00 am,0,103.149,22.532,2024-07-14 08:45:00
2024-07-14,09:00:00 am,0,103.147,22.552,2024-07-14 09:00:00
2024-07-14,09:15:00 am,0,103.149,22.576,2024-07-14 09:15:00
2024-07-14,09:30:00 am,0,103.149,22.602,2024-07-14 09:30:00
2024-07-14,09:45:00 am,0,103.146,22.635,2024-07-14 09:45:00
2024-07-14,10:00:00 am,0,103.155,22.67,2024-07-14 10:00:00
2024-07-14,10:15:00 am,0,103.164,22.713,2024-07-14 10:15:00
2024-07-14,10:30:00 am,0,103.17,22.747,2024-07-14 10:30:00
2024-07-14,10:45:00 am,0,103.179,22.774,2024-07-14 10:45:00
2024-07-14,11:00:00 am,0,103.176,22.81,2024-07-14 11:00:00
2024-07-14,11:15:00 am,0,103.177,22.859,2024-07-14 11:15:00
2024-07-14,11:30:00 am,0,103.181,22.912,2024-07-14 11:30:00
2024-07-14,11:45:00 am,0,103.18,22.955,2024-07-14 11:45:00
2024-07-14,12:00:00 pm,0,103.182,23.007,2024-07-14 12:00:00
2024-07-14,12:15:00 pm,0,103.19,23.074,2024-07-14 12:15:00
2024-07-14,12:30:00 pm,0,103.196,23.133,2024-07-14 12:30:00
2024-07-14,12:45:00 pm,0,103.199,23.184,2024-07-14 12:45:00
2024-07-14,01:00:00 pm,0,103.194,23.245,2024-07-14 01:00:00
2024-07-14,01:15:00 pm,0,103.193,23.295,2024-07-14 01:15:00
2024-07-14,01:30:00 pm,0,103.174,23.364,2024-07-14 01:30:00
2024-07-14,01:45:00 pm,0,103.162,23.444,2024-07-14 01:45:00
2024-07-14,02:00:00 pm,0,103.14,23.522,2024-07-14 02:00:00
2024-07-14,02:15:00 pm,0,103.133,23.608,2024-07-14 02:15:00
2024-07-14,02:30:00 pm,0,103.11,23.665,2024-07-14 02:30:00
2024-07-14,02:45:00 pm,0,103.112,23.691,2024-07-14 02:45:00
2024-07-14,03:00:00 pm,0,103.1,23.747,2024-07-14 03:00:00
2024-07-14,03:15:00 pm,0,103.073,23.818,2024-07-14 03:15:00
2024-07-14,03:30:00 pm,0,103.098,23.858,2024-07-14 03:30:00
2024-07-14,03:45:00 pm,0,103.086,23.866,2024-07-14 03:45:00
2024-07-14,04:00:00 pm,0,103.09,23.879,2024-07-14 04:00:00
2024-07-14,04:15:00 pm,0,103.078,23.903,2024-07-14 04:15:00
2024-07-14,04:30:00 pm,0,103.098,23.914,2024-07-14 04:30:00
2024-07-14,04:45:00 pm,0,103.117,23.921,2024-07-14 04:45:00
2024-07-14,05:00:00 pm,0,103.126,23.918,2024-07-14 05:00:00
2024-07-14,05:15:00 pm,0,103.126,23.909,2024-07-14 05:15:00
2024-07-14,05:30:00 pm,0,103.117,23.89,2024-07-14 05:30:00
2024-07-14,05:45:00 pm,0,103.103,23.869,2024-07-14 05:45:00
2024-07-14,06:00:00 pm,0,103.091,23.851,2024-07-14 06:00:00
2024-07-14,06:15:00 pm,0,103.084,23.833,2024-07-14 06:15:00
2024-07-14,06:30:00 pm,0,103.092,23.811,2024-07-14 06:30:00
2024-07-14,06:45:00 pm,0,103.101,23.794,2024-07-14 06:45:00
2024-07-14,07:00:00 pm,0,103.089,23.78,2024-07-14 07:00:00
2024-07-14,07:15:00 pm,0,103.095,23.769,2024-07-14 07:15:00
2024-07-14,07:30:00 pm,0,103.078,23.753,2024-07-14 07:30:00
2024-07-14,07:45:00 pm,0,103.066,23.741,2024-07-14 07:45:00
2024-07-14,08:00:00 pm,0,103.068,23.727,2024-07-14 08:00:00
2024-07-14,08:15:00 pm,0,103.06,23.714,2024-07-14 08:15:00
2024-07-14,08:30:00 pm,0,103.058,23.701,2024-07-14 08:30:00
2024-07-14,08:45:00 pm,0,103.059,23.684,2024-07-14 08:45:00
2024-07-14,09:00:00 pm,0,103.068,23.673,2024-07-14 09:00:00
2024-07-14,09:15:00 pm,0,103.075,23.658,2024-07-14 09:15:00
2024-07-14,09:30:00 pm,0,103.066,23.644,2024-07-14 09:30:00
2024-07-14,09:45:00 pm,0,103.061,23.632,2024-07-14 09:45:00
2024-07-14,10:00:00 pm,0,103.064,23.616,2024-07-14 10:00:00
2024-07-14,10:15:00 pm,0,103.065,23.595,2024-07-14 10:15:00
2024-07-14,10:30:00 pm,0,103.073,23.578,2024-07-14 10:30:00
2024-07-14,10:45:00 pm,0,103.074,23.562,2024-07-14 10:45:00
2024-07-14,11:00:00 pm,0,103.072,23.544,2024-07-14 11:00:00
2024-07-14,11:15:00 pm,0,103.065,23.525,2024-07-14 11:15:00
2024-07-14,11:30:00 pm,0,103.065,23.509,2024-07-14 11:30:00
2024-07-14,11:45:00 pm,0,103.061,23.492,2024-07-14 11:45:00
2024-07-15,12:00:00 am,0,103.06,23.476,2024-07-15 12:00:00
2024-07-15,12:15:00 am,0,103.049,23.459,2024-07-15 12:15:00
2024-07-15,12:30:00 am,0,103.042,23.442,2024-07-15 12:30:00
2024-07-15,12:45:00 am,0,103.028,23.424,2024-07-15 12:45:00
2024-07-15,01:00:00 am,0,103.021,23.41,2024-07-15 01:00:00
2024-07-15,01:15:00 am,0,103.006,23.394,2024-07-15 01:15:00
2024-07-15,01:30:00 am,0,102.999,23.379,2024-07-15 01:30:00
2024-07-15,01:45:00 am,0,102.986,23.364,2024-07-15 01:45:00
2024-07-15,02:00:00 am,0,102.975,23.352,2024-07-15 02:00:00
2024-07-15,02:15:00 am,0,102.961,23.334,2024-07-15 02:15:00
2024-07-15,02:30:00 am,0,102.949,23.317,2024-07-15 02:30:00
2024-07-15,02:45:00 am,0,102.938,23.299,2024-07-15 02:45:00
2024-07-15,03:00:00 am,0,102.931,23.28,2024-07-15 03:00:00
2024-07-15,03:15:00 am,0,102.916,23.259,2024-07-15 03:15:00
2024-07-15,03:30:00 am,0,102.915,23.242,2024-07-15 03:30:00
2024-07-15,03:45:00 am,0,102.909,23.222,2024-07-15 03:45:00
2024-07-15,04:00:00 am,0,102.917,23.2,2024-07-15 04:00:00
2024-07-15,04:15:00 am,0,102.933,23.179,2024-07-15 04:15:00
2024-07-15,04:30:00 am,0,102.926,23.156,2024-07-15 04:30:00
2024-07-15,04:45:00 am,0,102.935,23.13,2024-07-15 04:45:00
2024-07-15,05:00:00 am,0,102.938,23.106,2024-07-15 05:00:00
2024-07-15,05:15:00 am,0,102.936,23.081,2024-07-15 05:15:00
2024-07-15,05:30:00 am,0,102.933,23.057,2024-07-15 05:30:00
2024-07-15,05:45:00 am,0,102.929,23.032,2024-07-15 05:45:00
2024-07-15,06:00:00 am,0,102.936,23.004,2024-07-15 06:00:00
2024-07-15,06:15:00 am,0,102.935,22.98,2024-07-15 06:15:00
2024-07-15,06:30:00 am,0,102.929,22.955,2024-07-15 06:30:00
2024-07-15,06:45:00 am,0,102.929,22.931,2024-07-15 06:45:00
2024-07-15,07:00:00 am,0,102.927,22.914,2024-07-15 07:00:00
2024-07-15,07:15:00 am,0,102.927,22.901,2024-07-15 07:15:00
2024-07-15,07:30:00 am,0,102.934,22.892,2024-07-15 07:30:00
2024-07-15,07:45:00 am,0,102.927,22.89,2024-07-15 07:45:00
2024-07-15,08:00:00 am,0,102.944,22.893,2024-07-15 08:00:00
2024-07-15,08:15:00 am,0,103.02,22.894,2024-07-15 08:15:00
2024-07-15,08:30:00 am,0,103.026,22.899,2024-07-15 08:30:00
2024-07-15,08:45:00 am,0,103.02,22.903,2024-07-15 08:45:00
2024-07-15,09:00:00 am,0,103.029,22.91,2024-07-15 09:00:00
2024-07-15,09:15:00 am,0,103.03,22.918,2024-07-15 09:15:00
2024-07-15,09:30:00 am,0,103.04,22.933,2024-07-15 09:30:00
2024-07-15,09:45:00 am,0,103.045,22.951,2024-07-15 09:45:00
2024-07-15,10:00:00 am,0,103.046,22.974,2024-07-15 10:00:00
2024-07-15,10:15:00 am,0,103.043,22.989,2024-07-15 10:15:00
2024-07-15,10:30:00 am,0,103.041,23.021,2024-07-15 10:30:00
2024-07-15,10:45:00 am,0,103.037,23.049,2024-07-15 10:45:00
2024-07-15,11:00:00 am,0,103.031,23.078,2024-07-15 11:00:00
2024-07-15,11:15:00 am,0,103.023,23.115,2024-07-15 11:15:00
2024-07-15,11:30:00 am,0,103.023,23.166,2024-07-15 11:30:00
2024-07-15,11:45:00 am,0,103.021,23.206,2024-07-15 11:45:00
2024-07-15,12:00:00 pm,0,103.02,23.262,2024-07-15 12:00:00
2024-07-15,12:15:00 pm,0,103.024,23.305,2024-07-15 12:15:00
2024-07-15,12:30:00 pm,0,103.02,23.343,2024-07-15 12:30:00
2024-07-15,12:45:00 pm,0,103.026,23.391,2024-07-15 12:45:00
2024-07-15,01:00:00 pm,0,103.019,23.442,2024-07-15 01:00:00
2024-07-15,01:15:00 pm,0,103.011,23.497,2024-07-15 01:15:00
2024-07-15,01:30:00 pm,0,102.983,23.55,2024-07-15 01:30:00
2024-07-15,01:45:00 pm,0,102.988,23.621,2024-07-15 01:45:00
2024-07-15,02:00:00 pm,0,102.984,23.655,2024-07-15 02:00:00
2024-07-15,02:15:00 pm,0,102.937,23.683,2024-07-15 02:15:00
2024-07-15,02:30:00 pm,0,102.911,23.691,2024-07-15 02:30:00
2024-07-15,02:45:00 pm,0,102.896,23.698,2024-07-15 02:45:00
2024-07-15,03:00:00 pm,0,102.891,23.707,2024-07-15 03:00:00
2024-07-15,03:15:00 pm,0,102.896,23.72,2024-07-15 03:15:00
2024-07-15,03:30:00 pm,0,102.868,23.727,2024-07-15 03:30:00
2024-07-15,03:45:00 pm,0,102.864,23.756,2024-07-15 03:45:00
2024-07-15,04:00:00 pm,0,102.866,23.771,2024-07-15 04:00:00
2024-07-15,04:15:00 pm,0,102.87,23.803,2024-07-15 04:15:00
2024-07-15,04:30:00 pm,0,102.868,23.828,2024-07-15 04:30:00
2024-07-15,04:45:00 pm,0,102.84,23.841,2024-07-15 04:45:00
2024-07-15,05:00:00 pm,0,102.849,23.835,2024-07-15 05:00:00
2024-07-15,05:15:00 pm,0,102.87,23.824,2024-07-15 05:15:00
2024-07-15,05:30:00 pm,0,102.888,23.812,2024-07-15 05:30:00
2024-07-15,05:45:00 pm,0,102.886,23.799,2024-07-15 05:45:00
2024-07-15,06:00:00 pm,0,102.896,23.79,2024-07-15 06:00:00
2024-07-15,06:15:00 pm,0,102.879,23.775,2024-07-15 06:15:00
2024-07-15,06:30:00 pm,0,102.853,23.751,2024-07-15 06:30:00
2024-07-15,06:45:00 pm,0,102.86,23.723,2024-07-15 06:45:00
2024-07-15,07:00:00 pm,0,102.848,23.682,2024-07-15 07:00:00
2024-07-15,07:15:00 pm,0,102.817,23.647,2024-07-15 07:15:00
2024-07-15,07:30:00 pm,0,102.797,23.608,2024-07-15 07:30:00
2024-07-15,07:45:00 pm,0,102.799,23.572,2024-07-15 07:45:00
2024-07-15,08:00:00 pm,0,102.824,23.54,2024-07-15 08:00:00
2024-07-15,08:15:00 pm,0,102.825,23.504,2024-07-15 08:15:00
2024-07-15,08:30:00 pm,0,102.817,23.472,2024-07-15 08:30:00
2024-07-15,08:45:00 pm,0,102.809,23.445,2024-07-15 08:45:00
2024-07-15,09:00:00 pm,0,102.802,23.417,2024-07-15 09:00:00
2024-07-15,09:15:00 pm,0,102.785,23.389,2024-07-15 09:15:00
2024-07-15,09:30:00 pm,0,102.779,23.358,2024-07-15 09:30:00
2024-07-15,09:45:00 pm,0,102.766,23.328,2024-07-15 09:45:00
2024-07-15,10:00:00 pm,0,102.771,23.297,2024-07-15 10:00:00
2024-07-15,10:15:00 pm,0,102.78,23.269,2024-07-15 10:15:00
2024-07-15,10:30:00 pm,0,102.779,23.238,2024-07-15 10:30:00
2024-07-15,10:45:00 pm,0,102.788,23.204,2024-07-15 10:45:00
2024-07-15,11:00:00 pm,0,102.779,23.17,2024-07-15 11:00:00
2024-07-15,11:15:00 pm,0,102.781,23.138,2024-07-15 11:15:00
2024-07-15,11:30:00 pm,0,102.793,23.106,2024-07-15 11:30:00
2024-07-15,11:45:00 pm,0,102.783,23.072,2024-07-15 11:45:00
2024-07-16,12:00:00 am,0,102.774,23.043,2024-07-16 12:00:00
2024-07-16,12:15:00 am,0,102.753,23.012,2024-07-16 12:15:00
2024-07-16,12:30:00 am,0,102.753,22.979,2024-07-16 12:30:00
2024-07-16,12:45:00 am,0,102.744,22.952,2024-07-16 12:45:00
2024-07-16,01:00:00 am,0,102.736,22.923,2024-07-16 01:00:00
2024-07-16,01:15:00 am,0,102.732,22.891,2024-07-16 01:15:00
2024-07-16,01:30:00 am,0,102.725,22.861,2024-07-16 01:30:00
2024-07-16,01:45:00 am,0,102.721,22.833,2024-07-16 01:45:00
2024-07-16,02:00:00 am,0,102.708,22.803,2024-07-16 02:00:00
2024-07-16,02:15:00 am,0,102.695,22.776,2024-07-16 02:15:00
2024-07-16,02:30:00 am,0,102.675,22.752,2024-07-16 02:30:00
2024-07-16,02:45:00 am,0,102.663,22.731,2024-07-16 02:45:00
2024-07-16,03:00:00 am,0,102.64,22.706,2024-07-16 03:00:00
2024-07-16,03:15:00 am,0,102.639,22.68,2024-07-16 03:15:00
2024-07-16,03:30:00 am,0,102.633,22.658,2024-07-16 03:30:00
2024-07-16,03:45:00 am,0,102.631,22.632,2024-07-16 03:45:00
2024-07-16,04:00:00 am,0,102.699,22.606,2024-07-16 04:00:00
2024-07-16,04:15:00 am,0,102.716,22.582,2024-07-16 04:15:00
2024-07-16,04:30:00 am,0,102.715,22.562,2024-07-16 04:30:00
2024-07-16,04:45:00 am,0,102.717,22.535,2024-07-16 04:45:00
2024-07-16,05:00:00 am,0,102.719,22.511,2024-07-16 05:00:00
2024-07-16,05:15:00 am,0,102.762,22.484,2024-07-16 05:15:00
2024-07-16,05:30:00 am,0,102.761,22.46,2024-07-16 05:30:00
2024-07-16,05:45:00 am,0,102.774,22.436,2024-07-16 05:45:00
2024-07-16,06:00:00 am,0,102.768,22.408,2024-07-16 06:00:00
2024-07-16,06:15:00 am,0,102.755,22.38,2024-07-16 06:15:00
2024-07-16,06:30:00 am,0,102.743,22.354,2024-07-16 06:30:00
2024-07-16,06:45:00 am,0,102.766,22.326,2024-07-16 06:45:00
2024-07-16,07:00:00 am,0,102.776,22.307,2024-07-16 07:00:00
2024-07-16,07:15:00 am,0,102.782,22.289,2024-07-16 07:15:00
2024-07-16,07:30:00 am,0,102.788,22.272,2024-07-16 07:30:00
2024-07-16,07:45:00 am,0,102.785,22.265,2024-07-16 07:45:00
2024-07-16,08:00:00 am,0,102.797,22.264,2024-07-16 08:00:00
2024-07-16,08:15:00 am,0,102.827,22.268,2024-07-16 08:15:00
2024-07-16,08:30:00 am,0,102.821,22.277,2024-07-16 08:30:00
2024-07-16,08:45:00 am,0,102.83,22.291,2024-07-16 08:45:00
2024-07-16,09:00:00 am,0,102.839,22.315,2024-07-16 09:00:00
2024-07-16,09:15:00 am,0,102.83,22.332,2024-07-16 09:15:00
2024-07-16,09:30:00 am,0,102.831,22.353,2024-07-16 09:30:00
2024-07-16,09:45:00 am,0,102.84,22.384,2024-07-16 09:45:00
2024-07-16,10:00:00 am,0,102.85,22.413,2024-07-16 10:00:00
2024-07-16,10:15:00 am,0,102.855,22.435,2024-07-16 10:15:00
2024-07-16,10:30:00 am,0,102.864,22.477,2024-07-16 10:30:00
2024-07-16,10:45:00 am,0,102.861,22.513,2024-07-16 10:45:00
2024-07-16,11:00:00 am,0,102.864,22.557,2024-07-16 11:00:00
2024-07-16,11:15:00 am,0,102.866,22.601,2024-07-16 11:15:00
2024-07-16,11:30:00 am,0,102.866,22.66,2024-07-16 11:30:00
2024-07-16,11:45:00 am,0,102.871,22.712,2024-07-16 11:45:00
2024-07-16,12:00:00 pm,0,102.885,22.769,2024-07-16 12:00:00
2024-07-16,12:15:00 pm,0,102.88,22.803,2024-07-16 12:15:00
2024-07-16,12:30:00 pm,0,102.89,22.844,2024-07-16 12:30:00
2024-07-16,12:45:00 pm,0,102.892,22.891,2024-07-16 12:45:00
2024-07-16,01:00:00 pm,0,102.894,22.954,2024-07-16 01:00:00
2024-07-16,01:15:00 pm,0,102.89,23.04,2024-07-16 01:15:00
2024-07-16,01:30:00 pm,0,102.882,23.131,2024-07-16 01:30:00
2024-07-16,01:45:00 pm,0,102.867,23.216,2024-07-16 01:45:00
2024-07-16,02:00:00 pm,0,102.836,23.292,2024-07-16 02:00:00
2024-07-16,02:15:00 pm,0,102.86,23.374,2024-07-16 02:15:00
2024-07-16,02:30:00 pm,0,102.91,23.399,2024-07-16 02:30:00
2024-07-16,02:45:00 pm,0,102.875,23.421,2024-07-16 02:45:00
2024-07-16,03:00:00 pm,0,102.891,23.413,2024-07-16 03:00:00
2024-07-16,03:15:00 pm,0,102.875,23.412,2024-07-16 03:15:00
2024-07-16,03:30:00 pm,0,102.838,23.438,2024-07-16 03:30:00
2024-07-16,03:45:00 pm,0,102.817,23.447,2024-07-16 03:45:00
2024-07-16,04:00:00 pm,0,102.793,23.461,2024-07-16 04:00:00
2024-07-16,04:15:00 pm,0,102.817,23.483,2024-07-16 04:15:00
2024-07-16,04:30:00 pm,0,102.798,23.498,2024-07-16 04:30:00
2024-07-16,04:45:00 pm,0,102.753,23.521,2024-07-16 04:45:00
2024-07-16,05:00:00 pm,0,102.766,23.533,2024-07-16 05:00:00
2024-07-16,05:15:00 pm,0,102.812,23.532,2024-07-16 05:15:00
2024-07-16,05:30:00 pm,0,102.88,23.526,2024-07-16 05:30:00
2024-07-16,05:45:00 pm,0,102.923,23.517,2024-07-16 05:45:00
2024-07-16,06:00:00 pm,0,102.907,23.5,2024-07-16 06:00:00
2024-07-16,06:15:00 pm,0,102.881,23.471,2024-07-16 06:15:00
2024-07-16,06:30:00 pm,0,102.865,23.438,2024-07-16 06:30:00
2024-07-16,06:45:00 pm,0,102.87,23.409,2024-07-16 06:45:00
2024-07-16,07:00:00 pm,0,102.854,23.384,2024-07-16 07:00:00
2024-07-16,07:15:00 pm,0,102.845,23.363,2024-07-16 07:15:00
2024-07-16,07:30:00 pm,0,102.843,23.344,2024-07-16 07:30:00
2024-07-16,07:45:00 pm,0,102.828,23.324,2024-07-16 07:45:00
2024-07-16,08:00:00 pm,0,102.823,23.308,2024-07-16 08:00:00
2024-07-16,08:15:00 pm,0,102.805,23.292,2024-07-16 08:15:00
2024-07-16,08:30:00 pm,0,102.799,23.277,2024-07-16 08:30:00
2024-07-16,08:45:00 pm,0,102.789,23.259,2024-07-16 08:45:00
2024-07-16,09:00:00 pm,0,102.782,23.248,2024-07-16 09:00:00
2024-07-16,09:15:00 pm,0,102.777,23.233,2024-07-16 09:15:00
2024-07-16,09:30:00 pm,0,102.773,23.216,2024-07-16 09:30:00
2024-07-16,09:45:00 pm,0,102.784,23.199,2024-07-16 09:45:00
2024-07-16,10:00:00 pm,0,102.793,23.178,2024-07-16 10:00:00
2024-07-16,10:15:00 pm,0,102.785,23.154,2024-07-16 10:15:00
2024-07-16,10:30:00 pm,0,102.769,23.129,2024-07-16 10:30:00
2024-07-16,10:45:00 pm,0,102.758,23.107,2024-07-16 10:45:00
2024-07-16,11:00:00 pm,0,102.753,23.084,2024-07-16 11:00:00
2024-07-16,11:15:00 pm,0,102.757,23.058,2024-07-16 11:15:00
2024-07-16,11:30:00 pm,0,102.765,23.037,2024-07-16 11:30:00
2024-07-16,11:45:00 pm,0,102.789,23.014,2024-07-16 11:45:00
2024-07-17,12:00:00 am,0,102.794,22.994,2024-07-17 12:00:00
2024-07-17,12:15:00 am,0,102.794,22.976,2024-07-17 12:15:00
2024-07-17,12:30:00 am,0,102.783,22.956,2024-07-17 12:30:00
2024-07-17,12:45:00 am,0,102.774,22.937,2024-07-17 12:45:00
2024-07-17,01:00:00 am,0,102.757,22.919,2024-07-17 01:00:00
2024-07-17,01:15:00 am,0,102.743,22.901,2024-07-17 01:15:00
2024-07-17,01:30:00 am,0,102.734,22.879,2024-07-17 01:30:00
2024-07-17,01:45:00 am,0,102.718,22.866,2024-07-17 01:45:00
2024-07-17,02:00:00 am,0,102.701,22.85,2024-07-17 02:00:00
2024-07-17,02:15:00 am,0,102.686,22.835,2024-07-17 02:15:00
2024-07-17,02:30:00 am,0,102.676,22.821,2024-07-17 02:30:00
2024-07-17,02:45:00 am,0,102.67,22.806,2024-07-17 02:45:00
2024-07-17,03:00:00 am,0,102.678,22.796,2024-07-17 03:00:00
2024-07-17,03:15:00 am,0,102.678,22.782,2024-07-17 03:15:00
2024-07-17,03:30:00 am,0,102.676,22.765,2024-07-17 03:30:00
2024-07-17,03:45:00 am,0,102.684,22.753,2024-07-17 03:45:00
2024-07-17,04:00:00 am,0,102.69,22.739,2024-07-17 04:00:00
2024-07-17,04:15:00 am,0,102.68,22.723,2024-07-17 04:15:00
2024-07-17,04:30:00 am,0,102.679,22.709,2024-07-17 04:30:00
2024-07-17,04:45:00 am,0,102.68,22.691,2024-07-17 04:45:00
2024-07-17,05:00:00 am,0,102.739,22.673,2024-07-17 05:00:00
2024-07-17,05:15:00 am,0,102.745,22.655,2024-07-17 05:15:00
2024-07-17,05:30:00 am,0,102.767,22.639,2024-07-17 05:30:00
2024-07-17,05:45:00 am,0,102.775,22.618,2024-07-17 05:45:00
2024-07-17,06:00:00 am,0,102.789,22.601,2024-07-17 06:00:00
2024-07-17,06:15:00 am,0,102.794,22.579,2024-07-17 06:15:00
2024-07-17,06:30:00 am,0,102.826,22.563,2024-07-17 06:30:00
2024-07-17,06:45:00 am,0,102.844,22.545,2024-07-17 06:45:00
2024-07-17,07:00:00 am,0,102.851,22.53,2024-07-17 07:00:00
2024-07-17,07:15:00 am,0,102.852,22.516,2024-07-17 07:15:00
2024-07-17,07:30:00 am,0,102.89,22.507,2024-07-17 07:30:00
2024-07-17,07:45:00 am,0,102.901,22.504,2024-07-17 07:45:00
2024-07-17,08:00:00 am,0,102.908,22.504,2024-07-17 08:00:00
2024-07-17,08:15:00 am,0,102.919,22.509,2024-07-17 08:15:00
2024-07-17,08:30:00 am,0,102.92,22.517,2024-07-17 08:30:00
2024-07-17,08:45:00 am,0,102.921,22.528,2024-07-17 08:45:00
2024-07-17,09:00:00 am,0,102.939,22.55,2024-07-17 09:00:00
2024-07-17,09:15:00 am,0,102.942,22.566,2024-07-17 09:15:00
2024-07-17,09:30:00 am,0,102.943,22.581,2024-07-17 09:30:00
2024-07-17,09:45:00 am,0,102.945,22.605,2024-07-17 09:45:00
2024-07-17,10:00:00 am,0,102.947,22.63,2024-07-17 10:00:00
2024-07-17,10:15:00 am,0,102.948,22.66,2024-07-17 10:15:00
2024-07-17,10:30:00 am,0,102.956,22.697,2024-07-17 10:30:00
2024-07-17,10:45:00 am,0,102.964,22.731,2024-07-17 10:45:00
2024-07-17,11:00:00 am,0,102.96,22.773,2024-07-17 11:00:00
2024-07-17,11:15:00 am,0,102.962,22.809,2024-07-17 11:15:00
2024-07-17,11:30:00 am,0,102.959,22.861,2024-07-17 11:30:00
2024-07-17,11:45:00 am,0,102.955,22.896,2024-07-17 11:45:00
2024-07-17,12:00:00 pm,0,102.946,22.923,2024-07-17 12:00:00
2024-07-17,12:15:00 pm,0,102.941,22.956,2024-07-17 12:15:00
2024-07-17,12:30:00 pm,0,102.942,23,2024-07-17 12:30:00
2024-07-17,12:45:00 pm,0,102.975,23.053,2024-07-17 12:45:00
2024-07-17,01:00:00 pm,0,103.078,23.058,2024-07-17 01:00:00
2024-07-17,01:15:00 pm,0,103.026,23.02,2024-07-17 01:15:00
2024-07-17,01:30:00 pm,0,103.024,23.007,2024-07-17 01:30:00
2024-07-17,01:45:00 pm,0,103.007,22.99,2024-07-17 01:45:00
2024-07-17,02:00:00 pm,0,102.99,23.014,2024-07-17 02:00:00
2024-07-17,02:15:00 pm,0,102.992,23.037,2024-07-17 02:15:00
2024-07-17,02:30:00 pm,0,102.984,23.031,2024-07-17 02:30:00
2024-07-17,02:45:00 pm,0,102.995,23.049,2024-07-17 02:45:00
2024-07-17,03:00:00 pm,0,102.98,23.078,2024-07-17 03:00:00
2024-07-17,03:15:00 pm,0,102.969,23.091,2024-07-17 03:15:00
2024-07-17,03:30:00 pm,0,102.959,23.09,2024-07-17 03:30:00
2024-07-17,03:45:00 pm,0,102.964,23.088,2024-07-17 03:45:00
2024-07-17,04:00:00 pm,0,102.97,23.094,2024-07-17 04:00:00
2024-07-17,04:15:00 pm,0,102.972,23.095,2024-07-17 04:15:00
2024-07-17,04:30:00 pm,0,102.964,23.108,2024-07-17 04:30:00
2024-07-17,04:45:00 pm,0,102.97,23.118,2024-07-17 04:45:00
2024-07-17,05:00:00 pm,0,102.966,23.121,2024-07-17 05:00:00
2024-07-17,05:15:00 pm,0,102.959,23.126,2024-07-17 05:15:00
2024-07-17,05:30:00 pm,0,102.97,23.131,2024-07-17 05:30:00
2024-07-17,05:45:00 pm,0,102.973,23.136,2024-07-17 05:45:00
2024-07-17,06:00:00 pm,0,102.989,23.144,2024-07-17 06:00:00
2024-07-17,06:15:00 pm,0,102.983,23.153,2024-07-17 06:15:00
2024-07-17,06:30:00 pm,0,102.969,23.157,2024-07-17 06:30:00
2024-07-17,06:45:00 pm,0,102.977,23.168,2024-07-17 06:45:00
2024-07-17,07:00:00 pm,0,102.98,23.175,2024-07-17 07:00:00
2024-07-17,07:15:00 pm,0,102.976,23.175,2024-07-17 07:15:00
2024-07-17,07:30:00 pm,0,102.967,23.175,2024-07-17 07:30:00
2024-07-17,07:45:00 pm,0,102.958,23.176,2024-07-17 07:45:00
2024-07-17,08:00:00 pm,0,102.957,23.175,2024-07-17 08:00:00
2024-07-17,08:15:00 pm,0,102.963,23.181,2024-07-17 08:15:00
2024-07-17,08:30:00 pm,0,102.969,23.185,2024-07-17 08:30:00
2024-07-17,08:45:00 pm,0,102.975,23.187,2024-07-17 08:45:00
2024-07-17,09:00:00 pm,0,102.969,23.192,2024-07-17 09:00:00
2024-07-17,09:15:00 pm,0,102.964,23.196,2024-07-17 09:15:00
2024-07-17,09:30:00 pm,0,102.969,23.196,2024-07-17 09:30:00
2024-07-17,09:45:00 pm,0,102.977,23.201,2024-07-17 09:45:00
2024-07-17,10:00:00 pm,0,102.987,23.206,2024-07-17 10:00:00
2024-07-17,10:15:00 pm,0,102.995,23.21,2024-07-17 10:15:00
2024-07-17,10:30:00 pm,0,103.001,23.216,2024-07-17 10:30:00
2024-07-17,10:45:00 pm,0,103.023,23.215,2024-07-17 10:45:00
2024-07-17,11:00:00 pm,0,103.035,23.212,2024-07-17 11:00:00
2024-07-17,11:15:00 pm,0,103.047,23.208,2024-07-17 11:15:00
2024-07-17,11:30:00 pm,0,103.058,23.203,2024-07-17 11:30:00
2024-07-17,11:45:00 pm,0,103.12,23.195,2024-07-17 11:45:00
2024-07-18,12:00:00 am,0,103.12,23.182,2024-07-18 12:00:00
2024-07-18,12:15:00 am,0,103.117,23.166,2024-07-18 12:15:00
2024-07-18,12:30:00 am,0,103.097,23.145,2024-07-18 12:30:00
2024-07-18,12:45:00 am,0,103.082,23.122,2024-07-18 12:45:00
2024-07-18,01:00:00 am,0,103.07,23.1,2024-07-18 01:00:00
2024-07-18,01:15:00 am,0,103.062,23.077,2024-07-18 01:15:00
2024-07-18,01:30:00 am,0,103.063,23.051,2024-07-18 01:30:00
2024-07-18,01:45:00 am,0,103.065,23.024,2024-07-18 01:45:00
2024-07-18,02:00:00 am,0,103.066,22.996,2024-07-18 02:00:00
2024-07-18,02:15:00 am,0,103.05,22.969,2024-07-18 02:15:00
2024-07-18,02:30:00 am,0,103.031,22.946,2024-07-18 02:30:00
2024-07-18,02:45:00 am,0,103.014,22.926,2024-07-18 02:45:00
2024-07-18,03:00:00 am,0,102.99,22.901,2024-07-18 03:00:00
2024-07-18,03:15:00 am,0,102.987,22.882,2024-07-18 03:15:00
2024-07-18,03:30:00 am,0,102.983,22.86,2024-07-18 03:30:00
2024-07-18,03:45:00 am,0,102.982,22.841,2024-07-18 03:45:00
2024-07-18,04:00:00 am,0,102.99,22.822,2024-07-18 04:00:00
2024-07-18,04:15:00 am,0,102.979,22.805,2024-07-18 04:15:00
2024-07-18,04:30:00 am,0,102.972,22.787,2024-07-18 04:30:00
2024-07-18,04:45:00 am,0,102.964,22.768,2024-07-18 04:45:00
2024-07-18,05:00:00 am,0,102.956,22.75,2024-07-18 05:00:00
2024-07-18,05:15:00 am,0,102.946,22.731,2024-07-18 05:15:00
2024-07-18,05:30:00 am,0,102.958,22.715,2024-07-18 05:30:00
2024-07-18,05:45:00 am,0,102.998,22.695,2024-07-18 05:45:00
2024-07-18,06:00:00 am,0,103.013,22.677,2024-07-18 06:00:00
2024-07-18,06:15:00 am,0,103.023,22.658,2024-07-18 06:15:00
2024-07-18,06:30:00 am,0,103.037,22.638,2024-07-18 06:30:00
2024-07-18,06:45:00 am,0,103.04,22.62,2024-07-18 06:45:00
2024-07-18,07:00:00 am,0,103.04,22.602,2024-07-18 07:00:00
2024-07-18,07:15:00 am,0,103.042,22.587,2024-07-18 07:15:00
2024-07-18,07:30:00 am,0,103.05,22.571,2024-07-18 07:30:00
2024-07-18,07:45:00 am,0,103.087,22.561,2024-07-18 07:45:00
2024-07-18,08:00:00 am,0,103.085,22.551,2024-07-18 08:00:00
2024-07-18,08:15:00 am,0,103.087,22.548,2024-07-18 08:15:00
2024-07-18,08:30:00 am,0,103.106,22.55,2024-07-18 08:30:00
2024-07-18,08:45:00 am,0,103.116,22.551,2024-07-18 08:45:00
2024-07-18,09:00:00 am,0,103.112,22.56,2024-07-18 09:00:00
2024-07-18,09:15:00 am,0,103.124,22.569,2024-07-18 09:15:00
2024-07-18,09:30:00 am,0,103.13,22.579,2024-07-18 09:30:00
2024-07-18,09:45:00 am,0,103.131,22.592,2024-07-18 09:45:00
2024-07-18,10:00:00 am,0,103.129,22.608,2024-07-18 10:00:00
2024-07-18,10:15:00 am,0,103.124,22.628,2024-07-18 10:15:00
2024-07-18,10:30:00 am,0,103.121,22.654,2024-07-18 10:30:00
2024-07-18,10:45:00 am,0,103.114,22.683,2024-07-18 10:45:00
2024-07-18,11:00:00 am,0,103.112,22.708,2024-07-18 11:00:00
2024-07-18,11:15:00 am,0,103.112,22.738,2024-07-18 11:15:00
2024-07-18,11:30:00 am,0,103.113,22.777,2024-07-18 11:30:00
2024-07-18,11:45:00 am,0,103.122,22.817,2024-07-18 11:45:00
2024-07-18,12:00:00 pm,0,103.125,22.851,2024-07-18 12:00:00
2024-07-18,12:15:00 pm,0,103.125,22.886,2024-07-18 12:15:00
2024-07-18,12:30:00 pm,0,103.128,22.926,2024-07-18 12:30:00
2024-07-18,12:45:00 pm,0,103.128,22.973,2024-07-18 12:45:00
2024-07-18,01:00:00 pm,0,103.129,23.025,2024-07-18 01:00:00
2024-07-18,01:15:00 pm,0,103.125,23.087,2024-07-18 01:15:00
2024-07-18,01:30:00 pm,0,103.12,23.156,2024-07-18 01:30:00
2024-07-18,01:45:00 pm,0,103.112,23.208,2024-07-18 01:45:00
2024-07-18,02:00:00 pm,0,103.104,23.221,2024-07-18 02:00:00
2024-07-18,02:15:00 pm,0,103.097,23.23,2024-07-18 02:15:00
2024-07-18,02:30:00 pm,0,103.083,23.272,2024-07-18 02:30:00
2024-07-18,02:45:00 pm,0,103.059,23.303,2024-07-18 02:45:00
2024-07-18,03:00:00 pm,0,103.036,23.338,2024-07-18 03:00:00
2024-07-18,03:15:00 pm,0,103.01,23.361,2024-07-18 03:15:00
2024-07-18,03:30:00 pm,0,102.988,23.395,2024-07-18 03:30:00
2024-07-18,03:45:00 pm,0,102.969,23.418,2024-07-18 03:45:00
2024-07-18,04:00:00 pm,0,102.947,23.427,2024-07-18 04:00:00
2024-07-18,04:15:00 pm,0,103.002,23.431,2024-07-18 04:15:00
2024-07-18,04:30:00 pm,0,103.197,23.415,2024-07-18 04:30:00
2024-07-18,04:45:00 pm,0,103.233,23.371,2024-07-18 04:45:00
2024-07-18,05:00:00 pm,0,103.242,23.333,2024-07-18 05:00:00
2024-07-18,05:15:00 pm,0,103.381,23.286,2024-07-18 05:15:00
2024-07-18,05:30:00 pm,0,103.479,23.293,2024-07-18 05:30:00
2024-07-18,05:45:00 pm,0,103.488,23.33,2024-07-18 05:45:00
2024-07-18,06:00:00 pm,0,103.679,23.365,2024-07-18 06:00:00
2024-07-18,06:15:00 pm,0,103.924,23.419,2024-07-18 06:15:00
2024-07-18,06:30:00 pm,0,104.102,23.405,2024-07-18 06:30:00
2024-07-18,06:45:00 pm,0,104.239,23.346,2024-07-18 06:45:00
2024-07-18,07:00:00 pm,0,104.289,23.319,2024-07-18 07:00:00
2024-07-18,07:15:00 pm,0,104.271,23.314,2024-07-18 07:15:00
2024-07-18,07:30:00 pm,0,104.27,23.313,2024-07-18 07:30:00
2024-07-18,07:45:00 pm,0,104.248,23.313,2024-07-18 07:45:00
2024-07-18,08:00:00 pm,0,104.219,23.324,2024-07-18 08:00:00
2024-07-18,08:15:00 pm,0,104.197,23.335,2024-07-18 08:15:00
2024-07-18,08:30:00 pm,0,104.176,23.333,2024-07-18 08:30:00
2024-07-18,08:45:00 pm,0,104.16,23.352,2024-07-18 08:45:00
2024-07-18,09:00:00 pm,0,104.135,23.368,2024-07-18 09:00:00
2024-07-18,09:15:00 pm,0,104.101,23.376,2024-07-18 09:15:00
2024-07-18,09:30:00 pm,0,104.069,23.387,2024-07-18 09:30:00
2024-07-18,09:45:00 pm,0,104.022,23.39,2024-07-18 09:45:00
2024-07-18,10:00:00 pm,0,103.964,23.386,2024-07-18 10:00:00
2024-07-18,10:15:00 pm,0,103.93,23.372,2024-07-18 10:15:00
2024-07-18,10:30:00 pm,0,103.891,23.363,2024-07-18 10:30:00
2024-07-18,10:45:00 pm,0,103.86,23.353,2024-07-18 10:45:00
2024-07-18,11:00:00 pm,0,103.837,23.347,2024-07-18 11:00:00
2024-07-18,11:15:00 pm,0,103.813,23.334,2024-07-18 11:15:00
2024-07-18,11:30:00 pm,0,103.791,23.32,2024-07-18 11:30:00
2024-07-18,11:45:00 pm,0,103.776,23.304,2024-07-18 11:45:00
2024-07-19,12:00:00 am,0,103.784,23.289,2024-07-19 12:00:00
2024-07-19,12:15:00 am,0,103.771,23.274,2024-07-19 12:15:00
2024-07-19,12:30:00 am,0,103.743,23.257,2024-07-19 12:30:00
2024-07-19,12:45:00 am,0,103.704,23.236,2024-07-19 12:45:00
2024-07-19,01:00:00 am,0,103.679,23.216,2024-07-19 01:00:00
2024-07-19,01:15:00 am,0,103.659,23.197,2024-07-19 01:15:00
2024-07-19,01:30:00 am,0,103.647,23.179,2024-07-19 01:30:00
2024-07-19,01:45:00 am,0,103.628,23.156,2024-07-19 01:45:00
2024-07-19,02:00:00 am,0,103.626,23.136,2024-07-19 02:00:00
2024-07-19,02:15:00 am,0,103.614,23.112,2024-07-19 02:15:00
2024-07-19,02:30:00 am,0,103.609,23.094,2024-07-19 02:30:00
2024-07-19,02:45:00 am,0,103.593,23.073,2024-07-19 02:45:00
2024-07-19,03:00:00 am,0,103.588,23.053,2024-07-19 03:00:00
2024-07-19,03:15:00 am,0,103.58,23.033,2024-07-19 03:15:00
2024-07-19,03:30:00 am,0,103.564,23.013,2024-07-19 03:30:00
2024-07-19,03:45:00 am,0,103.552,22.997,2024-07-19 03:45:00
2024-07-19,04:00:00 am,0,103.542,22.977,2024-07-19 04:00:00
2024-07-19,04:15:00 am,0,103.541,22.959,2024-07-19 04:15:00
2024-07-19,04:30:00 am,0,103.528,22.942,2024-07-19 04:30:00
2024-07-19,04:45:00 am,0,103.52,22.922,2024-07-19 04:45:00
2024-07-19,05:00:00 am,0,103.512,22.904,2024-07-19 05:00:00
2024-07-19,05:15:00 am,0,103.512,22.887,2024-07-19 05:15:00
2024-07-19,05:30:00 am,0,103.506,22.869,2024-07-19 05:30:00
2024-07-19,05:45:00 am,0,103.498,22.85,2024-07-19 05:45:00
2024-07-19,06:00:00 am,0,103.499,22.833,2024-07-19 06:00:00
2024-07-19,06:15:00 am,0,103.497,22.817,2024-07-19 06:15:00
2024-07-19,06:30:00 am,0,103.497,22.802,2024-07-19 06:30:00
2024-07-19,06:45:00 am,0,103.512,22.786,2024-07-19 06:45:00
2024-07-19,07:00:00 am,0,103.517,22.771,2024-07-19 07:00:00
2024-07-19,07:15:00 am,0,103.534,22.758,2024-07-19 07:15:00
2024-07-19,07:30:00 am,0,103.537,22.744,2024-07-19 07:30:00
2024-07-19,07:45:00 am,0,103.548,22.731,2024-07-19 07:45:00
2024-07-19,08:00:00 am,0,103.549,22.72,2024-07-19 08:00:00
2024-07-19,08:15:00 am,0,103.546,22.711,2024-07-19 08:15:00
2024-07-19,08:30:00 am,0,103.536,22.7,2024-07-19 08:30:00
2024-07-19,08:45:00 am,0,103.532,22.692,2024-07-19 08:45:00
2024-07-19,09:00:00 am,0,103.53,22.685,2024-07-19 09:00:00
2024-07-19,09:15:00 am,0,103.52,22.678,2024-07-19 09:15:00
2024-07-19,09:30:00 am,0,103.515,22.674,2024-07-19 09:30:00
2024-07-19,09:45:00 am,0,103.505,22.669,2024-07-19 09:45:00
2024-07-19,10:00:00 am,0,103.506,22.666,2024-07-19 10:00:00
2024-07-19,10:15:00 am,0,103.509,22.661,2024-07-19 10:15:00
2024-07-19,10:30:00 am,0,103.514,22.663,2024-07-19 10:30:00
2024-07-19,10:45:00 am,0,103.518,22.659,2024-07-19 10:45:00
2024-07-19,11:00:00 am,0,103.524,22.659,2024-07-19 11:00:00
2024-07-19,11:15:00 am,0,103.526,22.658,2024-07-19 11:15:00
2024-07-19,11:30:00 am,0,103.524,22.654,2024-07-19 11:30:00
2024-07-19,11:45:00 am,0,103.517,22.652,2024-07-19 11:45:00
2024-07-19,12:00:00 pm,0,103.507,22.656,2024-07-19 12:00:00
2024-07-19,12:15:00 pm,0,103.502,22.663,2024-07-19 12:15:00
2024-07-19,12:30:00 pm,0,103.49,22.673,2024-07-19 12:30:00
2024-07-19,12:45:00 pm,0,103.481,22.689,2024-07-19 12:45:00
2024-07-19,01:00:00 pm,0,103.469,22.712,2024-07-19 01:00:00
2024-07-19,01:15:00 pm,0,103.457,22.736,2024-07-19 01:15:00
2024-07-19,01:30:00 pm,0,103.432,22.763,2024-07-19 01:30:00
2024-07-19,01:45:00 pm,0,103.416,22.795,2024-07-19 01:45:00
2024-07-19,02:00:00 pm,0,103.401,22.829,2024-07-19 02:00:00
2024-07-19,02:15:00 pm,0,103.38,22.869,2024-07-19 02:15:00
2024-07-19,02:30:00 pm,0,103.359,22.909,2024-07-19 02:30:00
2024-07-19,02:45:00 pm,0,103.326,22.942,2024-07-19 02:45:00
2024-07-19,03:00:00 pm,0,103.304,22.975,2024-07-19 03:00:00
2024-07-19,03:15:00 pm,0,103.312,23.011,2024-07-19 03:15:00
2024-07-19,03:30:00 pm,0,103.314,23.043,2024-07-19 03:30:00
2024-07-19,03:45:00 pm,0,103.31,23.077,2024-07-19 03:45:00
2024-07-19,04:00:00 pm,0,103.292,23.108,2024-07-19 04:00:00
2024-07-19,04:15:00 pm,0,103.285,23.139,2024-07-19 04:15:00
2024-07-19,04:30:00 pm,0,103.273,23.163,2024-07-19 04:30:00
2024-07-19,04:45:00 pm,0,103.27,23.185,2024-07-19 04:45:00
2024-07-19,05:00:00 pm,0,103.247,23.208,2024-07-19 05:00:00
2024-07-19,05:15:00 pm,0,103.233,23.225,2024-07-19 05:15:00
2024-07-19,05:30:00 pm,0,103.224,23.242,2024-07-19 05:30:00
2024-07-19,05:45:00 pm,0,103.238,23.256,2024-07-19 05:45:00
2024-07-19,06:00:00 pm,0,103.234,23.269,2024-07-19 06:00:00
2024-07-19,06:15:00 pm,0,103.238,23.281,2024-07-19 06:15:00
2024-07-19,06:30:00 pm,0,103.256,23.296,2024-07-19 06:30:00
2024-07-19,06:45:00 pm,0,103.266,23.303,2024-07-19 06:45:00
2024-07-19,07:00:00 pm,0,103.276,23.315,2024-07-19 07:00:00
2024-07-19,07:15:00 pm,0,103.283,23.324,2024-07-19 07:15:00
2024-07-19,07:30:00 pm,0,103.301,23.331,2024-07-19 07:30:00
2024-07-19,07:45:00 pm,0,103.339,23.335,2024-07-19 07:45:00
2024-07-19,08:00:00 pm,0,103.388,23.334,2024-07-19 08:00:00
2024-07-19,08:15:00 pm,0,103.391,23.324,2024-07-19 08:15:00
2024-07-19,08:30:00 pm,0,103.377,23.317,2024-07-19 08:30:00
2024-07-19,08:45:00 pm,0,103.405,23.308,2024-07-19 08:45:00
2024-07-19,09:00:00 pm,0,103.425,23.3,2024-07-19 09:00:00
2024-07-19,09:15:00 pm,0,103.465,23.292,2024-07-19 09:15:00
2024-07-19,09:30:00 pm,0,103.541,23.282,2024-07-19 09:30:00
2024-07-19,09:45:00 pm,0,103.661,23.269,2024-07-19 09:45:00
2024-07-19,10:00:00 pm,0,103.775,23.251,2024-07-19 10:00:00
2024-07-19,10:15:00 pm,0,103.866,23.223,2024-07-19 10:15:00
2024-07-19,10:30:00 pm,0,103.898,23.185,2024-07-19 10:30:00
2024-07-19,10:45:00 pm,0,104.01,23.137,2024-07-19 10:45:00
2024-07-19,11:00:00 pm,0,104.017,23.092,2024-07-19 11:00:00
2024-07-19,11:15:00 pm,0,104.028,23.063,2024-07-19 11:15:00
2024-07-19,11:30:00 pm,0,104.038,23.046,2024-07-19 11:30:00
2024-07-19,11:45:00 pm,0,104.034,23.039,2024-07-19 11:45:00
2024-07-20,12:00:00 am,0,104.01,23.027,2024-07-20 12:00:00
2024-07-20,12:15:00 am,0,103.992,23.019,2024-07-20 12:15:00
2024-07-20,12:30:00 am,0,103.976,23.01,2024-07-20 12:30:00
2024-07-20,12:45:00 am,0,103.96,23.003,2024-07-20 12:45:00
2024-07-20,01:00:00 am,0,103.942,22.993,2024-07-20 01:00:00
2024-07-20,01:15:00 am,0,103.921,22.981,2024-07-20 01:15:00
2024-07-20,01:30:00 am,0,103.905,22.969,2024-07-20 01:30:00
2024-07-20,01:45:00 am,0,103.882,22.958,2024-07-20 01:45:00
2024-07-20,02:00:00 am,0,103.873,22.944,2024-07-20 02:00:00
2024-07-20,02:15:00 am,0,103.866,22.93,2024-07-20 02:15:00
2024-07-20,02:30:00 am,0,103.855,22.917,2024-07-20 02:30:00
2024-07-20,02:45:00 am,0,103.84,22.9,2024-07-20 02:45:00
2024-07-20,03:00:00 am,0,103.823,22.885,2024-07-20 03:00:00
2024-07-20,03:15:00 am,0,103.806,22.866,2024-07-20 03:15:00
2024-07-20,03:30:00 am,0,103.8,22.848,2024-07-20 03:30:00
2024-07-20,03:45:00 am,0,103.792,22.83,2024-07-20 03:45:00
2024-07-20,04:00:00 am,0,103.783,22.811,2024-07-20 04:00:00
2024-07-20,04:15:00 am,0,103.775,22.795,2024-07-20 04:15:00
2024-07-20,04:30:00 am,0,103.763,22.777,2024-07-20 04:30:00
2024-07-20,04:45:00 am,0,103.749,22.759,2024-07-20 04:45:00
2024-07-20,05:00:00 am,0,103.744,22.74,2024-07-20 05:00:00
2024-07-20,05:15:00 am,0,103.731,22.721,2024-07-20 05:15:00
2024-07-20,05:30:00 am,0,103.733,22.704,2024-07-20 05:30:00
2024-07-20,05:45:00 am,0,103.766,22.681,2024-07-20 05:45:00
2024-07-20,06:00:00 am,0,103.774,22.66,2024-07-20 06:00:00
2024-07-20,06:15:00 am,0,103.756,22.639,2024-07-20 06:15:00
2024-07-20,06:30:00 am,0,103.782,22.619,2024-07-20 06:30:00
2024-07-20,06:45:00 am,0,103.876,22.601,2024-07-20 06:45:00
2024-07-20,07:00:00 am,0,104.015,22.578,2024-07-20 07:00:00
2024-07-20,07:15:00 am,0,104.143,22.562,2024-07-20 07:15:00
2024-07-20,07:30:00 am,0,104.36,22.546,2024-07-20 07:30:00
2024-07-20,07:45:00 am,0,104.564,22.532,2024-07-20 07:45:00
2024-07-20,08:00:00 am,0,104.765,22.502,2024-07-20 08:00:00
2024-07-20,08:15:00 am,0,104.839,22.493,2024-07-20 08:15:00
2024-07-20,08:30:00 am,0,104.924,22.486,2024-07-20 08:30:00
2024-07-20,08:45:00 am,0,104.92,22.482,2024-07-20 08:45:00
2024-07-20,09:00:00 am,0,104.935,22.483,2024-07-20 09:00:00
2024-07-20,09:15:00 am,0,104.952,22.481,2024-07-20 09:15:00
2024-07-20,09:30:00 am,0,104.967,22.482,2024-07-20 09:30:00
2024-07-20,09:45:00 am,0,104.985,22.483,2024-07-20 09:45:00
2024-07-20,10:00:00 am,0,104.984,22.48,2024-07-20 10:00:00
2024-07-20,10:15:00 am,0,104.995,22.485,2024-07-20 10:15:00
2024-07-20,10:30:00 am,0,105.011,22.49,2024-07-20 10:30:00
2024-07-20,10:45:00 am,0,105.041,22.502,2024-07-20 10:45:00
2024-07-20,11:00:00 am,0,105.08,22.519,2024-07-20 11:00:00
2024-07-20,11:15:00 am,0,105.113,22.534,2024-07-20 11:15:00
2024-07-20,11:30:00 am,0,105.124,22.546,2024-07-20 11:30:00
2024-07-20,11:45:00 am,0,105.139,22.572,2024-07-20 11:45:00
2024-07-20,12:00:00 pm,0,105.14,22.599,2024-07-20 12:00:00
2024-07-20,12:15:00 pm,0,105.134,22.633,2024-07-20 12:15:00
2024-07-20,12:30:00 pm,0,105.128,22.667,2024-07-20 12:30:00
2024-07-20,12:45:00 pm,0,105.108,22.688,2024-07-20 12:45:00
2024-07-20,01:00:00 pm,0,105.095,22.723,2024-07-20 01:00:00
2024-07-20,01:15:00 pm,0,105.084,22.763,2024-07-20 01:15:00
2024-07-20,01:30:00 pm,0,105.062,22.81,2024-07-20 01:30:00
2024-07-20,01:45:00 pm,0,105.029,22.863,2024-07-20 01:45:00
2024-07-20,02:00:00 pm,0,104.991,22.94,2024-07-20 02:00:00
2024-07-20,02:15:00 pm,0,104.963,22.994,2024-07-20 02:15:00
2024-07-20,02:30:00 pm,0,104.924,23.032,2024-07-20 02:30:00
2024-07-20,02:45:00 pm,0,104.93,23.08,2024-07-20 02:45:00
2024-07-20,03:00:00 pm,0,104.901,23.117,2024-07-20 03:00:00
2024-07-20,03:15:00 pm,0,104.883,23.16,2024-07-20 03:15:00
2024-07-20,03:30:00 pm,0,104.819,23.213,2024-07-20 03:30:00
2024-07-20,03:45:00 pm,0,104.75,23.271,2024-07-20 03:45:00
2024-07-20,04:00:00 pm,0,104.699,23.318,2024-07-20 04:00:00
2024-07-20,04:15:00 pm,0,104.645,23.358,2024-07-20 04:15:00
2024-07-20,04:30:00 pm,0,104.591,23.391,2024-07-20 04:30:00
2024-07-20,04:45:00 pm,0,104.514,23.417,2024-07-20 04:45:00
2024-07-20,05:00:00 pm,0,104.459,23.447,2024-07-20 05:00:00
2024-07-20,05:15:00 pm,0,104.413,23.477,2024-07-20 05:15:00
2024-07-20,05:30:00 pm,0,104.384,23.505,2024-07-20 05:30:00
2024-07-20,05:45:00 pm,0,104.373,23.536,2024-07-20 05:45:00
2024-07-20,06:00:00 pm,0,104.34,23.568,2024-07-20 06:00:00
2024-07-20,06:15:00 pm,0,104.313,23.594,2024-07-20 06:15:00
2024-07-20,06:30:00 pm,0,104.27,23.617,2024-07-20 06:30:00
2024-07-20,06:45:00 pm,0,104.269,23.633,2024-07-20 06:45:00
2024-07-20,07:00:00 pm,0,104.243,23.645,2024-07-20 07:00:00
2024-07-20,07:15:00 pm,0,104.241,23.653,2024-07-20 07:15:00
2024-07-20,07:30:00 pm,0,104.245,23.658,2024-07-20 07:30:00
2024-07-20,07:45:00 pm,0,104.224,23.657,2024-07-20 07:45:00
2024-07-20,08:00:00 pm,0,104.207,23.655,2024-07-20 08:00:00
2024-07-20,08:15:00 pm,0,104.191,23.648,2024-07-20 08:15:00
2024-07-20,08:30:00 pm,0,104.183,23.638,2024-07-20 08:30:00
2024-07-20,08:45:00 pm,0,104.16,23.626,2024-07-20 08:45:00
2024-07-20,09:00:00 pm,0,104.145,23.615,2024-07-20 09:00:00
2024-07-20,09:15:00 pm,0,104.133,23.605,2024-07-20 09:15:00
2024-07-20,09:30:00 pm,0,104.132,23.593,2024-07-20 09:30:00
2024-07-20,09:45:00 pm,0,104.123,23.578,2024-07-20 09:45:00
2024-07-20,10:00:00 pm,0,104.11,23.565,2024-07-20 10:00:00
2024-07-20,10:15:00 pm,0,104.101,23.549,2024-07-20 10:15:00
2024-07-20,10:30:00 pm,0,104.094,23.534,2024-07-20 10:30:00
2024-07-20,10:45:00 pm,0,104.085,23.519,2024-07-20 10:45:00
2024-07-20,11:00:00 pm,0,104.074,23.497,2024-07-20 11:00:00
2024-07-20,11:15:00 pm,0,104.057,23.48,2024-07-20 11:15:00
2024-07-20,11:30:00 pm,0,104.054,23.462,2024-07-20 11:30:00
2024-07-20,11:45:00 pm,0,104.039,23.441,2024-07-20 11:45:00
2024-07-21,12:00:00 am,0,104.029,23.421,2024-07-21 12:00:00
2024-07-21,12:15:00 am,0,103.998,23.402,2024-07-21 12:15:00
2024-07-21,12:30:00 am,0,103.989,23.383,2024-07-21 12:30:00
2024-07-21,12:45:00 am,0,103.976,23.362,2024-07-21 12:45:00
2024-07-21,01:00:00 am,0,103.963,23.346,2024-07-21 01:00:00
2024-07-21,01:15:00 am,0,103.946,23.324,2024-07-21 01:15:00
2024-07-21,01:30:00 am,0,103.922,23.305,2024-07-21 01:30:00
2024-07-21,01:45:00 am,0,103.92,23.289,2024-07-21 01:45:00
2024-07-21,02:00:00 am,0,103.908,23.269,2024-07-21 02:00:00
2024-07-21,02:15:00 am,0,103.891,23.251,2024-07-21 02:15:00
2024-07-21,02:30:00 am,0,103.876,23.232,2024-07-21 02:30:00
2024-07-21,02:45:00 am,0,103.865,23.212,2024-07-21 02:45:00
2024-07-21,03:00:00 am,0,103.845,23.195,2024-07-21 03:00:00
2024-07-21,03:15:00 am,0,103.827,23.174,2024-07-21 03:15:00
2024-07-21,03:30:00 am,0,103.792,23.155,2024-07-21 03:30:00
2024-07-21,03:45:00 am,0,103.78,23.134,2024-07-21 03:45:00
2024-07-21,04:00:00 am,0,103.77,23.114,2024-07-21 04:00:00
2024-07-21,04:15:00 am,0,103.765,23.094,2024-07-21 04:15:00
2024-07-21,04:30:00 am,0,103.768,23.074,2024-07-21 04:30:00
2024-07-21,04:45:00 am,0,103.761,23.054,2024-07-21 04:45:00
2024-07-21,05:00:00 am,0,103.751,23.034,2024-07-21 05:00:00
2024-07-21,05:15:00 am,0,103.762,23.015,2024-07-21 05:15:00
2024-07-21,05:30:00 am,0,103.765,22.998,2024-07-21 05:30:00
2024-07-21,05:45:00 am,0,103.769,22.98,2024-07-21 05:45:00
2024-07-21,06:00:00 am,0,103.753,22.963,2024-07-21 06:00:00
2024-07-21,06:15:00 am,0,103.74,22.945,2024-07-21 06:15:00
2024-07-21,06:30:00 am,0,103.73,22.93,2024-07-21 06:30:00
2024-07-21,06:45:00 am,0,103.721,22.913,2024-07-21 06:45:00
2024-07-21,07:00:00 am,0,103.726,22.897,2024-07-21 07:00:00
2024-07-21,07:15:00 am,0,103.733,22.883,2024-07-21 07:15:00
2024-07-21,07:30:00 am,0,103.729,22.871,2024-07-21 07:30:00
2024-07-21,07:45:00 am,0,103.734,22.859,2024-07-21 07:45:00
2024-07-21,08:00:00 am,0,103.728,22.849,2024-07-21 08:00:00
2024-07-21,08:15:00 am,0,103.725,22.84,2024-07-21 08:15:00
2024-07-21,08:30:00 am,0,103.72,22.835,2024-07-21 08:30:00
2024-07-21,08:45:00 am,0,103.714,22.831,2024-07-21 08:45:00
2024-07-21,09:00:00 am,0,103.704,22.829,2024-07-21 09:00:00
2024-07-21,09:15:00 am,0,103.698,22.826,2024-07-21 09:15:00
2024-07-21,09:30:00 am,0,103.695,22.83,2024-07-21 09:30:00
2024-07-21,09:45:00 am,0,103.69,22.831,2024-07-21 09:45:00
2024-07-21,10:00:00 am,0,103.77,22.833,2024-07-21 10:00:00
2024-07-21,10:15:00 am,0,104.472,22.927,2024-07-21 10:15:00
2024-07-21,10:30:00 am,0,104.888,22.972,2024-07-21 10:30:00
2024-07-21,10:45:00 am,0,104.917,23.014,2024-07-21 10:45:00
2024-07-21,11:00:00 am,0,105.148,23.034,2024-07-21 11:00:00
2024-07-21,11:15:00 am,0,105.84,22.954,2024-07-21 11:15:00
2024-07-21,11:30:00 am,0,105.934,22.916,2024-07-21 11:30:00
2024-07-21,11:45:00 am,0,105.931,23.053,2024-07-21 11:45:00
2024-07-21,12:00:00 pm,0,105.904,23.105,2024-07-21 12:00:00
2024-07-21,12:15:00 pm,0,105.839,23.149,2024-07-21 12:15:00
2024-07-21,12:30:00 pm,0,105.78,23.194,2024-07-21 12:30:00
2024-07-21,12:45:00 pm,0,105.688,23.23,2024-07-21 12:45:00
2024-07-21,01:00:00 pm,0,105.612,23.261,2024-07-21 01:00:00
2024-07-21,01:15:00 pm,0,105.549,23.303,2024-07-21 01:15:00
2024-07-21,01:30:00 pm,0,105.519,23.325,2024-07-21 01:30:00
2024-07-21,01:45:00 pm,0,105.487,23.341,2024-07-21 01:45:00
2024-07-21,02:00:00 pm,0,105.49,23.36,2024-07-21 02:00:00
2024-07-21,02:15:00 pm,0,105.516,23.38,2024-07-21 02:15:00
2024-07-21,02:30:00 pm,0,105.493,23.408,2024-07-21 02:30:00
2024-07-21,02:45:00 pm,0,105.465,23.436,2024-07-21 02:45:00
2024-07-21,03:00:00 pm,0,105.415,23.456,2024-07-21 03:00:00
2024-07-21,03:15:00 pm,0,105.382,23.474,2024-07-21 03:15:00
2024-07-21,03:30:00 pm,0,105.323,23.5,2024-07-21 03:30:00
2024-07-21,03:45:00 pm,0,105.258,23.517,2024-07-21 03:45:00
2024-07-21,04:00:00 pm,0,105.248,23.537,2024-07-21 04:00:00
2024-07-21,04:15:00 pm,0,105.198,23.554,2024-07-21 04:15:00
2024-07-21,04:30:00 pm,0,105.18,23.573,2024-07-21 04:30:00
2024-07-21,04:45:00 pm,0,105.172,23.589,2024-07-21 04:45:00
2024-07-21,05:00:00 pm,0,105.124,23.6,2024-07-21 05:00:00
2024-07-21,05:15:00 pm,0,105.046,23.596,2024-07-21 05:15:00
2024-07-21,05:30:00 pm,0,105.042,23.592,2024-07-21 05:30:00
2024-07-21,05:45:00 pm,0,105.027,23.587,2024-07-21 05:45:00
2024-07-21,06:00:00 pm,0,105.054,23.584,2024-07-21 06:00:00
2024-07-21,06:15:00 pm,0,105.018,23.577,2024-07-21 06:15:00
2024-07-21,06:30:00 pm,0,104.978,23.566,2024-07-21 06:30:00
2024-07-21,06:45:00 pm,0,104.941,23.551,2024-07-21 06:45:00
2024-07-21,07:00:00 pm,0,104.967,23.526,2024-07-21 07:00:00
2024-07-21,07:15:00 pm,0,105.02,23.502,2024-07-21 07:15:00
2024-07-21,07:30:00 pm,0,105.165,23.465,2024-07-21 07:30:00
2024-07-21,07:45:00 pm,0,105.31,23.429,2024-07-21 07:45:00
2024-07-21,08:00:00 pm,0,105.343,23.4,2024-07-21 08:00:00
2024-07-21,08:15:00 pm,0,105.369,23.379,2024-07-21 08:15:00
2024-07-21,08:30:00 pm,0,105.462,23.364,2024-07-21 08:30:00
2024-07-21,08:45:00 pm,0,105.622,23.333,2024-07-21 08:45:00
2024-07-21,09:00:00 pm,0,105.788,23.309,2024-07-21 09:00:00
2024-07-21,09:15:00 pm,0,105.982,23.282,2024-07-21 09:15:00
2024-07-21,09:30:00 pm,0,106.075,23.258,2024-07-21 09:30:00
2024-07-21,09:45:00 pm,0,106.113,23.238,2024-07-21 09:45:00
2024-07-21,10:00:00 pm,0,106.169,23.221,2024-07-21 10:00:00
2024-07-21,10:15:00 pm,0,106.196,23.202,2024-07-21 10:15:00
2024-07-21,10:30:00 pm,0,106.207,23.187,2024-07-21 10:30:00
2024-07-21,10:45:00 pm,0,106.201,23.168,2024-07-21 10:45:00
2024-07-21,11:00:00 pm,0,106.177,23.15,2024-07-21 11:00:00
2024-07-21,11:15:00 pm,0,106.134,23.132,2024-07-21 11:15:00
2024-07-21,11:30:00 pm,0,106.073,23.111,2024-07-21 11:30:00
2024-07-21,11:45:00 pm,0,106.039,23.095,2024-07-21 11:45:00
2024-07-22,12:00:00 am,0,106.001,23.072,2024-07-22 12:00:00
2024-07-22,12:15:00 am,0,105.929,23.053,2024-07-22 12:15:00
2024-07-22,12:30:00 am,0,105.859,23.03,2024-07-22 12:30:00
2024-07-22,12:45:00 am,0,105.772,23.01,2024-07-22 12:45:00
2024-07-22,01:00:00 am,0,105.72,22.988,2024-07-22 01:00:00
2024-07-22,01:15:00 am,0,105.637,22.964,2024-07-22 01:15:00
2024-07-22,01:30:00 am,0,105.567,22.943,2024-07-22 01:30:00
2024-07-22,01:45:00 am,0,105.476,22.918,2024-07-22 01:45:00
2024-07-22,02:00:00 am,0,105.4,22.893,2024-07-22 02:00:00
2024-07-22,02:15:00 am,0,105.331,22.87,2024-07-22 02:15:00
2024-07-22,02:30:00 am,0,105.288,22.845,2024-07-22 02:30:00
2024-07-22,02:45:00 am,0,105.217,22.819,2024-07-22 02:45:00
2024-07-22,03:00:00 am,0,105.151,22.797,2024-07-22 03:00:00
2024-07-22,03:15:00 am,0,105.094,22.768,2024-07-22 03:15:00
2024-07-22,03:30:00 am,0,105.047,22.742,2024-07-22 03:30:00
2024-07-22,03:45:00 am,0,105.02,22.716,2024-07-22 03:45:00
2024-07-22,04:00:00 am,0,104.983,22.688,2024-07-22 04:00:00
2024-07-22,04:15:00 am,0,104.947,22.662,2024-07-22 04:15:00
2024-07-22,04:30:00 am,0,104.914,22.632,2024-07-22 04:30:00
2024-07-22,04:45:00 am,0,104.901,22.601,2024-07-22 04:45:00
2024-07-22,05:00:00 am,0,104.877,22.576,2024-07-22 05:00:00
2024-07-22,05:15:00 am,0,104.865,22.548,2024-07-22 05:15:00
2024-07-22,05:30:00 am,0,104.848,22.52,2024-07-22 05:30:00
2024-07-22,05:45:00 am,0,104.835,22.495,2024-07-22 05:45:00
2024-07-22,06:00:00 am,0,104.808,22.47,2024-07-22 06:00:00
2024-07-22,06:15:00 am,0,104.774,22.445,2024-07-22 06:15:00
2024-07-22,06:30:00 am,0,104.762,22.423,2024-07-22 06:30:00
2024-07-22,06:45:00 am,0,104.738,22.401,2024-07-22 06:45:00
2024-07-22,07:00:00 am,0,104.736,22.384,2024-07-22 07:00:00
2024-07-22,07:15:00 am,0,104.723,22.369,2024-07-22 07:15:00
2024-07-22,07:30:00 am,0,104.72,22.354,2024-07-22 07:30:00
2024-07-22,07:45:00 am,0,104.717,22.341,2024-07-22 07:45:00
2024-07-22,08:00:00 am,0,104.705,22.33,2024-07-22 08:00:00
2024-07-22,08:15:00 am,0,104.707,22.32,2024-07-22 08:15:00
2024-07-22,08:30:00 am,0,104.68,22.313,2024-07-22 08:30:00
2024-07-22,08:45:00 am,0,104.673,22.309,2024-07-22 08:45:00
2024-07-22,09:00:00 am,0,104.656,22.305,2024-07-22 09:00:00
2024-07-22,09:15:00 am,0,104.647,22.305,2024-07-22 09:15:00
2024-07-22,09:30:00 am,0,104.647,22.308,2024-07-22 09:30:00
2024-07-22,09:45:00 am,0,104.649,22.314,2024-07-22 09:45:00
2024-07-22,10:00:00 am,0,104.653,22.323,2024-07-22 10:00:00
2024-07-22,10:15:00 am,0,104.647,22.336,2024-07-22 10:15:00
2024-07-22,10:30:00 am,0,104.63,22.337,2024-07-22 10:30:00
2024-07-22,10:45:00 am,0,104.609,22.349,2024-07-22 10:45:00
2024-07-22,11:00:00 am,0,104.602,22.363,2024-07-22 11:00:00
2024-07-22,11:15:00 am,0,104.582,22.383,2024-07-22 11:15:00
2024-07-22,11:30:00 am,0,104.566,22.407,2024-07-22 11:30:00
2024-07-22,11:45:00 am,0,104.554,22.435,2024-07-22 11:45:00
2024-07-22,12:00:00 pm,0,104.538,22.461,2024-07-22 12:00:00
2024-07-22,12:15:00 pm,0,104.508,22.494,2024-07-22 12:15:00
2024-07-22,12:30:00 pm,0,104.497,22.538,2024-07-22 12:30:00
2024-07-22,12:45:00 pm,0,104.484,22.593,2024-07-22 12:45:00
2024-07-22,01:00:00 pm,0,104.466,22.655,2024-07-22 01:00:00
2024-07-22,01:15:00 pm,0,104.45,22.714,2024-07-22 01:15:00
2024-07-22,01:30:00 pm,0,104.418,22.776,2024-07-22 01:30:00
2024-07-22,01:45:00 pm,0,104.395,22.844,2024-07-22 01:45:00
2024-07-22,02:00:00 pm,0,104.38,22.906,2024-07-22 02:00:00
2024-07-22,02:15:00 pm,0,104.352,22.989,2024-07-22 02:15:00
2024-07-22,02:30:00 pm,0,104.335,23.044,2024-07-22 02:30:00
2024-07-22,02:45:00 pm,0,104.301,23.094,2024-07-22 02:45:00
2024-07-22,03:00:00 pm,0,104.215,23.138,2024-07-22 03:00:00
2024-07-22,03:15:00 pm,0,104.189,23.191,2024-07-22 03:15:00
2024-07-22,03:30:00 pm,0,104.145,23.241,2024-07-22 03:30:00
2024-07-22,03:45:00 pm,0,104.152,23.288,2024-07-22 03:45:00
2024-07-22,04:00:00 pm,0,104.14,23.329,2024-07-22 04:00:00
2024-07-22,04:15:00 pm,0,104.132,23.371,2024-07-22 04:15:00
2024-07-22,04:30:00 pm,0,104.11,23.406,2024-07-22 04:30:00
2024-07-22,04:45:00 pm,0,104.099,23.443,2024-07-22 04:45:00
2024-07-22,05:00:00 pm,0,104.088,23.475,2024-07-22 05:00:00
2024-07-22,05:15:00 pm,0,104.08,23.5,2024-07-22 05:15:00
2024-07-22,05:30:00 pm,0,104.053,23.518,2024-07-22 05:30:00
2024-07-22,05:45:00 pm,0,104.043,23.533,2024-07-22 05:45:00
2024-07-22,06:00:00 pm,0,104.042,23.543,2024-07-22 06:00:00
2024-07-22,06:15:00 pm,0,104.042,23.554,2024-07-22 06:15:00
2024-07-22,06:30:00 pm,0,104.047,23.567,2024-07-22 06:30:00
2024-07-22,06:45:00 pm,0,104.043,23.571,2024-07-22 06:45:00
2024-07-22,07:00:00 pm,0,104.039,23.573,2024-07-22 07:00:00
2024-07-22,07:15:00 pm,0,104.028,23.577,2024-07-22 07:15:00
2024-07-22,07:30:00 pm,0,104.019,23.577,2024-07-22 07:30:00
2024-07-22,07:45:00 pm,0,104.012,23.58,2024-07-22 07:45:00
2024-07-22,08:00:00 pm,0,104.011,23.579,2024-07-22 08:00:00
2024-07-22,08:15:00 pm,0,104.006,23.575,2024-07-22 08:15:00
2024-07-22,08:30:00 pm,0,104.018,23.567,2024-07-22 08:30:00
2024-07-22,08:45:00 pm,0,104.023,23.562,2024-07-22 08:45:00
2024-07-22,09:00:00 pm,0,104.029,23.553,2024-07-22 09:00:00
2024-07-22,09:15:00 pm,0,104.036,23.54,2024-07-22 09:15:00
2024-07-22,09:30:00 pm,0,104.038,23.527,2024-07-22 09:30:00
2024-07-22,09:45:00 pm,0,104.04,23.514,2024-07-22 09:45:00
2024-07-22,10:00:00 pm,0,104.03,23.497,2024-07-22 10:00:00
2024-07-22,10:15:00 pm,0,104.026,23.481,2024-07-22 10:15:00
2024-07-22,10:30:00 pm,0,104.016,23.463,2024-07-22 10:30:00
2024-07-22,10:45:00 pm,0,104.008,23.445,2024-07-22 10:45:00
2024-07-22,11:00:00 pm,0,104.017,23.428,2024-07-22 11:00:00
2024-07-22,11:15:00 pm,0,104.014,23.409,2024-07-22 11:15:00
2024-07-22,11:30:00 pm,0,104.006,23.392,2024-07-22 11:30:00
2024-07-22,11:45:00 pm,0,103.999,23.375,2024-07-22 11:45:00
2024-07-23,12:00:00 am,0,103.987,23.356,2024-07-23 12:00:00
2024-07-23,12:15:00 am,0,103.974,23.338,2024-07-23 12:15:00
2024-07-23,12:30:00 am,0,103.965,23.322,2024-07-23 12:30:00
2024-07-23,12:45:00 am,0,103.954,23.305,2024-07-23 12:45:00
2024-07-23,01:00:00 am,0,103.942,23.289,2024-07-23 01:00:00
2024-07-23,01:15:00 am,0,103.934,23.27,2024-07-23 01:15:00
2024-07-23,01:30:00 am,0,103.918,23.251,2024-07-23 01:30:00
2024-07-23,01:45:00 am,0,103.902,23.231,2024-07-23 01:45:00
2024-07-23,02:00:00 am,0,103.892,23.211,2024-07-23 02:00:00
2024-07-23,02:15:00 am,0,103.878,23.189,2024-07-23 02:15:00
2024-07-23,02:30:00 am,0,103.865,23.167,2024-07-23 02:30:00
2024-07-23,02:45:00 am,0,103.86,23.145,2024-07-23 02:45:00
2024-07-23,03:00:00 am,0,103.867,23.128,2024-07-23 03:00:00
2024-07-23,03:15:00 am,0,103.875,23.106,2024-07-23 03:15:00
2024-07-23,03:30:00 am,0,103.876,23.086,2024-07-23 03:30:00
2024-07-23,03:45:00 am,0,103.884,23.067,2024-07-23 03:45:00
2024-07-23,04:00:00 am,0,103.89,23.048,2024-07-23 04:00:00
2024-07-23,04:15:00 am,0,103.893,23.03,2024-07-23 04:15:00
2024-07-23,04:30:00 am,0,103.896,23.011,2024-07-23 04:30:00
2024-07-23,04:45:00 am,0,103.907,22.992,2024-07-23 04:45:00
2024-07-23,05:00:00 am,0,103.924,22.975,2024-07-23 05:00:00
2024-07-23,05:15:00 am,0,103.933,22.957,2024-07-23 05:15:00
2024-07-23,05:30:00 am,0,103.934,22.938,2024-07-23 05:30:00
2024-07-23,05:45:00 am,0,103.933,22.92,2024-07-23 05:45:00
2024-07-23,06:00:00 am,0,103.932,22.903,2024-07-23 06:00:00
2024-07-23,06:15:00 am,0,103.934,22.883,2024-07-23 06:15:00
2024-07-23,06:30:00 am,0,103.95,22.866,2024-07-23 06:30:00
2024-07-23,06:45:00 am,0,103.966,22.849,2024-07-23 06:45:00
2024-07-23,07:00:00 am,0,103.972,22.836,2024-07-23 07:00:00
2024-07-23,07:15:00 am,0,103.975,22.823,2024-07-23 07:15:00
2024-07-23,07:30:00 am,0,103.972,22.812,2024-07-23 07:30:00
2024-07-23,07:45:00 am,0,103.981,22.805,2024-07-23 07:45:00
2024-07-23,08:00:00 am,0,103.982,22.801,2024-07-23 08:00:00
2024-07-23,08:15:00 am,0,103.983,22.796,2024-07-23 08:15:00
2024-07-23,08:30:00 am,0,103.986,22.794,2024-07-23 08:30:00
2024-07-23,08:45:00 am,0,103.989,22.792,2024-07-23 08:45:00
2024-07-23,09:00:00 am,0,103.986,22.79,2024-07-23 09:00:00
2024-07-23,09:15:00 am,0,103.984,22.791,2024-07-23 09:15:00
2024-07-23,09:30:00 am,0,103.985,22.793,2024-07-23 09:30:00
2024-07-23,09:45:00 am,0,103.997,22.802,2024-07-23 09:45:00
2024-07-23,10:00:00 am,0,104,22.813,2024-07-23 10:00:00
2024-07-23,10:15:00 am,0,104.002,22.827,2024-07-23 10:15:00
2024-07-23,10:30:00 am,0,104.013,22.841,2024-07-23 10:30:00
2024-07-23,10:45:00 am,0,104.018,22.859,2024-07-23 10:45:00
2024-07-23,11:00:00 am,0,104.03,22.89,2024-07-23 11:00:00
2024-07-23,11:15:00 am,0,104.033,22.923,2024-07-23 11:15:00
2024-07-23,11:30:00 am,0,104.031,22.956,2024-07-23 11:30:00
2024-07-23,11:45:00 am,0,104.03,22.978,2024-07-23 11:45:00
2024-07-23,12:00:00 pm,0,104.032,23.007,2024-07-23 12:00:00
2024-07-23,12:15:00 pm,0,104.036,23.041,2024-07-23 12:15:00
2024-07-23,12:30:00 pm,0,104.032,23.083,2024-07-23 12:30:00
2024-07-23,12:45:00 pm,0,104.023,23.12,2024-07-23 12:45:00
2024-07-23,01:00:00 pm,0,104.01,23.151,2024-07-23 01:00:00
2024-07-23,01:15:00 pm,0,104.012,23.222,2024-07-23 01:15:00
2024-07-23,01:30:00 pm,0,104.009,23.288,2024-07-23 01:30:00
2024-07-23,01:45:00 pm,0,103.983,23.362,2024-07-23 01:45:00
2024-07-23,02:00:00 pm,0,103.958,23.451,2024-07-23 02:00:00
2024-07-23,02:15:00 pm,0,103.957,23.574,2024-07-23 02:15:00
2024-07-23,02:30:00 pm,0,103.953,23.665,2024-07-23 02:30:00
2024-07-23,02:45:00 pm,0,103.913,23.729,2024-07-23 02:45:00
2024-07-23,03:00:00 pm,0,103.877,23.777,2024-07-23 03:00:00
2024-07-23,03:15:00 pm,0,103.913,23.803,2024-07-23 03:15:00
2024-07-23,03:30:00 pm,0,103.945,23.818,2024-07-23 03:30:00
2024-07-23,03:45:00 pm,0,103.921,23.829,2024-07-23 03:45:00
2024-07-23,04:00:00 pm,0,103.874,23.853,2024-07-23 04:00:00
2024-07-23,04:15:00 pm,0,103.876,23.88,2024-07-23 04:15:00
2024-07-23,04:30:00 pm,0,103.908,23.904,2024-07-23 04:30:00
2024-07-23,04:45:00 pm,0,103.923,23.919,2024-07-23 04:45:00
2024-07-23,05:00:00 pm,0,103.949,23.929,2024-07-23 05:00:00
2024-07-23,05:15:00 pm,0,103.985,23.935,2024-07-23 05:15:00
2024-07-23,05:30:00 pm,0,104.01,23.922,2024-07-23 05:30:00
2024-07-23,05:45:00 pm,0,104.028,23.894,2024-07-23 05:45:00
2024-07-23,06:00:00 pm,0,104.012,23.871,2024-07-23 06:00:00
2024-07-23,06:15:00 pm,0,104.001,23.846,2024-07-23 06:15:00
2024-07-23,06:30:00 pm,0,104.001,23.836,2024-07-23 06:30:00
2024-07-23,06:45:00 pm,0,104.025,23.83,2024-07-23 06:45:00
2024-07-23,07:00:00 pm,0,104.067,23.828,2024-07-23 07:00:00
2024-07-23,07:15:00 pm,0,104.087,23.822,2024-07-23 07:15:00
2024-07-23,07:30:00 pm,0,104.108,23.811,2024-07-23 07:30:00
2024-07-23,07:45:00 pm,0,104.113,23.798,2024-07-23 07:45:00
2024-07-23,08:00:00 pm,0,104.137,23.779,2024-07-23 08:00:00
2024-07-23,08:15:00 pm,0,104.187,23.751,2024-07-23 08:15:00
2024-07-23,08:30:00 pm,0,104.247,23.713,2024-07-23 08:30:00
2024-07-23,08:45:00 pm,0,104.28,23.671,2024-07-23 08:45:00
2024-07-23,09:00:00 pm,0,104.31,23.621,2024-07-23 09:00:00
2024-07-23,09:15:00 pm,0,104.377,23.568,2024-07-23 09:15:00
2024-07-23,09:30:00 pm,0,104.404,23.52,2024-07-23 09:30:00
2024-07-23,09:45:00 pm,0,104.446,23.481,2024-07-23 09:45:00
2024-07-23,10:00:00 pm,0,104.476,23.453,2024-07-23 10:00:00
2024-07-23,10:15:00 pm,0,104.517,23.434,2024-07-23 10:15:00
2024-07-23,10:30:00 pm,0,104.541,23.419,2024-07-23 10:30:00
2024-07-23,10:45:00 pm,0,104.551,23.407,2024-07-23 10:45:00
2024-07-23,11:00:00 pm,0,104.551,23.392,2024-07-23 11:00:00
2024-07-23,11:15:00 pm,0,104.565,23.378,2024-07-23 11:15:00
2024-07-23,11:30:00 pm,0,104.569,23.363,2024-07-23 11:30:00
2024-07-23,11:45:00 pm,0,104.563,23.347,2024-07-23 11:45:00
2024-07-24,12:00:00 am,0,104.559,23.328,2024-07-24 12:00:00
2024-07-24,12:15:00 am,0,104.555,23.311,2024-07-24 12:15:00
2024-07-24,12:30:00 am,0,104.551,23.289,2024-07-24 12:30:00
2024-07-24,12:45:00 am,0,104.54,23.266,2024-07-24 12:45:00
2024-07-24,01:00:00 am,0,104.52,23.243,2024-07-24 01:00:00
2024-07-24,01:15:00 am,0,104.518,23.223,2024-07-24 01:15:00
2024-07-24,01:30:00 am,0,104.507,23.199,2024-07-24 01:30:00
2024-07-24,01:45:00 am,0,104.488,23.175,2024-07-24 01:45:00
2024-07-24,02:00:00 am,0,104.476,23.153,2024-07-24 02:00:00
2024-07-24,02:15:00 am,0,104.456,23.128,2024-07-24 02:15:00
2024-07-24,02:30:00 am,0,104.452,23.105,2024-07-24 02:30:00
2024-07-24,02:45:00 am,0,104.438,23.082,2024-07-24 02:45:00
2024-07-24,03:00:00 am,0,104.432,23.059,2024-07-24 03:00:00
2024-07-24,03:15:00 am,0,104.435,23.039,2024-07-24 03:15:00
2024-07-24,03:30:00 am,0,104.457,23.018,2024-07-24 03:30:00
2024-07-24,03:45:00 am,0,104.464,22.996,2024-07-24 03:45:00
2024-07-24,04:00:00 am,0,104.464,22.975,2024-07-24 04:00:00
2024-07-24,04:15:00 am,0,104.456,22.957,2024-07-24 04:15:00
2024-07-24,04:30:00 am,0,104.454,22.937,2024-07-24 04:30:00
2024-07-24,04:45:00 am,0,104.45,22.916,2024-07-24 04:45:00
2024-07-24,05:00:00 am,0,104.441,22.897,2024-07-24 05:00:00
2024-07-24,05:15:00 am,0,104.441,22.878,2024-07-24 05:15:00
2024-07-24,05:30:00 am,0,104.44,22.861,2024-07-24 05:30:00
2024-07-24,05:45:00 am,0,104.435,22.842,2024-07-24 05:45:00
2024-07-24,06:00:00 am,0,104.435,22.824,2024-07-24 06:00:00
2024-07-24,06:15:00 am,0,104.436,22.806,2024-07-24 06:15:00
2024-07-24,06:30:00 am,0,104.441,22.786,2024-07-24 06:30:00
2024-07-24,06:45:00 am,0,104.446,22.769,2024-07-24 06:45:00
2024-07-24,07:00:00 am,0,104.449,22.754,2024-07-24 07:00:00
2024-07-24,07:15:00 am,0,104.452,22.741,2024-07-24 07:15:00
2024-07-24,07:30:00 am,0,104.454,22.729,2024-07-24 07:30:00
2024-07-24,07:45:00 am,0,104.459,22.719,2024-07-24 07:45:00
2024-07-24,08:00:00 am,0,104.467,22.713,2024-07-24 08:00:00
2024-07-24,08:15:00 am,0,104.476,22.705,2024-07-24 08:15:00
2024-07-24,08:30:00 am,0,104.477,22.699,2024-07-24 08:30:00
2024-07-24,08:45:00 am,0,104.482,22.696,2024-07-24 08:45:00
2024-07-24,09:00:00 am,0,104.485,22.686,2024-07-24 09:00:00
2024-07-24,09:15:00 am,0,104.484,22.682,2024-07-24 09:15:00
2024-07-24,09:30:00 am,0,104.481,22.676,2024-07-24 09:30:00
2024-07-24,09:45:00 am,0,104.476,22.673,2024-07-24 09:45:00
2024-07-24,10:00:00 am,0,104.478,22.673,2024-07-24 10:00:00
2024-07-24,10:15:00 am,0,104.479,22.679,2024-07-24 10:15:00
2024-07-24,10:30:00 am,0,104.484,22.689,2024-07-24 10:30:00
2024-07-24,10:45:00 am,0,104.483,22.691,2024-07-24 10:45:00
2024-07-24,11:00:00 am,0,104.478,22.698,2024-07-24 11:00:00
2024-07-24,11:15:00 am,0,104.475,22.706,2024-07-24 11:15:00
2024-07-24,11:30:00 am,0,104.469,22.711,2024-07-24 11:30:00
2024-07-24,11:45:00 am,0,104.467,22.715,2024-07-24 11:45:00
2024-07-24,12:00:00 pm,0,104.472,22.721,2024-07-24 12:00:00
2024-07-24,12:15:00 pm,0,104.484,22.734,2024-07-24 12:15:00
2024-07-24,12:30:00 pm,0,104.494,22.746,2024-07-24 12:30:00
2024-07-24,12:45:00 pm,0,104.505,22.759,2024-07-24 12:45:00
2024-07-24,01:00:00 pm,0,104.531,22.767,2024-07-24 01:00:00
2024-07-24,01:15:00 pm,0,104.553,22.776,2024-07-24 01:15:00
2024-07-24,01:30:00 pm,0,104.6,22.788,2024-07-24 01:30:00
2024-07-24,01:45:00 pm,0,104.637,22.793,2024-07-24 01:45:00
2024-07-24,02:00:00 pm,0,104.681,22.803,2024-07-24 02:00:00
2024-07-24,02:15:00 pm,0,104.768,22.822,2024-07-24 02:15:00
2024-07-24,02:30:00 pm,0,104.862,22.846,2024-07-24 02:30:00
2024-07-24,02:45:00 pm,0,105.036,22.86,2024-07-24 02:45:00
2024-07-24,03:00:00 pm,0,105.068,22.876,2024-07-24 03:00:00
2024-07-24,03:15:00 pm,0,105.102,22.909,2024-07-24 03:15:00
2024-07-24,03:30:00 pm,0,105.12,22.957,2024-07-24 03:30:00
2024-07-24,03:45:00 pm,0,105.13,23.012,2024-07-24 03:45:00
2024-07-24,04:00:00 pm,0,105.118,23.062,2024-07-24 04:00:00
2024-07-24,04:15:00 pm,0,105.137,23.109,2024-07-24 04:15:00
2024-07-24,04:30:00 pm,0,105.131,23.142,2024-07-24 04:30:00
2024-07-24,04:45:00 pm,0,105.126,23.17,2024-07-24 04:45:00
2024-07-24,05:00:00 pm,0,105.145,23.194,2024-07-24 05:00:00
2024-07-24,05:15:00 pm,0,105.176,23.208,2024-07-24 05:15:00
2024-07-24,05:30:00 pm,0,105.187,23.225,2024-07-24 05:30:00
2024-07-24,05:45:00 pm,0,105.199,23.238,2024-07-24 05:45:00
2024-07-24,06:00:00 pm,0,105.2,23.25,2024-07-24 06:00:00
2024-07-24,06:15:00 pm,0,105.224,23.264,2024-07-24 06:15:00
2024-07-24,06:30:00 pm,0,105.233,23.281,2024-07-24 06:30:00
2024-07-24,06:45:00 pm,0,105.222,23.29,2024-07-24 06:45:00
2024-07-24,07:00:00 pm,0,105.22,23.294,2024-07-24 07:00:00
2024-07-24,07:15:00 pm,0,105.21,23.303,2024-07-24 07:15:00
2024-07-24,07:30:00 pm,0,105.198,23.312,2024-07-24 07:30:00
2024-07-24,07:45:00 pm,0,105.193,23.316,2024-07-24 07:45:00
2024-07-24,08:00:00 pm,0,105.184,23.324,2024-07-24 08:00:00
2024-07-24,08:15:00 pm,0,105.177,23.326,2024-07-24 08:15:00
2024-07-24,08:30:00 pm,0,105.15,23.322,2024-07-24 08:30:00
2024-07-24,08:45:00 pm,0,105.131,23.314,2024-07-24 08:45:00
2024-07-24,09:00:00 pm,0,105.133,23.305,2024-07-24 09:00:00
2024-07-24,09:15:00 pm,0,105.124,23.294,2024-07-24 09:15:00
2024-07-24,09:30:00 pm,0,105.11,23.287,2024-07-24 09:30:00
2024-07-24,09:45:00 pm,0,105.094,23.276,2024-07-24 09:45:00
2024-07-24,10:00:00 pm,0,105.086,23.265,2024-07-24 10:00:00
2024-07-24,10:15:00 pm,0,105.071,23.252,2024-07-24 10:15:00
2024-07-24,10:30:00 pm,0,105.051,23.239,2024-07-24 10:30:00
2024-07-24,10:45:00 pm,0,105.051,23.232,2024-07-24 10:45:00
2024-07-24,11:00:00 pm,0,105.043,23.221,2024-07-24 11:00:00
2024-07-24,11:15:00 pm,0,105.028,23.208,2024-07-24 11:15:00
2024-07-24,11:30:00 pm,0,105.008,23.197,2024-07-24 11:30:00
2024-07-24,11:45:00 pm,0,104.985,23.186,2024-07-24 11:45:00
2024-07-25,12:00:00 am,0,104.961,23.172,2024-07-25 12:00:00
2024-07-25,12:15:00 am,0,104.934,23.16,2024-07-25 12:15:00
2024-07-25,12:30:00 am,0,104.914,23.146,2024-07-25 12:30:00
2024-07-25,12:45:00 am,0,104.896,23.133,2024-07-25 12:45:00
2024-07-25,01:00:00 am,0,104.881,23.118,2024-07-25 01:00:00
2024-07-25,01:15:00 am,0,104.856,23.105,2024-07-25 01:15:00
2024-07-25,01:30:00 am,0,104.836,23.09,2024-07-25 01:30:00
2024-07-25,01:45:00 am,0,104.813,23.077,2024-07-25 01:45:00
2024-07-25,02:00:00 am,0,104.795,23.062,2024-07-25 02:00:00
2024-07-25,02:15:00 am,0,104.777,23.051,2024-07-25 02:15:00
2024-07-25,02:30:00 am,0,104.763,23.037,2024-07-25 02:30:00
2024-07-25,02:45:00 am,0,104.749,23.024,2024-07-25 02:45:00
2024-07-25,03:00:00 am,0,104.734,23.012,2024-07-25 03:00:00
2024-07-25,03:15:00 am,0,104.721,23.001,2024-07-25 03:15:00
2024-07-25,03:30:00 am,0,104.701,22.986,2024-07-25 03:30:00
2024-07-25,03:45:00 am,0,104.696,22.973,2024-07-25 03:45:00
2024-07-25,04:00:00 am,0,104.678,22.963,2024-07-25 04:00:00
2024-07-25,04:15:00 am,0,104.669,22.948,2024-07-25 04:15:00
2024-07-25,04:30:00 am,0,104.662,22.935,2024-07-25 04:30:00
2024-07-25,04:45:00 am,0,104.653,22.924,2024-07-25 04:45:00
2024-07-25,05:00:00 am,0,104.643,22.911,2024-07-25 05:00:00
2024-07-25,05:15:00 am,0,104.629,22.899,2024-07-25 05:15:00
2024-07-25,05:30:00 am,0,104.619,22.886,2024-07-25 05:30:00
2024-07-25,05:45:00 am,0,104.613,22.875,2024-07-25 05:45:00
2024-07-25,06:00:00 am,0,104.607,22.86,2024-07-25 06:00:00
2024-07-25,06:15:00 am,0,104.609,22.847,2024-07-25 06:15:00
2024-07-25,06:30:00 am,0,104.612,22.836,2024-07-25 06:30:00
2024-07-25,06:45:00 am,0,104.611,22.821,2024-07-25 06:45:00
2024-07-25,07:00:00 am,0,104.613,22.811,2024-07-25 07:00:00
2024-07-25,07:15:00 am,0,104.613,22.802,2024-07-25 07:15:00
2024-07-25,07:30:00 am,0,104.618,22.792,2024-07-25 07:30:00
2024-07-25,07:45:00 am,0,104.614,22.784,2024-07-25 07:45:00
2024-07-25,08:00:00 am,0,104.608,22.773,2024-07-25 08:00:00
2024-07-25,08:15:00 am,0,104.61,22.765,2024-07-25 08:15:00
2024-07-25,08:30:00 am,0,104.609,22.76,2024-07-25 08:30:00
2024-07-25,08:45:00 am,0,104.61,22.756,2024-07-25 08:45:00
2024-07-25,09:00:00 am,0,104.616,22.753,2024-07-25 09:00:00
2024-07-25,09:15:00 am,0,104.62,22.751,2024-07-25 09:15:00
2024-07-25,09:30:00 am,0,104.628,22.751,2024-07-25 09:30:00
2024-07-25,09:45:00 am,0,104.634,22.749,2024-07-25 09:45:00
2024-07-25,10:00:00 am,0,104.638,22.753,2024-07-25 10:00:00
2024-07-25,10:15:00 am,0,104.64,22.756,2024-07-25 10:15:00
2024-07-25,10:30:00 am,0,104.642,22.763,2024-07-25 10:30:00
2024-07-25,10:45:00 am,0,104.641,22.769,2024-07-25 10:45:00
2024-07-25,11:00:00 am,0,104.642,22.78,2024-07-25 11:00:00
2024-07-25,11:15:00 am,0,104.645,22.794,2024-07-25 11:15:00
2024-07-25,11:30:00 am,0,104.641,22.818,2024-07-25 11:30:00
2024-07-25,11:45:00 am,0,104.637,22.84,2024-07-25 11:45:00
2024-07-25,12:00:00 pm,0,104.633,22.863,2024-07-25 12:00:00
2024-07-25,12:15:00 pm,0,104.629,22.887,2024-07-25 12:15:00
2024-07-25,12:30:00 pm,0,104.626,22.914,2024-07-25 12:30:00
2024-07-25,12:45:00 pm,0,104.625,22.953,2024-07-25 12:45:00
2024-07-25,01:00:00 pm,0,104.627,22.983,2024-07-25 01:00:00
2024-07-25,01:15:00 pm,0,104.622,23.005,2024-07-25 01:15:00
2024-07-25,01:30:00 pm,0,104.623,23.044,2024-07-25 01:30:00
2024-07-25,01:45:00 pm,0,104.617,23.077,2024-07-25 01:45:00
2024-07-25,02:00:00 pm,0,104.612,23.124,2024-07-25 02:00:00
2024-07-25,02:15:00 pm,0,104.609,23.175,2024-07-25 02:15:00
2024-07-25,02:30:00 pm,0,104.608,23.223,2024-07-25 02:30:00
2024-07-25,02:45:00 pm,0,104.597,23.263,2024-07-25 02:45:00
2024-07-25,03:00:00 pm,0,104.577,23.304,2024-07-25 03:00:00
2024-07-25,03:15:00 pm,0,104.557,23.358,2024-07-25 03:15:00
2024-07-25,03:30:00 pm,0,104.534,23.409,2024-07-25 03:30:00
2024-07-25,03:45:00 pm,0,104.532,23.446,2024-07-25 03:45:00
2024-07-25,04:00:00 pm,0,104.515,23.487,2024-07-25 04:00:00
2024-07-25,04:15:00 pm,0,104.498,23.524,2024-07-25 04:15:00
2024-07-25,04:30:00 pm,0,104.493,23.548,2024-07-25 04:30:00
2024-07-25,04:45:00 pm,0,104.486,23.575,2024-07-25 04:45:00
2024-07-25,05:00:00 pm,0,104.471,23.598,2024-07-25 05:00:00
2024-07-25,05:15:00 pm,0,104.439,23.622,2024-07-25 05:15:00
2024-07-25,05:30:00 pm,0,104.42,23.645,2024-07-25 05:30:00
2024-07-25,05:45:00 pm,0,104.409,23.664,2024-07-25 05:45:00
2024-07-25,06:00:00 pm,0,104.399,23.679,2024-07-25 06:00:00
2024-07-25,06:15:00 pm,0,104.387,23.695,2024-07-25 06:15:00
2024-07-25,06:30:00 pm,0,104.384,23.71,2024-07-25 06:30:00
2024-07-25,06:45:00 pm,0,104.363,23.721,2024-07-25 06:45:00
2024-07-25,07:00:00 pm,0,104.355,23.726,2024-07-25 07:00:00
2024-07-25,07:15:00 pm,0,104.358,23.731,2024-07-25 07:15:00
2024-07-25,07:30:00 pm,0,104.356,23.732,2024-07-25 07:30:00
2024-07-25,07:45:00 pm,0,104.36,23.725,2024-07-25 07:45:00
2024-07-25,08:00:00 pm,0,104.377,23.715,2024-07-25 08:00:00
2024-07-25,08:15:00 pm,0,104.379,23.7,2024-07-25 08:15:00
2024-07-25,08:30:00 pm,0,104.383,23.684,2024-07-25 08:30:00
2024-07-25,08:45:00 pm,0,104.371,23.662,2024-07-25 08:45:00
2024-07-25,09:00:00 pm,0,104.354,23.641,2024-07-25 09:00:00
2024-07-25,09:15:00 pm,0,104.337,23.611,2024-07-25 09:15:00
2024-07-25,09:30:00 pm,0,104.327,23.581,2024-07-25 09:30:00
2024-07-25,09:45:00 pm,0,104.331,23.551,2024-07-25 09:45:00
2024-07-25,10:00:00 pm,0,104.321,23.519,2024-07-25 10:00:00
2024-07-25,10:15:00 pm,0,104.315,23.484,2024-07-25 10:15:00
2024-07-25,10:30:00 pm,0,104.303,23.452,2024-07-25 10:30:00
2024-07-25,10:45:00 pm,0,104.29,23.418,2024-07-25 10:45:00
2024-07-25,11:00:00 pm,0,104.27,23.384,2024-07-25 11:00:00
2024-07-25,11:15:00 pm,0,104.253,23.35,2024-07-25 11:15:00
2024-07-25,11:30:00 pm,0,104.231,23.314,2024-07-25 11:30:00
2024-07-25,11:45:00 pm,0,104.221,23.277,2024-07-25 11:45:00
2024-07-26,12:00:00 am,0,104.206,23.24,2024-07-26 12:00:00
2024-07-26,12:15:00 am,0,104.197,23.202,2024-07-26 12:15:00
2024-07-26,12:30:00 am,0,104.183,23.163,2024-07-26 12:30:00
2024-07-26,12:45:00 am,0,104.165,23.126,2024-07-26 12:45:00
2024-07-26,01:00:00 am,0,104.163,23.086,2024-07-26 01:00:00
2024-07-26,01:15:00 am,0,104.145,23.05,2024-07-26 01:15:00
2024-07-26,01:30:00 am,0,104.13,23.009,2024-07-26 01:30:00
2024-07-26,01:45:00 am,0,104.119,22.972,2024-07-26 01:45:00
2024-07-26,02:00:00 am,0,104.105,22.933,2024-07-26 02:00:00
2024-07-26,02:15:00 am,0,104.097,22.898,2024-07-26 02:15:00
2024-07-26,02:30:00 am,0,104.085,22.861,2024-07-26 02:30:00
2024-07-26,02:45:00 am,0,104.074,22.828,2024-07-26 02:45:00
2024-07-26,03:00:00 am,0,104.064,22.793,2024-07-26 03:00:00
2024-07-26,03:15:00 am,0,104.055,22.761,2024-07-26 03:15:00
2024-07-26,03:30:00 am,0,104.041,22.728,2024-07-26 03:30:00
2024-07-26,03:45:00 am,0,104.033,22.695,2024-07-26 03:45:00
2024-07-26,04:00:00 am,0,104.027,22.663,2024-07-26 04:00:00
2024-07-26,04:15:00 am,0,104.029,22.635,2024-07-26 04:15:00
2024-07-26,04:30:00 am,0,104.022,22.605,2024-07-26 04:30:00
2024-07-26,04:45:00 am,0,104.026,22.579,2024-07-26 04:45:00
2024-07-26,05:00:00 am,0,104.02,22.55,2024-07-26 05:00:00
2024-07-26,05:15:00 am,0,104.016,22.525,2024-07-26 05:15:00
2024-07-26,05:30:00 am,0,104.006,22.501,2024-07-26 05:30:00
2024-07-26,05:45:00 am,0,104.006,22.476,2024-07-26 05:45:00
2024-07-26,06:00:00 am,0,104.011,22.453,2024-07-26 06:00:00
2024-07-26,06:15:00 am,0,104.01,22.432,2024-07-26 06:15:00
2024-07-26,06:30:00 am,0,104.011,22.411,2024-07-26 06:30:00
2024-07-26,06:45:00 am,0,104.015,22.393,2024-07-26 06:45:00
2024-07-26,07:00:00 am,0,104.016,22.373,2024-07-26 07:00:00
2024-07-26,07:15:00 am,0,104.021,22.358,2024-07-26 07:15:00
2024-07-26,07:30:00 am,0,104.034,22.346,2024-07-26 07:30:00
2024-07-26,07:45:00 am,0,104.036,22.337,2024-07-26 07:45:00
2024-07-26,08:00:00 am,0,104.05,22.33,2024-07-26 08:00:00
2024-07-26,08:15:00 am,0,104.061,22.328,2024-07-26 08:15:00
2024-07-26,08:30:00 am,0,104.069,22.327,2024-07-26 08:30:00
2024-07-26,08:45:00 am,0,104.072,22.328,2024-07-26 08:45:00
2024-07-26,09:00:00 am,0,104.078,22.333,2024-07-26 09:00:00
2024-07-26,09:15:00 am,0,104.082,22.334,2024-07-26 09:15:00
2024-07-26,09:30:00 am,0,104.083,22.339,2024-07-26 09:30:00
2024-07-26,09:45:00 am,0,104.091,22.346,2024-07-26 09:45:00
2024-07-26,10:00:00 am,0,104.091,22.351,2024-07-26 10:00:00
2024-07-26,10:15:00 am,0,104.094,22.355,2024-07-26 10:15:00
2024-07-26,10:30:00 am,0,104.102,22.365,2024-07-26 10:30:00
2024-07-26,10:45:00 am,0,104.108,22.373,2024-07-26 10:45:00
2024-07-26,11:00:00 am,0,104.112,22.384,2024-07-26 11:00:00
2024-07-26,11:15:00 am,0,104.113,22.397,2024-07-26 11:15:00
2024-07-26,11:30:00 am,0,104.112,22.415,2024-07-26 11:30:00
2024-07-26,11:45:00 am,0,104.113,22.439,2024-07-26 11:45:00
2024-07-26,12:00:00 pm,0,104.111,22.458,2024-07-26 12:00:00
2024-07-26,12:15:00 pm,0,104.114,22.478,2024-07-26 12:15:00
2024-07-26,12:30:00 pm,0,104.108,22.507,2024-07-26 12:30:00
2024-07-26,12:45:00 pm,0,104.097,22.537,2024-07-26 12:45:00
2024-07-26,01:00:00 pm,0,104.069,22.576,2024-07-26 01:00:00
2024-07-26,01:15:00 pm,0,104.05,22.632,2024-07-26 01:15:00
2024-07-26,01:30:00 pm,0,104.036,22.687,2024-07-26 01:30:00
2024-07-26,01:45:00 pm,0,104.01,22.753,2024-07-26 01:45:00
2024-07-26,02:00:00 pm,0,103.993,22.822,2024-07-26 02:00:00
2024-07-26,02:15:00 pm,0,103.962,22.871,2024-07-26 02:15:00
2024-07-26,02:30:00 pm,0,103.941,22.937,2024-07-26 02:30:00
2024-07-26,02:45:00 pm,0,103.914,22.993,2024-07-26 02:45:00
2024-07-26,03:00:00 pm,0,103.89,23.036,2024-07-26 03:00:00
2024-07-26,03:15:00 pm,0,103.832,23.11,2024-07-26 03:15:00
2024-07-26,03:30:00 pm,0,103.819,23.158,2024-07-26 03:30:00
2024-07-26,03:45:00 pm,0,103.798,23.193,2024-07-26 03:45:00
2024-07-26,04:00:00 pm,0,103.78,23.235,2024-07-26 04:00:00
2024-07-26,04:15:00 pm,0,103.765,23.291,2024-07-26 04:15:00
2024-07-26,04:30:00 pm,0,103.763,23.331,2024-07-26 04:30:00
2024-07-26,04:45:00 pm,0,103.747,23.36,2024-07-26 04:45:00
2024-07-26,05:00:00 pm,0,103.725,23.389,2024-07-26 05:00:00
2024-07-26,05:15:00 pm,0,103.725,23.414,2024-07-26 05:15:00
2024-07-26,05:30:00 pm,0,103.726,23.437,2024-07-26 05:30:00
2024-07-26,05:45:00 pm,0,103.707,23.459,2024-07-26 05:45:00
2024-07-26,06:00:00 pm,0,103.697,23.482,2024-07-26 06:00:00
2024-07-26,06:15:00 pm,0,103.701,23.501,2024-07-26 06:15:00
2024-07-26,06:30:00 pm,0,103.695,23.519,2024-07-26 06:30:00
2024-07-26,06:45:00 pm,0,103.705,23.534,2024-07-26 06:45:00
2024-07-26,07:00:00 pm,0,103.712,23.546,2024-07-26 07:00:00
2024-07-26,07:15:00 pm,0,103.725,23.554,2024-07-26 07:15:00
2024-07-26,07:30:00 pm,0,103.721,23.563,2024-07-26 07:30:00
2024-07-26,07:45:00 pm,0,103.707,23.567,2024-07-26 07:45:00
2024-07-26,08:00:00 pm,0,103.693,23.571,2024-07-26 08:00:00
2024-07-26,08:15:00 pm,0,103.681,23.573,2024-07-26 08:15:00
2024-07-26,08:30:00 pm,0,103.68,23.571,2024-07-26 08:30:00
2024-07-26,08:45:00 pm,0,103.679,23.57,2024-07-26 08:45:00
2024-07-26,09:00:00 pm,0,103.667,23.568,2024-07-26 09:00:00
2024-07-26,09:15:00 pm,0,103.66,23.565,2024-07-26 09:15:00
2024-07-26,09:30:00 pm,0,103.63,23.557,2024-07-26 09:30:00
2024-07-26,09:45:00 pm,0,103.634,23.551,2024-07-26 09:45:00
2024-07-26,10:00:00 pm,0,103.63,23.54,2024-07-26 10:00:00
2024-07-26,10:15:00 pm,0,103.62,23.53,2024-07-26 10:15:00
2024-07-26,10:30:00 pm,0,103.615,23.515,2024-07-26 10:30:00
2024-07-26,10:45:00 pm,0,103.613,23.501,2024-07-26 10:45:00
2024-07-26,11:00:00 pm,0,103.596,23.483,2024-07-26 11:00:00
2024-07-26,11:15:00 pm,0,103.577,23.463,2024-07-26 11:15:00
2024-07-26,11:30:00 pm,0,103.565,23.442,2024-07-26 11:30:00
2024-07-26,11:45:00 pm,0,103.557,23.419,2024-07-26 11:45:00
2024-07-27,12:00:00 am,0,103.561,23.394,2024-07-27 12:00:00
2024-07-27,12:15:00 am,0,103.553,23.369,2024-07-27 12:15:00
2024-07-27,12:30:00 am,0,103.558,23.344,2024-07-27 12:30:00
2024-07-27,12:45:00 am,0,103.553,23.322,2024-07-27 12:45:00
2024-07-27,01:00:00 am,0,103.55,23.296,2024-07-27 01:00:00
2024-07-27,01:15:00 am,0,103.545,23.273,2024-07-27 01:15:00
2024-07-27,01:30:00 am,0,103.538,23.251,2024-07-27 01:30:00
2024-07-27,01:45:00 am,0,103.527,23.229,2024-07-27 01:45:00
2024-07-27,02:00:00 am,0,103.519,23.205,2024-07-27 02:00:00
2024-07-27,02:15:00 am,0,103.522,23.183,2024-07-27 02:15:00
2024-07-27,02:30:00 am,0,103.523,23.164,2024-07-27 02:30:00
2024-07-27,02:45:00 am,0,103.528,23.142,2024-07-27 02:45:00
2024-07-27,03:00:00 am,0,103.525,23.125,2024-07-27 03:00:00
2024-07-27,03:15:00 am,0,103.529,23.105,2024-07-27 03:15:00
2024-07-27,03:30:00 am,0,103.534,23.09,2024-07-27 03:30:00
2024-07-27,03:45:00 am,0,103.538,23.073,2024-07-27 03:45:00
2024-07-27,04:00:00 am,0,103.544,23.058,2024-07-27 04:00:00
2024-07-27,04:15:00 am,0,103.549,23.042,2024-07-27 04:15:00
2024-07-27,04:30:00 am,0,103.547,23.029,2024-07-27 04:30:00
2024-07-27,04:45:00 am,0,103.553,23.012,2024-07-27 04:45:00
2024-07-27,05:00:00 am,0,103.556,22.999,2024-07-27 05:00:00
2024-07-27,05:15:00 am,0,103.558,22.985,2024-07-27 05:15:00
2024-07-27,05:30:00 am,0,103.567,22.972,2024-07-27 05:30:00
2024-07-27,05:45:00 am,0,103.574,22.958,2024-07-27 05:45:00
2024-07-27,06:00:00 am,0,103.572,22.946,2024-07-27 06:00:00
2024-07-27,06:15:00 am,0,103.577,22.932,2024-07-27 06:15:00
2024-07-27,06:30:00 am,0,103.585,22.92,2024-07-27 06:30:00
2024-07-27,06:45:00 am,0,103.591,22.907,2024-07-27 06:45:00
2024-07-27,07:00:00 am,0,103.598,22.894,2024-07-27 07:00:00
2024-07-27,07:15:00 am,0,103.609,22.887,2024-07-27 07:15:00
2024-07-27,07:30:00 am,0,103.627,22.876,2024-07-27 07:30:00
2024-07-27,07:45:00 am,0,103.637,22.867,2024-07-27 07:45:00
2024-07-27,08:00:00 am,0,103.645,22.859,2024-07-27 08:00:00
2024-07-27,08:15:00 am,0,103.661,22.852,2024-07-27 08:15:00
2024-07-27,08:30:00 am,0,103.667,22.846,2024-07-27 08:30:00
2024-07-27,08:45:00 am,0,103.683,22.842,2024-07-27 08:45:00
2024-07-27,09:00:00 am,0,103.688,22.839,2024-07-27 09:00:00
2024-07-27,09:15:00 am,0,103.692,22.841,2024-07-27 09:15:00
2024-07-27,09:30:00 am,0,103.697,22.842,2024-07-27 09:30:00
2024-07-27,09:45:00 am,0,103.709,22.849,2024-07-27 09:45:00
2024-07-27,10:00:00 am,0,103.709,22.86,2024-07-27 10:00:00
2024-07-27,10:15:00 am,0,103.71,22.876,2024-07-27 10:15:00
2024-07-27,10:30:00 am,0,103.713,22.895,2024-07-27 10:30:00
2024-07-27,10:45:00 am,0,103.72,22.922,2024-07-27 10:45:00
2024-07-27,11:00:00 am,0,103.73,22.951,2024-07-27 11:00:00
2024-07-27,11:15:00 am,0,103.733,22.982,2024-07-27 11:15:00
2024-07-27,11:30:00 am,0,103.735,23.005,2024-07-27 11:30:00
2024-07-27,11:45:00 am,0,103.732,23.018,2024-07-27 11:45:00
2024-07-27,12:00:00 pm,0,103.731,23.038,2024-07-27 12:00:00
2024-07-27,12:15:00 pm,0,103.725,23.063,2024-07-27 12:15:00
2024-07-27,12:30:00 pm,0,103.706,23.092,2024-07-27 12:30:00
2024-07-27,12:45:00 pm,0,103.699,23.128,2024-07-27 12:45:00
2024-07-27,01:00:00 pm,0,103.686,23.165,2024-07-27 01:00:00
2024-07-27,01:15:00 pm,0,103.681,23.22,2024-07-27 01:15:00
2024-07-27,01:30:00 pm,0,103.67,23.261,2024-07-27 01:30:00
2024-07-27,01:45:00 pm,0,103.525,23.309,2024-07-27 01:45:00
2024-07-27,02:00:00 pm,0,103.529,23.361,2024-07-27 02:00:00
2024-07-27,02:15:00 pm,0,103.539,23.415,2024-07-27 02:15:00
2024-07-27,02:30:00 pm,0,103.534,23.459,2024-07-27 02:30:00
2024-07-27,02:45:00 pm,0,103.532,23.516,2024-07-27 02:45:00
2024-07-27,03:00:00 pm,0,103.49,23.547,2024-07-27 03:00:00
2024-07-27,03:15:00 pm,0,103.481,23.571,2024-07-27 03:15:00
2024-07-27,03:30:00 pm,0,103.471,23.604,2024-07-27 03:30:00
2024-07-27,03:45:00 pm,0,103.486,23.641,2024-07-27 03:45:00
2024-07-27,04:00:00 pm,0,103.466,23.687,2024-07-27 04:00:00
2024-07-27,04:15:00 pm,0,103.455,23.733,2024-07-27 04:15:00
2024-07-27,04:30:00 pm,0,103.446,23.79,2024-07-27 04:30:00
2024-07-27,04:45:00 pm,0,103.434,23.834,2024-07-27 04:45:00
2024-07-27,05:00:00 pm,0,103.347,23.867,2024-07-27 05:00:00
2024-07-27,05:15:00 pm,0,103.363,23.899,2024-07-27 05:15:00
2024-07-27,05:30:00 pm,0,103.373,23.931,2024-07-27 05:30:00
2024-07-27,05:45:00 pm,0,103.384,23.95,2024-07-27 05:45:00
2024-07-27,06:00:00 pm,0,103.384,23.963,2024-07-27 06:00:00
2024-07-27,06:15:00 pm,0,103.377,23.968,2024-07-27 06:15:00
2024-07-27,06:30:00 pm,0,103.4,23.975,2024-07-27 06:30:00
2024-07-27,06:45:00 pm,0,103.409,23.98,2024-07-27 06:45:00
2024-07-27,07:00:00 pm,0,103.428,23.986,2024-07-27 07:00:00
2024-07-27,07:15:00 pm,0,103.436,23.991,2024-07-27 07:15:00
2024-07-27,07:30:00 pm,0,103.449,23.994,2024-07-27 07:30:00
2024-07-27,07:45:00 pm,0,103.462,23.994,2024-07-27 07:45:00
2024-07-27,08:00:00 pm,0,103.47,23.994,2024-07-27 08:00:00
2024-07-27,08:15:00 pm,0,103.46,23.991,2024-07-27 08:15:00
2024-07-27,08:30:00 pm,0,103.47,23.985,2024-07-27 08:30:00
2024-07-27,08:45:00 pm,0,103.48,23.989,2024-07-27 08:45:00
2024-07-27,09:00:00 pm,0,103.475,23.98,2024-07-27 09:00:00
2024-07-27,09:15:00 pm,0,103.504,23.969,2024-07-27 09:15:00
2024-07-27,09:30:00 pm,0,103.513,23.957,2024-07-27 09:30:00
2024-07-27,09:45:00 pm,0,103.527,23.944,2024-07-27 09:45:00
2024-07-27,10:00:00 pm,0,103.537,23.932,2024-07-27 10:00:00
2024-07-27,10:15:00 pm,0,103.534,23.919,2024-07-27 10:15:00
2024-07-27,10:30:00 pm,0,103.533,23.906,2024-07-27 10:30:00
2024-07-27,10:45:00 pm,0,103.533,23.891,2024-07-27 10:45:00
2024-07-27,11:00:00 pm,0,103.539,23.874,2024-07-27 11:00:00
2024-07-27,11:15:00 pm,0,103.542,23.854,2024-07-27 11:15:00
2024-07-27,11:30:00 pm,0,103.543,23.836,2024-07-27 11:30:00
2024-07-27,11:45:00 pm,0,103.542,23.813,2024-07-27 11:45:00
2024-07-28,12:00:00 am,0,103.542,23.789,2024-07-28 12:00:00
2024-07-28,12:15:00 am,0,103.544,23.764,2024-07-28 12:15:00
2024-07-28,12:30:00 am,0,103.544,23.74,2024-07-28 12:30:00
2024-07-28,12:45:00 am,0,103.541,23.709,2024-07-28 12:45:00
2024-07-28,01:00:00 am,0,103.533,23.681,2024-07-28 01:00:00
2024-07-28,01:15:00 am,0,103.522,23.65,2024-07-28 01:15:00
2024-07-28,01:30:00 am,0,103.511,23.619,2024-07-28 01:30:00
2024-07-28,01:45:00 am,0,103.505,23.588,2024-07-28 01:45:00
2024-07-28,02:00:00 am,0,103.506,23.554,2024-07-28 02:00:00
2024-07-28,02:15:00 am,0,103.508,23.521,2024-07-28 02:15:00
2024-07-28,02:30:00 am,0,103.509,23.487,2024-07-28 02:30:00
2024-07-28,02:45:00 am,0,103.523,23.456,2024-07-28 02:45:00
2024-07-28,03:00:00 am,0,103.531,23.424,2024-07-28 03:00:00
2024-07-28,03:15:00 am,0,103.539,23.391,2024-07-28 03:15:00
2024-07-28,03:30:00 am,0,103.556,23.358,2024-07-28 03:30:00
2024-07-28,03:45:00 am,0,103.58,23.329,2024-07-28 03:45:00
2024-07-28,04:00:00 am,0,103.603,23.3,2024-07-28 04:00:00
2024-07-28,04:15:00 am,0,103.636,23.277,2024-07-28 04:15:00
2024-07-28,04:30:00 am,0,103.672,23.253,2024-07-28 04:30:00
2024-07-28,04:45:00 am,0,103.697,23.229,2024-07-28 04:45:00
2024-07-28,05:00:00 am,0,103.716,23.204,2024-07-28 05:00:00
2024-07-28,05:15:00 am,0,103.731,23.183,2024-07-28 05:15:00
2024-07-28,05:30:00 am,0,103.755,23.16,2024-07-28 05:30:00
2024-07-28,05:45:00 am,0,103.768,23.141,2024-07-28 05:45:00
2024-07-28,06:00:00 am,0,103.802,23.121,2024-07-28 06:00:00
2024-07-28,06:15:00 am,0,103.82,23.105,2024-07-28 06:15:00
2024-07-28,06:30:00 am,0,103.838,23.089,2024-07-28 06:30:00
2024-07-28,06:45:00 am,0,103.85,23.077,2024-07-28 06:45:00
2024-07-28,07:00:00 am,0,103.868,23.062,2024-07-28 07:00:00
2024-07-28,07:15:00 am,0,103.878,23.052,2024-07-28 07:15:00
2024-07-28,07:30:00 am,0,103.889,23.039,2024-07-28 07:30:00
2024-07-28,07:45:00 am,0,103.896,23.027,2024-07-28 07:45:00
2024-07-28,08:00:00 am,0,103.899,23.02,2024-07-28 08:00:00
2024-07-28,08:15:00 am,0,103.905,23.015,2024-07-28 08:15:00
2024-07-28,08:30:00 am,0,103.91,23.007,2024-07-28 08:30:00
2024-07-28,08:45:00 am,0,103.924,23.002,2024-07-28 08:45:00
2024-07-28,09:00:00 am,0,103.935,22.998,2024-07-28 09:00:00
2024-07-28,09:15:00 am,0,103.936,22.996,2024-07-28 09:15:00
2024-07-28,09:30:00 am,0,103.939,22.996,2024-07-28 09:30:00
2024-07-28,09:45:00 am,0,103.939,23.004,2024-07-28 09:45:00
2024-07-28,10:00:00 am,0,103.946,23.015,2024-07-28 10:00:00
2024-07-28,10:15:00 am,0,103.95,23.026,2024-07-28 10:15:00
2024-07-28,10:30:00 am,0,103.949,23.048,2024-07-28 10:30:00
2024-07-28,10:45:00 am,0,103.946,23.068,2024-07-28 10:45:00
2024-07-28,11:00:00 am,0,103.933,23.087,2024-07-28 11:00:00
2024-07-28,11:15:00 am,0,103.922,23.118,2024-07-28 11:15:00
2024-07-28,11:30:00 am,0,103.9,23.158,2024-07-28 11:30:00
2024-07-28,11:45:00 am,0,103.892,23.202,2024-07-28 11:45:00
2024-07-28,12:00:00 pm,0,103.861,23.248,2024-07-28 12:00:00
2024-07-28,12:15:00 pm,0,103.853,23.293,2024-07-28 12:15:00
2024-07-28,12:30:00 pm,0,103.835,23.348,2024-07-28 12:30:00
2024-07-28,12:45:00 pm,0,103.832,23.41,2024-07-28 12:45:00
2024-07-28,01:00:00 pm,0,103.815,23.47,2024-07-28 01:00:00
2024-07-28,01:15:00 pm,0,103.828,23.505,2024-07-28 01:15:00
2024-07-28,01:30:00 pm,0,103.809,23.533,2024-07-28 01:30:00
2024-07-28,01:45:00 pm,0,103.792,23.564,2024-07-28 01:45:00
2024-07-28,02:00:00 pm,0,103.749,23.624,2024-07-28 02:00:00
2024-07-28,02:15:00 pm,0,103.696,23.69,2024-07-28 02:15:00
2024-07-28,02:30:00 pm,0,103.687,23.751,2024-07-28 02:30:00
2024-07-28,02:45:00 pm,0,103.687,23.812,2024-07-28 02:45:00
2024-07-28,03:00:00 pm,0,103.702,23.835,2024-07-28 03:00:00
2024-07-28,03:15:00 pm,0,103.666,23.869,2024-07-28 03:15:00
2024-07-28,03:30:00 pm,0,103.671,23.908,2024-07-28 03:30:00
2024-07-28,03:45:00 pm,0,103.678,23.941,2024-07-28 03:45:00
2024-07-28,04:00:00 pm,0,103.669,23.963,2024-07-28 04:00:00
2024-07-28,04:15:00 pm,0,103.677,23.99,2024-07-28 04:15:00
2024-07-28,04:30:00 pm,0,103.671,24.015,2024-07-28 04:30:00
2024-07-28,04:45:00 pm,0,103.686,24.055,2024-07-28 04:45:00
2024-07-28,05:00:00 pm,0,103.71,24.107,2024-07-28 05:00:00
2024-07-28,05:15:00 pm,0,103.698,24.146,2024-07-28 05:15:00
2024-07-28,05:30:00 pm,0,103.772,24.177,2024-07-28 05:30:00
2024-07-28,05:45:00 pm,0,103.844,24.203,2024-07-28 05:45:00
2024-07-28,06:00:00 pm,0,104.076,24.198,2024-07-28 06:00:00
2024-07-28,06:15:00 pm,0,104.127,24.154,2024-07-28 06:15:00
2024-07-28,06:30:00 pm,0,104.108,24.118,2024-07-28 06:30:00
2024-07-28,06:45:00 pm,0,104.27,24.099,2024-07-28 06:45:00
2024-07-28,07:00:00 pm,0,104.297,24.092,2024-07-28 07:00:00
2024-07-28,07:15:00 pm,0,104.307,24.077,2024-07-28 07:15:00
2024-07-28,07:30:00 pm,0,104.606,24.049,2024-07-28 07:30:00
2024-07-28,07:45:00 pm,0,105.023,23.929,2024-07-28 07:45:00
2024-07-28,08:00:00 pm,0,105.12,23.88,2024-07-28 08:00:00
2024-07-28,08:15:00 pm,0,105.15,23.921,2024-07-28 08:15:00
2024-07-28,08:30:00 pm,0,105.156,23.961,2024-07-28 08:30:00
2024-07-28,08:45:00 pm,0,105.131,23.978,2024-07-28 08:45:00
2024-07-28,09:00:00 pm,0,105.12,23.984,2024-07-28 09:00:00
2024-07-28,09:15:00 pm,0,105.121,23.975,2024-07-28 09:15:00
2024-07-28,09:30:00 pm,0,105.101,23.962,2024-07-28 09:30:00
2024-07-28,09:45:00 pm,0,105.079,23.946,2024-07-28 09:45:00
2024-07-28,10:00:00 pm,0,105.057,23.922,2024-07-28 10:00:00
2024-07-28,10:15:00 pm,0,105.045,23.897,2024-07-28 10:15:00
2024-07-28,10:30:00 pm,0,105.037,23.866,2024-07-28 10:30:00
2024-07-28,10:45:00 pm,0,105.03,23.837,2024-07-28 10:45:00
2024-07-28,11:00:00 pm,0,105.025,23.808,2024-07-28 11:00:00
2024-07-28,11:15:00 pm,0,105.009,23.768,2024-07-28 11:15:00
2024-07-28,11:30:00 pm,0,105.016,23.735,2024-07-28 11:30:00
2024-07-28,11:45:00 pm,0,105.024,23.701,2024-07-28 11:45:00
2024-07-29,12:00:00 am,0,105.001,23.671,2024-07-29 12:00:00
2024-07-29,12:15:00 am,0,104.972,23.635,2024-07-29 12:15:00
2024-07-29,12:30:00 am,0,104.951,23.603,2024-07-29 12:30:00
2024-07-29,12:45:00 am,0,104.935,23.568,2024-07-29 12:45:00
2024-07-29,01:00:00 am,0,104.916,23.532,2024-07-29 01:00:00
2024-07-29,01:15:00 am,0,104.891,23.499,2024-07-29 01:15:00
2024-07-29,01:30:00 am,0,104.866,23.468,2024-07-29 01:30:00
2024-07-29,01:45:00 am,0,104.843,23.437,2024-07-29 01:45:00
2024-07-29,02:00:00 am,0,104.822,23.407,2024-07-29 02:00:00
2024-07-29,02:15:00 am,0,104.798,23.379,2024-07-29 02:15:00
2024-07-29,02:30:00 am,0,104.767,23.349,2024-07-29 02:30:00
2024-07-29,02:45:00 am,0,104.742,23.32,2024-07-29 02:45:00
2024-07-29,03:00:00 am,0,104.725,23.292,2024-07-29 03:00:00
2024-07-29,03:15:00 am,0,104.709,23.263,2024-07-29 03:15:00
2024-07-29,03:30:00 am,0,104.683,23.234,2024-07-29 03:30:00
2024-07-29,03:45:00 am,0,104.661,23.207,2024-07-29 03:45:00
2024-07-29,04:00:00 am,0,104.636,23.176,2024-07-29 04:00:00
2024-07-29,04:15:00 am,0,104.625,23.144,2024-07-29 04:15:00
2024-07-29,04:30:00 am,0,104.614,23.117,2024-07-29 04:30:00
2024-07-29,04:45:00 am,0,104.607,23.087,2024-07-29 04:45:00
2024-07-29,05:00:00 am,0,104.599,23.057,2024-07-29 05:00:00
2024-07-29,05:15:00 am,0,104.588,23.023,2024-07-29 05:15:00
2024-07-29,05:30:00 am,0,104.581,22.995,2024-07-29 05:30:00
2024-07-29,05:45:00 am,0,104.566,22.963,2024-07-29 05:45:00
2024-07-29,06:00:00 am,0,104.557,22.934,2024-07-29 06:00:00
2024-07-29,06:15:00 am,0,104.548,22.905,2024-07-29 06:15:00
2024-07-29,06:30:00 am,0,104.532,22.875,2024-07-29 06:30:00
2024-07-29,06:45:00 am,0,104.527,22.847,2024-07-29 06:45:00
2024-07-29,07:00:00 am,0,104.52,22.822,2024-07-29 07:00:00
2024-07-29,07:15:00 am,0,104.516,22.8,2024-07-29 07:15:00
2024-07-29,07:30:00 am,0,104.512,22.782,2024-07-29 07:30:00
2024-07-29,07:45:00 am,0,104.509,22.767,2024-07-29 07:45:00
2024-07-29,08:00:00 am,0,104.505,22.757,2024-07-29 08:00:00
2024-07-29,08:15:00 am,0,104.501,22.749,2024-07-29 08:15:00
2024-07-29,08:30:00 am,0,104.496,22.744,2024-07-29 08:30:00
2024-07-29,08:45:00 am,0,104.494,22.741,2024-07-29 08:45:00
2024-07-29,09:00:00 am,0,104.49,22.743,2024-07-29 09:00:00
2024-07-29,09:15:00 am,0,104.492,22.749,2024-07-29 09:15:00
2024-07-29,09:30:00 am,0,104.487,22.761,2024-07-29 09:30:00
2024-07-29,09:45:00 am,0,104.484,22.775,2024-07-29 09:45:00
2024-07-29,10:00:00 am,0,104.478,22.795,2024-07-29 10:00:00
2024-07-29,10:15:00 am,0,104.47,22.821,2024-07-29 10:15:00
2024-07-29,10:30:00 am,0,104.473,22.855,2024-07-29 10:30:00
2024-07-29,10:45:00 am,0,104.469,22.89,2024-07-29 10:45:00
2024-07-29,11:00:00 am,0,104.462,22.935,2024-07-29 11:00:00
2024-07-29,11:15:00 am,0,104.464,22.983,2024-07-29 11:15:00
2024-07-29,11:30:00 am,0,104.457,23.03,2024-07-29 11:30:00
2024-07-29,11:45:00 am,0,104.449,23.078,2024-07-29 11:45:00
2024-07-29,12:00:00 pm,0,104.442,23.133,2024-07-29 12:00:00
2024-07-29,12:15:00 pm,0,104.418,23.205,2024-07-29 12:15:00
2024-07-29,12:30:00 pm,0,104.384,23.29,2024-07-29 12:30:00
2024-07-29,12:45:00 pm,0,104.362,23.378,2024-07-29 12:45:00
2024-07-29,01:00:00 pm,0,104.337,23.457,2024-07-29 01:00:00
2024-07-29,01:15:00 pm,0,104.28,23.535,2024-07-29 01:15:00
2024-07-29,01:30:00 pm,0,104.221,23.631,2024-07-29 01:30:00
2024-07-29,01:45:00 pm,0,104.186,23.715,2024-07-29 01:45:00
2024-07-29,02:00:00 pm,0,104.15,23.81,2024-07-29 02:00:00
2024-07-29,02:15:00 pm,0,104.158,23.873,2024-07-29 02:15:00
2024-07-29,02:30:00 pm,0,104.131,23.912,2024-07-29 02:30:00
2024-07-29,02:45:00 pm,0,104.084,23.956,2024-07-29 02:45:00
2024-07-29,03:00:00 pm,0,104.038,23.995,2024-07-29 03:00:00
2024-07-29,03:15:00 pm,0,104.011,24.033,2024-07-29 03:15:00
2024-07-29,03:30:00 pm,0,103.959,24.074,2024-07-29 03:30:00
2024-07-29,03:45:00 pm,0,103.949,24.113,2024-07-29 03:45:00
2024-07-29,04:00:00 pm,0,103.953,24.157,2024-07-29 04:00:00
2024-07-29,04:15:00 pm,0,103.933,24.2,2024-07-29 04:15:00
2024-07-29,04:30:00 pm,0,103.934,24.232,2024-07-29 04:30:00
2024-07-29,04:45:00 pm,0,103.951,24.261,2024-07-29 04:45:00
2024-07-29,05:00:00 pm,0,103.965,24.282,2024-07-29 05:00:00
2024-07-29,05:15:00 pm,0,103.979,24.301,2024-07-29 05:15:00
2024-07-29,05:30:00 pm,0,103.987,24.315,2024-07-29 05:30:00
2024-07-29,05:45:00 pm,0,103.993,24.321,2024-07-29 05:45:00
2024-07-29,06:00:00 pm,0,104.008,24.318,2024-07-29 06:00:00
2024-07-29,06:15:00 pm,0,104.025,24.32,2024-07-29 06:15:00
2024-07-29,06:30:00 pm,0,104.028,24.336,2024-07-29 06:30:00
2024-07-29,06:45:00 pm,0,104.059,24.365,2024-07-29 06:45:00
2024-07-29,07:00:00 pm,0,104.12,24.4,2024-07-29 07:00:00
2024-07-29,07:15:00 pm,0,104.136,24.445,2024-07-29 07:15:00
2024-07-29,07:30:00 pm,0,104.133,24.471,2024-07-29 07:30:00
2024-07-29,07:45:00 pm,0,104.152,24.482,2024-07-29 07:45:00
2024-07-29,08:00:00 pm,0,104.173,24.472,2024-07-29 08:00:00
2024-07-29,08:15:00 pm,0,104.206,24.454,2024-07-29 08:15:00
2024-07-29,08:30:00 pm,0,104.273,24.428,2024-07-29 08:30:00
2024-07-29,08:45:00 pm,0,104.348,24.405,2024-07-29 08:45:00
2024-07-29,09:00:00 pm,0,104.419,24.398,2024-07-29 09:00:00
2024-07-29,09:15:00 pm,0,104.474,24.395,2024-07-29 09:15:00
2024-07-29,09:30:00 pm,0,104.515,24.409,2024-07-29 09:30:00
2024-07-29,09:45:00 pm,0,104.541,24.427,2024-07-29 09:45:00
2024-07-29,10:00:00 pm,0,104.574,24.439,2024-07-29 10:00:00
2024-07-29,10:15:00 pm,0,104.599,24.432,2024-07-29 10:15:00
2024-07-29,10:30:00 pm,0,104.624,24.414,2024-07-29 10:30:00
2024-07-29,10:45:00 pm,0,104.654,24.387,2024-07-29 10:45:00
2024-07-29,11:00:00 pm,0,104.709,24.353,2024-07-29 11:00:00
2024-07-29,11:15:00 pm,0,104.773,24.318,2024-07-29 11:15:00
2024-07-29,11:30:00 pm,0,104.796,24.278,2024-07-29 11:30:00
2024-07-29,11:45:00 pm,0,104.845,24.232,2024-07-29 11:45:00
2024-07-30,12:00:00 am,0,104.885,24.197,2024-07-30 12:00:00
2024-07-30,12:15:00 am,0,104.892,24.168,2024-07-30 12:15:00
2024-07-30,12:30:00 am,0,104.889,24.132,2024-07-30 12:30:00
2024-07-30,12:45:00 am,0,104.869,24.094,2024-07-30 12:45:00
2024-07-30,01:00:00 am,0,104.849,24.059,2024-07-30 01:00:00
2024-07-30,01:15:00 am,0,104.822,24.03,2024-07-30 01:15:00
2024-07-30,01:30:00 am,0,104.791,24.002,2024-07-30 01:30:00
2024-07-30,01:45:00 am,0,104.758,23.972,2024-07-30 01:45:00
2024-07-30,02:00:00 am,0,104.703,23.94,2024-07-30 02:00:00
2024-07-30,02:15:00 am,0,104.669,23.903,2024-07-30 02:15:00
2024-07-30,02:30:00 am,0,104.637,23.871,2024-07-30 02:30:00
2024-07-30,02:45:00 am,0,104.599,23.837,2024-07-30 02:45:00
2024-07-30,03:00:00 am,0,104.576,23.805,2024-07-30 03:00:00
2024-07-30,03:15:00 am,0,104.547,23.771,2024-07-30 03:15:00
2024-07-30,03:30:00 am,0,104.527,23.74,2024-07-30 03:30:00
2024-07-30,03:45:00 am,0,104.505,23.709,2024-07-30 03:45:00
2024-07-30,04:00:00 am,0,104.497,23.674,2024-07-30 04:00:00
2024-07-30,04:15:00 am,0,104.479,23.643,2024-07-30 04:15:00
2024-07-30,04:30:00 am,0,104.475,23.608,2024-07-30 04:30:00
2024-07-30,04:45:00 am,0,104.467,23.576,2024-07-30 04:45:00
2024-07-30,05:00:00 am,0,104.463,23.544,2024-07-30 05:00:00
2024-07-30,05:15:00 am,0,104.455,23.513,2024-07-30 05:15:00
2024-07-30,05:30:00 am,0,104.439,23.48,2024-07-30 05:30:00
2024-07-30,05:45:00 am,0,104.432,23.45,2024-07-30 05:45:00
2024-07-30,06:00:00 am,0,104.426,23.418,2024-07-30 06:00:00
2024-07-30,06:15:00 am,0,104.429,23.387,2024-07-30 06:15:00
2024-07-30,06:30:00 am,0,104.423,23.354,2024-07-30 06:30:00
2024-07-30,06:45:00 am,0,104.427,23.326,2024-07-30 06:45:00
2024-07-30,07:00:00 am,0,104.433,23.295,2024-07-30 07:00:00
2024-07-30,07:15:00 am,0,104.419,23.27,2024-07-30 07:15:00
2024-07-30,07:30:00 am,0,104.414,23.246,2024-07-30 07:30:00
2024-07-30,07:45:00 am,0,104.414,23.224,2024-07-30 07:45:00
2024-07-30,08:00:00 am,0,104.422,23.209,2024-07-30 08:00:00
2024-07-30,08:15:00 am,0,104.431,23.199,2024-07-30 08:15:00
2024-07-30,08:30:00 am,0,104.436,23.189,2024-07-30 08:30:00
2024-07-30,08:45:00 am,0,104.434,23.184,2024-07-30 08:45:00
2024-07-30,09:00:00 am,0,104.432,23.183,2024-07-30 09:00:00
2024-07-30,09:15:00 am,0,104.428,23.185,2024-07-30 09:15:00
2024-07-30,09:30:00 am,0,104.426,23.189,2024-07-30 09:30:00
2024-07-30,09:45:00 am,0,104.423,23.198,2024-07-30 09:45:00
2024-07-30,10:00:00 am,0,104.426,23.22,2024-07-30 10:00:00
2024-07-30,10:15:00 am,0,104.429,23.243,2024-07-30 10:15:00
2024-07-30,10:30:00 am,0,104.422,23.278,2024-07-30 10:30:00
2024-07-30,10:45:00 am,0,104.407,23.309,2024-07-30 10:45:00
2024-07-30,11:00:00 am,0,104.395,23.352,2024-07-30 11:00:00
2024-07-30,11:15:00 am,0,104.386,23.398,2024-07-30 11:15:00
2024-07-30,11:30:00 am,0,104.372,23.449,2024-07-30 11:30:00
2024-07-30,11:45:00 am,0,104.346,23.51,2024-07-30 11:45:00
2024-07-30,12:00:00 pm,0,104.333,23.584,2024-07-30 12:00:00
2024-07-30,12:15:00 pm,0,104.313,23.664,2024-07-30 12:15:00
2024-07-30,12:30:00 pm,0,104.302,23.752,2024-07-30 12:30:00
2024-07-30,12:45:00 pm,0,104.26,23.854,2024-07-30 12:45:00
2024-07-30,01:00:00 pm,0,104.238,23.957,2024-07-30 01:00:00
2024-07-30,01:15:00 pm,0,104.201,24.052,2024-07-30 01:15:00
2024-07-30,01:30:00 pm,0,104.166,24.146,2024-07-30 01:30:00
2024-07-30,01:45:00 pm,0,104.145,24.247,2024-07-30 01:45:00
2024-07-30,02:00:00 pm,0,104.125,24.358,2024-07-30 02:00:00
2024-07-30,02:15:00 pm,0,104.015,24.475,2024-07-30 02:15:00
2024-07-30,02:30:00 pm,0,104.01,24.573,2024-07-30 02:30:00
2024-07-30,02:45:00 pm,0,103.961,24.65,2024-07-30 02:45:00
2024-07-30,03:00:00 pm,0,103.955,24.73,2024-07-30 03:00:00
2024-07-30,03:15:00 pm,0,103.931,24.806,2024-07-30 03:15:00
2024-07-30,03:30:00 pm,0,103.913,24.871,2024-07-30 03:30:00
2024-07-30,03:45:00 pm,0,103.901,24.92,2024-07-30 03:45:00
2024-07-30,04:00:00 pm,0,103.899,24.968,2024-07-30 04:00:00
2024-07-30,04:15:00 pm,0,103.893,25.014,2024-07-30 04:15:00
2024-07-30,04:30:00 pm,0,103.884,25.048,2024-07-30 04:30:00
2024-07-30,04:45:00 pm,0,103.752,25.075,2024-07-30 04:45:00
2024-07-30,05:00:00 pm,0,103.747,25.104,2024-07-30 05:00:00
2024-07-30,05:15:00 pm,0,103.735,25.135,2024-07-30 05:15:00
2024-07-30,05:30:00 pm,0,103.742,25.159,2024-07-30 05:30:00
2024-07-30,05:45:00 pm,0,103.741,25.178,2024-07-30 05:45:00
2024-07-30,06:00:00 pm,0,103.741,25.196,2024-07-30 06:00:00
2024-07-30,06:15:00 pm,0,103.717,25.208,2024-07-30 06:15:00
2024-07-30,06:30:00 pm,0,103.71,25.216,2024-07-30 06:30:00
2024-07-30,06:45:00 pm,0,103.69,25.224,2024-07-30 06:45:00
2024-07-30,07:00:00 pm,0,103.683,25.231,2024-07-30 07:00:00
2024-07-30,07:15:00 pm,0,103.684,25.233,2024-07-30 07:15:00
2024-07-30,07:30:00 pm,0,103.682,25.23,2024-07-30 07:30:00
2024-07-30,07:45:00 pm,0,103.686,25.229,2024-07-30 07:45:00
2024-07-30,08:00:00 pm,0,103.686,25.222,2024-07-30 08:00:00
2024-07-30,08:15:00 pm,0,103.684,25.21,2024-07-30 08:15:00
2024-07-30,08:30:00 pm,0,103.684,25.196,2024-07-30 08:30:00
2024-07-30,08:45:00 pm,0,103.676,25.179,2024-07-30 08:45:00
2024-07-30,09:00:00 pm,0,103.673,25.154,2024-07-30 09:00:00
2024-07-30,09:15:00 pm,0,103.678,25.127,2024-07-30 09:15:00
2024-07-30,09:30:00 pm,0,103.687,25.098,2024-07-30 09:30:00
2024-07-30,09:45:00 pm,0,103.686,25.065,2024-07-30 09:45:00
2024-07-30,10:00:00 pm,0,103.681,25.032,2024-07-30 10:00:00
2024-07-30,10:15:00 pm,0,103.674,24.998,2024-07-30 10:15:00
2024-07-30,10:30:00 pm,0,103.66,24.968,2024-07-30 10:30:00
2024-07-30,10:45:00 pm,0,103.659,24.934,2024-07-30 10:45:00
2024-07-30,11:00:00 pm,0,103.658,24.903,2024-07-30 11:00:00
2024-07-30,11:15:00 pm,0,103.654,24.868,2024-07-30 11:15:00
2024-07-30,11:30:00 pm,0,103.658,24.839,2024-07-30 11:30:00
2024-07-30,11:45:00 pm,0,103.666,24.805,2024-07-30 11:45:00
2024-07-31,12:00:00 am,0,103.669,24.773,2024-07-31 12:00:00
2024-07-31,12:15:00 am,0,103.657,24.745,2024-07-31 12:15:00
2024-07-31,12:30:00 am,0,103.65,24.711,2024-07-31 12:30:00
2024-07-31,12:45:00 am,0,103.639,24.681,2024-07-31 12:45:00
2024-07-31,01:00:00 am,0,103.634,24.647,2024-07-31 01:00:00
2024-07-31,01:15:00 am,0,103.62,24.618,2024-07-31 01:15:00
2024-07-31,01:30:00 am,0,103.625,24.589,2024-07-31 01:30:00
2024-07-31,01:45:00 am,0,103.626,24.559,2024-07-31 01:45:00
2024-07-31,02:00:00 am,0,103.621,24.528,2024-07-31 02:00:00
2024-07-31,02:15:00 am,0,103.613,24.496,2024-07-31 02:15:00
2024-07-31,02:30:00 am,0,103.608,24.465,2024-07-31 02:30:00
2024-07-31,02:45:00 am,0,103.602,24.438,2024-07-31 02:45:00
2024-07-31,03:00:00 am,0,103.602,24.407,2024-07-31 03:00:00
2024-07-31,03:15:00 am,0,103.591,24.379,2024-07-31 03:15:00
2024-07-31,03:30:00 am,0,103.582,24.346,2024-07-31 03:30:00
2024-07-31,03:45:00 am,0,103.572,24.317,2024-07-31 03:45:00
2024-07-31,04:00:00 am,0,103.569,24.286,2024-07-31 04:00:00
2024-07-31,04:15:00 am,0,103.577,24.255,2024-07-31 04:15:00
2024-07-31,04:30:00 am,0,103.577,24.224,2024-07-31 04:30:00
2024-07-31,04:45:00 am,0,103.587,24.191,2024-07-31 04:45:00
2024-07-31,05:00:00 am,0,103.586,24.163,2024-07-31 05:00:00
2024-07-31,05:15:00 am,0,103.587,24.131,2024-07-31 05:15:00
2024-07-31,05:30:00 am,0,103.594,24.1,2024-07-31 05:30:00
2024-07-31,05:45:00 am,0,103.604,24.068,2024-07-31 05:45:00
2024-07-31,06:00:00 am,0,103.623,24.035,2024-07-31 06:00:00
2024-07-31,06:15:00 am,0,103.638,24.003,2024-07-31 06:15:00
2024-07-31,06:30:00 am,0,103.663,23.97,2024-07-31 06:30:00
2024-07-31,06:45:00 am,0,103.686,23.942,2024-07-31 06:45:00
2024-07-31,07:00:00 am,0,103.696,23.913,2024-07-31 07:00:00
2024-07-31,07:15:00 am,0,103.704,23.889,2024-07-31 07:15:00
2024-07-31,07:30:00 am,0,103.714,23.865,2024-07-31 07:30:00
2024-07-31,07:45:00 am,0,103.72,23.847,2024-07-31 07:45:00
2024-07-31,08:00:00 am,0,103.724,23.831,2024-07-31 08:00:00
2024-07-31,08:15:00 am,0,103.729,23.818,2024-07-31 08:15:00
2024-07-31,08:30:00 am,0,103.734,23.805,2024-07-31 08:30:00
2024-07-31,08:45:00 am,0,103.741,23.798,2024-07-31 08:45:00
2024-07-31,09:00:00 am,0,103.751,23.794,2024-07-31 09:00:00
2024-07-31,09:15:00 am,0,103.767,23.791,2024-07-31 09:15:00
2024-07-31,09:30:00 am,0,103.785,23.792,2024-07-31 09:30:00
2024-07-31,09:45:00 am,0,103.802,23.792,2024-07-31 09:45:00
2024-07-31,10:00:00 am,0,103.813,23.799,2024-07-31 10:00:00
2024-07-31,10:15:00 am,0,103.83,23.81,2024-07-31 10:15:00
2024-07-31,10:30:00 am,0,103.843,23.827,2024-07-31 10:30:00
2024-07-31,10:45:00 am,0,103.856,23.852,2024-07-31 10:45:00
2024-07-31,11:00:00 am,0,103.869,23.88,2024-07-31 11:00:00
2024-07-31,11:15:00 am,0,103.872,23.907,2024-07-31 11:15:00
2024-07-31,11:30:00 am,0,103.873,23.939,2024-07-31 11:30:00
2024-07-31,11:45:00 am,0,103.873,23.972,2024-07-31 11:45:00
2024-07-31,12:00:00 pm,0,103.865,24.007,2024-07-31 12:00:00
2024-07-31,12:15:00 pm,0,103.854,24.043,2024-07-31 12:15:00
2024-07-31,12:30:00 pm,0,103.845,24.1,2024-07-31 12:30:00
2024-07-31,12:45:00 pm,0,103.838,24.155,2024-07-31 12:45:00
2024-07-31,01:00:00 pm,0,103.827,24.219,2024-07-31 01:00:00
2024-07-31,01:15:00 pm,0,103.81,24.287,2024-07-31 01:15:00
2024-07-31,01:30:00 pm,0,103.79,24.348,2024-07-31 01:30:00
2024-07-31,01:45:00 pm,0,103.789,24.437,2024-07-31 01:45:00
2024-07-31,02:00:00 pm,0,103.785,24.543,2024-07-31 02:00:00
2024-07-31,02:15:00 pm,0,103.779,24.648,2024-07-31 02:15:00
2024-07-31,02:30:00 pm,0,103.775,24.726,2024-07-31 02:30:00
2024-07-31,02:45:00 pm,0,103.761,24.756,2024-07-31 02:45:00
2024-07-31,03:00:00 pm,0,103.735,24.791,2024-07-31 03:00:00
2024-07-31,03:15:00 pm,0,103.7,24.828,2024-07-31 03:15:00
2024-07-31,03:30:00 pm,0,103.603,24.876,2024-07-31 03:30:00
2024-07-31,03:45:00 pm,0,103.582,24.925,2024-07-31 03:45:00
2024-07-31,04:00:00 pm,0,103.569,24.977,2024-07-31 04:00:00
2024-07-31,04:15:00 pm,0,103.557,25.032,2024-07-31 04:15:00
2024-07-31,04:30:00 pm,0,103.564,25.078,2024-07-31 04:30:00
2024-07-31,04:45:00 pm,0,103.556,25.111,2024-07-31 04:45:00
2024-07-31,05:00:00 pm,0,103.549,25.133,2024-07-31 05:00:00
2024-07-31,05:15:00 pm,0,103.548,25.148,2024-07-31 05:15:00
2024-07-31,05:30:00 pm,0,103.541,25.152,2024-07-31 05:30:00
2024-07-31,05:45:00 pm,0,103.548,25.153,2024-07-31 05:45:00
2024-07-31,06:00:00 pm,0,103.554,25.156,2024-07-31 06:00:00
2024-07-31,06:15:00 pm,0,103.554,25.16,2024-07-31 06:15:00
2024-07-31,06:30:00 pm,0,103.542,25.166,2024-07-31 06:30:00
2024-07-31,06:45:00 pm,0,103.533,25.169,2024-07-31 06:45:00
2024-07-31,07:00:00 pm,0,103.548,25.175,2024-07-31 07:00:00
2024-07-31,07:15:00 pm,0,103.551,25.174,2024-07-31 07:15:00
2024-07-31,07:30:00 pm,0,103.558,25.169,2024-07-31 07:30:00
2024-07-31,07:45:00 pm,0,103.553,25.158,2024-07-31 07:45:00
2024-07-31,08:00:00 pm,0,103.547,25.143,2024-07-31 08:00:00
2024-07-31,08:15:00 pm,0,103.564,25.128,2024-07-31 08:15:00
2024-07-31,08:30:00 pm,0,103.575,25.109,2024-07-31 08:30:00
2024-07-31,08:45:00 pm,0,103.571,25.09,2024-07-31 08:45:00
2024-07-31,09:00:00 pm,0,103.578,25.07,2024-07-31 09:00:00
2024-07-31,09:15:00 pm,0,103.58,25.051,2024-07-31 09:15:00
2024-07-31,09:30:00 pm,0,103.577,25.03,2024-07-31 09:30:00
2024-07-31,09:45:00 pm,0,103.583,25.009,2024-07-31 09:45:00
2024-07-31,10:00:00 pm,0,103.583,24.988,2024-07-31 10:00:00
2024-07-31,10:15:00 pm,0,103.582,24.968,2024-07-31 10:15:00
2024-07-31,10:30:00 pm,0,103.577,24.947,2024-07-31 10:30:00
2024-07-31,10:45:00 pm,0,103.575,24.926,2024-07-31 10:45:00
2024-07-31,11:00:00 pm,0,103.574,24.9,2024-07-31 11:00:00
2024-07-31,11:15:00 pm,0,103.576,24.877,2024-07-31 11:15:00
2024-07-31,11:30:00 pm,0,103.582,24.85,2024-07-31 11:30:00
2024-07-31,11:45:00 pm,0,103.581,24.823,2024-07-31 11:45:00
2024-08-01,12:00:00 am,0,103.581,24.793,2024-08-01 12:00:00
2024-08-01,12:15:00 am,0,103.579,24.761,2024-08-01 12:15:00
2024-08-01,12:30:00 am,0,103.572,24.73,2024-08-01 12:30:00
2024-08-01,12:45:00 am,0,103.567,24.69,2024-08-01 12:45:00
2024-08-01,01:00:00 am,0,103.559,24.658,2024-08-01 01:00:00
2024-08-01,01:15:00 am,0,103.55,24.623,2024-08-01 01:15:00
2024-08-01,01:30:00 am,0,103.537,24.586,2024-08-01 01:30:00
2024-08-01,01:45:00 am,0,103.526,24.55,2024-08-01 01:45:00
2024-08-01,02:00:00 am,0,103.516,24.515,2024-08-01 02:00:00
2024-08-01,02:15:00 am,0,103.509,24.477,2024-08-01 02:15:00
2024-08-01,02:30:00 am,0,103.503,24.441,2024-08-01 02:30:00
2024-08-01,02:45:00 am,0,103.495,24.406,2024-08-01 02:45:00
2024-08-01,03:00:00 am,0,103.487,24.371,2024-08-01 03:00:00
2024-08-01,03:15:00 am,0,103.491,24.336,2024-08-01 03:15:00
2024-08-01,03:30:00 am,0,103.493,24.299,2024-08-01 03:30:00
2024-08-01,03:45:00 am,0,103.49,24.268,2024-08-01 03:45:00
2024-08-01,04:00:00 am,0,103.495,24.236,2024-08-01 04:00:00
2024-08-01,04:15:00 am,0,103.505,24.205,2024-08-01 04:15:00
2024-08-01,04:30:00 am,0,103.521,24.173,2024-08-01 04:30:00
2024-08-01,04:45:00 am,0,103.535,24.139,2024-08-01 04:45:00
2024-08-01,05:00:00 am,0,103.549,24.111,2024-08-01 05:00:00
2024-08-01,05:15:00 am,0,103.567,24.078,2024-08-01 05:15:00
2024-08-01,05:30:00 am,0,103.577,24.047,2024-08-01 05:30:00
2024-08-01,05:45:00 am,0,103.579,24.016,2024-08-01 05:45:00
2024-08-01,06:00:00 am,0,103.591,23.985,2024-08-01 06:00:00
2024-08-01,06:15:00 am,0,103.596,23.957,2024-08-01 06:15:00
2024-08-01,06:30:00 am,0,103.61,23.927,2024-08-01 06:30:00
2024-08-01,06:45:00 am,0,103.626,23.901,2024-08-01 06:45:00
2024-08-01,07:00:00 am,0,103.665,23.875,2024-08-01 07:00:00
2024-08-01,07:15:00 am,0,103.688,23.854,2024-08-01 07:15:00
2024-08-01,07:30:00 am,0,103.707,23.835,2024-08-01 07:30:00
2024-08-01,07:45:00 am,0,103.736,23.821,2024-08-01 07:45:00
2024-08-01,08:00:00 am,0,103.756,23.81,2024-08-01 08:00:00
2024-08-01,08:15:00 am,0,103.759,23.802,2024-08-01 08:15:00
2024-08-01,08:30:00 am,0,103.759,23.795,2024-08-01 08:30:00
2024-08-01,08:45:00 am,0,103.768,23.792,2024-08-01 08:45:00
2024-08-01,09:00:00 am,0,103.776,23.795,2024-08-01 09:00:00
2024-08-01,09:15:00 am,0,103.78,23.8,2024-08-01 09:15:00
2024-08-01,09:30:00 am,0,103.787,23.807,2024-08-01 09:30:00
2024-08-01,09:45:00 am,0,103.796,23.824,2024-08-01 09:45:00
2024-08-01,10:00:00 am,0,103.802,23.837,2024-08-01 10:00:00
2024-08-01,10:15:00 am,0,103.816,23.859,2024-08-01 10:15:00
2024-08-01,10:30:00 am,0,103.829,23.888,2024-08-01 10:30:00
2024-08-01,10:45:00 am,0,103.844,23.917,2024-08-01 10:45:00
2024-08-01,11:00:00 am,0,103.85,23.94,2024-08-01 11:00:00
2024-08-01,11:15:00 am,0,103.849,23.968,2024-08-01 11:15:00
2024-08-01,11:30:00 am,0,103.847,24.009,2024-08-01 11:30:00
2024-08-01,11:45:00 am,0,103.835,24.046,2024-08-01 11:45:00
2024-08-01,12:00:00 pm,0,103.823,24.087,2024-08-01 12:00:00
2024-08-01,12:15:00 pm,0,103.808,24.134,2024-08-01 12:15:00
2024-08-01,12:30:00 pm,0,103.813,24.188,2024-08-01 12:30:00
2024-08-01,12:45:00 pm,0,103.815,24.239,2024-08-01 12:45:00
2024-08-01,01:00:00 pm,0,103.806,24.289,2024-08-01 01:00:00
2024-08-01,01:15:00 pm,0,103.806,24.331,2024-08-01 01:15:00
2024-08-01,01:30:00 pm,0,103.789,24.373,2024-08-01 01:30:00
2024-08-01,01:45:00 pm,0,103.772,24.423,2024-08-01 01:45:00
2024-08-01,02:00:00 pm,0,103.76,24.489,2024-08-01 02:00:00
2024-08-01,02:15:00 pm,0,103.74,24.585,2024-08-01 02:15:00
2024-08-01,02:30:00 pm,0,103.649,24.685,2024-08-01 02:30:00
2024-08-01,02:45:00 pm,0,103.638,24.752,2024-08-01 02:45:00
2024-08-01,03:00:00 pm,0,103.597,24.818,2024-08-01 03:00:00
2024-08-01,03:15:00 pm,0,103.584,24.891,2024-08-01 03:15:00
2024-08-01,03:30:00 pm,0,103.58,24.949,2024-08-01 03:30:00
2024-08-01,03:45:00 pm,0,103.572,24.989,2024-08-01 03:45:00
2024-08-01,04:00:00 pm,0,103.588,25.013,2024-08-01 04:00:00
2024-08-01,04:15:00 pm,0,103.593,25.047,2024-08-01 04:15:00
2024-08-01,04:30:00 pm,0,103.6,25.082,2024-08-01 04:30:00
2024-08-01,04:45:00 pm,0,103.603,25.119,2024-08-01 04:45:00
2024-08-01,05:00:00 pm,0,103.59,25.153,2024-08-01 05:00:00
2024-08-01,05:15:00 pm,0,103.497,25.188,2024-08-01 05:15:00
2024-08-01,05:30:00 pm,0,103.482,25.212,2024-08-01 05:30:00
2024-08-01,05:45:00 pm,0,103.474,25.228,2024-08-01 05:45:00
2024-08-01,06:00:00 pm,0,103.445,25.238,2024-08-01 06:00:00
2024-08-01,06:15:00 pm,0,103.44,25.246,2024-08-01 06:15:00
2024-08-01,06:30:00 pm,0,103.44,25.249,2024-08-01 06:30:00
2024-08-01,06:45:00 pm,0,103.43,25.249,2024-08-01 06:45:00
2024-08-01,07:00:00 pm,0,103.433,25.249,2024-08-01 07:00:00
2024-08-01,07:15:00 pm,0,103.438,25.247,2024-08-01 07:15:00
2024-08-01,07:30:00 pm,0,103.449,25.242,2024-08-01 07:30:00
2024-08-01,07:45:00 pm,0,103.458,25.234,2024-08-01 07:45:00
2024-08-01,08:00:00 pm,0,103.458,25.223,2024-08-01 08:00:00
2024-08-01,08:15:00 pm,0,103.464,25.209,2024-08-01 08:15:00
2024-08-01,08:30:00 pm,0,103.467,25.193,2024-08-01 08:30:00
2024-08-01,08:45:00 pm,0,103.466,25.178,2024-08-01 08:45:00
2024-08-01,09:00:00 pm,0,103.472,25.159,2024-08-01 09:00:00
2024-08-01,09:15:00 pm,0,103.476,25.137,2024-08-01 09:15:00
2024-08-01,09:30:00 pm,0,103.476,25.113,2024-08-01 09:30:00
2024-08-01,09:45:00 pm,0,103.476,25.089,2024-08-01 09:45:00
2024-08-01,10:00:00 pm,0,103.479,25.064,2024-08-01 10:00:00
2024-08-01,10:15:00 pm,0,103.471,25.038,2024-08-01 10:15:00
2024-08-01,10:30:00 pm,0,103.465,25.013,2024-08-01 10:30:00
2024-08-01,10:45:00 pm,0,103.46,24.983,2024-08-01 10:45:00
2024-08-01,11:00:00 pm,0,103.45,24.956,2024-08-01 11:00:00
2024-08-01,11:15:00 pm,0,103.439,24.926,2024-08-01 11:15:00
2024-08-01,11:30:00 pm,0,103.436,24.895,2024-08-01 11:30:00
2024-08-01,11:45:00 pm,0,103.426,24.863,2024-08-01 11:45:00
2024-08-02,12:00:00 am,0,103.421,24.826,2024-08-02 12:00:00
2024-08-02,12:15:00 am,0,103.419,24.79,2024-08-02 12:15:00
2024-08-02,12:30:00 am,0,103.408,24.75,2024-08-02 12:30:00
2024-08-02,12:45:00 am,0,103.4,24.71,2024-08-02 12:45:00
2024-08-02,01:00:00 am,0,103.392,24.665,2024-08-02 01:00:00
2024-08-02,01:15:00 am,0,103.38,24.619,2024-08-02 01:15:00
2024-08-02,01:30:00 am,0,103.369,24.57,2024-08-02 01:30:00
2024-08-02,01:45:00 am,0,103.349,24.519,2024-08-02 01:45:00
2024-08-02,02:00:00 am,0,103.341,24.466,2024-08-02 02:00:00
2024-08-02,02:15:00 am,0,103.326,24.413,2024-08-02 02:15:00
2024-08-02,02:30:00 am,0,103.311,24.36,2024-08-02 02:30:00
2024-08-02,02:45:00 am,0,103.31,24.307,2024-08-02 02:45:00
2024-08-02,03:00:00 am,0,103.299,24.249,2024-08-02 03:00:00
2024-08-02,03:15:00 am,0,103.291,24.191,2024-08-02 03:15:00
2024-08-02,03:30:00 am,0,103.285,24.131,2024-08-02 03:30:00
2024-08-02,03:45:00 am,0,103.282,24.073,2024-08-02 03:45:00
2024-08-02,04:00:00 am,0,103.28,24.016,2024-08-02 04:00:00
2024-08-02,04:15:00 am,0,103.281,23.96,2024-08-02 04:15:00
2024-08-02,04:30:00 am,0,103.286,23.901,2024-08-02 04:30:00
2024-08-02,04:45:00 am,0,103.286,23.842,2024-08-02 04:45:00
2024-08-02,05:00:00 am,0,103.29,23.783,2024-08-02 05:00:00
2024-08-02,05:15:00 am,0,103.298,23.724,2024-08-02 05:15:00
2024-08-02,05:30:00 am,0,103.302,23.668,2024-08-02 05:30:00
2024-08-02,05:45:00 am,0,103.308,23.612,2024-08-02 05:45:00
2024-08-02,06:00:00 am,0,103.344,23.557,2024-08-02 06:00:00
2024-08-02,06:15:00 am,0,103.352,23.501,2024-08-02 06:15:00
2024-08-02,06:30:00 am,0,103.357,23.447,2024-08-02 06:30:00
2024-08-02,06:45:00 am,0,103.364,23.398,2024-08-02 06:45:00
2024-08-02,07:00:00 am,0,103.367,23.347,2024-08-02 07:00:00
2024-08-02,07:15:00 am,0,103.387,23.303,2024-08-02 07:15:00
2024-08-02,07:30:00 am,0,103.39,23.266,2024-08-02 07:30:00
2024-08-02,07:45:00 am,0,103.389,23.235,2024-08-02 07:45:00
2024-08-02,08:00:00 am,0,103.387,23.212,2024-08-02 08:00:00
2024-08-02,08:15:00 am,0,103.39,23.196,2024-08-02 08:15:00
2024-08-02,08:30:00 am,0,103.382,23.185,2024-08-02 08:30:00
2024-08-02,08:45:00 am,0,103.379,23.185,2024-08-02 08:45:00
2024-08-02,09:00:00 am,0,103.381,23.189,2024-08-02 09:00:00
2024-08-02,09:15:00 am,0,103.387,23.199,2024-08-02 09:15:00
2024-08-02,09:30:00 am,0,103.394,23.212,2024-08-02 09:30:00
2024-08-02,09:45:00 am,0,103.397,23.229,2024-08-02 09:45:00
2024-08-02,10:00:00 am,0,103.402,23.25,2024-08-02 10:00:00
2024-08-02,10:15:00 am,0,103.409,23.274,2024-08-02 10:15:00
2024-08-02,10:30:00 am,0,103.405,23.303,2024-08-02 10:30:00
2024-08-02,10:45:00 am,0,103.404,23.34,2024-08-02 10:45:00
2024-08-02,11:00:00 am,0,103.408,23.374,2024-08-02 11:00:00
2024-08-02,11:15:00 am,0,103.407,23.408,2024-08-02 11:15:00
2024-08-02,11:30:00 am,0,103.405,23.452,2024-08-02 11:30:00
2024-08-02,11:45:00 am,0,103.394,23.484,2024-08-02 11:45:00
2024-08-02,12:00:00 pm,0,103.368,23.529,2024-08-02 12:00:00
2024-08-02,12:15:00 pm,0,103.357,23.583,2024-08-02 12:15:00
2024-08-02,12:30:00 pm,0,103.332,23.636,2024-08-02 12:30:00
2024-08-02,12:45:00 pm,0,103.297,23.704,2024-08-02 12:45:00
2024-08-02,01:00:00 pm,0,103.289,23.77,2024-08-02 01:00:00
2024-08-02,01:15:00 pm,0,103.269,23.84,2024-08-02 01:15:00
2024-08-02,01:30:00 pm,0,103.268,23.924,2024-08-02 01:30:00
2024-08-02,01:45:00 pm,0,103.258,23.995,2024-08-02 01:45:00
2024-08-02,02:00:00 pm,0,103.25,24.062,2024-08-02 02:00:00
2024-08-02,02:15:00 pm,0,103.238,24.151,2024-08-02 02:15:00
2024-08-02,02:30:00 pm,0,103.139,24.242,2024-08-02 02:30:00
2024-08-02,02:45:00 pm,0,103.121,24.323,2024-08-02 02:45:00
2024-08-02,03:00:00 pm,0,103.102,24.385,2024-08-02 03:00:00
2024-08-02,03:15:00 pm,0,103.109,24.45,2024-08-02 03:15:00
2024-08-02,03:30:00 pm,0,103.1,24.502,2024-08-02 03:30:00
2024-08-02,03:45:00 pm,0,103.094,24.547,2024-08-02 03:45:00
2024-08-02,04:00:00 pm,0,103.1,24.572,2024-08-02 04:00:00
2024-08-02,04:15:00 pm,0,103.054,24.587,2024-08-02 04:15:00
2024-08-02,04:30:00 pm,0,103.04,24.608,2024-08-02 04:30:00
2024-08-02,04:45:00 pm,0,102.981,24.631,2024-08-02 04:45:00
2024-08-02,05:00:00 pm,0,102.956,24.658,2024-08-02 05:00:00
2024-08-02,05:15:00 pm,0,102.933,24.683,2024-08-02 05:15:00
2024-08-02,05:30:00 pm,0,102.937,24.714,2024-08-02 05:30:00
2024-08-02,05:45:00 pm,0,102.95,24.735,2024-08-02 05:45:00
2024-08-02,06:00:00 pm,0,102.964,24.749,2024-08-02 06:00:00
2024-08-02,06:15:00 pm,0,102.99,24.755,2024-08-02 06:15:00
2024-08-02,06:30:00 pm,0,103.116,24.756,2024-08-02 06:30:00
2024-08-02,06:45:00 pm,0,103.086,24.741,2024-08-02 06:45:00
2024-08-02,07:00:00 pm,0,103.015,24.698,2024-08-02 07:00:00
2024-08-02,07:15:00 pm,0,103.045,24.652,2024-08-02 07:15:00
2024-08-02,07:30:00 pm,0,103.088,24.604,2024-08-02 07:30:00
2024-08-02,07:45:00 pm,0,103.072,24.559,2024-08-02 07:45:00
2024-08-02,08:00:00 pm,0,103.045,24.518,2024-08-02 08:00:00
2024-08-02,08:15:00 pm,0,103.038,24.478,2024-08-02 08:15:00
2024-08-02,08:30:00 pm,0,103.051,24.445,2024-08-02 08:30:00
2024-08-02,08:45:00 pm,0,103.035,24.418,2024-08-02 08:45:00
2024-08-02,09:00:00 pm,0,103.003,24.397,2024-08-02 09:00:00
2024-08-02,09:15:00 pm,0,103.011,24.376,2024-08-02 09:15:00
2024-08-02,09:30:00 pm,0,102.996,24.354,2024-08-02 09:30:00
2024-08-02,09:45:00 pm,0,102.965,24.331,2024-08-02 09:45:00
2024-08-02,10:00:00 pm,0,102.979,24.31,2024-08-02 10:00:00
2024-08-02,10:15:00 pm,0,102.991,24.284,2024-08-02 10:15:00
2024-08-02,10:30:00 pm,0,102.999,24.26,2024-08-02 10:30:00
2024-08-02,10:45:00 pm,0,103.003,24.232,2024-08-02 10:45:00
2024-08-02,11:00:00 pm,0,102.986,24.201,2024-08-02 11:00:00
2024-08-02,11:15:00 pm,0,102.993,24.173,2024-08-02 11:15:00
2024-08-02,11:30:00 pm,0,102.983,24.146,2024-08-02 11:30:00
2024-08-02,11:45:00 pm,0,102.978,24.118,2024-08-02 11:45:00
2024-08-03,12:00:00 am,0,102.979,24.089,2024-08-03 12:00:00
2024-08-03,12:15:00 am,0,102.97,24.06,2024-08-03 12:15:00
2024-08-03,12:30:00 am,0,102.967,24.036,2024-08-03 12:30:00
2024-08-03,12:45:00 am,0,102.96,24.012,2024-08-03 12:45:00
2024-08-03,01:00:00 am,0,102.947,23.983,2024-08-03 01:00:00
2024-08-03,01:15:00 am,0,102.938,23.955,2024-08-03 01:15:00
2024-08-03,01:30:00 am,0,102.934,23.927,2024-08-03 01:30:00
2024-08-03,01:45:00 am,0,102.923,23.899,2024-08-03 01:45:00
2024-08-03,02:00:00 am,0,102.921,23.867,2024-08-03 02:00:00
2024-08-03,02:15:00 am,0,102.909,23.834,2024-08-03 02:15:00
2024-08-03,02:30:00 am,0,102.904,23.8,2024-08-03 02:30:00
2024-08-03,02:45:00 am,0,102.896,23.768,2024-08-03 02:45:00
2024-08-03,03:00:00 am,0,102.888,23.736,2024-08-03 03:00:00
2024-08-03,03:15:00 am,0,102.882,23.699,2024-08-03 03:15:00
2024-08-03,03:30:00 am,0,102.876,23.662,2024-08-03 03:30:00
2024-08-03,03:45:00 am,0,102.869,23.621,2024-08-03 03:45:00
2024-08-03,04:00:00 am,0,102.861,23.582,2024-08-03 04:00:00
2024-08-03,04:15:00 am,0,102.857,23.54,2024-08-03 04:15:00
2024-08-03,04:30:00 am,0,102.865,23.498,2024-08-03 04:30:00
2024-08-03,04:45:00 am,0,102.866,23.458,2024-08-03 04:45:00
2024-08-03,05:00:00 am,0,102.864,23.414,2024-08-03 05:00:00
2024-08-03,05:15:00 am,0,102.857,23.37,2024-08-03 05:15:00
2024-08-03,05:30:00 am,0,102.859,23.323,2024-08-03 05:30:00
2024-08-03,05:45:00 am,0,102.87,23.281,2024-08-03 05:45:00
2024-08-03,06:00:00 am,0,102.873,23.236,2024-08-03 06:00:00
2024-08-03,06:15:00 am,0,102.883,23.19,2024-08-03 06:15:00
2024-08-03,06:30:00 am,0,102.889,23.148,2024-08-03 06:30:00
2024-08-03,06:45:00 am,0,102.888,23.107,2024-08-03 06:45:00
2024-08-03,07:00:00 am,0,102.891,23.066,2024-08-03 07:00:00
2024-08-03,07:15:00 am,0,102.898,23.031,2024-08-03 07:15:00
2024-08-03,07:30:00 am,0,102.918,23.004,2024-08-03 07:30:00
2024-08-03,07:45:00 am,0,102.94,22.985,2024-08-03 07:45:00
2024-08-03,08:00:00 am,0,102.95,22.973,2024-08-03 08:00:00
2024-08-03,08:15:00 am,0,102.961,22.965,2024-08-03 08:15:00
2024-08-03,08:30:00 am,0,102.967,22.961,2024-08-03 08:30:00
2024-08-03,08:45:00 am,0,102.971,22.965,2024-08-03 08:45:00
2024-08-03,09:00:00 am,0,102.977,22.974,2024-08-03 09:00:00
2024-08-03,09:15:00 am,0,102.99,22.991,2024-08-03 09:15:00
2024-08-03,09:30:00 am,0,102.999,23.003,2024-08-03 09:30:00
2024-08-03,09:45:00 am,0,103.014,23.022,2024-08-03 09:45:00
2024-08-03,10:00:00 am,0,103.023,23.038,2024-08-03 10:00:00
2024-08-03,10:15:00 am,0,103.036,23.059,2024-08-03 10:15:00
2024-08-03,10:30:00 am,0,103.047,23.085,2024-08-03 10:30:00
2024-08-03,10:45:00 am,0,103.059,23.114,2024-08-03 10:45:00
2024-08-03,11:00:00 am,0,103.063,23.148,2024-08-03 11:00:00
2024-08-03,11:15:00 am,0,103.064,23.188,2024-08-03 11:15:00
2024-08-03,11:30:00 am,0,103.068,23.233,2024-08-03 11:30:00
2024-08-03,11:45:00 am,0,103.068,23.254,2024-08-03 11:45:00
2024-08-03,12:00:00 pm,0,103.065,23.287,2024-08-03 12:00:00
2024-08-03,12:15:00 pm,0,103.071,23.327,2024-08-03 12:15:00
2024-08-03,12:30:00 pm,0,103.063,23.367,2024-08-03 12:30:00
2024-08-03,12:45:00 pm,0,103.059,23.404,2024-08-03 12:45:00
2024-08-03,01:00:00 pm,0,103.062,23.44,2024-08-03 01:00:00
2024-08-03,01:15:00 pm,0,103.061,23.479,2024-08-03 01:15:00
2024-08-03,01:30:00 pm,0,103.047,23.539,2024-08-03 01:30:00
2024-08-03,01:45:00 pm,0,103.02,23.565,2024-08-03 01:45:00
2024-08-03,02:00:00 pm,0,102.987,23.587,2024-08-03 02:00:00
2024-08-03,02:15:00 pm,0,102.955,23.657,2024-08-03 02:15:00
2024-08-03,02:30:00 pm,0,102.941,23.733,2024-08-03 02:30:00
2024-08-03,02:45:00 pm,0,102.912,23.799,2024-08-03 02:45:00
2024-08-03,03:00:00 pm,0,102.834,23.852,2024-08-03 03:00:00
2024-08-03,03:15:00 pm,0,102.826,23.924,2024-08-03 03:15:00
2024-08-03,03:30:00 pm,0,102.833,23.967,2024-08-03 03:30:00
2024-08-03,03:45:00 pm,0,102.83,24.005,2024-08-03 03:45:00
2024-08-03,04:00:00 pm,0,102.822,24.027,2024-08-03 04:00:00
2024-08-03,04:15:00 pm,0,102.826,24.038,2024-08-03 04:15:00
2024-08-03,04:30:00 pm,0,102.83,24.043,2024-08-03 04:30:00
2024-08-03,04:45:00 pm,0,102.829,24.049,2024-08-03 04:45:00
2024-08-03,05:00:00 pm,0,102.813,24.056,2024-08-03 05:00:00
2024-08-03,05:15:00 pm,0,102.8,24.068,2024-08-03 05:15:00
2024-08-03,05:30:00 pm,0,102.783,24.08,2024-08-03 05:30:00
2024-08-03,05:45:00 pm,0,102.771,24.095,2024-08-03 05:45:00
2024-08-03,06:00:00 pm,0,102.762,24.108,2024-08-03 06:00:00
2024-08-03,06:15:00 pm,0,102.767,24.115,2024-08-03 06:15:00
2024-08-03,06:30:00 pm,0,102.768,24.122,2024-08-03 06:30:00
2024-08-03,06:45:00 pm,0,102.782,24.127,2024-08-03 06:45:00
2024-08-03,07:00:00 pm,0,102.787,24.129,2024-08-03 07:00:00
2024-08-03,07:15:00 pm,0,102.795,24.134,2024-08-03 07:15:00
2024-08-03,07:30:00 pm,0,102.805,24.133,2024-08-03 07:30:00
2024-08-03,07:45:00 pm,0,102.814,24.132,2024-08-03 07:45:00
2024-08-03,08:00:00 pm,0,102.818,24.129,2024-08-03 08:00:00
2024-08-03,08:15:00 pm,0,102.826,24.128,2024-08-03 08:15:00
2024-08-03,08:30:00 pm,0,102.843,24.124,2024-08-03 08:30:00
2024-08-03,08:45:00 pm,0,102.849,24.122,2024-08-03 08:45:00
2024-08-03,09:00:00 pm,0,102.859,24.115,2024-08-03 09:00:00
2024-08-03,09:15:00 pm,0,102.876,24.106,2024-08-03 09:15:00
2024-08-03,09:30:00 pm,0,102.888,24.094,2024-08-03 09:30:00
2024-08-03,09:45:00 pm,0,102.899,24.082,2024-08-03 09:45:00
2024-08-03,10:00:00 pm,0,102.911,24.067,2024-08-03 10:00:00
2024-08-03,10:15:00 pm,0,102.911,24.051,2024-08-03 10:15:00
2024-08-03,10:30:00 pm,0,102.91,24.034,2024-08-03 10:30:00
2024-08-03,10:45:00 pm,0,102.911,24.016,2024-08-03 10:45:00
2024-08-03,11:00:00 pm,0,102.906,23.996,2024-08-03 11:00:00
2024-08-03,11:15:00 pm,0,102.905,23.977,2024-08-03 11:15:00
2024-08-03,11:30:00 pm,0,102.909,23.954,2024-08-03 11:30:00
2024-08-03,11:45:00 pm,0,102.911,23.929,2024-08-03 11:45:00
2024-08-04,12:00:00 am,0,102.92,23.904,2024-08-04 12:00:00
2024-08-04,12:15:00 am,0,102.908,23.88,2024-08-04 12:15:00
2024-08-04,12:30:00 am,0,102.907,23.852,2024-08-04 12:30:00
2024-08-04,12:45:00 am,0,102.906,23.824,2024-08-04 12:45:00
2024-08-04,01:00:00 am,0,102.898,23.797,2024-08-04 01:00:00
2024-08-04,01:15:00 am,0,102.889,23.766,2024-08-04 01:15:00
2024-08-04,01:30:00 am,0,102.885,23.738,2024-08-04 01:30:00
2024-08-04,01:45:00 am,0,102.878,23.704,2024-08-04 01:45:00
2024-08-04,02:00:00 am,0,102.881,23.674,2024-08-04 02:00:00
2024-08-04,02:15:00 am,0,102.872,23.64,2024-08-04 02:15:00
2024-08-04,02:30:00 am,0,102.863,23.607,2024-08-04 02:30:00
2024-08-04,02:45:00 am,0,102.853,23.571,2024-08-04 02:45:00
2024-08-04,03:00:00 am,0,102.839,23.537,2024-08-04 03:00:00
2024-08-04,03:15:00 am,0,102.829,23.503,2024-08-04 03:15:00
2024-08-04,03:30:00 am,0,102.827,23.462,2024-08-04 03:30:00
2024-08-04,03:45:00 am,0,102.815,23.421,2024-08-04 03:45:00
2024-08-04,04:00:00 am,0,102.806,23.381,2024-08-04 04:00:00
2024-08-04,04:15:00 am,0,102.821,23.339,2024-08-04 04:15:00
2024-08-04,04:30:00 am,0,102.824,23.3,2024-08-04 04:30:00
2024-08-04,04:45:00 am,0,102.823,23.258,2024-08-04 04:45:00
2024-08-04,05:00:00 am,0,102.833,23.221,2024-08-04 05:00:00
2024-08-04,05:15:00 am,0,102.842,23.178,2024-08-04 05:15:00
2024-08-04,05:30:00 am,0,102.844,23.14,2024-08-04 05:30:00
2024-08-04,05:45:00 am,0,102.843,23.097,2024-08-04 05:45:00
2024-08-04,06:00:00 am,0,102.848,23.056,2024-08-04 06:00:00
2024-08-04,06:15:00 am,0,102.855,23.014,2024-08-04 06:15:00
2024-08-04,06:30:00 am,0,102.863,22.976,2024-08-04 06:30:00
2024-08-04,06:45:00 am,0,102.876,22.933,2024-08-04 06:45:00
2024-08-04,07:00:00 am,0,102.889,22.899,2024-08-04 07:00:00
2024-08-04,07:15:00 am,0,102.892,22.865,2024-08-04 07:15:00
2024-08-04,07:30:00 am,0,102.906,22.835,2024-08-04 07:30:00
2024-08-04,07:45:00 am,0,102.911,22.813,2024-08-04 07:45:00
2024-08-04,08:00:00 am,0,102.933,22.793,2024-08-04 08:00:00
2024-08-04,08:15:00 am,0,102.945,22.784,2024-08-04 08:15:00
2024-08-04,08:30:00 am,0,102.95,22.78,2024-08-04 08:30:00
2024-08-04,08:45:00 am,0,102.953,22.78,2024-08-04 08:45:00
2024-08-04,09:00:00 am,0,102.963,22.788,2024-08-04 09:00:00
2024-08-04,09:15:00 am,0,102.969,22.805,2024-08-04 09:15:00
2024-08-04,09:30:00 am,0,102.973,22.82,2024-08-04 09:30:00
2024-08-04,09:45:00 am,0,102.987,22.839,2024-08-04 09:45:00
2024-08-04,10:00:00 am,0,103.003,22.86,2024-08-04 10:00:00
2024-08-04,10:15:00 am,0,103.016,22.883,2024-08-04 10:15:00
2024-08-04,10:30:00 am,0,103.027,22.917,2024-08-04 10:30:00
2024-08-04,10:45:00 am,0,103.031,22.949,2024-08-04 10:45:00
2024-08-04,11:00:00 am,0,103.033,22.987,2024-08-04 11:00:00
2024-08-04,11:15:00 am,0,103.035,23.026,2024-08-04 11:15:00
2024-08-04,11:30:00 am,0,103.048,23.081,2024-08-04 11:30:00
2024-08-04,11:45:00 am,0,103.056,23.105,2024-08-04 11:45:00
2024-08-04,12:00:00 pm,0,103.054,23.126,2024-08-04 12:00:00
2024-08-04,12:15:00 pm,0,103.059,23.154,2024-08-04 12:15:00
2024-08-04,12:30:00 pm,0,103.054,23.2,2024-08-04 12:30:00
2024-08-04,12:45:00 pm,0,103.058,23.247,2024-08-04 12:45:00
2024-08-04,01:00:00 pm,0,103.052,23.301,2024-08-04 01:00:00
2024-08-04,01:15:00 pm,0,103.052,23.361,2024-08-04 01:15:00
2024-08-04,01:30:00 pm,0,103.05,23.411,2024-08-04 01:30:00
2024-08-04,01:45:00 pm,0,103.038,23.457,2024-08-04 01:45:00
2024-08-04,02:00:00 pm,0,103.044,23.493,2024-08-04 02:00:00
2024-08-04,02:15:00 pm,0,103.021,23.537,2024-08-04 02:15:00
2024-08-04,02:30:00 pm,0,102.936,23.596,2024-08-04 02:30:00
2024-08-04,02:45:00 pm,0,102.94,23.635,2024-08-04 02:45:00
2024-08-04,03:00:00 pm,0,102.929,23.712,2024-08-04 03:00:00
2024-08-04,03:15:00 pm,0,102.924,23.762,2024-08-04 03:15:00
2024-08-04,03:30:00 pm,0,102.918,23.798,2024-08-04 03:30:00
2024-08-04,03:45:00 pm,0,102.914,23.842,2024-08-04 03:45:00
2024-08-04,04:00:00 pm,0,102.917,23.881,2024-08-04 04:00:00
2024-08-04,04:15:00 pm,0,102.918,23.893,2024-08-04 04:15:00
2024-08-04,04:30:00 pm,0,102.912,23.895,2024-08-04 04:30:00
2024-08-04,04:45:00 pm,0,102.912,23.904,2024-08-04 04:45:00
2024-08-04,05:00:00 pm,0,102.909,23.916,2024-08-04 05:00:00
2024-08-04,05:15:00 pm,0,102.887,23.932,2024-08-04 05:15:00
2024-08-04,05:30:00 pm,0,102.886,23.951,2024-08-04 05:30:00
2024-08-04,05:45:00 pm,0,102.893,23.967,2024-08-04 05:45:00
2024-08-04,06:00:00 pm,0,102.895,23.98,2024-08-04 06:00:00
2024-08-04,06:15:00 pm,0,102.801,23.993,2024-08-04 06:15:00
2024-08-04,06:30:00 pm,0,102.82,24,2024-08-04 06:30:00
2024-08-04,06:45:00 pm,0,102.833,24.005,2024-08-04 06:45:00
2024-08-04,07:00:00 pm,0,102.835,24.008,2024-08-04 07:00:00
2024-08-04,07:15:00 pm,0,102.829,24.007,2024-08-04 07:15:00
2024-08-04,07:30:00 pm,0,102.834,24.008,2024-08-04 07:30:00
2024-08-04,07:45:00 pm,0,102.839,24.008,2024-08-04 07:45:00
2024-08-04,08:00:00 pm,0,102.854,24.007,2024-08-04 08:00:00
2024-08-04,08:15:00 pm,0,102.865,24.007,2024-08-04 08:15:00
2024-08-04,08:30:00 pm,0,102.887,24.008,2024-08-04 08:30:00
2024-08-04,08:45:00 pm,0,102.895,24.01,2024-08-04 08:45:00
2024-08-04,09:00:00 pm,0,102.897,24.007,2024-08-04 09:00:00
2024-08-04,09:15:00 pm,0,102.911,24.004,2024-08-04 09:15:00
2024-08-04,09:30:00 pm,0,102.92,24.005,2024-08-04 09:30:00
2024-08-04,09:45:00 pm,0,102.926,24.002,2024-08-04 09:45:00
2024-08-04,10:00:00 pm,0,102.945,24.001,2024-08-04 10:00:00
2024-08-04,10:15:00 pm,0,102.956,23.995,2024-08-04 10:15:00
2024-08-04,10:30:00 pm,0,102.962,23.992,2024-08-04 10:30:00
2024-08-04,10:45:00 pm,0,102.958,23.985,2024-08-04 10:45:00
2024-08-04,11:00:00 pm,0,102.956,23.978,2024-08-04 11:00:00
2024-08-04,11:15:00 pm,0,102.95,23.97,2024-08-04 11:15:00
2024-08-04,11:30:00 pm,0,102.952,23.96,2024-08-04 11:30:00
2024-08-04,11:45:00 pm,0,102.952,23.948,2024-08-04 11:45:00
2024-08-05,12:00:00 am,0,102.954,23.937,2024-08-05 12:00:00
2024-08-05,12:15:00 am,0,102.952,23.925,2024-08-05 12:15:00
2024-08-05,12:30:00 am,0,102.954,23.911,2024-08-05 12:30:00
2024-08-05,12:45:00 am,0,102.946,23.896,2024-08-05 12:45:00
2024-08-05,01:00:00 am,0,102.934,23.879,2024-08-05 01:00:00
2024-08-05,01:15:00 am,0,102.937,23.862,2024-08-05 01:15:00
2024-08-05,01:30:00 am,0,102.932,23.846,2024-08-05 01:30:00
2024-08-05,01:45:00 am,0,102.926,23.826,2024-08-05 01:45:00
2024-08-05,02:00:00 am,0,102.921,23.806,2024-08-05 02:00:00
2024-08-05,02:15:00 am,0,102.917,23.786,2024-08-05 02:15:00
2024-08-05,02:30:00 am,0,102.913,23.762,2024-08-05 02:30:00
2024-08-05,02:45:00 am,0,102.912,23.736,2024-08-05 02:45:00
2024-08-05,03:00:00 am,0,102.908,23.71,2024-08-05 03:00:00
2024-08-05,03:15:00 am,0,102.901,23.682,2024-08-05 03:15:00
2024-08-05,03:30:00 am,0,102.89,23.651,2024-08-05 03:30:00
2024-08-05,03:45:00 am,0,102.888,23.621,2024-08-05 03:45:00
2024-08-05,04:00:00 am,0,102.883,23.591,2024-08-05 04:00:00
2024-08-05,04:15:00 am,0,102.886,23.559,2024-08-05 04:15:00
2024-08-05,04:30:00 am,0,102.891,23.528,2024-08-05 04:30:00
2024-08-05,04:45:00 am,0,102.89,23.494,2024-08-05 04:45:00
2024-08-05,05:00:00 am,0,102.897,23.459,2024-08-05 05:00:00
2024-08-05,05:15:00 am,0,102.908,23.423,2024-08-05 05:15:00
2024-08-05,05:30:00 am,0,102.915,23.388,2024-08-05 05:30:00
2024-08-05,05:45:00 am,0,102.917,23.352,2024-08-05 05:45:00
2024-08-05,06:00:00 am,0,102.932,23.316,2024-08-05 06:00:00
2024-08-05,06:15:00 am,0,102.94,23.277,2024-08-05 06:15:00
2024-08-05,06:30:00 am,0,102.952,23.24,2024-08-05 06:30:00
2024-08-05,06:45:00 am,0,102.962,23.205,2024-08-05 06:45:00
2024-08-05,07:00:00 am,0,102.971,23.17,2024-08-05 07:00:00
2024-08-05,07:15:00 am,0,102.984,23.142,2024-08-05 07:15:00
2024-08-05,07:30:00 am,0,102.989,23.117,2024-08-05 07:30:00
2024-08-05,07:45:00 am,0,102.998,23.094,2024-08-05 07:45:00
2024-08-05,08:00:00 am,0,103.013,23.08,2024-08-05 08:00:00
2024-08-05,08:15:00 am,0,103.03,23.075,2024-08-05 08:15:00
2024-08-05,08:30:00 am,0,103.037,23.068,2024-08-05 08:30:00
2024-08-05,08:45:00 am,0,103.052,23.072,2024-08-05 08:45:00
2024-08-05,09:00:00 am,0,103.064,23.086,2024-08-05 09:00:00
2024-08-05,09:15:00 am,0,103.073,23.104,2024-08-05 09:15:00
2024-08-05,09:30:00 am,0,103.078,23.12,2024-08-05 09:30:00
2024-08-05,09:45:00 am,0,103.089,23.136,2024-08-05 09:45:00
2024-08-05,10:00:00 am,0,103.088,23.158,2024-08-05 10:00:00
2024-08-05,10:15:00 am,0,103.096,23.179,2024-08-05 10:15:00
2024-08-05,10:30:00 am,0,103.102,23.201,2024-08-05 10:30:00
2024-08-05,10:45:00 am,0,103.105,23.226,2024-08-05 10:45:00
2024-08-05,11:00:00 am,0,103.104,23.259,2024-08-05 11:00:00
2024-08-05,11:15:00 am,0,103.111,23.304,2024-08-05 11:15:00
2024-08-05,11:30:00 am,0,103.115,23.35,2024-08-05 11:30:00
2024-08-05,11:45:00 am,0,103.12,23.376,2024-08-05 11:45:00
2024-08-05,12:00:00 pm,0,103.127,23.408,2024-08-05 12:00:00
2024-08-05,12:15:00 pm,0,103.112,23.455,2024-08-05 12:15:00
2024-08-05,12:30:00 pm,0,103.11,23.503,2024-08-05 12:30:00
2024-08-05,12:45:00 pm,0,103.101,23.543,2024-08-05 12:45:00
2024-08-05,01:00:00 pm,0,103.087,23.594,2024-08-05 01:00:00
2024-08-05,01:15:00 pm,0,103.074,23.652,2024-08-05 01:15:00
2024-08-05,01:30:00 pm,0,103.068,23.724,2024-08-05 01:30:00
2024-08-05,01:45:00 pm,0,103.056,23.787,2024-08-05 01:45:00
2024-08-05,02:00:00 pm,0,103.046,23.829,2024-08-05 02:00:00
2024-08-05,02:15:00 pm,0,103.034,23.882,2024-08-05 02:15:00
2024-08-05,02:30:00 pm,0,103.02,23.942,2024-08-05 02:30:00
2024-08-05,02:45:00 pm,0,103.016,24.006,2024-08-05 02:45:00
2024-08-05,03:00:00 pm,0,103.005,24.048,2024-08-05 03:00:00
2024-08-05,03:15:00 pm,0,102.998,24.102,2024-08-05 03:15:00
2024-08-05,03:30:00 pm,0,102.983,24.145,2024-08-05 03:30:00
2024-08-05,03:45:00 pm,0,102.981,24.188,2024-08-05 03:45:00
2024-08-05,04:00:00 pm,0,102.968,24.229,2024-08-05 04:00:00
2024-08-05,04:15:00 pm,0,102.878,24.257,2024-08-05 04:15:00
2024-08-05,04:30:00 pm,0,102.871,24.274,2024-08-05 04:30:00
2024-08-05,04:45:00 pm,0,102.866,24.29,2024-08-05 04:45:00
2024-08-05,05:00:00 pm,0,102.867,24.307,2024-08-05 05:00:00
2024-08-05,05:15:00 pm,0,102.855,24.317,2024-08-05 05:15:00
2024-08-05,05:30:00 pm,0,102.85,24.326,2024-08-05 05:30:00
2024-08-05,05:45:00 pm,0,102.845,24.336,2024-08-05 05:45:00
2024-08-05,06:00:00 pm,0,102.84,24.346,2024-08-05 06:00:00
2024-08-05,06:15:00 pm,0,102.845,24.354,2024-08-05 06:15:00
2024-08-05,06:30:00 pm,0,102.85,24.355,2024-08-05 06:30:00
2024-08-05,06:45:00 pm,0,102.852,24.36,2024-08-05 06:45:00
2024-08-05,07:00:00 pm,0,102.855,24.354,2024-08-05 07:00:00
2024-08-05,07:15:00 pm,0,102.856,24.343,2024-08-05 07:15:00
2024-08-05,07:30:00 pm,0,102.862,24.335,2024-08-05 07:30:00
2024-08-05,07:45:00 pm,0,102.864,24.327,2024-08-05 07:45:00
2024-08-05,08:00:00 pm,0,102.862,24.318,2024-08-05 08:00:00
2024-08-05,08:15:00 pm,0,102.862,24.308,2024-08-05 08:15:00
2024-08-05,08:30:00 pm,0,102.866,24.297,2024-08-05 08:30:00
2024-08-05,08:45:00 pm,0,102.875,24.283,2024-08-05 08:45:00
2024-08-05,09:00:00 pm,0,102.875,24.278,2024-08-05 09:00:00
2024-08-05,09:15:00 pm,0,102.884,24.273,2024-08-05 09:15:00
2024-08-05,09:30:00 pm,0,102.885,24.261,2024-08-05 09:30:00
2024-08-05,09:45:00 pm,0,102.897,24.248,2024-08-05 09:45:00
2024-08-05,10:00:00 pm,0,102.906,24.236,2024-08-05 10:00:00
2024-08-05,10:15:00 pm,0,102.905,24.224,2024-08-05 10:15:00
2024-08-05,10:30:00 pm,0,102.903,24.214,2024-08-05 10:30:00
2024-08-05,10:45:00 pm,0,102.901,24.199,2024-08-05 10:45:00
2024-08-05,11:00:00 pm,0,102.895,24.188,2024-08-05 11:00:00
2024-08-05,11:15:00 pm,0,102.891,24.172,2024-08-05 11:15:00
2024-08-05,11:30:00 pm,0,102.884,24.152,2024-08-05 11:30:00
2024-08-05,11:45:00 pm,0,102.879,24.135,2024-08-05 11:45:00
2024-08-06,12:00:00 am,0,102.873,24.113,2024-08-06 12:00:00
2024-08-06,12:15:00 am,0,102.867,24.09,2024-08-06 12:15:00
2024-08-06,12:30:00 am,0,102.865,24.066,2024-08-06 12:30:00
2024-08-06,12:45:00 am,0,102.854,24.04,2024-08-06 12:45:00
2024-08-06,01:00:00 am,0,102.848,24.012,2024-08-06 01:00:00
2024-08-06,01:15:00 am,0,102.835,23.986,2024-08-06 01:15:00
2024-08-06,01:30:00 am,0,102.832,23.957,2024-08-06 01:30:00
2024-08-06,01:45:00 am,0,102.825,23.929,2024-08-06 01:45:00
2024-08-06,02:00:00 am,0,102.818,23.902,2024-08-06 02:00:00
2024-08-06,02:15:00 am,0,102.809,23.872,2024-08-06 02:15:00
2024-08-06,02:30:00 am,0,102.805,23.844,2024-08-06 02:30:00
2024-08-06,02:45:00 am,0,102.794,23.816,2024-08-06 02:45:00
2024-08-06,03:00:00 am,0,102.784,23.783,2024-08-06 03:00:00
2024-08-06,03:15:00 am,0,102.777,23.754,2024-08-06 03:15:00
2024-08-06,03:30:00 am,0,102.768,23.721,2024-08-06 03:30:00
2024-08-06,03:45:00 am,0,102.763,23.687,2024-08-06 03:45:00
2024-08-06,04:00:00 am,0,102.753,23.653,2024-08-06 04:00:00
2024-08-06,04:15:00 am,0,102.753,23.619,2024-08-06 04:15:00
2024-08-06,04:30:00 am,0,102.757,23.583,2024-08-06 04:30:00
2024-08-06,04:45:00 am,0,102.757,23.544,2024-08-06 04:45:00
2024-08-06,05:00:00 am,0,102.766,23.508,2024-08-06 05:00:00
2024-08-06,05:15:00 am,0,102.774,23.469,2024-08-06 05:15:00
2024-08-06,05:30:00 am,0,102.777,23.433,2024-08-06 05:30:00
2024-08-06,05:45:00 am,0,102.788,23.395,2024-08-06 05:45:00
2024-08-06,06:00:00 am,0,102.787,23.357,2024-08-06 06:00:00
2024-08-06,06:15:00 am,0,102.792,23.319,2024-08-06 06:15:00
2024-08-06,06:30:00 am,0,102.802,23.28,2024-08-06 06:30:00
2024-08-06,06:45:00 am,0,102.814,23.241,2024-08-06 06:45:00
2024-08-06,07:00:00 am,0,102.819,23.204,2024-08-06 07:00:00
2024-08-06,07:15:00 am,0,102.82,23.172,2024-08-06 07:15:00
2024-08-06,07:30:00 am,0,102.835,23.144,2024-08-06 07:30:00
2024-08-06,07:45:00 am,0,102.841,23.121,2024-08-06 07:45:00
2024-08-06,08:00:00 am,0,102.851,23.102,2024-08-06 08:00:00
2024-08-06,08:15:00 am,0,102.851,23.094,2024-08-06 08:15:00
2024-08-06,08:30:00 am,0,102.854,23.09,2024-08-06 08:30:00
2024-08-06,08:45:00 am,0,102.856,23.093,2024-08-06 08:45:00
2024-08-06,09:00:00 am,0,102.861,23.099,2024-08-06 09:00:00
2024-08-06,09:15:00 am,0,102.863,23.114,2024-08-06 09:15:00
2024-08-06,09:30:00 am,0,102.868,23.125,2024-08-06 09:30:00
2024-08-06,09:45:00 am,0,102.872,23.14,2024-08-06 09:45:00
2024-08-06,10:00:00 am,0,102.879,23.159,2024-08-06 10:00:00
2024-08-06,10:15:00 am,0,102.884,23.18,2024-08-06 10:15:00
2024-08-06,10:30:00 am,0,102.882,23.202,2024-08-06 10:30:00
2024-08-06,10:45:00 am,0,102.888,23.228,2024-08-06 10:45:00
2024-08-06,11:00:00 am,0,102.892,23.268,2024-08-06 11:00:00
2024-08-06,11:15:00 am,0,102.903,23.322,2024-08-06 11:15:00
2024-08-06,11:30:00 am,0,102.895,23.366,2024-08-06 11:30:00
2024-08-06,11:45:00 am,0,102.884,23.392,2024-08-06 11:45:00
2024-08-06,12:00:00 pm,0,102.878,23.422,2024-08-06 12:00:00
2024-08-06,12:15:00 pm,0,102.87,23.468,2024-08-06 12:15:00
2024-08-06,12:30:00 pm,0,102.856,23.519,2024-08-06 12:30:00
2024-08-06,12:45:00 pm,0,102.849,23.569,2024-08-06 12:45:00
2024-08-06,01:00:00 pm,0,102.844,23.608,2024-08-06 01:00:00
2024-08-06,01:15:00 pm,0,102.832,23.659,2024-08-06 01:15:00
2024-08-06,01:30:00 pm,0,102.824,23.709,2024-08-06 01:30:00
2024-08-06,01:45:00 pm,0,102.808,23.768,2024-08-06 01:45:00
2024-08-06,02:00:00 pm,0,102.795,23.83,2024-08-06 02:00:00
2024-08-06,02:15:00 pm,0,102.78,23.891,2024-08-06 02:15:00
2024-08-06,02:30:00 pm,0,102.769,23.957,2024-08-06 02:30:00
2024-08-06,02:45:00 pm,0,102.757,24.017,2024-08-06 02:45:00
2024-08-06,03:00:00 pm,0,102.749,24.088,2024-08-06 03:00:00
2024-08-06,03:15:00 pm,0,102.667,24.159,2024-08-06 03:15:00
2024-08-06,03:30:00 pm,0,102.66,24.192,2024-08-06 03:30:00
2024-08-06,03:45:00 pm,0,102.654,24.239,2024-08-06 03:45:00
2024-08-06,04:00:00 pm,0,102.648,24.274,2024-08-06 04:00:00
2024-08-06,04:15:00 pm,0,102.637,24.297,2024-08-06 04:15:00
2024-08-06,04:30:00 pm,0,102.627,24.318,2024-08-06 04:30:00
2024-08-06,04:45:00 pm,0,102.617,24.334,2024-08-06 04:45:00
2024-08-06,05:00:00 pm,0,102.604,24.352,2024-08-06 05:00:00
2024-08-06,05:15:00 pm,0,102.593,24.361,2024-08-06 05:15:00
2024-08-06,05:30:00 pm,0,102.587,24.37,2024-08-06 05:30:00
2024-08-06,05:45:00 pm,0,102.575,24.374,2024-08-06 05:45:00
2024-08-06,06:00:00 pm,0,102.564,24.381,2024-08-06 06:00:00
2024-08-06,06:15:00 pm,0,102.489,24.384,2024-08-06 06:15:00
2024-08-06,06:30:00 pm,0,102.495,24.38,2024-08-06 06:30:00
2024-08-06,06:45:00 pm,0,102.491,24.375,2024-08-06 06:45:00
2024-08-06,07:00:00 pm,0,102.496,24.37,2024-08-06 07:00:00
2024-08-06,07:15:00 pm,0,102.501,24.365,2024-08-06 07:15:00
2024-08-06,07:30:00 pm,0,102.502,24.357,2024-08-06 07:30:00
2024-08-06,07:45:00 pm,0,102.5,24.347,2024-08-06 07:45:00
2024-08-06,08:00:00 pm,0,102.502,24.335,2024-08-06 08:00:00
2024-08-06,08:15:00 pm,0,102.502,24.32,2024-08-06 08:15:00
2024-08-06,08:30:00 pm,0,102.51,24.307,2024-08-06 08:30:00
2024-08-06,08:45:00 pm,0,102.512,24.29,2024-08-06 08:45:00
2024-08-06,09:00:00 pm,0,102.505,24.273,2024-08-06 09:00:00
2024-08-06,09:15:00 pm,0,102.513,24.254,2024-08-06 09:15:00
2024-08-06,09:30:00 pm,0,102.519,24.236,2024-08-06 09:30:00
2024-08-06,09:45:00 pm,0,102.527,24.218,2024-08-06 09:45:00
2024-08-06,10:00:00 pm,0,102.529,24.197,2024-08-06 10:00:00
2024-08-06,10:15:00 pm,0,102.532,24.177,2024-08-06 10:15:00
2024-08-06,10:30:00 pm,0,102.527,24.155,2024-08-06 10:30:00
2024-08-06,10:45:00 pm,0,102.524,24.132,2024-08-06 10:45:00
2024-08-06,11:00:00 pm,0,102.518,24.11,2024-08-06 11:00:00
2024-08-06,11:15:00 pm,0,102.512,24.086,2024-08-06 11:15:00
2024-08-06,11:30:00 pm,0,102.508,24.061,2024-08-06 11:30:00
2024-08-06,11:45:00 pm,0,102.501,24.032,2024-08-06 11:45:00
2024-08-07,12:00:00 am,0,102.498,24.01,2024-08-07 12:00:00
2024-08-07,12:15:00 am,0,102.493,23.98,2024-08-07 12:15:00
2024-08-07,12:30:00 am,0,102.49,23.952,2024-08-07 12:30:00
2024-08-07,12:45:00 am,0,102.487,23.924,2024-08-07 12:45:00
2024-08-07,01:00:00 am,0,102.483,23.892,2024-08-07 01:00:00
2024-08-07,01:15:00 am,0,102.478,23.862,2024-08-07 01:15:00
2024-08-07,01:30:00 am,0,102.469,23.831,2024-08-07 01:30:00
2024-08-07,01:45:00 am,0,102.467,23.802,2024-08-07 01:45:00
2024-08-07,02:00:00 am,0,102.461,23.769,2024-08-07 02:00:00
2024-08-07,02:15:00 am,0,102.455,23.737,2024-08-07 02:15:00
2024-08-07,02:30:00 am,0,102.444,23.7,2024-08-07 02:30:00
2024-08-07,02:45:00 am,0,102.432,23.666,2024-08-07 02:45:00
2024-08-07,03:00:00 am,0,102.422,23.631,2024-08-07 03:00:00
2024-08-07,03:15:00 am,0,102.416,23.597,2024-08-07 03:15:00
2024-08-07,03:30:00 am,0,102.405,23.559,2024-08-07 03:30:00
2024-08-07,03:45:00 am,0,102.401,23.52,2024-08-07 03:45:00
2024-08-07,04:00:00 am,0,102.396,23.483,2024-08-07 04:00:00
2024-08-07,04:15:00 am,0,102.387,23.444,2024-08-07 04:15:00
2024-08-07,04:30:00 am,0,102.382,23.404,2024-08-07 04:30:00
2024-08-07,04:45:00 am,0,102.375,23.366,2024-08-07 04:45:00
2024-08-07,05:00:00 am,0,102.382,23.325,2024-08-07 05:00:00
2024-08-07,05:15:00 am,0,102.386,23.284,2024-08-07 05:15:00
2024-08-07,05:30:00 am,0,102.393,23.241,2024-08-07 05:30:00
2024-08-07,05:45:00 am,0,102.406,23.202,2024-08-07 05:45:00
2024-08-07,06:00:00 am,0,102.408,23.161,2024-08-07 06:00:00
2024-08-07,06:15:00 am,0,102.412,23.119,2024-08-07 06:15:00
2024-08-07,06:30:00 am,0,102.416,23.076,2024-08-07 06:30:00
2024-08-07,06:45:00 am,0,102.413,23.036,2024-08-07 06:45:00
2024-08-07,07:00:00 am,0,102.416,22.996,2024-08-07 07:00:00
2024-08-07,07:15:00 am,0,102.427,22.963,2024-08-07 07:15:00
2024-08-07,07:30:00 am,0,102.434,22.929,2024-08-07 07:30:00
2024-08-07,07:45:00 am,0,102.441,22.904,2024-08-07 07:45:00
2024-08-07,08:00:00 am,0,102.441,22.883,2024-08-07 08:00:00
2024-08-07,08:15:00 am,0,102.446,22.872,2024-08-07 08:15:00
2024-08-07,08:30:00 am,0,102.438,22.865,2024-08-07 08:30:00
2024-08-07,08:45:00 am,0,102.434,22.866,2024-08-07 08:45:00
2024-08-07,09:00:00 am,0,102.437,22.879,2024-08-07 09:00:00
2024-08-07,09:15:00 am,0,102.448,22.896,2024-08-07 09:15:00
2024-08-07,09:30:00 am,0,102.455,22.914,2024-08-07 09:30:00
2024-08-07,09:45:00 am,0,102.454,22.938,2024-08-07 09:45:00
2024-08-07,10:00:00 am,0,102.456,22.96,2024-08-07 10:00:00
2024-08-07,10:15:00 am,0,102.457,22.984,2024-08-07 10:15:00
2024-08-07,10:30:00 am,0,102.458,23.016,2024-08-07 10:30:00
2024-08-07,10:45:00 am,0,102.452,23.051,2024-08-07 10:45:00
2024-08-07,11:00:00 am,0,102.446,23.093,2024-08-07 11:00:00
2024-08-07,11:15:00 am,0,102.449,23.154,2024-08-07 11:15:00
2024-08-07,11:30:00 am,0,102.448,23.204,2024-08-07 11:30:00
2024-08-07,11:45:00 am,0,102.428,23.232,2024-08-07 11:45:00
2024-08-07,12:00:00 pm,0,102.424,23.267,2024-08-07 12:00:00
2024-08-07,12:15:00 pm,0,102.407,23.314,2024-08-07 12:15:00
2024-08-07,12:30:00 pm,0,102.405,23.369,2024-08-07 12:30:00
2024-08-07,12:45:00 pm,0,102.389,23.42,2024-08-07 12:45:00
2024-08-07,01:00:00 pm,0,102.38,23.474,2024-08-07 01:00:00
2024-08-07,01:15:00 pm,0,102.371,23.53,2024-08-07 01:15:00
2024-08-07,01:30:00 pm,0,102.365,23.599,2024-08-07 01:30:00
2024-08-07,01:45:00 pm,0,102.353,23.653,2024-08-07 01:45:00
2024-08-07,02:00:00 pm,0,102.345,23.698,2024-08-07 02:00:00
2024-08-07,02:15:00 pm,0,102.319,23.765,2024-08-07 02:15:00
2024-08-07,02:30:00 pm,0,102.247,23.825,2024-08-07 02:30:00
2024-08-07,02:45:00 pm,0,102.23,23.903,2024-08-07 02:45:00
2024-08-07,03:00:00 pm,0,102.224,23.97,2024-08-07 03:00:00
2024-08-07,03:15:00 pm,0,102.21,24.029,2024-08-07 03:15:00
2024-08-07,03:30:00 pm,0,102.198,24.08,2024-08-07 03:30:00
2024-08-07,03:45:00 pm,0,102.198,24.12,2024-08-07 03:45:00
2024-08-07,04:00:00 pm,0,102.195,24.155,2024-08-07 04:00:00
2024-08-07,04:15:00 pm,0,102.181,24.183,2024-08-07 04:15:00
2024-08-07,04:30:00 pm,0,102.107,24.205,2024-08-07 04:30:00
2024-08-07,04:45:00 pm,0,102.094,24.226,2024-08-07 04:45:00
2024-08-07,05:00:00 pm,0,102.084,24.242,2024-08-07 05:00:00
2024-08-07,05:15:00 pm,0,102.072,24.253,2024-08-07 05:15:00
2024-08-07,05:30:00 pm,0,102.067,24.265,2024-08-07 05:30:00
2024-08-07,05:45:00 pm,0,102.061,24.274,2024-08-07 05:45:00
2024-08-07,06:00:00 pm,0,102.056,24.284,2024-08-07 06:00:00
2024-08-07,06:15:00 pm,0,102.05,24.291,2024-08-07 06:15:00
2024-08-07,06:30:00 pm,0,102.05,24.294,2024-08-07 06:30:00
2024-08-07,06:45:00 pm,0,102.05,24.294,2024-08-07 06:45:00
2024-08-07,07:00:00 pm,0,102.054,24.292,2024-08-07 07:00:00
2024-08-07,07:15:00 pm,0,102.055,24.289,2024-08-07 07:15:00
2024-08-07,07:30:00 pm,0,102.048,24.285,2024-08-07 07:30:00
2024-08-07,07:45:00 pm,0,102.054,24.28,2024-08-07 07:45:00
2024-08-07,08:00:00 pm,0,102.064,24.273,2024-08-07 08:00:00
2024-08-07,08:15:00 pm,0,102.064,24.267,2024-08-07 08:15:00
2024-08-07,08:30:00 pm,0,102.067,24.258,2024-08-07 08:30:00
2024-08-07,08:45:00 pm,0,102.076,24.253,2024-08-07 08:45:00
2024-08-07,09:00:00 pm,0,102.084,24.243,2024-08-07 09:00:00
2024-08-07,09:15:00 pm,0,102.088,24.237,2024-08-07 09:15:00
2024-08-07,09:30:00 pm,0,102.096,24.227,2024-08-07 09:30:00
2024-08-07,09:45:00 pm,0,102.103,24.219,2024-08-07 09:45:00
2024-08-07,10:00:00 pm,0,102.106,24.21,2024-08-07 10:00:00
2024-08-07,10:15:00 pm,0,102.106,24.2,2024-08-07 10:15:00
2024-08-07,10:30:00 pm,0,102.11,24.191,2024-08-07 10:30:00
2024-08-07,10:45:00 pm,0,102.119,24.185,2024-08-07 10:45:00
2024-08-07,11:00:00 pm,0,102.125,24.175,2024-08-07 11:00:00
2024-08-07,11:15:00 pm,0,102.128,24.166,2024-08-07 11:15:00
2024-08-07,11:30:00 pm,0,102.13,24.158,2024-08-07 11:30:00
2024-08-07,11:45:00 pm,0,102.136,24.15,2024-08-07 11:45:00
2024-08-08,12:00:00 am,0,102.143,24.145,2024-08-08 12:00:00
2024-08-08,12:15:00 am,0,102.145,24.137,2024-08-08 12:15:00
2024-08-08,12:30:00 am,0,102.144,24.131,2024-08-08 12:30:00
2024-08-08,12:45:00 am,0,102.135,24.126,2024-08-08 12:45:00
2024-08-08,01:00:00 am,0,102.13,24.113,2024-08-08 01:00:00
2024-08-08,01:15:00 am,0,102.128,24.103,2024-08-08 01:15:00
2024-08-08,01:30:00 am,0,102.117,24.086,2024-08-08 01:30:00
2024-08-08,01:45:00 am,0,102.11,24.069,2024-08-08 01:45:00
2024-08-08,02:00:00 am,0,102.1,24.045,2024-08-08 02:00:00
2024-08-08,02:15:00 am,0,102.099,24.022,2024-08-08 02:15:00
2024-08-08,02:30:00 am,0,102.085,23.995,2024-08-08 02:30:00
2024-08-08,02:45:00 am,0,102.084,23.965,2024-08-08 02:45:00
2024-08-08,03:00:00 am,0,102.073,23.933,2024-08-08 03:00:00
2024-08-08,03:15:00 am,0,102.068,23.897,2024-08-08 03:15:00
2024-08-08,03:30:00 am,0,102.063,23.862,2024-08-08 03:30:00
2024-08-08,03:45:00 am,0,102.066,23.822,2024-08-08 03:45:00
2024-08-08,04:00:00 am,0,102.056,23.779,2024-08-08 04:00:00
2024-08-08,04:15:00 am,0,102.046,23.736,2024-08-08 04:15:00
2024-08-08,04:30:00 am,0,102.049,23.693,2024-08-08 04:30:00
2024-08-08,04:45:00 am,0,102.05,23.649,2024-08-08 04:45:00
2024-08-08,05:00:00 am,0,102.049,23.602,2024-08-08 05:00:00
2024-08-08,05:15:00 am,0,102.057,23.559,2024-08-08 05:15:00
2024-08-08,05:30:00 am,0,102.058,23.512,2024-08-08 05:30:00
2024-08-08,05:45:00 am,0,102.057,23.464,2024-08-08 05:45:00
2024-08-08,06:00:00 am,0,102.06,23.418,2024-08-08 06:00:00
2024-08-08,06:15:00 am,0,102.065,23.369,2024-08-08 06:15:00
2024-08-08,06:30:00 am,0,102.067,23.319,2024-08-08 06:30:00
2024-08-08,06:45:00 am,0,102.063,23.269,2024-08-08 06:45:00
2024-08-08,07:00:00 am,0,102.068,23.224,2024-08-08 07:00:00
2024-08-08,07:15:00 am,0,102.074,23.183,2024-08-08 07:15:00
2024-08-08,07:30:00 am,0,102.084,23.147,2024-08-08 07:30:00
2024-08-08,07:45:00 am,0,102.097,23.117,2024-08-08 07:45:00
2024-08-08,08:00:00 am,0,102.102,23.094,2024-08-08 08:00:00
2024-08-08,08:15:00 am,0,102.109,23.072,2024-08-08 08:15:00
2024-08-08,08:30:00 am,0,102.108,23.057,2024-08-08 08:30:00
2024-08-08,08:45:00 am,0,102.107,23.043,2024-08-08 08:45:00
2024-08-08,09:00:00 am,0,102.113,23.034,2024-08-08 09:00:00
2024-08-08,09:15:00 am,0,102.117,23.023,2024-08-08 09:15:00
2024-08-08,09:30:00 am,0,102.123,23.018,2024-08-08 09:30:00
2024-08-08,09:45:00 am,0,102.127,23.011,2024-08-08 09:45:00
2024-08-08,10:00:00 am,0,102.133,23.011,2024-08-08 10:00:00
2024-08-08,10:15:00 am,0,102.148,23.008,2024-08-08 10:15:00
2024-08-08,10:30:00 am,0,102.155,23.005,2024-08-08 10:30:00
2024-08-08,10:45:00 am,0,102.172,22.999,2024-08-08 10:45:00
2024-08-08,11:00:00 am,0,102.178,22.998,2024-08-08 11:00:00
2024-08-08,11:15:00 am,0,102.177,23.003,2024-08-08 11:15:00
2024-08-08,11:30:00 am,0,102.181,23.009,2024-08-08 11:30:00
2024-08-08,11:45:00 am,0,102.184,23.023,2024-08-08 11:45:00
2024-08-08,12:00:00 pm,0,102.187,23.043,2024-08-08 12:00:00
2024-08-08,12:15:00 pm,0,102.2,23.062,2024-08-08 12:15:00
2024-08-08,12:30:00 pm,0,102.204,23.082,2024-08-08 12:30:00
2024-08-08,12:45:00 pm,0,102.211,23.097,2024-08-08 12:45:00
2024-08-08,01:00:00 pm,0,102.221,23.109,2024-08-08 01:00:00
2024-08-08,01:15:00 pm,0,102.227,23.12,2024-08-08 01:15:00
2024-08-08,01:30:00 pm,0,102.234,23.126,2024-08-08 01:30:00
2024-08-08,01:45:00 pm,0,102.236,23.125,2024-08-08 01:45:00
2024-08-08,02:00:00 pm,0,102.242,23.127,2024-08-08 02:00:00
2024-08-08,02:15:00 pm,0,102.24,23.13,2024-08-08 02:15:00
2024-08-08,02:30:00 pm,0,102.242,23.142,2024-08-08 02:30:00
2024-08-08,02:45:00 pm,0,102.245,23.148,2024-08-08 02:45:00
2024-08-08,03:00:00 pm,0,102.247,23.152,2024-08-08 03:00:00
2024-08-08,03:15:00 pm,0,102.247,23.16,2024-08-08 03:15:00
2024-08-08,03:30:00 pm,0,102.242,23.173,2024-08-08 03:30:00
2024-08-08,03:45:00 pm,0,102.254,23.193,2024-08-08 03:45:00
2024-08-08,04:00:00 pm,0,102.258,23.207,2024-08-08 04:00:00
2024-08-08,04:15:00 pm,0,102.259,23.224,2024-08-08 04:15:00
2024-08-08,04:30:00 pm,0,102.261,23.243,2024-08-08 04:30:00
2024-08-08,04:45:00 pm,0,102.255,23.26,2024-08-08 04:45:00
2024-08-08,05:00:00 pm,0,102.258,23.276,2024-08-08 05:00:00
2024-08-08,05:15:00 pm,0,102.261,23.293,2024-08-08 05:15:00
2024-08-08,05:30:00 pm,0,102.255,23.307,2024-08-08 05:30:00
2024-08-08,05:45:00 pm,0,102.243,23.322,2024-08-08 05:45:00
2024-08-08,06:00:00 pm,0,102.236,23.33,2024-08-08 06:00:00
2024-08-08,06:15:00 pm,0,102.235,23.338,2024-08-08 06:15:00
2024-08-08,06:30:00 pm,0,102.236,23.345,2024-08-08 06:30:00
2024-08-08,06:45:00 pm,0,102.245,23.348,2024-08-08 06:45:00
2024-08-08,07:00:00 pm,0,102.256,23.351,2024-08-08 07:00:00
2024-08-08,07:15:00 pm,0,102.268,23.351,2024-08-08 07:15:00
2024-08-08,07:30:00 pm,0,102.282,23.35,2024-08-08 07:30:00
2024-08-08,07:45:00 pm,0,102.292,23.344,2024-08-08 07:45:00
2024-08-08,08:00:00 pm,0,102.298,23.344,2024-08-08 08:00:00
2024-08-08,08:15:00 pm,0,102.303,23.34,2024-08-08 08:15:00
2024-08-08,08:30:00 pm,0,102.31,23.336,2024-08-08 08:30:00
2024-08-08,08:45:00 pm,0,102.329,23.33,2024-08-08 08:45:00
2024-08-08,09:00:00 pm,0,102.356,23.322,2024-08-08 09:00:00
2024-08-08,09:15:00 pm,0,102.365,23.316,2024-08-08 09:15:00
2024-08-08,09:30:00 pm,0,102.382,23.308,2024-08-08 09:30:00
2024-08-08,09:45:00 pm,0,102.395,23.298,2024-08-08 09:45:00
2024-08-08,10:00:00 pm,0,102.399,23.29,2024-08-08 10:00:00
2024-08-08,10:15:00 pm,0,102.403,23.28,2024-08-08 10:15:00
2024-08-08,10:30:00 pm,0,102.399,23.271,2024-08-08 10:30:00
2024-08-08,10:45:00 pm,0,102.406,23.262,2024-08-08 10:45:00
2024-08-08,11:00:00 pm,0,102.406,23.25,2024-08-08 11:00:00
2024-08-08,11:15:00 pm,0,102.41,23.239,2024-08-08 11:15:00
2024-08-08,11:30:00 pm,0,102.414,23.226,2024-08-08 11:30:00
2024-08-08,11:45:00 pm,0,102.417,23.212,2024-08-08 11:45:00
2024-08-09,12:00:00 am,0,102.419,23.201,2024-08-09 12:00:00
2024-08-09,12:15:00 am,0,102.419,23.188,2024-08-09 12:15:00
2024-08-09,12:30:00 am,0,102.421,23.176,2024-08-09 12:30:00
2024-08-09,12:45:00 am,0,102.418,23.155,2024-08-09 12:45:00
2024-08-09,01:00:00 am,0,102.414,23.141,2024-08-09 01:00:00
2024-08-09,01:15:00 am,0,102.414,23.125,2024-08-09 01:15:00
2024-08-09,01:30:00 am,0,102.417,23.104,2024-08-09 01:30:00
2024-08-09,01:45:00 am,0,102.414,23.086,2024-08-09 01:45:00
2024-08-09,02:00:00 am,0,102.407,23.068,2024-08-09 02:00:00
2024-08-09,02:15:00 am,0,102.411,23.051,2024-08-09 02:15:00
2024-08-09,02:30:00 am,0,102.413,23.035,2024-08-09 02:30:00
2024-08-09,02:45:00 am,0,102.409,23.021,2024-08-09 02:45:00
2024-08-09,03:00:00 am,0,102.417,23.002,2024-08-09 03:00:00
2024-08-09,03:15:00 am,0,102.424,22.984,2024-08-09 03:15:00
2024-08-09,03:30:00 am,0,102.426,22.966,2024-08-09 03:30:00
2024-08-09,03:45:00 am,0,102.43,22.948,2024-08-09 03:45:00
2024-08-09,04:00:00 am,0,102.437,22.927,2024-08-09 04:00:00
2024-08-09,04:15:00 am,0,102.441,22.904,2024-08-09 04:15:00
2024-08-09,04:30:00 am,0,102.441,22.885,2024-08-09 04:30:00
2024-08-09,04:45:00 am,0,102.452,22.863,2024-08-09 04:45:00
2024-08-09,05:00:00 am,0,102.466,22.842,2024-08-09 05:00:00
2024-08-09,05:15:00 am,0,102.478,22.821,2024-08-09 05:15:00
2024-08-09,05:30:00 am,0,102.491,22.799,2024-08-09 05:30:00
2024-08-09,05:45:00 am,0,102.507,22.772,2024-08-09 05:45:00
2024-08-09,06:00:00 am,0,102.516,22.748,2024-08-09 06:00:00
2024-08-09,06:15:00 am,0,102.528,22.723,2024-08-09 06:15:00
2024-08-09,06:30:00 am,0,102.539,22.697,2024-08-09 06:30:00
2024-08-09,06:45:00 am,0,102.576,22.671,2024-08-09 06:45:00
2024-08-09,07:00:00 am,0,102.609,22.647,2024-08-09 07:00:00
2024-08-09,07:15:00 am,0,102.627,22.626,2024-08-09 07:15:00
2024-08-09,07:30:00 am,0,102.645,22.614,2024-08-09 07:30:00
2024-08-09,07:45:00 am,0,102.655,22.601,2024-08-09 07:45:00
2024-08-09,08:00:00 am,0,102.67,22.595,2024-08-09 08:00:00
2024-08-09,08:15:00 am,0,102.684,22.59,2024-08-09 08:15:00
2024-08-09,08:30:00 am,0,102.691,22.59,2024-08-09 08:30:00
2024-08-09,08:45:00 am,0,102.7,22.595,2024-08-09 08:45:00
2024-08-09,09:00:00 am,0,102.705,22.606,2024-08-09 09:00:00
2024-08-09,09:15:00 am,0,102.713,22.622,2024-08-09 09:15:00
2024-08-09,09:30:00 am,0,102.725,22.64,2024-08-09 09:30:00
2024-08-09,09:45:00 am,0,102.734,22.657,2024-08-09 09:45:00
2024-08-09,10:00:00 am,0,102.743,22.675,2024-08-09 10:00:00
2024-08-09,10:15:00 am,0,102.758,22.694,2024-08-09 10:15:00
2024-08-09,10:30:00 am,0,102.763,22.72,2024-08-09 10:30:00
2024-08-09,10:45:00 am,0,102.772,22.746,2024-08-09 10:45:00
2024-08-09,11:00:00 am,0,102.784,22.782,2024-08-09 11:00:00
2024-08-09,11:15:00 am,0,102.795,22.841,2024-08-09 11:15:00
2024-08-09,11:30:00 am,0,102.805,22.875,2024-08-09 11:30:00
2024-08-09,11:45:00 am,0,102.807,22.902,2024-08-09 11:45:00
2024-08-09,12:00:00 pm,0,102.816,22.943,2024-08-09 12:00:00
2024-08-09,12:15:00 pm,0,102.816,22.991,2024-08-09 12:15:00
2024-08-09,12:30:00 pm,0,102.821,23.039,2024-08-09 12:30:00
2024-08-09,12:45:00 pm,0,102.824,23.087,2024-08-09 12:45:00
2024-08-09,01:00:00 pm,0,102.831,23.116,2024-08-09 01:00:00
2024-08-09,01:15:00 pm,0,102.832,23.152,2024-08-09 01:15:00
2024-08-09,01:30:00 pm,0,102.827,23.197,2024-08-09 01:30:00
2024-08-09,01:45:00 pm,0,102.833,23.245,2024-08-09 01:45:00
2024-08-09,02:00:00 pm,0,102.836,23.309,2024-08-09 02:00:00
2024-08-09,02:15:00 pm,0,102.839,23.387,2024-08-09 02:15:00
2024-08-09,02:30:00 pm,0,102.833,23.446,2024-08-09 02:30:00
2024-08-09,02:45:00 pm,0,102.827,23.501,2024-08-09 02:45:00
2024-08-09,03:00:00 pm,0,102.819,23.575,2024-08-09 03:00:00
2024-08-09,03:15:00 pm,0,102.817,23.642,2024-08-09 03:15:00
2024-08-09,03:30:00 pm,0,102.823,23.684,2024-08-09 03:30:00
2024-08-09,03:45:00 pm,0,102.819,23.711,2024-08-09 03:45:00
2024-08-09,04:00:00 pm,0,102.82,23.743,2024-08-09 04:00:00
2024-08-09,04:15:00 pm,0,102.825,23.764,2024-08-09 04:15:00
2024-08-09,04:30:00 pm,0,102.827,23.788,2024-08-09 04:30:00
2024-08-09,04:45:00 pm,0,102.816,23.807,2024-08-09 04:45:00
2024-08-09,05:00:00 pm,0,102.813,23.821,2024-08-09 05:00:00
2024-08-09,05:15:00 pm,0,102.809,23.84,2024-08-09 05:15:00
2024-08-09,05:30:00 pm,0,102.801,23.856,2024-08-09 05:30:00
2024-08-09,05:45:00 pm,0,102.799,23.867,2024-08-09 05:45:00
2024-08-09,06:00:00 pm,0,102.81,23.877,2024-08-09 06:00:00
2024-08-09,06:15:00 pm,0,102.812,23.881,2024-08-09 06:15:00
2024-08-09,06:30:00 pm,0,102.812,23.883,2024-08-09 06:30:00
2024-08-09,06:45:00 pm,0,102.816,23.886,2024-08-09 06:45:00
2024-08-09,07:00:00 pm,0,102.814,23.886,2024-08-09 07:00:00
2024-08-09,07:15:00 pm,0,102.819,23.885,2024-08-09 07:15:00
2024-08-09,07:30:00 pm,0,102.821,23.885,2024-08-09 07:30:00
2024-08-09,07:45:00 pm,0,102.825,23.878,2024-08-09 07:45:00
2024-08-09,08:00:00 pm,0,102.837,23.87,2024-08-09 08:00:00
2024-08-09,08:15:00 pm,0,102.846,23.86,2024-08-09 08:15:00
2024-08-09,08:30:00 pm,0,102.857,23.853,2024-08-09 08:30:00
2024-08-09,08:45:00 pm,0,102.866,23.843,2024-08-09 08:45:00
2024-08-09,09:00:00 pm,0,102.873,23.828,2024-08-09 09:00:00
2024-08-09,09:15:00 pm,0,102.879,23.813,2024-08-09 09:15:00
2024-08-09,09:30:00 pm,0,102.892,23.795,2024-08-09 09:30:00
2024-08-09,09:45:00 pm,0,102.897,23.774,2024-08-09 09:45:00
2024-08-09,10:00:00 pm,0,102.904,23.748,2024-08-09 10:00:00
2024-08-09,10:15:00 pm,0,102.908,23.726,2024-08-09 10:15:00
2024-08-09,10:30:00 pm,0,102.897,23.699,2024-08-09 10:30:00
2024-08-09,10:45:00 pm,0,102.895,23.672,2024-08-09 10:45:00
2024-08-09,11:00:00 pm,0,102.895,23.648,2024-08-09 11:00:00
2024-08-09,11:15:00 pm,0,102.893,23.618,2024-08-09 11:15:00
2024-08-09,11:30:00 pm,0,102.9,23.587,2024-08-09 11:30:00
2024-08-09,11:45:00 pm,0,102.905,23.557,2024-08-09 11:45:00
2024-08-10,12:00:00 am,0,102.903,23.523,2024-08-10 12:00:00
2024-08-10,12:15:00 am,0,102.907,23.49,2024-08-10 12:15:00
2024-08-10,12:30:00 am,0,102.897,23.454,2024-08-10 12:30:00
2024-08-10,12:45:00 am,0,102.897,23.415,2024-08-10 12:45:00
2024-08-10,01:00:00 am,0,102.899,23.379,2024-08-10 01:00:00
2024-08-10,01:15:00 am,0,102.9,23.337,2024-08-10 01:15:00
2024-08-10,01:30:00 am,0,102.902,23.298,2024-08-10 01:30:00
2024-08-10,01:45:00 am,0,102.894,23.257,2024-08-10 01:45:00
2024-08-10,02:00:00 am,0,102.894,23.216,2024-08-10 02:00:00
2024-08-10,02:15:00 am,0,102.887,23.174,2024-08-10 02:15:00
2024-08-10,02:30:00 am,0,102.892,23.133,2024-08-10 02:30:00
2024-08-10,02:45:00 am,0,102.892,23.088,2024-08-10 02:45:00
2024-08-10,03:00:00 am,0,102.893,23.041,2024-08-10 03:00:00
2024-08-10,03:15:00 am,0,102.903,22.995,2024-08-10 03:15:00
2024-08-10,03:30:00 am,0,102.9,22.96,2024-08-10 03:30:00
2024-08-10,03:45:00 am,0,102.903,22.918,2024-08-10 03:45:00
2024-08-10,04:00:00 am,0,102.916,22.872,2024-08-10 04:00:00
2024-08-10,04:15:00 am,0,102.934,22.825,2024-08-10 04:15:00
2024-08-10,04:30:00 am,0,102.939,22.779,2024-08-10 04:30:00
2024-08-10,04:45:00 am,0,102.945,22.738,2024-08-10 04:45:00
2024-08-10,05:00:00 am,0,102.951,22.696,2024-08-10 05:00:00
2024-08-10,05:15:00 am,0,102.975,22.657,2024-08-10 05:15:00
2024-08-10,05:30:00 am,0,103.009,22.615,2024-08-10 05:30:00
2024-08-10,05:45:00 am,0,102.997,22.561,2024-08-10 05:45:00
2024-08-10,06:00:00 am,0,103.013,22.51,2024-08-10 06:00:00
2024-08-10,06:15:00 am,0,103.009,22.464,2024-08-10 06:15:00
2024-08-10,06:30:00 am,0,103.023,22.417,2024-08-10 06:30:00
2024-08-10,06:45:00 am,0,103.033,22.376,2024-08-10 06:45:00
2024-08-10,07:00:00 am,0,103.051,22.337,2024-08-10 07:00:00
2024-08-10,07:15:00 am,0,103.051,22.305,2024-08-10 07:15:00
2024-08-10,07:30:00 am,0,103.066,22.275,2024-08-10 07:30:00
2024-08-10,07:45:00 am,0,103.078,22.25,2024-08-10 07:45:00
2024-08-10,08:00:00 am,0,103.097,22.235,2024-08-10 08:00:00
2024-08-10,08:15:00 am,0,103.106,22.227,2024-08-10 08:15:00
2024-08-10,08:30:00 am,0,103.121,22.229,2024-08-10 08:30:00
2024-08-10,08:45:00 am,0,103.14,22.236,2024-08-10 08:45:00
2024-08-10,09:00:00 am,0,103.149,22.248,2024-08-10 09:00:00
2024-08-10,09:15:00 am,0,103.162,22.266,2024-08-10 09:15:00
2024-08-10,09:30:00 am,0,103.188,22.286,2024-08-10 09:30:00
2024-08-10,09:45:00 am,0,103.202,22.309,2024-08-10 09:45:00
2024-08-10,10:00:00 am,0,103.21,22.332,2024-08-10 10:00:00
2024-08-10,10:15:00 am,0,103.222,22.355,2024-08-10 10:15:00
2024-08-10,10:30:00 am,0,103.23,22.379,2024-08-10 10:30:00
2024-08-10,10:45:00 am,0,103.237,22.411,2024-08-10 10:45:00
2024-08-10,11:00:00 am,0,103.245,22.446,2024-08-10 11:00:00
2024-08-10,11:15:00 am,0,103.254,22.501,2024-08-10 11:15:00
2024-08-10,11:30:00 am,0,103.254,22.534,2024-08-10 11:30:00
2024-08-10,11:45:00 am,0,103.251,22.559,2024-08-10 11:45:00
2024-08-10,12:00:00 pm,0,103.246,22.597,2024-08-10 12:00:00
2024-08-10,12:15:00 pm,0,103.249,22.636,2024-08-10 12:15:00
2024-08-10,12:30:00 pm,0,103.24,22.686,2024-08-10 12:30:00
2024-08-10,12:45:00 pm,0,103.226,22.739,2024-08-10 12:45:00
2024-08-10,01:00:00 pm,0,103.206,22.787,2024-08-10 01:00:00
2024-08-10,01:15:00 pm,0,103.205,22.844,2024-08-10 01:15:00
2024-08-10,01:30:00 pm,0,103.201,22.908,2024-08-10 01:30:00
2024-08-10,01:45:00 pm,0,103.185,22.996,2024-08-10 01:45:00
2024-08-10,02:00:00 pm,0,103.166,23.07,2024-08-10 02:00:00
2024-08-10,02:15:00 pm,0,103.16,23.134,2024-08-10 02:15:00
2024-08-10,02:30:00 pm,0,103.146,23.172,2024-08-10 02:30:00
2024-08-10,02:45:00 pm,0,103.125,23.224,2024-08-10 02:45:00
2024-08-10,03:00:00 pm,0,103.122,23.292,2024-08-10 03:00:00
2024-08-10,03:15:00 pm,0,103.125,23.345,2024-08-10 03:15:00
2024-08-10,03:30:00 pm,0,103.115,23.387,2024-08-10 03:30:00
2024-08-10,03:45:00 pm,0,103.112,23.431,2024-08-10 03:45:00
2024-08-10,04:00:00 pm,0,103.114,23.468,2024-08-10 04:00:00
2024-08-10,04:15:00 pm,0,103.116,23.49,2024-08-10 04:15:00
2024-08-10,04:30:00 pm,0,103.113,23.504,2024-08-10 04:30:00
2024-08-10,04:45:00 pm,0,103.113,23.519,2024-08-10 04:45:00
2024-08-10,05:00:00 pm,0,103.104,23.53,2024-08-10 05:00:00
2024-08-10,05:15:00 pm,0,103.092,23.534,2024-08-10 05:15:00
2024-08-10,05:30:00 pm,0,103.068,23.54,2024-08-10 05:30:00
2024-08-10,05:45:00 pm,0,103.074,23.543,2024-08-10 05:45:00
2024-08-10,06:00:00 pm,0,103.068,23.544,2024-08-10 06:00:00
2024-08-10,06:15:00 pm,0,103.076,23.545,2024-08-10 06:15:00
2024-08-10,06:30:00 pm,0,103.08,23.541,2024-08-10 06:30:00
2024-08-10,06:45:00 pm,0,103.09,23.534,2024-08-10 06:45:00
2024-08-10,07:00:00 pm,0,103.099,23.527,2024-08-10 07:00:00
2024-08-10,07:15:00 pm,0,103.105,23.516,2024-08-10 07:15:00
2024-08-10,07:30:00 pm,0,103.112,23.507,2024-08-10 07:30:00
2024-08-10,07:45:00 pm,0,103.113,23.494,2024-08-10 07:45:00
2024-08-10,08:00:00 pm,0,103.113,23.474,2024-08-10 08:00:00
2024-08-10,08:15:00 pm,0,103.114,23.449,2024-08-10 08:15:00
2024-08-10,08:30:00 pm,0,103.123,23.419,2024-08-10 08:30:00
2024-08-10,08:45:00 pm,0,103.13,23.383,2024-08-10 08:45:00
2024-08-10,09:00:00 pm,0,103.137,23.348,2024-08-10 09:00:00
2024-08-10,09:15:00 pm,0,103.145,23.308,2024-08-10 09:15:00
2024-08-10,09:30:00 pm,0,103.15,23.268,2024-08-10 09:30:00
2024-08-10,09:45:00 pm,0,103.142,23.226,2024-08-10 09:45:00
2024-08-10,10:00:00 pm,0,103.137,23.186,2024-08-10 10:00:00
2024-08-10,10:15:00 pm,0,103.13,23.141,2024-08-10 10:15:00
2024-08-10,10:30:00 pm,0,103.121,23.098,2024-08-10 10:30:00
2024-08-10,10:45:00 pm,0,103.109,23.053,2024-08-10 10:45:00
2024-08-10,11:00:00 pm,0,103.11,23.008,2024-08-10 11:00:00
2024-08-10,11:15:00 pm,0,103.098,22.963,2024-08-10 11:15:00
2024-08-10,11:30:00 pm,0,103.088,22.917,2024-08-10 11:30:00
2024-08-10,11:45:00 pm,0,103.085,22.867,2024-08-10 11:45:00
2024-08-11,12:00:00 am,0,103.084,22.819,2024-08-11 12:00:00
2024-08-11,12:15:00 am,0,103.082,22.77,2024-08-11 12:15:00
2024-08-11,12:30:00 am,0,103.079,22.721,2024-08-11 12:30:00
2024-08-11,12:45:00 am,0,103.072,22.67,2024-08-11 12:45:00
2024-08-11,01:00:00 am,0,103.073,22.62,2024-08-11 01:00:00
2024-08-11,01:15:00 am,0,103.055,22.571,2024-08-11 01:15:00
2024-08-11,01:30:00 am,0,103.042,22.522,2024-08-11 01:30:00
2024-08-11,01:45:00 am,0,103.032,22.472,2024-08-11 01:45:00
2024-08-11,02:00:00 am,0,103.03,22.425,2024-08-11 02:00:00
2024-08-11,02:15:00 am,0,103.025,22.369,2024-08-11 02:15:00
2024-08-11,02:30:00 am,0,103.023,22.319,2024-08-11 02:30:00
2024-08-11,02:45:00 am,0,103.023,22.268,2024-08-11 02:45:00
2024-08-11,03:00:00 am,0,103.016,22.215,2024-08-11 03:00:00
2024-08-11,03:15:00 am,0,103.006,22.161,2024-08-11 03:15:00
2024-08-11,03:30:00 am,0,103.014,22.107,2024-08-11 03:30:00
2024-08-11,03:45:00 am,0,103.011,22.054,2024-08-11 03:45:00
2024-08-11,04:00:00 am,0,103.012,22.005,2024-08-11 04:00:00
2024-08-11,04:15:00 am,0,103.015,21.952,2024-08-11 04:15:00
2024-08-11,04:30:00 am,0,103.028,21.898,2024-08-11 04:30:00
2024-08-11,04:45:00 am,0,103.04,21.846,2024-08-11 04:45:00
2024-08-11,05:00:00 am,0,103.04,21.787,2024-08-11 05:00:00
2024-08-11,05:15:00 am,0,103.055,21.733,2024-08-11 05:15:00
2024-08-11,05:30:00 am,0,103.068,21.679,2024-08-11 05:30:00
2024-08-11,05:45:00 am,0,103.074,21.627,2024-08-11 05:45:00
2024-08-11,06:00:00 am,0,103.085,21.567,2024-08-11 06:00:00
2024-08-11,06:15:00 am,0,103.091,21.511,2024-08-11 06:15:00
2024-08-11,06:30:00 am,0,103.101,21.461,2024-08-11 06:30:00
2024-08-11,06:45:00 am,0,103.101,21.411,2024-08-11 06:45:00
2024-08-11,07:00:00 am,0,103.097,21.367,2024-08-11 07:00:00
2024-08-11,07:15:00 am,0,103.105,21.323,2024-08-11 07:15:00
2024-08-11,07:30:00 am,0,103.11,21.282,2024-08-11 07:30:00
2024-08-11,07:45:00 am,0,103.122,21.244,2024-08-11 07:45:00
2024-08-11,08:00:00 am,0,103.117,21.216,2024-08-11 08:00:00
2024-08-11,08:15:00 am,0,103.113,21.199,2024-08-11 08:15:00
2024-08-11,08:30:00 am,0,103.112,21.186,2024-08-11 08:30:00
2024-08-11,08:45:00 am,0,103.107,21.188,2024-08-11 08:45:00
2024-08-11,09:00:00 am,0,103.114,21.196,2024-08-11 09:00:00
2024-08-11,09:15:00 am,0,103.128,21.226,2024-08-11 09:15:00
2024-08-11,09:30:00 am,0,103.14,21.253,2024-08-11 09:30:00
2024-08-11,09:45:00 am,0,103.144,21.271,2024-08-11 09:45:00
2024-08-11,10:00:00 am,0,103.153,21.303,2024-08-11 10:00:00
2024-08-11,10:15:00 am,0,103.162,21.333,2024-08-11 10:15:00
2024-08-11,10:30:00 am,0,103.169,21.363,2024-08-11 10:30:00
2024-08-11,10:45:00 am,0,103.174,21.399,2024-08-11 10:45:00
2024-08-11,11:00:00 am,0,103.181,21.435,2024-08-11 11:00:00
2024-08-11,11:15:00 am,0,103.196,21.505,2024-08-11 11:15:00
2024-08-11,11:30:00 am,0,103.21,21.55,2024-08-11 11:30:00
2024-08-11,11:45:00 am,0,103.216,21.58,2024-08-11 11:45:00
2024-08-11,12:00:00 pm,0,103.215,21.619,2024-08-11 12:00:00
2024-08-11,12:15:00 pm,0,103.214,21.671,2024-08-11 12:15:00
2024-08-11,12:30:00 pm,0,103.212,21.726,2024-08-11 12:30:00
2024-08-11,12:45:00 pm,0,103.197,21.776,2024-08-11 12:45:00
2024-08-11,01:00:00 pm,0,103.186,21.828,2024-08-11 01:00:00
2024-08-11,01:15:00 pm,0,103.166,21.884,2024-08-11 01:15:00
2024-08-11,01:30:00 pm,0,103.151,21.946,2024-08-11 01:30:00
2024-08-11,01:45:00 pm,0,103.125,22.034,2024-08-11 01:45:00
2024-08-11,02:00:00 pm,0,103.127,22.11,2024-08-11 02:00:00
2024-08-11,02:15:00 pm,0,103.126,22.189,2024-08-11 02:15:00
2024-08-11,02:30:00 pm,0,103.119,22.26,2024-08-11 02:30:00
2024-08-11,02:45:00 pm,0,103.099,22.327,2024-08-11 02:45:00
2024-08-11,03:00:00 pm,0,103.083,22.399,2024-08-11 03:00:00
2024-08-11,03:15:00 pm,0,103.071,22.473,2024-08-11 03:15:00
2024-08-11,03:30:00 pm,0,103.054,22.515,2024-08-11 03:30:00
2024-08-11,03:45:00 pm,0,103.052,22.548,2024-08-11 03:45:00
2024-08-11,04:00:00 pm,0,103.049,22.593,2024-08-11 04:00:00
2024-08-11,04:15:00 pm,0,103.039,22.624,2024-08-11 04:15:00
2024-08-11,04:30:00 pm,0,103.031,22.652,2024-08-11 04:30:00
2024-08-11,04:45:00 pm,0,103.029,22.677,2024-08-11 04:45:00
2024-08-11,05:00:00 pm,0,103.011,22.702,2024-08-11 05:00:00
2024-08-11,05:15:00 pm,0,103.019,22.72,2024-08-11 05:15:00
2024-08-11,05:30:00 pm,0,103.013,22.737,2024-08-11 05:30:00
2024-08-11,05:45:00 pm,0,103.014,22.752,2024-08-11 05:45:00
2024-08-11,06:00:00 pm,0,103.012,22.748,2024-08-11 06:00:00
2024-08-11,06:15:00 pm,0,103.01,22.755,2024-08-11 06:15:00
2024-08-11,06:30:00 pm,0,103.014,22.761,2024-08-11 06:30:00
2024-08-11,06:45:00 pm,0,103.013,22.763,2024-08-11 06:45:00
2024-08-11,07:00:00 pm,0,103.018,22.765,2024-08-11 07:00:00
2024-08-11,07:15:00 pm,0,103.021,22.765,2024-08-11 07:15:00
2024-08-11,07:30:00 pm,0,103.013,22.756,2024-08-11 07:30:00
2024-08-11,07:45:00 pm,0,103.013,22.755,2024-08-11 07:45:00
2024-08-11,08:00:00 pm,0,103.019,22.747,2024-08-11 08:00:00
2024-08-11,08:15:00 pm,0,103.024,22.736,2024-08-11 08:15:00
2024-08-11,08:30:00 pm,0,103.022,22.724,2024-08-11 08:30:00
2024-08-11,08:45:00 pm,0,103.025,22.708,2024-08-11 08:45:00
2024-08-11,09:00:00 pm,0,103.028,22.69,2024-08-11 09:00:00
2024-08-11,09:15:00 pm,0,103.029,22.669,2024-08-11 09:15:00
2024-08-11,09:30:00 pm,0,103.032,22.645,2024-08-11 09:30:00
2024-08-11,09:45:00 pm,0,103.029,22.624,2024-08-11 09:45:00
2024-08-11,10:00:00 pm,0,103.039,22.599,2024-08-11 10:00:00
2024-08-11,10:15:00 pm,0,103.047,22.571,2024-08-11 10:15:00
2024-08-11,10:30:00 pm,0,103.038,22.545,2024-08-11 10:30:00
2024-08-11,10:45:00 pm,0,103.036,22.513,2024-08-11 10:45:00
2024-08-11,11:00:00 pm,0,103.031,22.479,2024-08-11 11:00:00
2024-08-11,11:15:00 pm,0,103.027,22.448,2024-08-11 11:15:00
2024-08-11,11:30:00 pm,0,103.032,22.414,2024-08-11 11:30:00
2024-08-11,11:45:00 pm,0,103.02,22.381,2024-08-11 11:45:00
2024-08-12,12:00:00 am,0,103.017,22.346,2024-08-12 12:00:00
2024-08-12,12:15:00 am,0,103.01,22.306,2024-08-12 12:15:00
2024-08-12,12:30:00 am,0,103.007,22.269,2024-08-12 12:30:00
2024-08-12,12:45:00 am,0,102.998,22.229,2024-08-12 12:45:00
2024-08-12,01:00:00 am,0,102.998,22.193,2024-08-12 01:00:00
2024-08-12,01:15:00 am,0,103,22.152,2024-08-12 01:15:00
2024-08-12,01:30:00 am,0,102.988,22.114,2024-08-12 01:30:00
2024-08-12,01:45:00 am,0,102.981,22.076,2024-08-12 01:45:00
2024-08-12,02:00:00 am,0,102.976,22.038,2024-08-12 02:00:00
2024-08-12,02:15:00 am,0,102.964,21.996,2024-08-12 02:15:00
2024-08-12,02:30:00 am,0,102.949,21.953,2024-08-12 02:30:00
2024-08-12,02:45:00 am,0,102.936,21.91,2024-08-12 02:45:00
2024-08-12,03:00:00 am,0,102.925,21.87,2024-08-12 03:00:00
2024-08-12,03:15:00 am,0,102.92,21.829,2024-08-12 03:15:00
2024-08-12,03:30:00 am,0,102.909,21.783,2024-08-12 03:30:00
2024-08-12,03:45:00 am,0,102.893,21.736,2024-08-12 03:45:00
2024-08-12,04:00:00 am,0,102.895,21.692,2024-08-12 04:00:00
2024-08-12,04:15:00 am,0,102.91,21.653,2024-08-12 04:15:00
2024-08-12,04:30:00 am,0,102.917,21.607,2024-08-12 04:30:00
2024-08-12,04:45:00 am,0,102.919,21.568,2024-08-12 04:45:00
2024-08-12,05:00:00 am,0,102.921,21.528,2024-08-12 05:00:00
2024-08-12,05:15:00 am,0,102.935,21.481,2024-08-12 05:15:00
2024-08-12,05:30:00 am,0,102.949,21.436,2024-08-12 05:30:00
2024-08-12,05:45:00 am,0,102.957,21.39,2024-08-12 05:45:00
2024-08-12,06:00:00 am,0,102.975,21.346,2024-08-12 06:00:00
2024-08-12,06:15:00 am,0,102.99,21.304,2024-08-12 06:15:00
2024-08-12,06:30:00 am,0,102.996,21.268,2024-08-12 06:30:00
2024-08-12,06:45:00 am,0,103.003,21.234,2024-08-12 06:45:00
2024-08-12,07:00:00 am,0,103.021,21.19,2024-08-12 07:00:00
2024-08-12,07:15:00 am,0,103.03,21.157,2024-08-12 07:15:00
2024-08-12,07:30:00 am,0,103.044,21.124,2024-08-12 07:30:00
2024-08-12,07:45:00 am,0,103.051,21.101,2024-08-12 07:45:00
2024-08-12,08:00:00 am,0,103.075,21.081,2024-08-12 08:00:00
2024-08-12,08:15:00 am,0,103.083,21.081,2024-08-12 08:15:00
2024-08-12,08:30:00 am,0,103.087,21.075,2024-08-12 08:30:00
2024-08-12,08:45:00 am,0,103.09,21.078,2024-08-12 08:45:00
2024-08-12,09:00:00 am,0,103.098,21.09,2024-08-12 09:00:00
2024-08-12,09:15:00 am,0,103.107,21.112,2024-08-12 09:15:00
2024-08-12,09:30:00 am,0,103.115,21.138,2024-08-12 09:30:00
2024-08-12,09:45:00 am,0,103.13,21.169,2024-08-12 09:45:00
2024-08-12,10:00:00 am,0,103.141,21.199,2024-08-12 10:00:00
2024-08-12,10:15:00 am,0,103.155,21.229,2024-08-12 10:15:00
2024-08-12,10:30:00 am,0,103.165,21.262,2024-08-12 10:30:00
2024-08-12,10:45:00 am,0,103.169,21.296,2024-08-12 10:45:00
2024-08-12,11:00:00 am,0,103.177,21.337,2024-08-12 11:00:00
2024-08-12,11:15:00 am,0,103.193,21.399,2024-08-12 11:15:00
2024-08-12,11:30:00 am,0,103.2,21.447,2024-08-12 11:30:00
2024-08-12,11:45:00 am,0,103.193,21.485,2024-08-12 11:45:00
2024-08-12,12:00:00 pm,0,103.187,21.53,2024-08-12 12:00:00
2024-08-12,12:15:00 pm,0,103.171,21.582,2024-08-12 12:15:00
2024-08-12,12:30:00 pm,0,103.169,21.636,2024-08-12 12:30:00
2024-08-12,12:45:00 pm,0,103.173,21.689,2024-08-12 12:45:00
2024-08-12,01:00:00 pm,0,103.165,21.738,2024-08-12 01:00:00
2024-08-12,01:15:00 pm,0,103.152,21.782,2024-08-12 01:15:00
2024-08-12,01:30:00 pm,0,103.134,21.836,2024-08-12 01:30:00
2024-08-12,01:45:00 pm,0,103.121,21.9,2024-08-12 01:45:00
2024-08-12,02:00:00 pm,0,103.111,21.964,2024-08-12 02:00:00
2024-08-12,02:15:00 pm,0,103.105,22.032,2024-08-12 02:15:00
2024-08-12,02:30:00 pm,0,103.092,22.095,2024-08-12 02:30:00
2024-08-12,02:45:00 pm,0,103.08,22.162,2024-08-12 02:45:00
2024-08-12,03:00:00 pm,0,103.065,22.231,2024-08-12 03:00:00
2024-08-12,03:15:00 pm,0,103.046,22.306,2024-08-12 03:15:00
2024-08-12,03:30:00 pm,0,103.03,22.355,2024-08-12 03:30:00
2024-08-12,03:45:00 pm,0,103.032,22.381,2024-08-12 03:45:00
2024-08-12,04:00:00 pm,0,103.024,22.425,2024-08-12 04:00:00
2024-08-12,04:15:00 pm,0,103.017,22.456,2024-08-12 04:15:00
2024-08-12,04:30:00 pm,0,103.019,22.485,2024-08-12 04:30:00
2024-08-12,04:45:00 pm,0,103.017,22.513,2024-08-12 04:45:00
2024-08-12,05:00:00 pm,0,103.015,22.539,2024-08-12 05:00:00
2024-08-12,05:15:00 pm,0,103.01,22.561,2024-08-12 05:15:00
2024-08-12,05:30:00 pm,0,103.006,22.577,2024-08-12 05:30:00
2024-08-12,05:45:00 pm,0,102.993,22.594,2024-08-12 05:45:00
2024-08-12,06:00:00 pm,0,102.985,22.607,2024-08-12 06:00:00
2024-08-12,06:15:00 pm,0,102.966,22.618,2024-08-12 06:15:00
2024-08-12,06:30:00 pm,0,102.963,22.622,2024-08-12 06:30:00
2024-08-12,06:45:00 pm,0,102.963,22.624,2024-08-12 06:45:00
2024-08-12,07:00:00 pm,0,102.958,22.627,2024-08-12 07:00:00
2024-08-12,07:15:00 pm,0,102.96,22.627,2024-08-12 07:15:00
2024-08-12,07:30:00 pm,0,102.97,22.625,2024-08-12 07:30:00
2024-08-12,07:45:00 pm,0,102.976,22.625,2024-08-12 07:45:00
2024-08-12,08:00:00 pm,0,102.98,22.623,2024-08-12 08:00:00
2024-08-12,08:15:00 pm,0,102.986,22.616,2024-08-12 08:15:00
2024-08-12,08:30:00 pm,0,102.989,22.615,2024-08-12 08:30:00
2024-08-12,08:45:00 pm,0,102.99,22.608,2024-08-12 08:45:00
2024-08-12,09:00:00 pm,0,103.007,22.601,2024-08-12 09:00:00
2024-08-12,09:15:00 pm,0,103.018,22.591,2024-08-12 09:15:00
2024-08-12,09:30:00 pm,0,103.018,22.577,2024-08-12 09:30:00
2024-08-12,09:45:00 pm,0,103.018,22.564,2024-08-12 09:45:00
2024-08-12,10:00:00 pm,0,103.023,22.55,2024-08-12 10:00:00
2024-08-12,10:15:00 pm,0,103.022,22.53,2024-08-12 10:15:00
2024-08-12,10:30:00 pm,0,103.02,22.513,2024-08-12 10:30:00
2024-08-12,10:45:00 pm,0,103.026,22.492,2024-08-12 10:45:00
2024-08-12,11:00:00 pm,0,103.021,22.474,2024-08-12 11:00:00
2024-08-12,11:15:00 pm,0,103.015,22.454,2024-08-12 11:15:00
2024-08-12,11:30:00 pm,0,103.007,22.434,2024-08-12 11:30:00
2024-08-12,11:45:00 pm,0,102.998,22.413,2024-08-12 11:45:00
2024-08-13,12:00:00 am,0,102.991,22.392,2024-08-13 12:00:00
2024-08-13,12:15:00 am,0,102.986,22.368,2024-08-13 12:15:00
2024-08-13,12:30:00 am,0,102.98,22.346,2024-08-13 12:30:00
2024-08-13,12:45:00 am,0,102.97,22.321,2024-08-13 12:45:00
2024-08-13,01:00:00 am,0,102.965,22.298,2024-08-13 01:00:00
2024-08-13,01:15:00 am,0,102.958,22.275,2024-08-13 01:15:00
2024-08-13,01:30:00 am,0,102.953,22.248,2024-08-13 01:30:00
2024-08-13,01:45:00 am,0,102.944,22.224,2024-08-13 01:45:00
2024-08-13,02:00:00 am,0,102.941,22.195,2024-08-13 02:00:00
2024-08-13,02:15:00 am,0,102.939,22.168,2024-08-13 02:15:00
2024-08-13,02:30:00 am,0,102.936,22.14,2024-08-13 02:30:00
2024-08-13,02:45:00 am,0,102.939,22.11,2024-08-13 02:45:00
2024-08-13,03:00:00 am,0,102.936,22.081,2024-08-13 03:00:00
2024-08-13,03:15:00 am,0,102.934,22.054,2024-08-13 03:15:00
2024-08-13,03:30:00 am,0,102.943,22.026,2024-08-13 03:30:00
2024-08-13,03:45:00 am,0,102.941,22,2024-08-13 03:45:00
2024-08-13,04:00:00 am,0,102.943,21.971,2024-08-13 04:00:00
2024-08-13,04:15:00 am,0,102.95,21.942,2024-08-13 04:15:00
2024-08-13,04:30:00 am,0,102.948,21.913,2024-08-13 04:30:00
2024-08-13,04:45:00 am,0,102.956,21.883,2024-08-13 04:45:00
2024-08-13,05:00:00 am,0,102.963,21.853,2024-08-13 05:00:00
2024-08-13,05:15:00 am,0,102.964,21.828,2024-08-13 05:15:00
2024-08-13,05:30:00 am,0,102.968,21.798,2024-08-13 05:30:00
2024-08-13,05:45:00 am,0,102.971,21.767,2024-08-13 05:45:00
2024-08-13,06:00:00 am,0,102.97,21.736,2024-08-13 06:00:00
2024-08-13,06:15:00 am,0,102.974,21.709,2024-08-13 06:15:00
2024-08-13,06:30:00 am,0,102.985,21.679,2024-08-13 06:30:00
2024-08-13,06:45:00 am,0,102.984,21.651,2024-08-13 06:45:00
2024-08-13,07:00:00 am,0,102.993,21.623,2024-08-13 07:00:00
2024-08-13,07:15:00 am,0,103.009,21.6,2024-08-13 07:15:00
2024-08-13,07:30:00 am,0,103.033,21.58,2024-08-13 07:30:00
2024-08-13,07:45:00 am,0,103.056,21.564,2024-08-13 07:45:00
2024-08-13,08:00:00 am,0,103.07,21.554,2024-08-13 08:00:00
2024-08-13,08:15:00 am,0,103.075,21.546,2024-08-13 08:15:00
2024-08-13,08:30:00 am,0,103.091,21.548,2024-08-13 08:30:00
2024-08-13,08:45:00 am,0,103.097,21.555,2024-08-13 08:45:00
2024-08-13,09:00:00 am,0,103.113,21.571,2024-08-13 09:00:00
2024-08-13,09:15:00 am,0,103.123,21.589,2024-08-13 09:15:00
2024-08-13,09:30:00 am,0,103.131,21.615,2024-08-13 09:30:00
2024-08-13,09:45:00 am,0,103.143,21.645,2024-08-13 09:45:00
2024-08-13,10:00:00 am,0,103.152,21.673,2024-08-13 10:00:00
2024-08-13,10:15:00 am,0,103.166,21.705,2024-08-13 10:15:00
2024-08-13,10:30:00 am,0,103.181,21.739,2024-08-13 10:30:00
2024-08-13,10:45:00 am,0,103.194,21.769,2024-08-13 10:45:00
2024-08-13,11:00:00 am,0,103.196,21.805,2024-08-13 11:00:00
2024-08-13,11:15:00 am,0,103.2,21.867,2024-08-13 11:15:00
2024-08-13,11:30:00 am,0,103.199,21.917,2024-08-13 11:30:00
2024-08-13,11:45:00 am,0,103.19,21.947,2024-08-13 11:45:00
2024-08-13,12:00:00 pm,0,103.177,21.985,2024-08-13 12:00:00
2024-08-13,12:15:00 pm,0,103.173,22.036,2024-08-13 12:15:00
2024-08-13,12:30:00 pm,0,103.164,22.092,2024-08-13 12:30:00
2024-08-13,12:45:00 pm,0,103.156,22.143,2024-08-13 12:45:00
2024-08-13,01:00:00 pm,0,103.144,22.2,2024-08-13 01:00:00
2024-08-13,01:15:00 pm,0,103.13,22.243,2024-08-13 01:15:00
2024-08-13,01:30:00 pm,0,103.127,22.287,2024-08-13 01:30:00
2024-08-13,01:45:00 pm,0,103.125,22.348,2024-08-13 01:45:00
2024-08-13,02:00:00 pm,0,103.123,22.418,2024-08-13 02:00:00
2024-08-13,02:15:00 pm,0,103.118,22.496,2024-08-13 02:15:00
2024-08-13,02:30:00 pm,0,103.106,22.542,2024-08-13 02:30:00
2024-08-13,02:45:00 pm,0,103.092,22.606,2024-08-13 02:45:00
2024-08-13,03:00:00 pm,0,103.081,22.661,2024-08-13 03:00:00
2024-08-13,03:15:00 pm,0,103.007,22.705,2024-08-13 03:15:00
2024-08-13,03:30:00 pm,0,103.008,22.734,2024-08-13 03:30:00
2024-08-13,03:45:00 pm,0,102.998,22.769,2024-08-13 03:45:00
2024-08-13,04:00:00 pm,0,102.987,22.811,2024-08-13 04:00:00
2024-08-13,04:15:00 pm,0,102.992,22.837,2024-08-13 04:15:00
2024-08-13,04:30:00 pm,0,102.983,22.865,2024-08-13 04:30:00
2024-08-13,04:45:00 pm,0,102.968,22.893,2024-08-13 04:45:00
2024-08-13,05:00:00 pm,0,102.959,22.919,2024-08-13 05:00:00
2024-08-13,05:15:00 pm,0,102.956,22.942,2024-08-13 05:15:00
2024-08-13,05:30:00 pm,0,102.963,22.959,2024-08-13 05:30:00
2024-08-13,05:45:00 pm,0,102.971,22.981,2024-08-13 05:45:00
2024-08-13,06:00:00 pm,0,102.974,22.999,2024-08-13 06:00:00
2024-08-13,06:15:00 pm,0,102.978,23.008,2024-08-13 06:15:00
2024-08-13,06:30:00 pm,0,102.99,23.014,2024-08-13 06:30:00
2024-08-13,06:45:00 pm,0,103.002,23.015,2024-08-13 06:45:00
2024-08-13,07:00:00 pm,0,103.014,23.015,2024-08-13 07:00:00
2024-08-13,07:15:00 pm,0,103.021,23.015,2024-08-13 07:15:00
2024-08-13,07:30:00 pm,0,103.027,23.014,2024-08-13 07:30:00
2024-08-13,07:45:00 pm,0,103.02,23.011,2024-08-13 07:45:00
2024-08-13,08:00:00 pm,0,103.017,23.005,2024-08-13 08:00:00
2024-08-13,08:15:00 pm,0,103.023,22.999,2024-08-13 08:15:00
2024-08-13,08:30:00 pm,0,103.018,22.993,2024-08-13 08:30:00
2024-08-13,08:45:00 pm,0,103.008,22.986,2024-08-13 08:45:00
2024-08-13,09:00:00 pm,0,103.006,22.98,2024-08-13 09:00:00
2024-08-13,09:15:00 pm,0,103.002,22.968,2024-08-13 09:15:00
2024-08-13,09:30:00 pm,0,103.01,22.96,2024-08-13 09:30:00
2024-08-13,09:45:00 pm,0,103.007,22.949,2024-08-13 09:45:00
2024-08-13,10:00:00 pm,0,103.011,22.937,2024-08-13 10:00:00
2024-08-13,10:15:00 pm,0,103.006,22.922,2024-08-13 10:15:00
2024-08-13,10:30:00 pm,0,103.004,22.907,2024-08-13 10:30:00
2024-08-13,10:45:00 pm,0,102.997,22.89,2024-08-13 10:45:00
2024-08-13,11:00:00 pm,0,102.995,22.872,2024-08-13 11:00:00
2024-08-13,11:15:00 pm,0,102.983,22.854,2024-08-13 11:15:00
2024-08-13,11:30:00 pm,0,102.987,22.834,2024-08-13 11:30:00
2024-08-13,11:45:00 pm,0,102.99,22.817,2024-08-13 11:45:00
2024-08-14,12:00:00 am,0,102.985,22.795,2024-08-14 12:00:00
2024-08-14,12:15:00 am,0,102.988,22.773,2024-08-14 12:15:00
2024-08-14,12:30:00 am,0,102.981,22.751,2024-08-14 12:30:00
2024-08-14,12:45:00 am,0,102.98,22.731,2024-08-14 12:45:00
2024-08-14,01:00:00 am,0,102.968,22.709,2024-08-14 01:00:00
2024-08-14,01:15:00 am,0,102.965,22.687,2024-08-14 01:15:00
2024-08-14,01:30:00 am,0,102.957,22.661,2024-08-14 01:30:00
2024-08-14,01:45:00 am,0,102.956,22.639,2024-08-14 01:45:00
2024-08-14,02:00:00 am,0,102.955,22.614,2024-08-14 02:00:00
2024-08-14,02:15:00 am,0,102.96,22.587,2024-08-14 02:15:00
2024-08-14,02:30:00 am,0,102.955,22.562,2024-08-14 02:30:00
2024-08-14,02:45:00 am,0,102.955,22.537,2024-08-14 02:45:00
2024-08-14,03:00:00 am,0,102.949,22.51,2024-08-14 03:00:00
2024-08-14,03:15:00 am,0,102.953,22.487,2024-08-14 03:15:00
2024-08-14,03:30:00 am,0,102.954,22.466,2024-08-14 03:30:00
2024-08-14,03:45:00 am,0,102.958,22.446,2024-08-14 03:45:00
2024-08-14,04:00:00 am,0,102.956,22.427,2024-08-14 04:00:00
2024-08-14,04:15:00 am,0,102.962,22.411,2024-08-14 04:15:00
2024-08-14,04:30:00 am,0,102.964,22.396,2024-08-14 04:30:00
2024-08-14,04:45:00 am,0,102.964,22.379,2024-08-14 04:45:00
2024-08-14,05:00:00 am,0,102.973,22.368,2024-08-14 05:00:00
2024-08-14,05:15:00 am,0,102.976,22.355,2024-08-14 05:15:00
2024-08-14,05:30:00 am,0,102.98,22.346,2024-08-14 05:30:00
2024-08-14,05:45:00 am,0,102.985,22.334,2024-08-14 05:45:00
2024-08-14,06:00:00 am,0,102.996,22.324,2024-08-14 06:00:00
2024-08-14,06:15:00 am,0,103.004,22.314,2024-08-14 06:15:00
2024-08-14,06:30:00 am,0,103.005,22.305,2024-08-14 06:30:00
2024-08-14,06:45:00 am,0,103.014,22.294,2024-08-14 06:45:00
2024-08-14,07:00:00 am,0,103.024,22.287,2024-08-14 07:00:00
2024-08-14,07:15:00 am,0,103.034,22.28,2024-08-14 07:15:00
2024-08-14,07:30:00 am,0,103.043,22.276,2024-08-14 07:30:00
2024-08-14,07:45:00 am,0,103.051,22.273,2024-08-14 07:45:00
2024-08-14,08:00:00 am,0,103.06,22.272,2024-08-14 08:00:00
2024-08-14,08:15:00 am,0,103.066,22.274,2024-08-14 08:15:00
2024-08-14,08:30:00 am,0,103.074,22.276,2024-08-14 08:30:00
2024-08-14,08:45:00 am,0,103.079,22.282,2024-08-14 08:45:00
2024-08-14,09:00:00 am,0,103.091,22.29,2024-08-14 09:00:00
2024-08-14,09:15:00 am,0,103.102,22.303,2024-08-14 09:15:00
2024-08-14,09:30:00 am,0,103.105,22.322,2024-08-14 09:30:00
2024-08-14,09:45:00 am,0,103.115,22.341,2024-08-14 09:45:00
2024-08-14,10:00:00 am,0,103.123,22.362,2024-08-14 10:00:00
2024-08-14,10:15:00 am,0,103.131,22.385,2024-08-14 10:15:00
2024-08-14,10:30:00 am,0,103.142,22.416,2024-08-14 10:30:00
2024-08-14,10:45:00 am,0,103.147,22.45,2024-08-14 10:45:00
2024-08-14,11:00:00 am,0,103.151,22.479,2024-08-14 11:00:00
2024-08-14,11:15:00 am,0,103.163,22.511,2024-08-14 11:15:00
2024-08-14,11:30:00 am,0,103.17,22.539,2024-08-14 11:30:00
2024-08-14,11:45:00 am,0,103.173,22.565,2024-08-14 11:45:00
2024-08-14,12:00:00 pm,0,103.176,22.585,2024-08-14 12:00:00
2024-08-14,12:15:00 pm,0,103.183,22.602,2024-08-14 12:15:00
2024-08-14,12:30:00 pm,0,103.184,22.626,2024-08-14 12:30:00
2024-08-14,12:45:00 pm,0,103.177,22.647,2024-08-14 12:45:00
2024-08-14,01:00:00 pm,0,103.172,22.664,2024-08-14 01:00:00
2024-08-14,01:15:00 pm,0,103.172,22.681,2024-08-14 01:15:00
2024-08-14,01:30:00 pm,0,103.167,22.693,2024-08-14 01:30:00
2024-08-14,01:45:00 pm,0,103.148,22.702,2024-08-14 01:45:00
2024-08-14,02:00:00 pm,0,103.143,22.709,2024-08-14 02:00:00
2024-08-14,02:15:00 pm,0,103.138,22.72,2024-08-14 02:15:00
2024-08-14,02:30:00 pm,0,103.119,22.739,2024-08-14 02:30:00
2024-08-14,02:45:00 pm,0,102.997,22.751,2024-08-14 02:45:00
2024-08-14,03:00:00 pm,0,102.982,22.763,2024-08-14 03:00:00
2024-08-14,03:15:00 pm,0,102.96,22.774,2024-08-14 03:15:00
2024-08-14,03:30:00 pm,0,102.942,22.78,2024-08-14 03:30:00
2024-08-14,03:45:00 pm,0,102.924,22.799,2024-08-14 03:45:00
2024-08-14,04:00:00 pm,0,102.921,22.817,2024-08-14 04:00:00
2024-08-14,04:15:00 pm,0,102.91,22.833,2024-08-14 04:15:00
2024-08-14,04:30:00 pm,0,102.882,22.844,2024-08-14 04:30:00
2024-08-14,04:45:00 pm,0,102.882,22.855,2024-08-14 04:45:00
2024-08-14,05:00:00 pm,0,102.871,22.866,2024-08-14 05:00:00
2024-08-14,05:15:00 pm,0,102.868,22.877,2024-08-14 05:15:00
2024-08-14,05:30:00 pm,0,102.871,22.882,2024-08-14 05:30:00
2024-08-14,05:45:00 pm,0,102.871,22.891,2024-08-14 05:45:00
2024-08-14,06:00:00 pm,0,102.865,22.898,2024-08-14 06:00:00
2024-08-14,06:15:00 pm,0,102.865,22.907,2024-08-14 06:15:00
2024-08-14,06:30:00 pm,0,102.884,22.911,2024-08-14 06:30:00
2024-08-14,06:45:00 pm,0,102.895,22.913,2024-08-14 06:45:00
2024-08-14,07:00:00 pm,0,102.898,22.916,2024-08-14 07:00:00
2024-08-14,07:15:00 pm,0,102.887,22.915,2024-08-14 07:15:00
2024-08-14,07:30:00 pm,0,102.896,22.915,2024-08-14 07:30:00
2024-08-14,07:45:00 pm,0,102.899,22.912,2024-08-14 07:45:00
2024-08-14,08:00:00 pm,0,102.893,22.906,2024-08-14 08:00:00
2024-08-14,08:15:00 pm,0,102.882,22.902,2024-08-14 08:15:00
2024-08-14,08:30:00 pm,0,102.874,22.896,2024-08-14 08:30:00
2024-08-14,08:45:00 pm,0,102.876,22.885,2024-08-14 08:45:00
2024-08-14,09:00:00 pm,0,102.883,22.879,2024-08-14 09:00:00
2024-08-14,09:15:00 pm,0,102.878,22.87,2024-08-14 09:15:00
2024-08-14,09:30:00 pm,0,102.883,22.862,2024-08-14 09:30:00
2024-08-14,09:45:00 pm,0,102.875,22.851,2024-08-14 09:45:00
2024-08-14,10:00:00 pm,0,102.885,22.841,2024-08-14 10:00:00
2024-08-14,10:15:00 pm,0,102.885,22.83,2024-08-14 10:15:00
2024-08-14,10:30:00 pm,0,102.878,22.821,2024-08-14 10:30:00
2024-08-14,10:45:00 pm,0,102.875,22.806,2024-08-14 10:45:00
2024-08-14,11:00:00 pm,0,102.877,22.796,2024-08-14 11:00:00
2024-08-14,11:15:00 pm,0,102.874,22.784,2024-08-14 11:15:00
2024-08-14,11:30:00 pm,0,102.867,22.772,2024-08-14 11:30:00
2024-08-14,11:45:00 pm,0,102.859,22.758,2024-08-14 11:45:00
2024-08-15,12:00:00 am,0,102.862,22.742,2024-08-15 12:00:00
2024-08-15,12:15:00 am,0,102.843,22.729,2024-08-15 12:15:00
2024-08-15,12:30:00 am,0,102.83,22.712,2024-08-15 12:30:00
2024-08-15,12:45:00 am,0,102.809,22.695,2024-08-15 12:45:00
2024-08-15,01:00:00 am,0,102.783,22.676,2024-08-15 01:00:00
2024-08-15,01:15:00 am,0,102.778,22.657,2024-08-15 01:15:00
2024-08-15,01:30:00 am,0,102.78,22.635,2024-08-15 01:30:00
2024-08-15,01:45:00 am,0,102.773,22.614,2024-08-15 01:45:00
2024-08-15,02:00:00 am,0,102.765,22.591,2024-08-15 02:00:00
2024-08-15,02:15:00 am,0,102.761,22.567,2024-08-15 02:15:00
2024-08-15,02:30:00 am,0,102.756,22.543,2024-08-15 02:30:00
2024-08-15,02:45:00 am,0,102.779,22.519,2024-08-15 02:45:00
2024-08-15,03:00:00 am,0,102.783,22.495,2024-08-15 03:00:00
2024-08-15,03:15:00 am,0,102.801,22.47,2024-08-15 03:15:00
2024-08-15,03:30:00 am,0,102.809,22.445,2024-08-15 03:30:00
2024-08-15,03:45:00 am,0,102.814,22.419,2024-08-15 03:45:00
2024-08-15,04:00:00 am,0,102.826,22.394,2024-08-15 04:00:00
2024-08-15,04:15:00 am,0,102.843,22.366,2024-08-15 04:15:00
2024-08-15,04:30:00 am,0,102.858,22.337,2024-08-15 04:30:00
2024-08-15,04:45:00 am,0,102.868,22.312,2024-08-15 04:45:00
2024-08-15,05:00:00 am,0,102.874,22.282,2024-08-15 05:00:00
2024-08-15,05:15:00 am,0,102.878,22.255,2024-08-15 05:15:00
2024-08-15,05:30:00 am,0,102.896,22.228,2024-08-15 05:30:00
2024-08-15,05:45:00 am,0,102.906,22.194,2024-08-15 05:45:00
2024-08-15,06:00:00 am,0,102.924,22.165,2024-08-15 06:00:00
2024-08-15,06:15:00 am,0,102.926,22.141,2024-08-15 06:15:00
2024-08-15,06:30:00 am,0,102.923,22.109,2024-08-15 06:30:00
2024-08-15,06:45:00 am,0,102.929,22.082,2024-08-15 06:45:00
2024-08-15,07:00:00 am,0,102.946,22.055,2024-08-15 07:00:00
2024-08-15,07:15:00 am,0,102.956,22.028,2024-08-15 07:15:00
2024-08-15,07:30:00 am,0,102.964,22.006,2024-08-15 07:30:00
2024-08-15,07:45:00 am,0,102.987,21.992,2024-08-15 07:45:00
2024-08-15,08:00:00 am,0,102.992,21.979,2024-08-15 08:00:00
2024-08-15,08:15:00 am,0,103,21.972,2024-08-15 08:15:00
2024-08-15,08:30:00 am,0,103.002,21.975,2024-08-15 08:30:00
2024-08-15,08:45:00 am,0,103.003,21.983,2024-08-15 08:45:00
2024-08-15,09:00:00 am,0,103.003,21.992,2024-08-15 09:00:00
2024-08-15,09:15:00 am,0,103.003,22.009,2024-08-15 09:15:00
2024-08-15,09:30:00 am,0,103.007,22.028,2024-08-15 09:30:00
2024-08-15,09:45:00 am,0,103.013,22.055,2024-08-15 09:45:00
2024-08-15,10:00:00 am,0,103.013,22.079,2024-08-15 10:00:00
2024-08-15,10:15:00 am,0,103.002,22.108,2024-08-15 10:15:00
2024-08-15,10:30:00 am,0,103.001,22.144,2024-08-15 10:30:00
2024-08-15,10:45:00 am,0,103.013,22.178,2024-08-15 10:45:00
2024-08-15,11:00:00 am,0,103.003,22.219,2024-08-15 11:00:00
2024-08-15,11:15:00 am,0,103.009,22.258,2024-08-15 11:15:00
2024-08-15,11:30:00 am,0,103.009,22.29,2024-08-15 11:30:00
2024-08-15,11:45:00 am,0,102.998,22.314,2024-08-15 11:45:00
2024-08-15,12:00:00 pm,0,102.982,22.342,2024-08-15 12:00:00
2024-08-15,12:15:00 pm,0,102.984,22.384,2024-08-15 12:15:00
2024-08-15,12:30:00 pm,0,102.987,22.419,2024-08-15 12:30:00
2024-08-15,12:45:00 pm,0,102.985,22.456,2024-08-15 12:45:00
2024-08-15,01:00:00 pm,0,102.984,22.5,2024-08-15 01:00:00
2024-08-15,01:15:00 pm,0,102.983,22.552,2024-08-15 01:15:00
2024-08-15,01:30:00 pm,0,102.973,22.618,2024-08-15 01:30:00
2024-08-15,01:45:00 pm,0,102.969,22.695,2024-08-15 01:45:00
2024-08-15,02:00:00 pm,0,102.964,22.774,2024-08-15 02:00:00
2024-08-15,02:15:00 pm,0,102.957,22.848,2024-08-15 02:15:00
2024-08-15,02:30:00 pm,0,102.949,22.918,2024-08-15 02:30:00
2024-08-15,02:45:00 pm,0,102.943,22.971,2024-08-15 02:45:00
2024-08-15,03:00:00 pm,0,102.925,23.018,2024-08-15 03:00:00
2024-08-15,03:15:00 pm,0,102.92,23.05,2024-08-15 03:15:00
2024-08-15,03:30:00 pm,0,102.893,23.087,2024-08-15 03:30:00
2024-08-15,03:45:00 pm,0,102.878,23.122,2024-08-15 03:45:00
2024-08-15,04:00:00 pm,0,102.865,23.149,2024-08-15 04:00:00
2024-08-15,04:15:00 pm,0,102.854,23.171,2024-08-15 04:15:00
2024-08-15,04:30:00 pm,0,102.845,23.191,2024-08-15 04:30:00
2024-08-15,04:45:00 pm,0,102.831,23.213,2024-08-15 04:45:00
2024-08-15,05:00:00 pm,0,102.821,23.229,2024-08-15 05:00:00
2024-08-15,05:15:00 pm,0,102.816,23.24,2024-08-15 05:15:00
2024-08-15,05:30:00 pm,0,102.685,23.255,2024-08-15 05:30:00
2024-08-15,05:45:00 pm,0,102.684,23.264,2024-08-15 05:45:00
2024-08-15,06:00:00 pm,0,102.679,23.265,2024-08-15 06:00:00
2024-08-15,06:15:00 pm,0,102.686,23.264,2024-08-15 06:15:00
2024-08-15,06:30:00 pm,0,102.682,23.264,2024-08-15 06:30:00
2024-08-15,06:45:00 pm,0,102.686,23.262,2024-08-15 06:45:00
2024-08-15,07:00:00 pm,0,102.688,23.258,2024-08-15 07:00:00
2024-08-15,07:15:00 pm,0,102.708,23.253,2024-08-15 07:15:00
2024-08-15,07:30:00 pm,0,102.718,23.248,2024-08-15 07:30:00
2024-08-15,07:45:00 pm,0,102.729,23.243,2024-08-15 07:45:00
2024-08-15,08:00:00 pm,0,102.73,23.239,2024-08-15 08:00:00
2024-08-15,08:15:00 pm,0,102.745,23.237,2024-08-15 08:15:00
2024-08-15,08:30:00 pm,0,102.754,23.231,2024-08-15 08:30:00
2024-08-15,08:45:00 pm,0,102.781,23.228,2024-08-15 08:45:00
2024-08-15,09:00:00 pm,0,102.797,23.219,2024-08-15 09:00:00
2024-08-15,09:15:00 pm,0,102.805,23.215,2024-08-15 09:15:00
2024-08-15,09:30:00 pm,0,102.817,23.204,2024-08-15 09:30:00
2024-08-15,09:45:00 pm,0,102.815,23.197,2024-08-15 09:45:00
2024-08-15,10:00:00 pm,0,102.83,23.192,2024-08-15 10:00:00
2024-08-15,10:15:00 pm,0,102.842,23.184,2024-08-15 10:15:00
2024-08-15,10:30:00 pm,0,102.831,23.174,2024-08-15 10:30:00
2024-08-15,10:45:00 pm,0,102.84,23.167,2024-08-15 10:45:00
2024-08-15,11:00:00 pm,0,102.83,23.159,2024-08-15 11:00:00
2024-08-15,11:15:00 pm,0,102.838,23.147,2024-08-15 11:15:00
2024-08-15,11:30:00 pm,0,102.826,23.139,2024-08-15 11:30:00
2024-08-15,11:45:00 pm,0,102.83,23.131,2024-08-15 11:45:00
2024-08-16,12:00:00 am,0,102.823,23.121,2024-08-16 12:00:00
2024-08-16,12:15:00 am,0,102.818,23.11,2024-08-16 12:15:00
2024-08-16,12:30:00 am,0,102.822,23.097,2024-08-16 12:30:00
2024-08-16,12:45:00 am,0,102.819,23.084,2024-08-16 12:45:00
2024-08-16,01:00:00 am,0,102.811,23.073,2024-08-16 01:00:00
2024-08-16,01:15:00 am,0,102.795,23.061,2024-08-16 01:15:00
2024-08-16,01:30:00 am,0,102.795,23.049,2024-08-16 01:30:00
2024-08-16,01:45:00 am,0,102.801,23.036,2024-08-16 01:45:00
2024-08-16,02:00:00 am,0,102.794,23.02,2024-08-16 02:00:00
2024-08-16,02:15:00 am,0,102.795,23.006,2024-08-16 02:15:00
2024-08-16,02:30:00 am,0,102.785,22.991,2024-08-16 02:30:00
2024-08-16,02:45:00 am,0,102.796,22.974,2024-08-16 02:45:00
2024-08-16,03:00:00 am,0,102.794,22.959,2024-08-16 03:00:00
2024-08-16,03:15:00 am,0,102.804,22.941,2024-08-16 03:15:00
2024-08-16,03:30:00 am,0,102.807,22.923,2024-08-16 03:30:00
2024-08-16,03:45:00 am,0,102.81,22.906,2024-08-16 03:45:00
2024-08-16,04:00:00 am,0,102.807,22.887,2024-08-16 04:00:00
2024-08-16,04:15:00 am,0,102.802,22.871,2024-08-16 04:15:00
2024-08-16,04:30:00 am,0,102.797,22.848,2024-08-16 04:30:00
2024-08-16,04:45:00 am,0,102.804,22.827,2024-08-16 04:45:00
2024-08-16,05:00:00 am,0,102.812,22.806,2024-08-16 05:00:00
2024-08-16,05:15:00 am,0,102.813,22.787,2024-08-16 05:15:00
2024-08-16,05:30:00 am,0,102.828,22.767,2024-08-16 05:30:00
2024-08-16,05:45:00 am,0,102.838,22.746,2024-08-16 05:45:00
2024-08-16,06:00:00 am,0,102.839,22.726,2024-08-16 06:00:00
2024-08-16,06:15:00 am,0,102.84,22.704,2024-08-16 06:15:00
2024-08-16,06:30:00 am,0,102.859,22.687,2024-08-16 06:30:00
2024-08-16,06:45:00 am,0,102.884,22.668,2024-08-16 06:45:00
2024-08-16,07:00:00 am,0,102.909,22.653,2024-08-16 07:00:00
2024-08-16,07:15:00 am,0,102.914,22.638,2024-08-16 07:15:00
2024-08-16,07:30:00 am,0,102.917,22.63,2024-08-16 07:30:00
2024-08-16,07:45:00 am,0,102.94,22.62,2024-08-16 07:45:00
2024-08-16,08:00:00 am,0,102.958,22.617,2024-08-16 08:00:00
2024-08-16,08:15:00 am,0,102.959,22.615,2024-08-16 08:15:00
2024-08-16,08:30:00 am,0,102.969,22.618,2024-08-16 08:30:00
2024-08-16,08:45:00 am,0,102.977,22.625,2024-08-16 08:45:00
2024-08-16,09:00:00 am,0,102.986,22.637,2024-08-16 09:00:00
2024-08-16,09:15:00 am,0,102.987,22.655,2024-08-16 09:15:00
2024-08-16,09:30:00 am,0,102.992,22.678,2024-08-16 09:30:00
2024-08-16,09:45:00 am,0,102.994,22.711,2024-08-16 09:45:00
2024-08-16,10:00:00 am,0,102.995,22.737,2024-08-16 10:00:00
2024-08-16,10:15:00 am,0,103.007,22.773,2024-08-16 10:15:00
2024-08-16,10:30:00 am,0,103.008,22.803,2024-08-16 10:30:00
2024-08-16,10:45:00 am,0,102.989,22.84,2024-08-16 10:45:00
2024-08-16,11:00:00 am,0,102.988,22.881,2024-08-16 11:00:00
2024-08-16,11:15:00 am,0,102.983,22.931,2024-08-16 11:15:00
2024-08-16,11:30:00 am,0,102.984,22.988,2024-08-16 11:30:00
2024-08-16,11:45:00 am,0,102.977,23.025,2024-08-16 11:45:00
2024-08-16,12:00:00 pm,0,102.97,23.059,2024-08-16 12:00:00
2024-08-16,12:15:00 pm,0,102.941,23.094,2024-08-16 12:15:00
2024-08-16,12:30:00 pm,0,102.898,23.134,2024-08-16 12:30:00
2024-08-16,12:45:00 pm,0,102.909,23.178,2024-08-16 12:45:00
2024-08-16,01:00:00 pm,0,102.885,23.231,2024-08-16 01:00:00
2024-08-16,01:15:00 pm,0,102.88,23.29,2024-08-16 01:15:00
2024-08-16,01:30:00 pm,0,102.86,23.34,2024-08-16 01:30:00
2024-08-16,01:45:00 pm,0,102.832,23.398,2024-08-16 01:45:00
2024-08-16,02:00:00 pm,0,102.814,23.453,2024-08-16 02:00:00
2024-08-16,02:15:00 pm,0,102.788,23.492,2024-08-16 02:15:00
2024-08-16,02:30:00 pm,0,102.749,23.517,2024-08-16 02:30:00
2024-08-16,02:45:00 pm,0,102.751,23.575,2024-08-16 02:45:00
2024-08-16,03:00:00 pm,0,102.737,23.636,2024-08-16 03:00:00
2024-08-16,03:15:00 pm,0,102.727,23.669,2024-08-16 03:15:00
2024-08-16,03:30:00 pm,0,102.706,23.691,2024-08-16 03:30:00
2024-08-16,03:45:00 pm,0,102.696,23.706,2024-08-16 03:45:00
2024-08-16,04:00:00 pm,0,102.703,23.732,2024-08-16 04:00:00
2024-08-16,04:15:00 pm,0,102.706,23.748,2024-08-16 04:15:00
2024-08-16,04:30:00 pm,0,102.681,23.759,2024-08-16 04:30:00
2024-08-16,04:45:00 pm,0,102.695,23.766,2024-08-16 04:45:00
2024-08-16,05:00:00 pm,0,102.713,23.773,2024-08-16 05:00:00
2024-08-16,05:15:00 pm,0,102.755,23.786,2024-08-16 05:15:00
2024-08-16,05:30:00 pm,0,102.821,23.786,2024-08-16 05:30:00
2024-08-16,05:45:00 pm,0,102.809,23.782,2024-08-16 05:45:00
2024-08-16,06:00:00 pm,0,102.786,23.766,2024-08-16 06:00:00
2024-08-16,06:15:00 pm,0,102.764,23.747,2024-08-16 06:15:00
2024-08-16,06:30:00 pm,0,102.752,23.727,2024-08-16 06:30:00
2024-08-16,06:45:00 pm,0,102.746,23.704,2024-08-16 06:45:00
2024-08-16,07:00:00 pm,0,102.753,23.682,2024-08-16 07:00:00
2024-08-16,07:15:00 pm,0,102.763,23.661,2024-08-16 07:15:00
2024-08-16,07:30:00 pm,0,102.772,23.639,2024-08-16 07:30:00
2024-08-16,07:45:00 pm,0,102.788,23.619,2024-08-16 07:45:00
2024-08-16,08:00:00 pm,0,102.792,23.598,2024-08-16 08:00:00
2024-08-16,08:15:00 pm,0,102.8,23.576,2024-08-16 08:15:00
2024-08-16,08:30:00 pm,0,102.805,23.555,2024-08-16 08:30:00
2024-08-16,08:45:00 pm,0,102.812,23.538,2024-08-16 08:45:00
2024-08-16,09:00:00 pm,0,102.816,23.523,2024-08-16 09:00:00
2024-08-16,09:15:00 pm,0,102.834,23.506,2024-08-16 09:15:00
2024-08-16,09:30:00 pm,0,102.839,23.486,2024-08-16 09:30:00
2024-08-16,09:45:00 pm,0,102.845,23.47,2024-08-16 09:45:00
2024-08-16,10:00:00 pm,0,102.837,23.458,2024-08-16 10:00:00
2024-08-16,10:15:00 pm,0,102.831,23.439,2024-08-16 10:15:00
2024-08-16,10:30:00 pm,0,102.83,23.425,2024-08-16 10:30:00
2024-08-16,10:45:00 pm,0,102.829,23.412,2024-08-16 10:45:00
2024-08-16,11:00:00 pm,0,102.826,23.396,2024-08-16 11:00:00
2024-08-16,11:15:00 pm,0,102.822,23.383,2024-08-16 11:15:00
2024-08-16,11:30:00 pm,0,102.812,23.367,2024-08-16 11:30:00
2024-08-16,11:45:00 pm,0,102.804,23.355,2024-08-16 11:45:00
2024-08-17,12:00:00 am,0,102.8,23.343,2024-08-17 12:00:00
2024-08-17,12:15:00 am,0,102.798,23.326,2024-08-17 12:15:00
2024-08-17,12:30:00 am,0,102.79,23.311,2024-08-17 12:30:00
2024-08-17,12:45:00 am,0,102.777,23.294,2024-08-17 12:45:00
2024-08-17,01:00:00 am,0,102.757,23.277,2024-08-17 01:00:00
2024-08-17,01:15:00 am,0,102.754,23.261,2024-08-17 01:15:00
2024-08-17,01:30:00 am,0,102.744,23.244,2024-08-17 01:30:00
2024-08-17,01:45:00 am,0,102.742,23.226,2024-08-17 01:45:00
2024-08-17,02:00:00 am,0,102.745,23.211,2024-08-17 02:00:00
2024-08-17,02:15:00 am,0,102.735,23.19,2024-08-17 02:15:00
2024-08-17,02:30:00 am,0,102.731,23.173,2024-08-17 02:30:00
2024-08-17,02:45:00 am,0,102.736,23.153,2024-08-17 02:45:00
2024-08-17,03:00:00 am,0,102.754,23.131,2024-08-17 03:00:00
2024-08-17,03:15:00 am,0,102.748,23.113,2024-08-17 03:15:00
2024-08-17,03:30:00 am,0,102.746,23.095,2024-08-17 03:30:00
2024-08-17,03:45:00 am,0,102.741,23.079,2024-08-17 03:45:00
2024-08-17,04:00:00 am,0,102.746,23.057,2024-08-17 04:00:00
2024-08-17,04:15:00 am,0,102.743,23.043,2024-08-17 04:15:00
2024-08-17,04:30:00 am,0,102.745,23.025,2024-08-17 04:30:00
2024-08-17,04:45:00 am,0,102.742,23.009,2024-08-17 04:45:00
2024-08-17,05:00:00 am,0,102.745,22.994,2024-08-17 05:00:00
2024-08-17,05:15:00 am,0,102.748,22.981,2024-08-17 05:15:00
2024-08-17,05:30:00 am,0,102.752,22.969,2024-08-17 05:30:00
2024-08-17,05:45:00 am,0,102.76,22.954,2024-08-17 05:45:00
2024-08-17,06:00:00 am,0,102.76,22.943,2024-08-17 06:00:00
2024-08-17,06:15:00 am,0,102.757,22.929,2024-08-17 06:15:00
2024-08-17,06:30:00 am,0,102.763,22.913,2024-08-17 06:30:00
2024-08-17,06:45:00 am,0,102.766,22.901,2024-08-17 06:45:00
2024-08-17,07:00:00 am,0,102.764,22.888,2024-08-17 07:00:00
2024-08-17,07:15:00 am,0,102.765,22.877,2024-08-17 07:15:00
2024-08-17,07:30:00 am,0,102.774,22.864,2024-08-17 07:30:00
2024-08-17,07:45:00 am,0,102.795,22.858,2024-08-17 07:45:00
2024-08-17,08:00:00 am,0,102.811,22.85,2024-08-17 08:00:00
2024-08-17,08:15:00 am,0,102.803,22.844,2024-08-17 08:15:00
2024-08-17,08:30:00 am,0,102.798,22.846,2024-08-17 08:30:00
2024-08-17,08:45:00 am,0,102.807,22.853,2024-08-17 08:45:00
2024-08-17,09:00:00 am,0,102.823,22.865,2024-08-17 09:00:00
2024-08-17,09:15:00 am,0,102.829,22.877,2024-08-17 09:15:00
2024-08-17,09:30:00 am,0,102.842,22.893,2024-08-17 09:30:00
2024-08-17,09:45:00 am,0,102.853,22.913,2024-08-17 09:45:00
2024-08-17,10:00:00 am,0,102.861,22.929,2024-08-17 10:00:00
2024-08-17,10:15:00 am,0,102.878,22.957,2024-08-17 10:15:00
2024-08-17,10:30:00 am,0,102.885,22.981,2024-08-17 10:30:00
2024-08-17,10:45:00 am,0,102.897,23.008,2024-08-17 10:45:00
2024-08-17,11:00:00 am,0,102.909,23.043,2024-08-17 11:00:00
2024-08-17,11:15:00 am,0,102.915,23.09,2024-08-17 11:15:00
2024-08-17,11:30:00 am,0,102.907,23.131,2024-08-17 11:30:00
2024-08-17,11:45:00 am,0,102.897,23.165,2024-08-17 11:45:00
2024-08-17,12:00:00 pm,0,102.875,23.211,2024-08-17 12:00:00
2024-08-17,12:15:00 pm,0,102.855,23.269,2024-08-17 12:15:00
2024-08-17,12:30:00 pm,0,102.827,23.322,2024-08-17 12:30:00
2024-08-17,12:45:00 pm,0,102.801,23.382,2024-08-17 12:45:00
2024-08-17,01:00:00 pm,0,102.774,23.442,2024-08-17 01:00:00
2024-08-17,01:15:00 pm,0,102.766,23.502,2024-08-17 01:15:00
2024-08-17,01:30:00 pm,0,102.72,23.568,2024-08-17 01:30:00
2024-08-17,01:45:00 pm,0,102.661,23.652,2024-08-17 01:45:00
2024-08-17,02:00:00 pm,0,102.633,23.733,2024-08-17 02:00:00
2024-08-17,02:15:00 pm,0,102.655,23.806,2024-08-17 02:15:00
2024-08-17,02:30:00 pm,0,102.615,23.843,2024-08-17 02:30:00
2024-08-17,02:45:00 pm,0,102.627,23.893,2024-08-17 02:45:00
2024-08-17,03:00:00 pm,0,102.665,23.917,2024-08-17 03:00:00
2024-08-17,03:15:00 pm,0,102.625,23.889,2024-08-17 03:15:00
2024-08-17,03:30:00 pm,0,102.607,23.858,2024-08-17 03:30:00
2024-08-17,03:45:00 pm,0,102.602,23.838,2024-08-17 03:45:00
2024-08-17,04:00:00 pm,0,102.619,23.816,2024-08-17 04:00:00
2024-08-17,04:15:00 pm,0,102.615,23.797,2024-08-17 04:15:00
2024-08-17,04:30:00 pm,0,102.583,23.78,2024-08-17 04:30:00
2024-08-17,04:45:00 pm,0,102.558,23.767,2024-08-17 04:45:00
2024-08-17,05:00:00 pm,0,102.536,23.759,2024-08-17 05:00:00
2024-08-17,05:15:00 pm,0,102.552,23.753,2024-08-17 05:15:00
2024-08-17,05:30:00 pm,0,102.551,23.744,2024-08-17 05:30:00
2024-08-17,05:45:00 pm,0,102.545,23.738,2024-08-17 05:45:00
2024-08-17,06:00:00 pm,0,102.547,23.729,2024-08-17 06:00:00
2024-08-17,06:15:00 pm,0,102.569,23.73,2024-08-17 06:15:00
2024-08-17,06:30:00 pm,0,102.575,23.733,2024-08-17 06:30:00
2024-08-17,06:45:00 pm,0,102.587,23.738,2024-08-17 06:45:00
2024-08-17,07:00:00 pm,0,102.603,23.741,2024-08-17 07:00:00
2024-08-17,07:15:00 pm,0,102.624,23.742,2024-08-17 07:15:00
2024-08-17,07:30:00 pm,0,102.641,23.743,2024-08-17 07:30:00
2024-08-17,07:45:00 pm,0,102.644,23.742,2024-08-17 07:45:00
2024-08-17,08:00:00 pm,0,102.652,23.739,2024-08-17 08:00:00
2024-08-17,08:15:00 pm,0,102.66,23.736,2024-08-17 08:15:00
2024-08-17,08:30:00 pm,0,102.675,23.729,2024-08-17 08:30:00
2024-08-17,08:45:00 pm,0,102.681,23.719,2024-08-17 08:45:00
2024-08-17,09:00:00 pm,0,102.688,23.71,2024-08-17 09:00:00
2024-08-17,09:15:00 pm,0,102.695,23.695,2024-08-17 09:15:00
2024-08-17,09:30:00 pm,0,102.696,23.68,2024-08-17 09:30:00
2024-08-17,09:45:00 pm,0,102.697,23.667,2024-08-17 09:45:00
2024-08-17,10:00:00 pm,0,102.706,23.651,2024-08-17 10:00:00
2024-08-17,10:15:00 pm,0,102.7,23.636,2024-08-17 10:15:00
2024-08-17,10:30:00 pm,0,102.694,23.618,2024-08-17 10:30:00
2024-08-17,10:45:00 pm,0,102.693,23.603,2024-08-17 10:45:00
2024-08-17,11:00:00 pm,0,102.695,23.587,2024-08-17 11:00:00
2024-08-17,11:15:00 pm,0,102.695,23.569,2024-08-17 11:15:00
2024-08-17,11:30:00 pm,0,102.695,23.553,2024-08-17 11:30:00
2024-08-17,11:45:00 pm,0,102.695,23.537,2024-08-17 11:45:00
2024-08-18,12:00:00 am,0,102.692,23.52,2024-08-18 12:00:00
2024-08-18,12:15:00 am,0,102.686,23.504,2024-08-18 12:15:00
2024-08-18,12:30:00 am,0,102.68,23.487,2024-08-18 12:30:00
2024-08-18,12:45:00 am,0,102.668,23.467,2024-08-18 12:45:00
2024-08-18,01:00:00 am,0,102.661,23.45,2024-08-18 01:00:00
2024-08-18,01:15:00 am,0,102.654,23.432,2024-08-18 01:15:00
2024-08-18,01:30:00 am,0,102.652,23.413,2024-08-18 01:30:00
2024-08-18,01:45:00 am,0,102.645,23.392,2024-08-18 01:45:00
2024-08-18,02:00:00 am,0,102.642,23.372,2024-08-18 02:00:00
2024-08-18,02:15:00 am,0,102.641,23.352,2024-08-18 02:15:00
2024-08-18,02:30:00 am,0,102.634,23.328,2024-08-18 02:30:00
2024-08-18,02:45:00 am,0,102.629,23.306,2024-08-18 02:45:00
2024-08-18,03:00:00 am,0,102.618,23.281,2024-08-18 03:00:00
2024-08-18,03:15:00 am,0,102.615,23.255,2024-08-18 03:15:00
2024-08-18,03:30:00 am,0,102.611,23.227,2024-08-18 03:30:00
2024-08-18,03:45:00 am,0,102.611,23.199,2024-08-18 03:45:00
2024-08-18,04:00:00 am,0,102.606,23.17,2024-08-18 04:00:00
2024-08-18,04:15:00 am,0,102.594,23.138,2024-08-18 04:15:00
2024-08-18,04:30:00 am,0,102.593,23.105,2024-08-18 04:30:00
2024-08-18,04:45:00 am,0,102.597,23.071,2024-08-18 04:45:00
2024-08-18,05:00:00 am,0,102.607,23.039,2024-08-18 05:00:00
2024-08-18,05:15:00 am,0,102.619,23.006,2024-08-18 05:15:00
2024-08-18,05:30:00 am,0,102.627,22.972,2024-08-18 05:30:00
2024-08-18,05:45:00 am,0,102.633,22.938,2024-08-18 05:45:00
2024-08-18,06:00:00 am,0,102.642,22.899,2024-08-18 06:00:00
2024-08-18,06:15:00 am,0,102.639,22.863,2024-08-18 06:15:00
2024-08-18,06:30:00 am,0,102.65,22.826,2024-08-18 06:30:00
2024-08-18,06:45:00 am,0,102.665,22.789,2024-08-18 06:45:00
2024-08-18,07:00:00 am,0,102.669,22.756,2024-08-18 07:00:00
2024-08-18,07:15:00 am,0,102.685,22.725,2024-08-18 07:15:00
2024-08-18,07:30:00 am,0,102.702,22.698,2024-08-18 07:30:00
2024-08-18,07:45:00 am,0,102.718,22.673,2024-08-18 07:45:00
2024-08-18,08:00:00 am,0,102.723,22.656,2024-08-18 08:00:00
2024-08-18,08:15:00 am,0,102.719,22.642,2024-08-18 08:15:00
2024-08-18,08:30:00 am,0,102.729,22.636,2024-08-18 08:30:00
2024-08-18,08:45:00 am,0,102.733,22.636,2024-08-18 08:45:00
2024-08-18,09:00:00 am,0,102.739,22.637,2024-08-18 09:00:00
2024-08-18,09:15:00 am,0,102.743,22.647,2024-08-18 09:15:00
2024-08-18,09:30:00 am,0,102.747,22.664,2024-08-18 09:30:00
2024-08-18,09:45:00 am,0,102.755,22.684,2024-08-18 09:45:00
2024-08-18,10:00:00 am,0,102.764,22.707,2024-08-18 10:00:00
2024-08-18,10:15:00 am,0,102.769,22.73,2024-08-18 10:15:00
2024-08-18,10:30:00 am,0,102.774,22.754,2024-08-18 10:30:00
2024-08-18,10:45:00 am,0,102.781,22.78,2024-08-18 10:45:00
2024-08-18,11:00:00 am,0,102.788,22.819,2024-08-18 11:00:00
2024-08-18,11:15:00 am,0,102.787,22.864,2024-08-18 11:15:00
2024-08-18,11:30:00 am,0,102.787,22.898,2024-08-18 11:30:00
2024-08-18,11:45:00 am,0,102.783,22.934,2024-08-18 11:45:00
2024-08-18,12:00:00 pm,0,102.769,22.971,2024-08-18 12:00:00
2024-08-18,12:15:00 pm,0,102.759,23.017,2024-08-18 12:15:00
2024-08-18,12:30:00 pm,0,102.746,23.07,2024-08-18 12:30:00
2024-08-18,12:45:00 pm,0,102.746,23.126,2024-08-18 12:45:00
2024-08-18,01:00:00 pm,0,102.725,23.182,2024-08-18 01:00:00
2024-08-18,01:15:00 pm,0,102.712,23.231,2024-08-18 01:15:00
2024-08-18,01:30:00 pm,0,102.689,23.291,2024-08-18 01:30:00
2024-08-18,01:45:00 pm,0,102.674,23.375,2024-08-18 01:45:00
2024-08-18,02:00:00 pm,0,102.655,23.447,2024-08-18 02:00:00
2024-08-18,02:15:00 pm,0,102.635,23.521,2024-08-18 02:15:00
2024-08-18,02:30:00 pm,0,102.614,23.597,2024-08-18 02:30:00
2024-08-18,02:45:00 pm,0,102.593,23.673,2024-08-18 02:45:00
2024-08-18,03:00:00 pm,0,102.554,23.72,2024-08-18 03:00:00
2024-08-18,03:15:00 pm,0,102.537,23.781,2024-08-18 03:15:00
2024-08-18,03:30:00 pm,0,102.504,23.823,2024-08-18 03:30:00
2024-08-18,03:45:00 pm,0,102.496,23.875,2024-08-18 03:45:00
2024-08-18,04:00:00 pm,0,102.46,23.918,2024-08-18 04:00:00
2024-08-18,04:15:00 pm,0,102.435,23.943,2024-08-18 04:15:00
2024-08-18,04:30:00 pm,0,102.425,23.976,2024-08-18 04:30:00
2024-08-18,04:45:00 pm,0,102.376,23.996,2024-08-18 04:45:00
2024-08-18,05:00:00 pm,0,102.44,24,2024-08-18 05:00:00
2024-08-18,05:15:00 pm,0,102.492,24.001,2024-08-18 05:15:00
2024-08-18,05:30:00 pm,0,102.53,23.999,2024-08-18 05:30:00
2024-08-18,05:45:00 pm,0,102.478,23.986,2024-08-18 05:45:00
2024-08-18,06:00:00 pm,0,102.451,23.965,2024-08-18 06:00:00
2024-08-18,06:15:00 pm,0,102.459,23.946,2024-08-18 06:15:00
2024-08-18,06:30:00 pm,0,102.488,23.92,2024-08-18 06:30:00
2024-08-18,06:45:00 pm,0,102.477,23.9,2024-08-18 06:45:00
2024-08-18,07:00:00 pm,0,102.468,23.869,2024-08-18 07:00:00
2024-08-18,07:15:00 pm,0,102.464,23.84,2024-08-18 07:15:00
2024-08-18,07:30:00 pm,0,102.459,23.814,2024-08-18 07:30:00
2024-08-18,07:45:00 pm,0,102.459,23.789,2024-08-18 07:45:00
2024-08-18,08:00:00 pm,0,102.457,23.771,2024-08-18 08:00:00
2024-08-18,08:15:00 pm,0,102.467,23.741,2024-08-18 08:15:00
2024-08-18,08:30:00 pm,0,102.472,23.713,2024-08-18 08:30:00
2024-08-18,08:45:00 pm,0,102.485,23.689,2024-08-18 08:45:00
2024-08-18,09:00:00 pm,0,102.489,23.663,2024-08-18 09:00:00
2024-08-18,09:15:00 pm,0,102.492,23.639,2024-08-18 09:15:00
2024-08-18,09:30:00 pm,0,102.506,23.614,2024-08-18 09:30:00
2024-08-18,09:45:00 pm,0,102.508,23.588,2024-08-18 09:45:00
2024-08-18,10:00:00 pm,0,102.503,23.562,2024-08-18 10:00:00
2024-08-18,10:15:00 pm,0,102.521,23.533,2024-08-18 10:15:00
2024-08-18,10:30:00 pm,0,102.535,23.509,2024-08-18 10:30:00
2024-08-18,10:45:00 pm,0,102.547,23.48,2024-08-18 10:45:00
2024-08-18,11:00:00 pm,0,102.568,23.451,2024-08-18 11:00:00
2024-08-18,11:15:00 pm,0,102.564,23.424,2024-08-18 11:15:00
2024-08-18,11:30:00 pm,0,102.568,23.394,2024-08-18 11:30:00
2024-08-18,11:45:00 pm,0,102.564,23.363,2024-08-18 11:45:00
2024-08-19,12:00:00 am,0,102.551,23.332,2024-08-19 12:00:00
2024-08-19,12:15:00 am,0,102.553,23.301,2024-08-19 12:15:00
2024-08-19,12:30:00 am,0,102.553,23.269,2024-08-19 12:30:00
2024-08-19,12:45:00 am,0,102.547,23.235,2024-08-19 12:45:00
2024-08-19,01:00:00 am,0,102.531,23.204,2024-08-19 01:00:00
2024-08-19,01:15:00 am,0,102.518,23.17,2024-08-19 01:15:00
2024-08-19,01:30:00 am,0,102.503,23.136,2024-08-19 01:30:00
2024-08-19,01:45:00 am,0,102.483,23.103,2024-08-19 01:45:00
2024-08-19,02:00:00 am,0,102.474,23.067,2024-08-19 02:00:00
2024-08-19,02:15:00 am,0,102.456,23.031,2024-08-19 02:15:00
2024-08-19,02:30:00 am,0,102.441,22.989,2024-08-19 02:30:00
2024-08-19,02:45:00 am,0,102.423,22.953,2024-08-19 02:45:00
2024-08-19,03:00:00 am,0,102.418,22.914,2024-08-19 03:00:00
2024-08-19,03:15:00 am,0,102.412,22.871,2024-08-19 03:15:00
2024-08-19,03:30:00 am,0,102.411,22.83,2024-08-19 03:30:00
2024-08-19,03:45:00 am,0,102.412,22.789,2024-08-19 03:45:00
2024-08-19,04:00:00 am,0,102.425,22.747,2024-08-19 04:00:00
2024-08-19,04:15:00 am,0,102.447,22.702,2024-08-19 04:15:00
2024-08-19,04:30:00 am,0,102.455,22.658,2024-08-19 04:30:00
2024-08-19,04:45:00 am,0,102.46,22.612,2024-08-19 04:45:00
2024-08-19,05:00:00 am,0,102.468,22.572,2024-08-19 05:00:00
2024-08-19,05:15:00 am,0,102.487,22.524,2024-08-19 05:15:00
2024-08-19,05:30:00 am,0,102.494,22.481,2024-08-19 05:30:00
2024-08-19,05:45:00 am,0,102.501,22.436,2024-08-19 05:45:00
2024-08-19,06:00:00 am,0,102.526,22.394,2024-08-19 06:00:00
2024-08-19,06:15:00 am,0,102.545,22.343,2024-08-19 06:15:00
2024-08-19,06:30:00 am,0,102.57,22.298,2024-08-19 06:30:00
2024-08-19,06:45:00 am,0,102.586,22.25,2024-08-19 06:45:00
2024-08-19,07:00:00 am,0,102.591,22.207,2024-08-19 07:00:00
2024-08-19,07:15:00 am,0,102.607,22.153,2024-08-19 07:15:00
2024-08-19,07:30:00 am,0,102.631,22.12,2024-08-19 07:30:00
2024-08-19,07:45:00 am,0,102.66,22.09,2024-08-19 07:45:00
2024-08-19,08:00:00 am,0,102.659,22.068,2024-08-19 08:00:00
2024-08-19,08:15:00 am,0,102.674,22.038,2024-08-19 08:15:00
2024-08-19,08:30:00 am,0,102.688,22.031,2024-08-19 08:30:00
2024-08-19,08:45:00 am,0,102.694,22.03,2024-08-19 08:45:00
2024-08-19,09:00:00 am,0,102.702,22.025,2024-08-19 09:00:00
2024-08-19,09:15:00 am,0,102.721,22.031,2024-08-19 09:15:00
2024-08-19,09:30:00 am,0,102.746,22.055,2024-08-19 09:30:00
2024-08-19,09:45:00 am,0,102.753,22.087,2024-08-19 09:45:00
2024-08-19,10:00:00 am,0,102.748,22.114,2024-08-19 10:00:00
2024-08-19,10:15:00 am,0,102.76,22.14,2024-08-19 10:15:00
2024-08-19,10:30:00 am,0,102.44,22.2,2024-08-19 10:30:00
2024-08-19,10:45:00 am,0,102.457,22.191,2024-08-19 10:45:00
2024-08-19,11:00:00 am,0,102.466,22.244,2024-08-19 11:00:00
2024-08-19,11:15:00 am,0,102.493,22.314,2024-08-19 11:15:00
2024-08-19,11:30:00 am,0,102.505,22.359,2024-08-19 11:30:00
2024-08-19,11:45:00 am,0,102.51,22.396,2024-08-19 11:45:00
2024-08-19,12:00:00 pm,0,102.516,22.43,2024-08-19 12:00:00
2024-08-19,12:15:00 pm,0,102.519,22.468,2024-08-19 12:15:00
2024-08-19,12:30:00 pm,0,102.521,22.499,2024-08-19 12:30:00
2024-08-19,12:45:00 pm,0,102.531,22.569,2024-08-19 12:45:00
2024-08-19,01:00:00 pm,0,102.536,22.644,2024-08-19 01:00:00
2024-08-19,01:15:00 pm,0,102.527,22.712,2024-08-19 01:15:00
2024-08-19,01:30:00 pm,0,102.523,22.775,2024-08-19 01:30:00
2024-08-19,01:45:00 pm,0,102.52,22.849,2024-08-19 01:45:00
2024-08-19,02:00:00 pm,0,102.516,22.941,2024-08-19 02:00:00
2024-08-19,02:15:00 pm,0,102.506,23.03,2024-08-19 02:15:00
2024-08-19,02:30:00 pm,0,102.5,23.094,2024-08-19 02:30:00
2024-08-19,02:45:00 pm,0,102.484,23.141,2024-08-19 02:45:00
2024-08-19,03:00:00 pm,0,102.466,23.22,2024-08-19 03:00:00
2024-08-19,03:15:00 pm,0,102.452,23.288,2024-08-19 03:15:00
2024-08-19,03:30:00 pm,0,102.437,23.307,2024-08-19 03:30:00
2024-08-19,03:45:00 pm,0,102.422,23.361,2024-08-19 03:45:00
2024-08-19,04:00:00 pm,0,102.409,23.386,2024-08-19 04:00:00
2024-08-19,04:15:00 pm,0,102.407,23.397,2024-08-19 04:15:00
2024-08-19,04:30:00 pm,0,102.4,23.405,2024-08-19 04:30:00
2024-08-19,04:45:00 pm,0,102.392,23.414,2024-08-19 04:45:00
2024-08-19,05:00:00 pm,0,102.382,23.427,2024-08-19 05:00:00
2024-08-19,05:15:00 pm,0,102.378,23.434,2024-08-19 05:15:00
2024-08-19,05:30:00 pm,0,102.372,23.439,2024-08-19 05:30:00
2024-08-19,05:45:00 pm,0,102.362,23.434,2024-08-19 05:45:00
2024-08-19,06:00:00 pm,0,102.362,23.43,2024-08-19 06:00:00
2024-08-19,06:15:00 pm,0,102.357,23.415,2024-08-19 06:15:00
2024-08-19,06:30:00 pm,0,102.361,23.4,2024-08-19 06:30:00
2024-08-19,06:45:00 pm,0,102.36,23.383,2024-08-19 06:45:00
2024-08-19,07:00:00 pm,0,102.349,23.368,2024-08-19 07:00:00
2024-08-19,07:15:00 pm,0,102.345,23.351,2024-08-19 07:15:00
2024-08-19,07:30:00 pm,0,102.354,23.329,2024-08-19 07:30:00
2024-08-19,07:45:00 pm,0,102.358,23.309,2024-08-19 07:45:00
2024-08-19,08:00:00 pm,0,102.369,23.289,2024-08-19 08:00:00
2024-08-19,08:15:00 pm,0,102.369,23.269,2024-08-19 08:15:00
2024-08-19,08:30:00 pm,0,102.374,23.253,2024-08-19 08:30:00
2024-08-19,08:45:00 pm,0,102.386,23.236,2024-08-19 08:45:00
2024-08-19,09:00:00 pm,0,102.389,23.219,2024-08-19 09:00:00
2024-08-19,09:15:00 pm,0,102.398,23.199,2024-08-19 09:15:00
2024-08-19,09:30:00 pm,0,102.414,23.179,2024-08-19 09:30:00
2024-08-19,09:45:00 pm,0,102.422,23.154,2024-08-19 09:45:00
2024-08-19,10:00:00 pm,0,102.425,23.128,2024-08-19 10:00:00
2024-08-19,10:15:00 pm,0,102.432,23.099,2024-08-19 10:15:00
2024-08-19,10:30:00 pm,0,102.439,23.068,2024-08-19 10:30:00
2024-08-19,10:45:00 pm,0,102.436,23.034,2024-08-19 10:45:00
2024-08-19,11:00:00 pm,0,102.436,23.003,2024-08-19 11:00:00
2024-08-19,11:15:00 pm,0,102.431,22.969,2024-08-19 11:15:00
2024-08-19,11:30:00 pm,0,102.441,22.934,2024-08-19 11:30:00
2024-08-19,11:45:00 pm,0,102.434,22.895,2024-08-19 11:45:00
2024-08-20,12:00:00 am,0,102.43,22.854,2024-08-20 12:00:00
2024-08-20,12:15:00 am,0,102.431,22.81,2024-08-20 12:15:00
2024-08-20,12:30:00 am,0,102.423,22.76,2024-08-20 12:30:00
2024-08-20,12:45:00 am,0,102.427,22.712,2024-08-20 12:45:00
2024-08-20,01:00:00 am,0,102.432,22.659,2024-08-20 01:00:00
2024-08-20,01:15:00 am,0,102.428,22.608,2024-08-20 01:15:00
2024-08-20,01:30:00 am,0,102.43,22.553,2024-08-20 01:30:00
2024-08-20,01:45:00 am,0,102.428,22.501,2024-08-20 01:45:00
2024-08-20,02:00:00 am,0,102.425,22.442,2024-08-20 02:00:00
2024-08-20,02:15:00 am,0,102.428,22.381,2024-08-20 02:15:00
2024-08-20,02:30:00 am,0,102.429,22.324,2024-08-20 02:30:00
2024-08-20,02:45:00 am,0,102.434,22.262,2024-08-20 02:45:00
2024-08-20,03:00:00 am,0,102.434,22.199,2024-08-20 03:00:00
2024-08-20,03:15:00 am,0,102.427,22.138,2024-08-20 03:15:00
2024-08-20,03:30:00 am,0,102.422,22.078,2024-08-20 03:30:00
2024-08-20,03:45:00 am,0,102.419,22.016,2024-08-20 03:45:00
2024-08-20,04:00:00 am,0,102.406,21.951,2024-08-20 04:00:00
2024-08-20,04:15:00 am,0,102.41,21.887,2024-08-20 04:15:00
2024-08-20,04:30:00 am,0,102.421,21.825,2024-08-20 04:30:00
2024-08-20,04:45:00 am,0,102.425,21.764,2024-08-20 04:45:00
2024-08-20,05:00:00 am,0,102.431,21.699,2024-08-20 05:00:00
2024-08-20,05:15:00 am,0,102.431,21.633,2024-08-20 05:15:00
2024-08-20,05:30:00 am,0,102.441,21.569,2024-08-20 05:30:00
2024-08-20,05:45:00 am,0,102.451,21.502,2024-08-20 05:45:00
2024-08-20,06:00:00 am,0,102.475,21.441,2024-08-20 06:00:00
2024-08-20,06:15:00 am,0,102.495,21.381,2024-08-20 06:15:00
2024-08-20,06:30:00 am,0,102.51,21.32,2024-08-20 06:30:00
2024-08-20,06:45:00 am,0,102.527,21.258,2024-08-20 06:45:00
2024-08-20,07:00:00 am,0,102.547,21.202,2024-08-20 07:00:00
2024-08-20,07:15:00 am,0,102.572,21.156,2024-08-20 07:15:00
2024-08-20,07:30:00 am,0,102.595,21.116,2024-08-20 07:30:00
2024-08-20,07:45:00 am,0,102.604,21.086,2024-08-20 07:45:00
2024-08-20,08:00:00 am,0,102.614,21.067,2024-08-20 08:00:00
2024-08-20,08:15:00 am,0,102.628,21.063,2024-08-20 08:15:00
2024-08-20,08:30:00 am,0,102.644,21.072,2024-08-20 08:30:00
2024-08-20,08:45:00 am,0,102.645,21.095,2024-08-20 08:45:00
2024-08-20,09:00:00 am,0,102.654,21.129,2024-08-20 09:00:00
2024-08-20,09:15:00 am,0,102.67,21.175,2024-08-20 09:15:00
2024-08-20,09:30:00 am,0,102.692,21.225,2024-08-20 09:30:00
2024-08-20,09:45:00 am,0,102.704,21.287,2024-08-20 09:45:00
2024-08-20,10:00:00 am,0,102.716,21.342,2024-08-20 10:00:00
2024-08-20,10:15:00 am,0,102.726,21.4,2024-08-20 10:15:00
2024-08-20,10:30:00 am,0,102.729,21.453,2024-08-20 10:30:00
2024-08-20,10:45:00 am,0,102.744,21.508,2024-08-20 10:45:00
2024-08-20,11:00:00 am,0,102.755,21.578,2024-08-20 11:00:00
2024-08-20,11:15:00 am,0,102.766,21.657,2024-08-20 11:15:00
2024-08-20,11:30:00 am,0,102.766,21.716,2024-08-20 11:30:00
2024-08-20,11:45:00 am,0,102.769,21.764,2024-08-20 11:45:00
2024-08-20,12:00:00 pm,0,102.763,21.799,2024-08-20 12:00:00
2024-08-20,12:15:00 pm,0,102.76,21.866,2024-08-20 12:15:00
2024-08-20,12:30:00 pm,0,102.756,21.948,2024-08-20 12:30:00
2024-08-20,12:45:00 pm,0,102.763,22.015,2024-08-20 12:45:00
2024-08-20,01:00:00 pm,0,102.757,22.071,2024-08-20 01:00:00
2024-08-20,01:15:00 pm,0,102.749,22.128,2024-08-20 01:15:00
2024-08-20,01:30:00 pm,0,102.741,22.205,2024-08-20 01:30:00
2024-08-20,01:45:00 pm,0,102.736,22.283,2024-08-20 01:45:00
2024-08-20,02:00:00 pm,0,102.715,22.373,2024-08-20 02:00:00
2024-08-20,02:15:00 pm,0,102.689,22.461,2024-08-20 02:15:00
2024-08-20,02:30:00 pm,0,102.675,22.521,2024-08-20 02:30:00
2024-08-20,02:45:00 pm,0,102.674,22.6,2024-08-20 02:45:00
2024-08-20,03:00:00 pm,0,102.663,22.659,2024-08-20 03:00:00
2024-08-20,03:15:00 pm,0,102.644,22.72,2024-08-20 03:15:00
2024-08-20,03:30:00 pm,0,102.633,22.768,2024-08-20 03:30:00
2024-08-20,03:45:00 pm,0,102.613,22.823,2024-08-20 03:45:00
2024-08-20,04:00:00 pm,0,102.569,22.851,2024-08-20 04:00:00
2024-08-20,04:15:00 pm,0,102.566,22.862,2024-08-20 04:15:00
2024-08-20,04:30:00 pm,0,102.563,22.87,2024-08-20 04:30:00
2024-08-20,04:45:00 pm,0,102.559,22.881,2024-08-20 04:45:00
2024-08-20,05:00:00 pm,0,102.554,22.895,2024-08-20 05:00:00
2024-08-20,05:15:00 pm,0,102.553,22.904,2024-08-20 05:15:00
2024-08-20,05:30:00 pm,0,102.554,22.915,2024-08-20 05:30:00
2024-08-20,05:45:00 pm,0,102.548,22.919,2024-08-20 05:45:00
2024-08-20,06:00:00 pm,0,102.536,22.914,2024-08-20 06:00:00
2024-08-20,06:15:00 pm,0,102.534,22.908,2024-08-20 06:15:00
2024-08-20,06:30:00 pm,0,102.536,22.899,2024-08-20 06:30:00
2024-08-20,06:45:00 pm,0,102.54,22.886,2024-08-20 06:45:00
2024-08-20,07:00:00 pm,0,102.545,22.868,2024-08-20 07:00:00
2024-08-20,07:15:00 pm,0,102.556,22.849,2024-08-20 07:15:00
2024-08-20,07:30:00 pm,0,102.555,22.827,2024-08-20 07:30:00
2024-08-20,07:45:00 pm,0,102.56,22.805,2024-08-20 07:45:00
2024-08-20,08:00:00 pm,0,102.563,22.777,2024-08-20 08:00:00
2024-08-20,08:15:00 pm,0,102.57,22.744,2024-08-20 08:15:00
2024-08-20,08:30:00 pm,0,102.575,22.707,2024-08-20 08:30:00
2024-08-20,08:45:00 pm,0,102.581,22.672,2024-08-20 08:45:00
2024-08-20,09:00:00 pm,0,102.589,22.631,2024-08-20 09:00:00
2024-08-20,09:15:00 pm,0,102.598,22.591,2024-08-20 09:15:00
2024-08-20,09:30:00 pm,0,102.608,22.552,2024-08-20 09:30:00
2024-08-20,09:45:00 pm,0,102.612,22.511,2024-08-20 09:45:00
2024-08-20,10:00:00 pm,0,102.614,22.467,2024-08-20 10:00:00
2024-08-20,10:15:00 pm,0,102.606,22.426,2024-08-20 10:15:00
2024-08-20,10:30:00 pm,0,102.612,22.377,2024-08-20 10:30:00
2024-08-20,10:45:00 pm,0,102.615,22.323,2024-08-20 10:45:00
2024-08-20,11:00:00 pm,0,102.621,22.272,2024-08-20 11:00:00
2024-08-20,11:15:00 pm,0,102.624,22.221,2024-08-20 11:15:00
2024-08-20,11:30:00 pm,0,102.628,22.169,2024-08-20 11:30:00
2024-08-20,11:45:00 pm,0,102.63,22.114,2024-08-20 11:45:00
2024-08-21,12:00:00 am,0,102.633,22.061,2024-08-21 12:00:00
2024-08-21,12:15:00 am,0,102.628,22.005,2024-08-21 12:15:00
2024-08-21,12:30:00 am,0,102.643,21.952,2024-08-21 12:30:00
2024-08-21,12:45:00 am,0,102.649,21.896,2024-08-21 12:45:00
2024-08-21,01:00:00 am,0,102.649,21.838,2024-08-21 01:00:00
2024-08-21,01:15:00 am,0,102.638,21.781,2024-08-21 01:15:00
2024-08-21,01:30:00 am,0,102.637,21.723,2024-08-21 01:30:00
2024-08-21,01:45:00 am,0,102.644,21.658,2024-08-21 01:45:00
2024-08-21,02:00:00 am,0,102.641,21.602,2024-08-21 02:00:00
2024-08-21,02:15:00 am,0,102.633,21.538,2024-08-21 02:15:00
2024-08-21,02:30:00 am,0,102.641,21.477,2024-08-21 02:30:00
2024-08-21,02:45:00 am,0,102.645,21.41,2024-08-21 02:45:00
2024-08-21,03:00:00 am,0,102.645,21.35,2024-08-21 03:00:00
2024-08-21,03:15:00 am,0,102.637,21.288,2024-08-21 03:15:00
2024-08-21,03:30:00 am,0,102.636,21.218,2024-08-21 03:30:00
2024-08-21,03:45:00 am,0,102.648,21.156,2024-08-21 03:45:00
2024-08-21,04:00:00 am,0,102.659,21.087,2024-08-21 04:00:00
2024-08-21,04:15:00 am,0,102.657,21.026,2024-08-21 04:15:00
2024-08-21,04:30:00 am,0,102.65,20.964,2024-08-21 04:30:00
2024-08-21,04:45:00 am,0,102.652,20.898,2024-08-21 04:45:00
2024-08-21,05:00:00 am,0,102.659,20.832,2024-08-21 05:00:00
2024-08-21,05:15:00 am,0,102.667,20.772,2024-08-21 05:15:00
2024-08-21,05:30:00 am,0,102.674,20.709,2024-08-21 05:30:00
2024-08-21,05:45:00 am,0,102.681,20.651,2024-08-21 05:45:00
2024-08-21,06:00:00 am,0,102.697,20.585,2024-08-21 06:00:00
2024-08-21,06:15:00 am,0,102.708,20.531,2024-08-21 06:15:00
2024-08-21,06:30:00 am,0,102.719,20.469,2024-08-21 06:30:00
2024-08-21,06:45:00 am,0,102.738,20.415,2024-08-21 06:45:00
2024-08-21,07:00:00 am,0,102.757,20.361,2024-08-21 07:00:00
2024-08-21,07:15:00 am,0,102.764,20.315,2024-08-21 07:15:00
2024-08-21,07:30:00 am,0,102.769,20.274,2024-08-21 07:30:00
2024-08-21,07:45:00 am,0,102.775,20.242,2024-08-21 07:45:00
2024-08-21,08:00:00 am,0,102.784,20.227,2024-08-21 08:00:00
2024-08-21,08:15:00 am,0,102.787,20.224,2024-08-21 08:15:00
2024-08-21,08:30:00 am,0,102.796,20.228,2024-08-21 08:30:00
2024-08-21,08:45:00 am,0,102.8,20.245,2024-08-21 08:45:00
2024-08-21,09:00:00 am,0,102.81,20.267,2024-08-21 09:00:00
2024-08-21,09:15:00 am,0,102.823,20.301,2024-08-21 09:15:00
2024-08-21,09:30:00 am,0,102.828,20.343,2024-08-21 09:30:00
2024-08-21,09:45:00 am,0,102.842,20.401,2024-08-21 09:45:00
2024-08-21,10:00:00 am,0,102.845,20.452,2024-08-21 10:00:00
2024-08-21,10:15:00 am,0,102.856,20.515,2024-08-21 10:15:00
2024-08-21,10:30:00 am,0,102.862,20.578,2024-08-21 10:30:00
2024-08-21,10:45:00 am,0,102.866,20.638,2024-08-21 10:45:00
2024-08-21,11:00:00 am,0,102.882,20.712,2024-08-21 11:00:00
2024-08-21,11:15:00 am,0,102.889,20.802,2024-08-21 11:15:00
2024-08-21,11:30:00 am,0,102.893,20.87,2024-08-21 11:30:00
2024-08-21,11:45:00 am,0,102.895,20.935,2024-08-21 11:45:00
2024-08-21,12:00:00 pm,0,102.896,21.001,2024-08-21 12:00:00
2024-08-21,12:15:00 pm,0,102.891,21.086,2024-08-21 12:15:00
2024-08-21,12:30:00 pm,0,102.894,21.177,2024-08-21 12:30:00
2024-08-21,12:45:00 pm,0,102.89,21.261,2024-08-21 12:45:00
2024-08-21,01:00:00 pm,0,102.887,21.338,2024-08-21 01:00:00
2024-08-21,01:15:00 pm,0,102.89,21.414,2024-08-21 01:15:00
2024-08-21,01:30:00 pm,0,102.872,21.501,2024-08-21 01:30:00
2024-08-21,01:45:00 pm,0,102.854,21.589,2024-08-21 01:45:00
2024-08-21,02:00:00 pm,0,102.84,21.682,2024-08-21 02:00:00
2024-08-21,02:15:00 pm,0,102.834,21.783,2024-08-21 02:15:00
2024-08-21,02:30:00 pm,0,102.831,21.847,2024-08-21 02:30:00
2024-08-21,02:45:00 pm,0,102.821,21.905,2024-08-21 02:45:00
2024-08-21,03:00:00 pm,0,102.803,21.985,2024-08-21 03:00:00
2024-08-21,03:15:00 pm,0,102.793,22.069,2024-08-21 03:15:00
2024-08-21,03:30:00 pm,0,102.789,22.115,2024-08-21 03:30:00
2024-08-21,03:45:00 pm,0,102.769,22.186,2024-08-21 03:45:00
2024-08-21,04:00:00 pm,0,102.734,22.229,2024-08-21 04:00:00
2024-08-21,04:15:00 pm,0,102.739,22.267,2024-08-21 04:15:00
2024-08-21,04:30:00 pm,0,102.729,22.286,2024-08-21 04:30:00
2024-08-21,04:45:00 pm,0,102.72,22.292,2024-08-21 04:45:00
2024-08-21,05:00:00 pm,0,102.721,22.309,2024-08-21 05:00:00
2024-08-21,05:15:00 pm,0,102.723,22.328,2024-08-21 05:15:00
2024-08-21,05:30:00 pm,0,102.724,22.34,2024-08-21 05:30:00
2024-08-21,05:45:00 pm,0,102.72,22.347,2024-08-21 05:45:00
2024-08-21,06:00:00 pm,0,102.712,22.346,2024-08-21 06:00:00
2024-08-21,06:15:00 pm,0,102.707,22.344,2024-08-21 06:15:00
2024-08-21,06:30:00 pm,0,102.71,22.335,2024-08-21 06:30:00
2024-08-21,06:45:00 pm,0,102.711,22.321,2024-08-21 06:45:00
2024-08-21,07:00:00 pm,0,102.701,22.303,2024-08-21 07:00:00
2024-08-21,07:15:00 pm,0,102.706,22.286,2024-08-21 07:15:00
2024-08-21,07:30:00 pm,0,102.708,22.261,2024-08-21 07:30:00
2024-08-21,07:45:00 pm,0,102.707,22.234,2024-08-21 07:45:00
2024-08-21,08:00:00 pm,0,102.709,22.199,2024-08-21 08:00:00
2024-08-21,08:15:00 pm,0,102.709,22.157,2024-08-21 08:15:00
2024-08-21,08:30:00 pm,0,102.713,22.11,2024-08-21 08:30:00
2024-08-21,08:45:00 pm,0,102.716,22.062,2024-08-21 08:45:00
2024-08-21,09:00:00 pm,0,102.717,22.016,2024-08-21 09:00:00
2024-08-21,09:15:00 pm,0,102.718,21.964,2024-08-21 09:15:00
2024-08-21,09:30:00 pm,0,102.723,21.911,2024-08-21 09:30:00
2024-08-21,09:45:00 pm,0,102.725,21.858,2024-08-21 09:45:00
2024-08-21,10:00:00 pm,0,102.733,21.808,2024-08-21 10:00:00
2024-08-21,10:15:00 pm,0,102.75,21.753,2024-08-21 10:15:00
2024-08-21,10:30:00 pm,0,102.757,21.699,2024-08-21 10:30:00
2024-08-21,10:45:00 pm,0,102.75,21.645,2024-08-21 10:45:00
2024-08-21,11:00:00 pm,0,102.744,21.592,2024-08-21 11:00:00
2024-08-21,11:15:00 pm,0,102.738,21.53,2024-08-21 11:15:00
2024-08-21,11:30:00 pm,0,102.733,21.473,2024-08-21 11:30:00
2024-08-21,11:45:00 pm,0,102.727,21.417,2024-08-21 11:45:00
2024-08-22,12:00:00 am,0,102.732,21.354,2024-08-22 12:00:00
2024-08-22,12:15:00 am,0,102.73,21.291,2024-08-22 12:15:00
2024-08-22,12:30:00 am,0,102.712,21.231,2024-08-22 12:30:00
2024-08-22,12:45:00 am,0,102.713,21.175,2024-08-22 12:45:00
2024-08-22,01:00:00 am,0,102.703,21.112,2024-08-22 01:00:00
2024-08-22,01:15:00 am,0,102.692,21.057,2024-08-22 01:15:00
2024-08-22,01:30:00 am,0,102.67,21,2024-08-22 01:30:00
2024-08-22,01:45:00 am,0,102.662,20.941,2024-08-22 01:45:00
2024-08-22,02:00:00 am,0,102.643,20.883,2024-08-22 02:00:00
2024-08-22,02:15:00 am,0,102.633,20.824,2024-08-22 02:15:00
2024-08-22,02:30:00 am,0,102.638,20.769,2024-08-22 02:30:00
2024-08-22,02:45:00 am,0,102.648,20.709,2024-08-22 02:45:00
2024-08-22,03:00:00 am,0,102.645,20.659,2024-08-22 03:00:00
2024-08-22,03:15:00 am,0,102.633,20.608,2024-08-22 03:15:00
2024-08-22,03:30:00 am,0,102.634,20.554,2024-08-22 03:30:00
2024-08-22,03:45:00 am,0,102.635,20.507,2024-08-22 03:45:00
2024-08-22,04:00:00 am,0,102.637,20.457,2024-08-22 04:00:00
2024-08-22,04:15:00 am,0,102.641,20.41,2024-08-22 04:15:00
2024-08-22,04:30:00 am,0,102.659,20.364,2024-08-22 04:30:00
2024-08-22,04:45:00 am,0,102.667,20.323,2024-08-22 04:45:00
2024-08-22,05:00:00 am,0,102.677,20.283,2024-08-22 05:00:00
2024-08-22,05:15:00 am,0,102.687,20.242,2024-08-22 05:15:00
2024-08-22,05:30:00 am,0,102.704,20.204,2024-08-22 05:30:00
2024-08-22,05:45:00 am,0,102.711,20.166,2024-08-22 05:45:00
2024-08-22,06:00:00 am,0,102.734,20.132,2024-08-22 06:00:00
2024-08-22,06:15:00 am,0,102.751,20.09,2024-08-22 06:15:00
2024-08-22,06:30:00 am,0,102.777,20.054,2024-08-22 06:30:00
2024-08-22,06:45:00 am,0,102.794,20.018,2024-08-22 06:45:00
2024-08-22,07:00:00 am,0,102.806,19.983,2024-08-22 07:00:00
2024-08-22,07:15:00 am,0,102.821,19.956,2024-08-22 07:15:00
2024-08-22,07:30:00 am,0,102.829,19.93,2024-08-22 07:30:00
2024-08-22,07:45:00 am,0,102.849,19.919,2024-08-22 07:45:00
2024-08-22,08:00:00 am,0,102.848,19.914,2024-08-22 08:00:00
2024-08-22,08:15:00 am,0,102.862,19.919,2024-08-22 08:15:00
2024-08-22,08:30:00 am,0,102.866,19.936,2024-08-22 08:30:00
2024-08-22,08:45:00 am,0,102.871,19.96,2024-08-22 08:45:00
2024-08-22,09:00:00 am,0,102.881,19.999,2024-08-22 09:00:00
2024-08-22,09:15:00 am,0,102.889,20.049,2024-08-22 09:15:00
2024-08-22,09:30:00 am,0,102.9,20.111,2024-08-22 09:30:00
2024-08-22,09:45:00 am,0,102.913,20.185,2024-08-22 09:45:00
2024-08-22,10:00:00 am,0,102.928,20.263,2024-08-22 10:00:00
2024-08-22,10:15:00 am,0,102.947,20.346,2024-08-22 10:15:00
2024-08-22,10:30:00 am,0,102.963,20.416,2024-08-22 10:30:00
2024-08-22,10:45:00 am,0,102.978,20.478,2024-08-22 10:45:00
2024-08-22,11:00:00 am,0,102.993,20.547,2024-08-22 11:00:00
2024-08-22,11:15:00 am,0,103.007,20.614,2024-08-22 11:15:00
2024-08-22,11:30:00 am,0,103.009,20.68,2024-08-22 11:30:00
2024-08-22,11:45:00 am,0,103.014,20.743,2024-08-22 11:45:00
2024-08-22,12:00:00 pm,0,103.014,20.8,2024-08-22 12:00:00
2024-08-22,12:15:00 pm,0,103.008,20.844,2024-08-22 12:15:00
2024-08-22,12:30:00 pm,0,103.008,20.936,2024-08-22 12:30:00
2024-08-22,12:45:00 pm,0,103.01,21.014,2024-08-22 12:45:00
2024-08-22,01:00:00 pm,0,103.009,21.074,2024-08-22 01:00:00
2024-08-22,01:15:00 pm,0,103.001,21.115,2024-08-22 01:15:00
2024-08-22,01:30:00 pm,0,102.987,21.207,2024-08-22 01:30:00
2024-08-22,01:45:00 pm,0,102.984,21.291,2024-08-22 01:45:00
2024-08-22,02:00:00 pm,0,102.969,21.404,2024-08-22 02:00:00
2024-08-22,02:15:00 pm,0,102.96,21.508,2024-08-22 02:15:00
2024-08-22,02:30:00 pm,0,102.935,21.58,2024-08-22 02:30:00
2024-08-22,02:45:00 pm,0,102.925,21.677,2024-08-22 02:45:00
2024-08-22,03:00:00 pm,0,102.924,21.768,2024-08-22 03:00:00
2024-08-22,03:15:00 pm,0,102.918,21.814,2024-08-22 03:15:00
2024-08-22,03:30:00 pm,0,102.931,21.853,2024-08-22 03:30:00
2024-08-22,03:45:00 pm,0,102.947,21.908,2024-08-22 03:45:00
2024-08-22,04:00:00 pm,0,102.927,21.958,2024-08-22 04:00:00
2024-08-22,04:15:00 pm,0,102.919,21.989,2024-08-22 04:15:00
2024-08-22,04:30:00 pm,0,102.915,21.991,2024-08-22 04:30:00
2024-08-22,04:45:00 pm,0,102.896,21.991,2024-08-22 04:45:00
2024-08-22,05:00:00 pm,0,102.899,21.996,2024-08-22 05:00:00
2024-08-22,05:15:00 pm,0,102.896,22.009,2024-08-22 05:15:00
2024-08-22,05:30:00 pm,0,102.895,22.02,2024-08-22 05:30:00
2024-08-22,05:45:00 pm,0,102.897,22.027,2024-08-22 05:45:00
2024-08-22,06:00:00 pm,0,102.91,22.033,2024-08-22 06:00:00
2024-08-22,06:15:00 pm,0,102.914,22.036,2024-08-22 06:15:00
2024-08-22,06:30:00 pm,0,102.916,22.034,2024-08-22 06:30:00
2024-08-22,06:45:00 pm,0,102.914,22.03,2024-08-22 06:45:00
2024-08-22,07:00:00 pm,0,102.907,22.025,2024-08-22 07:00:00
2024-08-22,07:15:00 pm,0,102.912,22.02,2024-08-22 07:15:00
2024-08-22,07:30:00 pm,0,102.926,22.014,2024-08-22 07:30:00
2024-08-22,07:45:00 pm,0,102.938,22.003,2024-08-22 07:45:00
2024-08-22,08:00:00 pm,0,102.952,21.994,2024-08-22 08:00:00
2024-08-22,08:15:00 pm,0,102.966,21.988,2024-08-22 08:15:00
2024-08-22,08:30:00 pm,0,102.969,21.981,2024-08-22 08:30:00
2024-08-22,08:45:00 pm,0,102.977,21.97,2024-08-22 08:45:00
2024-08-22,09:00:00 pm,0,102.991,21.964,2024-08-22 09:00:00
2024-08-22,09:15:00 pm,0,102.998,21.956,2024-08-22 09:15:00
2024-08-22,09:30:00 pm,0,103.006,21.945,2024-08-22 09:30:00
2024-08-22,09:45:00 pm,0,103.011,21.936,2024-08-22 09:45:00
2024-08-22,10:00:00 pm,0,103.016,21.925,2024-08-22 10:00:00
2024-08-22,10:15:00 pm,0,103.022,21.914,2024-08-22 10:15:00
2024-08-22,10:30:00 pm,0,103.027,21.902,2024-08-22 10:30:00
2024-08-22,10:45:00 pm,0,103.024,21.89,2024-08-22 10:45:00
2024-08-22,11:00:00 pm,0,103.024,21.879,2024-08-22 11:00:00
2024-08-22,11:15:00 pm,0,103.026,21.867,2024-08-22 11:15:00
2024-08-22,11:30:00 pm,0,103.029,21.856,2024-08-22 11:30:00
2024-08-22,11:45:00 pm,0,103.029,21.842,2024-08-22 11:45:00
2024-08-23,12:00:00 am,0,103.033,21.828,2024-08-23 12:00:00
2024-08-23,12:15:00 am,0,103.03,21.81,2024-08-23 12:15:00
2024-08-23,12:30:00 am,0,103.026,21.792,2024-08-23 12:30:00
2024-08-23,12:45:00 am,0,103.027,21.77,2024-08-23 12:45:00
2024-08-23,01:00:00 am,0,103.03,21.75,2024-08-23 01:00:00
2024-08-23,01:15:00 am,0,103.029,21.726,2024-08-23 01:15:00
2024-08-23,01:30:00 am,0,103.019,21.704,2024-08-23 01:30:00
2024-08-23,01:45:00 am,0,103.015,21.681,2024-08-23 01:45:00
2024-08-23,02:00:00 am,0,103.01,21.661,2024-08-23 02:00:00
2024-08-23,02:15:00 am,0,103.008,21.637,2024-08-23 02:15:00
2024-08-23,02:30:00 am,0,103.009,21.611,2024-08-23 02:30:00
2024-08-23,02:45:00 am,0,103.009,21.589,2024-08-23 02:45:00
2024-08-23,03:00:00 am,0,103.019,21.561,2024-08-23 03:00:00
2024-08-23,03:15:00 am,0,103.042,21.533,2024-08-23 03:15:00
2024-08-23,03:30:00 am,0,103.051,21.501,2024-08-23 03:30:00
2024-08-23,03:45:00 am,0,103.049,21.463,2024-08-23 03:45:00
2024-08-23,04:00:00 am,0,103.059,21.426,2024-08-23 04:00:00
2024-08-23,04:15:00 am,0,103.058,21.386,2024-08-23 04:15:00
2024-08-23,04:30:00 am,0,103.055,21.346,2024-08-23 04:30:00
2024-08-23,04:45:00 am,0,103.079,21.309,2024-08-23 04:45:00
2024-08-23,05:00:00 am,0,103.087,21.268,2024-08-23 05:00:00
2024-08-23,05:15:00 am,0,103.095,21.223,2024-08-23 05:15:00
2024-08-23,05:30:00 am,0,103.102,21.181,2024-08-23 05:30:00
2024-08-23,05:45:00 am,0,103.106,21.146,2024-08-23 05:45:00
2024-08-23,06:00:00 am,0,103.118,21.111,2024-08-23 06:00:00
2024-08-23,06:15:00 am,0,103.138,21.075,2024-08-23 06:15:00
2024-08-23,06:30:00 am,0,103.149,21.033,2024-08-23 06:30:00
2024-08-23,06:45:00 am,0,103.171,21,2024-08-23 06:45:00
2024-08-23,07:00:00 am,0,103.181,20.97,2024-08-23 07:00:00
2024-08-23,07:15:00 am,0,103.193,20.938,2024-08-23 07:15:00
2024-08-23,07:30:00 am,0,103.203,20.909,2024-08-23 07:30:00
2024-08-23,07:45:00 am,0,103.212,20.894,2024-08-23 07:45:00
2024-08-23,08:00:00 am,0,103.221,20.894,2024-08-23 08:00:00
2024-08-23,08:15:00 am,0,103.233,20.898,2024-08-23 08:15:00
2024-08-23,08:30:00 am,0,103.251,20.911,2024-08-23 08:30:00
2024-08-23,08:45:00 am,0,103.265,20.929,2024-08-23 08:45:00
2024-08-23,09:00:00 am,0,103.269,20.95,2024-08-23 09:00:00
2024-08-23,09:15:00 am,0,103.292,20.981,2024-08-23 09:15:00
2024-08-23,09:30:00 am,0,103.292,21.012,2024-08-23 09:30:00
2024-08-23,09:45:00 am,0,103.308,21.057,2024-08-23 09:45:00
2024-08-23,10:00:00 am,0,103.322,21.093,2024-08-23 10:00:00
2024-08-23,10:15:00 am,0,103.342,21.131,2024-08-23 10:15:00
2024-08-23,10:30:00 am,0,103.35,21.175,2024-08-23 10:30:00
2024-08-23,10:45:00 am,0,103.363,21.217,2024-08-23 10:45:00
2024-08-23,11:00:00 am,0,103.37,21.271,2024-08-23 11:00:00
2024-08-23,11:15:00 am,0,103.381,21.338,2024-08-23 11:15:00
2024-08-23,11:30:00 am,0,103.385,21.396,2024-08-23 11:30:00
2024-08-23,11:45:00 am,0,103.383,21.442,2024-08-23 11:45:00
2024-08-23,12:00:00 pm,0,103.394,21.492,2024-08-23 12:00:00
2024-08-23,12:15:00 pm,0,103.397,21.549,2024-08-23 12:15:00
2024-08-23,12:30:00 pm,0,103.396,21.62,2024-08-23 12:30:00
2024-08-23,12:45:00 pm,0,103.39,21.686,2024-08-23 12:45:00
2024-08-23,01:00:00 pm,0,103.385,21.753,2024-08-23 01:00:00
2024-08-23,01:15:00 pm,0,103.372,21.81,2024-08-23 01:15:00
2024-08-23,01:30:00 pm,0,103.367,21.889,2024-08-23 01:30:00
2024-08-23,01:45:00 pm,0,103.369,21.96,2024-08-23 01:45:00
2024-08-23,02:00:00 pm,0,103.341,22.052,2024-08-23 02:00:00
2024-08-23,02:15:00 pm,0,103.319,22.138,2024-08-23 02:15:00
2024-08-23,02:30:00 pm,0,103.304,22.203,2024-08-23 02:30:00
2024-08-23,02:45:00 pm,0,103.293,22.276,2024-08-23 02:45:00
2024-08-23,03:00:00 pm,0,103.282,22.356,2024-08-23 03:00:00
2024-08-23,03:15:00 pm,0,103.259,22.409,2024-08-23 03:15:00
2024-08-23,03:30:00 pm,0,103.23,22.439,2024-08-23 03:30:00
2024-08-23,03:45:00 pm,0,103.224,22.493,2024-08-23 03:45:00
2024-08-23,04:00:00 pm,0,103.21,22.528,2024-08-23 04:00:00
2024-08-23,04:15:00 pm,0,103.197,22.545,2024-08-23 04:15:00
2024-08-23,04:30:00 pm,0,103.184,22.555,2024-08-23 04:30:00
2024-08-23,04:45:00 pm,0,103.171,22.565,2024-08-23 04:45:00
2024-08-23,05:00:00 pm,0,103.165,22.579,2024-08-23 05:00:00
2024-08-23,05:15:00 pm,0,103.16,22.587,2024-08-23 05:15:00
2024-08-23,05:30:00 pm,0,103.156,22.599,2024-08-23 05:30:00
2024-08-23,05:45:00 pm,0,103.158,22.608,2024-08-23 05:45:00
2024-08-23,06:00:00 pm,0,103.155,22.609,2024-08-23 06:00:00
2024-08-23,06:15:00 pm,0,103.154,22.601,2024-08-23 06:15:00
2024-08-23,06:30:00 pm,0,103.143,22.589,2024-08-23 06:30:00
2024-08-23,06:45:00 pm,0,103.152,22.574,2024-08-23 06:45:00
2024-08-23,07:00:00 pm,0,103.153,22.558,2024-08-23 07:00:00
2024-08-23,07:15:00 pm,0,103.149,22.536,2024-08-23 07:15:00
2024-08-23,07:30:00 pm,0,103.146,22.512,2024-08-23 07:30:00
2024-08-23,07:45:00 pm,0,103.149,22.483,2024-08-23 07:45:00
2024-08-23,08:00:00 pm,0,103.154,22.445,2024-08-23 08:00:00
2024-08-23,08:15:00 pm,0,103.157,22.399,2024-08-23 08:15:00
2024-08-23,08:30:00 pm,0,103.151,22.347,2024-08-23 08:30:00
2024-08-23,08:45:00 pm,0,103.148,22.294,2024-08-23 08:45:00
2024-08-23,09:00:00 pm,0,103.151,22.235,2024-08-23 09:00:00
2024-08-23,09:15:00 pm,0,103.162,22.17,2024-08-23 09:15:00
2024-08-23,09:30:00 pm,0,103.156,22.112,2024-08-23 09:30:00
2024-08-23,09:45:00 pm,0,103.16,22.056,2024-08-23 09:45:00
2024-08-23,10:00:00 pm,0,103.147,21.99,2024-08-23 10:00:00
2024-08-23,10:15:00 pm,0,103.155,21.926,2024-08-23 10:15:00
2024-08-23,10:30:00 pm,0,103.165,21.862,2024-08-23 10:30:00
2024-08-23,10:45:00 pm,0,103.163,21.796,2024-08-23 10:45:00
2024-08-23,11:00:00 pm,0,103.16,21.733,2024-08-23 11:00:00
2024-08-23,11:15:00 pm,0,103.17,21.662,2024-08-23 11:15:00
2024-08-23,11:30:00 pm,0,103.169,21.594,2024-08-23 11:30:00
2024-08-23,11:45:00 pm,0,103.154,21.529,2024-08-23 11:45:00
2024-08-24,12:00:00 am,0,103.142,21.461,2024-08-24 12:00:00
2024-08-24,12:15:00 am,0,103.126,21.39,2024-08-24 12:15:00
2024-08-24,12:30:00 am,0,103.115,21.323,2024-08-24 12:30:00
2024-08-24,12:45:00 am,0,103.09,21.251,2024-08-24 12:45:00
2024-08-24,01:00:00 am,0,103.08,21.173,2024-08-24 01:00:00
2024-08-24,01:15:00 am,0,103.066,21.101,2024-08-24 01:15:00
2024-08-24,01:30:00 am,0,103.05,21.026,2024-08-24 01:30:00
2024-08-24,01:45:00 am,0,103.039,20.953,2024-08-24 01:45:00
2024-08-24,02:00:00 am,0,103.028,20.871,2024-08-24 02:00:00
2024-08-24,02:15:00 am,0,103.022,20.795,2024-08-24 02:15:00
2024-08-24,02:30:00 am,0,103.015,20.715,2024-08-24 02:30:00
2024-08-24,02:45:00 am,0,103.008,20.638,2024-08-24 02:45:00
2024-08-24,03:00:00 am,0,103.014,20.56,2024-08-24 03:00:00
2024-08-24,03:15:00 am,0,103.015,20.486,2024-08-24 03:15:00
2024-08-24,03:30:00 am,0,103.027,20.412,2024-08-24 03:30:00
2024-08-24,03:45:00 am,0,103.038,20.334,2024-08-24 03:45:00
2024-08-24,04:00:00 am,0,103.053,20.259,2024-08-24 04:00:00
2024-08-24,04:15:00 am,0,103.072,20.186,2024-08-24 04:15:00
2024-08-24,04:30:00 am,0,103.086,20.118,2024-08-24 04:30:00
2024-08-24,04:45:00 am,0,103.107,20.045,2024-08-24 04:45:00
2024-08-24,05:00:00 am,0,103.126,19.979,2024-08-24 05:00:00
2024-08-24,05:15:00 am,0,103.148,19.911,2024-08-24 05:15:00
2024-08-24,05:30:00 am,0,103.165,19.846,2024-08-24 05:30:00
2024-08-24,05:45:00 am,0,103.179,19.774,2024-08-24 05:45:00
2024-08-24,06:00:00 am,0,103.186,19.708,2024-08-24 06:00:00
2024-08-24,06:15:00 am,0,103.193,19.648,2024-08-24 06:15:00
2024-08-24,06:30:00 am,0,103.222,19.59,2024-08-24 06:30:00
2024-08-24,06:45:00 am,0,103.236,19.53,2024-08-24 06:45:00
2024-08-24,07:00:00 am,0,103.238,19.47,2024-08-24 07:00:00
2024-08-24,07:15:00 am,0,103.253,19.421,2024-08-24 07:15:00
2024-08-24,07:30:00 am,0,103.257,19.378,2024-08-24 07:30:00
2024-08-24,07:45:00 am,0,103.268,19.354,2024-08-24 07:45:00
2024-08-24,08:00:00 am,0,103.274,19.339,2024-08-24 08:00:00
2024-08-24,08:15:00 am,0,103.291,19.334,2024-08-24 08:15:00
2024-08-24,08:30:00 am,0,103.309,19.339,2024-08-24 08:30:00
2024-08-24,08:45:00 am,0,103.316,19.366,2024-08-24 08:45:00
2024-08-24,09:00:00 am,0,103.334,19.406,2024-08-24 09:00:00
2024-08-24,09:15:00 am,0,103.35,19.467,2024-08-24 09:15:00
2024-08-24,09:30:00 am,0,103.373,19.534,2024-08-24 09:30:00
2024-08-24,09:45:00 am,0,103.382,19.602,2024-08-24 09:45:00
2024-08-24,10:00:00 am,0,103.386,19.671,2024-08-24 10:00:00
2024-08-24,10:15:00 am,0,103.398,19.749,2024-08-24 10:15:00
2024-08-24,10:30:00 am,0,103.401,19.83,2024-08-24 10:30:00
2024-08-24,10:45:00 am,0,103.4,19.909,2024-08-24 10:45:00
2024-08-24,11:00:00 am,0,103.398,19.993,2024-08-24 11:00:00
2024-08-24,11:15:00 am,0,103.393,20.093,2024-08-24 11:15:00
2024-08-24,11:30:00 am,0,103.378,20.181,2024-08-24 11:30:00
2024-08-24,11:45:00 am,0,103.368,20.26,2024-08-24 11:45:00
2024-08-24,12:00:00 pm,0,103.36,20.341,2024-08-24 12:00:00
2024-08-24,12:15:00 pm,0,103.348,20.432,2024-08-24 12:15:00
2024-08-24,12:30:00 pm,0,103.324,20.533,2024-08-24 12:30:00
2024-08-24,12:45:00 pm,0,103.317,20.631,2024-08-24 12:45:00
2024-08-24,01:00:00 pm,0,103.307,20.718,2024-08-24 01:00:00
2024-08-24,01:15:00 pm,0,103.285,20.805,2024-08-24 01:15:00
2024-08-24,01:30:00 pm,0,103.268,20.897,2024-08-24 01:30:00
2024-08-24,01:45:00 pm,0,103.264,20.988,2024-08-24 01:45:00
2024-08-24,02:00:00 pm,0,103.253,21.099,2024-08-24 02:00:00
2024-08-24,02:15:00 pm,0,103.241,21.21,2024-08-24 02:15:00
2024-08-24,02:30:00 pm,0,103.224,21.287,2024-08-24 02:30:00
2024-08-24,02:45:00 pm,0,103.21,21.377,2024-08-24 02:45:00
2024-08-24,03:00:00 pm,0,103.195,21.49,2024-08-24 03:00:00
2024-08-24,03:15:00 pm,0,103.177,21.57,2024-08-24 03:15:00
2024-08-24,03:30:00 pm,0,103.164,21.604,2024-08-24 03:30:00
2024-08-24,03:45:00 pm,0,103.145,21.684,2024-08-24 03:45:00
2024-08-24,04:00:00 pm,0,103.155,21.741,2024-08-24 04:00:00
2024-08-24,04:15:00 pm,0,103.15,21.756,2024-08-24 04:15:00
2024-08-24,04:30:00 pm,0,103.129,21.789,2024-08-24 04:30:00
2024-08-24,04:45:00 pm,0,103.105,21.815,2024-08-24 04:45:00
2024-08-24,05:00:00 pm,0,103.111,21.85,2024-08-24 05:00:00
2024-08-24,05:15:00 pm,0,103.095,21.881,2024-08-24 05:15:00
2024-08-24,05:30:00 pm,0,103.073,21.904,2024-08-24 05:30:00
2024-08-24,05:45:00 pm,0,103.063,21.923,2024-08-24 05:45:00
2024-08-24,06:00:00 pm,0,103.05,21.943,2024-08-24 06:00:00
2024-08-24,06:15:00 pm,0,103.04,21.945,2024-08-24 06:15:00
2024-08-24,06:30:00 pm,0,103.028,21.943,2024-08-24 06:30:00
2024-08-24,06:45:00 pm,0,103.025,21.935,2024-08-24 06:45:00
2024-08-24,07:00:00 pm,0,103.02,21.93,2024-08-24 07:00:00
2024-08-24,07:15:00 pm,0,103.023,21.915,2024-08-24 07:15:00
2024-08-24,07:30:00 pm,0,103.036,21.902,2024-08-24 07:30:00
2024-08-24,07:45:00 pm,0,103.038,21.886,2024-08-24 07:45:00
2024-08-24,08:00:00 pm,0,103.044,21.871,2024-08-24 08:00:00
2024-08-24,08:15:00 pm,0,103.046,21.854,2024-08-24 08:15:00
2024-08-24,08:30:00 pm,0,103.047,21.836,2024-08-24 08:30:00
2024-08-24,08:45:00 pm,0,103.051,21.815,2024-08-24 08:45:00
2024-08-24,09:00:00 pm,0,103.054,21.795,2024-08-24 09:00:00
2024-08-24,09:15:00 pm,0,103.057,21.773,2024-08-24 09:15:00
2024-08-24,09:30:00 pm,0,103.059,21.746,2024-08-24 09:30:00
2024-08-24,09:45:00 pm,0,103.06,21.719,2024-08-24 09:45:00
2024-08-24,10:00:00 pm,0,103.066,21.691,2024-08-24 10:00:00
2024-08-24,10:15:00 pm,0,103.058,21.659,2024-08-24 10:15:00
2024-08-24,10:30:00 pm,0,103.051,21.631,2024-08-24 10:30:00
2024-08-24,10:45:00 pm,0,103.037,21.601,2024-08-24 10:45:00
2024-08-24,11:00:00 pm,0,103.027,21.571,2024-08-24 11:00:00
2024-08-24,11:15:00 pm,0,103.029,21.536,2024-08-24 11:15:00
2024-08-24,11:30:00 pm,0,103.035,21.5,2024-08-24 11:30:00
2024-08-24,11:45:00 pm,0,103.034,21.468,2024-08-24 11:45:00
2024-08-25,12:00:00 am,0,103.036,21.438,2024-08-25 12:00:00
2024-08-25,12:15:00 am,0,103.036,21.405,2024-08-25 12:15:00
2024-08-25,12:30:00 am,0,103.027,21.37,2024-08-25 12:30:00
2024-08-25,12:45:00 am,0,103.02,21.331,2024-08-25 12:45:00
2024-08-25,01:00:00 am,0,103.033,21.296,2024-08-25 01:00:00
2024-08-25,01:15:00 am,0,103.028,21.252,2024-08-25 01:15:00
2024-08-25,01:30:00 am,0,103.024,21.213,2024-08-25 01:30:00
2024-08-25,01:45:00 am,0,103.017,21.175,2024-08-25 01:45:00
2024-08-25,02:00:00 am,0,103.014,21.133,2024-08-25 02:00:00
2024-08-25,02:15:00 am,0,103.015,21.09,2024-08-25 02:15:00
2024-08-25,02:30:00 am,0,103.021,21.047,2024-08-25 02:30:00
2024-08-25,02:45:00 am,0,103.023,21,2024-08-25 02:45:00
2024-08-25,03:00:00 am,0,103.038,20.955,2024-08-25 03:00:00
2024-08-25,03:15:00 am,0,103.04,20.909,2024-08-25 03:15:00
2024-08-25,03:30:00 am,0,103.055,20.862,2024-08-25 03:30:00
2024-08-25,03:45:00 am,0,103.064,20.812,2024-08-25 03:45:00
2024-08-25,04:00:00 am,0,103.08,20.763,2024-08-25 04:00:00
2024-08-25,04:15:00 am,0,103.094,20.713,2024-08-25 04:15:00
2024-08-25,04:30:00 am,0,103.109,20.666,2024-08-25 04:30:00
2024-08-25,04:45:00 am,0,103.124,20.622,2024-08-25 04:45:00
2024-08-25,05:00:00 am,0,103.142,20.576,2024-08-25 05:00:00
2024-08-25,05:15:00 am,0,103.16,20.535,2024-08-25 05:15:00
2024-08-25,05:30:00 am,0,103.162,20.495,2024-08-25 05:30:00
2024-08-25,05:45:00 am,0,103.176,20.453,2024-08-25 05:45:00
2024-08-25,06:00:00 am,0,103.186,20.408,2024-08-25 06:00:00
2024-08-25,06:15:00 am,0,103.199,20.363,2024-08-25 06:15:00
2024-08-25,06:30:00 am,0,103.216,20.324,2024-08-25 06:30:00
2024-08-25,06:45:00 am,0,103.249,20.282,2024-08-25 06:45:00
2024-08-25,07:00:00 am,0,103.254,20.249,2024-08-25 07:00:00
2024-08-25,07:15:00 am,0,103.256,20.214,2024-08-25 07:15:00
2024-08-25,07:30:00 am,0,103.259,20.188,2024-08-25 07:30:00
2024-08-25,07:45:00 am,0,103.26,20.167,2024-08-25 07:45:00
2024-08-25,08:00:00 am,0,103.266,20.157,2024-08-25 08:00:00
2024-08-25,08:15:00 am,0,103.269,20.157,2024-08-25 08:15:00
2024-08-25,08:30:00 am,0,103.273,20.162,2024-08-25 08:30:00
2024-08-25,08:45:00 am,0,103.274,20.184,2024-08-25 08:45:00
2024-08-25,09:00:00 am,0,103.286,20.218,2024-08-25 09:00:00
2024-08-25,09:15:00 am,0,103.297,20.263,2024-08-25 09:15:00
2024-08-25,09:30:00 am,0,103.321,20.315,2024-08-25 09:30:00
2024-08-25,09:45:00 am,0,103.337,20.374,2024-08-25 09:45:00
2024-08-25,10:00:00 am,0,103.354,20.435,2024-08-25 10:00:00
2024-08-25,10:15:00 am,0,103.363,20.501,2024-08-25 10:15:00
2024-08-25,10:30:00 am,0,103.375,20.571,2024-08-25 10:30:00
2024-08-25,10:45:00 am,0,103.381,20.636,2024-08-25 10:45:00
2024-08-25,11:00:00 am,0,103.381,20.714,2024-08-25 11:00:00
2024-08-25,11:15:00 am,0,103.395,20.804,2024-08-25 11:15:00
2024-08-25,11:30:00 am,0,103.399,20.888,2024-08-25 11:30:00
2024-08-25,11:45:00 am,0,103.392,20.958,2024-08-25 11:45:00
2024-08-25,12:00:00 pm,0,103.383,21.029,2024-08-25 12:00:00
2024-08-25,12:15:00 pm,0,103.37,21.113,2024-08-25 12:15:00
2024-08-25,12:30:00 pm,0,103.358,21.211,2024-08-25 12:30:00
2024-08-25,12:45:00 pm,0,103.351,21.294,2024-08-25 12:45:00
2024-08-25,01:00:00 pm,0,103.342,21.379,2024-08-25 01:00:00
2024-08-25,01:15:00 pm,0,103.324,21.462,2024-08-25 01:15:00
2024-08-25,01:30:00 pm,0,103.318,21.553,2024-08-25 01:30:00
2024-08-25,01:45:00 pm,0,103.302,21.64,2024-08-25 01:45:00
2024-08-25,02:00:00 pm,0,103.284,21.735,2024-08-25 02:00:00
2024-08-25,02:15:00 pm,0,103.272,21.843,2024-08-25 02:15:00
2024-08-25,02:30:00 pm,0,103.257,21.923,2024-08-25 02:30:00
2024-08-25,02:45:00 pm,0,103.235,22.018,2024-08-25 02:45:00
2024-08-25,03:00:00 pm,0,103.209,22.113,2024-08-25 03:00:00
2024-08-25,03:15:00 pm,0,103.188,22.186,2024-08-25 03:15:00
2024-08-25,03:30:00 pm,0,103.174,22.222,2024-08-25 03:30:00
2024-08-25,03:45:00 pm,0,103.168,22.28,2024-08-25 03:45:00
2024-08-25,04:00:00 pm,0,103.151,22.32,2024-08-25 04:00:00
2024-08-25,04:15:00 pm,0,103.138,22.336,2024-08-25 04:15:00
2024-08-25,04:30:00 pm,0,103.134,22.35,2024-08-25 04:30:00
2024-08-25,04:45:00 pm,0,103.122,22.363,2024-08-25 04:45:00
2024-08-25,05:00:00 pm,0,103.121,22.382,2024-08-25 05:00:00
2024-08-25,05:15:00 pm,0,103.115,22.398,2024-08-25 05:15:00
2024-08-25,05:30:00 pm,0,103.11,22.411,2024-08-25 05:30:00
2024-08-25,05:45:00 pm,0,103.109,22.42,2024-08-25 05:45:00
2024-08-25,06:00:00 pm,0,103.1,22.427,2024-08-25 06:00:00
2024-08-25,06:15:00 pm,0,103.103,22.423,2024-08-25 06:15:00
2024-08-25,06:30:00 pm,0,103.099,22.408,2024-08-25 06:30:00
2024-08-25,06:45:00 pm,0,103.106,22.394,2024-08-25 06:45:00
2024-08-25,07:00:00 pm,0,103.109,22.373,2024-08-25 07:00:00
2024-08-25,07:15:00 pm,0,103.116,22.347,2024-08-25 07:15:00
2024-08-25,07:30:00 pm,0,103.124,22.319,2024-08-25 07:30:00
2024-08-25,07:45:00 pm,0,103.134,22.285,2024-08-25 07:45:00
2024-08-25,08:00:00 pm,0,103.136,22.239,2024-08-25 08:00:00
2024-08-25,08:15:00 pm,0,103.134,22.184,2024-08-25 08:15:00
2024-08-25,08:30:00 pm,0,103.131,22.124,2024-08-25 08:30:00
2024-08-25,08:45:00 pm,0,103.135,22.062,2024-08-25 08:45:00
2024-08-25,09:00:00 pm,0,103.145,21.996,2024-08-25 09:00:00
2024-08-25,09:15:00 pm,0,103.152,21.924,2024-08-25 09:15:00
2024-08-25,09:30:00 pm,0,103.15,21.853,2024-08-25 09:30:00
2024-08-25,09:45:00 pm,0,103.162,21.778,2024-08-25 09:45:00
2024-08-25,10:00:00 pm,0,103.165,21.706,2024-08-25 10:00:00
2024-08-25,10:15:00 pm,0,103.171,21.636,2024-08-25 10:15:00
2024-08-25,10:30:00 pm,0,103.174,21.567,2024-08-25 10:30:00
2024-08-25,10:45:00 pm,0,103.175,21.497,2024-08-25 10:45:00
2024-08-25,11:00:00 pm,0,103.171,21.43,2024-08-25 11:00:00
2024-08-25,11:15:00 pm,0,103.173,21.359,2024-08-25 11:15:00
2024-08-25,11:30:00 pm,0,103.173,21.287,2024-08-25 11:30:00
2024-08-25,11:45:00 pm,0,103.164,21.224,2024-08-25 11:45:00
2024-08-26,12:00:00 am,0,103.173,21.153,2024-08-26 12:00:00
2024-08-26,12:15:00 am,0,103.161,21.084,2024-08-26 12:15:00
2024-08-26,12:30:00 am,0,103.158,21.02,2024-08-26 12:30:00
2024-08-26,12:45:00 am,0,103.151,20.955,2024-08-26 12:45:00
2024-08-26,01:00:00 am,0,103.138,20.887,2024-08-26 01:00:00
2024-08-26,01:15:00 am,0,103.118,20.825,2024-08-26 01:15:00
2024-08-26,01:30:00 am,0,103.102,20.752,2024-08-26 01:30:00
2024-08-26,01:45:00 am,0,103.088,20.689,2024-08-26 01:45:00
2024-08-26,02:00:00 am,0,103.078,20.621,2024-08-26 02:00:00
2024-08-26,02:15:00 am,0,103.072,20.559,2024-08-26 02:15:00
2024-08-26,02:30:00 am,0,103.063,20.499,2024-08-26 02:30:00
2024-08-26,02:45:00 am,0,103.058,20.436,2024-08-26 02:45:00
2024-08-26,03:00:00 am,0,103.052,20.371,2024-08-26 03:00:00
2024-08-26,03:15:00 am,0,103.05,20.308,2024-08-26 03:15:00
2024-08-26,03:30:00 am,0,103.046,20.24,2024-08-26 03:30:00
2024-08-26,03:45:00 am,0,103.037,20.176,2024-08-26 03:45:00
2024-08-26,04:00:00 am,0,103.031,20.115,2024-08-26 04:00:00
2024-08-26,04:15:00 am,0,103.028,20.047,2024-08-26 04:15:00
2024-08-26,04:30:00 am,0,103.038,19.984,2024-08-26 04:30:00
2024-08-26,04:45:00 am,0,103.058,19.92,2024-08-26 04:45:00
2024-08-26,05:00:00 am,0,103.071,19.853,2024-08-26 05:00:00
2024-08-26,05:15:00 am,0,103.089,19.795,2024-08-26 05:15:00
2024-08-26,05:30:00 am,0,103.099,19.73,2024-08-26 05:30:00
2024-08-26,05:45:00 am,0,103.103,19.671,2024-08-26 05:45:00
2024-08-26,06:00:00 am,0,103.119,19.61,2024-08-26 06:00:00
2024-08-26,06:15:00 am,0,103.134,19.544,2024-08-26 06:15:00
2024-08-26,06:30:00 am,0,103.15,19.486,2024-08-26 06:30:00
2024-08-26,06:45:00 am,0,103.164,19.428,2024-08-26 06:45:00
2024-08-26,07:00:00 am,0,103.167,19.375,2024-08-26 07:00:00
2024-08-26,07:15:00 am,0,103.186,19.327,2024-08-26 07:15:00
2024-08-26,07:30:00 am,0,103.197,19.284,2024-08-26 07:30:00
2024-08-26,07:45:00 am,0,103.201,19.253,2024-08-26 07:45:00
2024-08-26,08:00:00 am,0,103.195,19.233,2024-08-26 08:00:00
2024-08-26,08:15:00 am,0,103.212,19.226,2024-08-26 08:15:00
2024-08-26,08:30:00 am,0,103.217,19.226,2024-08-26 08:30:00
2024-08-26,08:45:00 am,0,103.227,19.249,2024-08-26 08:45:00
2024-08-26,09:00:00 am,0,103.24,19.287,2024-08-26 09:00:00
2024-08-26,09:15:00 am,0,103.245,19.342,2024-08-26 09:15:00
2024-08-26,09:30:00 am,0,103.264,19.407,2024-08-26 09:30:00
2024-08-26,09:45:00 am,0,103.281,19.483,2024-08-26 09:45:00
2024-08-26,10:00:00 am,0,103.299,19.561,2024-08-26 10:00:00
2024-08-26,10:15:00 am,0,103.312,19.642,2024-08-26 10:15:00
2024-08-26,10:30:00 am,0,103.327,19.725,2024-08-26 10:30:00
2024-08-26,10:45:00 am,0,103.338,19.816,2024-08-26 10:45:00
2024-08-26,11:00:00 am,0,103.347,19.906,2024-08-26 11:00:00
2024-08-26,11:15:00 am,0,103.354,20.011,2024-08-26 11:15:00
2024-08-26,11:30:00 am,0,103.357,20.114,2024-08-26 11:30:00
2024-08-26,11:45:00 am,0,103.356,20.203,2024-08-26 11:45:00
2024-08-26,12:00:00 pm,0,103.35,20.293,2024-08-26 12:00:00
2024-08-26,12:15:00 pm,0,103.349,20.393,2024-08-26 12:15:00
2024-08-26,12:30:00 pm,0,103.341,20.509,2024-08-26 12:30:00
2024-08-26,12:45:00 pm,0,103.316,20.613,2024-08-26 12:45:00
2024-08-26,01:00:00 pm,0,103.298,20.707,2024-08-26 01:00:00
2024-08-26,01:15:00 pm,0,103.296,20.807,2024-08-26 01:15:00
2024-08-26,01:30:00 pm,0,103.279,20.914,2024-08-26 01:30:00
2024-08-26,01:45:00 pm,0,103.248,21.019,2024-08-26 01:45:00
2024-08-26,02:00:00 pm,0,103.235,21.133,2024-08-26 02:00:00
2024-08-26,02:15:00 pm,0,103.216,21.258,2024-08-26 02:15:00
2024-08-26,02:30:00 pm,0,103.182,21.358,2024-08-26 02:30:00
2024-08-26,02:45:00 pm,0,103.153,21.452,2024-08-26 02:45:00
2024-08-26,03:00:00 pm,0,103.127,21.565,2024-08-26 03:00:00
2024-08-26,03:15:00 pm,0,103.114,21.651,2024-08-26 03:15:00
2024-08-26,03:30:00 pm,0,103.098,21.693,2024-08-26 03:30:00
2024-08-26,03:45:00 pm,0,103.087,21.76,2024-08-26 03:45:00
2024-08-26,04:00:00 pm,0,103.08,21.818,2024-08-26 04:00:00
2024-08-26,04:15:00 pm,0,103.056,21.848,2024-08-26 04:15:00
2024-08-26,04:30:00 pm,0,103.039,21.875,2024-08-26 04:30:00
2024-08-26,04:45:00 pm,0,103.02,21.898,2024-08-26 04:45:00
2024-08-26,05:00:00 pm,0,103.013,21.922,2024-08-26 05:00:00
2024-08-26,05:15:00 pm,0,102.998,21.949,2024-08-26 05:15:00
2024-08-26,05:30:00 pm,0,102.999,21.976,2024-08-26 05:30:00
2024-08-26,05:45:00 pm,0,102.995,21.988,2024-08-26 05:45:00
2024-08-26,06:00:00 pm,0,102.998,21.995,2024-08-26 06:00:00
2024-08-26,06:15:00 pm,0,102.991,21.993,2024-08-26 06:15:00
2024-08-26,06:30:00 pm,0,102.984,21.988,2024-08-26 06:30:00
2024-08-26,06:45:00 pm,0,102.978,21.983,2024-08-26 06:45:00
2024-08-26,07:00:00 pm,0,102.97,21.969,2024-08-26 07:00:00
2024-08-26,07:15:00 pm,0,102.978,21.956,2024-08-26 07:15:00
2024-08-26,07:30:00 pm,0,102.987,21.942,2024-08-26 07:30:00
2024-08-26,07:45:00 pm,0,102.999,21.923,2024-08-26 07:45:00
2024-08-26,08:00:00 pm,0,103.001,21.901,2024-08-26 08:00:00
2024-08-26,08:15:00 pm,0,103.009,21.878,2024-08-26 08:15:00
2024-08-26,08:30:00 pm,0,103.022,21.852,2024-08-26 08:30:00
2024-08-26,08:45:00 pm,0,103.021,21.822,2024-08-26 08:45:00
2024-08-26,09:00:00 pm,0,103.031,21.797,2024-08-26 09:00:00
2024-08-26,09:15:00 pm,0,103.039,21.765,2024-08-26 09:15:00
2024-08-26,09:30:00 pm,0,103.043,21.73,2024-08-26 09:30:00
2024-08-26,09:45:00 pm,0,103.042,21.694,2024-08-26 09:45:00
2024-08-26,10:00:00 pm,0,103.039,21.655,2024-08-26 10:00:00
2024-08-26,10:15:00 pm,0,103.041,21.617,2024-08-26 10:15:00
2024-08-26,10:30:00 pm,0,103.041,21.57,2024-08-26 10:30:00
2024-08-26,10:45:00 pm,0,103.038,21.53,2024-08-26 10:45:00
2024-08-26,11:00:00 pm,0,103.043,21.483,2024-08-26 11:00:00
2024-08-26,11:15:00 pm,0,103.04,21.438,2024-08-26 11:15:00
2024-08-26,11:30:00 pm,0,103.034,21.391,2024-08-26 11:30:00
2024-08-26,11:45:00 pm,0,103.025,21.34,2024-08-26 11:45:00
2024-08-27,12:00:00 am,0,103.01,21.291,2024-08-27 12:00:00
2024-08-27,12:15:00 am,0,103.007,21.243,2024-08-27 12:15:00
2024-08-27,12:30:00 am,0,102.998,21.189,2024-08-27 12:30:00
2024-08-27,12:45:00 am,0,102.988,21.138,2024-08-27 12:45:00
2024-08-27,01:00:00 am,0,102.974,21.085,2024-08-27 01:00:00
2024-08-27,01:15:00 am,0,102.957,21.034,2024-08-27 01:15:00
2024-08-27,01:30:00 am,0,102.94,20.982,2024-08-27 01:30:00
2024-08-27,01:45:00 am,0,102.931,20.931,2024-08-27 01:45:00
2024-08-27,02:00:00 am,0,102.916,20.879,2024-08-27 02:00:00
2024-08-27,02:15:00 am,0,102.91,20.826,2024-08-27 02:15:00
2024-08-27,02:30:00 am,0,102.906,20.774,2024-08-27 02:30:00
2024-08-27,02:45:00 am,0,102.898,20.721,2024-08-27 02:45:00
2024-08-27,03:00:00 am,0,102.879,20.674,2024-08-27 03:00:00
2024-08-27,03:15:00 am,0,102.871,20.631,2024-08-27 03:15:00
2024-08-27,03:30:00 am,0,102.858,20.58,2024-08-27 03:30:00
2024-08-27,03:45:00 am,0,102.852,20.534,2024-08-27 03:45:00
2024-08-27,04:00:00 am,0,102.863,20.483,2024-08-27 04:00:00
2024-08-27,04:15:00 am,0,102.867,20.437,2024-08-27 04:15:00
2024-08-27,04:30:00 am,0,102.869,20.395,2024-08-27 04:30:00
2024-08-27,04:45:00 am,0,102.873,20.355,2024-08-27 04:45:00
2024-08-27,05:00:00 am,0,102.888,20.31,2024-08-27 05:00:00
2024-08-27,05:15:00 am,0,102.902,20.268,2024-08-27 05:15:00
2024-08-27,05:30:00 am,0,102.926,20.224,2024-08-27 05:30:00
2024-08-27,05:45:00 am,0,102.931,20.182,2024-08-27 05:45:00
2024-08-27,06:00:00 am,0,102.94,20.151,2024-08-27 06:00:00
2024-08-27,06:15:00 am,0,102.948,20.106,2024-08-27 06:15:00
2024-08-27,06:30:00 am,0,102.968,20.073,2024-08-27 06:30:00
2024-08-27,06:45:00 am,0,102.991,20.034,2024-08-27 06:45:00
2024-08-27,07:00:00 am,0,103.009,20,2024-08-27 07:00:00
2024-08-27,07:15:00 am,0,103.015,19.974,2024-08-27 07:15:00
2024-08-27,07:30:00 am,0,103.024,19.96,2024-08-27 07:30:00
2024-08-27,07:45:00 am,0,103.043,19.957,2024-08-27 07:45:00
2024-08-27,08:00:00 am,0,103.04,19.955,2024-08-27 08:00:00
2024-08-27,08:15:00 am,0,103.057,19.962,2024-08-27 08:15:00
2024-08-27,08:30:00 am,0,103.061,19.975,2024-08-27 08:30:00
2024-08-27,08:45:00 am,0,103.063,19.987,2024-08-27 08:45:00
2024-08-27,09:00:00 am,0,103.074,20.01,2024-08-27 09:00:00
2024-08-27,09:15:00 am,0,103.08,20.041,2024-08-27 09:15:00
2024-08-27,09:30:00 am,0,103.088,20.075,2024-08-27 09:30:00
2024-08-27,09:45:00 am,0,103.094,20.111,2024-08-27 09:45:00
2024-08-27,10:00:00 am,0,103.107,20.158,2024-08-27 10:00:00
2024-08-27,10:15:00 am,0,103.127,20.211,2024-08-27 10:15:00
2024-08-27,10:30:00 am,0,103.139,20.26,2024-08-27 10:30:00
2024-08-27,10:45:00 am,0,103.146,20.318,2024-08-27 10:45:00
2024-08-27,11:00:00 am,0,103.144,20.381,2024-08-27 11:00:00
2024-08-27,11:15:00 am,0,103.154,20.462,2024-08-27 11:15:00
2024-08-27,11:30:00 am,0,103.15,20.533,2024-08-27 11:30:00
2024-08-27,11:45:00 am,0,103.156,20.621,2024-08-27 11:45:00
2024-08-27,12:00:00 pm,0,103.139,20.714,2024-08-27 12:00:00
2024-08-27,12:15:00 pm,0,103.139,20.815,2024-08-27 12:15:00
2024-08-27,12:30:00 pm,0,103.127,20.91,2024-08-27 12:30:00
2024-08-27,12:45:00 pm,0,103.109,20.976,2024-08-27 12:45:00
2024-08-27,01:00:00 pm,0,103.095,21.064,2024-08-27 01:00:00
2024-08-27,01:15:00 pm,0,103.089,21.178,2024-08-27 01:15:00
2024-08-27,01:30:00 pm,0,103.077,21.286,2024-08-27 01:30:00
2024-08-27,01:45:00 pm,0,103.065,21.382,2024-08-27 01:45:00
2024-08-27,02:00:00 pm,0,103.041,21.49,2024-08-27 02:00:00
2024-08-27,02:15:00 pm,0,103.027,21.604,2024-08-27 02:15:00
2024-08-27,02:30:00 pm,0,102.997,21.691,2024-08-27 02:30:00
2024-08-27,02:45:00 pm,0,102.967,21.791,2024-08-27 02:45:00
2024-08-27,03:00:00 pm,0,102.951,21.913,2024-08-27 03:00:00
2024-08-27,03:15:00 pm,0,102.922,22.006,2024-08-27 03:15:00
2024-08-27,03:30:00 pm,0,102.913,22.048,2024-08-27 03:30:00
2024-08-27,03:45:00 pm,0,102.896,22.107,2024-08-27 03:45:00
2024-08-27,04:00:00 pm,0,102.862,22.157,2024-08-27 04:00:00
2024-08-27,04:15:00 pm,0,102.853,22.198,2024-08-27 04:15:00
2024-08-27,04:30:00 pm,0,102.845,22.221,2024-08-27 04:30:00
2024-08-27,04:45:00 pm,0,102.841,22.249,2024-08-27 04:45:00
2024-08-27,05:00:00 pm,0,102.831,22.272,2024-08-27 05:00:00
2024-08-27,05:15:00 pm,0,102.829,22.297,2024-08-27 05:15:00
2024-08-27,05:30:00 pm,0,102.834,22.312,2024-08-27 05:30:00
2024-08-27,05:45:00 pm,0,102.836,22.329,2024-08-27 05:45:00
2024-08-27,06:00:00 pm,0,102.831,22.336,2024-08-27 06:00:00
2024-08-27,06:15:00 pm,0,102.833,22.338,2024-08-27 06:15:00
2024-08-27,06:30:00 pm,0,102.839,22.329,2024-08-27 06:30:00
2024-08-27,06:45:00 pm,0,102.824,22.32,2024-08-27 06:45:00
2024-08-27,07:00:00 pm,0,102.836,22.311,2024-08-27 07:00:00
2024-08-27,07:15:00 pm,0,102.843,22.301,2024-08-27 07:15:00
2024-08-27,07:30:00 pm,0,102.845,22.284,2024-08-27 07:30:00
2024-08-27,07:45:00 pm,0,102.852,22.268,2024-08-27 07:45:00
2024-08-27,08:00:00 pm,0,102.865,22.252,2024-08-27 08:00:00
2024-08-27,08:15:00 pm,0,102.865,22.234,2024-08-27 08:15:00
2024-08-27,08:30:00 pm,0,102.858,22.213,2024-08-27 08:30:00
2024-08-27,08:45:00 pm,0,102.865,22.194,2024-08-27 08:45:00
2024-08-27,09:00:00 pm,0,102.88,22.179,2024-08-27 09:00:00
2024-08-27,09:15:00 pm,0,102.889,22.161,2024-08-27 09:15:00
2024-08-27,09:30:00 pm,0,102.889,22.143,2024-08-27 09:30:00
2024-08-27,09:45:00 pm,0,102.889,22.122,2024-08-27 09:45:00
2024-08-27,10:00:00 pm,0,102.891,22.101,2024-08-27 10:00:00
2024-08-27,10:15:00 pm,0,102.889,22.079,2024-08-27 10:15:00
2024-08-27,10:30:00 pm,0,102.879,22.054,2024-08-27 10:30:00
2024-08-27,10:45:00 pm,0,102.877,22.034,2024-08-27 10:45:00
2024-08-27,11:00:00 pm,0,102.873,22.004,2024-08-27 11:00:00
2024-08-27,11:15:00 pm,0,102.869,21.978,2024-08-27 11:15:00
2024-08-27,11:30:00 pm,0,102.857,21.948,2024-08-27 11:30:00
2024-08-27,11:45:00 pm,0,102.842,21.922,2024-08-27 11:45:00
2024-08-28,12:00:00 am,0,102.843,21.891,2024-08-28 12:00:00
2024-08-28,12:15:00 am,0,102.847,21.864,2024-08-28 12:15:00
2024-08-28,12:30:00 am,0,102.849,21.832,2024-08-28 12:30:00
2024-08-28,12:45:00 am,0,102.849,21.804,2024-08-28 12:45:00
2024-08-28,01:00:00 am,0,102.839,21.776,2024-08-28 01:00:00
2024-08-28,01:15:00 am,0,102.82,21.748,2024-08-28 01:15:00
2024-08-28,01:30:00 am,0,102.81,21.716,2024-08-28 01:30:00
2024-08-28,01:45:00 am,0,102.805,21.689,2024-08-28 01:45:00
2024-08-28,02:00:00 am,0,102.801,21.658,2024-08-28 02:00:00
2024-08-28,02:15:00 am,0,102.797,21.63,2024-08-28 02:15:00
2024-08-28,02:30:00 am,0,102.789,21.599,2024-08-28 02:30:00
2024-08-28,02:45:00 am,0,102.802,21.569,2024-08-28 02:45:00
2024-08-28,03:00:00 am,0,102.806,21.538,2024-08-28 03:00:00
2024-08-28,03:15:00 am,0,102.798,21.51,2024-08-28 03:15:00
2024-08-28,03:30:00 am,0,102.797,21.48,2024-08-28 03:30:00
2024-08-28,03:45:00 am,0,102.804,21.447,2024-08-28 03:45:00
2024-08-28,04:00:00 am,0,102.808,21.42,2024-08-28 04:00:00
2024-08-28,04:15:00 am,0,102.824,21.388,2024-08-28 04:15:00
2024-08-28,04:30:00 am,0,102.835,21.362,2024-08-28 04:30:00
2024-08-28,04:45:00 am,0,102.848,21.334,2024-08-28 04:45:00
2024-08-28,05:00:00 am,0,102.859,21.312,2024-08-28 05:00:00
2024-08-28,05:15:00 am,0,102.876,21.289,2024-08-28 05:15:00
2024-08-28,05:30:00 am,0,102.897,21.267,2024-08-28 05:30:00
2024-08-28,05:45:00 am,0,102.919,21.252,2024-08-28 05:45:00
2024-08-28,06:00:00 am,0,102.928,21.234,2024-08-28 06:00:00
2024-08-28,06:15:00 am,0,102.928,21.224,2024-08-28 06:15:00
2024-08-28,06:30:00 am,0,102.933,21.207,2024-08-28 06:30:00
2024-08-28,06:45:00 am,0,102.945,21.193,2024-08-28 06:45:00
2024-08-28,07:00:00 am,0,102.957,21.182,2024-08-28 07:00:00
2024-08-28,07:15:00 am,0,102.958,21.173,2024-08-28 07:15:00
2024-08-28,07:30:00 am,0,102.967,21.172,2024-08-28 07:30:00
2024-08-28,07:45:00 am,0,102.962,21.172,2024-08-28 07:45:00
2024-08-28,08:00:00 am,0,102.977,21.177,2024-08-28 08:00:00
2024-08-28,08:15:00 am,0,102.974,21.19,2024-08-28 08:15:00
2024-08-28,08:30:00 am,0,102.974,21.204,2024-08-28 08:30:00
2024-08-28,08:45:00 am,0,102.978,21.225,2024-08-28 08:45:00
2024-08-28,09:00:00 am,0,102.98,21.249,2024-08-28 09:00:00
2024-08-28,09:15:00 am,0,102.986,21.282,2024-08-28 09:15:00
2024-08-28,09:30:00 am,0,103.002,21.326,2024-08-28 09:30:00
2024-08-28,09:45:00 am,0,103.007,21.372,2024-08-28 09:45:00
2024-08-28,10:00:00 am,0,103.013,21.423,2024-08-28 10:00:00
2024-08-28,10:15:00 am,0,103.03,21.485,2024-08-28 10:15:00
2024-08-28,10:30:00 am,0,103.031,21.552,2024-08-28 10:30:00
2024-08-28,10:45:00 am,0,103.026,21.617,2024-08-28 10:45:00
2024-08-28,11:00:00 am,0,103.026,21.68,2024-08-28 11:00:00
2024-08-28,11:15:00 am,0,103.013,21.745,2024-08-28 11:15:00
2024-08-28,11:30:00 am,0,103.007,21.801,2024-08-28 11:30:00
2024-08-28,11:45:00 am,0,102.992,21.854,2024-08-28 11:45:00
2024-08-28,12:00:00 pm,0,102.986,21.911,2024-08-28 12:00:00
2024-08-28,12:15:00 pm,0,102.983,21.984,2024-08-28 12:15:00
2024-08-28,12:30:00 pm,0,102.975,22.046,2024-08-28 12:30:00
2024-08-28,12:45:00 pm,0,102.958,22.106,2024-08-28 12:45:00
2024-08-28,01:00:00 pm,0,102.947,22.171,2024-08-28 01:00:00
2024-08-28,01:15:00 pm,0,102.938,22.223,2024-08-28 01:15:00
2024-08-28,01:30:00 pm,0,102.92,22.306,2024-08-28 01:30:00
2024-08-28,01:45:00 pm,0,102.907,22.369,2024-08-28 01:45:00
2024-08-28,02:00:00 pm,0,102.898,22.455,2024-08-28 02:00:00
2024-08-28,02:15:00 pm,0,102.857,22.571,2024-08-28 02:15:00
2024-08-28,02:30:00 pm,0,102.821,22.659,2024-08-28 02:30:00
2024-08-28,02:45:00 pm,0,102.798,22.746,2024-08-28 02:45:00
2024-08-28,03:00:00 pm,0,102.766,22.862,2024-08-28 03:00:00
2024-08-28,03:15:00 pm,0,102.761,22.952,2024-08-28 03:15:00
2024-08-28,03:30:00 pm,0,102.721,22.991,2024-08-28 03:30:00
2024-08-28,03:45:00 pm,0,102.7,22.998,2024-08-28 03:45:00
2024-08-28,04:00:00 pm,0,102.698,23.018,2024-08-28 04:00:00
2024-08-28,04:15:00 pm,0,102.692,23.056,2024-08-28 04:15:00
2024-08-28,04:30:00 pm,0,102.699,23.08,2024-08-28 04:30:00
2024-08-28,04:45:00 pm,0,102.684,23.102,2024-08-28 04:45:00
2024-08-28,05:00:00 pm,0,102.675,23.109,2024-08-28 05:00:00
2024-08-28,05:15:00 pm,0,102.687,23.115,2024-08-28 05:15:00
2024-08-28,05:30:00 pm,0,102.701,23.114,2024-08-28 05:30:00
2024-08-28,05:45:00 pm,0,102.733,23.114,2024-08-28 05:45:00
2024-08-28,06:00:00 pm,0,102.734,23.113,2024-08-28 06:00:00
2024-08-28,06:15:00 pm,0,102.751,23.098,2024-08-28 06:15:00
2024-08-28,06:30:00 pm,0,102.762,23.074,2024-08-28 06:30:00
2024-08-28,06:45:00 pm,0,102.761,23.06,2024-08-28 06:45:00
2024-08-28,07:00:00 pm,0,102.779,23.042,2024-08-28 07:00:00
2024-08-28,07:15:00 pm,0,102.81,23.034,2024-08-28 07:15:00
2024-08-28,07:30:00 pm,0,102.818,23.022,2024-08-28 07:30:00
2024-08-28,07:45:00 pm,0,102.826,22.995,2024-08-28 07:45:00
2024-08-28,08:00:00 pm,0,102.798,22.974,2024-08-28 08:00:00
2024-08-28,08:15:00 pm,0,102.796,22.953,2024-08-28 08:15:00
2024-08-28,08:30:00 pm,0,102.798,22.929,2024-08-28 08:30:00
2024-08-28,08:45:00 pm,0,102.819,22.906,2024-08-28 08:45:00
2024-08-28,09:00:00 pm,0,102.846,22.886,2024-08-28 09:00:00
2024-08-28,09:15:00 pm,0,102.862,22.863,2024-08-28 09:15:00
2024-08-28,09:30:00 pm,0,102.867,22.849,2024-08-28 09:30:00
2024-08-28,09:45:00 pm,0,102.888,22.83,2024-08-28 09:45:00
2024-08-28,10:00:00 pm,0,102.906,22.812,2024-08-28 10:00:00
2024-08-28,10:15:00 pm,0,102.899,22.792,2024-08-28 10:15:00
2024-08-28,10:30:00 pm,0,102.884,22.776,2024-08-28 10:30:00
2024-08-28,10:45:00 pm,0,102.9,22.759,2024-08-28 10:45:00
2024-08-28,11:00:00 pm,0,102.892,22.741,2024-08-28 11:00:00
2024-08-28,11:15:00 pm,0,102.907,22.721,2024-08-28 11:15:00
2024-08-28,11:30:00 pm,0,102.933,22.706,2024-08-28 11:30:00
2024-08-28,11:45:00 pm,0,102.924,22.691,2024-08-28 11:45:00
2024-08-29,12:00:00 am,0,102.915,22.671,2024-08-29 12:00:00
2024-08-29,12:15:00 am,0,102.907,22.657,2024-08-29 12:15:00
2024-08-29,12:30:00 am,0,102.9,22.638,2024-08-29 12:30:00
2024-08-29,12:45:00 am,0,102.892,22.62,2024-08-29 12:45:00
2024-08-29,01:00:00 am,0,102.88,22.604,2024-08-29 01:00:00
2024-08-29,01:15:00 am,0,102.881,22.584,2024-08-29 01:15:00
2024-08-29,01:30:00 am,0,102.872,22.567,2024-08-29 01:30:00
2024-08-29,01:45:00 am,0,102.864,22.549,2024-08-29 01:45:00
2024-08-29,02:00:00 am,0,102.853,22.53,2024-08-29 02:00:00
2024-08-29,02:15:00 am,0,102.851,22.511,2024-08-29 02:15:00
2024-08-29,02:30:00 am,0,102.844,22.493,2024-08-29 02:30:00
2024-08-29,02:45:00 am,0,102.858,22.475,2024-08-29 02:45:00
2024-08-29,03:00:00 am,0,102.863,22.459,2024-08-29 03:00:00
2024-08-29,03:15:00 am,0,102.86,22.443,2024-08-29 03:15:00
2024-08-29,03:30:00 am,0,102.849,22.427,2024-08-29 03:30:00
2024-08-29,03:45:00 am,0,102.844,22.408,2024-08-29 03:45:00
2024-08-29,04:00:00 am,0,102.85,22.389,2024-08-29 04:00:00
2024-08-29,04:15:00 am,0,102.867,22.37,2024-08-29 04:15:00
2024-08-29,04:30:00 am,0,102.869,22.35,2024-08-29 04:30:00
2024-08-29,04:45:00 am,0,102.865,22.331,2024-08-29 04:45:00
2024-08-29,05:00:00 am,0,102.878,22.31,2024-08-29 05:00:00
2024-08-29,05:15:00 am,0,102.874,22.291,2024-08-29 05:15:00
2024-08-29,05:30:00 am,0,102.867,22.272,2024-08-29 05:30:00
2024-08-29,05:45:00 am,0,102.871,22.251,2024-08-29 05:45:00
2024-08-29,06:00:00 am,0,102.878,22.23,2024-08-29 06:00:00
2024-08-29,06:15:00 am,0,102.898,22.211,2024-08-29 06:15:00
2024-08-29,06:30:00 am,0,102.908,22.188,2024-08-29 06:30:00
2024-08-29,06:45:00 am,0,102.924,22.166,2024-08-29 06:45:00
2024-08-29,07:00:00 am,0,102.945,22.145,2024-08-29 07:00:00
2024-08-29,07:15:00 am,0,102.962,22.131,2024-08-29 07:15:00
2024-08-29,07:30:00 am,0,102.961,22.112,2024-08-29 07:30:00
2024-08-29,07:45:00 am,0,102.952,22.102,2024-08-29 07:45:00
2024-08-29,08:00:00 am,0,102.968,22.1,2024-08-29 08:00:00
2024-08-29,08:15:00 am,0,102.978,22.103,2024-08-29 08:15:00
2024-08-29,08:30:00 am,0,102.989,22.109,2024-08-29 08:30:00
2024-08-29,08:45:00 am,0,102.995,22.125,2024-08-29 08:45:00
2024-08-29,09:00:00 am,0,103.003,22.141,2024-08-29 09:00:00
2024-08-29,09:15:00 am,0,103.009,22.166,2024-08-29 09:15:00
2024-08-29,09:30:00 am,0,103.021,22.198,2024-08-29 09:30:00
2024-08-29,09:45:00 am,0,103.026,22.234,2024-08-29 09:45:00
2024-08-29,10:00:00 am,0,103.041,22.272,2024-08-29 10:00:00
2024-08-29,10:15:00 am,0,103.047,22.31,2024-08-29 10:15:00
2024-08-29,10:30:00 am,0,103.057,22.355,2024-08-29 10:30:00
2024-08-29,10:45:00 am,0,103.063,22.413,2024-08-29 10:45:00
2024-08-29,11:00:00 am,0,103.072,22.47,2024-08-29 11:00:00
2024-08-29,11:15:00 am,0,103.078,22.535,2024-08-29 11:15:00
2024-08-29,11:30:00 am,0,103.082,22.59,2024-08-29 11:30:00
2024-08-29,11:45:00 am,0,103.072,22.656,2024-08-29 11:45:00
2024-08-29,12:00:00 pm,0,103.059,22.715,2024-08-29 12:00:00
2024-08-29,12:15:00 pm,0,103.038,22.797,2024-08-29 12:15:00
2024-08-29,12:30:00 pm,0,103.033,22.879,2024-08-29 12:30:00
2024-08-29,12:45:00 pm,0,103.02,22.957,2024-08-29 12:45:00
2024-08-29,01:00:00 pm,0,103.014,23.022,2024-08-29 01:00:00
2024-08-29,01:15:00 pm,0,102.991,23.059,2024-08-29 01:15:00
2024-08-29,01:30:00 pm,0,102.972,23.108,2024-08-29 01:30:00
2024-08-29,01:45:00 pm,0,102.965,23.154,2024-08-29 01:45:00
2024-08-29,02:00:00 pm,0,102.934,23.215,2024-08-29 02:00:00
2024-08-29,02:15:00 pm,0,102.913,23.314,2024-08-29 02:15:00
2024-08-29,02:30:00 pm,0,102.886,23.405,2024-08-29 02:30:00
2024-08-29,02:45:00 pm,0,102.851,23.475,2024-08-29 02:45:00
2024-08-29,03:00:00 pm,0,102.826,23.587,2024-08-29 03:00:00
2024-08-29,03:15:00 pm,0,102.837,23.647,2024-08-29 03:15:00
2024-08-29,03:30:00 pm,0,102.823,23.68,2024-08-29 03:30:00
2024-08-29,03:45:00 pm,0,102.798,23.701,2024-08-29 03:45:00
2024-08-29,04:00:00 pm,0,102.784,23.746,2024-08-29 04:00:00
2024-08-29,04:15:00 pm,0,102.795,23.764,2024-08-29 04:15:00
2024-08-29,04:30:00 pm,0,102.808,23.78,2024-08-29 04:30:00
2024-08-29,04:45:00 pm,0,102.808,23.793,2024-08-29 04:45:00
2024-08-29,05:00:00 pm,0,102.814,23.792,2024-08-29 05:00:00
2024-08-29,05:15:00 pm,0,102.825,23.789,2024-08-29 05:15:00
2024-08-29,05:30:00 pm,0,102.817,23.785,2024-08-29 05:30:00
2024-08-29,05:45:00 pm,0,102.811,23.781,2024-08-29 05:45:00
2024-08-29,06:00:00 pm,0,102.816,23.772,2024-08-29 06:00:00
2024-08-29,06:15:00 pm,0,102.809,23.759,2024-08-29 06:15:00
2024-08-29,06:30:00 pm,0,102.826,23.741,2024-08-29 06:30:00
2024-08-29,06:45:00 pm,0,102.831,23.724,2024-08-29 06:45:00
2024-08-29,07:00:00 pm,0,102.831,23.705,2024-08-29 07:00:00
2024-08-29,07:15:00 pm,0,102.836,23.685,2024-08-29 07:15:00
2024-08-29,07:30:00 pm,0,102.855,23.663,2024-08-29 07:30:00
2024-08-29,07:45:00 pm,0,102.872,23.641,2024-08-29 07:45:00
2024-08-29,08:00:00 pm,0,102.876,23.619,2024-08-29 08:00:00
2024-08-29,08:15:00 pm,0,102.875,23.605,2024-08-29 08:15:00
2024-08-29,08:30:00 pm,0,102.874,23.581,2024-08-29 08:30:00
2024-08-29,08:45:00 pm,0,102.88,23.563,2024-08-29 08:45:00
2024-08-29,09:00:00 pm,0,102.915,23.547,2024-08-29 09:00:00
2024-08-29,09:15:00 pm,0,103.007,23.538,2024-08-29 09:15:00
2024-08-29,09:30:00 pm,0,103.016,23.536,2024-08-29 09:30:00
2024-08-29,09:45:00 pm,0,103.025,23.526,2024-08-29 09:45:00
2024-08-29,10:00:00 pm,0,102.998,23.509,2024-08-29 10:00:00
2024-08-29,10:15:00 pm,0,103.003,23.491,2024-08-29 10:15:00
2024-08-29,10:30:00 pm,0,103.003,23.475,2024-08-29 10:30:00
2024-08-29,10:45:00 pm,0,103.014,23.454,2024-08-29 10:45:00
2024-08-29,11:00:00 pm,0,102.992,23.439,2024-08-29 11:00:00
2024-08-29,11:15:00 pm,0,102.976,23.424,2024-08-29 11:15:00
2024-08-29,11:30:00 pm,0,102.949,23.412,2024-08-29 11:30:00
2024-08-29,11:45:00 pm,0,102.939,23.396,2024-08-29 11:45:00
2024-08-30,12:00:00 am,0,102.945,23.378,2024-08-30 12:00:00
2024-08-30,12:15:00 am,0,102.95,23.352,2024-08-30 12:15:00
2024-08-30,12:30:00 am,0,102.929,23.318,2024-08-30 12:30:00
2024-08-30,12:45:00 am,0,102.923,23.287,2024-08-30 12:45:00
2024-08-30,01:00:00 am,0,102.922,23.249,2024-08-30 01:00:00
2024-08-30,01:15:00 am,0,102.919,23.204,2024-08-30 01:15:00
2024-08-30,01:30:00 am,0,102.912,23.164,2024-08-30 01:30:00
2024-08-30,01:45:00 am,0,102.909,23.121,2024-08-30 01:45:00
2024-08-30,02:00:00 am,0,102.906,23.075,2024-08-30 02:00:00
2024-08-30,02:15:00 am,0,102.89,23.031,2024-08-30 02:15:00
2024-08-30,02:30:00 am,0,102.876,22.988,2024-08-30 02:30:00
2024-08-30,02:45:00 am,0,102.871,22.946,2024-08-30 02:45:00
2024-08-30,03:00:00 am,0,102.88,22.9,2024-08-30 03:00:00
2024-08-30,03:15:00 am,0,102.884,22.86,2024-08-30 03:15:00
2024-08-30,03:30:00 am,0,102.873,22.816,2024-08-30 03:30:00
2024-08-30,03:45:00 am,0,102.889,22.778,2024-08-30 03:45:00
2024-08-30,04:00:00 am,0,102.883,22.737,2024-08-30 04:00:00
2024-08-30,04:15:00 am,0,102.87,22.697,2024-08-30 04:15:00
2024-08-30,04:30:00 am,0,102.874,22.658,2024-08-30 04:30:00
2024-08-30,04:45:00 am,0,102.877,22.622,2024-08-30 04:45:00
2024-08-30,05:00:00 am,0,102.875,22.584,2024-08-30 05:00:00
2024-08-30,05:15:00 am,0,102.862,22.547,2024-08-30 05:15:00
2024-08-30,05:30:00 am,0,102.855,22.511,2024-08-30 05:30:00
2024-08-30,05:45:00 am,0,102.867,22.474,2024-08-30 05:45:00
2024-08-30,06:00:00 am,0,102.902,22.432,2024-08-30 06:00:00
2024-08-30,06:15:00 am,0,102.923,22.4,2024-08-30 06:15:00
2024-08-30,06:30:00 am,0,102.943,22.363,2024-08-30 06:30:00
2024-08-30,06:45:00 am,0,102.937,22.326,2024-08-30 06:45:00
2024-08-30,07:00:00 am,0,102.942,22.294,2024-08-30 07:00:00
2024-08-30,07:15:00 am,0,102.947,22.262,2024-08-30 07:15:00
2024-08-30,07:30:00 am,0,102.969,22.238,2024-08-30 07:30:00
2024-08-30,07:45:00 am,0,102.976,22.218,2024-08-30 07:45:00
2024-08-30,08:00:00 am,0,102.986,22.207,2024-08-30 08:00:00
2024-08-30,08:15:00 am,0,102.999,22.204,2024-08-30 08:15:00
2024-08-30,08:30:00 am,0,102.999,22.204,2024-08-30 08:30:00
2024-08-30,08:45:00 am,0,103.004,22.216,2024-08-30 08:45:00
2024-08-30,09:00:00 am,0,103.022,22.236,2024-08-30 09:00:00
2024-08-30,09:15:00 am,0,103.023,22.262,2024-08-30 09:15:00
2024-08-30,09:30:00 am,0,103.034,22.298,2024-08-30 09:30:00
2024-08-30,09:45:00 am,0,103.045,22.342,2024-08-30 09:45:00
2024-08-30,10:00:00 am,0,103.048,22.393,2024-08-30 10:00:00
2024-08-30,10:15:00 am,0,103.058,22.448,2024-08-30 10:15:00
2024-08-30,10:30:00 am,0,103.068,22.502,2024-08-30 10:30:00
2024-08-30,10:45:00 am,0,103.073,22.548,2024-08-30 10:45:00
2024-08-30,11:00:00 am,0,103.071,22.588,2024-08-30 11:00:00
2024-08-30,11:15:00 am,0,103.064,22.63,2024-08-30 11:15:00
2024-08-30,11:30:00 am,0,103.074,22.686,2024-08-30 11:30:00
2024-08-30,11:45:00 am,0,103.07,22.73,2024-08-30 11:45:00
2024-08-30,12:00:00 pm,0,103.064,22.778,2024-08-30 12:00:00
2024-08-30,12:15:00 pm,0,103.058,22.843,2024-08-30 12:15:00
2024-08-30,12:30:00 pm,0,103.037,22.916,2024-08-30 12:30:00
2024-08-30,12:45:00 pm,0,103.027,22.997,2024-08-30 12:45:00
2024-08-30,01:00:00 pm,0,103.026,23.072,2024-08-30 01:00:00
2024-08-30,01:15:00 pm,0,103.001,23.158,2024-08-30 01:15:00
2024-08-30,01:30:00 pm,0,102.995,23.23,2024-08-30 01:30:00
2024-08-30,01:45:00 pm,0,102.983,23.308,2024-08-30 01:45:00
2024-08-30,02:00:00 pm,0,102.964,23.382,2024-08-30 02:00:00
2024-08-30,02:15:00 pm,0,102.929,23.453,2024-08-30 02:15:00
2024-08-30,02:30:00 pm,0,102.912,23.513,2024-08-30 02:30:00
2024-08-30,02:45:00 pm,0,102.882,23.58,2024-08-30 02:45:00
2024-08-30,03:00:00 pm,0,102.855,23.681,2024-08-30 03:00:00
2024-08-30,03:15:00 pm,0,102.837,23.758,2024-08-30 03:15:00
2024-08-30,03:30:00 pm,0,102.826,23.771,2024-08-30 03:30:00
2024-08-30,03:45:00 pm,0,102.818,23.761,2024-08-30 03:45:00
2024-08-30,04:00:00 pm,0,102.803,23.766,2024-08-30 04:00:00
2024-08-30,04:15:00 pm,0,102.792,23.761,2024-08-30 04:15:00
2024-08-30,04:30:00 pm,0,102.772,23.766,2024-08-30 04:30:00
2024-08-30,04:45:00 pm,0,102.748,23.782,2024-08-30 04:45:00
2024-08-30,05:00:00 pm,0,102.733,23.785,2024-08-30 05:00:00
2024-08-30,05:15:00 pm,0,102.739,23.792,2024-08-30 05:15:00
2024-08-30,05:30:00 pm,0,102.743,23.801,2024-08-30 05:30:00
2024-08-30,05:45:00 pm,0,102.75,23.804,2024-08-30 05:45:00
2024-08-30,06:00:00 pm,0,102.759,23.802,2024-08-30 06:00:00
2024-08-30,06:15:00 pm,0,102.774,23.788,2024-08-30 06:15:00
2024-08-30,06:30:00 pm,0,102.782,23.776,2024-08-30 06:30:00
2024-08-30,06:45:00 pm,0,102.791,23.758,2024-08-30 06:45:00
2024-08-30,07:00:00 pm,0,102.795,23.743,2024-08-30 07:00:00
2024-08-30,07:15:00 pm,0,102.804,23.723,2024-08-30 07:15:00
2024-08-30,07:30:00 pm,0,102.811,23.704,2024-08-30 07:30:00
2024-08-30,07:45:00 pm,0,102.807,23.683,2024-08-30 07:45:00
2024-08-30,08:00:00 pm,0,102.814,23.667,2024-08-30 08:00:00
2024-08-30,08:15:00 pm,0,102.83,23.65,2024-08-30 08:15:00
2024-08-30,08:30:00 pm,0,102.852,23.633,2024-08-30 08:30:00
2024-08-30,08:45:00 pm,0,102.867,23.616,2024-08-30 08:45:00
2024-08-30,09:00:00 pm,0,102.878,23.601,2024-08-30 09:00:00
2024-08-30,09:15:00 pm,0,102.885,23.585,2024-08-30 09:15:00
2024-08-30,09:30:00 pm,0,102.893,23.568,2024-08-30 09:30:00
2024-08-30,09:45:00 pm,0,102.896,23.549,2024-08-30 09:45:00
2024-08-30,10:00:00 pm,0,102.899,23.529,2024-08-30 10:00:00
2024-08-30,10:15:00 pm,0,102.899,23.511,2024-08-30 10:15:00
2024-08-30,10:30:00 pm,0,102.892,23.494,2024-08-30 10:30:00
2024-08-30,10:45:00 pm,0,102.889,23.479,2024-08-30 10:45:00
2024-08-30,11:00:00 pm,0,102.887,23.463,2024-08-30 11:00:00
2024-08-30,11:15:00 pm,0,102.883,23.443,2024-08-30 11:15:00
2024-08-30,11:30:00 pm,0,102.886,23.426,2024-08-30 11:30:00
2024-08-30,11:45:00 pm,0,102.882,23.407,2024-08-30 11:45:00
2024-08-31,12:00:00 am,0,102.875,23.386,2024-08-31 12:00:00
2024-08-31,12:15:00 am,0,102.87,23.367,2024-08-31 12:15:00
2024-08-31,12:30:00 am,0,102.866,23.347,2024-08-31 12:30:00
2024-08-31,12:45:00 am,0,102.865,23.325,2024-08-31 12:45:00
2024-08-31,01:00:00 am,0,102.855,23.307,2024-08-31 01:00:00
2024-08-31,01:15:00 am,0,102.844,23.283,2024-08-31 01:15:00
2024-08-31,01:30:00 am,0,102.827,23.258,2024-08-31 01:30:00
2024-08-31,01:45:00 am,0,102.819,23.233,2024-08-31 01:45:00
2024-08-31,02:00:00 am,0,102.811,23.21,2024-08-31 02:00:00
2024-08-31,02:15:00 am,0,102.807,23.183,2024-08-31 02:15:00
2024-08-31,02:30:00 am,0,102.8,23.155,2024-08-31 02:30:00
2024-08-31,02:45:00 am,0,102.788,23.124,2024-08-31 02:45:00
2024-08-31,03:00:00 am,0,102.785,23.097,2024-08-31 03:00:00
2024-08-31,03:15:00 am,0,102.785,23.069,2024-08-31 03:15:00
2024-08-31,03:30:00 am,0,102.78,23.041,2024-08-31 03:30:00
2024-08-31,03:45:00 am,0,102.772,23.013,2024-08-31 03:45:00
2024-08-31,04:00:00 am,0,102.763,22.989,2024-08-31 04:00:00
2024-08-31,04:15:00 am,0,102.748,22.958,2024-08-31 04:15:00
2024-08-31,04:30:00 am,0,102.75,22.929,2024-08-31 04:30:00
2024-08-31,04:45:00 am,0,102.739,22.899,2024-08-31 04:45:00
2024-08-31,05:00:00 am,0,102.721,22.871,2024-08-31 05:00:00
2024-08-31,05:15:00 am,0,102.713,22.838,2024-08-31 05:15:00
2024-08-31,05:30:00 am,0,102.714,22.806,2024-08-31 05:30:00
2024-08-31,05:45:00 am,0,102.709,22.773,2024-08-31 05:45:00
2024-08-31,06:00:00 am,0,102.715,22.744,2024-08-31 06:00:00
2024-08-31,06:15:00 am,0,102.727,22.712,2024-08-31 06:15:00
2024-08-31,06:30:00 am,0,102.737,22.677,2024-08-31 06:30:00
2024-08-31,06:45:00 am,0,102.739,22.646,2024-08-31 06:45:00
2024-08-31,07:00:00 am,0,102.743,22.616,2024-08-31 07:00:00
2024-08-31,07:15:00 am,0,102.755,22.587,2024-08-31 07:15:00
2024-08-31,07:30:00 am,0,102.764,22.564,2024-08-31 07:30:00
2024-08-31,07:45:00 am,0,102.78,22.544,2024-08-31 07:45:00
2024-08-31,08:00:00 am,0,102.795,22.529,2024-08-31 08:00:00
2024-08-31,08:15:00 am,0,102.804,22.515,2024-08-31 08:15:00
2024-08-31,08:30:00 am,0,102.816,22.515,2024-08-31 08:30:00
2024-08-31,08:45:00 am,0,102.816,22.525,2024-08-31 08:45:00
2024-08-31,09:00:00 am,0,102.822,22.536,2024-08-31 09:00:00
2024-08-31,09:15:00 am,0,102.828,22.561,2024-08-31 09:15:00
2024-08-31,09:30:00 am,0,102.837,22.591,2024-08-31 09:30:00
2024-08-31,09:45:00 am,0,102.846,22.632,2024-08-31 09:45:00
2024-08-31,10:00:00 am,0,102.857,22.672,2024-08-31 10:00:00
2024-08-31,10:15:00 am,0,102.867,22.713,2024-08-31 10:15:00
2024-08-31,10:30:00 am,0,102.879,22.75,2024-08-31 10:30:00
2024-08-31,10:45:00 am,0,102.882,22.779,2024-08-31 10:45:00
2024-08-31,11:00:00 am,0,102.891,22.811,2024-08-31 11:00:00
2024-08-31,11:15:00 am,0,102.891,22.845,2024-08-31 11:15:00
2024-08-31,11:30:00 am,0,102.89,22.875,2024-08-31 11:30:00
2024-08-31,11:45:00 am,0,102.887,22.907,2024-08-31 11:45:00
2024-08-31,12:00:00 pm,0,102.88,22.931,2024-08-31 12:00:00
2024-08-31,12:15:00 pm,0,102.869,22.955,2024-08-31 12:15:00
2024-08-31,12:30:00 pm,0,102.863,22.975,2024-08-31 12:30:00
2024-08-31,12:45:00 pm,0,102.867,23,2024-08-31 12:45:00
2024-08-31,01:00:00 pm,0,102.835,23.01,2024-08-31 01:00:00
2024-08-31,01:15:00 pm,0,102.821,23.018,2024-08-31 01:15:00
2024-08-31,01:30:00 pm,0,102.82,23.025,2024-08-31 01:30:00
2024-08-31,01:45:00 pm,0,102.833,23.039,2024-08-31 01:45:00
2024-08-31,02:00:00 pm,0,102.842,23.046,2024-08-31 02:00:00
2024-08-31,02:15:00 pm,0,102.845,23.03,2024-08-31 02:15:00
2024-08-31,02:30:00 pm,0,102.822,23.008,2024-08-31 02:30:00
2024-08-31,02:45:00 pm,0,102.817,22.981,2024-08-31 02:45:00
2024-08-31,03:00:00 pm,0,102.823,22.958,2024-08-31 03:00:00
2024-08-31,03:15:00 pm,0,102.833,22.931,2024-08-31 03:15:00
2024-08-31,03:30:00 pm,0,102.833,22.907,2024-08-31 03:30:00
2024-08-31,03:45:00 pm,0,102.83,22.887,2024-08-31 03:45:00
2024-08-31,04:00:00 pm,0,102.817,22.873,2024-08-31 04:00:00
2024-08-31,04:15:00 pm,0,102.798,22.853,2024-08-31 04:15:00
2024-08-31,04:30:00 pm,0,102.774,22.834,2024-08-31 04:30:00
2024-08-31,04:45:00 pm,0,102.765,22.821,2024-08-31 04:45:00
2024-08-31,05:00:00 pm,0,102.754,22.813,2024-08-31 05:00:00
2024-08-31,05:15:00 pm,0,102.753,22.806,2024-08-31 05:15:00
2024-08-31,05:30:00 pm,0,102.743,22.797,2024-08-31 05:30:00
2024-08-31,05:45:00 pm,0,102.746,22.791,2024-08-31 05:45:00
2024-08-31,06:00:00 pm,0,102.744,22.783,2024-08-31 06:00:00
2024-08-31,06:15:00 pm,0,102.732,22.775,2024-08-31 06:15:00
2024-08-31,06:30:00 pm,0,102.728,22.766,2024-08-31 06:30:00
2024-08-31,06:45:00 pm,0,102.723,22.755,2024-08-31 06:45:00
2024-08-31,07:00:00 pm,0,102.723,22.746,2024-08-31 07:00:00
2024-08-31,07:15:00 pm,0,102.731,22.734,2024-08-31 07:15:00
2024-08-31,07:30:00 pm,0,102.743,22.722,2024-08-31 07:30:00
2024-08-31,07:45:00 pm,0,102.774,22.71,2024-08-31 07:45:00
2024-08-31,08:00:00 pm,0,102.796,22.697,2024-08-31 08:00:00
2024-08-31,08:15:00 pm,0,102.85,22.682,2024-08-31 08:15:00
2024-08-31,08:30:00 pm,0,102.918,22.669,2024-08-31 08:30:00
2024-08-31,08:45:00 pm,0,102.997,22.655,2024-08-31 08:45:00
2024-08-31,09:00:00 pm,0,103.04,22.643,2024-08-31 09:00:00
2024-08-31,09:15:00 pm,0,103.083,22.628,2024-08-31 09:15:00
2024-08-31,09:30:00 pm,0,103.123,22.612,2024-08-31 09:30:00
2024-08-31,09:45:00 pm,0,103.163,22.596,2024-08-31 09:45:00
2024-08-31,10:00:00 pm,0,103.161,22.579,2024-08-31 10:00:00
2024-08-31,10:15:00 pm,0,103.179,22.565,2024-08-31 10:15:00
2024-08-31,10:30:00 pm,0,103.227,22.549,2024-08-31 10:30:00
2024-08-31,10:45:00 pm,0,103.234,22.529,2024-08-31 10:45:00
2024-08-31,11:00:00 pm,0,103.243,22.514,2024-08-31 11:00:00
2024-08-31,11:15:00 pm,0,103.229,22.502,2024-08-31 11:15:00
2024-08-31,11:30:00 pm,0,103.215,22.488,2024-08-31 11:30:00
2024-08-31,11:45:00 pm,0,103.204,22.473,2024-08-31 11:45:00
2024-09-01,12:00:00 am,0,103.181,22.455,2024-09-01 12:00:00
2024-09-01,12:15:00 am,0,103.158,22.442,2024-09-01 12:15:00
2024-09-01,12:30:00 am,0,103.141,22.426,2024-09-01 12:30:00
2024-09-01,12:45:00 am,0,103.116,22.407,2024-09-01 12:45:00
2024-09-01,01:00:00 am,0,103.096,22.39,2024-09-01 01:00:00
2024-09-01,01:15:00 am,0,103.073,22.372,2024-09-01 01:15:00
2024-09-01,01:30:00 am,0,103.057,22.353,2024-09-01 01:30:00
2024-09-01,01:45:00 am,0,103.04,22.335,2024-09-01 01:45:00
2024-09-01,02:00:00 am,0,103.027,22.313,2024-09-01 02:00:00
2024-09-01,02:15:00 am,0,103.013,22.295,2024-09-01 02:15:00
2024-09-01,02:30:00 am,0,103,22.276,2024-09-01 02:30:00
2024-09-01,02:45:00 am,0,102.986,22.256,2024-09-01 02:45:00
2024-09-01,03:00:00 am,0,102.975,22.237,2024-09-01 03:00:00
2024-09-01,03:15:00 am,0,102.965,22.217,2024-09-01 03:15:00
2024-09-01,03:30:00 am,0,102.949,22.194,2024-09-01 03:30:00
2024-09-01,03:45:00 am,0,102.942,22.172,2024-09-01 03:45:00
2024-09-01,04:00:00 am,0,102.933,22.153,2024-09-01 04:00:00
2024-09-01,04:15:00 am,0,102.925,22.132,2024-09-01 04:15:00
2024-09-01,04:30:00 am,0,102.921,22.115,2024-09-01 04:30:00
2024-09-01,04:45:00 am,0,102.912,22.091,2024-09-01 04:45:00
2024-09-01,05:00:00 am,0,102.908,22.073,2024-09-01 05:00:00
2024-09-01,05:15:00 am,0,102.904,22.054,2024-09-01 05:15:00
2024-09-01,05:30:00 am,0,102.894,22.034,2024-09-01 05:30:00
2024-09-01,05:45:00 am,0,102.893,22.015,2024-09-01 05:45:00
2024-09-01,06:00:00 am,0,102.895,21.993,2024-09-01 06:00:00
2024-09-01,06:15:00 am,0,102.887,21.973,2024-09-01 06:15:00
2024-09-01,06:30:00 am,0,102.879,21.954,2024-09-01 06:30:00
2024-09-01,06:45:00 am,0,102.883,21.937,2024-09-01 06:45:00
2024-09-01,07:00:00 am,0,102.882,21.918,2024-09-01 07:00:00
2024-09-01,07:15:00 am,0,102.882,21.899,2024-09-01 07:15:00
2024-09-01,07:30:00 am,0,102.878,21.88,2024-09-01 07:30:00
2024-09-01,07:45:00 am,0,102.884,21.871,2024-09-01 07:45:00
2024-09-01,08:00:00 am,0,102.885,21.861,2024-09-01 08:00:00
2024-09-01,08:15:00 am,0,102.895,21.861,2024-09-01 08:15:00
2024-09-01,08:30:00 am,0,102.895,21.859,2024-09-01 08:30:00
2024-09-01,08:45:00 am,0,102.897,21.864,2024-09-01 08:45:00
2024-09-01,09:00:00 am,0,102.904,21.871,2024-09-01 09:00:00
2024-09-01,09:15:00 am,0,102.911,21.884,2024-09-01 09:15:00
2024-09-01,09:30:00 am,0,102.914,21.896,2024-09-01 09:30:00
2024-09-01,09:45:00 am,0,102.919,21.913,2024-09-01 09:45:00
2024-09-01,10:00:00 am,0,102.92,21.929,2024-09-01 10:00:00
2024-09-01,10:15:00 am,0,102.926,21.95,2024-09-01 10:15:00
2024-09-01,10:30:00 am,0,102.922,21.976,2024-09-01 10:30:00
2024-09-01,10:45:00 am,0,102.924,22.011,2024-09-01 10:45:00
2024-09-01,11:00:00 am,0,102.925,22.045,2024-09-01 11:00:00
2024-09-01,11:15:00 am,0,102.922,22.08,2024-09-01 11:15:00
2024-09-01,11:30:00 am,0,102.913,22.12,2024-09-01 11:30:00
2024-09-01,11:45:00 am,0,102.909,22.16,2024-09-01 11:45:00
2024-09-01,12:00:00 pm,0,102.907,22.196,2024-09-01 12:00:00
2024-09-01,12:15:00 pm,0,102.907,22.244,2024-09-01 12:15:00
2024-09-01,12:30:00 pm,0,102.896,22.298,2024-09-01 12:30:00
2024-09-01,12:45:00 pm,0,102.879,22.369,2024-09-01 12:45:00
2024-09-01,01:00:00 pm,0,102.871,22.436,2024-09-01 01:00:00
2024-09-01,01:15:00 pm,0,102.862,22.498,2024-09-01 01:15:00
2024-09-01,01:30:00 pm,0,102.858,22.556,2024-09-01 01:30:00
2024-09-01,01:45:00 pm,0,102.841,22.635,2024-09-01 01:45:00
2024-09-01,02:00:00 pm,0,102.826,22.704,2024-09-01 02:00:00
2024-09-01,02:15:00 pm,0,102.806,22.776,2024-09-01 02:15:00
2024-09-01,02:30:00 pm,0,102.786,22.815,2024-09-01 02:30:00
2024-09-01,02:45:00 pm,0,102.756,22.851,2024-09-01 02:45:00
2024-09-01,03:00:00 pm,0,102.728,22.931,2024-09-01 03:00:00
2024-09-01,03:15:00 pm,0,102.711,23,2024-09-01 03:15:00
2024-09-01,03:30:00 pm,0,102.683,23.041,2024-09-01 03:30:00
2024-09-01,03:45:00 pm,0,102.665,23.072,2024-09-01 03:45:00
2024-09-01,04:00:00 pm,0,102.648,23.124,2024-09-01 04:00:00
2024-09-01,04:15:00 pm,0,102.641,23.134,2024-09-01 04:15:00
2024-09-01,04:30:00 pm,0,102.635,23.146,2024-09-01 04:30:00
2024-09-01,04:45:00 pm,0,102.63,23.169,2024-09-01 04:45:00
2024-09-01,05:00:00 pm,0,102.63,23.185,2024-09-01 05:00:00
2024-09-01,05:15:00 pm,0,102.62,23.204,2024-09-01 05:15:00
2024-09-01,05:30:00 pm,0,102.622,23.22,2024-09-01 05:30:00
2024-09-01,05:45:00 pm,0,102.619,23.225,2024-09-01 05:45:00
2024-09-01,06:00:00 pm,0,102.628,23.23,2024-09-01 06:00:00
2024-09-01,06:15:00 pm,0,102.623,23.223,2024-09-01 06:15:00
2024-09-01,06:30:00 pm,0,102.638,23.227,2024-09-01 06:30:00
2024-09-01,06:45:00 pm,0,102.643,23.231,2024-09-01 06:45:00
2024-09-01,07:00:00 pm,0,102.638,23.229,2024-09-01 07:00:00
2024-09-01,07:15:00 pm,0,102.641,23.218,2024-09-01 07:15:00
2024-09-01,07:30:00 pm,0,102.639,23.208,2024-09-01 07:30:00
2024-09-01,07:45:00 pm,0,102.67,23.2,2024-09-01 07:45:00
2024-09-01,08:00:00 pm,0,102.693,23.189,2024-09-01 08:00:00
2024-09-01,08:15:00 pm,0,102.712,23.179,2024-09-01 08:15:00
2024-09-01,08:30:00 pm,0,102.715,23.169,2024-09-01 08:30:00
2024-09-01,08:45:00 pm,0,102.712,23.162,2024-09-01 08:45:00
2024-09-01,09:00:00 pm,0,102.715,23.148,2024-09-01 09:00:00
2024-09-01,09:15:00 pm,0,102.715,23.134,2024-09-01 09:15:00
2024-09-01,09:30:00 pm,0,102.715,23.118,2024-09-01 09:30:00
2024-09-01,09:45:00 pm,0,102.709,23.106,2024-09-01 09:45:00
2024-09-01,10:00:00 pm,0,102.71,23.087,2024-09-01 10:00:00
2024-09-01,10:15:00 pm,0,102.705,23.076,2024-09-01 10:15:00
2024-09-01,10:30:00 pm,0,102.707,23.055,2024-09-01 10:30:00
2024-09-01,10:45:00 pm,0,102.709,23.041,2024-09-01 10:45:00
2024-09-01,11:00:00 pm,0,102.701,23.016,2024-09-01 11:00:00
2024-09-01,11:15:00 pm,0,102.694,22.991,2024-09-01 11:15:00
2024-09-01,11:30:00 pm,0,102.693,22.966,2024-09-01 11:30:00
2024-09-01,11:45:00 pm,0,102.682,22.938,2024-09-01 11:45:00
2024-09-02,12:00:00 am,0,102.682,22.91,2024-09-02 12:00:00
2024-09-02,12:15:00 am,0,102.673,22.881,2024-09-02 12:15:00
2024-09-02,12:30:00 am,0,102.657,22.853,2024-09-02 12:30:00
2024-09-02,12:45:00 am,0,102.649,22.82,2024-09-02 12:45:00
2024-09-02,01:00:00 am,0,102.654,22.791,2024-09-02 01:00:00
2024-09-02,01:15:00 am,0,102.645,22.762,2024-09-02 01:15:00
2024-09-02,01:30:00 am,0,102.639,22.732,2024-09-02 01:30:00
2024-09-02,01:45:00 am,0,102.627,22.697,2024-09-02 01:45:00
2024-09-02,02:00:00 am,0,102.62,22.667,2024-09-02 02:00:00
2024-09-02,02:15:00 am,0,102.619,22.634,2024-09-02 02:15:00
2024-09-02,02:30:00 am,0,102.614,22.602,2024-09-02 02:30:00
2024-09-02,02:45:00 am,0,102.607,22.573,2024-09-02 02:45:00
2024-09-02,03:00:00 am,0,102.608,22.545,2024-09-02 03:00:00
2024-09-02,03:15:00 am,0,102.606,22.515,2024-09-02 03:15:00
2024-09-02,03:30:00 am,0,102.6,22.483,2024-09-02 03:30:00
2024-09-02,03:45:00 am,0,102.599,22.452,2024-09-02 03:45:00
2024-09-02,04:00:00 am,0,102.597,22.415,2024-09-02 04:00:00
2024-09-02,04:15:00 am,0,102.589,22.38,2024-09-02 04:15:00
2024-09-02,04:30:00 am,0,102.586,22.346,2024-09-02 04:30:00
2024-09-02,04:45:00 am,0,102.596,22.316,2024-09-02 04:45:00
2024-09-02,05:00:00 am,0,102.596,22.28,2024-09-02 05:00:00
2024-09-02,05:15:00 am,0,102.596,22.248,2024-09-02 05:15:00
2024-09-02,05:30:00 am,0,102.619,22.213,2024-09-02 05:30:00
2024-09-02,05:45:00 am,0,102.619,22.178,2024-09-02 05:45:00
2024-09-02,06:00:00 am,0,102.622,22.146,2024-09-02 06:00:00
2024-09-02,06:15:00 am,0,102.631,22.108,2024-09-02 06:15:00
2024-09-02,06:30:00 am,0,102.639,22.076,2024-09-02 06:30:00
2024-09-02,06:45:00 am,0,102.651,22.046,2024-09-02 06:45:00
2024-09-02,07:00:00 am,0,102.656,22.012,2024-09-02 07:00:00
2024-09-02,07:15:00 am,0,102.673,21.991,2024-09-02 07:15:00
2024-09-02,07:30:00 am,0,102.67,21.966,2024-09-02 07:30:00
2024-09-02,07:45:00 am,0,102.678,21.949,2024-09-02 07:45:00
2024-09-02,08:00:00 am,0,102.693,21.943,2024-09-02 08:00:00
2024-09-02,08:15:00 am,0,102.704,21.944,2024-09-02 08:15:00
2024-09-02,08:30:00 am,0,102.713,21.95,2024-09-02 08:30:00
2024-09-02,08:45:00 am,0,102.719,21.959,2024-09-02 08:45:00
2024-09-02,09:00:00 am,0,102.74,21.977,2024-09-02 09:00:00
2024-09-02,09:15:00 am,0,102.745,21.999,2024-09-02 09:15:00
2024-09-02,09:30:00 am,0,102.764,22.031,2024-09-02 09:30:00
2024-09-02,09:45:00 am,0,102.782,22.067,2024-09-02 09:45:00
2024-09-02,10:00:00 am,0,102.785,22.105,2024-09-02 10:00:00
2024-09-02,10:15:00 am,0,102.793,22.143,2024-09-02 10:15:00
2024-09-02,10:30:00 am,0,102.799,22.181,2024-09-02 10:30:00
2024-09-02,10:45:00 am,0,102.804,22.225,2024-09-02 10:45:00
2024-09-02,11:00:00 am,0,102.804,22.274,2024-09-02 11:00:00
2024-09-02,11:15:00 am,0,102.806,22.324,2024-09-02 11:15:00
2024-09-02,11:30:00 am,0,102.803,22.378,2024-09-02 11:30:00
2024-09-02,11:45:00 am,0,102.807,22.427,2024-09-02 11:45:00
2024-09-02,12:00:00 pm,0,102.817,22.484,2024-09-02 12:00:00
2024-09-02,12:15:00 pm,0,102.819,22.539,2024-09-02 12:15:00
2024-09-02,12:30:00 pm,0,102.815,22.601,2024-09-02 12:30:00
2024-09-02,12:45:00 pm,0,102.81,22.667,2024-09-02 12:45:00
2024-09-02,01:00:00 pm,0,102.8,22.733,2024-09-02 01:00:00
2024-09-02,01:15:00 pm,0,102.802,22.805,2024-09-02 01:15:00
2024-09-02,01:30:00 pm,0,102.797,22.87,2024-09-02 01:30:00
2024-09-02,01:45:00 pm,0,102.789,22.943,2024-09-02 01:45:00
2024-09-02,02:00:00 pm,0,102.774,23.021,2024-09-02 02:00:00
2024-09-02,02:15:00 pm,0,102.765,23.118,2024-09-02 02:15:00
2024-09-02,02:30:00 pm,0,102.746,23.199,2024-09-02 02:30:00
2024-09-02,02:45:00 pm,0,102.721,23.269,2024-09-02 02:45:00
2024-09-02,03:00:00 pm,0,102.705,23.346,2024-09-02 03:00:00
2024-09-02,03:15:00 pm,0,102.686,23.419,2024-09-02 03:15:00
2024-09-02,03:30:00 pm,0,102.668,23.454,2024-09-02 03:30:00
2024-09-02,03:45:00 pm,0,102.661,23.478,2024-09-02 03:45:00
2024-09-02,04:00:00 pm,0,102.654,23.515,2024-09-02 04:00:00
2024-09-02,04:15:00 pm,0,102.653,23.53,2024-09-02 04:15:00
2024-09-02,04:30:00 pm,0,102.633,23.545,2024-09-02 04:30:00
2024-09-02,04:45:00 pm,0,102.635,23.56,2024-09-02 04:45:00
2024-09-02,05:00:00 pm,0,102.622,23.579,2024-09-02 05:00:00
2024-09-02,05:15:00 pm,0,102.602,23.586,2024-09-02 05:15:00
2024-09-02,05:30:00 pm,0,102.602,23.598,2024-09-02 05:30:00
2024-09-02,05:45:00 pm,0,102.601,23.597,2024-09-02 05:45:00
2024-09-02,06:00:00 pm,0,102.603,23.598,2024-09-02 06:00:00
2024-09-02,06:15:00 pm,0,102.609,23.595,2024-09-02 06:15:00
2024-09-02,06:30:00 pm,0,102.619,23.589,2024-09-02 06:30:00
2024-09-02,06:45:00 pm,0,102.625,23.575,2024-09-02 06:45:00
2024-09-02,07:00:00 pm,0,102.632,23.559,2024-09-02 07:00:00
2024-09-02,07:15:00 pm,0,102.638,23.547,2024-09-02 07:15:00
2024-09-02,07:30:00 pm,0,102.638,23.525,2024-09-02 07:30:00
2024-09-02,07:45:00 pm,0,102.641,23.498,2024-09-02 07:45:00
2024-09-02,08:00:00 pm,0,102.643,23.471,2024-09-02 08:00:00
2024-09-02,08:15:00 pm,0,102.657,23.427,2024-09-02 08:15:00
2024-09-02,08:30:00 pm,0,102.662,23.385,2024-09-02 08:30:00
2024-09-02,08:45:00 pm,0,102.671,23.338,2024-09-02 08:45:00
2024-09-02,09:00:00 pm,0,102.677,23.292,2024-09-02 09:00:00
2024-09-02,09:15:00 pm,0,102.684,23.248,2024-09-02 09:15:00
2024-09-02,09:30:00 pm,0,102.687,23.2,2024-09-02 09:30:00
2024-09-02,09:45:00 pm,0,102.691,23.154,2024-09-02 09:45:00
2024-09-02,10:00:00 pm,0,102.693,23.111,2024-09-02 10:00:00
2024-09-02,10:15:00 pm,0,102.69,23.062,2024-09-02 10:15:00
2024-09-02,10:30:00 pm,0,102.689,23.008,2024-09-02 10:30:00
2024-09-02,10:45:00 pm,0,102.705,22.959,2024-09-02 10:45:00
2024-09-02,11:00:00 pm,0,102.693,22.917,2024-09-02 11:00:00
2024-09-02,11:15:00 pm,0,102.68,22.872,2024-09-02 11:15:00
2024-09-02,11:30:00 pm,0,102.674,22.831,2024-09-02 11:30:00
2024-09-02,11:45:00 pm,0,102.682,22.79,2024-09-02 11:45:00
2024-09-03,12:00:00 am,0,102.682,22.75,2024-09-03 12:00:00
2024-09-03,12:15:00 am,0,102.69,22.705,2024-09-03 12:15:00
2024-09-03,12:30:00 am,0,102.684,22.662,2024-09-03 12:30:00
2024-09-03,12:45:00 am,0,102.676,22.628,2024-09-03 12:45:00
2024-09-03,01:00:00 am,0,102.666,22.593,2024-09-03 01:00:00
2024-09-03,01:15:00 am,0,102.672,22.551,2024-09-03 01:15:00
2024-09-03,01:30:00 am,0,102.665,22.51,2024-09-03 01:30:00
2024-09-03,01:45:00 am,0,102.658,22.466,2024-09-03 01:45:00
2024-09-03,02:00:00 am,0,102.654,22.42,2024-09-03 02:00:00
2024-09-03,02:15:00 am,0,102.654,22.379,2024-09-03 02:15:00
2024-09-03,02:30:00 am,0,102.641,22.335,2024-09-03 02:30:00
2024-09-03,02:45:00 am,0,102.636,22.287,2024-09-03 02:45:00
2024-09-03,03:00:00 am,0,102.626,22.237,2024-09-03 03:00:00
2024-09-03,03:15:00 am,0,102.615,22.185,2024-09-03 03:15:00
2024-09-03,03:30:00 am,0,102.619,22.136,2024-09-03 03:30:00
2024-09-03,03:45:00 am,0,102.613,22.089,2024-09-03 03:45:00
2024-09-03,04:00:00 am,0,102.61,22.037,2024-09-03 04:00:00
2024-09-03,04:15:00 am,0,102.604,21.99,2024-09-03 04:15:00
2024-09-03,04:30:00 am,0,102.611,21.945,2024-09-03 04:30:00
2024-09-03,04:45:00 am,0,102.621,21.9,2024-09-03 04:45:00
2024-09-03,05:00:00 am,0,102.629,21.862,2024-09-03 05:00:00
2024-09-03,05:15:00 am,0,102.638,21.82,2024-09-03 05:15:00
2024-09-03,05:30:00 am,0,102.64,21.777,2024-09-03 05:30:00
2024-09-03,05:45:00 am,0,102.651,21.732,2024-09-03 05:45:00
2024-09-03,06:00:00 am,0,102.664,21.695,2024-09-03 06:00:00
2024-09-03,06:15:00 am,0,102.672,21.659,2024-09-03 06:15:00
2024-09-03,06:30:00 am,0,102.686,21.615,2024-09-03 06:30:00
2024-09-03,06:45:00 am,0,102.712,21.57,2024-09-03 06:45:00
2024-09-03,07:00:00 am,0,102.723,21.533,2024-09-03 07:00:00
2024-09-03,07:15:00 am,0,102.746,21.505,2024-09-03 07:15:00
2024-09-03,07:30:00 am,0,102.76,21.476,2024-09-03 07:30:00
2024-09-03,07:45:00 am,0,102.767,21.454,2024-09-03 07:45:00
2024-09-03,08:00:00 am,0,102.778,21.437,2024-09-03 08:00:00
2024-09-03,08:15:00 am,0,102.791,21.431,2024-09-03 08:15:00
2024-09-03,08:30:00 am,0,102.808,21.429,2024-09-03 08:30:00
2024-09-03,08:45:00 am,0,102.822,21.435,2024-09-03 08:45:00
2024-09-03,09:00:00 am,0,102.83,21.451,2024-09-03 09:00:00
2024-09-03,09:15:00 am,0,102.842,21.479,2024-09-03 09:15:00
2024-09-03,09:30:00 am,0,102.851,21.519,2024-09-03 09:30:00
2024-09-03,09:45:00 am,0,102.859,21.564,2024-09-03 09:45:00
2024-09-03,10:00:00 am,0,102.866,21.614,2024-09-03 10:00:00
2024-09-03,10:15:00 am,0,102.877,21.67,2024-09-03 10:15:00
2024-09-03,10:30:00 am,0,102.887,21.729,2024-09-03 10:30:00
2024-09-03,10:45:00 am,0,102.898,21.79,2024-09-03 10:45:00
2024-09-03,11:00:00 am,0,102.908,21.857,2024-09-03 11:00:00
2024-09-03,11:15:00 am,0,102.912,21.926,2024-09-03 11:15:00
2024-09-03,11:30:00 am,0,102.92,22.001,2024-09-03 11:30:00
2024-09-03,11:45:00 am,0,102.914,22.059,2024-09-03 11:45:00
2024-09-03,12:00:00 pm,0,102.921,22.13,2024-09-03 12:00:00
2024-09-03,12:15:00 pm,0,102.92,22.211,2024-09-03 12:15:00
2024-09-03,12:30:00 pm,0,102.915,22.287,2024-09-03 12:30:00
2024-09-03,12:45:00 pm,0,102.915,22.361,2024-09-03 12:45:00
2024-09-03,01:00:00 pm,0,102.906,22.445,2024-09-03 01:00:00
2024-09-03,01:15:00 pm,0,102.908,22.547,2024-09-03 01:15:00
2024-09-03,01:30:00 pm,0,102.885,22.611,2024-09-03 01:30:00
2024-09-03,01:45:00 pm,0,102.88,22.664,2024-09-03 01:45:00
2024-09-03,02:00:00 pm,0,102.861,22.711,2024-09-03 02:00:00
2024-09-03,02:15:00 pm,0,102.842,22.777,2024-09-03 02:15:00
2024-09-03,02:30:00 pm,0,102.832,22.847,2024-09-03 02:30:00
2024-09-03,02:45:00 pm,0,102.823,22.912,2024-09-03 02:45:00
2024-09-03,03:00:00 pm,0,102.806,22.983,2024-09-03 03:00:00
2024-09-03,03:15:00 pm,0,102.781,23.061,2024-09-03 03:15:00
2024-09-03,03:30:00 pm,0,102.768,23.097,2024-09-03 03:30:00
2024-09-03,03:45:00 pm,0,102.772,23.121,2024-09-03 03:45:00
2024-09-03,04:00:00 pm,0,102.75,23.139,2024-09-03 04:00:00
2024-09-03,04:15:00 pm,0,102.76,23.175,2024-09-03 04:15:00
2024-09-03,04:30:00 pm,0,102.763,23.19,2024-09-03 04:30:00
2024-09-03,04:45:00 pm,0,102.78,23.198,2024-09-03 04:45:00
2024-09-03,05:00:00 pm,0,102.782,23.2,2024-09-03 05:00:00
2024-09-03,05:15:00 pm,0,102.779,23.211,2024-09-03 05:15:00
2024-09-03,05:30:00 pm,0,102.791,23.225,2024-09-03 05:30:00
2024-09-03,05:45:00 pm,0,102.79,23.228,2024-09-03 05:45:00
2024-09-03,06:00:00 pm,0,102.803,23.222,2024-09-03 06:00:00
2024-09-03,06:15:00 pm,0,102.814,23.224,2024-09-03 06:15:00
2024-09-03,06:30:00 pm,0,102.811,23.225,2024-09-03 06:30:00
2024-09-03,06:45:00 pm,0,102.811,23.223,2024-09-03 06:45:00
2024-09-03,07:00:00 pm,0,102.819,23.218,2024-09-03 07:00:00
2024-09-03,07:15:00 pm,0,102.831,23.214,2024-09-03 07:15:00
2024-09-03,07:30:00 pm,0,102.855,23.211,2024-09-03 07:30:00
2024-09-03,07:45:00 pm,0,102.869,23.207,2024-09-03 07:45:00
2024-09-03,08:00:00 pm,0,102.882,23.206,2024-09-03 08:00:00
2024-09-03,08:15:00 pm,0,102.901,23.197,2024-09-03 08:15:00
2024-09-03,08:30:00 pm,0,102.931,23.198,2024-09-03 08:30:00
2024-09-03,08:45:00 pm,0,102.96,23.191,2024-09-03 08:45:00
2024-09-03,09:00:00 pm,0,102.984,23.186,2024-09-03 09:00:00
2024-09-03,09:15:00 pm,0,102.996,23.178,2024-09-03 09:15:00
2024-09-03,09:30:00 pm,0,103.004,23.183,2024-09-03 09:30:00
2024-09-03,09:45:00 pm,0,103.011,23.176,2024-09-03 09:45:00
2024-09-03,10:00:00 pm,0,103.022,23.167,2024-09-03 10:00:00
2024-09-03,10:15:00 pm,0,103.034,23.161,2024-09-03 10:15:00
2024-09-03,10:30:00 pm,0,103.043,23.156,2024-09-03 10:30:00
2024-09-03,10:45:00 pm,0,103.044,23.153,2024-09-03 10:45:00
2024-09-03,11:00:00 pm,0,103.04,23.14,2024-09-03 11:00:00
2024-09-03,11:15:00 pm,0,103.054,23.132,2024-09-03 11:15:00
2024-09-03,11:30:00 pm,0,103.06,23.123,2024-09-03 11:30:00
2024-09-03,11:45:00 pm,0,103.054,23.112,2024-09-03 11:45:00
2024-09-04,12:00:00 am,0,103.055,23.101,2024-09-04 12:00:00
2024-09-04,12:15:00 am,0,103.044,23.088,2024-09-04 12:15:00
2024-09-04,12:30:00 am,0,103.034,23.076,2024-09-04 12:30:00
2024-09-04,12:45:00 am,0,103.027,23.063,2024-09-04 12:45:00
2024-09-04,01:00:00 am,0,103.031,23.05,2024-09-04 01:00:00
2024-09-04,01:15:00 am,0,103.022,23.034,2024-09-04 01:15:00
2024-09-04,01:30:00 am,0,103.015,23.016,2024-09-04 01:30:00
2024-09-04,01:45:00 am,0,103.01,22.999,2024-09-04 01:45:00
2024-09-04,02:00:00 am,0,103.003,22.98,2024-09-04 02:00:00
2024-09-04,02:15:00 am,0,103.012,22.964,2024-09-04 02:15:00
2024-09-04,02:30:00 am,0,103.016,22.951,2024-09-04 02:30:00
2024-09-04,02:45:00 am,0,103.011,22.932,2024-09-04 02:45:00
2024-09-04,03:00:00 am,0,103.012,22.914,2024-09-04 03:00:00
2024-09-04,03:15:00 am,0,103.02,22.893,2024-09-04 03:15:00
2024-09-04,03:30:00 am,0,103.016,22.867,2024-09-04 03:30:00
2024-09-04,03:45:00 am,0,103.011,22.84,2024-09-04 03:45:00
2024-09-04,04:00:00 am,0,103.019,22.813,2024-09-04 04:00:00
2024-09-04,04:15:00 am,0,103.026,22.781,2024-09-04 04:15:00
2024-09-04,04:30:00 am,0,103.033,22.749,2024-09-04 04:30:00
2024-09-04,04:45:00 am,0,103.051,22.721,2024-09-04 04:45:00
2024-09-04,05:00:00 am,0,103.069,22.687,2024-09-04 05:00:00
2024-09-04,05:15:00 am,0,103.058,22.65,2024-09-04 05:15:00
2024-09-04,05:30:00 am,0,103.061,22.613,2024-09-04 05:30:00
2024-09-04,05:45:00 am,0,103.075,22.579,2024-09-04 05:45:00
2024-09-04,06:00:00 am,0,103.084,22.541,2024-09-04 06:00:00
2024-09-04,06:15:00 am,0,103.099,22.502,2024-09-04 06:15:00
2024-09-04,06:30:00 am,0,103.101,22.466,2024-09-04 06:30:00
2024-09-04,06:45:00 am,0,103.11,22.423,2024-09-04 06:45:00
2024-09-04,07:00:00 am,0,103.127,22.385,2024-09-04 07:00:00
2024-09-04,07:15:00 am,0,103.145,22.345,2024-09-04 07:15:00
2024-09-04,07:30:00 am,0,103.177,22.308,2024-09-04 07:30:00
2024-09-04,07:45:00 am,0,103.192,22.271,2024-09-04 07:45:00
2024-09-04,08:00:00 am,0,103.183,22.241,2024-09-04 08:00:00
2024-09-04,08:15:00 am,0,103.193,22.217,2024-09-04 08:15:00
2024-09-04,08:30:00 am,0,103.206,22.193,2024-09-04 08:30:00
2024-09-04,08:45:00 am,0,103.223,22.168,2024-09-04 08:45:00
2024-09-04,09:00:00 am,0,103.23,22.143,2024-09-04 09:00:00
2024-09-04,09:15:00 am,0,103.23,22.126,2024-09-04 09:15:00
2024-09-04,09:30:00 am,0,103.237,22.109,2024-09-04 09:30:00
2024-09-04,09:45:00 am,0,103.243,22.104,2024-09-04 09:45:00
2024-09-04,10:00:00 am,0,103.255,22.103,2024-09-04 10:00:00
2024-09-04,10:15:00 am,0,103.262,22.104,2024-09-04 10:15:00
2024-09-04,10:30:00 am,0,103.259,22.112,2024-09-04 10:30:00
2024-09-04,10:45:00 am,0,103.272,22.123,2024-09-04 10:45:00
2024-09-04,11:00:00 am,0,103.273,22.137,2024-09-04 11:00:00
2024-09-04,11:15:00 am,0,103.272,22.156,2024-09-04 11:15:00
2024-09-04,11:30:00 am,0,103.265,22.187,2024-09-04 11:30:00
2024-09-04,11:45:00 am,0,103.271,22.225,2024-09-04 11:45:00
2024-09-04,12:00:00 pm,0,103.274,22.265,2024-09-04 12:00:00
2024-09-04,12:15:00 pm,0,103.274,22.307,2024-09-04 12:15:00
2024-09-04,12:30:00 pm,0,103.279,22.345,2024-09-04 12:30:00
2024-09-04,12:45:00 pm,0,103.284,22.379,2024-09-04 12:45:00
2024-09-04,01:00:00 pm,0,103.277,22.422,2024-09-04 01:00:00
2024-09-04,01:15:00 pm,0,103.281,22.461,2024-09-04 01:15:00
2024-09-04,01:30:00 pm,0,103.262,22.489,2024-09-04 01:30:00
2024-09-04,01:45:00 pm,0,103.259,22.519,2024-09-04 01:45:00
2024-09-04,02:00:00 pm,0,103.25,22.542,2024-09-04 02:00:00
2024-09-04,02:15:00 pm,0,103.23,22.564,2024-09-04 02:15:00
2024-09-04,02:30:00 pm,0,103.209,22.577,2024-09-04 02:30:00
2024-09-04,02:45:00 pm,0,103.189,22.598,2024-09-04 02:45:00
2024-09-04,03:00:00 pm,0,103.179,22.627,2024-09-04 03:00:00
2024-09-04,03:15:00 pm,0,103.164,22.652,2024-09-04 03:15:00
2024-09-04,03:30:00 pm,0,103.146,22.686,2024-09-04 03:30:00
2024-09-04,03:45:00 pm,0,103.137,22.713,2024-09-04 03:45:00
2024-09-04,04:00:00 pm,0,103.126,22.759,2024-09-04 04:00:00
2024-09-04,04:15:00 pm,0,103.102,22.789,2024-09-04 04:15:00
2024-09-04,04:30:00 pm,0,103.09,22.796,2024-09-04 04:30:00
2024-09-04,04:45:00 pm,0,103.084,22.814,2024-09-04 04:45:00
2024-09-04,05:00:00 pm,0,103.083,22.829,2024-09-04 05:00:00
2024-09-04,05:15:00 pm,0,103.082,22.843,2024-09-04 05:15:00
2024-09-04,05:30:00 pm,0,103.087,22.847,2024-09-04 05:30:00
2024-09-04,05:45:00 pm,0,103.096,22.859,2024-09-04 05:45:00
2024-09-04,06:00:00 pm,0,103.091,22.865,2024-09-04 06:00:00
2024-09-04,06:15:00 pm,0,103.097,22.868,2024-09-04 06:15:00
2024-09-04,06:30:00 pm,0,103.101,22.867,2024-09-04 06:30:00
2024-09-04,06:45:00 pm,0,103.103,22.867,2024-09-04 06:45:00
2024-09-04,07:00:00 pm,0,103.103,22.859,2024-09-04 07:00:00
2024-09-04,07:15:00 pm,0,103.104,22.854,2024-09-04 07:15:00
2024-09-04,07:30:00 pm,0,103.106,22.842,2024-09-04 07:30:00
2024-09-04,07:45:00 pm,0,103.101,22.832,2024-09-04 07:45:00
2024-09-04,08:00:00 pm,0,103.104,22.819,2024-09-04 08:00:00
2024-09-04,08:15:00 pm,0,103.108,22.798,2024-09-04 08:15:00
2024-09-04,08:30:00 pm,0,103.115,22.781,2024-09-04 08:30:00
2024-09-04,08:45:00 pm,0,103.123,22.755,2024-09-04 08:45:00
2024-09-04,09:00:00 pm,0,103.129,22.725,2024-09-04 09:00:00
2024-09-04,09:15:00 pm,0,103.15,22.696,2024-09-04 09:15:00
2024-09-04,09:30:00 pm,0,103.149,22.667,2024-09-04 09:30:00
2024-09-04,09:45:00 pm,0,103.159,22.638,2024-09-04 09:45:00
2024-09-04,10:00:00 pm,0,103.17,22.604,2024-09-04 10:00:00
2024-09-04,10:15:00 pm,0,103.16,22.575,2024-09-04 10:15:00
2024-09-04,10:30:00 pm,0,103.155,22.546,2024-09-04 10:30:00
2024-09-04,10:45:00 pm,0,103.152,22.517,2024-09-04 10:45:00
2024-09-04,11:00:00 pm,0,103.149,22.496,2024-09-04 11:00:00
2024-09-04,11:15:00 pm,0,103.142,22.473,2024-09-04 11:15:00
2024-09-04,11:30:00 pm,0,103.14,22.445,2024-09-04 11:30:00
2024-09-04,11:45:00 pm,0,103.133,22.414,2024-09-04 11:45:00
2024-09-05,12:00:00 am,0,103.12,22.382,2024-09-05 12:00:00
2024-09-05,12:15:00 am,0,103.112,22.353,2024-09-05 12:15:00
2024-09-05,12:30:00 am,0,103.107,22.324,2024-09-05 12:30:00
2024-09-05,12:45:00 am,0,103.093,22.291,2024-09-05 12:45:00
2024-09-05,01:00:00 am,0,103.086,22.255,2024-09-05 01:00:00
2024-09-05,01:15:00 am,0,103.066,22.216,2024-09-05 01:15:00
2024-09-05,01:30:00 am,0,103.049,22.177,2024-09-05 01:30:00
2024-09-05,01:45:00 am,0,103.037,22.137,2024-09-05 01:45:00
2024-09-05,02:00:00 am,0,103.028,22.1,2024-09-05 02:00:00
2024-09-05,02:15:00 am,0,103.029,22.064,2024-09-05 02:15:00
2024-09-05,02:30:00 am,0,103.021,22.026,2024-09-05 02:30:00
2024-09-05,02:45:00 am,0,103.013,21.995,2024-09-05 02:45:00
2024-09-05,03:00:00 am,0,103.017,21.961,2024-09-05 03:00:00
2024-09-05,03:15:00 am,0,103.01,21.929,2024-09-05 03:15:00
2024-09-05,03:30:00 am,0,103.013,21.892,2024-09-05 03:30:00
2024-09-05,03:45:00 am,0,103.015,21.869,2024-09-05 03:45:00
2024-09-05,04:00:00 am,0,103.013,21.847,2024-09-05 04:00:00
2024-09-05,04:15:00 am,0,103.027,21.825,2024-09-05 04:15:00
2024-09-05,04:30:00 am,0,103.037,21.802,2024-09-05 04:30:00
2024-09-05,04:45:00 am,0,103.041,21.777,2024-09-05 04:45:00
2024-09-05,05:00:00 am,0,103.037,21.758,2024-09-05 05:00:00
2024-09-05,05:15:00 am,0,103.037,21.746,2024-09-05 05:15:00
2024-09-05,05:30:00 am,0,103.039,21.726,2024-09-05 05:30:00
2024-09-05,05:45:00 am,0,103.054,21.71,2024-09-05 05:45:00
2024-09-05,06:00:00 am,0,103.076,21.692,2024-09-05 06:00:00
2024-09-05,06:15:00 am,0,103.101,21.68,2024-09-05 06:15:00
2024-09-05,06:30:00 am,0,103.114,21.67,2024-09-05 06:30:00
2024-09-05,06:45:00 am,0,103.117,21.658,2024-09-05 06:45:00
2024-09-05,07:00:00 am,0,103.119,21.651,2024-09-05 07:00:00
2024-09-05,07:15:00 am,0,103.136,21.636,2024-09-05 07:15:00
2024-09-05,07:30:00 am,0,103.151,21.624,2024-09-05 07:30:00
2024-09-05,07:45:00 am,0,103.148,21.616,2024-09-05 07:45:00
2024-09-05,08:00:00 am,0,103.151,21.615,2024-09-05 08:00:00
2024-09-05,08:15:00 am,0,103.155,21.616,2024-09-05 08:15:00
2024-09-05,08:30:00 am,0,103.164,21.621,2024-09-05 08:30:00
2024-09-05,08:45:00 am,0,103.16,21.628,2024-09-05 08:45:00
2024-09-05,09:00:00 am,0,103.159,21.633,2024-09-05 09:00:00
2024-09-05,09:15:00 am,0,103.161,21.646,2024-09-05 09:15:00
2024-09-05,09:30:00 am,0,103.161,21.655,2024-09-05 09:30:00
2024-09-05,09:45:00 am,0,103.16,21.663,2024-09-05 09:45:00
2024-09-05,10:00:00 am,0,103.161,21.678,2024-09-05 10:00:00
2024-09-05,10:15:00 am,0,103.151,21.691,2024-09-05 10:15:00
2024-09-05,10:30:00 am,0,103.15,21.707,2024-09-05 10:30:00
2024-09-05,10:45:00 am,0,103.151,21.725,2024-09-05 10:45:00
2024-09-05,11:00:00 am,0,103.148,21.744,2024-09-05 11:00:00
2024-09-05,11:15:00 am,0,103.151,21.768,2024-09-05 11:15:00
2024-09-05,11:30:00 am,0,103.155,21.795,2024-09-05 11:30:00
2024-09-05,11:45:00 am,0,103.145,21.829,2024-09-05 11:45:00
2024-09-05,12:00:00 pm,0,103.138,21.863,2024-09-05 12:00:00
2024-09-05,12:15:00 pm,0,103.132,21.897,2024-09-05 12:15:00
2024-09-05,12:30:00 pm,0,103.127,21.927,2024-09-05 12:30:00
2024-09-05,12:45:00 pm,0,103.121,21.959,2024-09-05 12:45:00
2024-09-05,01:00:00 pm,0,103.113,21.992,2024-09-05 01:00:00
2024-09-05,01:15:00 pm,0,103.109,22.021,2024-09-05 01:15:00
2024-09-05,01:30:00 pm,0,103.106,22.053,2024-09-05 01:30:00
2024-09-05,01:45:00 pm,0,103.091,22.079,2024-09-05 01:45:00
2024-09-05,02:00:00 pm,0,103.086,22.104,2024-09-05 02:00:00
2024-09-05,02:15:00 pm,0,103.072,22.131,2024-09-05 02:15:00
2024-09-05,02:30:00 pm,0,103.061,22.154,2024-09-05 02:30:00
2024-09-05,02:45:00 pm,0,103.06,22.17,2024-09-05 02:45:00
2024-09-05,03:00:00 pm,0,103.05,22.19,2024-09-05 03:00:00
2024-09-05,03:15:00 pm,0,103.035,22.209,2024-09-05 03:15:00
2024-09-05,03:30:00 pm,0,103.02,22.229,2024-09-05 03:30:00
2024-09-05,03:45:00 pm,0,103.02,22.247,2024-09-05 03:45:00
2024-09-05,04:00:00 pm,0,103.018,22.266,2024-09-05 04:00:00
2024-09-05,04:15:00 pm,0,103.009,22.281,2024-09-05 04:15:00
2024-09-05,04:30:00 pm,0,103.011,22.292,2024-09-05 04:30:00
2024-09-05,04:45:00 pm,0,103.002,22.302,2024-09-05 04:45:00
2024-09-05,05:00:00 pm,0,103.004,22.311,2024-09-05 05:00:00
2024-09-05,05:15:00 pm,0,102.997,22.32,2024-09-05 05:15:00
2024-09-05,05:30:00 pm,0,102.987,22.326,2024-09-05 05:30:00
2024-09-05,05:45:00 pm,0,102.982,22.329,2024-09-05 05:45:00
2024-09-05,06:00:00 pm,0,102.982,22.331,2024-09-05 06:00:00
2024-09-05,06:15:00 pm,0,102.989,22.331,2024-09-05 06:15:00
2024-09-05,06:30:00 pm,0,102.987,22.331,2024-09-05 06:30:00
2024-09-05,06:45:00 pm,0,102.992,22.329,2024-09-05 06:45:00
2024-09-05,07:00:00 pm,0,102.991,22.328,2024-09-05 07:00:00
2024-09-05,07:15:00 pm,0,102.992,22.324,2024-09-05 07:15:00
2024-09-05,07:30:00 pm,0,102.991,22.319,2024-09-05 07:30:00
2024-09-05,07:45:00 pm,0,102.993,22.317,2024-09-05 07:45:00
2024-09-05,08:00:00 pm,0,102.996,22.31,2024-09-05 08:00:00
2024-09-05,08:15:00 pm,0,103.002,22.305,2024-09-05 08:15:00
2024-09-05,08:30:00 pm,0,103.009,22.302,2024-09-05 08:30:00
2024-09-05,08:45:00 pm,0,103.008,22.298,2024-09-05 08:45:00
2024-09-05,09:00:00 pm,0,103.003,22.292,2024-09-05 09:00:00
2024-09-05,09:15:00 pm,0,103,22.285,2024-09-05 09:15:00
2024-09-05,09:30:00 pm,0,103.004,22.278,2024-09-05 09:30:00
2024-09-05,09:45:00 pm,0,103.001,22.277,2024-09-05 09:45:00
2024-09-05,10:00:00 pm,0,103.001,22.272,2024-09-05 10:00:00
2024-09-05,10:15:00 pm,0,102.994,22.267,2024-09-05 10:15:00
2024-09-05,10:30:00 pm,0,102.99,22.261,2024-09-05 10:30:00
2024-09-05,10:45:00 pm,0,102.985,22.255,2024-09-05 10:45:00
2024-09-05,11:00:00 pm,0,102.981,22.252,2024-09-05 11:00:00
2024-09-05,11:15:00 pm,0,102.979,22.245,2024-09-05 11:15:00
2024-09-05,11:30:00 pm,0,102.975,22.244,2024-09-05 11:30:00
2024-09-05,11:45:00 pm,0,102.969,22.236,2024-09-05 11:45:00
2024-09-06,12:00:00 am,0,102.965,22.229,2024-09-06 12:00:00
2024-09-06,12:15:00 am,0,102.957,22.222,2024-09-06 12:15:00
2024-09-06,12:30:00 am,0,102.948,22.214,2024-09-06 12:30:00
2024-09-06,12:45:00 am,0,102.941,22.207,2024-09-06 12:45:00
2024-09-06,01:00:00 am,0,102.935,22.2,2024-09-06 01:00:00
2024-09-06,01:15:00 am,0,102.927,22.195,2024-09-06 01:15:00
2024-09-06,01:30:00 am,0,102.916,22.188,2024-09-06 01:30:00
2024-09-06,01:45:00 am,0,102.902,22.18,2024-09-06 01:45:00
2024-09-06,02:00:00 am,0,102.89,22.166,2024-09-06 02:00:00
2024-09-06,02:15:00 am,0,102.875,22.157,2024-09-06 02:15:00
2024-09-06,02:30:00 am,0,102.866,22.148,2024-09-06 02:30:00
2024-09-06,02:45:00 am,0,102.858,22.139,2024-09-06 02:45:00
2024-09-06,03:00:00 am,0,102.848,22.128,2024-09-06 03:00:00
2024-09-06,03:15:00 am,0,102.838,22.12,2024-09-06 03:15:00
2024-09-06,03:30:00 am,0,102.828,22.105,2024-09-06 03:30:00
2024-09-06,03:45:00 am,0,102.819,22.095,2024-09-06 03:45:00
2024-09-06,04:00:00 am,0,102.815,22.08,2024-09-06 04:00:00
2024-09-06,04:15:00 am,0,102.811,22.069,2024-09-06 04:15:00
2024-09-06,04:30:00 am,0,102.802,22.056,2024-09-06 04:30:00
2024-09-06,04:45:00 am,0,102.8,22.043,2024-09-06 04:45:00
2024-09-06,05:00:00 am,0,102.795,22.029,2024-09-06 05:00:00
2024-09-06,05:15:00 am,0,102.792,22.01,2024-09-06 05:15:00
2024-09-06,05:30:00 am,0,102.794,21.989,2024-09-06 05:30:00
2024-09-06,05:45:00 am,0,102.797,21.967,2024-09-06 05:45:00
2024-09-06,06:00:00 am,0,102.802,21.948,2024-09-06 06:00:00
2024-09-06,06:15:00 am,0,102.812,21.928,2024-09-06 06:15:00
2024-09-06,06:30:00 am,0,102.823,21.901,2024-09-06 06:30:00
2024-09-06,06:45:00 am,0,102.829,21.876,2024-09-06 06:45:00
2024-09-06,07:00:00 am,0,102.828,21.854,2024-09-06 07:00:00
2024-09-06,07:15:00 am,0,102.832,21.83,2024-09-06 07:15:00
2024-09-06,07:30:00 am,0,102.822,21.811,2024-09-06 07:30:00
2024-09-06,07:45:00 am,0,102.814,21.786,2024-09-06 07:45:00
2024-09-06,08:00:00 am,0,102.81,21.764,2024-09-06 08:00:00
2024-09-06,08:15:00 am,0,102.808,21.743,2024-09-06 08:15:00
2024-09-06,08:30:00 am,0,102.809,21.725,2024-09-06 08:30:00
2024-09-06,08:45:00 am,0,102.809,21.709,2024-09-06 08:45:00
2024-09-06,09:00:00 am,0,102.812,21.691,2024-09-06 09:00:00
2024-09-06,09:15:00 am,0,102.808,21.674,2024-09-06 09:15:00
2024-09-06,09:30:00 am,0,102.822,21.66,2024-09-06 09:30:00
2024-09-06,09:45:00 am,0,102.827,21.646,2024-09-06 09:45:00
2024-09-06,10:00:00 am,0,102.84,21.636,2024-09-06 10:00:00
2024-09-06,10:15:00 am,0,102.853,21.626,2024-09-06 10:15:00
2024-09-06,10:30:00 am,0,102.864,21.617,2024-09-06 10:30:00
2024-09-06,10:45:00 am,0,102.865,21.617,2024-09-06 10:45:00
2024-09-06,11:00:00 am,0,102.865,21.616,2024-09-06 11:00:00
2024-09-06,11:15:00 am,0,102.862,21.614,2024-09-06 11:15:00
2024-09-06,11:30:00 am,0,102.863,21.616,2024-09-06 11:30:00
2024-09-06,11:45:00 am,0,102.852,21.621,2024-09-06 11:45:00
2024-09-06,12:00:00 pm,0,102.848,21.628,2024-09-06 12:00:00
2024-09-06,12:15:00 pm,0,102.837,21.632,2024-09-06 12:15:00
2024-09-06,12:30:00 pm,0,102.833,21.641,2024-09-06 12:30:00
2024-09-06,12:45:00 pm,0,102.827,21.655,2024-09-06 12:45:00
2024-09-06,01:00:00 pm,0,102.825,21.676,2024-09-06 01:00:00
2024-09-06,01:15:00 pm,0,102.829,21.698,2024-09-06 01:15:00
2024-09-06,01:30:00 pm,0,102.827,21.715,2024-09-06 01:30:00
2024-09-06,01:45:00 pm,0,102.825,21.733,2024-09-06 01:45:00
2024-09-06,02:00:00 pm,0,102.819,21.748,2024-09-06 02:00:00
2024-09-06,02:15:00 pm,0,102.813,21.758,2024-09-06 02:15:00
2024-09-06,02:30:00 pm,0,102.804,21.769,2024-09-06 02:30:00
2024-09-06,02:45:00 pm,0,102.794,21.777,2024-09-06 02:45:00
2024-09-06,03:00:00 pm,0,102.787,21.78,2024-09-06 03:00:00
2024-09-06,03:15:00 pm,0,102.781,21.785,2024-09-06 03:15:00
2024-09-06,03:30:00 pm,0,102.777,21.787,2024-09-06 03:30:00
2024-09-06,03:45:00 pm,0,102.771,21.79,2024-09-06 03:45:00
2024-09-06,04:00:00 pm,0,102.765,21.791,2024-09-06 04:00:00
2024-09-06,04:15:00 pm,0,102.762,21.796,2024-09-06 04:15:00
2024-09-06,04:30:00 pm,0,102.759,21.799,2024-09-06 04:30:00
2024-09-06,04:45:00 pm,0,102.753,21.803,2024-09-06 04:45:00
2024-09-06,05:00:00 pm,0,102.748,21.805,2024-09-06 05:00:00
2024-09-06,05:15:00 pm,0,102.742,21.807,2024-09-06 05:15:00
2024-09-06,05:30:00 pm,0,102.734,21.81,2024-09-06 05:30:00
2024-09-06,05:45:00 pm,0,102.73,21.812,2024-09-06 05:45:00
2024-09-06,06:00:00 pm,0,102.723,21.817,2024-09-06 06:00:00
2024-09-06,06:15:00 pm,0,102.715,21.816,2024-09-06 06:15:00
2024-09-06,06:30:00 pm,0,102.704,21.816,2024-09-06 06:30:00
2024-09-06,06:45:00 pm,0,102.693,21.814,2024-09-06 06:45:00
2024-09-06,07:00:00 pm,0,102.683,21.809,2024-09-06 07:00:00
2024-09-06,07:15:00 pm,0,102.683,21.804,2024-09-06 07:15:00
2024-09-06,07:30:00 pm,0,102.679,21.798,2024-09-06 07:30:00
2024-09-06,07:45:00 pm,0,102.684,21.792,2024-09-06 07:45:00
2024-09-06,08:00:00 pm,0,102.684,21.784,2024-09-06 08:00:00
2024-09-06,08:15:00 pm,0,102.688,21.775,2024-09-06 08:15:00
2024-09-06,08:30:00 pm,0,102.681,21.765,2024-09-06 08:30:00
2024-09-06,08:45:00 pm,0,102.672,21.757,2024-09-06 08:45:00
2024-09-06,09:00:00 pm,0,102.667,21.743,2024-09-06 09:00:00
2024-09-06,09:15:00 pm,0,102.671,21.737,2024-09-06 09:15:00
2024-09-06,09:30:00 pm,0,102.659,21.728,2024-09-06 09:30:00
2024-09-06,09:45:00 pm,0,102.653,21.716,2024-09-06 09:45:00
2024-09-06,10:00:00 pm,0,102.643,21.703,2024-09-06 10:00:00
2024-09-06,10:15:00 pm,0,102.644,21.689,2024-09-06 10:15:00
2024-09-06,10:30:00 pm,0,102.654,21.673,2024-09-06 10:30:00
2024-09-06,10:45:00 pm,0,102.64,21.665,2024-09-06 10:45:00
2024-09-06,11:00:00 pm,0,102.653,21.653,2024-09-06 11:00:00
2024-09-06,11:15:00 pm,0,102.664,21.64,2024-09-06 11:15:00
2024-09-06,11:30:00 pm,0,102.657,21.627,2024-09-06 11:30:00
2024-09-06,11:45:00 pm,0,102.657,21.613,2024-09-06 11:45:00
2024-09-07,12:00:00 am,0,102.646,21.602,2024-09-07 12:00:00
2024-09-07,12:15:00 am,0,102.652,21.596,2024-09-07 12:15:00
2024-09-07,12:30:00 am,0,102.666,21.584,2024-09-07 12:30:00
2024-09-07,12:45:00 am,0,102.654,21.575,2024-09-07 12:45:00
2024-09-07,01:00:00 am,0,102.652,21.561,2024-09-07 01:00:00
2024-09-07,01:15:00 am,0,102.63,21.55,2024-09-07 01:15:00
2024-09-07,01:30:00 am,0,102.635,21.541,2024-09-07 01:30:00
2024-09-07,01:45:00 am,0,102.63,21.533,2024-09-07 01:45:00
2024-09-07,02:00:00 am,0,102.612,21.523,2024-09-07 02:00:00
2024-09-07,02:15:00 am,0,102.605,21.508,2024-09-07 02:15:00
2024-09-07,02:30:00 am,0,102.6,21.493,2024-09-07 02:30:00
2024-09-07,02:45:00 am,0,102.581,21.482,2024-09-07 02:45:00
2024-09-07,03:00:00 am,0,102.578,21.47,2024-09-07 03:00:00
2024-09-07,03:15:00 am,0,102.571,21.446,2024-09-07 03:15:00
2024-09-07,03:30:00 am,0,102.565,21.432,2024-09-07 03:30:00
2024-09-07,03:45:00 am,0,102.553,21.405,2024-09-07 03:45:00
2024-09-07,04:00:00 am,0,102.554,21.379,2024-09-07 04:00:00
2024-09-07,04:15:00 am,0,102.555,21.355,2024-09-07 04:15:00
2024-09-07,04:30:00 am,0,102.557,21.329,2024-09-07 04:30:00
2024-09-07,04:45:00 am,0,102.559,21.294,2024-09-07 04:45:00
2024-09-07,05:00:00 am,0,102.548,21.259,2024-09-07 05:00:00
2024-09-07,05:15:00 am,0,102.551,21.232,2024-09-07 05:15:00
2024-09-07,05:30:00 am,0,102.54,21.198,2024-09-07 05:30:00
2024-09-07,05:45:00 am,0,102.547,21.178,2024-09-07 05:45:00
2024-09-07,06:00:00 am,0,102.558,21.157,2024-09-07 06:00:00
2024-09-07,06:15:00 am,0,102.559,21.142,2024-09-07 06:15:00
2024-09-07,06:30:00 am,0,102.565,21.112,2024-09-07 06:30:00
2024-09-07,06:45:00 am,0,102.564,21.09,2024-09-07 06:45:00
2024-09-07,07:00:00 am,0,102.569,21.071,2024-09-07 07:00:00
2024-09-07,07:15:00 am,0,102.572,21.059,2024-09-07 07:15:00
2024-09-07,07:30:00 am,0,102.573,21.033,2024-09-07 07:30:00
2024-09-07,07:45:00 am,0,102.577,21.019,2024-09-07 07:45:00
2024-09-07,08:00:00 am,0,102.59,21.004,2024-09-07 08:00:00
2024-09-07,08:15:00 am,0,102.601,20.996,2024-09-07 08:15:00
2024-09-07,08:30:00 am,0,102.609,20.998,2024-09-07 08:30:00
2024-09-07,08:45:00 am,0,102.617,20.993,2024-09-07 08:45:00
2024-09-07,09:00:00 am,0,102.627,20.998,2024-09-07 09:00:00
2024-09-07,09:15:00 am,0,102.631,21.003,2024-09-07 09:15:00
2024-09-07,09:30:00 am,0,102.632,21.018,2024-09-07 09:30:00
2024-09-07,09:45:00 am,0,102.642,21.041,2024-09-07 09:45:00
2024-09-07,10:00:00 am,0,102.66,21.07,2024-09-07 10:00:00
2024-09-07,10:15:00 am,0,102.669,21.093,2024-09-07 10:15:00
2024-09-07,10:30:00 am,0,102.678,21.118,2024-09-07 10:30:00
2024-09-07,10:45:00 am,0,102.685,21.154,2024-09-07 10:45:00
2024-09-07,11:00:00 am,0,102.687,21.181,2024-09-07 11:00:00
2024-09-07,11:15:00 am,0,102.691,21.21,2024-09-07 11:15:00
2024-09-07,11:30:00 am,0,102.692,21.245,2024-09-07 11:30:00
2024-09-07,11:45:00 am,0,102.709,21.286,2024-09-07 11:45:00
2024-09-07,12:00:00 pm,0,102.72,21.327,2024-09-07 12:00:00
2024-09-07,12:15:00 pm,0,102.724,21.361,2024-09-07 12:15:00
2024-09-07,12:30:00 pm,0,102.72,21.394,2024-09-07 12:30:00
2024-09-07,12:45:00 pm,0,102.719,21.433,2024-09-07 12:45:00
2024-09-07,01:00:00 pm,0,102.708,21.477,2024-09-07 01:00:00
2024-09-07,01:15:00 pm,0,102.705,21.515,2024-09-07 01:15:00
2024-09-07,01:30:00 pm,0,102.691,21.557,2024-09-07 01:30:00
2024-09-07,01:45:00 pm,0,102.696,21.606,2024-09-07 01:45:00
2024-09-07,02:00:00 pm,0,102.694,21.658,2024-09-07 02:00:00
2024-09-07,02:15:00 pm,0,102.694,21.707,2024-09-07 02:15:00
2024-09-07,02:30:00 pm,0,102.679,21.747,2024-09-07 02:30:00
2024-09-07,02:45:00 pm,0,102.688,21.812,2024-09-07 02:45:00
2024-09-07,03:00:00 pm,0,102.669,21.84,2024-09-07 03:00:00
2024-09-07,03:15:00 pm,0,102.66,21.875,2024-09-07 03:15:00
2024-09-07,03:30:00 pm,0,102.65,21.907,2024-09-07 03:30:00
2024-09-07,03:45:00 pm,0,102.628,21.939,2024-09-07 03:45:00
2024-09-07,04:00:00 pm,0,102.611,21.965,2024-09-07 04:00:00
2024-09-07,04:15:00 pm,0,102.615,21.972,2024-09-07 04:15:00
2024-09-07,04:30:00 pm,0,102.609,21.991,2024-09-07 04:30:00
2024-09-07,04:45:00 pm,0,102.611,22.018,2024-09-07 04:45:00
2024-09-07,05:00:00 pm,0,102.615,22.041,2024-09-07 05:00:00
2024-09-07,05:15:00 pm,0,102.614,22.06,2024-09-07 05:15:00
2024-09-07,05:30:00 pm,0,102.611,22.069,2024-09-07 05:30:00
2024-09-07,05:45:00 pm,0,102.607,22.073,2024-09-07 05:45:00
2024-09-07,06:00:00 pm,0,102.606,22.076,2024-09-07 06:00:00
2024-09-07,06:15:00 pm,0,102.601,22.077,2024-09-07 06:15:00
2024-09-07,06:30:00 pm,0,102.591,22.076,2024-09-07 06:30:00
2024-09-07,06:45:00 pm,0,102.594,22.068,2024-09-07 06:45:00
2024-09-07,07:00:00 pm,0,102.597,22.06,2024-09-07 07:00:00
2024-09-07,07:15:00 pm,0,102.603,22.053,2024-09-07 07:15:00
2024-09-07,07:30:00 pm,0,102.601,22.035,2024-09-07 07:30:00
2024-09-07,07:45:00 pm,0,102.602,22.015,2024-09-07 07:45:00
2024-09-07,08:00:00 pm,0,102.605,21.992,2024-09-07 08:00:00
2024-09-07,08:15:00 pm,0,102.62,21.968,2024-09-07 08:15:00
2024-09-07,08:30:00 pm,0,102.624,21.942,2024-09-07 08:30:00
2024-09-07,08:45:00 pm,0,102.629,21.91,2024-09-07 08:45:00
2024-09-07,09:00:00 pm,0,102.631,21.879,2024-09-07 09:00:00
2024-09-07,09:15:00 pm,0,102.629,21.845,2024-09-07 09:15:00
2024-09-07,09:30:00 pm,0,102.629,21.805,2024-09-07 09:30:00
2024-09-07,09:45:00 pm,0,102.636,21.761,2024-09-07 09:45:00
2024-09-07,10:00:00 pm,0,102.653,21.716,2024-09-07 10:00:00
2024-09-07,10:15:00 pm,0,102.662,21.667,2024-09-07 10:15:00
2024-09-07,10:30:00 pm,0,102.672,21.602,2024-09-07 10:30:00
2024-09-07,10:45:00 pm,0,102.667,21.541,2024-09-07 10:45:00
2024-09-07,11:00:00 pm,0,102.661,21.481,2024-09-07 11:00:00
2024-09-07,11:15:00 pm,0,102.658,21.413,2024-09-07 11:15:00
2024-09-07,11:30:00 pm,0,102.654,21.342,2024-09-07 11:30:00
2024-09-07,11:45:00 pm,0,102.658,21.269,2024-09-07 11:45:00
2024-09-08,12:00:00 am,0,102.659,21.2,2024-09-08 12:00:00
2024-09-08,12:15:00 am,0,102.655,21.119,2024-09-08 12:15:00
2024-09-08,12:30:00 am,0,102.663,21.044,2024-09-08 12:30:00
2024-09-08,12:45:00 am,0,102.662,20.972,2024-09-08 12:45:00
2024-09-08,01:00:00 am,0,102.656,20.9,2024-09-08 01:00:00
2024-09-08,01:15:00 am,0,102.648,20.827,2024-09-08 01:15:00
2024-09-08,01:30:00 am,0,102.639,20.751,2024-09-08 01:30:00
2024-09-08,01:45:00 am,0,102.64,20.677,2024-09-08 01:45:00
2024-09-08,02:00:00 am,0,102.65,20.62,2024-09-08 02:00:00
2024-09-08,02:15:00 am,0,102.638,20.55,2024-09-08 02:15:00
2024-09-08,02:30:00 am,0,102.639,20.479,2024-09-08 02:30:00
2024-09-08,02:45:00 am,0,102.645,20.405,2024-09-08 02:45:00
2024-09-08,03:00:00 am,0,102.656,20.341,2024-09-08 03:00:00
2024-09-08,03:15:00 am,0,102.657,20.277,2024-09-08 03:15:00
2024-09-08,03:30:00 am,0,102.651,20.209,2024-09-08 03:30:00
2024-09-08,03:45:00 am,0,102.646,20.133,2024-09-08 03:45:00
2024-09-08,04:00:00 am,0,102.641,20.062,2024-09-08 04:00:00
2024-09-08,04:15:00 am,0,102.641,19.991,2024-09-08 04:15:00
2024-09-08,04:30:00 am,0,102.646,19.926,2024-09-08 04:30:00
2024-09-08,04:45:00 am,0,102.645,19.859,2024-09-08 04:45:00
2024-09-08,05:00:00 am,0,102.646,19.789,2024-09-08 05:00:00
2024-09-08,05:15:00 am,0,102.657,19.722,2024-09-08 05:15:00
2024-09-08,05:30:00 am,0,102.664,19.64,2024-09-08 05:30:00
2024-09-08,05:45:00 am,0,102.665,19.569,2024-09-08 05:45:00
2024-09-08,06:00:00 am,0,102.669,19.486,2024-09-08 06:00:00
2024-09-08,06:15:00 am,0,102.68,19.403,2024-09-08 06:15:00
2024-09-08,06:30:00 am,0,102.692,19.329,2024-09-08 06:30:00
2024-09-08,06:45:00 am,0,102.709,19.257,2024-09-08 06:45:00
2024-09-08,07:00:00 am,0,102.733,19.193,2024-09-08 07:00:00
2024-09-08,07:15:00 am,0,102.767,19.117,2024-09-08 07:15:00
2024-09-08,07:30:00 am,0,102.783,19.069,2024-09-08 07:30:00
2024-09-08,07:45:00 am,0,102.797,19.026,2024-09-08 07:45:00
2024-09-08,08:00:00 am,0,102.81,18.98,2024-09-08 08:00:00
2024-09-08,08:15:00 am,0,102.821,18.946,2024-09-08 08:15:00
2024-09-08,08:30:00 am,0,102.825,18.926,2024-09-08 08:30:00
2024-09-08,08:45:00 am,0,102.832,18.914,2024-09-08 08:45:00
2024-09-08,09:00:00 am,0,102.847,18.909,2024-09-08 09:00:00
2024-09-08,09:15:00 am,0,102.857,18.915,2024-09-08 09:15:00
2024-09-08,09:30:00 am,0,102.864,18.933,2024-09-08 09:30:00
2024-09-08,09:45:00 am,0,102.875,18.964,2024-09-08 09:45:00
2024-09-08,10:00:00 am,0,102.873,18.995,2024-09-08 10:00:00
2024-09-08,10:15:00 am,0,102.876,19.028,2024-09-08 10:15:00
2024-09-08,10:30:00 am,0,102.881,19.064,2024-09-08 10:30:00
2024-09-08,10:45:00 am,0,102.893,19.108,2024-09-08 10:45:00
2024-09-08,11:00:00 am,0,102.895,19.153,2024-09-08 11:00:00
2024-09-08,11:15:00 am,0,102.906,19.212,2024-09-08 11:15:00
2024-09-08,11:30:00 am,0,102.904,19.273,2024-09-08 11:30:00
2024-09-08,11:45:00 am,0,102.907,19.327,2024-09-08 11:45:00
2024-09-08,12:00:00 pm,0,102.909,19.382,2024-09-08 12:00:00
2024-09-08,12:15:00 pm,0,102.914,19.444,2024-09-08 12:15:00
2024-09-08,12:30:00 pm,0,102.91,19.504,2024-09-08 12:30:00
2024-09-08,12:45:00 pm,0,102.91,19.571,2024-09-08 12:45:00
2024-09-08,01:00:00 pm,0,102.901,19.634,2024-09-08 01:00:00
2024-09-08,01:15:00 pm,0,102.89,19.707,2024-09-08 01:15:00
2024-09-08,01:30:00 pm,0,102.888,19.782,2024-09-08 01:30:00
2024-09-08,01:45:00 pm,0,102.884,19.86,2024-09-08 01:45:00
2024-09-08,02:00:00 pm,0,102.867,19.947,2024-09-08 02:00:00
2024-09-08,02:15:00 pm,0,102.856,20.041,2024-09-08 02:15:00
2024-09-08,02:30:00 pm,0,102.837,20.138,2024-09-08 02:30:00
2024-09-08,02:45:00 pm,0,102.814,20.227,2024-09-08 02:45:00
2024-09-08,03:00:00 pm,0,102.81,20.298,2024-09-08 03:00:00
2024-09-08,03:15:00 pm,0,102.787,20.376,2024-09-08 03:15:00
2024-09-08,03:30:00 pm,0,102.785,20.424,2024-09-08 03:30:00
2024-09-08,03:45:00 pm,0,102.772,20.471,2024-09-08 03:45:00
2024-09-08,04:00:00 pm,0,102.771,20.534,2024-09-08 04:00:00
2024-09-08,04:15:00 pm,0,102.764,20.566,2024-09-08 04:15:00
2024-09-08,04:30:00 pm,0,102.754,20.589,2024-09-08 04:30:00
2024-09-08,04:45:00 pm,0,102.751,20.611,2024-09-08 04:45:00
2024-09-08,05:00:00 pm,0,102.75,20.638,2024-09-08 05:00:00
2024-09-08,05:15:00 pm,0,102.743,20.663,2024-09-08 05:15:00
2024-09-08,05:30:00 pm,0,102.739,20.683,2024-09-08 05:30:00
2024-09-08,05:45:00 pm,0,102.737,20.699,2024-09-08 05:45:00
2024-09-08,06:00:00 pm,0,102.739,20.71,2024-09-08 06:00:00
2024-09-08,06:15:00 pm,0,102.735,20.718,2024-09-08 06:15:00
2024-09-08,06:30:00 pm,0,102.738,20.722,2024-09-08 06:30:00
2024-09-08,06:45:00 pm,0,102.753,20.723,2024-09-08 06:45:00
2024-09-08,07:00:00 pm,0,102.766,20.716,2024-09-08 07:00:00
2024-09-08,07:15:00 pm,0,102.772,20.704,2024-09-08 07:15:00
2024-09-08,07:30:00 pm,0,102.777,20.678,2024-09-08 07:30:00
2024-09-08,07:45:00 pm,0,102.783,20.646,2024-09-08 07:45:00
2024-09-08,08:00:00 pm,0,102.803,20.604,2024-09-08 08:00:00
2024-09-08,08:15:00 pm,0,102.807,20.561,2024-09-08 08:15:00
2024-09-08,08:30:00 pm,0,102.815,20.521,2024-09-08 08:30:00
2024-09-08,08:45:00 pm,0,102.834,20.475,2024-09-08 08:45:00
2024-09-08,09:00:00 pm,0,102.847,20.426,2024-09-08 09:00:00
2024-09-08,09:15:00 pm,0,102.848,20.375,2024-09-08 09:15:00
2024-09-08,09:30:00 pm,0,102.846,20.318,2024-09-08 09:30:00
2024-09-08,09:45:00 pm,0,102.843,20.266,2024-09-08 09:45:00
2024-09-08,10:00:00 pm,0,102.838,20.216,2024-09-08 10:00:00
2024-09-08,10:15:00 pm,0,102.829,20.162,2024-09-08 10:15:00
2024-09-08,10:30:00 pm,0,102.817,20.104,2024-09-08 10:30:00
2024-09-08,10:45:00 pm,0,102.814,20.045,2024-09-08 10:45:00
2024-09-08,11:00:00 pm,0,102.815,19.985,2024-09-08 11:00:00
2024-09-08,11:15:00 pm,0,102.806,19.921,2024-09-08 11:15:00
2024-09-08,11:30:00 pm,0,102.801,19.861,2024-09-08 11:30:00
2024-09-08,11:45:00 pm,0,102.803,19.81,2024-09-08 11:45:00
2024-09-09,12:00:00 am,0,102.793,19.759,2024-09-09 12:00:00
2024-09-09,12:15:00 am,0,102.792,19.696,2024-09-09 12:15:00
2024-09-09,12:30:00 am,0,102.794,19.641,2024-09-09 12:30:00
2024-09-09,12:45:00 am,0,102.787,19.583,2024-09-09 12:45:00
2024-09-09,01:00:00 am,0,102.771,19.5,2024-09-09 01:00:00
2024-09-09,01:15:00 am,0,102.763,19.46,2024-09-09 01:15:00
2024-09-09,01:30:00 am,0,102.753,19.405,2024-09-09 01:30:00
2024-09-09,01:45:00 am,0,102.749,19.351,2024-09-09 01:45:00
2024-09-09,02:00:00 am,0,102.747,19.294,2024-09-09 02:00:00
2024-09-09,02:15:00 am,0,102.752,19.245,2024-09-09 02:15:00
2024-09-09,02:30:00 am,0,102.749,19.189,2024-09-09 02:30:00
2024-09-09,02:45:00 am,0,102.751,19.133,2024-09-09 02:45:00
2024-09-09,03:00:00 am,0,102.751,19.08,2024-09-09 03:00:00
2024-09-09,03:15:00 am,0,102.746,19.021,2024-09-09 03:15:00
2024-09-09,03:30:00 am,0,102.75,18.98,2024-09-09 03:30:00
2024-09-09,03:45:00 am,0,102.763,18.947,2024-09-09 03:45:00
2024-09-09,04:00:00 am,0,102.766,18.896,2024-09-09 04:00:00
2024-09-09,04:15:00 am,0,102.774,18.86,2024-09-09 04:15:00
2024-09-09,04:30:00 am,0,102.773,18.805,2024-09-09 04:30:00
2024-09-09,04:45:00 am,0,102.774,18.768,2024-09-09 04:45:00
2024-09-09,05:00:00 am,0,102.774,18.728,2024-09-09 05:00:00
2024-09-09,05:15:00 am,0,102.788,18.699,2024-09-09 05:15:00
2024-09-09,05:30:00 am,0,102.796,18.656,2024-09-09 05:30:00
2024-09-09,05:45:00 am,0,102.802,18.618,2024-09-09 05:45:00
2024-09-09,06:00:00 am,0,102.827,18.57,2024-09-09 06:00:00
2024-09-09,06:15:00 am,0,102.84,18.535,2024-09-09 06:15:00
2024-09-09,06:30:00 am,0,102.856,18.502,2024-09-09 06:30:00
2024-09-09,06:45:00 am,0,102.872,18.46,2024-09-09 06:45:00
2024-09-09,07:00:00 am,0,102.889,18.427,2024-09-09 07:00:00
2024-09-09,07:15:00 am,0,102.903,18.391,2024-09-09 07:15:00
2024-09-09,07:30:00 am,0,102.924,18.375,2024-09-09 07:30:00
2024-09-09,07:45:00 am,0,102.934,18.337,2024-09-09 07:45:00
2024-09-09,08:00:00 am,0,102.942,18.316,2024-09-09 08:00:00
2024-09-09,08:15:00 am,0,102.944,18.311,2024-09-09 08:15:00
2024-09-09,08:30:00 am,0,102.954,18.306,2024-09-09 08:30:00
2024-09-09,08:45:00 am,0,102.961,18.321,2024-09-09 08:45:00
2024-09-09,09:00:00 am,0,102.969,18.348,2024-09-09 09:00:00
2024-09-09,09:15:00 am,0,102.984,18.385,2024-09-09 09:15:00
2024-09-09,09:30:00 am,0,102.996,18.435,2024-09-09 09:30:00
2024-09-09,09:45:00 am,0,103.013,18.486,2024-09-09 09:45:00
2024-09-09,10:00:00 am,0,103.027,18.542,2024-09-09 10:00:00
2024-09-09,10:15:00 am,0,103.036,18.607,2024-09-09 10:15:00
2024-09-09,10:30:00 am,0,103.044,18.675,2024-09-09 10:30:00
2024-09-09,10:45:00 am,0,103.052,18.75,2024-09-09 10:45:00
2024-09-09,11:00:00 am,0,103.06,18.821,2024-09-09 11:00:00
2024-09-09,11:15:00 am,0,103.07,18.9,2024-09-09 11:15:00
2024-09-09,11:30:00 am,0,103.085,18.997,2024-09-09 11:30:00
2024-09-09,11:45:00 am,0,103.088,19.083,2024-09-09 11:45:00
2024-09-09,12:00:00 pm,0,103.091,19.165,2024-09-09 12:00:00
2024-09-09,12:15:00 pm,0,103.091,19.255,2024-09-09 12:15:00
2024-09-09,12:30:00 pm,0,103.087,19.33,2024-09-09 12:30:00
2024-09-09,12:45:00 pm,0,103.082,19.417,2024-09-09 12:45:00
2024-09-09,01:00:00 pm,0,103.077,19.502,2024-09-09 01:00:00
2024-09-09,01:15:00 pm,0,103.057,19.586,2024-09-09 01:15:00
2024-09-09,01:30:00 pm,0,103.045,19.677,2024-09-09 01:30:00
2024-09-09,01:45:00 pm,0,103.028,19.755,2024-09-09 01:45:00
2024-09-09,02:00:00 pm,0,103.014,19.821,2024-09-09 02:00:00
2024-09-09,02:15:00 pm,0,103.004,19.875,2024-09-09 02:15:00
2024-09-09,02:30:00 pm,0,102.989,19.93,2024-09-09 02:30:00
2024-09-09,02:45:00 pm,0,102.98,19.979,2024-09-09 02:45:00
2024-09-09,03:00:00 pm,0,102.966,20.043,2024-09-09 03:00:00
2024-09-09,03:15:00 pm,0,102.958,20.112,2024-09-09 03:15:00
2024-09-09,03:30:00 pm,0,102.947,20.18,2024-09-09 03:30:00
2024-09-09,03:45:00 pm,0,102.936,20.241,2024-09-09 03:45:00
2024-09-09,04:00:00 pm,0,102.935,20.288,2024-09-09 04:00:00
2024-09-09,04:15:00 pm,0,102.928,20.328,2024-09-09 04:15:00
2024-09-09,04:30:00 pm,0,102.919,20.376,2024-09-09 04:30:00
2024-09-09,04:45:00 pm,0,102.921,20.424,2024-09-09 04:45:00
2024-09-09,05:00:00 pm,0,102.927,20.47,2024-09-09 05:00:00
2024-09-09,05:15:00 pm,0,102.917,20.501,2024-09-09 05:15:00
2024-09-09,05:30:00 pm,0,102.912,20.523,2024-09-09 05:30:00
2024-09-09,05:45:00 pm,0,102.91,20.542,2024-09-09 05:45:00
2024-09-09,06:00:00 pm,0,102.916,20.556,2024-09-09 06:00:00
2024-09-09,06:15:00 pm,0,102.92,20.567,2024-09-09 06:15:00
2024-09-09,06:30:00 pm,0,102.919,20.58,2024-09-09 06:30:00
2024-09-09,06:45:00 pm,0,102.923,20.584,2024-09-09 06:45:00
2024-09-09,07:00:00 pm,0,102.932,20.591,2024-09-09 07:00:00
2024-09-09,07:15:00 pm,0,102.936,20.593,2024-09-09 07:15:00
2024-09-09,07:30:00 pm,0,102.941,20.598,2024-09-09 07:30:00
2024-09-09,07:45:00 pm,0,102.965,20.597,2024-09-09 07:45:00
2024-09-09,08:00:00 pm,0,102.967,20.601,2024-09-09 08:00:00
2024-09-09,08:15:00 pm,0,102.979,20.599,2024-09-09 08:15:00
2024-09-09,08:30:00 pm,0,102.994,20.593,2024-09-09 08:30:00
2024-09-09,08:45:00 pm,0,103.007,20.589,2024-09-09 08:45:00
2024-09-09,09:00:00 pm,0,103.016,20.58,2024-09-09 09:00:00
2024-09-09,09:15:00 pm,0,103.02,20.572,2024-09-09 09:15:00
2024-09-09,09:30:00 pm,0,103.021,20.562,2024-09-09 09:30:00
2024-09-09,09:45:00 pm,0,103.026,20.549,2024-09-09 09:45:00
2024-09-09,10:00:00 pm,0,103.025,20.536,2024-09-09 10:00:00
2024-09-09,10:15:00 pm,0,103.028,20.524,2024-09-09 10:15:00
2024-09-09,10:30:00 pm,0,103.029,20.511,2024-09-09 10:30:00
2024-09-09,10:45:00 pm,0,103.026,20.496,2024-09-09 10:45:00
2024-09-09,11:00:00 pm,0,103.028,20.479,2024-09-09 11:00:00
2024-09-09,11:15:00 pm,0,103.019,20.459,2024-09-09 11:15:00
2024-09-09,11:30:00 pm,0,103.01,20.439,2024-09-09 11:30:00
2024-09-09,11:45:00 pm,0,103.005,20.417,2024-09-09 11:45:00
2024-09-10,12:00:00 am,0,102.998,20.397,2024-09-10 12:00:00
2024-09-10,12:15:00 am,0,102.988,20.376,2024-09-10 12:15:00
2024-09-10,12:30:00 am,0,102.979,20.356,2024-09-10 12:30:00
2024-09-10,12:45:00 am,0,102.973,20.336,2024-09-10 12:45:00
2024-09-10,01:00:00 am,0,102.963,20.314,2024-09-10 01:00:00
2024-09-10,01:15:00 am,0,102.949,20.295,2024-09-10 01:15:00
2024-09-10,01:30:00 am,0,102.935,20.268,2024-09-10 01:30:00
2024-09-10,01:45:00 am,0,102.923,20.244,2024-09-10 01:45:00
2024-09-10,02:00:00 am,0,102.917,20.217,2024-09-10 02:00:00
2024-09-10,02:15:00 am,0,102.91,20.19,2024-09-10 02:15:00
2024-09-10,02:30:00 am,0,102.899,20.159,2024-09-10 02:30:00
2024-09-10,02:45:00 am,0,102.886,20.127,2024-09-10 02:45:00
2024-09-10,03:00:00 am,0,102.871,20.092,2024-09-10 03:00:00
2024-09-10,03:15:00 am,0,102.866,20.057,2024-09-10 03:15:00
2024-09-10,03:30:00 am,0,102.861,20.025,2024-09-10 03:30:00
2024-09-10,03:45:00 am,0,102.851,19.988,2024-09-10 03:45:00
2024-09-10,04:00:00 am,0,102.855,19.952,2024-09-10 04:00:00
2024-09-10,04:15:00 am,0,102.858,19.914,2024-09-10 04:15:00
2024-09-10,04:30:00 am,0,102.85,19.875,2024-09-10 04:30:00
2024-09-10,04:45:00 am,0,102.856,19.84,2024-09-10 04:45:00
2024-09-10,05:00:00 am,0,102.861,19.797,2024-09-10 05:00:00
2024-09-10,05:15:00 am,0,102.868,19.755,2024-09-10 05:15:00
2024-09-10,05:30:00 am,0,102.875,19.715,2024-09-10 05:30:00
2024-09-10,05:45:00 am,0,102.889,19.682,2024-09-10 05:45:00
2024-09-10,06:00:00 am,0,102.888,19.627,2024-09-10 06:00:00
2024-09-10,06:15:00 am,0,102.906,19.592,2024-09-10 06:15:00
2024-09-10,06:30:00 am,0,102.923,19.557,2024-09-10 06:30:00
2024-09-10,06:45:00 am,0,102.941,19.516,2024-09-10 06:45:00
2024-09-10,07:00:00 am,0,102.95,19.477,2024-09-10 07:00:00
2024-09-10,07:15:00 am,0,102.962,19.433,2024-09-10 07:15:00
2024-09-10,07:30:00 am,0,102.959,19.39,2024-09-10 07:30:00
2024-09-10,07:45:00 am,0,102.97,19.365,2024-09-10 07:45:00
2024-09-10,08:00:00 am,0,102.964,19.343,2024-09-10 08:00:00
2024-09-10,08:15:00 am,0,102.968,19.335,2024-09-10 08:15:00
2024-09-10,08:30:00 am,0,102.973,19.319,2024-09-10 08:30:00
2024-09-10,08:45:00 am,0,102.977,19.323,2024-09-10 08:45:00
2024-09-10,09:00:00 am,0,102.975,19.337,2024-09-10 09:00:00
2024-09-10,09:15:00 am,0,102.988,19.359,2024-09-10 09:15:00
2024-09-10,09:30:00 am,0,102.998,19.393,2024-09-10 09:30:00
2024-09-10,09:45:00 am,0,103.013,19.435,2024-09-10 09:45:00
2024-09-10,10:00:00 am,0,103.017,19.485,2024-09-10 10:00:00
2024-09-10,10:15:00 am,0,103.013,19.536,2024-09-10 10:15:00
2024-09-10,10:30:00 am,0,103.019,19.598,2024-09-10 10:30:00
2024-09-10,10:45:00 am,0,103.031,19.66,2024-09-10 10:45:00
2024-09-10,11:00:00 am,0,103.034,19.722,2024-09-10 11:00:00
2024-09-10,11:15:00 am,0,103.037,19.791,2024-09-10 11:15:00
2024-09-10,11:30:00 am,0,103.046,19.863,2024-09-10 11:30:00
2024-09-10,11:45:00 am,0,103.045,19.93,2024-09-10 11:45:00
2024-09-10,12:00:00 pm,0,103.04,19.993,2024-09-10 12:00:00
2024-09-10,12:15:00 pm,0,103.037,20.064,2024-09-10 12:15:00
2024-09-10,12:30:00 pm,0,103.024,20.115,2024-09-10 12:30:00
2024-09-10,12:45:00 pm,0,103.011,20.175,2024-09-10 12:45:00
2024-09-10,01:00:00 pm,0,102.99,20.239,2024-09-10 01:00:00
2024-09-10,01:15:00 pm,0,102.963,20.297,2024-09-10 01:15:00
2024-09-10,01:30:00 pm,0,102.955,20.36,2024-09-10 01:30:00
2024-09-10,01:45:00 pm,0,102.944,20.41,2024-09-10 01:45:00
2024-09-10,02:00:00 pm,0,102.922,20.465,2024-09-10 02:00:00
2024-09-10,02:15:00 pm,0,102.917,20.528,2024-09-10 02:15:00
2024-09-10,02:30:00 pm,0,102.897,20.578,2024-09-10 02:30:00
2024-09-10,02:45:00 pm,0,102.882,20.631,2024-09-10 02:45:00
2024-09-10,03:00:00 pm,0,102.878,20.685,2024-09-10 03:00:00
2024-09-10,03:15:00 pm,0,102.866,20.722,2024-09-10 03:15:00
2024-09-10,03:30:00 pm,0,102.856,20.745,2024-09-10 03:30:00
2024-09-10,03:45:00 pm,0,102.849,20.795,2024-09-10 03:45:00
2024-09-10,04:00:00 pm,0,102.85,20.827,2024-09-10 04:00:00
2024-09-10,04:15:00 pm,0,102.857,20.863,2024-09-10 04:15:00
2024-09-10,04:30:00 pm,0,102.866,20.885,2024-09-10 04:30:00
2024-09-10,04:45:00 pm,0,102.864,20.902,2024-09-10 04:45:00
2024-09-10,05:00:00 pm,0,102.86,20.914,2024-09-10 05:00:00
2024-09-10,05:15:00 pm,0,102.848,20.935,2024-09-10 05:15:00
2024-09-10,05:30:00 pm,0,102.842,20.936,2024-09-10 05:30:00
2024-09-10,05:45:00 pm,0,102.846,20.935,2024-09-10 05:45:00
2024-09-10,06:00:00 pm,0,102.844,20.944,2024-09-10 06:00:00
2024-09-10,06:15:00 pm,0,102.842,20.948,2024-09-10 06:15:00
2024-09-10,06:30:00 pm,0,102.838,20.951,2024-09-10 06:30:00
2024-09-10,06:45:00 pm,0,102.845,20.956,2024-09-10 06:45:00
2024-09-10,07:00:00 pm,0,102.847,20.962,2024-09-10 07:00:00
2024-09-10,07:15:00 pm,0,102.846,20.965,2024-09-10 07:15:00
2024-09-10,07:30:00 pm,0,102.855,20.957,2024-09-10 07:30:00
2024-09-10,07:45:00 pm,0,102.857,20.959,2024-09-10 07:45:00
2024-09-10,08:00:00 pm,0,102.86,20.958,2024-09-10 08:00:00
2024-09-10,08:15:00 pm,0,102.85,20.956,2024-09-10 08:15:00
2024-09-10,08:30:00 pm,0,102.869,20.947,2024-09-10 08:30:00
2024-09-10,08:45:00 pm,0,102.86,20.952,2024-09-10 08:45:00
2024-09-10,09:00:00 pm,0,102.859,20.95,2024-09-10 09:00:00
2024-09-10,09:15:00 pm,0,102.873,20.948,2024-09-10 09:15:00
2024-09-10,09:30:00 pm,0,102.875,20.938,2024-09-10 09:30:00
2024-09-10,09:45:00 pm,0,102.873,20.928,2024-09-10 09:45:00
2024-09-10,10:00:00 pm,0,102.871,20.919,2024-09-10 10:00:00
2024-09-10,10:15:00 pm,0,102.867,20.908,2024-09-10 10:15:00
2024-09-10,10:30:00 pm,0,102.864,20.894,2024-09-10 10:30:00
2024-09-10,10:45:00 pm,0,102.873,20.88,2024-09-10 10:45:00
2024-09-10,11:00:00 pm,0,102.862,20.863,2024-09-10 11:00:00
2024-09-10,11:15:00 pm,0,102.851,20.846,2024-09-10 11:15:00
2024-09-10,11:30:00 pm,0,102.854,20.828,2024-09-10 11:30:00
2024-09-10,11:45:00 pm,0,102.84,20.809,2024-09-10 11:45:00
2024-09-11,12:00:00 am,0,102.825,20.792,2024-09-11 12:00:00
2024-09-11,12:15:00 am,0,102.821,20.772,2024-09-11 12:15:00
2024-09-11,12:30:00 am,0,102.815,20.754,2024-09-11 12:30:00
2024-09-11,12:45:00 am,0,102.805,20.73,2024-09-11 12:45:00
2024-09-11,01:00:00 am,0,102.797,20.711,2024-09-11 01:00:00
2024-09-11,01:15:00 am,0,102.794,20.687,2024-09-11 01:15:00
2024-09-11,01:30:00 am,0,102.79,20.665,2024-09-11 01:30:00
2024-09-11,01:45:00 am,0,102.783,20.639,2024-09-11 01:45:00
2024-09-11,02:00:00 am,0,102.779,20.618,2024-09-11 02:00:00
2024-09-11,02:15:00 am,0,102.773,20.593,2024-09-11 02:15:00
2024-09-11,02:30:00 am,0,102.755,20.569,2024-09-11 02:30:00
2024-09-11,02:45:00 am,0,102.74,20.545,2024-09-11 02:45:00
2024-09-11,03:00:00 am,0,102.73,20.521,2024-09-11 03:00:00
2024-09-11,03:15:00 am,0,102.719,20.492,2024-09-11 03:15:00
2024-09-11,03:30:00 am,0,102.708,20.462,2024-09-11 03:30:00
2024-09-11,03:45:00 am,0,102.71,20.432,2024-09-11 03:45:00
2024-09-11,04:00:00 am,0,102.7,20.405,2024-09-11 04:00:00
2024-09-11,04:15:00 am,0,102.676,20.378,2024-09-11 04:15:00
2024-09-11,04:30:00 am,0,102.683,20.351,2024-09-11 04:30:00
2024-09-11,04:45:00 am,0,102.672,20.321,2024-09-11 04:45:00
2024-09-11,05:00:00 am,0,102.661,20.293,2024-09-11 05:00:00
2024-09-11,05:15:00 am,0,102.657,20.268,2024-09-11 05:15:00
2024-09-11,05:30:00 am,0,102.672,20.239,2024-09-11 05:30:00
2024-09-11,05:45:00 am,0,102.676,20.207,2024-09-11 05:45:00
2024-09-11,06:00:00 am,0,102.671,20.178,2024-09-11 06:00:00
2024-09-11,06:15:00 am,0,102.699,20.147,2024-09-11 06:15:00
2024-09-11,06:30:00 am,0,102.693,20.122,2024-09-11 06:30:00
2024-09-11,06:45:00 am,0,102.686,20.099,2024-09-11 06:45:00
2024-09-11,07:00:00 am,0,102.693,20.076,2024-09-11 07:00:00
2024-09-11,07:15:00 am,0,102.703,20.057,2024-09-11 07:15:00
2024-09-11,07:30:00 am,0,102.707,20.046,2024-09-11 07:30:00
2024-09-11,07:45:00 am,0,102.709,20.038,2024-09-11 07:45:00
2024-09-11,08:00:00 am,0,102.723,20.04,2024-09-11 08:00:00
2024-09-11,08:15:00 am,0,102.734,20.041,2024-09-11 08:15:00
2024-09-11,08:30:00 am,0,102.745,20.043,2024-09-11 08:30:00
2024-09-11,08:45:00 am,0,102.764,20.049,2024-09-11 08:45:00
2024-09-11,09:00:00 am,0,102.779,20.057,2024-09-11 09:00:00
2024-09-11,09:15:00 am,0,102.785,20.074,2024-09-11 09:15:00
2024-09-11,09:30:00 am,0,102.781,20.087,2024-09-11 09:30:00
2024-09-11,09:45:00 am,0,102.775,20.102,2024-09-11 09:45:00
2024-09-11,10:00:00 am,0,102.772,20.125,2024-09-11 10:00:00
2024-09-11,10:15:00 am,0,102.77,20.152,2024-09-11 10:15:00
2024-09-11,10:30:00 am,0,102.776,20.186,2024-09-11 10:30:00
2024-09-11,10:45:00 am,0,102.784,20.224,2024-09-11 10:45:00
2024-09-11,11:00:00 am,0,102.789,20.26,2024-09-11 11:00:00
2024-09-11,11:15:00 am,0,102.79,20.297,2024-09-11 11:15:00
2024-09-11,11:30:00 am,0,102.796,20.328,2024-09-11 11:30:00
2024-09-11,11:45:00 am,0,102.798,20.368,2024-09-11 11:45:00
2024-09-11,12:00:00 pm,0,102.789,20.4,2024-09-11 12:00:00
2024-09-11,12:15:00 pm,0,102.79,20.44,2024-09-11 12:15:00
2024-09-11,12:30:00 pm,0,102.78,20.479,2024-09-11 12:30:00
2024-09-11,12:45:00 pm,0,102.767,20.514,2024-09-11 12:45:00
2024-09-11,01:00:00 pm,0,102.75,20.563,2024-09-11 01:00:00
2024-09-11,01:15:00 pm,0,102.723,20.609,2024-09-11 01:15:00
2024-09-11,01:30:00 pm,0,102.705,20.646,2024-09-11 01:30:00
2024-09-11,01:45:00 pm,0,102.693,20.683,2024-09-11 01:45:00
2024-09-11,02:00:00 pm,0,102.697,20.716,2024-09-11 02:00:00
2024-09-11,02:15:00 pm,0,102.676,20.752,2024-09-11 02:15:00
2024-09-11,02:30:00 pm,0,102.679,20.783,2024-09-11 02:30:00
2024-09-11,02:45:00 pm,0,102.68,20.81,2024-09-11 02:45:00
2024-09-11,03:00:00 pm,0,102.68,20.836,2024-09-11 03:00:00
2024-09-11,03:15:00 pm,0,102.671,20.854,2024-09-11 03:15:00
2024-09-11,03:30:00 pm,0,102.662,20.87,2024-09-11 03:30:00
2024-09-11,03:45:00 pm,0,102.653,20.881,2024-09-11 03:45:00
2024-09-11,04:00:00 pm,0,102.636,20.899,2024-09-11 04:00:00
2024-09-11,04:15:00 pm,0,102.623,20.917,2024-09-11 04:15:00
2024-09-11,04:30:00 pm,0,102.617,20.927,2024-09-11 04:30:00
2024-09-11,04:45:00 pm,0,102.618,20.936,2024-09-11 04:45:00
2024-09-11,05:00:00 pm,0,102.617,20.951,2024-09-11 05:00:00
2024-09-11,05:15:00 pm,0,102.604,20.959,2024-09-11 05:15:00
2024-09-11,05:30:00 pm,0,102.596,20.967,2024-09-11 05:30:00
2024-09-11,05:45:00 pm,0,102.592,20.971,2024-09-11 05:45:00
2024-09-11,06:00:00 pm,0,102.593,20.974,2024-09-11 06:00:00
2024-09-11,06:15:00 pm,0,102.584,20.978,2024-09-11 06:15:00
2024-09-11,06:30:00 pm,0,102.586,20.981,2024-09-11 06:30:00
2024-09-11,06:45:00 pm,0,102.574,20.981,2024-09-11 06:45:00
2024-09-11,07:00:00 pm,0,102.548,20.979,2024-09-11 07:00:00
2024-09-11,07:15:00 pm,0,102.527,20.981,2024-09-11 07:15:00
2024-09-11,07:30:00 pm,0,102.518,20.978,2024-09-11 07:30:00
2024-09-11,07:45:00 pm,0,102.517,20.978,2024-09-11 07:45:00
2024-09-11,08:00:00 pm,0,102.537,20.971,2024-09-11 08:00:00
2024-09-11,08:15:00 pm,0,102.545,20.967,2024-09-11 08:15:00
2024-09-11,08:30:00 pm,0,102.551,20.96,2024-09-11 08:30:00
2024-09-11,08:45:00 pm,0,102.573,20.953,2024-09-11 08:45:00
2024-09-11,09:00:00 pm,0,102.583,20.943,2024-09-11 09:00:00
2024-09-11,09:15:00 pm,0,102.565,20.926,2024-09-11 09:15:00
2024-09-11,09:30:00 pm,0,102.547,20.907,2024-09-11 09:30:00
2024-09-11,09:45:00 pm,0,102.52,20.888,2024-09-11 09:45:00
2024-09-11,10:00:00 pm,0,102.512,20.867,2024-09-11 10:00:00
2024-09-11,10:15:00 pm,0,102.491,20.847,2024-09-11 10:15:00
2024-09-11,10:30:00 pm,0,102.451,20.827,2024-09-11 10:30:00
2024-09-11,10:45:00 pm,0,102.406,20.81,2024-09-11 10:45:00
2024-09-11,11:00:00 pm,0,102.393,20.788,2024-09-11 11:00:00
2024-09-11,11:15:00 pm,0,102.459,20.768,2024-09-11 11:15:00
2024-09-11,11:30:00 pm,0,102.429,20.749,2024-09-11 11:30:00
2024-09-11,11:45:00 pm,0,102.455,20.732,2024-09-11 11:45:00
2024-09-12,12:00:00 am,0,102.482,20.717,2024-09-12 12:00:00
2024-09-12,12:15:00 am,0,102.474,20.699,2024-09-12 12:15:00
2024-09-12,12:30:00 am,0,102.443,20.684,2024-09-12 12:30:00
2024-09-12,12:45:00 am,0,102.405,20.67,2024-09-12 12:45:00
2024-09-12,01:00:00 am,0,102.379,20.657,2024-09-12 01:00:00
2024-09-12,01:15:00 am,0,102.358,20.639,2024-09-12 01:15:00
2024-09-12,01:30:00 am,0,102.322,20.625,2024-09-12 01:30:00
2024-09-12,01:45:00 am,0,102.303,20.614,2024-09-12 01:45:00
2024-09-12,02:00:00 am,0,102.299,20.602,2024-09-12 02:00:00
2024-09-12,02:15:00 am,0,102.285,20.592,2024-09-12 02:15:00
2024-09-12,02:30:00 am,0,102.274,20.581,2024-09-12 02:30:00
2024-09-12,02:45:00 am,0,102.254,20.574,2024-09-12 02:45:00
2024-09-12,03:00:00 am,0,102.23,20.568,2024-09-12 03:00:00
2024-09-12,03:15:00 am,0,102.236,20.56,2024-09-12 03:15:00
2024-09-12,03:30:00 am,0,102.215,20.557,2024-09-12 03:30:00
2024-09-12,03:45:00 am,0,102.171,20.552,2024-09-12 03:45:00
2024-09-12,04:00:00 am,0,102.224,20.551,2024-09-12 04:00:00
2024-09-12,04:15:00 am,0,102.235,20.553,2024-09-12 04:15:00
2024-09-12,04:30:00 am,0,102.193,20.55,2024-09-12 04:30:00
2024-09-12,04:45:00 am,0,102.214,20.55,2024-09-12 04:45:00
2024-09-12,05:00:00 am,0,102.211,20.555,2024-09-12 05:00:00
2024-09-12,05:15:00 am,0,102.224,20.559,2024-09-12 05:15:00
2024-09-12,05:30:00 am,0,102.232,20.562,2024-09-12 05:30:00
2024-09-12,05:45:00 am,0,102.234,20.565,2024-09-12 05:45:00
2024-09-12,06:00:00 am,0,102.219,20.566,2024-09-12 06:00:00
2024-09-12,06:15:00 am,0,102.253,20.569,2024-09-12 06:15:00
2024-09-12,06:30:00 am,0,102.227,20.57,2024-09-12 06:30:00
2024-09-12,06:45:00 am,0,102.246,20.571,2024-09-12 06:45:00
2024-09-12,07:00:00 am,0,102.251,20.571,2024-09-12 07:00:00
2024-09-12,07:15:00 am,0,102.251,20.571,2024-09-12 07:15:00
2024-09-12,07:30:00 am,0,102.233,20.573,2024-09-12 07:30:00
2024-09-12,07:45:00 am,0,102.22,20.569,2024-09-12 07:45:00
2024-09-12,08:00:00 am,0,102.236,20.568,2024-09-12 08:00:00
2024-09-12,08:15:00 am,0,102.246,20.568,2024-09-12 08:15:00
2024-09-12,08:30:00 am,0,102.259,20.564,2024-09-12 08:30:00
2024-09-12,08:45:00 am,0,102.252,20.561,2024-09-12 08:45:00
2024-09-12,09:00:00 am,0,102.244,20.56,2024-09-12 09:00:00
2024-09-12,09:15:00 am,0,102.242,20.553,2024-09-12 09:15:00
2024-09-12,09:30:00 am,0,102.234,20.557,2024-09-12 09:30:00
2024-09-12,09:45:00 am,0,102.223,20.562,2024-09-12 09:45:00
2024-09-12,10:00:00 am,0,102.219,20.567,2024-09-12 10:00:00
2024-09-12,10:15:00 am,0,102.244,20.574,2024-09-12 10:15:00
2024-09-12,10:30:00 am,0,102.247,20.58,2024-09-12 10:30:00
2024-09-12,10:45:00 am,0,102.248,20.59,2024-09-12 10:45:00
2024-09-12,11:00:00 am,0,102.26,20.601,2024-09-12 11:00:00
2024-09-12,11:15:00 am,0,102.268,20.609,2024-09-12 11:15:00
2024-09-12,11:30:00 am,0,102.262,20.618,2024-09-12 11:30:00
2024-09-12,11:45:00 am,0,102.276,20.628,2024-09-12 11:45:00
2024-09-12,12:00:00 pm,0,102.278,20.639,2024-09-12 12:00:00
2024-09-12,12:15:00 pm,0,102.294,20.648,2024-09-12 12:15:00
2024-09-12,12:30:00 pm,0,102.295,20.667,2024-09-12 12:30:00
2024-09-12,12:45:00 pm,0,102.28,20.683,2024-09-12 12:45:00
2024-09-12,01:00:00 pm,0,102.286,20.696,2024-09-12 01:00:00
2024-09-12,01:15:00 pm,0,102.283,20.717,2024-09-12 01:15:00
2024-09-12,01:30:00 pm,0,102.281,20.734,2024-09-12 01:30:00
2024-09-12,01:45:00 pm,0,102.274,20.754,2024-09-12 01:45:00
2024-09-12,02:00:00 pm,0,102.293,20.767,2024-09-12 02:00:00
2024-09-12,02:15:00 pm,0,102.311,20.785,2024-09-12 02:15:00
2024-09-12,02:30:00 pm,0,102.348,20.803,2024-09-12 02:30:00
2024-09-12,02:45:00 pm,0,102.607,20.815,2024-09-12 02:45:00
2024-09-12,03:00:00 pm,0,102.774,20.904,2024-09-12 03:00:00
2024-09-12,03:15:00 pm,0,102.963,21.041,2024-09-12 03:15:00
2024-09-12,03:30:00 pm,0,103.1,21.107,2024-09-12 03:30:00
2024-09-12,03:45:00 pm,0,103.526,21.14,2024-09-12 03:45:00
2024-09-12,04:00:00 pm,0,104.114,21.264,2024-09-12 04:00:00
2024-09-12,04:15:00 pm,0,104.298,21.322,2024-09-12 04:15:00
2024-09-12,04:30:00 pm,0,104.329,21.436,2024-09-12 04:30:00
2024-09-12,04:45:00 pm,0,104.322,21.551,2024-09-12 04:45:00
2024-09-12,05:00:00 pm,0,104.312,21.652,2024-09-12 05:00:00
2024-09-12,05:15:00 pm,0,104.276,21.701,2024-09-12 05:15:00
2024-09-12,05:30:00 pm,0,104.253,21.723,2024-09-12 05:30:00
2024-09-12,05:45:00 pm,0,104.236,21.751,2024-09-12 05:45:00
2024-09-12,06:00:00 pm,0,104.243,21.781,2024-09-12 06:00:00
2024-09-12,06:15:00 pm,0,104.277,21.81,2024-09-12 06:15:00
2024-09-12,06:30:00 pm,0,104.319,21.826,2024-09-12 06:30:00
2024-09-12,06:45:00 pm,0,104.326,21.843,2024-09-12 06:45:00
2024-09-12,07:00:00 pm,0,104.349,21.857,2024-09-12 07:00:00
2024-09-12,07:15:00 pm,0,104.358,21.867,2024-09-12 07:15:00
2024-09-12,07:30:00 pm,0,104.365,21.874,2024-09-12 07:30:00
2024-09-12,07:45:00 pm,0,104.362,21.874,2024-09-12 07:45:00
2024-09-12,08:00:00 pm,0,104.347,21.873,2024-09-12 08:00:00
2024-09-12,08:15:00 pm,0,104.343,21.875,2024-09-12 08:15:00
2024-09-12,08:30:00 pm,0,104.333,21.869,2024-09-12 08:30:00
2024-09-12,08:45:00 pm,0,104.32,21.869,2024-09-12 08:45:00
2024-09-12,09:00:00 pm,0,104.292,21.875,2024-09-12 09:00:00
2024-09-12,09:15:00 pm,0,104.271,21.874,2024-09-12 09:15:00
2024-09-12,09:30:00 pm,0,104.235,21.872,2024-09-12 09:30:00
2024-09-12,09:45:00 pm,0,104.211,21.874,2024-09-12 09:45:00
2024-09-12,10:00:00 pm,0,104.191,21.87,2024-09-12 10:00:00
2024-09-12,10:15:00 pm,0,104.174,21.863,2024-09-12 10:15:00
2024-09-12,10:30:00 pm,0,104.147,21.856,2024-09-12 10:30:00
2024-09-12,10:45:00 pm,0,104.124,21.845,2024-09-12 10:45:00
2024-09-12,11:00:00 pm,0,104.099,21.839,2024-09-12 11:00:00
2024-09-12,11:15:00 pm,0,104.07,21.832,2024-09-12 11:15:00
2024-09-12,11:30:00 pm,0,104.045,21.829,2024-09-12 11:30:00
2024-09-12,11:45:00 pm,0,104.022,21.824,2024-09-12 11:45:00
2024-09-13,12:00:00 am,0,103.987,21.825,2024-09-13 12:00:00
2024-09-13,12:15:00 am,0,103.959,21.821,2024-09-13 12:15:00
2024-09-13,12:30:00 am,0,103.934,21.826,2024-09-13 12:30:00
2024-09-13,12:45:00 am,0,103.912,21.827,2024-09-13 12:45:00
2024-09-13,01:00:00 am,0,103.885,21.825,2024-09-13 01:00:00
2024-09-13,01:15:00 am,0,103.868,21.815,2024-09-13 01:15:00
2024-09-13,01:30:00 am,0,103.849,21.809,2024-09-13 01:30:00
2024-09-13,01:45:00 am,0,103.824,21.805,2024-09-13 01:45:00
2024-09-13,02:00:00 am,0,103.803,21.802,2024-09-13 02:00:00
2024-09-13,02:15:00 am,0,103.78,21.794,2024-09-13 02:15:00
2024-09-13,02:30:00 am,0,103.756,21.789,2024-09-13 02:30:00
2024-09-13,02:45:00 am,0,103.736,21.785,2024-09-13 02:45:00
2024-09-13,03:00:00 am,0,103.718,21.775,2024-09-13 03:00:00
2024-09-13,03:15:00 am,0,103.702,21.77,2024-09-13 03:15:00
2024-09-13,03:30:00 am,0,103.684,21.765,2024-09-13 03:30:00
2024-09-13,03:45:00 am,0,103.668,21.76,2024-09-13 03:45:00
2024-09-13,04:00:00 am,0,103.65,21.755,2024-09-13 04:00:00
2024-09-13,04:15:00 am,0,103.647,21.75,2024-09-13 04:15:00
2024-09-13,04:30:00 am,0,103.64,21.744,2024-09-13 04:30:00
2024-09-13,04:45:00 am,0,103.627,21.736,2024-09-13 04:45:00
2024-09-13,05:00:00 am,0,103.615,21.732,2024-09-13 05:00:00
2024-09-13,05:15:00 am,0,103.603,21.729,2024-09-13 05:15:00
2024-09-13,05:30:00 am,0,103.591,21.726,2024-09-13 05:30:00
2024-09-13,05:45:00 am,0,103.577,21.719,2024-09-13 05:45:00
2024-09-13,06:00:00 am,0,103.569,21.716,2024-09-13 06:00:00
2024-09-13,06:15:00 am,0,103.562,21.711,2024-09-13 06:15:00
2024-09-13,06:30:00 am,0,103.553,21.706,2024-09-13 06:30:00
2024-09-13,06:45:00 am,0,103.552,21.707,2024-09-13 06:45:00
2024-09-13,07:00:00 am,0,103.553,21.7,2024-09-13 07:00:00
2024-09-13,07:15:00 am,0,103.552,21.695,2024-09-13 07:15:00
2024-09-13,07:30:00 am,0,103.55,21.69,2024-09-13 07:30:00
2024-09-13,07:45:00 am,0,103.546,21.689,2024-09-13 07:45:00
2024-09-13,08:00:00 am,0,103.542,21.683,2024-09-13 08:00:00
2024-09-13,08:15:00 am,0,103.531,21.68,2024-09-13 08:15:00
2024-09-13,08:30:00 am,0,103.526,21.678,2024-09-13 08:30:00
2024-09-13,08:45:00 am,0,103.517,21.678,2024-09-13 08:45:00
2024-09-13,09:00:00 am,0,103.505,21.679,2024-09-13 09:00:00
2024-09-13,09:15:00 am,0,103.499,21.684,2024-09-13 09:15:00
2024-09-13,09:30:00 am,0,103.497,21.694,2024-09-13 09:30:00
2024-09-13,09:45:00 am,0,103.493,21.702,2024-09-13 09:45:00
2024-09-13,10:00:00 am,0,103.493,21.705,2024-09-13 10:00:00
2024-09-13,10:15:00 am,0,103.488,21.712,2024-09-13 10:15:00
2024-09-13,10:30:00 am,0,103.491,21.726,2024-09-13 10:30:00
2024-09-13,10:45:00 am,0,103.494,21.74,2024-09-13 10:45:00
2024-09-13,11:00:00 am,0,103.492,21.757,2024-09-13 11:00:00
2024-09-13,11:15:00 am,0,103.491,21.779,2024-09-13 11:15:00
2024-09-13,11:30:00 am,0,103.487,21.804,2024-09-13 11:30:00
2024-09-13,11:45:00 am,0,103.474,21.821,2024-09-13 11:45:00
2024-09-13,12:00:00 pm,0,103.46,21.842,2024-09-13 12:00:00
2024-09-13,12:15:00 pm,0,103.439,21.865,2024-09-13 12:15:00
2024-09-13,12:30:00 pm,0,103.412,21.901,2024-09-13 12:30:00
2024-09-13,12:45:00 pm,0,103.377,21.932,2024-09-13 12:45:00
2024-09-13,01:00:00 pm,0,103.341,21.97,2024-09-13 01:00:00
2024-09-13,01:15:00 pm,0,103.326,22.012,2024-09-13 01:15:00
2024-09-13,01:30:00 pm,0,103.319,22.062,2024-09-13 01:30:00
2024-09-13,01:45:00 pm,0,103.296,22.138,2024-09-13 01:45:00
2024-09-13,02:00:00 pm,0,103.259,22.186,2024-09-13 02:00:00
2024-09-13,02:15:00 pm,0,103.246,22.232,2024-09-13 02:15:00
2024-09-13,02:30:00 pm,0,103.217,22.272,2024-09-13 02:30:00
2024-09-13,02:45:00 pm,0,103.203,22.32,2024-09-13 02:45:00
2024-09-13,03:00:00 pm,0,103.206,22.357,2024-09-13 03:00:00
2024-09-13,03:15:00 pm,0,103.182,22.395,2024-09-13 03:15:00
2024-09-13,03:30:00 pm,0,103.147,22.432,2024-09-13 03:30:00
2024-09-13,03:45:00 pm,0,103.118,22.452,2024-09-13 03:45:00
2024-09-13,04:00:00 pm,0,103.128,22.475,2024-09-13 04:00:00
2024-09-13,04:15:00 pm,0,103.139,22.496,2024-09-13 04:15:00
2024-09-13,04:30:00 pm,0,103.161,22.506,2024-09-13 04:30:00
2024-09-13,04:45:00 pm,0,103.238,22.519,2024-09-13 04:45:00
2024-09-13,05:00:00 pm,0,103.23,22.537,2024-09-13 05:00:00
2024-09-13,05:15:00 pm,0,103.219,22.55,2024-09-13 05:15:00
2024-09-13,05:30:00 pm,0,103.214,22.559,2024-09-13 05:30:00
2024-09-13,05:45:00 pm,0,103.227,22.568,2024-09-13 05:45:00
2024-09-13,06:00:00 pm,0,103.207,22.576,2024-09-13 06:00:00
2024-09-13,06:15:00 pm,0,103.211,22.583,2024-09-13 06:15:00
2024-09-13,06:30:00 pm,0,103.198,22.585,2024-09-13 06:30:00
2024-09-13,06:45:00 pm,0,103.211,22.59,2024-09-13 06:45:00
2024-09-13,07:00:00 pm,0,103.183,22.592,2024-09-13 07:00:00
2024-09-13,07:15:00 pm,0,103.183,22.597,2024-09-13 07:15:00
2024-09-13,07:30:00 pm,0,103.184,22.592,2024-09-13 07:30:00
2024-09-13,07:45:00 pm,0,103.192,22.584,2024-09-13 07:45:00
2024-09-13,08:00:00 pm,0,103.203,22.571,2024-09-13 08:00:00
2024-09-13,08:15:00 pm,0,103.213,22.568,2024-09-13 08:15:00
2024-09-13,08:30:00 pm,0,103.216,22.559,2024-09-13 08:30:00
2024-09-13,08:45:00 pm,0,103.206,22.546,2024-09-13 08:45:00
2024-09-13,09:00:00 pm,0,103.22,22.533,2024-09-13 09:00:00
2024-09-13,09:15:00 pm,0,103.241,22.512,2024-09-13 09:15:00
2024-09-13,09:30:00 pm,0,103.245,22.48,2024-09-13 09:30:00
2024-09-13,09:45:00 pm,0,103.249,22.454,2024-09-13 09:45:00
2024-09-13,10:00:00 pm,0,103.266,22.43,2024-09-13 10:00:00
2024-09-13,10:15:00 pm,0,103.271,22.403,2024-09-13 10:15:00
2024-09-13,10:30:00 pm,0,103.298,22.374,2024-09-13 10:30:00
2024-09-13,10:45:00 pm,0,103.323,22.353,2024-09-13 10:45:00
2024-09-13,11:00:00 pm,0,103.326,22.329,2024-09-13 11:00:00
2024-09-13,11:15:00 pm,0,103.335,22.302,2024-09-13 11:15:00
2024-09-13,11:30:00 pm,0,103.336,22.275,2024-09-13 11:30:00
2024-09-13,11:45:00 pm,0,103.34,22.248,2024-09-13 11:45:00
2024-09-14,12:00:00 am,0,103.359,22.224,2024-09-14 12:00:00
2024-09-14,12:15:00 am,0,103.39,22.199,2024-09-14 12:15:00
2024-09-14,12:30:00 am,0,103.4,22.174,2024-09-14 12:30:00
2024-09-14,12:45:00 am,0,103.427,22.151,2024-09-14 12:45:00
2024-09-14,01:00:00 am,0,103.475,22.122,2024-09-14 01:00:00
2024-09-14,01:15:00 am,0,103.532,22.095,2024-09-14 01:15:00
2024-09-14,01:30:00 am,0,103.664,22.063,2024-09-14 01:30:00
2024-09-14,01:45:00 am,0,103.84,22.035,2024-09-14 01:45:00
2024-09-14,02:00:00 am,0,104.037,22.012,2024-09-14 02:00:00
2024-09-14,02:15:00 am,0,104.184,21.981,2024-09-14 02:15:00
2024-09-14,02:30:00 am,0,104.317,21.959,2024-09-14 02:30:00
2024-09-14,02:45:00 am,0,104.368,21.951,2024-09-14 02:45:00
2024-09-14,03:00:00 am,0,104.376,21.962,2024-09-14 03:00:00
2024-09-14,03:15:00 am,0,104.347,21.97,2024-09-14 03:15:00
2024-09-14,03:30:00 am,0,104.376,21.972,2024-09-14 03:30:00
2024-09-14,03:45:00 am,0,104.35,21.974,2024-09-14 03:45:00
2024-09-14,04:00:00 am,0,104.339,21.969,2024-09-14 04:00:00
2024-09-14,04:15:00 am,0,104.318,21.964,2024-09-14 04:15:00
2024-09-14,04:30:00 am,0,104.31,21.959,2024-09-14 04:30:00
2024-09-14,04:45:00 am,0,104.327,21.954,2024-09-14 04:45:00
2024-09-14,05:00:00 am,0,104.359,21.947,2024-09-14 05:00:00
2024-09-14,05:15:00 am,0,104.387,21.941,2024-09-14 05:15:00
2024-09-14,05:30:00 am,0,104.414,21.935,2024-09-14 05:30:00
2024-09-14,05:45:00 am,0,104.441,21.929,2024-09-14 05:45:00
2024-09-14,06:00:00 am,0,104.46,21.921,2024-09-14 06:00:00
2024-09-14,06:15:00 am,0,104.461,21.913,2024-09-14 06:15:00
2024-09-14,06:30:00 am,0,104.47,21.907,2024-09-14 06:30:00
2024-09-14,06:45:00 am,0,104.473,21.893,2024-09-14 06:45:00
2024-09-14,07:00:00 am,0,104.464,21.882,2024-09-14 07:00:00
2024-09-14,07:15:00 am,0,104.463,21.869,2024-09-14 07:15:00
2024-09-14,07:30:00 am,0,104.446,21.856,2024-09-14 07:30:00
2024-09-14,07:45:00 am,0,104.428,21.844,2024-09-14 07:45:00
2024-09-14,08:00:00 am,0,104.401,21.831,2024-09-14 08:00:00
2024-09-14,08:15:00 am,0,104.381,21.819,2024-09-14 08:15:00
2024-09-14,08:30:00 am,0,104.357,21.812,2024-09-14 08:30:00
2024-09-14,08:45:00 am,0,104.337,21.807,2024-09-14 08:45:00
2024-09-14,09:00:00 am,0,104.319,21.803,2024-09-14 09:00:00
2024-09-14,09:15:00 am,0,104.299,21.802,2024-09-14 09:15:00
2024-09-14,09:30:00 am,0,104.278,21.802,2024-09-14 09:30:00
2024-09-14,09:45:00 am,0,104.249,21.802,2024-09-14 09:45:00
2024-09-14,10:00:00 am,0,104.226,21.805,2024-09-14 10:00:00
2024-09-14,10:15:00 am,0,104.199,21.807,2024-09-14 10:15:00
2024-09-14,10:30:00 am,0,104.165,21.818,2024-09-14 10:30:00
2024-09-14,10:45:00 am,0,104.139,21.834,2024-09-14 10:45:00
2024-09-14,11:00:00 am,0,104.116,21.854,2024-09-14 11:00:00
2024-09-14,11:15:00 am,0,104.1,21.885,2024-09-14 11:15:00
2024-09-14,11:30:00 am,0,104.085,21.912,2024-09-14 11:30:00
2024-09-14,11:45:00 am,0,104.063,21.938,2024-09-14 11:45:00
2024-09-14,12:00:00 pm,0,104.042,21.966,2024-09-14 12:00:00
2024-09-14,12:15:00 pm,0,104.019,21.992,2024-09-14 12:15:00
2024-09-14,12:30:00 pm,0,103.992,22.018,2024-09-14 12:30:00
2024-09-14,12:45:00 pm,0,103.973,22.038,2024-09-14 12:45:00
2024-09-14,01:00:00 pm,0,103.957,22.06,2024-09-14 01:00:00
2024-09-14,01:15:00 pm,0,103.938,22.089,2024-09-14 01:15:00
2024-09-14,01:30:00 pm,0,103.922,22.109,2024-09-14 01:30:00
2024-09-14,01:45:00 pm,0,103.895,22.133,2024-09-14 01:45:00
2024-09-14,02:00:00 pm,0,103.869,22.153,2024-09-14 02:00:00
2024-09-14,02:15:00 pm,0,103.834,22.181,2024-09-14 02:15:00
2024-09-14,02:30:00 pm,0,103.804,22.218,2024-09-14 02:30:00
2024-09-14,02:45:00 pm,0,103.778,22.252,2024-09-14 02:45:00
2024-09-14,03:00:00 pm,0,103.78,22.274,2024-09-14 03:00:00
2024-09-14,03:15:00 pm,0,103.79,22.291,2024-09-14 03:15:00
2024-09-14,03:30:00 pm,0,103.766,22.303,2024-09-14 03:30:00
2024-09-14,03:45:00 pm,0,103.76,22.315,2024-09-14 03:45:00
2024-09-14,04:00:00 pm,0,103.753,22.319,2024-09-14 04:00:00
2024-09-14,04:15:00 pm,0,103.738,22.322,2024-09-14 04:15:00
2024-09-14,04:30:00 pm,0,103.719,22.328,2024-09-14 04:30:00
2024-09-14,04:45:00 pm,0,103.696,22.329,2024-09-14 04:45:00
2024-09-14,05:00:00 pm,0,103.686,22.338,2024-09-14 05:00:00
2024-09-14,05:15:00 pm,0,103.683,22.353,2024-09-14 05:15:00
2024-09-14,05:30:00 pm,0,103.699,22.363,2024-09-14 05:30:00
2024-09-14,05:45:00 pm,0,103.735,22.371,2024-09-14 05:45:00
2024-09-14,06:00:00 pm,0,103.757,22.372,2024-09-14 06:00:00
2024-09-14,06:15:00 pm,0,103.77,22.368,2024-09-14 06:15:00
2024-09-14,06:30:00 pm,0,103.779,22.36,2024-09-14 06:30:00
2024-09-14,06:45:00 pm,0,103.783,22.349,2024-09-14 06:45:00
2024-09-14,07:00:00 pm,0,103.785,22.34,2024-09-14 07:00:00
2024-09-14,07:15:00 pm,0,103.785,22.337,2024-09-14 07:15:00
2024-09-14,07:30:00 pm,0,103.776,22.331,2024-09-14 07:30:00
2024-09-14,07:45:00 pm,0,103.772,22.328,2024-09-14 07:45:00
2024-09-14,08:00:00 pm,0,103.772,22.322,2024-09-14 08:00:00
2024-09-14,08:15:00 pm,0,103.757,22.31,2024-09-14 08:15:00
2024-09-14,08:30:00 pm,0,103.743,22.296,2024-09-14 08:30:00
2024-09-14,08:45:00 pm,0,103.735,22.282,2024-09-14 08:45:00
2024-09-14,09:00:00 pm,0,103.744,22.265,2024-09-14 09:00:00
2024-09-14,09:15:00 pm,0,103.738,22.247,2024-09-14 09:15:00
2024-09-14,09:30:00 pm,0,103.742,22.229,2024-09-14 09:30:00
2024-09-14,09:45:00 pm,0,103.746,22.206,2024-09-14 09:45:00
2024-09-14,10:00:00 pm,0,103.749,22.186,2024-09-14 10:00:00
2024-09-14,10:15:00 pm,0,103.743,22.165,2024-09-14 10:15:00
2024-09-14,10:30:00 pm,0,103.736,22.148,2024-09-14 10:30:00
2024-09-14,10:45:00 pm,0,103.738,22.127,2024-09-14 10:45:00
2024-09-14,11:00:00 pm,0,103.735,22.106,2024-09-14 11:00:00
2024-09-14,11:15:00 pm,0,103.729,22.088,2024-09-14 11:15:00
2024-09-14,11:30:00 pm,0,103.721,22.069,2024-09-14 11:30:00
2024-09-14,11:45:00 pm,0,103.706,22.049,2024-09-14 11:45:00
2024-09-15,12:00:00 am,0,103.693,22.033,2024-09-15 12:00:00
2024-09-15,12:15:00 am,0,103.684,22.017,2024-09-15 12:15:00
2024-09-15,12:30:00 am,0,103.675,21.999,2024-09-15 12:30:00
2024-09-15,12:45:00 am,0,103.667,21.984,2024-09-15 12:45:00
2024-09-15,01:00:00 am,0,103.656,21.972,2024-09-15 01:00:00
2024-09-15,01:15:00 am,0,103.642,21.957,2024-09-15 01:15:00
2024-09-15,01:30:00 am,0,103.635,21.945,2024-09-15 01:30:00
2024-09-15,01:45:00 am,0,103.619,21.933,2024-09-15 01:45:00
2024-09-15,02:00:00 am,0,103.607,21.92,2024-09-15 02:00:00
2024-09-15,02:15:00 am,0,103.597,21.909,2024-09-15 02:15:00
2024-09-15,02:30:00 am,0,103.586,21.896,2024-09-15 02:30:00
2024-09-15,02:45:00 am,0,103.574,21.884,2024-09-15 02:45:00
2024-09-15,03:00:00 am,0,103.563,21.868,2024-09-15 03:00:00
2024-09-15,03:15:00 am,0,103.546,21.855,2024-09-15 03:15:00
2024-09-15,03:30:00 am,0,103.53,21.84,2024-09-15 03:30:00
2024-09-15,03:45:00 am,0,103.52,21.828,2024-09-15 03:45:00
2024-09-15,04:00:00 am,0,103.512,21.816,2024-09-15 04:00:00
2024-09-15,04:15:00 am,0,103.504,21.807,2024-09-15 04:15:00
2024-09-15,04:30:00 am,0,103.502,21.794,2024-09-15 04:30:00
2024-09-15,04:45:00 am,0,103.497,21.786,2024-09-15 04:45:00
2024-09-15,05:00:00 am,0,103.509,21.777,2024-09-15 05:00:00
2024-09-15,05:15:00 am,0,103.508,21.768,2024-09-15 05:15:00
2024-09-15,05:30:00 am,0,103.514,21.762,2024-09-15 05:30:00
2024-09-15,05:45:00 am,0,103.527,21.753,2024-09-15 05:45:00
2024-09-15,06:00:00 am,0,103.534,21.744,2024-09-15 06:00:00
2024-09-15,06:15:00 am,0,103.539,21.737,2024-09-15 06:15:00
2024-09-15,06:30:00 am,0,103.543,21.728,2024-09-15 06:30:00
2024-09-15,06:45:00 am,0,103.548,21.722,2024-09-15 06:45:00
2024-09-15,07:00:00 am,0,103.552,21.713,2024-09-15 07:00:00
2024-09-15,07:15:00 am,0,103.554,21.706,2024-09-15 07:15:00
2024-09-15,07:30:00 am,0,103.549,21.699,2024-09-15 07:30:00
2024-09-15,07:45:00 am,0,103.55,21.693,2024-09-15 07:45:00
2024-09-15,08:00:00 am,0,103.552,21.688,2024-09-15 08:00:00
2024-09-15,08:15:00 am,0,103.562,21.683,2024-09-15 08:15:00
2024-09-15,08:30:00 am,0,103.566,21.678,2024-09-15 08:30:00
2024-09-15,08:45:00 am,0,103.567,21.672,2024-09-15 08:45:00
2024-09-15,09:00:00 am,0,103.563,21.667,2024-09-15 09:00:00
2024-09-15,09:15:00 am,0,103.569,21.666,2024-09-15 09:15:00
2024-09-15,09:30:00 am,0,103.576,21.661,2024-09-15 09:30:00
2024-09-15,09:45:00 am,0,103.582,21.66,2024-09-15 09:45:00
2024-09-15,10:00:00 am,0,103.595,21.66,2024-09-15 10:00:00
2024-09-15,10:15:00 am,0,103.597,21.659,2024-09-15 10:15:00
2024-09-15,10:30:00 am,0,103.602,21.665,2024-09-15 10:30:00
2024-09-15,10:45:00 am,0,103.611,21.671,2024-09-15 10:45:00
2024-09-15,11:00:00 am,0,103.618,21.68,2024-09-15 11:00:00
2024-09-15,11:15:00 am,0,103.622,21.685,2024-09-15 11:15:00
2024-09-15,11:30:00 am,0,103.618,21.692,2024-09-15 11:30:00
2024-09-15,11:45:00 am,0,103.617,21.703,2024-09-15 11:45:00
2024-09-15,12:00:00 pm,0,103.611,21.709,2024-09-15 12:00:00
2024-09-15,12:15:00 pm,0,103.609,21.717,2024-09-15 12:15:00
2024-09-15,12:30:00 pm,0,103.606,21.724,2024-09-15 12:30:00
2024-09-15,12:45:00 pm,0,103.589,21.727,2024-09-15 12:45:00
2024-09-15,01:00:00 pm,0,103.573,21.743,2024-09-15 01:00:00
2024-09-15,01:15:00 pm,0,103.56,21.766,2024-09-15 01:15:00
2024-09-15,01:30:00 pm,0,103.553,21.789,2024-09-15 01:30:00
2024-09-15,01:45:00 pm,0,103.543,21.809,2024-09-15 01:45:00
2024-09-15,02:00:00 pm,0,103.532,21.826,2024-09-15 02:00:00
2024-09-15,02:15:00 pm,0,103.523,21.839,2024-09-15 02:15:00
2024-09-15,02:30:00 pm,0,103.517,21.852,2024-09-15 02:30:00
2024-09-15,02:45:00 pm,0,103.513,21.861,2024-09-15 02:45:00
2024-09-15,03:00:00 pm,0,103.511,21.876,2024-09-15 03:00:00
2024-09-15,03:15:00 pm,0,103.505,21.886,2024-09-15 03:15:00
2024-09-15,03:30:00 pm,0,103.502,21.9,2024-09-15 03:30:00
2024-09-15,03:45:00 pm,0,103.492,21.909,2024-09-15 03:45:00
2024-09-15,04:00:00 pm,0,103.497,21.926,2024-09-15 04:00:00
2024-09-15,04:15:00 pm,0,103.503,21.936,2024-09-15 04:15:00
2024-09-15,04:30:00 pm,0,103.507,21.947,2024-09-15 04:30:00
2024-09-15,04:45:00 pm,0,103.507,21.95,2024-09-15 04:45:00
2024-09-15,05:00:00 pm,0,103.507,21.958,2024-09-15 05:00:00
2024-09-15,05:15:00 pm,0,103.506,21.962,2024-09-15 05:15:00
2024-09-15,05:30:00 pm,0,103.5,21.968,2024-09-15 05:30:00
2024-09-15,05:45:00 pm,0,103.498,21.976,2024-09-15 05:45:00
2024-09-15,06:00:00 pm,0,103.498,21.98,2024-09-15 06:00:00
2024-09-15,06:15:00 pm,0,103.493,21.982,2024-09-15 06:15:00
2024-09-15,06:30:00 pm,0,103.485,21.985,2024-09-15 06:30:00
2024-09-15,06:45:00 pm,0,103.484,21.988,2024-09-15 06:45:00
2024-09-15,07:00:00 pm,0,103.482,21.984,2024-09-15 07:00:00
2024-09-15,07:15:00 pm,0,103.478,21.983,2024-09-15 07:15:00
2024-09-15,07:30:00 pm,0,103.477,21.983,2024-09-15 07:30:00
2024-09-15,07:45:00 pm,0,103.481,21.981,2024-09-15 07:45:00
2024-09-15,08:00:00 pm,0,103.48,21.979,2024-09-15 08:00:00
2024-09-15,08:15:00 pm,0,103.496,21.976,2024-09-15 08:15:00
2024-09-15,08:30:00 pm,0,103.557,21.968,2024-09-15 08:30:00
2024-09-15,08:45:00 pm,0,103.621,21.953,2024-09-15 08:45:00
2024-09-15,09:00:00 pm,0,103.668,21.931,2024-09-15 09:00:00
2024-09-15,09:15:00 pm,0,103.725,21.916,2024-09-15 09:15:00
2024-09-15,09:30:00 pm,0,103.792,21.907,2024-09-15 09:30:00
2024-09-15,09:45:00 pm,0,103.892,21.9,2024-09-15 09:45:00
2024-09-15,10:00:00 pm,0,104.249,21.895,2024-09-15 10:00:00
2024-09-15,10:15:00 pm,0,104.622,21.886,2024-09-15 10:15:00
2024-09-15,10:30:00 pm,0,104.731,21.86,2024-09-15 10:30:00
2024-09-15,10:45:00 pm,0,104.79,21.864,2024-09-15 10:45:00
2024-09-15,11:00:00 pm,0,104.777,21.898,2024-09-15 11:00:00
2024-09-15,11:15:00 pm,0,104.776,21.928,2024-09-15 11:15:00
2024-09-15,11:30:00 pm,0,104.746,21.939,2024-09-15 11:30:00
2024-09-15,11:45:00 pm,0,104.714,21.943,2024-09-15 11:45:00
2024-09-16,12:00:00 am,0,104.69,21.939,2024-09-16 12:00:00
2024-09-16,12:15:00 am,0,104.661,21.937,2024-09-16 12:15:00
2024-09-16,12:30:00 am,0,104.624,21.934,2024-09-16 12:30:00
2024-09-16,12:45:00 am,0,104.597,21.932,2024-09-16 12:45:00
2024-09-16,01:00:00 am,0,104.562,21.925,2024-09-16 01:00:00
2024-09-16,01:15:00 am,0,104.53,21.918,2024-09-16 01:15:00
2024-09-16,01:30:00 am,0,104.498,21.908,2024-09-16 01:30:00
2024-09-16,01:45:00 am,0,104.479,21.901,2024-09-16 01:45:00
2024-09-16,02:00:00 am,0,104.45,21.894,2024-09-16 02:00:00
2024-09-16,02:15:00 am,0,104.416,21.885,2024-09-16 02:15:00
2024-09-16,02:30:00 am,0,104.394,21.875,2024-09-16 02:30:00
2024-09-16,02:45:00 am,0,104.377,21.869,2024-09-16 02:45:00
2024-09-16,03:00:00 am,0,104.353,21.858,2024-09-16 03:00:00
2024-09-16,03:15:00 am,0,104.336,21.847,2024-09-16 03:15:00
2024-09-16,03:30:00 am,0,104.323,21.838,2024-09-16 03:30:00
2024-09-16,03:45:00 am,0,104.308,21.826,2024-09-16 03:45:00
2024-09-16,04:00:00 am,0,104.29,21.818,2024-09-16 04:00:00
2024-09-16,04:15:00 am,0,104.275,21.806,2024-09-16 04:15:00
2024-09-16,04:30:00 am,0,104.257,21.793,2024-09-16 04:30:00
2024-09-16,04:45:00 am,0,104.234,21.782,2024-09-16 04:45:00
2024-09-16,05:00:00 am,0,104.225,21.768,2024-09-16 05:00:00
2024-09-16,05:15:00 am,0,104.206,21.757,2024-09-16 05:15:00
2024-09-16,05:30:00 am,0,104.19,21.743,2024-09-16 05:30:00
2024-09-16,05:45:00 am,0,104.176,21.73,2024-09-16 05:45:00
2024-09-16,06:00:00 am,0,104.167,21.713,2024-09-16 06:00:00
2024-09-16,06:15:00 am,0,104.161,21.696,2024-09-16 06:15:00
2024-09-16,06:30:00 am,0,104.157,21.683,2024-09-16 06:30:00
2024-09-16,06:45:00 am,0,104.145,21.668,2024-09-16 06:45:00
2024-09-16,07:00:00 am,0,104.143,21.648,2024-09-16 07:00:00
2024-09-16,07:15:00 am,0,104.119,21.632,2024-09-16 07:15:00
2024-09-16,07:30:00 am,0,104.107,21.617,2024-09-16 07:30:00
2024-09-16,07:45:00 am,0,104.1,21.605,2024-09-16 07:45:00
2024-09-16,08:00:00 am,0,104.103,21.596,2024-09-16 08:00:00
2024-09-16,08:15:00 am,0,104.107,21.583,2024-09-16 08:15:00
2024-09-16,08:30:00 am,0,104.119,21.575,2024-09-16 08:30:00
2024-09-16,08:45:00 am,0,104.107,21.567,2024-09-16 08:45:00
2024-09-16,09:00:00 am,0,104.081,21.559,2024-09-16 09:00:00
2024-09-16,09:15:00 am,0,104.075,21.555,2024-09-16 09:15:00
2024-09-16,09:30:00 am,0,104.064,21.557,2024-09-16 09:30:00
2024-09-16,09:45:00 am,0,104.053,21.558,2024-09-16 09:45:00
2024-09-16,10:00:00 am,0,104.039,21.561,2024-09-16 10:00:00
2024-09-16,10:15:00 am,0,104.021,21.57,2024-09-16 10:15:00
2024-09-16,10:30:00 am,0,104.018,21.582,2024-09-16 10:30:00
2024-09-16,10:45:00 am,0,104.017,21.595,2024-09-16 10:45:00
2024-09-16,11:00:00 am,0,104.02,21.609,2024-09-16 11:00:00
2024-09-16,11:15:00 am,0,104.016,21.623,2024-09-16 11:15:00
2024-09-16,11:30:00 am,0,100.787,21.666,2024-09-16 11:30:00
