Date,Time,ms,LEVEL,TEMPERATURE,DateTime
2024-06-18,08:00:00 am,0,101.878,22.046,2024-06-18 08:00:00
2024-06-18,08:15:00 am,0,101.896,21.775,2024-06-18 08:15:00
2024-06-18,08:30:00 am,0,101.919,21.769,2024-06-18 08:30:00
2024-06-18,08:45:00 am,0,101.955,21.861,2024-06-18 08:45:00
2024-06-18,09:00:00 am,0,101.975,21.97,2024-06-18 09:00:00
2024-06-18,09:15:00 am,0,101.981,22.056,2024-06-18 09:15:00
2024-06-18,09:30:00 am,0,101.976,22.1,2024-06-18 09:30:00
2024-06-18,09:45:00 am,0,101.969,22.146,2024-06-18 09:45:00
2024-06-18,10:00:00 am,0,101.967,22.277,2024-06-18 10:00:00
2024-06-18,10:15:00 am,0,101.979,22.439,2024-06-18 10:15:00
2024-06-18,10:30:00 am,0,101.973,22.563,2024-06-18 10:30:00
2024-06-18,10:45:00 am,0,101.957,22.698,2024-06-18 10:45:00
2024-06-18,11:00:00 am,0,101.953,22.8,2024-06-18 11:00:00
2024-06-18,11:15:00 am,0,101.952,22.873,2024-06-18 11:15:00
2024-06-18,11:30:00 am,0,101.962,23.004,2024-06-18 11:30:00
2024-06-18,11:45:00 am,0,101.962,23.189,2024-06-18 11:45:00
2024-06-18,12:00:00 pm,0,101.953,23.312,2024-06-18 12:00:00
2024-06-18,12:15:00 pm,0,101.972,23.395,2024-06-18 12:15:00
2024-06-18,12:30:00 pm,0,101.971,23.556,2024-06-18 12:30:00
2024-06-18,12:45:00 pm,0,101.959,23.657,2024-06-18 12:45:00
2024-06-18,01:00:00 pm,0,101.957,23.737,2024-06-18 01:00:00
2024-06-18,01:15:00 pm,0,101.927,23.819,2024-06-18 01:15:00
2024-06-18,01:30:00 pm,0,101.896,23.98,2024-06-18 01:30:00
2024-06-18,01:45:00 pm,0,101.866,24.185,2024-06-18 01:45:00
2024-06-18,02:00:00 pm,0,101.847,24.296,2024-06-18 02:00:00
2024-06-18,02:15:00 pm,0,101.844,24.317,2024-06-18 02:15:00
2024-06-18,02:30:00 pm,0,101.832,24.247,2024-06-18 02:30:00
2024-06-18,02:45:00 pm,0,101.817,24.112,2024-06-18 02:45:00
2024-06-18,03:00:00 pm,0,101.804,24.115,2024-06-18 03:00:00
2024-06-18,03:15:00 pm,0,101.797,24.156,2024-06-18 03:15:00
2024-06-18,03:30:00 pm,0,101.799,24.142,2024-06-18 03:30:00
2024-06-18,03:45:00 pm,0,101.791,24.085,2024-06-18 03:45:00
2024-06-18,04:00:00 pm,0,101.772,24.061,2024-06-18 04:00:00
2024-06-18,04:15:00 pm,0,101.755,24.028,2024-06-18 04:15:00
2024-06-18,04:30:00 pm,0,101.745,23.992,2024-06-18 04:30:00
2024-06-18,04:45:00 pm,0,101.74,23.952,2024-06-18 04:45:00
2024-06-18,05:00:00 pm,0,101.73,23.907,2024-06-18 05:00:00
2024-06-18,05:15:00 pm,0,101.723,23.863,2024-06-18 05:15:00
2024-06-18,05:30:00 pm,0,101.722,23.823,2024-06-18 05:30:00
2024-06-18,05:45:00 pm,0,101.714,23.782,2024-06-18 05:45:00
2024-06-18,06:00:00 pm,0,101.715,23.742,2024-06-18 06:00:00
2024-06-18,06:15:00 pm,0,101.72,23.702,2024-06-18 06:15:00
2024-06-18,06:30:00 pm,0,101.731,23.663,2024-06-18 06:30:00
2024-06-18,06:45:00 pm,0,101.738,23.615,2024-06-18 06:45:00
2024-06-18,07:00:00 pm,0,101.746,23.566,2024-06-18 07:00:00
2024-06-18,07:15:00 pm,0,101.752,23.518,2024-06-18 07:15:00
2024-06-18,07:30:00 pm,0,101.754,23.465,2024-06-18 07:30:00
2024-06-18,07:45:00 pm,0,101.753,23.409,2024-06-18 07:45:00
2024-06-18,08:00:00 pm,0,101.754,23.349,2024-06-18 08:00:00
2024-06-18,08:15:00 pm,0,101.749,23.286,2024-06-18 08:15:00
2024-06-18,08:30:00 pm,0,101.757,23.222,2024-06-18 08:30:00
2024-06-18,08:45:00 pm,0,101.761,23.148,2024-06-18 08:45:00
2024-06-18,09:00:00 pm,0,101.763,23.072,2024-06-18 09:00:00
2024-06-18,09:15:00 pm,0,101.769,23,2024-06-18 09:15:00
2024-06-18,09:30:00 pm,0,101.759,22.921,2024-06-18 09:30:00
2024-06-18,09:45:00 pm,0,101.756,22.841,2024-06-18 09:45:00
2024-06-18,10:00:00 pm,0,101.753,22.768,2024-06-18 10:00:00
2024-06-18,10:15:00 pm,0,101.759,22.701,2024-06-18 10:15:00
2024-06-18,10:30:00 pm,0,101.768,22.632,2024-06-18 10:30:00
2024-06-18,10:45:00 pm,0,101.767,22.567,2024-06-18 10:45:00
2024-06-18,11:00:00 pm,0,101.767,22.507,2024-06-18 11:00:00
2024-06-18,11:15:00 pm,0,101.769,22.454,2024-06-18 11:15:00
2024-06-18,11:30:00 pm,0,101.78,22.4,2024-06-18 11:30:00
2024-06-18,11:45:00 pm,0,101.772,22.354,2024-06-18 11:45:00
2024-06-19,12:00:00 am,0,101.783,22.317,2024-06-19 12:00:00
2024-06-19,12:15:00 am,0,101.78,22.291,2024-06-19 12:15:00
2024-06-19,12:30:00 am,0,101.791,22.272,2024-06-19 12:30:00
2024-06-19,12:45:00 am,0,101.785,22.251,2024-06-19 12:45:00
2024-06-19,01:00:00 am,0,101.789,22.224,2024-06-19 01:00:00
2024-06-19,01:15:00 am,0,101.779,22.191,2024-06-19 01:15:00
2024-06-19,01:30:00 am,0,101.783,22.162,2024-06-19 01:30:00
2024-06-19,01:45:00 am,0,101.784,22.125,2024-06-19 01:45:00
2024-06-19,02:00:00 am,0,101.795,22.087,2024-06-19 02:00:00
2024-06-19,02:15:00 am,0,101.795,22.048,2024-06-19 02:15:00
2024-06-19,02:30:00 am,0,101.796,22.011,2024-06-19 02:30:00
2024-06-19,02:45:00 am,0,101.799,21.972,2024-06-19 02:45:00
2024-06-19,03:00:00 am,0,101.806,21.935,2024-06-19 03:00:00
2024-06-19,03:15:00 am,0,101.812,21.903,2024-06-19 03:15:00
2024-06-19,03:30:00 am,0,101.821,21.866,2024-06-19 03:30:00
2024-06-19,03:45:00 am,0,101.819,21.839,2024-06-19 03:45:00
2024-06-19,04:00:00 am,0,101.83,21.803,2024-06-19 04:00:00
2024-06-19,04:15:00 am,0,101.843,21.773,2024-06-19 04:15:00
2024-06-19,04:30:00 am,0,101.858,21.742,2024-06-19 04:30:00
2024-06-19,04:45:00 am,0,101.895,21.71,2024-06-19 04:45:00
2024-06-19,05:00:00 am,0,101.903,21.678,2024-06-19 05:00:00
2024-06-19,05:15:00 am,0,101.927,21.645,2024-06-19 05:15:00
2024-06-19,05:30:00 am,0,101.952,21.618,2024-06-19 05:30:00
2024-06-19,05:45:00 am,0,101.982,21.599,2024-06-19 05:45:00
2024-06-19,06:00:00 am,0,102.003,21.578,2024-06-19 06:00:00
2024-06-19,06:15:00 am,0,102.012,21.557,2024-06-19 06:15:00
2024-06-19,06:30:00 am,0,102.023,21.534,2024-06-19 06:30:00
2024-06-19,06:45:00 am,0,102.038,21.516,2024-06-19 06:45:00
2024-06-19,07:00:00 am,0,102.05,21.513,2024-06-19 07:00:00
2024-06-19,07:15:00 am,0,102.07,21.52,2024-06-19 07:15:00
2024-06-19,07:30:00 am,0,102.103,21.527,2024-06-19 07:30:00
2024-06-19,07:45:00 am,0,102.118,21.536,2024-06-19 07:45:00
2024-06-19,08:00:00 am,0,102.126,21.552,2024-06-19 08:00:00
2024-06-19,08:15:00 am,0,102.136,21.581,2024-06-19 08:15:00
2024-06-19,08:30:00 am,0,102.157,21.656,2024-06-19 08:30:00
2024-06-19,08:45:00 am,0,102.185,21.774,2024-06-19 08:45:00
2024-06-19,09:00:00 am,0,102.205,21.915,2024-06-19 09:00:00
2024-06-19,09:15:00 am,0,102.219,22.008,2024-06-19 09:15:00
2024-06-19,09:30:00 am,0,102.221,22.079,2024-06-19 09:30:00
2024-06-19,09:45:00 am,0,102.234,22.149,2024-06-19 09:45:00
2024-06-19,10:00:00 am,0,102.247,22.212,2024-06-19 10:00:00
2024-06-19,10:15:00 am,0,102.261,22.308,2024-06-19 10:15:00
2024-06-19,10:30:00 am,0,102.266,22.385,2024-06-19 10:30:00
2024-06-19,10:45:00 am,0,102.28,22.478,2024-06-19 10:45:00
2024-06-19,11:00:00 am,0,102.277,22.597,2024-06-19 11:00:00
2024-06-19,11:15:00 am,0,102.285,22.705,2024-06-19 11:15:00
2024-06-19,11:30:00 am,0,102.289,22.819,2024-06-19 11:30:00
2024-06-19,11:45:00 am,0,102.288,22.92,2024-06-19 11:45:00
2024-06-19,12:00:00 pm,0,102.298,23.039,2024-06-19 12:00:00
2024-06-19,12:15:00 pm,0,102.297,23.124,2024-06-19 12:15:00
2024-06-19,12:30:00 pm,0,102.299,23.204,2024-06-19 12:30:00
2024-06-19,12:45:00 pm,0,102.296,23.354,2024-06-19 12:45:00
2024-06-19,01:00:00 pm,0,102.284,23.554,2024-06-19 01:00:00
2024-06-19,01:15:00 pm,0,102.227,23.709,2024-06-19 01:15:00
2024-06-19,01:30:00 pm,0,102.188,23.907,2024-06-19 01:30:00
2024-06-19,01:45:00 pm,0,102.183,23.959,2024-06-19 01:45:00
2024-06-19,02:00:00 pm,0,102.163,24.021,2024-06-19 02:00:00
2024-06-19,02:15:00 pm,0,102.146,24.054,2024-06-19 02:15:00
2024-06-19,02:30:00 pm,0,102.133,24.013,2024-06-19 02:30:00
2024-06-19,02:45:00 pm,0,102.112,23.96,2024-06-19 02:45:00
2024-06-19,03:00:00 pm,0,102.097,23.946,2024-06-19 03:00:00
2024-06-19,03:15:00 pm,0,102.076,23.933,2024-06-19 03:15:00
2024-06-19,03:30:00 pm,0,102.064,23.909,2024-06-19 03:30:00
2024-06-19,03:45:00 pm,0,102.056,23.878,2024-06-19 03:45:00
2024-06-19,04:00:00 pm,0,102.047,23.852,2024-06-19 04:00:00
2024-06-19,04:15:00 pm,0,102.038,23.846,2024-06-19 04:15:00
2024-06-19,04:30:00 pm,0,102.039,23.81,2024-06-19 04:30:00
2024-06-19,04:45:00 pm,0,102.03,23.763,2024-06-19 04:45:00
2024-06-19,05:00:00 pm,0,102.02,23.741,2024-06-19 05:00:00
2024-06-19,05:15:00 pm,0,102.007,23.732,2024-06-19 05:15:00
2024-06-19,05:30:00 pm,0,102.01,23.72,2024-06-19 05:30:00
2024-06-19,05:45:00 pm,0,102.013,23.707,2024-06-19 05:45:00
2024-06-19,06:00:00 pm,0,102.023,23.706,2024-06-19 06:00:00
2024-06-19,06:15:00 pm,0,102.028,23.686,2024-06-19 06:15:00
2024-06-19,06:30:00 pm,0,102.042,23.652,2024-06-19 06:30:00
2024-06-19,06:45:00 pm,0,102.046,23.626,2024-06-19 06:45:00
2024-06-19,07:00:00 pm,0,102.056,23.583,2024-06-19 07:00:00
2024-06-19,07:15:00 pm,0,102.059,23.531,2024-06-19 07:15:00
2024-06-19,07:30:00 pm,0,102.084,23.478,2024-06-19 07:30:00
2024-06-19,07:45:00 pm,0,102.1,23.414,2024-06-19 07:45:00
2024-06-19,08:00:00 pm,0,102.113,23.333,2024-06-19 08:00:00
2024-06-19,08:15:00 pm,0,102.113,23.238,2024-06-19 08:15:00
2024-06-19,08:30:00 pm,0,102.108,23.131,2024-06-19 08:30:00
2024-06-19,08:45:00 pm,0,102.116,23.024,2024-06-19 08:45:00
2024-06-19,09:00:00 pm,0,102.135,22.914,2024-06-19 09:00:00
2024-06-19,09:15:00 pm,0,102.137,22.801,2024-06-19 09:15:00
2024-06-19,09:30:00 pm,0,102.136,22.691,2024-06-19 09:30:00
2024-06-19,09:45:00 pm,0,102.141,22.581,2024-06-19 09:45:00
2024-06-19,10:00:00 pm,0,102.147,22.477,2024-06-19 10:00:00
2024-06-19,10:15:00 pm,0,102.153,22.377,2024-06-19 10:15:00
2024-06-19,10:30:00 pm,0,102.156,22.281,2024-06-19 10:30:00
2024-06-19,10:45:00 pm,0,102.151,22.182,2024-06-19 10:45:00
2024-06-19,11:00:00 pm,0,102.144,22.097,2024-06-19 11:00:00
2024-06-19,11:15:00 pm,0,102.147,22.016,2024-06-19 11:15:00
2024-06-19,11:30:00 pm,0,102.137,21.932,2024-06-19 11:30:00
2024-06-19,11:45:00 pm,0,102.134,21.854,2024-06-19 11:45:00
2024-06-20,12:00:00 am,0,102.136,21.78,2024-06-20 12:00:00
2024-06-20,12:15:00 am,0,102.143,21.707,2024-06-20 12:15:00
2024-06-20,12:30:00 am,0,102.143,21.638,2024-06-20 12:30:00
2024-06-20,12:45:00 am,0,102.136,21.569,2024-06-20 12:45:00
2024-06-20,01:00:00 am,0,102.111,21.498,2024-06-20 01:00:00
2024-06-20,01:15:00 am,0,102.102,21.431,2024-06-20 01:15:00
2024-06-20,01:30:00 am,0,102.109,21.358,2024-06-20 01:30:00
2024-06-20,01:45:00 am,0,102.109,21.291,2024-06-20 01:45:00
2024-06-20,02:00:00 am,0,102.12,21.23,2024-06-20 02:00:00
2024-06-20,02:15:00 am,0,102.128,21.171,2024-06-20 02:15:00
2024-06-20,02:30:00 am,0,102.13,21.116,2024-06-20 02:30:00
2024-06-20,02:45:00 am,0,102.136,21.058,2024-06-20 02:45:00
2024-06-20,03:00:00 am,0,102.142,21.007,2024-06-20 03:00:00
2024-06-20,03:15:00 am,0,102.152,20.958,2024-06-20 03:15:00
2024-06-20,03:30:00 am,0,102.163,20.91,2024-06-20 03:30:00
2024-06-20,03:45:00 am,0,102.168,20.858,2024-06-20 03:45:00
2024-06-20,04:00:00 am,0,102.183,20.816,2024-06-20 04:00:00
2024-06-20,04:15:00 am,0,102.194,20.777,2024-06-20 04:15:00
2024-06-20,04:30:00 am,0,102.204,20.74,2024-06-20 04:30:00
2024-06-20,04:45:00 am,0,102.21,20.701,2024-06-20 04:45:00
2024-06-20,05:00:00 am,0,102.229,20.665,2024-06-20 05:00:00
2024-06-20,05:15:00 am,0,102.243,20.628,2024-06-20 05:15:00
2024-06-20,05:30:00 am,0,102.267,20.585,2024-06-20 05:30:00
2024-06-20,05:45:00 am,0,102.263,20.538,2024-06-20 05:45:00
2024-06-20,06:00:00 am,0,102.284,20.505,2024-06-20 06:00:00
2024-06-20,06:15:00 am,0,102.298,20.482,2024-06-20 06:15:00
2024-06-20,06:30:00 am,0,102.297,20.467,2024-06-20 06:30:00
2024-06-20,06:45:00 am,0,102.297,20.462,2024-06-20 06:45:00
2024-06-20,07:00:00 am,0,102.307,20.471,2024-06-20 07:00:00
2024-06-20,07:15:00 am,0,102.338,20.5,2024-06-20 07:15:00
2024-06-20,07:30:00 am,0,102.359,20.55,2024-06-20 07:30:00
2024-06-20,07:45:00 am,0,102.384,20.612,2024-06-20 07:45:00
2024-06-20,08:00:00 am,0,102.414,20.678,2024-06-20 08:00:00
2024-06-20,08:15:00 am,0,102.434,20.761,2024-06-20 08:15:00
2024-06-20,08:30:00 am,0,102.467,20.864,2024-06-20 08:30:00
2024-06-20,08:45:00 am,0,102.501,21.016,2024-06-20 08:45:00
2024-06-20,09:00:00 am,0,102.499,21.185,2024-06-20 09:00:00
2024-06-20,09:15:00 am,0,102.515,21.327,2024-06-20 09:15:00
2024-06-20,09:30:00 am,0,102.515,21.471,2024-06-20 09:30:00
2024-06-20,09:45:00 am,0,102.534,21.616,2024-06-20 09:45:00
2024-06-20,10:00:00 am,0,102.548,21.747,2024-06-20 10:00:00
2024-06-20,10:15:00 am,0,102.555,21.901,2024-06-20 10:15:00
2024-06-20,10:30:00 am,0,102.554,22.066,2024-06-20 10:30:00
2024-06-20,10:45:00 am,0,102.544,22.245,2024-06-20 10:45:00
2024-06-20,11:00:00 am,0,102.552,22.426,2024-06-20 11:00:00
2024-06-20,11:15:00 am,0,102.534,22.64,2024-06-20 11:15:00
2024-06-20,11:30:00 am,0,102.549,22.856,2024-06-20 11:30:00
2024-06-20,11:45:00 am,0,102.557,23.063,2024-06-20 11:45:00
2024-06-20,12:00:00 pm,0,102.553,23.212,2024-06-20 12:00:00
2024-06-20,12:15:00 pm,0,102.535,23.363,2024-06-20 12:15:00
2024-06-20,12:30:00 pm,0,102.484,23.492,2024-06-20 12:30:00
2024-06-20,12:45:00 pm,0,102.454,23.624,2024-06-20 12:45:00
2024-06-20,01:00:00 pm,0,102.429,23.692,2024-06-20 01:00:00
2024-06-20,01:15:00 pm,0,102.39,23.745,2024-06-20 01:15:00
2024-06-20,01:30:00 pm,0,102.383,23.83,2024-06-20 01:30:00
2024-06-20,01:45:00 pm,0,102.365,23.96,2024-06-20 01:45:00
2024-06-20,02:00:00 pm,0,102.36,24.082,2024-06-20 02:00:00
2024-06-20,02:15:00 pm,0,102.337,24.105,2024-06-20 02:15:00
2024-06-20,02:30:00 pm,0,102.325,24.126,2024-06-20 02:30:00
2024-06-20,02:45:00 pm,0,102.318,24.166,2024-06-20 02:45:00
2024-06-20,03:00:00 pm,0,102.312,24.17,2024-06-20 03:00:00
2024-06-20,03:15:00 pm,0,102.294,24.159,2024-06-20 03:15:00
2024-06-20,03:30:00 pm,0,102.288,24.179,2024-06-20 03:30:00
2024-06-20,03:45:00 pm,0,102.279,24.249,2024-06-20 03:45:00
2024-06-20,04:00:00 pm,0,102.255,24.304,2024-06-20 04:00:00
2024-06-20,04:15:00 pm,0,102.247,24.331,2024-06-20 04:15:00
2024-06-20,04:30:00 pm,0,102.218,24.332,2024-06-20 04:30:00
2024-06-20,04:45:00 pm,0,102.212,24.322,2024-06-20 04:45:00
2024-06-20,05:00:00 pm,0,102.206,24.273,2024-06-20 05:00:00
2024-06-20,05:15:00 pm,0,102.202,24.232,2024-06-20 05:15:00
2024-06-20,05:30:00 pm,0,102.185,24.183,2024-06-20 05:30:00
2024-06-20,05:45:00 pm,0,102.176,24.148,2024-06-20 05:45:00
2024-06-20,06:00:00 pm,0,102.165,24.126,2024-06-20 06:00:00
2024-06-20,06:15:00 pm,0,102.162,24.083,2024-06-20 06:15:00
2024-06-20,06:30:00 pm,0,102.16,24.038,2024-06-20 06:30:00
2024-06-20,06:45:00 pm,0,102.158,23.985,2024-06-20 06:45:00
2024-06-20,07:00:00 pm,0,102.162,23.916,2024-06-20 07:00:00
2024-06-20,07:15:00 pm,0,102.162,23.849,2024-06-20 07:15:00
2024-06-20,07:30:00 pm,0,102.159,23.777,2024-06-20 07:30:00
2024-06-20,07:45:00 pm,0,102.158,23.712,2024-06-20 07:45:00
2024-06-20,08:00:00 pm,0,102.146,23.637,2024-06-20 08:00:00
2024-06-20,08:15:00 pm,0,102.162,23.566,2024-06-20 08:15:00
2024-06-20,08:30:00 pm,0,102.163,23.499,2024-06-20 08:30:00
2024-06-20,08:45:00 pm,0,102.171,23.438,2024-06-20 08:45:00
2024-06-20,09:00:00 pm,0,102.171,23.381,2024-06-20 09:00:00
2024-06-20,09:15:00 pm,0,102.175,23.316,2024-06-20 09:15:00
2024-06-20,09:30:00 pm,0,102.197,23.249,2024-06-20 09:30:00
2024-06-20,09:45:00 pm,0,102.203,23.181,2024-06-20 09:45:00
2024-06-20,10:00:00 pm,0,102.221,23.11,2024-06-20 10:00:00
2024-06-20,10:15:00 pm,0,102.243,23.037,2024-06-20 10:15:00
2024-06-20,10:30:00 pm,0,102.252,22.961,2024-06-20 10:30:00
2024-06-20,10:45:00 pm,0,102.241,22.884,2024-06-20 10:45:00
2024-06-20,11:00:00 pm,0,102.231,22.81,2024-06-20 11:00:00
2024-06-20,11:15:00 pm,0,102.231,22.734,2024-06-20 11:15:00
2024-06-20,11:30:00 pm,0,102.225,22.659,2024-06-20 11:30:00
2024-06-20,11:45:00 pm,0,102.225,22.585,2024-06-20 11:45:00
2024-06-21,12:00:00 am,0,102.215,22.508,2024-06-21 12:00:00
2024-06-21,12:15:00 am,0,102.22,22.433,2024-06-21 12:15:00
2024-06-21,12:30:00 am,0,102.207,22.363,2024-06-21 12:30:00
2024-06-21,12:45:00 am,0,102.214,22.284,2024-06-21 12:45:00
2024-06-21,01:00:00 am,0,102.194,22.211,2024-06-21 01:00:00
2024-06-21,01:15:00 am,0,102.2,22.141,2024-06-21 01:15:00
2024-06-21,01:30:00 am,0,102.187,22.067,2024-06-21 01:30:00
2024-06-21,01:45:00 am,0,102.173,21.995,2024-06-21 01:45:00
2024-06-21,02:00:00 am,0,102.162,21.921,2024-06-21 02:00:00
2024-06-21,02:15:00 am,0,102.156,21.854,2024-06-21 02:15:00
2024-06-21,02:30:00 am,0,102.148,21.787,2024-06-21 02:30:00
2024-06-21,02:45:00 am,0,102.155,21.719,2024-06-21 02:45:00
2024-06-21,03:00:00 am,0,102.152,21.646,2024-06-21 03:00:00
2024-06-21,03:15:00 am,0,102.136,21.579,2024-06-21 03:15:00
2024-06-21,03:30:00 am,0,102.154,21.517,2024-06-21 03:30:00
2024-06-21,03:45:00 am,0,102.142,21.456,2024-06-21 03:45:00
2024-06-21,04:00:00 am,0,102.148,21.387,2024-06-21 04:00:00
2024-06-21,04:15:00 am,0,102.158,21.316,2024-06-21 04:15:00
2024-06-21,04:30:00 am,0,102.172,21.255,2024-06-21 04:30:00
2024-06-21,04:45:00 am,0,102.178,21.192,2024-06-21 04:45:00
2024-06-21,05:00:00 am,0,102.188,21.131,2024-06-21 05:00:00
2024-06-21,05:15:00 am,0,102.206,21.065,2024-06-21 05:15:00
2024-06-21,05:30:00 am,0,102.222,21.008,2024-06-21 05:30:00
2024-06-21,05:45:00 am,0,102.23,20.95,2024-06-21 05:45:00
2024-06-21,06:00:00 am,0,102.222,20.894,2024-06-21 06:00:00
2024-06-21,06:15:00 am,0,102.248,20.846,2024-06-21 06:15:00
2024-06-21,06:30:00 am,0,102.251,20.807,2024-06-21 06:30:00
2024-06-21,06:45:00 am,0,102.264,20.779,2024-06-21 06:45:00
2024-06-21,07:00:00 am,0,102.276,20.763,2024-06-21 07:00:00
2024-06-21,07:15:00 am,0,102.29,20.759,2024-06-21 07:15:00
2024-06-21,07:30:00 am,0,102.298,20.777,2024-06-21 07:30:00
2024-06-21,07:45:00 am,0,102.304,20.809,2024-06-21 07:45:00
2024-06-21,08:00:00 am,0,102.313,20.85,2024-06-21 08:00:00
2024-06-21,08:15:00 am,0,102.328,20.922,2024-06-21 08:15:00
2024-06-21,08:30:00 am,0,102.357,21.021,2024-06-21 08:30:00
2024-06-21,08:45:00 am,0,102.387,21.157,2024-06-21 08:45:00
2024-06-21,09:00:00 am,0,102.399,21.328,2024-06-21 09:00:00
2024-06-21,09:15:00 am,0,102.401,21.472,2024-06-21 09:15:00
2024-06-21,09:30:00 am,0,102.403,21.603,2024-06-21 09:30:00
2024-06-21,09:45:00 am,0,102.404,21.747,2024-06-21 09:45:00
2024-06-21,10:00:00 am,0,102.405,21.904,2024-06-21 10:00:00
2024-06-21,10:15:00 am,0,102.406,22.045,2024-06-21 10:15:00
2024-06-21,10:30:00 am,0,102.396,22.198,2024-06-21 10:30:00
2024-06-21,10:45:00 am,0,102.392,22.372,2024-06-21 10:45:00
2024-06-21,11:00:00 am,0,102.389,22.543,2024-06-21 11:00:00
2024-06-21,11:15:00 am,0,102.383,22.748,2024-06-21 11:15:00
2024-06-21,11:30:00 am,0,102.374,22.949,2024-06-21 11:30:00
2024-06-21,11:45:00 am,0,102.366,23.199,2024-06-21 11:45:00
2024-06-21,12:00:00 pm,0,102.347,23.456,2024-06-21 12:00:00
2024-06-21,12:15:00 pm,0,102.28,23.669,2024-06-21 12:15:00
2024-06-21,12:30:00 pm,0,102.255,23.871,2024-06-21 12:30:00
2024-06-21,12:45:00 pm,0,102.223,24.072,2024-06-21 12:45:00
2024-06-21,01:00:00 pm,0,102.197,24.277,2024-06-21 01:00:00
2024-06-21,01:15:00 pm,0,102.187,24.475,2024-06-21 01:15:00
2024-06-21,01:30:00 pm,0,102.164,24.723,2024-06-21 01:30:00
2024-06-21,01:45:00 pm,0,102.139,24.974,2024-06-21 01:45:00
2024-06-21,02:00:00 pm,0,102.11,25.211,2024-06-21 02:00:00
2024-06-21,02:15:00 pm,0,102.093,25.317,2024-06-21 02:15:00
2024-06-21,02:30:00 pm,0,102.068,25.329,2024-06-21 02:30:00
2024-06-21,02:45:00 pm,0,102.044,25.37,2024-06-21 02:45:00
2024-06-21,03:00:00 pm,0,102.019,25.399,2024-06-21 03:00:00
2024-06-21,03:15:00 pm,0,101.999,25.374,2024-06-21 03:15:00
2024-06-21,03:30:00 pm,0,101.984,25.262,2024-06-21 03:30:00
2024-06-21,03:45:00 pm,0,101.968,25.155,2024-06-21 03:45:00
2024-06-21,04:00:00 pm,0,101.959,25.145,2024-06-21 04:00:00
2024-06-21,04:15:00 pm,0,101.93,25.109,2024-06-21 04:15:00
2024-06-21,04:30:00 pm,0,101.918,25.055,2024-06-21 04:30:00
2024-06-21,04:45:00 pm,0,101.899,25.028,2024-06-21 04:45:00
2024-06-21,05:00:00 pm,0,101.88,24.962,2024-06-21 05:00:00
2024-06-21,05:15:00 pm,0,101.861,24.906,2024-06-21 05:15:00
2024-06-21,05:30:00 pm,0,101.854,24.851,2024-06-21 05:30:00
2024-06-21,05:45:00 pm,0,101.839,24.791,2024-06-21 05:45:00
2024-06-21,06:00:00 pm,0,101.833,24.723,2024-06-21 06:00:00
2024-06-21,06:15:00 pm,0,101.838,24.656,2024-06-21 06:15:00
2024-06-21,06:30:00 pm,0,101.837,24.578,2024-06-21 06:30:00
2024-06-21,06:45:00 pm,0,101.83,24.502,2024-06-21 06:45:00
2024-06-21,07:00:00 pm,0,101.826,24.424,2024-06-21 07:00:00
2024-06-21,07:15:00 pm,0,101.831,24.346,2024-06-21 07:15:00
2024-06-21,07:30:00 pm,0,101.832,24.266,2024-06-21 07:30:00
2024-06-21,07:45:00 pm,0,101.835,24.178,2024-06-21 07:45:00
2024-06-21,08:00:00 pm,0,101.837,24.09,2024-06-21 08:00:00
2024-06-21,08:15:00 pm,0,101.847,23.998,2024-06-21 08:15:00
2024-06-21,08:30:00 pm,0,101.854,23.912,2024-06-21 08:30:00
2024-06-21,08:45:00 pm,0,101.866,23.824,2024-06-21 08:45:00
2024-06-21,09:00:00 pm,0,101.862,23.732,2024-06-21 09:00:00
2024-06-21,09:15:00 pm,0,101.874,23.639,2024-06-21 09:15:00
2024-06-21,09:30:00 pm,0,101.877,23.542,2024-06-21 09:30:00
2024-06-21,09:45:00 pm,0,101.882,23.438,2024-06-21 09:45:00
2024-06-21,10:00:00 pm,0,101.883,23.343,2024-06-21 10:00:00
2024-06-21,10:15:00 pm,0,101.891,23.235,2024-06-21 10:15:00
2024-06-21,10:30:00 pm,0,101.91,23.136,2024-06-21 10:30:00
2024-06-21,10:45:00 pm,0,101.918,23.039,2024-06-21 10:45:00
2024-06-21,11:00:00 pm,0,101.927,22.945,2024-06-21 11:00:00
2024-06-21,11:15:00 pm,0,101.93,22.851,2024-06-21 11:15:00
2024-06-21,11:30:00 pm,0,101.927,22.76,2024-06-21 11:30:00
2024-06-21,11:45:00 pm,0,101.915,22.671,2024-06-21 11:45:00
2024-06-22,12:00:00 am,0,101.912,22.575,2024-06-22 12:00:00
2024-06-22,12:15:00 am,0,101.914,22.475,2024-06-22 12:15:00
2024-06-22,12:30:00 am,0,101.887,22.379,2024-06-22 12:30:00
2024-06-22,12:45:00 am,0,101.9,22.283,2024-06-22 12:45:00
2024-06-22,01:00:00 am,0,101.878,22.192,2024-06-22 01:00:00
2024-06-22,01:15:00 am,0,101.863,22.109,2024-06-22 01:15:00
2024-06-22,01:30:00 am,0,101.85,22.02,2024-06-22 01:30:00
2024-06-22,01:45:00 am,0,101.845,21.937,2024-06-22 01:45:00
2024-06-22,02:00:00 am,0,101.834,21.853,2024-06-22 02:00:00
2024-06-22,02:15:00 am,0,101.829,21.772,2024-06-22 02:15:00
2024-06-22,02:30:00 am,0,101.825,21.696,2024-06-22 02:30:00
2024-06-22,02:45:00 am,0,101.835,21.621,2024-06-22 02:45:00
2024-06-22,03:00:00 am,0,101.828,21.549,2024-06-22 03:00:00
2024-06-22,03:15:00 am,0,101.83,21.477,2024-06-22 03:15:00
2024-06-22,03:30:00 am,0,101.832,21.408,2024-06-22 03:30:00
2024-06-22,03:45:00 am,0,101.837,21.345,2024-06-22 03:45:00
2024-06-22,04:00:00 am,0,101.835,21.28,2024-06-22 04:00:00
2024-06-22,04:15:00 am,0,101.838,21.217,2024-06-22 04:15:00
2024-06-22,04:30:00 am,0,101.842,21.155,2024-06-22 04:30:00
2024-06-22,04:45:00 am,0,101.839,21.089,2024-06-22 04:45:00
2024-06-22,05:00:00 am,0,101.846,21.031,2024-06-22 05:00:00
2024-06-22,05:15:00 am,0,101.861,20.974,2024-06-22 05:15:00
2024-06-22,05:30:00 am,0,101.86,20.916,2024-06-22 05:30:00
2024-06-22,05:45:00 am,0,101.862,20.861,2024-06-22 05:45:00
2024-06-22,06:00:00 am,0,101.877,20.803,2024-06-22 06:00:00
2024-06-22,06:15:00 am,0,101.864,20.749,2024-06-22 06:15:00
2024-06-22,06:30:00 am,0,101.863,20.708,2024-06-22 06:30:00
2024-06-22,06:45:00 am,0,101.892,20.684,2024-06-22 06:45:00
2024-06-22,07:00:00 am,0,101.928,20.675,2024-06-22 07:00:00
2024-06-22,07:15:00 am,0,101.929,20.696,2024-06-22 07:15:00
2024-06-22,07:30:00 am,0,101.934,20.724,2024-06-22 07:30:00
2024-06-22,07:45:00 am,0,101.938,20.76,2024-06-22 07:45:00
2024-06-22,08:00:00 am,0,101.944,20.802,2024-06-22 08:00:00
2024-06-22,08:15:00 am,0,101.964,20.863,2024-06-22 08:15:00
2024-06-22,08:30:00 am,0,101.986,20.97,2024-06-22 08:30:00
2024-06-22,08:45:00 am,0,102.016,21.113,2024-06-22 08:45:00
2024-06-22,09:00:00 am,0,102.021,21.28,2024-06-22 09:00:00
2024-06-22,09:15:00 am,0,102.012,21.435,2024-06-22 09:15:00
2024-06-22,09:30:00 am,0,102.017,21.593,2024-06-22 09:30:00
2024-06-22,09:45:00 am,0,102.021,21.752,2024-06-22 09:45:00
2024-06-22,10:00:00 am,0,102.013,21.93,2024-06-22 10:00:00
2024-06-22,10:15:00 am,0,102.012,22.106,2024-06-22 10:15:00
2024-06-22,10:30:00 am,0,102.018,22.297,2024-06-22 10:30:00
2024-06-22,10:45:00 am,0,102.007,22.465,2024-06-22 10:45:00
2024-06-22,11:00:00 am,0,101.999,22.63,2024-06-22 11:00:00
2024-06-22,11:15:00 am,0,102.019,22.857,2024-06-22 11:15:00
2024-06-22,11:30:00 am,0,102.015,22.972,2024-06-22 11:30:00
2024-06-22,11:45:00 am,0,102.012,23.132,2024-06-22 11:45:00
2024-06-22,12:00:00 pm,0,101.958,23.442,2024-06-22 12:00:00
2024-06-22,12:15:00 pm,0,101.93,23.645,2024-06-22 12:15:00
2024-06-22,12:30:00 pm,0,101.872,23.684,2024-06-22 12:30:00
2024-06-22,12:45:00 pm,0,101.853,23.866,2024-06-22 12:45:00
2024-06-22,01:00:00 pm,0,101.821,24.071,2024-06-22 01:00:00
2024-06-22,01:15:00 pm,0,101.784,24.313,2024-06-22 01:15:00
2024-06-22,01:30:00 pm,0,101.76,24.629,2024-06-22 01:30:00
2024-06-22,01:45:00 pm,0,101.732,24.922,2024-06-22 01:45:00
2024-06-22,02:00:00 pm,0,101.718,25.159,2024-06-22 02:00:00
2024-06-22,02:15:00 pm,0,101.691,25.299,2024-06-22 02:15:00
2024-06-22,02:30:00 pm,0,101.672,25.373,2024-06-22 02:30:00
2024-06-22,02:45:00 pm,0,101.646,25.448,2024-06-22 02:45:00
2024-06-22,03:00:00 pm,0,101.623,25.39,2024-06-22 03:00:00
2024-06-22,03:15:00 pm,0,101.599,25.27,2024-06-22 03:15:00
2024-06-22,03:30:00 pm,0,101.578,25.233,2024-06-22 03:30:00
2024-06-22,03:45:00 pm,0,101.559,25.198,2024-06-22 03:45:00
2024-06-22,04:00:00 pm,0,101.549,25.184,2024-06-22 04:00:00
2024-06-22,04:15:00 pm,0,101.535,25.186,2024-06-22 04:15:00
2024-06-22,04:30:00 pm,0,101.521,25.169,2024-06-22 04:30:00
2024-06-22,04:45:00 pm,0,101.503,25.144,2024-06-22 04:45:00
2024-06-22,05:00:00 pm,0,101.485,25.103,2024-06-22 05:00:00
2024-06-22,05:15:00 pm,0,101.483,25.054,2024-06-22 05:15:00
2024-06-22,05:30:00 pm,0,101.472,24.989,2024-06-22 05:30:00
2024-06-22,05:45:00 pm,0,101.462,24.913,2024-06-22 05:45:00
2024-06-22,06:00:00 pm,0,101.463,24.838,2024-06-22 06:00:00
2024-06-22,06:15:00 pm,0,101.455,24.767,2024-06-22 06:15:00
2024-06-22,06:30:00 pm,0,101.449,24.692,2024-06-22 06:30:00
2024-06-22,06:45:00 pm,0,101.449,24.615,2024-06-22 06:45:00
2024-06-22,07:00:00 pm,0,101.461,24.538,2024-06-22 07:00:00
2024-06-22,07:15:00 pm,0,101.461,24.462,2024-06-22 07:15:00
2024-06-22,07:30:00 pm,0,101.465,24.383,2024-06-22 07:30:00
2024-06-22,07:45:00 pm,0,101.467,24.299,2024-06-22 07:45:00
2024-06-22,08:00:00 pm,0,101.46,24.21,2024-06-22 08:00:00
2024-06-22,08:15:00 pm,0,101.464,24.119,2024-06-22 08:15:00
2024-06-22,08:30:00 pm,0,101.478,24.028,2024-06-22 08:30:00
2024-06-22,08:45:00 pm,0,101.49,23.928,2024-06-22 08:45:00
2024-06-22,09:00:00 pm,0,101.5,23.826,2024-06-22 09:00:00
2024-06-22,09:15:00 pm,0,101.508,23.728,2024-06-22 09:15:00
2024-06-22,09:30:00 pm,0,101.514,23.635,2024-06-22 09:30:00
2024-06-22,09:45:00 pm,0,101.534,23.537,2024-06-22 09:45:00
2024-06-22,10:00:00 pm,0,101.549,23.437,2024-06-22 10:00:00
2024-06-22,10:15:00 pm,0,101.554,23.342,2024-06-22 10:15:00
2024-06-22,10:30:00 pm,0,101.564,23.244,2024-06-22 10:30:00
2024-06-22,10:45:00 pm,0,101.563,23.145,2024-06-22 10:45:00
2024-06-22,11:00:00 pm,0,101.569,23.042,2024-06-22 11:00:00
2024-06-22,11:15:00 pm,0,101.563,22.941,2024-06-22 11:15:00
2024-06-22,11:30:00 pm,0,101.557,22.843,2024-06-22 11:30:00
2024-06-22,11:45:00 pm,0,101.543,22.743,2024-06-22 11:45:00
2024-06-23,12:00:00 am,0,101.531,22.648,2024-06-23 12:00:00
2024-06-23,12:15:00 am,0,101.575,22.554,2024-06-23 12:15:00
2024-06-23,12:30:00 am,0,101.55,22.458,2024-06-23 12:30:00
2024-06-23,12:45:00 am,0,101.52,22.367,2024-06-23 12:45:00
2024-06-23,01:00:00 am,0,101.506,22.279,2024-06-23 01:00:00
2024-06-23,01:15:00 am,0,101.487,22.191,2024-06-23 01:15:00
2024-06-23,01:30:00 am,0,101.462,22.101,2024-06-23 01:30:00
2024-06-23,01:45:00 am,0,101.442,22.015,2024-06-23 01:45:00
2024-06-23,02:00:00 am,0,101.433,21.935,2024-06-23 02:00:00
2024-06-23,02:15:00 am,0,101.411,21.854,2024-06-23 02:15:00
2024-06-23,02:30:00 am,0,101.392,21.771,2024-06-23 02:30:00
2024-06-23,02:45:00 am,0,101.386,21.688,2024-06-23 02:45:00
2024-06-23,03:00:00 am,0,101.383,21.608,2024-06-23 03:00:00
2024-06-23,03:15:00 am,0,101.375,21.531,2024-06-23 03:15:00
2024-06-23,03:30:00 am,0,101.382,21.457,2024-06-23 03:30:00
2024-06-23,03:45:00 am,0,101.376,21.382,2024-06-23 03:45:00
2024-06-23,04:00:00 am,0,101.38,21.309,2024-06-23 04:00:00
2024-06-23,04:15:00 am,0,101.389,21.235,2024-06-23 04:15:00
2024-06-23,04:30:00 am,0,101.396,21.168,2024-06-23 04:30:00
2024-06-23,04:45:00 am,0,101.395,21.106,2024-06-23 04:45:00
2024-06-23,05:00:00 am,0,101.4,21.04,2024-06-23 05:00:00
2024-06-23,05:15:00 am,0,101.4,20.978,2024-06-23 05:15:00
2024-06-23,05:30:00 am,0,101.414,20.911,2024-06-23 05:30:00
2024-06-23,05:45:00 am,0,101.421,20.848,2024-06-23 05:45:00
2024-06-23,06:00:00 am,0,101.427,20.787,2024-06-23 06:00:00
2024-06-23,06:15:00 am,0,101.429,20.733,2024-06-23 06:15:00
2024-06-23,06:30:00 am,0,101.454,20.683,2024-06-23 06:30:00
2024-06-23,06:45:00 am,0,101.454,20.647,2024-06-23 06:45:00
2024-06-23,07:00:00 am,0,101.454,20.624,2024-06-23 07:00:00
2024-06-23,07:15:00 am,0,101.475,20.624,2024-06-23 07:15:00
2024-06-23,07:30:00 am,0,101.479,20.638,2024-06-23 07:30:00
2024-06-23,07:45:00 am,0,101.483,20.67,2024-06-23 07:45:00
2024-06-23,08:00:00 am,0,101.494,20.717,2024-06-23 08:00:00
2024-06-23,08:15:00 am,0,101.513,20.788,2024-06-23 08:15:00
2024-06-23,08:30:00 am,0,101.535,20.888,2024-06-23 08:30:00
2024-06-23,08:45:00 am,0,101.566,21.042,2024-06-23 08:45:00
2024-06-23,09:00:00 am,0,101.58,21.226,2024-06-23 09:00:00
2024-06-23,09:15:00 am,0,101.601,21.392,2024-06-23 09:15:00
2024-06-23,09:30:00 am,0,101.608,21.55,2024-06-23 09:30:00
2024-06-23,09:45:00 am,0,101.609,21.707,2024-06-23 09:45:00
2024-06-23,10:00:00 am,0,101.623,21.886,2024-06-23 10:00:00
2024-06-23,10:15:00 am,0,101.629,22.056,2024-06-23 10:15:00
2024-06-23,10:30:00 am,0,101.623,22.237,2024-06-23 10:30:00
2024-06-23,10:45:00 am,0,101.618,22.424,2024-06-23 10:45:00
2024-06-23,11:00:00 am,0,101.624,22.624,2024-06-23 11:00:00
2024-06-23,11:15:00 am,0,101.626,22.852,2024-06-23 11:15:00
2024-06-23,11:30:00 am,0,101.646,23.09,2024-06-23 11:30:00
2024-06-23,11:45:00 am,0,101.666,23.358,2024-06-23 11:45:00
2024-06-23,12:00:00 pm,0,101.61,23.69,2024-06-23 12:00:00
2024-06-23,12:15:00 pm,0,101.566,23.953,2024-06-23 12:15:00
2024-06-23,12:30:00 pm,0,101.511,24.141,2024-06-23 12:30:00
2024-06-23,12:45:00 pm,0,101.492,24.354,2024-06-23 12:45:00
2024-06-23,01:00:00 pm,0,101.479,24.453,2024-06-23 01:00:00
2024-06-23,01:15:00 pm,0,101.454,24.557,2024-06-23 01:15:00
2024-06-23,01:30:00 pm,0,101.431,24.724,2024-06-23 01:30:00
2024-06-23,01:45:00 pm,0,101.415,25.012,2024-06-23 01:45:00
2024-06-23,02:00:00 pm,0,101.391,25.093,2024-06-23 02:00:00
2024-06-23,02:15:00 pm,0,101.37,25.195,2024-06-23 02:15:00
2024-06-23,02:30:00 pm,0,101.35,25.187,2024-06-23 02:30:00
2024-06-23,02:45:00 pm,0,101.329,25.186,2024-06-23 02:45:00
2024-06-23,03:00:00 pm,0,101.302,25.21,2024-06-23 03:00:00
2024-06-23,03:15:00 pm,0,101.277,25.272,2024-06-23 03:15:00
2024-06-23,03:30:00 pm,0,101.261,25.252,2024-06-23 03:30:00
2024-06-23,03:45:00 pm,0,101.234,25.243,2024-06-23 03:45:00
2024-06-23,04:00:00 pm,0,101.221,25.211,2024-06-23 04:00:00
2024-06-23,04:15:00 pm,0,101.202,25.21,2024-06-23 04:15:00
2024-06-23,04:30:00 pm,0,101.189,25.211,2024-06-23 04:30:00
2024-06-23,04:45:00 pm,0,101.171,25.184,2024-06-23 04:45:00
2024-06-23,05:00:00 pm,0,101.157,25.137,2024-06-23 05:00:00
2024-06-23,05:15:00 pm,0,101.143,25.093,2024-06-23 05:15:00
2024-06-23,05:30:00 pm,0,101.133,25.036,2024-06-23 05:30:00
2024-06-23,05:45:00 pm,0,101.122,24.963,2024-06-23 05:45:00
2024-06-23,06:00:00 pm,0,101.115,24.886,2024-06-23 06:00:00
2024-06-23,06:15:00 pm,0,101.118,24.814,2024-06-23 06:15:00
2024-06-23,06:30:00 pm,0,101.125,24.747,2024-06-23 06:30:00
2024-06-23,06:45:00 pm,0,101.11,24.675,2024-06-23 06:45:00
2024-06-23,07:00:00 pm,0,101.12,24.594,2024-06-23 07:00:00
2024-06-23,07:15:00 pm,0,101.114,24.517,2024-06-23 07:15:00
2024-06-23,07:30:00 pm,0,101.113,24.442,2024-06-23 07:30:00
2024-06-23,07:45:00 pm,0,101.11,24.367,2024-06-23 07:45:00
2024-06-23,08:00:00 pm,0,101.11,24.291,2024-06-23 08:00:00
2024-06-23,08:15:00 pm,0,101.109,24.217,2024-06-23 08:15:00
2024-06-23,08:30:00 pm,0,101.108,24.142,2024-06-23 08:30:00
2024-06-23,08:45:00 pm,0,101.118,24.065,2024-06-23 08:45:00
2024-06-23,09:00:00 pm,0,101.129,23.994,2024-06-23 09:00:00
2024-06-23,09:15:00 pm,0,101.143,23.923,2024-06-23 09:15:00
2024-06-23,09:30:00 pm,0,101.154,23.855,2024-06-23 09:30:00
2024-06-23,09:45:00 pm,0,101.161,23.787,2024-06-23 09:45:00
2024-06-23,10:00:00 pm,0,101.174,23.719,2024-06-23 10:00:00
2024-06-23,10:15:00 pm,0,101.185,23.653,2024-06-23 10:15:00
2024-06-23,10:30:00 pm,0,101.195,23.589,2024-06-23 10:30:00
2024-06-23,10:45:00 pm,0,101.211,23.526,2024-06-23 10:45:00
2024-06-23,11:00:00 pm,0,101.213,23.461,2024-06-23 11:00:00
2024-06-23,11:15:00 pm,0,101.223,23.397,2024-06-23 11:15:00
2024-06-23,11:30:00 pm,0,101.235,23.336,2024-06-23 11:30:00
2024-06-23,11:45:00 pm,0,101.245,23.279,2024-06-23 11:45:00
2024-06-24,12:00:00 am,0,101.242,23.223,2024-06-24 12:00:00
2024-06-24,12:15:00 am,0,101.235,23.175,2024-06-24 12:15:00
2024-06-24,12:30:00 am,0,101.228,23.132,2024-06-24 12:30:00
2024-06-24,12:45:00 am,0,101.222,23.093,2024-06-24 12:45:00
2024-06-24,01:00:00 am,0,101.206,23.056,2024-06-24 01:00:00
2024-06-24,01:15:00 am,0,101.2,23.022,2024-06-24 01:15:00
2024-06-24,01:30:00 am,0,101.197,22.987,2024-06-24 01:30:00
2024-06-24,01:45:00 am,0,101.237,22.955,2024-06-24 01:45:00
2024-06-24,02:00:00 am,0,101.224,22.924,2024-06-24 02:00:00
2024-06-24,02:15:00 am,0,101.212,22.896,2024-06-24 02:15:00
2024-06-24,02:30:00 am,0,101.203,22.875,2024-06-24 02:30:00
2024-06-24,02:45:00 am,0,101.19,22.855,2024-06-24 02:45:00
2024-06-24,03:00:00 am,0,101.184,22.833,2024-06-24 03:00:00
2024-06-24,03:15:00 am,0,101.2,22.81,2024-06-24 03:15:00
2024-06-24,03:30:00 am,0,101.194,22.79,2024-06-24 03:30:00
2024-06-24,03:45:00 am,0,101.198,22.772,2024-06-24 03:45:00
2024-06-24,04:00:00 am,0,101.191,22.756,2024-06-24 04:00:00
2024-06-24,04:15:00 am,0,101.187,22.743,2024-06-24 04:15:00
2024-06-24,04:30:00 am,0,101.198,22.729,2024-06-24 04:30:00
2024-06-24,04:45:00 am,0,101.265,22.739,2024-06-24 04:45:00
2024-06-24,05:00:00 am,0,101.305,22.785,2024-06-24 05:00:00
2024-06-24,05:15:00 am,0,101.312,22.779,2024-06-24 05:15:00
2024-06-24,05:30:00 am,0,101.361,22.745,2024-06-24 05:30:00
2024-06-24,05:45:00 am,0,101.478,22.722,2024-06-24 05:45:00
2024-06-24,06:00:00 am,0,101.527,22.732,2024-06-24 06:00:00
2024-06-24,06:15:00 am,0,101.57,22.729,2024-06-24 06:15:00
2024-06-24,06:30:00 am,0,101.806,22.734,2024-06-24 06:30:00
2024-06-24,06:45:00 am,0,101.924,22.732,2024-06-24 06:45:00
2024-06-24,07:00:00 am,0,101.983,22.762,2024-06-24 07:00:00
2024-06-24,07:15:00 am,0,102.078,22.739,2024-06-24 07:15:00
2024-06-24,07:30:00 am,0,102.074,22.671,2024-06-24 07:30:00
2024-06-24,07:45:00 am,0,102.03,22.604,2024-06-24 07:45:00
2024-06-24,08:00:00 am,0,101.99,22.565,2024-06-24 08:00:00
2024-06-24,08:15:00 am,0,101.967,22.555,2024-06-24 08:15:00
2024-06-24,08:30:00 am,0,101.92,22.567,2024-06-24 08:30:00
2024-06-24,08:45:00 am,0,101.874,22.605,2024-06-24 08:45:00
2024-06-24,09:00:00 am,0,101.838,22.667,2024-06-24 09:00:00
2024-06-24,09:15:00 am,0,101.813,22.736,2024-06-24 09:15:00
2024-06-24,09:30:00 am,0,101.792,22.825,2024-06-24 09:30:00
2024-06-24,09:45:00 am,0,101.78,22.948,2024-06-24 09:45:00
2024-06-24,10:00:00 am,0,101.768,23.037,2024-06-24 10:00:00
2024-06-24,10:15:00 am,0,101.746,23.161,2024-06-24 10:15:00
2024-06-24,10:30:00 am,0,101.754,23.289,2024-06-24 10:30:00
2024-06-24,10:45:00 am,0,101.754,23.441,2024-06-24 10:45:00
2024-06-24,11:00:00 am,0,101.74,23.571,2024-06-24 11:00:00
2024-06-24,11:15:00 am,0,101.734,23.739,2024-06-24 11:15:00
2024-06-24,11:30:00 am,0,101.732,23.941,2024-06-24 11:30:00
2024-06-24,11:45:00 am,0,101.738,24.146,2024-06-24 11:45:00
2024-06-24,12:00:00 pm,0,101.751,24.349,2024-06-24 12:00:00
2024-06-24,12:15:00 pm,0,101.741,24.536,2024-06-24 12:15:00
2024-06-24,12:30:00 pm,0,101.704,24.719,2024-06-24 12:30:00
2024-06-24,12:45:00 pm,0,101.668,24.917,2024-06-24 12:45:00
2024-06-24,01:00:00 pm,0,101.614,25.12,2024-06-24 01:00:00
2024-06-24,01:15:00 pm,0,101.567,25.265,2024-06-24 01:15:00
2024-06-24,01:30:00 pm,0,101.542,25.39,2024-06-24 01:30:00
2024-06-24,01:45:00 pm,0,101.509,25.612,2024-06-24 01:45:00
2024-06-24,02:00:00 pm,0,101.496,25.825,2024-06-24 02:00:00
2024-06-24,02:15:00 pm,0,101.481,25.938,2024-06-24 02:15:00
2024-06-24,02:30:00 pm,0,101.45,26.029,2024-06-24 02:30:00
2024-06-24,02:45:00 pm,0,101.429,26.076,2024-06-24 02:45:00
2024-06-24,03:00:00 pm,0,101.393,26.083,2024-06-24 03:00:00
2024-06-24,03:15:00 pm,0,101.361,26.072,2024-06-24 03:15:00
2024-06-24,03:30:00 pm,0,101.335,26.032,2024-06-24 03:30:00
2024-06-24,03:45:00 pm,0,101.32,26.006,2024-06-24 03:45:00
2024-06-24,04:00:00 pm,0,101.299,26.001,2024-06-24 04:00:00
2024-06-24,04:15:00 pm,0,101.274,25.995,2024-06-24 04:15:00
2024-06-24,04:30:00 pm,0,101.284,25.97,2024-06-24 04:30:00
2024-06-24,04:45:00 pm,0,101.281,25.946,2024-06-24 04:45:00
2024-06-24,05:00:00 pm,0,101.269,25.907,2024-06-24 05:00:00
2024-06-24,05:15:00 pm,0,101.262,25.866,2024-06-24 05:15:00
2024-06-24,05:30:00 pm,0,101.242,25.82,2024-06-24 05:30:00
2024-06-24,05:45:00 pm,0,101.247,25.744,2024-06-24 05:45:00
2024-06-24,06:00:00 pm,0,101.245,25.692,2024-06-24 06:00:00
2024-06-24,06:15:00 pm,0,101.253,25.62,2024-06-24 06:15:00
2024-06-24,06:30:00 pm,0,101.246,25.552,2024-06-24 06:30:00
2024-06-24,06:45:00 pm,0,101.255,25.475,2024-06-24 06:45:00
2024-06-24,07:00:00 pm,0,101.239,25.39,2024-06-24 07:00:00
2024-06-24,07:15:00 pm,0,101.282,25.309,2024-06-24 07:15:00
2024-06-24,07:30:00 pm,0,101.29,25.224,2024-06-24 07:30:00
2024-06-24,07:45:00 pm,0,101.302,25.14,2024-06-24 07:45:00
2024-06-24,08:00:00 pm,0,101.3,25.055,2024-06-24 08:00:00
2024-06-24,08:15:00 pm,0,101.305,24.968,2024-06-24 08:15:00
2024-06-24,08:30:00 pm,0,101.305,24.883,2024-06-24 08:30:00
2024-06-24,08:45:00 pm,0,101.319,24.798,2024-06-24 08:45:00
2024-06-24,09:00:00 pm,0,101.323,24.71,2024-06-24 09:00:00
2024-06-24,09:15:00 pm,0,101.373,24.61,2024-06-24 09:15:00
2024-06-24,09:30:00 pm,0,101.383,24.531,2024-06-24 09:30:00
2024-06-24,09:45:00 pm,0,101.404,24.452,2024-06-24 09:45:00
2024-06-24,10:00:00 pm,0,101.423,24.375,2024-06-24 10:00:00
2024-06-24,10:15:00 pm,0,101.438,24.296,2024-06-24 10:15:00
2024-06-24,10:30:00 pm,0,101.445,24.213,2024-06-24 10:30:00
2024-06-24,10:45:00 pm,0,101.444,24.134,2024-06-24 10:45:00
2024-06-24,11:00:00 pm,0,101.462,24.058,2024-06-24 11:00:00
2024-06-24,11:15:00 pm,0,101.519,23.983,2024-06-24 11:15:00
2024-06-24,11:30:00 pm,0,101.483,23.914,2024-06-24 11:30:00
2024-06-24,11:45:00 pm,0,101.475,23.845,2024-06-24 11:45:00
2024-06-25,12:00:00 am,0,101.46,23.775,2024-06-25 12:00:00
2024-06-25,12:15:00 am,0,101.447,23.708,2024-06-25 12:15:00
2024-06-25,12:30:00 am,0,101.47,23.641,2024-06-25 12:30:00
2024-06-25,12:45:00 am,0,101.468,23.579,2024-06-25 12:45:00
2024-06-25,01:00:00 am,0,101.464,23.515,2024-06-25 01:00:00
2024-06-25,01:15:00 am,0,101.463,23.447,2024-06-25 01:15:00
2024-06-25,01:30:00 am,0,101.46,23.383,2024-06-25 01:30:00
2024-06-25,01:45:00 am,0,101.441,23.317,2024-06-25 01:45:00
2024-06-25,02:00:00 am,0,101.431,23.253,2024-06-25 02:00:00
2024-06-25,02:15:00 am,0,101.413,23.178,2024-06-25 02:15:00
2024-06-25,02:30:00 am,0,101.442,23.127,2024-06-25 02:30:00
2024-06-25,02:45:00 am,0,101.394,23.052,2024-06-25 02:45:00
2024-06-25,03:00:00 am,0,101.382,22.992,2024-06-25 03:00:00
2024-06-25,03:15:00 am,0,101.428,22.934,2024-06-25 03:15:00
2024-06-25,03:30:00 am,0,101.446,22.878,2024-06-25 03:30:00
2024-06-25,03:45:00 am,0,101.462,22.818,2024-06-25 03:45:00
2024-06-25,04:00:00 am,0,101.477,22.765,2024-06-25 04:00:00
2024-06-25,04:15:00 am,0,101.488,22.707,2024-06-25 04:15:00
2024-06-25,04:30:00 am,0,101.505,22.652,2024-06-25 04:30:00
2024-06-25,04:45:00 am,0,101.524,22.599,2024-06-25 04:45:00
2024-06-25,05:00:00 am,0,101.554,22.54,2024-06-25 05:00:00
2024-06-25,05:15:00 am,0,101.555,22.477,2024-06-25 05:15:00
2024-06-25,05:30:00 am,0,101.561,22.405,2024-06-25 05:30:00
2024-06-25,05:45:00 am,0,101.57,22.339,2024-06-25 05:45:00
2024-06-25,06:00:00 am,0,101.569,22.274,2024-06-25 06:00:00
2024-06-25,06:15:00 am,0,101.591,22.23,2024-06-25 06:15:00
2024-06-25,06:30:00 am,0,101.615,22.198,2024-06-25 06:30:00
2024-06-25,06:45:00 am,0,101.5,22.116,2024-06-25 06:45:00
2024-06-25,07:00:00 am,0,101.491,22.091,2024-06-25 07:00:00
2024-06-25,07:15:00 am,0,101.487,22.076,2024-06-25 07:15:00
2024-06-25,07:30:00 am,0,101.485,22.081,2024-06-25 07:30:00
2024-06-25,07:45:00 am,0,101.487,22.096,2024-06-25 07:45:00
2024-06-25,08:00:00 am,0,101.483,22.12,2024-06-25 08:00:00
2024-06-25,08:15:00 am,0,101.484,22.162,2024-06-25 08:15:00
2024-06-25,08:30:00 am,0,101.499,22.22,2024-06-25 08:30:00
2024-06-25,08:45:00 am,0,101.517,22.315,2024-06-25 08:45:00
2024-06-25,09:00:00 am,0,101.546,22.442,2024-06-25 09:00:00
2024-06-25,09:15:00 am,0,101.566,22.558,2024-06-25 09:15:00
2024-06-25,09:30:00 am,0,101.581,22.679,2024-06-25 09:30:00
2024-06-25,09:45:00 am,0,101.595,22.798,2024-06-25 09:45:00
2024-06-25,10:00:00 am,0,101.597,22.925,2024-06-25 10:00:00
2024-06-25,10:15:00 am,0,101.611,23.046,2024-06-25 10:15:00
2024-06-25,10:30:00 am,0,101.631,23.18,2024-06-25 10:30:00
2024-06-25,10:45:00 am,0,101.613,23.312,2024-06-25 10:45:00
2024-06-25,11:00:00 am,0,101.625,23.448,2024-06-25 11:00:00
2024-06-25,11:15:00 am,0,101.638,23.617,2024-06-25 11:15:00
2024-06-25,11:30:00 am,0,101.638,23.787,2024-06-25 11:30:00
2024-06-25,11:45:00 am,0,101.641,23.976,2024-06-25 11:45:00
2024-06-25,12:00:00 pm,0,101.636,24.209,2024-06-25 12:00:00
2024-06-25,12:15:00 pm,0,101.613,24.422,2024-06-25 12:15:00
2024-06-25,12:30:00 pm,0,101.628,24.592,2024-06-25 12:30:00
2024-06-25,12:45:00 pm,0,101.64,24.781,2024-06-25 12:45:00
2024-06-25,01:00:00 pm,0,101.652,24.983,2024-06-25 01:00:00
2024-06-25,01:15:00 pm,0,101.591,25.166,2024-06-25 01:15:00
2024-06-25,01:30:00 pm,0,101.549,25.381,2024-06-25 01:30:00
2024-06-25,01:45:00 pm,0,101.526,25.612,2024-06-25 01:45:00
2024-06-25,02:00:00 pm,0,101.504,25.83,2024-06-25 02:00:00
2024-06-25,02:15:00 pm,0,101.478,25.971,2024-06-25 02:15:00
2024-06-25,02:30:00 pm,0,101.452,26.071,2024-06-25 02:30:00
2024-06-25,02:45:00 pm,0,101.438,26.125,2024-06-25 02:45:00
2024-06-25,03:00:00 pm,0,101.421,26.156,2024-06-25 03:00:00
2024-06-25,03:15:00 pm,0,101.398,26.143,2024-06-25 03:15:00
2024-06-25,03:30:00 pm,0,101.373,26.092,2024-06-25 03:30:00
2024-06-25,03:45:00 pm,0,101.351,26.035,2024-06-25 03:45:00
2024-06-25,04:00:00 pm,0,101.331,25.991,2024-06-25 04:00:00
2024-06-25,04:15:00 pm,0,101.325,25.971,2024-06-25 04:15:00
2024-06-25,04:30:00 pm,0,101.29,25.949,2024-06-25 04:30:00
2024-06-25,04:45:00 pm,0,101.274,25.924,2024-06-25 04:45:00
2024-06-25,05:00:00 pm,0,101.247,25.884,2024-06-25 05:00:00
2024-06-25,05:15:00 pm,0,101.249,25.841,2024-06-25 05:15:00
2024-06-25,05:30:00 pm,0,101.236,25.782,2024-06-25 05:30:00
2024-06-25,05:45:00 pm,0,101.23,25.713,2024-06-25 05:45:00
2024-06-25,06:00:00 pm,0,101.231,25.638,2024-06-25 06:00:00
2024-06-25,06:15:00 pm,0,101.225,25.566,2024-06-25 06:15:00
2024-06-25,06:30:00 pm,0,101.225,25.497,2024-06-25 06:30:00
2024-06-25,06:45:00 pm,0,101.227,25.433,2024-06-25 06:45:00
2024-06-25,07:00:00 pm,0,101.24,25.359,2024-06-25 07:00:00
2024-06-25,07:15:00 pm,0,101.259,25.287,2024-06-25 07:15:00
2024-06-25,07:30:00 pm,0,101.273,25.214,2024-06-25 07:30:00
2024-06-25,07:45:00 pm,0,101.272,25.142,2024-06-25 07:45:00
2024-06-25,08:00:00 pm,0,101.279,25.064,2024-06-25 08:00:00
2024-06-25,08:15:00 pm,0,101.27,24.989,2024-06-25 08:15:00
2024-06-25,08:30:00 pm,0,101.273,24.913,2024-06-25 08:30:00
2024-06-25,08:45:00 pm,0,101.28,24.836,2024-06-25 08:45:00
2024-06-25,09:00:00 pm,0,101.287,24.765,2024-06-25 09:00:00
2024-06-25,09:15:00 pm,0,101.293,24.693,2024-06-25 09:15:00
2024-06-25,09:30:00 pm,0,101.3,24.617,2024-06-25 09:30:00
2024-06-25,09:45:00 pm,0,101.302,24.538,2024-06-25 09:45:00
2024-06-25,10:00:00 pm,0,101.312,24.458,2024-06-25 10:00:00
2024-06-25,10:15:00 pm,0,101.322,24.369,2024-06-25 10:15:00
2024-06-25,10:30:00 pm,0,101.36,24.283,2024-06-25 10:30:00
2024-06-25,10:45:00 pm,0,101.336,24.199,2024-06-25 10:45:00
2024-06-25,11:00:00 pm,0,101.335,24.115,2024-06-25 11:00:00
2024-06-25,11:15:00 pm,0,101.327,24.034,2024-06-25 11:15:00
2024-06-25,11:30:00 pm,0,101.312,23.953,2024-06-25 11:30:00
2024-06-25,11:45:00 pm,0,101.311,23.873,2024-06-25 11:45:00
2024-06-26,12:00:00 am,0,101.297,23.793,2024-06-26 12:00:00
2024-06-26,12:15:00 am,0,101.309,23.717,2024-06-26 12:15:00
2024-06-26,12:30:00 am,0,101.289,23.64,2024-06-26 12:30:00
2024-06-26,12:45:00 am,0,101.272,23.56,2024-06-26 12:45:00
2024-06-26,01:00:00 am,0,101.261,23.487,2024-06-26 01:00:00
2024-06-26,01:15:00 am,0,101.261,23.412,2024-06-26 01:15:00
2024-06-26,01:30:00 am,0,101.258,23.344,2024-06-26 01:30:00
2024-06-26,01:45:00 am,0,101.247,23.274,2024-06-26 01:45:00
2024-06-26,02:00:00 am,0,101.229,23.207,2024-06-26 02:00:00
2024-06-26,02:15:00 am,0,101.217,23.142,2024-06-26 02:15:00
2024-06-26,02:30:00 am,0,101.215,23.077,2024-06-26 02:30:00
2024-06-26,02:45:00 am,0,101.205,23.012,2024-06-26 02:45:00
2024-06-26,03:00:00 am,0,101.199,22.948,2024-06-26 03:00:00
2024-06-26,03:15:00 am,0,101.183,22.889,2024-06-26 03:15:00
2024-06-26,03:30:00 am,0,101.157,22.827,2024-06-26 03:30:00
2024-06-26,03:45:00 am,0,101.138,22.773,2024-06-26 03:45:00
2024-06-26,04:00:00 am,0,101.133,22.72,2024-06-26 04:00:00
2024-06-26,04:15:00 am,0,101.121,22.668,2024-06-26 04:15:00
2024-06-26,04:30:00 am,0,101.13,22.616,2024-06-26 04:30:00
2024-06-26,04:45:00 am,0,101.12,22.566,2024-06-26 04:45:00
2024-06-26,05:00:00 am,0,101.129,22.515,2024-06-26 05:00:00
2024-06-26,05:15:00 am,0,101.125,22.467,2024-06-26 05:15:00
2024-06-26,05:30:00 am,0,101.141,22.418,2024-06-26 05:30:00
2024-06-26,05:45:00 am,0,101.137,22.367,2024-06-26 05:45:00
2024-06-26,06:00:00 am,0,101.118,22.317,2024-06-26 06:00:00
2024-06-26,06:15:00 am,0,101.122,22.268,2024-06-26 06:15:00
2024-06-26,06:30:00 am,0,101.143,22.228,2024-06-26 06:30:00
2024-06-26,06:45:00 am,0,101.135,22.195,2024-06-26 06:45:00
2024-06-26,07:00:00 am,0,101.136,22.17,2024-06-26 07:00:00
2024-06-26,07:15:00 am,0,101.133,22.157,2024-06-26 07:15:00
2024-06-26,07:30:00 am,0,101.129,22.153,2024-06-26 07:30:00
2024-06-26,07:45:00 am,0,101.139,22.163,2024-06-26 07:45:00
2024-06-26,08:00:00 am,0,101.137,22.183,2024-06-26 08:00:00
2024-06-26,08:15:00 am,0,101.144,22.221,2024-06-26 08:15:00
2024-06-26,08:30:00 am,0,101.154,22.277,2024-06-26 08:30:00
2024-06-26,08:45:00 am,0,101.174,22.366,2024-06-26 08:45:00
2024-06-26,09:00:00 am,0,101.199,22.486,2024-06-26 09:00:00
2024-06-26,09:15:00 am,0,101.22,22.604,2024-06-26 09:15:00
2024-06-26,09:30:00 am,0,101.244,22.724,2024-06-26 09:30:00
2024-06-26,09:45:00 am,0,101.274,22.849,2024-06-26 09:45:00
2024-06-26,10:00:00 am,0,101.279,22.982,2024-06-26 10:00:00
2024-06-26,10:15:00 am,0,101.285,23.1,2024-06-26 10:15:00
2024-06-26,10:30:00 am,0,101.289,23.24,2024-06-26 10:30:00
2024-06-26,10:45:00 am,0,101.3,23.367,2024-06-26 10:45:00
2024-06-26,11:00:00 am,0,101.289,23.496,2024-06-26 11:00:00
2024-06-26,11:15:00 am,0,101.284,23.648,2024-06-26 11:15:00
2024-06-26,11:30:00 am,0,101.283,23.821,2024-06-26 11:30:00
2024-06-26,11:45:00 am,0,101.271,24.023,2024-06-26 11:45:00
2024-06-26,12:00:00 pm,0,101.242,24.246,2024-06-26 12:00:00
2024-06-26,12:15:00 pm,0,101.224,24.449,2024-06-26 12:15:00
2024-06-26,12:30:00 pm,0,101.199,24.612,2024-06-26 12:30:00
2024-06-26,12:45:00 pm,0,101.198,24.78,2024-06-26 12:45:00
2024-06-26,01:00:00 pm,0,101.102,24.959,2024-06-26 01:00:00
2024-06-26,01:15:00 pm,0,101.025,25.147,2024-06-26 01:15:00
2024-06-26,01:30:00 pm,0,100.998,25.346,2024-06-26 01:30:00
2024-06-26,01:45:00 pm,0,101.014,25.551,2024-06-26 01:45:00
2024-06-26,02:00:00 pm,0,100.975,25.645,2024-06-26 02:00:00
2024-06-26,02:15:00 pm,0,101.007,25.687,2024-06-26 02:15:00
2024-06-26,02:30:00 pm,0,101.007,25.73,2024-06-26 02:30:00
2024-06-26,02:45:00 pm,0,101.018,25.8,2024-06-26 02:45:00
2024-06-26,03:00:00 pm,0,101.006,25.861,2024-06-26 03:00:00
2024-06-26,03:15:00 pm,0,100.999,25.818,2024-06-26 03:15:00
2024-06-26,03:30:00 pm,0,100.992,25.762,2024-06-26 03:30:00
2024-06-26,03:45:00 pm,0,100.989,25.639,2024-06-26 03:45:00
2024-06-26,04:00:00 pm,0,100.964,25.515,2024-06-26 04:00:00
2024-06-26,04:15:00 pm,0,100.948,25.416,2024-06-26 04:15:00
2024-06-26,04:30:00 pm,0,100.964,25.339,2024-06-26 04:30:00
2024-06-26,04:45:00 pm,0,100.968,25.276,2024-06-26 04:45:00
2024-06-26,05:00:00 pm,0,100.956,25.229,2024-06-26 05:00:00
2024-06-26,05:15:00 pm,0,100.952,25.189,2024-06-26 05:15:00
2024-06-26,05:30:00 pm,0,100.914,25.142,2024-06-26 05:30:00
2024-06-26,05:45:00 pm,0,100.903,25.101,2024-06-26 05:45:00
2024-06-26,06:00:00 pm,0,100.884,25.064,2024-06-26 06:00:00
2024-06-26,06:15:00 pm,0,100.92,25.028,2024-06-26 06:15:00
2024-06-26,06:30:00 pm,0,100.947,24.979,2024-06-26 06:30:00
2024-06-26,06:45:00 pm,0,100.961,24.927,2024-06-26 06:45:00
2024-06-26,07:00:00 pm,0,100.99,24.864,2024-06-26 07:00:00
2024-06-26,07:15:00 pm,0,100.984,24.801,2024-06-26 07:15:00
2024-06-26,07:30:00 pm,0,100.97,24.743,2024-06-26 07:30:00
2024-06-26,07:45:00 pm,0,100.952,24.685,2024-06-26 07:45:00
2024-06-26,08:00:00 pm,0,100.931,24.627,2024-06-26 08:00:00
2024-06-26,08:15:00 pm,0,100.921,24.566,2024-06-26 08:15:00
2024-06-26,08:30:00 pm,0,100.93,24.505,2024-06-26 08:30:00
2024-06-26,08:45:00 pm,0,100.938,24.447,2024-06-26 08:45:00
2024-06-26,09:00:00 pm,0,100.964,24.389,2024-06-26 09:00:00
2024-06-26,09:15:00 pm,0,100.962,24.328,2024-06-26 09:15:00
2024-06-26,09:30:00 pm,0,100.976,24.27,2024-06-26 09:30:00
2024-06-26,09:45:00 pm,0,101.007,24.211,2024-06-26 09:45:00
2024-06-26,10:00:00 pm,0,100.999,24.152,2024-06-26 10:00:00
2024-06-26,10:15:00 pm,0,100.992,24.093,2024-06-26 10:15:00
2024-06-26,10:30:00 pm,0,100.999,24.029,2024-06-26 10:30:00
2024-06-26,10:45:00 pm,0,100.981,23.967,2024-06-26 10:45:00
2024-06-26,11:00:00 pm,0,100.963,23.907,2024-06-26 11:00:00
2024-06-26,11:15:00 pm,0,100.935,23.847,2024-06-26 11:15:00
2024-06-26,11:30:00 pm,0,100.921,23.792,2024-06-26 11:30:00
2024-06-26,11:45:00 pm,0,100.927,23.737,2024-06-26 11:45:00
2024-06-27,12:00:00 am,0,100.916,23.676,2024-06-27 12:00:00
2024-06-27,12:15:00 am,0,100.891,23.629,2024-06-27 12:15:00
2024-06-27,12:30:00 am,0,100.875,23.577,2024-06-27 12:30:00
2024-06-27,12:45:00 am,0,100.865,23.527,2024-06-27 12:45:00
2024-06-27,01:00:00 am,0,100.853,23.477,2024-06-27 01:00:00
2024-06-27,01:15:00 am,0,100.837,23.429,2024-06-27 01:15:00
2024-06-27,01:30:00 am,0,100.82,23.383,2024-06-27 01:30:00
2024-06-27,01:45:00 am,0,100.803,23.338,2024-06-27 01:45:00
2024-06-27,02:00:00 am,0,100.788,23.299,2024-06-27 02:00:00
2024-06-27,02:15:00 am,0,100.797,23.268,2024-06-27 02:15:00
2024-06-27,02:30:00 am,0,100.788,23.239,2024-06-27 02:30:00
2024-06-27,02:45:00 am,0,100.84,23.209,2024-06-27 02:45:00
2024-06-27,03:00:00 am,0,100.865,23.183,2024-06-27 03:00:00
2024-06-27,03:15:00 am,0,100.899,23.164,2024-06-27 03:15:00
2024-06-27,03:30:00 am,0,100.914,23.117,2024-06-27 03:30:00
2024-06-27,03:45:00 am,0,101.087,23.059,2024-06-27 03:45:00
2024-06-27,04:00:00 am,0,101.272,22.987,2024-06-27 04:00:00
2024-06-27,04:15:00 am,0,101.786,22.983,2024-06-27 04:15:00
2024-06-27,04:30:00 am,0,102.073,23.077,2024-06-27 04:30:00
2024-06-27,04:45:00 am,0,102.069,23.102,2024-06-27 04:45:00
2024-06-27,05:00:00 am,0,102.028,23.056,2024-06-27 05:00:00
2024-06-27,05:15:00 am,0,101.999,22.978,2024-06-27 05:15:00
2024-06-27,05:30:00 am,0,102.019,22.912,2024-06-27 05:30:00
2024-06-27,05:45:00 am,0,102.128,22.854,2024-06-27 05:45:00
2024-06-27,06:00:00 am,0,102.334,22.855,2024-06-27 06:00:00
2024-06-27,06:15:00 am,0,102.763,22.894,2024-06-27 06:15:00
2024-06-27,06:30:00 am,0,102.921,22.952,2024-06-27 06:30:00
2024-06-27,06:45:00 am,0,103.034,22.935,2024-06-27 06:45:00
2024-06-27,07:00:00 am,0,102.888,22.915,2024-06-27 07:00:00
2024-06-27,07:15:00 am,0,102.749,22.872,2024-06-27 07:15:00
2024-06-27,07:30:00 am,0,102.638,22.825,2024-06-27 07:30:00
2024-06-27,07:45:00 am,0,102.556,22.79,2024-06-27 07:45:00
2024-06-27,08:00:00 am,0,102.477,22.768,2024-06-27 08:00:00
2024-06-27,08:15:00 am,0,102.346,22.765,2024-06-27 08:15:00
2024-06-27,08:30:00 am,0,102.191,22.771,2024-06-27 08:30:00
2024-06-27,08:45:00 am,0,102.106,22.784,2024-06-27 08:45:00
2024-06-27,09:00:00 am,0,102.078,22.791,2024-06-27 09:00:00
2024-06-27,09:15:00 am,0,102.02,22.8,2024-06-27 09:15:00
2024-06-27,09:30:00 am,0,101.961,22.814,2024-06-27 09:30:00
2024-06-27,09:45:00 am,0,101.917,22.831,2024-06-27 09:45:00
2024-06-27,10:00:00 am,0,101.897,22.863,2024-06-27 10:00:00
2024-06-27,10:15:00 am,0,101.869,22.896,2024-06-27 10:15:00
2024-06-27,10:30:00 am,0,101.842,22.911,2024-06-27 10:30:00
2024-06-27,10:45:00 am,0,101.817,22.916,2024-06-27 10:45:00
2024-06-27,11:00:00 am,0,101.794,22.943,2024-06-27 11:00:00
2024-06-27,11:15:00 am,0,101.783,22.964,2024-06-27 11:15:00
2024-06-27,11:30:00 am,0,101.772,23.001,2024-06-27 11:30:00
2024-06-27,11:45:00 am,0,101.749,23.047,2024-06-27 11:45:00
2024-06-27,12:00:00 pm,0,101.731,23.091,2024-06-27 12:00:00
2024-06-27,12:15:00 pm,0,101.721,23.136,2024-06-27 12:15:00
2024-06-27,12:30:00 pm,0,101.678,23.24,2024-06-27 12:30:00
2024-06-27,12:45:00 pm,0,101.678,23.369,2024-06-27 12:45:00
2024-06-27,01:00:00 pm,0,101.64,23.49,2024-06-27 01:00:00
2024-06-27,01:15:00 pm,0,101.627,23.626,2024-06-27 01:15:00
2024-06-27,01:30:00 pm,0,101.626,23.728,2024-06-27 01:30:00
2024-06-27,01:45:00 pm,0,101.601,23.963,2024-06-27 01:45:00
2024-06-27,02:00:00 pm,0,101.55,24.133,2024-06-27 02:00:00
2024-06-27,02:15:00 pm,0,101.541,24.21,2024-06-27 02:15:00
2024-06-27,02:30:00 pm,0,101.517,24.127,2024-06-27 02:30:00
2024-06-27,02:45:00 pm,0,101.511,24.158,2024-06-27 02:45:00
2024-06-27,03:00:00 pm,0,101.475,24.251,2024-06-27 03:00:00
2024-06-27,03:15:00 pm,0,101.479,24.332,2024-06-27 03:15:00
2024-06-27,03:30:00 pm,0,101.444,24.375,2024-06-27 03:30:00
2024-06-27,03:45:00 pm,0,101.427,24.326,2024-06-27 03:45:00
2024-06-27,04:00:00 pm,0,101.448,24.274,2024-06-27 04:00:00
2024-06-27,04:15:00 pm,0,101.444,24.314,2024-06-27 04:15:00
2024-06-27,04:30:00 pm,0,101.438,24.348,2024-06-27 04:30:00
2024-06-27,04:45:00 pm,0,101.416,24.367,2024-06-27 04:45:00
2024-06-27,05:00:00 pm,0,101.368,24.39,2024-06-27 05:00:00
2024-06-27,05:15:00 pm,0,101.366,24.355,2024-06-27 05:15:00
2024-06-27,05:30:00 pm,0,101.351,24.367,2024-06-27 05:30:00
2024-06-27,05:45:00 pm,0,101.3,24.369,2024-06-27 05:45:00
2024-06-27,06:00:00 pm,0,101.286,24.341,2024-06-27 06:00:00
2024-06-27,06:15:00 pm,0,101.272,24.309,2024-06-27 06:15:00
2024-06-27,06:30:00 pm,0,101.258,24.267,2024-06-27 06:30:00
2024-06-27,06:45:00 pm,0,101.252,24.232,2024-06-27 06:45:00
2024-06-27,07:00:00 pm,0,101.255,24.198,2024-06-27 07:00:00
2024-06-27,07:15:00 pm,0,101.241,24.159,2024-06-27 07:15:00
2024-06-27,07:30:00 pm,0,101.243,24.127,2024-06-27 07:30:00
2024-06-27,07:45:00 pm,0,101.245,24.093,2024-06-27 07:45:00
2024-06-27,08:00:00 pm,0,101.244,24.061,2024-06-27 08:00:00
2024-06-27,08:15:00 pm,0,101.234,24.027,2024-06-27 08:15:00
2024-06-27,08:30:00 pm,0,101.237,23.99,2024-06-27 08:30:00
2024-06-27,08:45:00 pm,0,101.23,23.952,2024-06-27 08:45:00
2024-06-27,09:00:00 pm,0,101.236,23.913,2024-06-27 09:00:00
2024-06-27,09:15:00 pm,0,101.241,23.874,2024-06-27 09:15:00
2024-06-27,09:30:00 pm,0,101.247,23.83,2024-06-27 09:30:00
2024-06-27,09:45:00 pm,0,101.257,23.786,2024-06-27 09:45:00
2024-06-27,10:00:00 pm,0,101.264,23.746,2024-06-27 10:00:00
2024-06-27,10:15:00 pm,0,101.284,23.697,2024-06-27 10:15:00
2024-06-27,10:30:00 pm,0,101.291,23.66,2024-06-27 10:30:00
2024-06-27,10:45:00 pm,0,101.309,23.617,2024-06-27 10:45:00
2024-06-27,11:00:00 pm,0,101.305,23.578,2024-06-27 11:00:00
2024-06-27,11:15:00 pm,0,101.291,23.535,2024-06-27 11:15:00
2024-06-27,11:30:00 pm,0,101.274,23.499,2024-06-27 11:30:00
2024-06-27,11:45:00 pm,0,101.258,23.464,2024-06-27 11:45:00
2024-06-28,12:00:00 am,0,101.257,23.43,2024-06-28 12:00:00
2024-06-28,12:15:00 am,0,101.251,23.398,2024-06-28 12:15:00
2024-06-28,12:30:00 am,0,101.246,23.369,2024-06-28 12:30:00
2024-06-28,12:45:00 am,0,101.225,23.334,2024-06-28 12:45:00
2024-06-28,01:00:00 am,0,101.235,23.299,2024-06-28 01:00:00
2024-06-28,01:15:00 am,0,101.227,23.263,2024-06-28 01:15:00
2024-06-28,01:30:00 am,0,101.205,23.229,2024-06-28 01:30:00
2024-06-28,01:45:00 am,0,101.198,23.188,2024-06-28 01:45:00
2024-06-28,02:00:00 am,0,101.19,23.15,2024-06-28 02:00:00
2024-06-28,02:15:00 am,0,101.189,23.112,2024-06-28 02:15:00
2024-06-28,02:30:00 am,0,101.178,23.075,2024-06-28 02:30:00
2024-06-28,02:45:00 am,0,101.171,23.039,2024-06-28 02:45:00
2024-06-28,03:00:00 am,0,101.172,23.004,2024-06-28 03:00:00
2024-06-28,03:15:00 am,0,101.159,22.97,2024-06-28 03:15:00
2024-06-28,03:30:00 am,0,101.157,22.938,2024-06-28 03:30:00
2024-06-28,03:45:00 am,0,101.156,22.903,2024-06-28 03:45:00
2024-06-28,04:00:00 am,0,101.152,22.872,2024-06-28 04:00:00
2024-06-28,04:15:00 am,0,101.171,22.841,2024-06-28 04:15:00
2024-06-28,04:30:00 am,0,101.2,22.808,2024-06-28 04:30:00
2024-06-28,04:45:00 am,0,101.246,22.776,2024-06-28 04:45:00
2024-06-28,05:00:00 am,0,101.256,22.742,2024-06-28 05:00:00
2024-06-28,05:15:00 am,0,101.259,22.712,2024-06-28 05:15:00
2024-06-28,05:30:00 am,0,101.244,22.679,2024-06-28 05:30:00
2024-06-28,05:45:00 am,0,101.254,22.648,2024-06-28 05:45:00
2024-06-28,06:00:00 am,0,101.286,22.613,2024-06-28 06:00:00
2024-06-28,06:15:00 am,0,101.283,22.584,2024-06-28 06:15:00
2024-06-28,06:30:00 am,0,101.297,22.56,2024-06-28 06:30:00
2024-06-28,06:45:00 am,0,101.322,22.547,2024-06-28 06:45:00
2024-06-28,07:00:00 am,0,101.32,22.542,2024-06-28 07:00:00
2024-06-28,07:15:00 am,0,101.322,22.542,2024-06-28 07:15:00
2024-06-28,07:30:00 am,0,101.367,22.548,2024-06-28 07:30:00
2024-06-28,07:45:00 am,0,101.397,22.558,2024-06-28 07:45:00
2024-06-28,08:00:00 am,0,101.409,22.569,2024-06-28 08:00:00
2024-06-28,08:15:00 am,0,101.417,22.589,2024-06-28 08:15:00
2024-06-28,08:30:00 am,0,101.412,22.609,2024-06-28 08:30:00
2024-06-28,08:45:00 am,0,101.411,22.651,2024-06-28 08:45:00
2024-06-28,09:00:00 am,0,101.419,22.725,2024-06-28 09:00:00
2024-06-28,09:15:00 am,0,101.427,22.802,2024-06-28 09:15:00
2024-06-28,09:30:00 am,0,101.428,22.858,2024-06-28 09:30:00
2024-06-28,09:45:00 am,0,101.42,22.925,2024-06-28 09:45:00
2024-06-28,10:00:00 am,0,101.434,23.024,2024-06-28 10:00:00
2024-06-28,10:15:00 am,0,101.463,23.125,2024-06-28 10:15:00
2024-06-28,10:30:00 am,0,101.476,23.227,2024-06-28 10:30:00
2024-06-28,10:45:00 am,0,101.48,23.324,2024-06-28 10:45:00
2024-06-28,11:00:00 am,0,101.496,23.427,2024-06-28 11:00:00
2024-06-28,11:15:00 am,0,101.502,23.492,2024-06-28 11:15:00
2024-06-28,11:30:00 am,0,101.523,23.625,2024-06-28 11:30:00
2024-06-28,11:45:00 am,0,101.551,23.756,2024-06-28 11:45:00
2024-06-28,12:00:00 pm,0,101.541,23.902,2024-06-28 12:00:00
2024-06-28,12:15:00 pm,0,101.499,24.034,2024-06-28 12:15:00
2024-06-28,12:30:00 pm,0,101.505,24.209,2024-06-28 12:30:00
2024-06-28,12:45:00 pm,0,101.493,24.385,2024-06-28 12:45:00
2024-06-28,01:00:00 pm,0,101.48,24.527,2024-06-28 01:00:00
2024-06-28,01:15:00 pm,0,101.465,24.579,2024-06-28 01:15:00
2024-06-28,01:30:00 pm,0,101.461,24.679,2024-06-28 01:30:00
2024-06-28,01:45:00 pm,0,101.47,24.823,2024-06-28 01:45:00
2024-06-28,02:00:00 pm,0,101.493,25.056,2024-06-28 02:00:00
2024-06-28,02:15:00 pm,0,101.468,25.25,2024-06-28 02:15:00
2024-06-28,02:30:00 pm,0,101.361,25.408,2024-06-28 02:30:00
2024-06-28,02:45:00 pm,0,101.379,25.498,2024-06-28 02:45:00
2024-06-28,03:00:00 pm,0,101.365,25.52,2024-06-28 03:00:00
2024-06-28,03:15:00 pm,0,101.363,25.545,2024-06-28 03:15:00
2024-06-28,03:30:00 pm,0,101.37,25.575,2024-06-28 03:30:00
2024-06-28,03:45:00 pm,0,101.367,25.572,2024-06-28 03:45:00
2024-06-28,04:00:00 pm,0,101.352,25.508,2024-06-28 04:00:00
2024-06-28,04:15:00 pm,0,101.359,25.499,2024-06-28 04:15:00
2024-06-28,04:30:00 pm,0,101.352,25.432,2024-06-28 04:30:00
2024-06-28,04:45:00 pm,0,101.337,25.395,2024-06-28 04:45:00
2024-06-28,05:00:00 pm,0,101.329,25.366,2024-06-28 05:00:00
2024-06-28,05:15:00 pm,0,101.311,25.332,2024-06-28 05:15:00
2024-06-28,05:30:00 pm,0,101.291,25.305,2024-06-28 05:30:00
2024-06-28,05:45:00 pm,0,101.275,25.255,2024-06-28 05:45:00
2024-06-28,06:00:00 pm,0,101.274,25.204,2024-06-28 06:00:00
2024-06-28,06:15:00 pm,0,101.273,25.158,2024-06-28 06:15:00
2024-06-28,06:30:00 pm,0,101.278,25.106,2024-06-28 06:30:00
2024-06-28,06:45:00 pm,0,101.275,25.05,2024-06-28 06:45:00
2024-06-28,07:00:00 pm,0,101.271,24.99,2024-06-28 07:00:00
2024-06-28,07:15:00 pm,0,101.265,24.934,2024-06-28 07:15:00
2024-06-28,07:30:00 pm,0,101.277,24.876,2024-06-28 07:30:00
2024-06-28,07:45:00 pm,0,101.31,24.821,2024-06-28 07:45:00
2024-06-28,08:00:00 pm,0,101.337,24.766,2024-06-28 08:00:00
2024-06-28,08:15:00 pm,0,101.349,24.716,2024-06-28 08:15:00
2024-06-28,08:30:00 pm,0,101.358,24.67,2024-06-28 08:30:00
2024-06-28,08:45:00 pm,0,101.372,24.622,2024-06-28 08:45:00
2024-06-28,09:00:00 pm,0,101.378,24.573,2024-06-28 09:00:00
2024-06-28,09:15:00 pm,0,101.413,24.525,2024-06-28 09:15:00
2024-06-28,09:30:00 pm,0,101.406,24.476,2024-06-28 09:30:00
2024-06-28,09:45:00 pm,0,101.415,24.429,2024-06-28 09:45:00
2024-06-28,10:00:00 pm,0,101.412,24.381,2024-06-28 10:00:00
2024-06-28,10:15:00 pm,0,101.405,24.33,2024-06-28 10:15:00
2024-06-28,10:30:00 pm,0,101.389,24.284,2024-06-28 10:30:00
2024-06-28,10:45:00 pm,0,101.404,24.24,2024-06-28 10:45:00
2024-06-28,11:00:00 pm,0,101.39,24.196,2024-06-28 11:00:00
2024-06-28,11:15:00 pm,0,101.392,24.155,2024-06-28 11:15:00
2024-06-28,11:30:00 pm,0,101.404,24.113,2024-06-28 11:30:00
2024-06-28,11:45:00 pm,0,101.444,24.078,2024-06-28 11:45:00
2024-06-29,12:00:00 am,0,101.452,24.039,2024-06-29 12:00:00
2024-06-29,12:15:00 am,0,101.443,24.006,2024-06-29 12:15:00
2024-06-29,12:30:00 am,0,101.431,23.975,2024-06-29 12:30:00
2024-06-29,12:45:00 am,0,101.429,23.94,2024-06-29 12:45:00
2024-06-29,01:00:00 am,0,101.447,23.905,2024-06-29 01:00:00
2024-06-29,01:15:00 am,0,101.434,23.87,2024-06-29 01:15:00
2024-06-29,01:30:00 am,0,101.416,23.833,2024-06-29 01:30:00
2024-06-29,01:45:00 am,0,101.4,23.795,2024-06-29 01:45:00
2024-06-29,02:00:00 am,0,101.402,23.762,2024-06-29 02:00:00
2024-06-29,02:15:00 am,0,101.395,23.728,2024-06-29 02:15:00
2024-06-29,02:30:00 am,0,101.424,23.697,2024-06-29 02:30:00
2024-06-29,02:45:00 am,0,101.461,23.669,2024-06-29 02:45:00
2024-06-29,03:00:00 am,0,101.478,23.64,2024-06-29 03:00:00
2024-06-29,03:15:00 am,0,101.503,23.615,2024-06-29 03:15:00
2024-06-29,03:30:00 am,0,101.524,23.591,2024-06-29 03:30:00
2024-06-29,03:45:00 am,0,101.554,23.568,2024-06-29 03:45:00
2024-06-29,04:00:00 am,0,101.568,23.549,2024-06-29 04:00:00
2024-06-29,04:15:00 am,0,101.589,23.529,2024-06-29 04:15:00
2024-06-29,04:30:00 am,0,101.621,23.512,2024-06-29 04:30:00
2024-06-29,04:45:00 am,0,101.654,23.496,2024-06-29 04:45:00
2024-06-29,05:00:00 am,0,101.676,23.486,2024-06-29 05:00:00
2024-06-29,05:15:00 am,0,101.713,23.477,2024-06-29 05:15:00
2024-06-29,05:30:00 am,0,101.737,23.465,2024-06-29 05:30:00
2024-06-29,05:45:00 am,0,101.752,23.454,2024-06-29 05:45:00
2024-06-29,06:00:00 am,0,101.806,23.444,2024-06-29 06:00:00
2024-06-29,06:15:00 am,0,101.813,23.434,2024-06-29 06:15:00
2024-06-29,06:30:00 am,0,101.821,23.425,2024-06-29 06:30:00
2024-06-29,06:45:00 am,0,101.836,23.418,2024-06-29 06:45:00
2024-06-29,07:00:00 am,0,101.841,23.411,2024-06-29 07:00:00
2024-06-29,07:15:00 am,0,101.847,23.412,2024-06-29 07:15:00
2024-06-29,07:30:00 am,0,101.846,23.418,2024-06-29 07:30:00
2024-06-29,07:45:00 am,0,101.857,23.428,2024-06-29 07:45:00
2024-06-29,08:00:00 am,0,101.872,23.438,2024-06-29 08:00:00
2024-06-29,08:15:00 am,0,101.879,23.445,2024-06-29 08:15:00
2024-06-29,08:30:00 am,0,101.896,23.454,2024-06-29 08:30:00
2024-06-29,08:45:00 am,0,101.897,23.459,2024-06-29 08:45:00
2024-06-29,09:00:00 am,0,101.895,23.485,2024-06-29 09:00:00
2024-06-29,09:15:00 am,0,101.909,23.541,2024-06-29 09:15:00
2024-06-29,09:30:00 am,0,101.899,23.554,2024-06-29 09:30:00
2024-06-29,09:45:00 am,0,101.901,23.618,2024-06-29 09:45:00
2024-06-29,10:00:00 am,0,101.914,23.637,2024-06-29 10:00:00
2024-06-29,10:15:00 am,0,101.912,23.67,2024-06-29 10:15:00
2024-06-29,10:30:00 am,0,101.937,23.707,2024-06-29 10:30:00
2024-06-29,10:45:00 am,0,101.946,23.738,2024-06-29 10:45:00
2024-06-29,11:00:00 am,0,101.938,23.764,2024-06-29 11:00:00
2024-06-29,11:15:00 am,0,101.96,23.799,2024-06-29 11:15:00
2024-06-29,11:30:00 am,0,101.993,23.821,2024-06-29 11:30:00
2024-06-29,11:45:00 am,0,102.031,23.824,2024-06-29 11:45:00
2024-06-29,12:00:00 pm,0,102.01,23.82,2024-06-29 12:00:00
2024-06-29,12:15:00 pm,0,102.042,23.812,2024-06-29 12:15:00
2024-06-29,12:30:00 pm,0,102.059,23.8,2024-06-29 12:30:00
2024-06-29,12:45:00 pm,0,102.04,23.803,2024-06-29 12:45:00
2024-06-29,01:00:00 pm,0,102.036,23.835,2024-06-29 01:00:00
2024-06-29,01:15:00 pm,0,102.067,23.852,2024-06-29 01:15:00
2024-06-29,01:30:00 pm,0,102.067,23.871,2024-06-29 01:30:00
2024-06-29,01:45:00 pm,0,102.073,23.894,2024-06-29 01:45:00
2024-06-29,02:00:00 pm,0,102.053,23.916,2024-06-29 02:00:00
2024-06-29,02:15:00 pm,0,102.049,23.98,2024-06-29 02:15:00
2024-06-29,02:30:00 pm,0,102.043,24.072,2024-06-29 02:30:00
2024-06-29,02:45:00 pm,0,102.052,24.189,2024-06-29 02:45:00
2024-06-29,03:00:00 pm,0,102.035,24.228,2024-06-29 03:00:00
2024-06-29,03:15:00 pm,0,102.045,24.242,2024-06-29 03:15:00
2024-06-29,03:30:00 pm,0,102.04,24.275,2024-06-29 03:30:00
2024-06-29,03:45:00 pm,0,102.05,24.301,2024-06-29 03:45:00
2024-06-29,04:00:00 pm,0,102.042,24.281,2024-06-29 04:00:00
2024-06-29,04:15:00 pm,0,102.006,24.263,2024-06-29 04:15:00
2024-06-29,04:30:00 pm,0,101.971,24.269,2024-06-29 04:30:00
2024-06-29,04:45:00 pm,0,101.944,24.263,2024-06-29 04:45:00
2024-06-29,05:00:00 pm,0,101.935,24.262,2024-06-29 05:00:00
2024-06-29,05:15:00 pm,0,101.925,24.266,2024-06-29 05:15:00
2024-06-29,05:30:00 pm,0,101.919,24.27,2024-06-29 05:30:00
2024-06-29,05:45:00 pm,0,101.917,24.264,2024-06-29 05:45:00
2024-06-29,06:00:00 pm,0,101.913,24.251,2024-06-29 06:00:00
2024-06-29,06:15:00 pm,0,101.907,24.236,2024-06-29 06:15:00
2024-06-29,06:30:00 pm,0,101.912,24.219,2024-06-29 06:30:00
2024-06-29,06:45:00 pm,0,101.914,24.195,2024-06-29 06:45:00
2024-06-29,07:00:00 pm,0,101.908,24.176,2024-06-29 07:00:00
2024-06-29,07:15:00 pm,0,101.927,24.157,2024-06-29 07:15:00
2024-06-29,07:30:00 pm,0,101.919,24.137,2024-06-29 07:30:00
2024-06-29,07:45:00 pm,0,101.928,24.11,2024-06-29 07:45:00
2024-06-29,08:00:00 pm,0,101.927,24.079,2024-06-29 08:00:00
2024-06-29,08:15:00 pm,0,101.913,24.049,2024-06-29 08:15:00
2024-06-29,08:30:00 pm,0,101.893,24.014,2024-06-29 08:30:00
2024-06-29,08:45:00 pm,0,101.892,23.978,2024-06-29 08:45:00
2024-06-29,09:00:00 pm,0,101.919,23.943,2024-06-29 09:00:00
2024-06-29,09:15:00 pm,0,101.917,23.913,2024-06-29 09:15:00
2024-06-29,09:30:00 pm,0,101.939,23.882,2024-06-29 09:30:00
2024-06-29,09:45:00 pm,0,101.947,23.852,2024-06-29 09:45:00
2024-06-29,10:00:00 pm,0,101.964,23.817,2024-06-29 10:00:00
2024-06-29,10:15:00 pm,0,101.992,23.787,2024-06-29 10:15:00
2024-06-29,10:30:00 pm,0,102.014,23.751,2024-06-29 10:30:00
2024-06-29,10:45:00 pm,0,102.071,23.722,2024-06-29 10:45:00
2024-06-29,11:00:00 pm,0,102.074,23.69,2024-06-29 11:00:00
2024-06-29,11:15:00 pm,0,102.092,23.659,2024-06-29 11:15:00
2024-06-29,11:30:00 pm,0,102.133,23.626,2024-06-29 11:30:00
2024-06-29,11:45:00 pm,0,102.147,23.597,2024-06-29 11:45:00
2024-06-30,12:00:00 am,0,102.136,23.566,2024-06-30 12:00:00
2024-06-30,12:15:00 am,0,102.126,23.536,2024-06-30 12:15:00
2024-06-30,12:30:00 am,0,102.115,23.507,2024-06-30 12:30:00
2024-06-30,12:45:00 am,0,102.102,23.477,2024-06-30 12:45:00
2024-06-30,01:00:00 am,0,102.103,23.447,2024-06-30 01:00:00
2024-06-30,01:15:00 am,0,102.105,23.419,2024-06-30 01:15:00
2024-06-30,01:30:00 am,0,102.1,23.392,2024-06-30 01:30:00
2024-06-30,01:45:00 am,0,102.09,23.364,2024-06-30 01:45:00
2024-06-30,02:00:00 am,0,102.092,23.337,2024-06-30 02:00:00
2024-06-30,02:15:00 am,0,102.081,23.312,2024-06-30 02:15:00
2024-06-30,02:30:00 am,0,102.061,23.284,2024-06-30 02:30:00
2024-06-30,02:45:00 am,0,102.079,23.255,2024-06-30 02:45:00
2024-06-30,03:00:00 am,0,102.062,23.23,2024-06-30 03:00:00
2024-06-30,03:15:00 am,0,102.036,23.205,2024-06-30 03:15:00
2024-06-30,03:30:00 am,0,102.017,23.181,2024-06-30 03:30:00
2024-06-30,03:45:00 am,0,102.012,23.155,2024-06-30 03:45:00
2024-06-30,04:00:00 am,0,102.025,23.131,2024-06-30 04:00:00
2024-06-30,04:15:00 am,0,102.018,23.106,2024-06-30 04:15:00
2024-06-30,04:30:00 am,0,102.006,23.078,2024-06-30 04:30:00
2024-06-30,04:45:00 am,0,101.999,23.051,2024-06-30 04:45:00
2024-06-30,05:00:00 am,0,102.036,23.022,2024-06-30 05:00:00
2024-06-30,05:15:00 am,0,102.05,22.992,2024-06-30 05:15:00
2024-06-30,05:30:00 am,0,102.052,22.961,2024-06-30 05:30:00
2024-06-30,05:45:00 am,0,102.068,22.932,2024-06-30 05:45:00
2024-06-30,06:00:00 am,0,102.074,22.904,2024-06-30 06:00:00
2024-06-30,06:15:00 am,0,102.072,22.876,2024-06-30 06:15:00
2024-06-30,06:30:00 am,0,102.081,22.85,2024-06-30 06:30:00
2024-06-30,06:45:00 am,0,102.092,22.829,2024-06-30 06:45:00
2024-06-30,07:00:00 am,0,102.139,22.817,2024-06-30 07:00:00
2024-06-30,07:15:00 am,0,102.163,22.808,2024-06-30 07:15:00
2024-06-30,07:30:00 am,0,102.171,22.809,2024-06-30 07:30:00
2024-06-30,07:45:00 am,0,102.179,22.817,2024-06-30 07:45:00
2024-06-30,08:00:00 am,0,102.182,22.832,2024-06-30 08:00:00
2024-06-30,08:15:00 am,0,102.186,22.859,2024-06-30 08:15:00
2024-06-30,08:30:00 am,0,102.197,22.902,2024-06-30 08:30:00
2024-06-30,08:45:00 am,0,102.194,22.968,2024-06-30 08:45:00
2024-06-30,09:00:00 am,0,102.206,23.055,2024-06-30 09:00:00
2024-06-30,09:15:00 am,0,102.208,23.142,2024-06-30 09:15:00
2024-06-30,09:30:00 am,0,102.224,23.221,2024-06-30 09:30:00
2024-06-30,09:45:00 am,0,102.248,23.32,2024-06-30 09:45:00
2024-06-30,10:00:00 am,0,102.268,23.42,2024-06-30 10:00:00
2024-06-30,10:15:00 am,0,102.284,23.53,2024-06-30 10:15:00
2024-06-30,10:30:00 am,0,102.302,23.66,2024-06-30 10:30:00
2024-06-30,10:45:00 am,0,102.312,23.791,2024-06-30 10:45:00
2024-06-30,11:00:00 am,0,102.322,23.899,2024-06-30 11:00:00
2024-06-30,11:15:00 am,0,102.309,23.992,2024-06-30 11:15:00
2024-06-30,11:30:00 am,0,102.263,24.112,2024-06-30 11:30:00
2024-06-30,11:45:00 am,0,102.257,24.207,2024-06-30 11:45:00
2024-06-30,12:00:00 pm,0,102.228,24.363,2024-06-30 12:00:00
2024-06-30,12:15:00 pm,0,102.195,24.508,2024-06-30 12:15:00
2024-06-30,12:30:00 pm,0,102.187,24.647,2024-06-30 12:30:00
2024-06-30,12:45:00 pm,0,102.18,24.793,2024-06-30 12:45:00
2024-06-30,01:00:00 pm,0,102.17,24.988,2024-06-30 01:00:00
2024-06-30,01:15:00 pm,0,102.16,25.181,2024-06-30 01:15:00
2024-06-30,01:30:00 pm,0,102.124,25.373,2024-06-30 01:30:00
2024-06-30,01:45:00 pm,0,102.104,25.563,2024-06-30 01:45:00
2024-06-30,02:00:00 pm,0,102.092,25.687,2024-06-30 02:00:00
2024-06-30,02:15:00 pm,0,102.073,25.69,2024-06-30 02:15:00
2024-06-30,02:30:00 pm,0,102.051,25.764,2024-06-30 02:30:00
2024-06-30,02:45:00 pm,0,101.953,25.792,2024-06-30 02:45:00
2024-06-30,03:00:00 pm,0,101.938,25.757,2024-06-30 03:00:00
2024-06-30,03:15:00 pm,0,101.936,25.79,2024-06-30 03:15:00
2024-06-30,03:30:00 pm,0,101.931,25.82,2024-06-30 03:30:00
2024-06-30,03:45:00 pm,0,101.918,25.832,2024-06-30 03:45:00
2024-06-30,04:00:00 pm,0,101.898,25.787,2024-06-30 04:00:00
2024-06-30,04:15:00 pm,0,101.888,25.754,2024-06-30 04:15:00
2024-06-30,04:30:00 pm,0,101.893,25.747,2024-06-30 04:30:00
2024-06-30,04:45:00 pm,0,101.895,25.743,2024-06-30 04:45:00
2024-06-30,05:00:00 pm,0,101.9,25.734,2024-06-30 05:00:00
2024-06-30,05:15:00 pm,0,101.888,25.715,2024-06-30 05:15:00
2024-06-30,05:30:00 pm,0,101.87,25.685,2024-06-30 05:30:00
2024-06-30,05:45:00 pm,0,101.865,25.645,2024-06-30 05:45:00
2024-06-30,06:00:00 pm,0,101.85,25.595,2024-06-30 06:00:00
2024-06-30,06:15:00 pm,0,101.841,25.55,2024-06-30 06:15:00
2024-06-30,06:30:00 pm,0,101.837,25.51,2024-06-30 06:30:00
2024-06-30,06:45:00 pm,0,101.82,25.455,2024-06-30 06:45:00
2024-06-30,07:00:00 pm,0,101.801,25.393,2024-06-30 07:00:00
2024-06-30,07:15:00 pm,0,101.784,25.332,2024-06-30 07:15:00
2024-06-30,07:30:00 pm,0,101.788,25.276,2024-06-30 07:30:00
2024-06-30,07:45:00 pm,0,101.787,25.217,2024-06-30 07:45:00
2024-06-30,08:00:00 pm,0,101.784,25.156,2024-06-30 08:00:00
2024-06-30,08:15:00 pm,0,101.788,25.092,2024-06-30 08:15:00
2024-06-30,08:30:00 pm,0,101.776,25.027,2024-06-30 08:30:00
2024-06-30,08:45:00 pm,0,101.777,24.963,2024-06-30 08:45:00
2024-06-30,09:00:00 pm,0,101.773,24.898,2024-06-30 09:00:00
2024-06-30,09:15:00 pm,0,101.763,24.833,2024-06-30 09:15:00
2024-06-30,09:30:00 pm,0,101.761,24.77,2024-06-30 09:30:00
2024-06-30,09:45:00 pm,0,101.764,24.706,2024-06-30 09:45:00
2024-06-30,10:00:00 pm,0,101.759,24.643,2024-06-30 10:00:00
2024-06-30,10:15:00 pm,0,101.773,24.577,2024-06-30 10:15:00
2024-06-30,10:30:00 pm,0,101.784,24.517,2024-06-30 10:30:00
2024-06-30,10:45:00 pm,0,101.775,24.459,2024-06-30 10:45:00
2024-06-30,11:00:00 pm,0,101.751,24.4,2024-06-30 11:00:00
2024-06-30,11:15:00 pm,0,101.737,24.337,2024-06-30 11:15:00
2024-06-30,11:30:00 pm,0,101.71,24.278,2024-06-30 11:30:00
2024-06-30,11:45:00 pm,0,101.681,24.217,2024-06-30 11:45:00
2024-07-01,12:00:00 am,0,101.66,24.159,2024-07-01 12:00:00
2024-07-01,12:15:00 am,0,101.644,24.099,2024-07-01 12:15:00
2024-07-01,12:30:00 am,0,101.651,24.043,2024-07-01 12:30:00
2024-07-01,12:45:00 am,0,101.637,23.989,2024-07-01 12:45:00
2024-07-01,01:00:00 am,0,101.611,23.935,2024-07-01 01:00:00
2024-07-01,01:15:00 am,0,101.591,23.885,2024-07-01 01:15:00
2024-07-01,01:30:00 am,0,101.568,23.831,2024-07-01 01:30:00
2024-07-01,01:45:00 am,0,101.547,23.785,2024-07-01 01:45:00
2024-07-01,02:00:00 am,0,101.519,23.74,2024-07-01 02:00:00
2024-07-01,02:15:00 am,0,101.498,23.705,2024-07-01 02:15:00
2024-07-01,02:30:00 am,0,101.555,23.67,2024-07-01 02:30:00
2024-07-01,02:45:00 am,0,101.566,23.637,2024-07-01 02:45:00
2024-07-01,03:00:00 am,0,101.559,23.603,2024-07-01 03:00:00
2024-07-01,03:15:00 am,0,101.553,23.564,2024-07-01 03:15:00
2024-07-01,03:30:00 am,0,101.571,23.527,2024-07-01 03:30:00
2024-07-01,03:45:00 am,0,101.626,23.49,2024-07-01 03:45:00
2024-07-01,04:00:00 am,0,101.62,23.451,2024-07-01 04:00:00
2024-07-01,04:15:00 am,0,101.612,23.408,2024-07-01 04:15:00
2024-07-01,04:30:00 am,0,101.612,23.37,2024-07-01 04:30:00
2024-07-01,04:45:00 am,0,101.629,23.329,2024-07-01 04:45:00
2024-07-01,05:00:00 am,0,101.66,23.292,2024-07-01 05:00:00
2024-07-01,05:15:00 am,0,101.662,23.253,2024-07-01 05:15:00
2024-07-01,05:30:00 am,0,101.687,23.214,2024-07-01 05:30:00
2024-07-01,05:45:00 am,0,101.692,23.174,2024-07-01 05:45:00
2024-07-01,06:00:00 am,0,101.67,23.142,2024-07-01 06:00:00
2024-07-01,06:15:00 am,0,101.711,23.11,2024-07-01 06:15:00
2024-07-01,06:30:00 am,0,101.712,23.082,2024-07-01 06:30:00
2024-07-01,06:45:00 am,0,101.701,23.062,2024-07-01 06:45:00
2024-07-01,07:00:00 am,0,101.737,23.052,2024-07-01 07:00:00
2024-07-01,07:15:00 am,0,101.726,23.055,2024-07-01 07:15:00
2024-07-01,07:30:00 am,0,101.729,23.062,2024-07-01 07:30:00
2024-07-01,07:45:00 am,0,101.735,23.078,2024-07-01 07:45:00
2024-07-01,08:00:00 am,0,101.745,23.105,2024-07-01 08:00:00
2024-07-01,08:15:00 am,0,101.745,23.134,2024-07-01 08:15:00
2024-07-01,08:30:00 am,0,101.751,23.182,2024-07-01 08:30:00
2024-07-01,08:45:00 am,0,101.75,23.25,2024-07-01 08:45:00
2024-07-01,09:00:00 am,0,101.777,23.354,2024-07-01 09:00:00
2024-07-01,09:15:00 am,0,101.793,23.449,2024-07-01 09:15:00
2024-07-01,09:30:00 am,0,101.811,23.538,2024-07-01 09:30:00
2024-07-01,09:45:00 am,0,101.823,23.632,2024-07-01 09:45:00
2024-07-01,10:00:00 am,0,101.843,23.736,2024-07-01 10:00:00
2024-07-01,10:15:00 am,0,101.86,23.838,2024-07-01 10:15:00
2024-07-01,10:30:00 am,0,101.875,23.953,2024-07-01 10:30:00
2024-07-01,10:45:00 am,0,101.882,24.08,2024-07-01 10:45:00
2024-07-01,11:00:00 am,0,101.868,24.217,2024-07-01 11:00:00
2024-07-01,11:15:00 am,0,101.864,24.377,2024-07-01 11:15:00
2024-07-01,11:30:00 am,0,101.775,24.547,2024-07-01 11:30:00
2024-07-01,11:45:00 am,0,101.789,24.662,2024-07-01 11:45:00
2024-07-01,12:00:00 pm,0,101.815,24.859,2024-07-01 12:00:00
2024-07-01,12:15:00 pm,0,101.801,24.943,2024-07-01 12:15:00
2024-07-01,12:30:00 pm,0,101.796,25.036,2024-07-01 12:30:00
2024-07-01,12:45:00 pm,0,101.787,25.164,2024-07-01 12:45:00
2024-07-01,01:00:00 pm,0,101.797,25.336,2024-07-01 01:00:00
2024-07-01,01:15:00 pm,0,101.797,25.492,2024-07-01 01:15:00
2024-07-01,01:30:00 pm,0,101.793,25.676,2024-07-01 01:30:00
2024-07-01,01:45:00 pm,0,101.78,25.879,2024-07-01 01:45:00
2024-07-01,02:00:00 pm,0,101.744,26.106,2024-07-01 02:00:00
2024-07-01,02:15:00 pm,0,101.755,26.252,2024-07-01 02:15:00
2024-07-01,02:30:00 pm,0,101.749,26.361,2024-07-01 02:30:00
2024-07-01,02:45:00 pm,0,101.738,26.423,2024-07-01 02:45:00
2024-07-01,03:00:00 pm,0,101.721,26.461,2024-07-01 03:00:00
2024-07-01,03:15:00 pm,0,101.702,26.447,2024-07-01 03:15:00
2024-07-01,03:30:00 pm,0,101.686,26.4,2024-07-01 03:30:00
2024-07-01,03:45:00 pm,0,101.661,26.347,2024-07-01 03:45:00
2024-07-01,04:00:00 pm,0,101.637,26.292,2024-07-01 04:00:00
2024-07-01,04:15:00 pm,0,101.615,26.259,2024-07-01 04:15:00
2024-07-01,04:30:00 pm,0,101.591,26.232,2024-07-01 04:30:00
2024-07-01,04:45:00 pm,0,101.574,26.194,2024-07-01 04:45:00
2024-07-01,05:00:00 pm,0,101.561,26.147,2024-07-01 05:00:00
2024-07-01,05:15:00 pm,0,101.547,26.093,2024-07-01 05:15:00
2024-07-01,05:30:00 pm,0,101.54,26.035,2024-07-01 05:30:00
2024-07-01,05:45:00 pm,0,101.533,25.965,2024-07-01 05:45:00
2024-07-01,06:00:00 pm,0,101.54,25.888,2024-07-01 06:00:00
2024-07-01,06:15:00 pm,0,101.527,25.813,2024-07-01 06:15:00
2024-07-01,06:30:00 pm,0,101.519,25.731,2024-07-01 06:30:00
2024-07-01,06:45:00 pm,0,101.515,25.645,2024-07-01 06:45:00
2024-07-01,07:00:00 pm,0,101.502,25.558,2024-07-01 07:00:00
2024-07-01,07:15:00 pm,0,101.49,25.472,2024-07-01 07:15:00
2024-07-01,07:30:00 pm,0,101.47,25.36,2024-07-01 07:30:00
2024-07-01,07:45:00 pm,0,101.441,25.24,2024-07-01 07:45:00
2024-07-01,08:00:00 pm,0,101.422,25.114,2024-07-01 08:00:00
2024-07-01,08:15:00 pm,0,101.413,24.982,2024-07-01 08:15:00
2024-07-01,08:30:00 pm,0,101.42,24.854,2024-07-01 08:30:00
2024-07-01,08:45:00 pm,0,101.421,24.733,2024-07-01 08:45:00
2024-07-01,09:00:00 pm,0,101.459,24.619,2024-07-01 09:00:00
2024-07-01,09:15:00 pm,0,101.437,24.502,2024-07-01 09:15:00
2024-07-01,09:30:00 pm,0,101.414,24.384,2024-07-01 09:30:00
2024-07-01,09:45:00 pm,0,101.396,24.265,2024-07-01 09:45:00
2024-07-01,10:00:00 pm,0,101.383,24.151,2024-07-01 10:00:00
2024-07-01,10:15:00 pm,0,101.399,24.039,2024-07-01 10:15:00
2024-07-01,10:30:00 pm,0,101.414,23.927,2024-07-01 10:30:00
2024-07-01,10:45:00 pm,0,101.451,23.821,2024-07-01 10:45:00
2024-07-01,11:00:00 pm,0,101.455,23.725,2024-07-01 11:00:00
2024-07-01,11:15:00 pm,0,101.461,23.633,2024-07-01 11:15:00
2024-07-01,11:30:00 pm,0,101.453,23.539,2024-07-01 11:30:00
2024-07-01,11:45:00 pm,0,101.47,23.453,2024-07-01 11:45:00
2024-07-02,12:00:00 am,0,101.467,23.369,2024-07-02 12:00:00
2024-07-02,12:15:00 am,0,101.462,23.285,2024-07-02 12:15:00
2024-07-02,12:30:00 am,0,101.463,23.204,2024-07-02 12:30:00
2024-07-02,12:45:00 am,0,101.468,23.129,2024-07-02 12:45:00
2024-07-02,01:00:00 am,0,101.472,23.052,2024-07-02 01:00:00
2024-07-02,01:15:00 am,0,101.483,22.977,2024-07-02 01:15:00
2024-07-02,01:30:00 am,0,101.467,22.908,2024-07-02 01:30:00
2024-07-02,01:45:00 am,0,101.458,22.837,2024-07-02 01:45:00
2024-07-02,02:00:00 am,0,101.449,22.765,2024-07-02 02:00:00
2024-07-02,02:15:00 am,0,101.441,22.697,2024-07-02 02:15:00
2024-07-02,02:30:00 am,0,101.438,22.626,2024-07-02 02:30:00
2024-07-02,02:45:00 am,0,101.429,22.561,2024-07-02 02:45:00
2024-07-02,03:00:00 am,0,101.419,22.495,2024-07-02 03:00:00
2024-07-02,03:15:00 am,0,101.415,22.431,2024-07-02 03:15:00
2024-07-02,03:30:00 am,0,101.416,22.367,2024-07-02 03:30:00
2024-07-02,03:45:00 am,0,101.427,22.295,2024-07-02 03:45:00
2024-07-02,04:00:00 am,0,101.434,22.226,2024-07-02 04:00:00
2024-07-02,04:15:00 am,0,101.454,22.158,2024-07-02 04:15:00
2024-07-02,04:30:00 am,0,101.464,22.089,2024-07-02 04:30:00
2024-07-02,04:45:00 am,0,101.486,22.025,2024-07-02 04:45:00
2024-07-02,05:00:00 am,0,101.497,21.966,2024-07-02 05:00:00
2024-07-02,05:15:00 am,0,101.51,21.904,2024-07-02 05:15:00
2024-07-02,05:30:00 am,0,101.54,21.84,2024-07-02 05:30:00
2024-07-02,05:45:00 am,0,101.557,21.786,2024-07-02 05:45:00
2024-07-02,06:00:00 am,0,101.566,21.727,2024-07-02 06:00:00
2024-07-02,06:15:00 am,0,101.585,21.674,2024-07-02 06:15:00
2024-07-02,06:30:00 am,0,101.597,21.625,2024-07-02 06:30:00
2024-07-02,06:45:00 am,0,101.612,21.581,2024-07-02 06:45:00
2024-07-02,07:00:00 am,0,101.629,21.555,2024-07-02 07:00:00
2024-07-02,07:15:00 am,0,101.642,21.545,2024-07-02 07:15:00
2024-07-02,07:30:00 am,0,101.655,21.543,2024-07-02 07:30:00
2024-07-02,07:45:00 am,0,101.66,21.555,2024-07-02 07:45:00
2024-07-02,08:00:00 am,0,101.665,21.577,2024-07-02 08:00:00
2024-07-02,08:15:00 am,0,101.679,21.621,2024-07-02 08:15:00
2024-07-02,08:30:00 am,0,101.699,21.685,2024-07-02 08:30:00
2024-07-02,08:45:00 am,0,101.723,21.784,2024-07-02 08:45:00
2024-07-02,09:00:00 am,0,101.754,21.926,2024-07-02 09:00:00
2024-07-02,09:15:00 am,0,101.785,22.061,2024-07-02 09:15:00
2024-07-02,09:30:00 am,0,101.812,22.195,2024-07-02 09:30:00
2024-07-02,09:45:00 am,0,101.838,22.332,2024-07-02 09:45:00
2024-07-02,10:00:00 am,0,101.867,22.485,2024-07-02 10:00:00
2024-07-02,10:15:00 am,0,101.894,22.636,2024-07-02 10:15:00
2024-07-02,10:30:00 am,0,101.927,22.811,2024-07-02 10:30:00
2024-07-02,10:45:00 am,0,101.938,22.972,2024-07-02 10:45:00
2024-07-02,11:00:00 am,0,101.928,23.132,2024-07-02 11:00:00
2024-07-02,11:15:00 am,0,101.829,23.233,2024-07-02 11:15:00
2024-07-02,11:30:00 am,0,101.829,23.33,2024-07-02 11:30:00
2024-07-02,11:45:00 am,0,101.839,23.53,2024-07-02 11:45:00
2024-07-02,12:00:00 pm,0,101.861,23.777,2024-07-02 12:00:00
2024-07-02,12:15:00 pm,0,101.885,24.03,2024-07-02 12:15:00
2024-07-02,12:30:00 pm,0,101.886,24.241,2024-07-02 12:30:00
2024-07-02,12:45:00 pm,0,101.897,24.442,2024-07-02 12:45:00
2024-07-02,01:00:00 pm,0,101.895,24.652,2024-07-02 01:00:00
2024-07-02,01:15:00 pm,0,101.897,24.865,2024-07-02 01:15:00
2024-07-02,01:30:00 pm,0,101.898,25.075,2024-07-02 01:30:00
2024-07-02,01:45:00 pm,0,101.836,25.302,2024-07-02 01:45:00
2024-07-02,02:00:00 pm,0,101.848,25.529,2024-07-02 02:00:00
2024-07-02,02:15:00 pm,0,101.834,25.682,2024-07-02 02:15:00
2024-07-02,02:30:00 pm,0,101.764,25.838,2024-07-02 02:30:00
2024-07-02,02:45:00 pm,0,101.782,25.929,2024-07-02 02:45:00
2024-07-02,03:00:00 pm,0,101.767,25.933,2024-07-02 03:00:00
2024-07-02,03:15:00 pm,0,101.76,25.928,2024-07-02 03:15:00
2024-07-02,03:30:00 pm,0,101.759,25.953,2024-07-02 03:30:00
2024-07-02,03:45:00 pm,0,101.747,25.868,2024-07-02 03:45:00
2024-07-02,04:00:00 pm,0,101.725,25.795,2024-07-02 04:00:00
2024-07-02,04:15:00 pm,0,101.727,25.799,2024-07-02 04:15:00
2024-07-02,04:30:00 pm,0,101.723,25.797,2024-07-02 04:30:00
2024-07-02,04:45:00 pm,0,101.714,25.781,2024-07-02 04:45:00
2024-07-02,05:00:00 pm,0,101.698,25.76,2024-07-02 05:00:00
2024-07-02,05:15:00 pm,0,101.693,25.738,2024-07-02 05:15:00
2024-07-02,05:30:00 pm,0,101.688,25.713,2024-07-02 05:30:00
2024-07-02,05:45:00 pm,0,101.678,25.681,2024-07-02 05:45:00
2024-07-02,06:00:00 pm,0,101.669,25.641,2024-07-02 06:00:00
2024-07-02,06:15:00 pm,0,101.652,25.596,2024-07-02 06:15:00
2024-07-02,06:30:00 pm,0,101.639,25.551,2024-07-02 06:30:00
2024-07-02,06:45:00 pm,0,101.623,25.506,2024-07-02 06:45:00
2024-07-02,07:00:00 pm,0,101.611,25.45,2024-07-02 07:00:00
2024-07-02,07:15:00 pm,0,101.602,25.392,2024-07-02 07:15:00
2024-07-02,07:30:00 pm,0,101.6,25.333,2024-07-02 07:30:00
2024-07-02,07:45:00 pm,0,101.604,25.273,2024-07-02 07:45:00
2024-07-02,08:00:00 pm,0,101.599,25.216,2024-07-02 08:00:00
2024-07-02,08:15:00 pm,0,101.591,25.159,2024-07-02 08:15:00
2024-07-02,08:30:00 pm,0,101.58,25.104,2024-07-02 08:30:00
2024-07-02,08:45:00 pm,0,101.579,25.048,2024-07-02 08:45:00
2024-07-02,09:00:00 pm,0,101.597,24.997,2024-07-02 09:00:00
2024-07-02,09:15:00 pm,0,101.61,24.946,2024-07-02 09:15:00
2024-07-02,09:30:00 pm,0,101.617,24.903,2024-07-02 09:30:00
2024-07-02,09:45:00 pm,0,101.625,24.863,2024-07-02 09:45:00
2024-07-02,10:00:00 pm,0,101.653,24.823,2024-07-02 10:00:00
2024-07-02,10:15:00 pm,0,101.646,24.78,2024-07-02 10:15:00
2024-07-02,10:30:00 pm,0,101.635,24.736,2024-07-02 10:30:00
2024-07-02,10:45:00 pm,0,101.631,24.695,2024-07-02 10:45:00
2024-07-02,11:00:00 pm,0,101.626,24.655,2024-07-02 11:00:00
2024-07-02,11:15:00 pm,0,101.636,24.618,2024-07-02 11:15:00
2024-07-02,11:30:00 pm,0,101.632,24.576,2024-07-02 11:30:00
2024-07-02,11:45:00 pm,0,101.692,24.538,2024-07-02 11:45:00
2024-07-03,12:00:00 am,0,101.687,24.5,2024-07-03 12:00:00
2024-07-03,12:15:00 am,0,101.687,24.46,2024-07-03 12:15:00
2024-07-03,12:30:00 am,0,101.692,24.419,2024-07-03 12:30:00
2024-07-03,12:45:00 am,0,101.689,24.381,2024-07-03 12:45:00
2024-07-03,01:00:00 am,0,101.687,24.342,2024-07-03 01:00:00
2024-07-03,01:15:00 am,0,101.672,24.303,2024-07-03 01:15:00
2024-07-03,01:30:00 am,0,101.665,24.266,2024-07-03 01:30:00
2024-07-03,01:45:00 am,0,101.681,24.23,2024-07-03 01:45:00
2024-07-03,02:00:00 am,0,101.689,24.192,2024-07-03 02:00:00
2024-07-03,02:15:00 am,0,101.682,24.155,2024-07-03 02:15:00
2024-07-03,02:30:00 am,0,101.676,24.117,2024-07-03 02:30:00
2024-07-03,02:45:00 am,0,101.671,24.079,2024-07-03 02:45:00
2024-07-03,03:00:00 am,0,101.678,24.04,2024-07-03 03:00:00
2024-07-03,03:15:00 am,0,101.678,24.003,2024-07-03 03:15:00
2024-07-03,03:30:00 am,0,101.694,23.962,2024-07-03 03:30:00
2024-07-03,03:45:00 am,0,101.709,23.928,2024-07-03 03:45:00
2024-07-03,04:00:00 am,0,101.713,23.895,2024-07-03 04:00:00
2024-07-03,04:15:00 am,0,101.722,23.863,2024-07-03 04:15:00
2024-07-03,04:30:00 am,0,101.767,23.83,2024-07-03 04:30:00
2024-07-03,04:45:00 am,0,101.764,23.796,2024-07-03 04:45:00
2024-07-03,05:00:00 am,0,101.759,23.766,2024-07-03 05:00:00
2024-07-03,05:15:00 am,0,101.758,23.739,2024-07-03 05:15:00
2024-07-03,05:30:00 am,0,101.768,23.709,2024-07-03 05:30:00
2024-07-03,05:45:00 am,0,101.779,23.682,2024-07-03 05:45:00
2024-07-03,06:00:00 am,0,101.8,23.658,2024-07-03 06:00:00
2024-07-03,06:15:00 am,0,101.819,23.635,2024-07-03 06:15:00
2024-07-03,06:30:00 am,0,101.842,23.62,2024-07-03 06:30:00
2024-07-03,06:45:00 am,0,101.872,23.614,2024-07-03 06:45:00
2024-07-03,07:00:00 am,0,101.87,23.61,2024-07-03 07:00:00
2024-07-03,07:15:00 am,0,101.876,23.612,2024-07-03 07:15:00
2024-07-03,07:30:00 am,0,101.889,23.617,2024-07-03 07:30:00
2024-07-03,07:45:00 am,0,101.895,23.633,2024-07-03 07:45:00
2024-07-03,08:00:00 am,0,101.907,23.653,2024-07-03 08:00:00
2024-07-03,08:15:00 am,0,101.917,23.682,2024-07-03 08:15:00
2024-07-03,08:30:00 am,0,101.932,23.72,2024-07-03 08:30:00
2024-07-03,08:45:00 am,0,101.942,23.766,2024-07-03 08:45:00
2024-07-03,09:00:00 am,0,101.944,23.826,2024-07-03 09:00:00
2024-07-03,09:15:00 am,0,101.959,23.891,2024-07-03 09:15:00
2024-07-03,09:30:00 am,0,101.98,24.001,2024-07-03 09:30:00
2024-07-03,09:45:00 am,0,101.998,24.101,2024-07-03 09:45:00
2024-07-03,10:00:00 am,0,102.025,24.2,2024-07-03 10:00:00
2024-07-03,10:15:00 am,0,102.04,24.217,2024-07-03 10:15:00
2024-07-03,10:30:00 am,0,102.033,24.21,2024-07-03 10:30:00
2024-07-03,10:45:00 am,0,102.045,24.314,2024-07-03 10:45:00
2024-07-03,11:00:00 am,0,102.049,24.334,2024-07-03 11:00:00
2024-07-03,11:15:00 am,0,102.051,24.374,2024-07-03 11:15:00
2024-07-03,11:30:00 am,0,102.06,24.451,2024-07-03 11:30:00
2024-07-03,11:45:00 am,0,102.072,24.619,2024-07-03 11:45:00
2024-07-03,12:00:00 pm,0,102.084,24.822,2024-07-03 12:00:00
2024-07-03,12:15:00 pm,0,102.091,24.975,2024-07-03 12:15:00
2024-07-03,12:30:00 pm,0,102.086,25.109,2024-07-03 12:30:00
2024-07-03,12:45:00 pm,0,102.084,25.261,2024-07-03 12:45:00
2024-07-03,01:00:00 pm,0,102.067,25.335,2024-07-03 01:00:00
2024-07-03,01:15:00 pm,0,102.03,25.432,2024-07-03 01:15:00
2024-07-03,01:30:00 pm,0,102.035,25.611,2024-07-03 01:30:00
2024-07-03,01:45:00 pm,0,102.029,25.848,2024-07-03 01:45:00
2024-07-03,02:00:00 pm,0,102.003,26.09,2024-07-03 02:00:00
2024-07-03,02:15:00 pm,0,101.917,26.295,2024-07-03 02:15:00
2024-07-03,02:30:00 pm,0,101.927,26.459,2024-07-03 02:30:00
2024-07-03,02:45:00 pm,0,101.911,26.526,2024-07-03 02:45:00
2024-07-03,03:00:00 pm,0,101.894,26.538,2024-07-03 03:00:00
2024-07-03,03:15:00 pm,0,101.865,26.508,2024-07-03 03:15:00
2024-07-03,03:30:00 pm,0,101.844,26.501,2024-07-03 03:30:00
2024-07-03,03:45:00 pm,0,101.809,26.466,2024-07-03 03:45:00
2024-07-03,04:00:00 pm,0,101.778,26.437,2024-07-03 04:00:00
2024-07-03,04:15:00 pm,0,101.786,26.416,2024-07-03 04:15:00
2024-07-03,04:30:00 pm,0,101.772,26.4,2024-07-03 04:30:00
2024-07-03,04:45:00 pm,0,101.751,26.371,2024-07-03 04:45:00
2024-07-03,05:00:00 pm,0,101.733,26.338,2024-07-03 05:00:00
2024-07-03,05:15:00 pm,0,101.715,26.3,2024-07-03 05:15:00
2024-07-03,05:30:00 pm,0,101.699,26.257,2024-07-03 05:30:00
2024-07-03,05:45:00 pm,0,101.682,26.204,2024-07-03 05:45:00
2024-07-03,06:00:00 pm,0,101.672,26.146,2024-07-03 06:00:00
2024-07-03,06:15:00 pm,0,101.664,26.092,2024-07-03 06:15:00
2024-07-03,06:30:00 pm,0,101.653,26.037,2024-07-03 06:30:00
2024-07-03,06:45:00 pm,0,101.652,25.986,2024-07-03 06:45:00
2024-07-03,07:00:00 pm,0,101.64,25.935,2024-07-03 07:00:00
2024-07-03,07:15:00 pm,0,101.631,25.872,2024-07-03 07:15:00
2024-07-03,07:30:00 pm,0,101.614,25.801,2024-07-03 07:30:00
2024-07-03,07:45:00 pm,0,101.601,25.737,2024-07-03 07:45:00
2024-07-03,08:00:00 pm,0,101.596,25.674,2024-07-03 08:00:00
2024-07-03,08:15:00 pm,0,101.602,25.61,2024-07-03 08:15:00
2024-07-03,08:30:00 pm,0,101.599,25.545,2024-07-03 08:30:00
2024-07-03,08:45:00 pm,0,101.591,25.484,2024-07-03 08:45:00
2024-07-03,09:00:00 pm,0,101.588,25.422,2024-07-03 09:00:00
2024-07-03,09:15:00 pm,0,101.59,25.362,2024-07-03 09:15:00
2024-07-03,09:30:00 pm,0,101.602,25.307,2024-07-03 09:30:00
2024-07-03,09:45:00 pm,0,101.626,25.245,2024-07-03 09:45:00
2024-07-03,10:00:00 pm,0,101.638,25.188,2024-07-03 10:00:00
2024-07-03,10:15:00 pm,0,101.662,25.129,2024-07-03 10:15:00
2024-07-03,10:30:00 pm,0,101.698,25.071,2024-07-03 10:30:00
2024-07-03,10:45:00 pm,0,101.71,25.019,2024-07-03 10:45:00
2024-07-03,11:00:00 pm,0,101.694,24.964,2024-07-03 11:00:00
2024-07-03,11:15:00 pm,0,101.688,24.908,2024-07-03 11:15:00
2024-07-03,11:30:00 pm,0,101.669,24.851,2024-07-03 11:30:00
2024-07-03,11:45:00 pm,0,101.636,24.793,2024-07-03 11:45:00
2024-07-04,12:00:00 am,0,101.605,24.738,2024-07-04 12:00:00
2024-07-04,12:15:00 am,0,101.61,24.681,2024-07-04 12:15:00
2024-07-04,12:30:00 am,0,101.607,24.63,2024-07-04 12:30:00
2024-07-04,12:45:00 am,0,101.59,24.581,2024-07-04 12:45:00
2024-07-04,01:00:00 am,0,101.571,24.534,2024-07-04 01:00:00
2024-07-04,01:15:00 am,0,101.553,24.483,2024-07-04 01:15:00
2024-07-04,01:30:00 am,0,101.536,24.433,2024-07-04 01:30:00
2024-07-04,01:45:00 am,0,101.527,24.382,2024-07-04 01:45:00
2024-07-04,02:00:00 am,0,101.522,24.335,2024-07-04 02:00:00
2024-07-04,02:15:00 am,0,101.513,24.287,2024-07-04 02:15:00
2024-07-04,02:30:00 am,0,101.484,24.234,2024-07-04 02:30:00
2024-07-04,02:45:00 am,0,101.469,24.187,2024-07-04 02:45:00
2024-07-04,03:00:00 am,0,101.481,24.146,2024-07-04 03:00:00
2024-07-04,03:15:00 am,0,101.497,24.104,2024-07-04 03:15:00
2024-07-04,03:30:00 am,0,101.491,24.066,2024-07-04 03:30:00
2024-07-04,03:45:00 am,0,101.488,24.023,2024-07-04 03:45:00
2024-07-04,04:00:00 am,0,101.476,23.98,2024-07-04 04:00:00
2024-07-04,04:15:00 am,0,101.474,23.944,2024-07-04 04:15:00
2024-07-04,04:30:00 am,0,101.463,23.905,2024-07-04 04:30:00
2024-07-04,04:45:00 am,0,101.479,23.868,2024-07-04 04:45:00
2024-07-04,05:00:00 am,0,101.542,23.825,2024-07-04 05:00:00
2024-07-04,05:15:00 am,0,101.544,23.79,2024-07-04 05:15:00
2024-07-04,05:30:00 am,0,101.544,23.758,2024-07-04 05:30:00
2024-07-04,05:45:00 am,0,101.544,23.73,2024-07-04 05:45:00
2024-07-04,06:00:00 am,0,101.566,23.7,2024-07-04 06:00:00
2024-07-04,06:15:00 am,0,101.584,23.669,2024-07-04 06:15:00
2024-07-04,06:30:00 am,0,101.598,23.646,2024-07-04 06:30:00
2024-07-04,06:45:00 am,0,101.601,23.623,2024-07-04 06:45:00
2024-07-04,07:00:00 am,0,101.623,23.61,2024-07-04 07:00:00
2024-07-04,07:15:00 am,0,101.657,23.608,2024-07-04 07:15:00
2024-07-04,07:30:00 am,0,101.655,23.617,2024-07-04 07:30:00
2024-07-04,07:45:00 am,0,101.668,23.634,2024-07-04 07:45:00
2024-07-04,08:00:00 am,0,101.673,23.662,2024-07-04 08:00:00
2024-07-04,08:15:00 am,0,101.683,23.702,2024-07-04 08:15:00
2024-07-04,08:30:00 am,0,101.692,23.734,2024-07-04 08:30:00
2024-07-04,08:45:00 am,0,101.7,23.783,2024-07-04 08:45:00
2024-07-04,09:00:00 am,0,101.713,23.833,2024-07-04 09:00:00
2024-07-04,09:15:00 am,0,101.723,23.872,2024-07-04 09:15:00
2024-07-04,09:30:00 am,0,101.736,23.96,2024-07-04 09:30:00
2024-07-04,09:45:00 am,0,101.75,24.037,2024-07-04 09:45:00
2024-07-04,10:00:00 am,0,101.767,24.159,2024-07-04 10:00:00
2024-07-04,10:15:00 am,0,101.774,24.219,2024-07-04 10:15:00
2024-07-04,10:30:00 am,0,101.796,24.355,2024-07-04 10:30:00
2024-07-04,10:45:00 am,0,101.81,24.445,2024-07-04 10:45:00
2024-07-04,11:00:00 am,0,101.826,24.498,2024-07-04 11:00:00
2024-07-04,11:15:00 am,0,101.84,24.674,2024-07-04 11:15:00
2024-07-04,11:30:00 am,0,101.826,24.734,2024-07-04 11:30:00
2024-07-04,11:45:00 am,0,101.814,24.87,2024-07-04 11:45:00
2024-07-04,12:00:00 pm,0,101.72,25.052,2024-07-04 12:00:00
2024-07-04,12:15:00 pm,0,101.704,25.047,2024-07-04 12:15:00
2024-07-04,12:30:00 pm,0,101.7,25.187,2024-07-04 12:30:00
2024-07-04,12:45:00 pm,0,101.689,25.344,2024-07-04 12:45:00
2024-07-04,01:00:00 pm,0,101.677,25.488,2024-07-04 01:00:00
2024-07-04,01:15:00 pm,0,101.67,25.665,2024-07-04 01:15:00
2024-07-04,01:30:00 pm,0,101.668,25.767,2024-07-04 01:30:00
2024-07-04,01:45:00 pm,0,101.633,25.886,2024-07-04 01:45:00
2024-07-04,02:00:00 pm,0,101.614,26.062,2024-07-04 02:00:00
2024-07-04,02:15:00 pm,0,101.526,26.215,2024-07-04 02:15:00
2024-07-04,02:30:00 pm,0,101.545,26.375,2024-07-04 02:30:00
2024-07-04,02:45:00 pm,0,101.532,26.496,2024-07-04 02:45:00
2024-07-04,03:00:00 pm,0,101.493,26.571,2024-07-04 03:00:00
2024-07-04,03:15:00 pm,0,101.468,26.602,2024-07-04 03:15:00
2024-07-04,03:30:00 pm,0,101.472,26.612,2024-07-04 03:30:00
2024-07-04,03:45:00 pm,0,101.457,26.61,2024-07-04 03:45:00
2024-07-04,04:00:00 pm,0,101.443,26.605,2024-07-04 04:00:00
2024-07-04,04:15:00 pm,0,101.442,26.614,2024-07-04 04:15:00
2024-07-04,04:30:00 pm,0,101.352,26.608,2024-07-04 04:30:00
2024-07-04,04:45:00 pm,0,101.351,26.576,2024-07-04 04:45:00
2024-07-04,05:00:00 pm,0,101.338,26.575,2024-07-04 05:00:00
2024-07-04,05:15:00 pm,0,101.313,26.536,2024-07-04 05:15:00
2024-07-04,05:30:00 pm,0,101.318,26.491,2024-07-04 05:30:00
2024-07-04,05:45:00 pm,0,101.306,26.455,2024-07-04 05:45:00
2024-07-04,06:00:00 pm,0,101.31,26.41,2024-07-04 06:00:00
2024-07-04,06:15:00 pm,0,101.313,26.363,2024-07-04 06:15:00
2024-07-04,06:30:00 pm,0,101.3,26.319,2024-07-04 06:30:00
2024-07-04,06:45:00 pm,0,101.295,26.282,2024-07-04 06:45:00
2024-07-04,07:00:00 pm,0,101.284,26.238,2024-07-04 07:00:00
2024-07-04,07:15:00 pm,0,101.287,26.191,2024-07-04 07:15:00
2024-07-04,07:30:00 pm,0,101.266,26.136,2024-07-04 07:30:00
2024-07-04,07:45:00 pm,0,101.25,26.074,2024-07-04 07:45:00
2024-07-04,08:00:00 pm,0,101.251,26.006,2024-07-04 08:00:00
2024-07-04,08:15:00 pm,0,101.26,25.94,2024-07-04 08:15:00
2024-07-04,08:30:00 pm,0,101.254,25.873,2024-07-04 08:30:00
2024-07-04,08:45:00 pm,0,101.25,25.808,2024-07-04 08:45:00
2024-07-04,09:00:00 pm,0,101.266,25.742,2024-07-04 09:00:00
2024-07-04,09:15:00 pm,0,101.266,25.682,2024-07-04 09:15:00
2024-07-04,09:30:00 pm,0,101.306,25.621,2024-07-04 09:30:00
2024-07-04,09:45:00 pm,0,101.31,25.565,2024-07-04 09:45:00
2024-07-04,10:00:00 pm,0,101.301,25.51,2024-07-04 10:00:00
2024-07-04,10:15:00 pm,0,101.299,25.457,2024-07-04 10:15:00
2024-07-04,10:30:00 pm,0,101.299,25.404,2024-07-04 10:30:00
2024-07-04,10:45:00 pm,0,101.296,25.348,2024-07-04 10:45:00
2024-07-04,11:00:00 pm,0,101.285,25.293,2024-07-04 11:00:00
2024-07-04,11:15:00 pm,0,101.289,25.241,2024-07-04 11:15:00
2024-07-04,11:30:00 pm,0,101.281,25.188,2024-07-04 11:30:00
2024-07-04,11:45:00 pm,0,101.266,25.138,2024-07-04 11:45:00
2024-07-05,12:00:00 am,0,101.253,25.085,2024-07-05 12:00:00
2024-07-05,12:15:00 am,0,101.223,25.037,2024-07-05 12:15:00
2024-07-05,12:30:00 am,0,101.193,24.982,2024-07-05 12:30:00
2024-07-05,12:45:00 am,0,101.174,24.933,2024-07-05 12:45:00
2024-07-05,01:00:00 am,0,101.153,24.886,2024-07-05 01:00:00
2024-07-05,01:15:00 am,0,101.143,24.842,2024-07-05 01:15:00
2024-07-05,01:30:00 am,0,101.158,24.801,2024-07-05 01:30:00
2024-07-05,01:45:00 am,0,101.154,24.757,2024-07-05 01:45:00
2024-07-05,02:00:00 am,0,101.154,24.717,2024-07-05 02:00:00
2024-07-05,02:15:00 am,0,101.151,24.678,2024-07-05 02:15:00
2024-07-05,02:30:00 am,0,101.144,24.638,2024-07-05 02:30:00
2024-07-05,02:45:00 am,0,101.145,24.596,2024-07-05 02:45:00
2024-07-05,03:00:00 am,0,101.141,24.552,2024-07-05 03:00:00
2024-07-05,03:15:00 am,0,101.183,24.514,2024-07-05 03:15:00
2024-07-05,03:30:00 am,0,101.264,24.474,2024-07-05 03:30:00
2024-07-05,03:45:00 am,0,101.26,24.436,2024-07-05 03:45:00
2024-07-05,04:00:00 am,0,101.257,24.393,2024-07-05 04:00:00
2024-07-05,04:15:00 am,0,101.254,24.353,2024-07-05 04:15:00
2024-07-05,04:30:00 am,0,101.242,24.317,2024-07-05 04:30:00
2024-07-05,04:45:00 am,0,101.249,24.285,2024-07-05 04:45:00
2024-07-05,05:00:00 am,0,101.246,24.257,2024-07-05 05:00:00
2024-07-05,05:15:00 am,0,101.259,24.226,2024-07-05 05:15:00
2024-07-05,05:30:00 am,0,101.269,24.201,2024-07-05 05:30:00
2024-07-05,05:45:00 am,0,101.279,24.172,2024-07-05 05:45:00
2024-07-05,06:00:00 am,0,101.283,24.143,2024-07-05 06:00:00
2024-07-05,06:15:00 am,0,101.294,24.115,2024-07-05 06:15:00
2024-07-05,06:30:00 am,0,101.302,24.088,2024-07-05 06:30:00
2024-07-05,06:45:00 am,0,101.32,24.067,2024-07-05 06:45:00
2024-07-05,07:00:00 am,0,101.335,24.05,2024-07-05 07:00:00
2024-07-05,07:15:00 am,0,101.335,24.041,2024-07-05 07:15:00
2024-07-05,07:30:00 am,0,101.347,24.04,2024-07-05 07:30:00
2024-07-05,07:45:00 am,0,101.36,24.048,2024-07-05 07:45:00
2024-07-05,08:00:00 am,0,101.358,24.061,2024-07-05 08:00:00
2024-07-05,08:15:00 am,0,101.35,24.073,2024-07-05 08:15:00
2024-07-05,08:30:00 am,0,101.362,24.093,2024-07-05 08:30:00
2024-07-05,08:45:00 am,0,101.364,24.121,2024-07-05 08:45:00
2024-07-05,09:00:00 am,0,101.361,24.142,2024-07-05 09:00:00
2024-07-05,09:15:00 am,0,101.365,24.181,2024-07-05 09:15:00
2024-07-05,09:30:00 am,0,101.376,24.198,2024-07-05 09:30:00
2024-07-05,09:45:00 am,0,101.367,24.204,2024-07-05 09:45:00
2024-07-05,10:00:00 am,0,101.375,24.202,2024-07-05 10:00:00
2024-07-05,10:15:00 am,0,101.362,24.209,2024-07-05 10:15:00
2024-07-05,10:30:00 am,0,101.363,24.223,2024-07-05 10:30:00
2024-07-05,10:45:00 am,0,101.361,24.242,2024-07-05 10:45:00
2024-07-05,11:00:00 am,0,101.365,24.275,2024-07-05 11:00:00
2024-07-05,11:15:00 am,0,101.372,24.351,2024-07-05 11:15:00
2024-07-05,11:30:00 am,0,101.391,24.466,2024-07-05 11:30:00
2024-07-05,11:45:00 am,0,101.41,24.606,2024-07-05 11:45:00
2024-07-05,12:00:00 pm,0,101.428,24.715,2024-07-05 12:00:00
2024-07-05,12:15:00 pm,0,101.433,24.853,2024-07-05 12:15:00
2024-07-05,12:30:00 pm,0,101.453,24.985,2024-07-05 12:30:00
2024-07-05,12:45:00 pm,0,101.448,25.121,2024-07-05 12:45:00
2024-07-05,01:00:00 pm,0,101.467,25.264,2024-07-05 01:00:00
2024-07-05,01:15:00 pm,0,101.341,25.418,2024-07-05 01:15:00
2024-07-05,01:30:00 pm,0,101.323,25.599,2024-07-05 01:30:00
2024-07-05,01:45:00 pm,0,101.314,25.812,2024-07-05 01:45:00
2024-07-05,02:00:00 pm,0,101.318,26.056,2024-07-05 02:00:00
2024-07-05,02:15:00 pm,0,101.293,26.251,2024-07-05 02:15:00
2024-07-05,02:30:00 pm,0,101.321,26.345,2024-07-05 02:30:00
2024-07-05,02:45:00 pm,0,101.286,26.382,2024-07-05 02:45:00
2024-07-05,03:00:00 pm,0,101.248,26.305,2024-07-05 03:00:00
2024-07-05,03:15:00 pm,0,101.268,26.18,2024-07-05 03:15:00
2024-07-05,03:30:00 pm,0,101.239,26.058,2024-07-05 03:30:00
2024-07-05,03:45:00 pm,0,101.21,25.978,2024-07-05 03:45:00
2024-07-05,04:00:00 pm,0,101.194,25.925,2024-07-05 04:00:00
2024-07-05,04:15:00 pm,0,101.208,25.899,2024-07-05 04:15:00
2024-07-05,04:30:00 pm,0,101.191,25.873,2024-07-05 04:30:00
2024-07-05,04:45:00 pm,0,101.181,25.843,2024-07-05 04:45:00
2024-07-05,05:00:00 pm,0,101.197,25.807,2024-07-05 05:00:00
2024-07-05,05:15:00 pm,0,101.211,25.77,2024-07-05 05:15:00
2024-07-05,05:30:00 pm,0,101.169,25.731,2024-07-05 05:30:00
2024-07-05,05:45:00 pm,0,101.158,25.678,2024-07-05 05:45:00
2024-07-05,06:00:00 pm,0,101.146,25.63,2024-07-05 06:00:00
2024-07-05,06:15:00 pm,0,101.125,25.586,2024-07-05 06:15:00
2024-07-05,06:30:00 pm,0,101.116,25.538,2024-07-05 06:30:00
2024-07-05,06:45:00 pm,0,101.117,25.49,2024-07-05 06:45:00
2024-07-05,07:00:00 pm,0,101.165,25.441,2024-07-05 07:00:00
2024-07-05,07:15:00 pm,0,101.242,25.39,2024-07-05 07:15:00
2024-07-05,07:30:00 pm,0,101.291,25.338,2024-07-05 07:30:00
2024-07-05,07:45:00 pm,0,101.315,25.279,2024-07-05 07:45:00
2024-07-05,08:00:00 pm,0,101.312,25.215,2024-07-05 08:00:00
2024-07-05,08:15:00 pm,0,101.322,25.144,2024-07-05 08:15:00
2024-07-05,08:30:00 pm,0,101.329,25.075,2024-07-05 08:30:00
2024-07-05,08:45:00 pm,0,101.329,25.021,2024-07-05 08:45:00
2024-07-05,09:00:00 pm,0,101.326,24.967,2024-07-05 09:00:00
2024-07-05,09:15:00 pm,0,101.348,24.91,2024-07-05 09:15:00
2024-07-05,09:30:00 pm,0,101.362,24.858,2024-07-05 09:30:00
2024-07-05,09:45:00 pm,0,101.326,24.805,2024-07-05 09:45:00
2024-07-05,10:00:00 pm,0,101.314,24.754,2024-07-05 10:00:00
2024-07-05,10:15:00 pm,0,101.305,24.709,2024-07-05 10:15:00
2024-07-05,10:30:00 pm,0,101.298,24.665,2024-07-05 10:30:00
2024-07-05,10:45:00 pm,0,101.27,24.617,2024-07-05 10:45:00
2024-07-05,11:00:00 pm,0,101.238,24.57,2024-07-05 11:00:00
2024-07-05,11:15:00 pm,0,101.226,24.528,2024-07-05 11:15:00
2024-07-05,11:30:00 pm,0,101.22,24.481,2024-07-05 11:30:00
2024-07-05,11:45:00 pm,0,101.208,24.434,2024-07-05 11:45:00
2024-07-06,12:00:00 am,0,101.203,24.385,2024-07-06 12:00:00
2024-07-06,12:15:00 am,0,101.188,24.339,2024-07-06 12:15:00
2024-07-06,12:30:00 am,0,101.174,24.293,2024-07-06 12:30:00
2024-07-06,12:45:00 am,0,101.184,24.248,2024-07-06 12:45:00
2024-07-06,01:00:00 am,0,101.201,24.208,2024-07-06 01:00:00
2024-07-06,01:15:00 am,0,101.288,24.172,2024-07-06 01:15:00
2024-07-06,01:30:00 am,0,101.309,24.135,2024-07-06 01:30:00
2024-07-06,01:45:00 am,0,101.337,24.1,2024-07-06 01:45:00
2024-07-06,02:00:00 am,0,101.342,24.073,2024-07-06 02:00:00
2024-07-06,02:15:00 am,0,101.341,24.051,2024-07-06 02:15:00
2024-07-06,02:30:00 am,0,101.328,24.03,2024-07-06 02:30:00
2024-07-06,02:45:00 am,0,101.326,24.01,2024-07-06 02:45:00
2024-07-06,03:00:00 am,0,101.299,23.992,2024-07-06 03:00:00
2024-07-06,03:15:00 am,0,101.291,23.968,2024-07-06 03:15:00
2024-07-06,03:30:00 am,0,101.27,23.943,2024-07-06 03:30:00
2024-07-06,03:45:00 am,0,101.264,23.916,2024-07-06 03:45:00
2024-07-06,04:00:00 am,0,101.267,23.892,2024-07-06 04:00:00
2024-07-06,04:15:00 am,0,101.269,23.874,2024-07-06 04:15:00
2024-07-06,04:30:00 am,0,101.267,23.861,2024-07-06 04:30:00
2024-07-06,04:45:00 am,0,101.267,23.845,2024-07-06 04:45:00
2024-07-06,05:00:00 am,0,101.268,23.83,2024-07-06 05:00:00
2024-07-06,05:15:00 am,0,101.269,23.813,2024-07-06 05:15:00
2024-07-06,05:30:00 am,0,101.273,23.799,2024-07-06 05:30:00
2024-07-06,05:45:00 am,0,101.28,23.782,2024-07-06 05:45:00
2024-07-06,06:00:00 am,0,101.294,23.764,2024-07-06 06:00:00
2024-07-06,06:15:00 am,0,101.309,23.75,2024-07-06 06:15:00
2024-07-06,06:30:00 am,0,101.318,23.738,2024-07-06 06:30:00
2024-07-06,06:45:00 am,0,101.304,23.73,2024-07-06 06:45:00
2024-07-06,07:00:00 am,0,101.297,23.728,2024-07-06 07:00:00
2024-07-06,07:15:00 am,0,101.322,23.727,2024-07-06 07:15:00
2024-07-06,07:30:00 am,0,101.323,23.731,2024-07-06 07:30:00
2024-07-06,07:45:00 am,0,101.34,23.745,2024-07-06 07:45:00
2024-07-06,08:00:00 am,0,101.36,23.762,2024-07-06 08:00:00
2024-07-06,08:15:00 am,0,101.374,23.789,2024-07-06 08:15:00
2024-07-06,08:30:00 am,0,101.385,23.83,2024-07-06 08:30:00
2024-07-06,08:45:00 am,0,101.399,23.9,2024-07-06 08:45:00
2024-07-06,09:00:00 am,0,101.416,24.002,2024-07-06 09:00:00
2024-07-06,09:15:00 am,0,101.435,24.099,2024-07-06 09:15:00
2024-07-06,09:30:00 am,0,101.452,24.188,2024-07-06 09:30:00
2024-07-06,09:45:00 am,0,101.472,24.26,2024-07-06 09:45:00
2024-07-06,10:00:00 am,0,101.502,24.342,2024-07-06 10:00:00
2024-07-06,10:15:00 am,0,101.531,24.461,2024-07-06 10:15:00
2024-07-06,10:30:00 am,0,101.551,24.508,2024-07-06 10:30:00
2024-07-06,10:45:00 am,0,101.563,24.529,2024-07-06 10:45:00
2024-07-06,11:00:00 am,0,101.57,24.54,2024-07-06 11:00:00
2024-07-06,11:15:00 am,0,101.57,24.565,2024-07-06 11:15:00
2024-07-06,11:30:00 am,0,101.581,24.638,2024-07-06 11:30:00
2024-07-06,11:45:00 am,0,101.578,24.692,2024-07-06 11:45:00
2024-07-06,12:00:00 pm,0,101.605,24.914,2024-07-06 12:00:00
2024-07-06,12:15:00 pm,0,101.643,25.114,2024-07-06 12:15:00
2024-07-06,12:30:00 pm,0,101.636,25.17,2024-07-06 12:30:00
2024-07-06,12:45:00 pm,0,101.622,25.162,2024-07-06 12:45:00
2024-07-06,01:00:00 pm,0,101.613,25.184,2024-07-06 01:00:00
2024-07-06,01:15:00 pm,0,101.599,25.2,2024-07-06 01:15:00
2024-07-06,01:30:00 pm,0,101.575,25.161,2024-07-06 01:30:00
2024-07-06,01:45:00 pm,0,101.584,25.118,2024-07-06 01:45:00
2024-07-06,02:00:00 pm,0,101.598,25.066,2024-07-06 02:00:00
2024-07-06,02:15:00 pm,0,101.583,25.009,2024-07-06 02:15:00
2024-07-06,02:30:00 pm,0,101.59,24.99,2024-07-06 02:30:00
2024-07-06,02:45:00 pm,0,101.593,25.017,2024-07-06 02:45:00
2024-07-06,03:00:00 pm,0,101.622,25.08,2024-07-06 03:00:00
2024-07-06,03:15:00 pm,0,101.627,25.139,2024-07-06 03:15:00
2024-07-06,03:30:00 pm,0,101.642,25.104,2024-07-06 03:30:00
2024-07-06,03:45:00 pm,0,101.694,25.034,2024-07-06 03:45:00
2024-07-06,04:00:00 pm,0,101.688,24.949,2024-07-06 04:00:00
2024-07-06,04:15:00 pm,0,101.667,24.876,2024-07-06 04:15:00
2024-07-06,04:30:00 pm,0,101.666,24.809,2024-07-06 04:30:00
2024-07-06,04:45:00 pm,0,101.633,24.753,2024-07-06 04:45:00
2024-07-06,05:00:00 pm,0,101.608,24.726,2024-07-06 05:00:00
2024-07-06,05:15:00 pm,0,101.6,24.733,2024-07-06 05:15:00
2024-07-06,05:30:00 pm,0,101.597,24.701,2024-07-06 05:30:00
2024-07-06,05:45:00 pm,0,101.577,24.658,2024-07-06 05:45:00
2024-07-06,06:00:00 pm,0,101.556,24.604,2024-07-06 06:00:00
2024-07-06,06:15:00 pm,0,101.533,24.564,2024-07-06 06:15:00
2024-07-06,06:30:00 pm,0,101.526,24.534,2024-07-06 06:30:00
2024-07-06,06:45:00 pm,0,101.519,24.508,2024-07-06 06:45:00
2024-07-06,07:00:00 pm,0,101.505,24.484,2024-07-06 07:00:00
2024-07-06,07:15:00 pm,0,101.496,24.459,2024-07-06 07:15:00
2024-07-06,07:30:00 pm,0,101.477,24.434,2024-07-06 07:30:00
2024-07-06,07:45:00 pm,0,101.461,24.401,2024-07-06 07:45:00
2024-07-06,08:00:00 pm,0,101.447,24.371,2024-07-06 08:00:00
2024-07-06,08:15:00 pm,0,101.439,24.338,2024-07-06 08:15:00
2024-07-06,08:30:00 pm,0,101.423,24.305,2024-07-06 08:30:00
2024-07-06,08:45:00 pm,0,101.42,24.273,2024-07-06 08:45:00
2024-07-06,09:00:00 pm,0,101.421,24.244,2024-07-06 09:00:00
2024-07-06,09:15:00 pm,0,101.45,24.212,2024-07-06 09:15:00
2024-07-06,09:30:00 pm,0,101.535,24.183,2024-07-06 09:30:00
2024-07-06,09:45:00 pm,0,101.528,24.152,2024-07-06 09:45:00
2024-07-06,10:00:00 pm,0,101.519,24.123,2024-07-06 10:00:00
2024-07-06,10:15:00 pm,0,101.53,24.092,2024-07-06 10:15:00
2024-07-06,10:30:00 pm,0,101.535,24.064,2024-07-06 10:30:00
2024-07-06,10:45:00 pm,0,101.535,24.038,2024-07-06 10:45:00
2024-07-06,11:00:00 pm,0,101.528,24.009,2024-07-06 11:00:00
2024-07-06,11:15:00 pm,0,101.509,23.984,2024-07-06 11:15:00
2024-07-06,11:30:00 pm,0,101.509,23.957,2024-07-06 11:30:00
2024-07-06,11:45:00 pm,0,101.518,23.934,2024-07-06 11:45:00
2024-07-07,12:00:00 am,0,101.505,23.91,2024-07-07 12:00:00
2024-07-07,12:15:00 am,0,101.52,23.886,2024-07-07 12:15:00
2024-07-07,12:30:00 am,0,101.522,23.866,2024-07-07 12:30:00
2024-07-07,12:45:00 am,0,101.505,23.845,2024-07-07 12:45:00
2024-07-07,01:00:00 am,0,101.503,23.825,2024-07-07 01:00:00
2024-07-07,01:15:00 am,0,101.509,23.805,2024-07-07 01:15:00
2024-07-07,01:30:00 am,0,101.504,23.785,2024-07-07 01:30:00
2024-07-07,01:45:00 am,0,101.498,23.766,2024-07-07 01:45:00
2024-07-07,02:00:00 am,0,101.474,23.745,2024-07-07 02:00:00
2024-07-07,02:15:00 am,0,101.48,23.727,2024-07-07 02:15:00
2024-07-07,02:30:00 am,0,101.477,23.71,2024-07-07 02:30:00
2024-07-07,02:45:00 am,0,101.477,23.69,2024-07-07 02:45:00
2024-07-07,03:00:00 am,0,101.463,23.671,2024-07-07 03:00:00
2024-07-07,03:15:00 am,0,101.458,23.651,2024-07-07 03:15:00
2024-07-07,03:30:00 am,0,101.462,23.629,2024-07-07 03:30:00
2024-07-07,03:45:00 am,0,101.461,23.609,2024-07-07 03:45:00
2024-07-07,04:00:00 am,0,101.46,23.587,2024-07-07 04:00:00
2024-07-07,04:15:00 am,0,101.462,23.562,2024-07-07 04:15:00
2024-07-07,04:30:00 am,0,101.464,23.541,2024-07-07 04:30:00
2024-07-07,04:45:00 am,0,101.466,23.517,2024-07-07 04:45:00
2024-07-07,05:00:00 am,0,101.467,23.496,2024-07-07 05:00:00
2024-07-07,05:15:00 am,0,101.473,23.473,2024-07-07 05:15:00
2024-07-07,05:30:00 am,0,101.478,23.452,2024-07-07 05:30:00
2024-07-07,05:45:00 am,0,101.489,23.431,2024-07-07 05:45:00
2024-07-07,06:00:00 am,0,101.504,23.413,2024-07-07 06:00:00
2024-07-07,06:15:00 am,0,101.515,23.396,2024-07-07 06:15:00
2024-07-07,06:30:00 am,0,101.516,23.381,2024-07-07 06:30:00
2024-07-07,06:45:00 am,0,101.514,23.367,2024-07-07 06:45:00
2024-07-07,07:00:00 am,0,101.521,23.36,2024-07-07 07:00:00
2024-07-07,07:15:00 am,0,101.526,23.357,2024-07-07 07:15:00
2024-07-07,07:30:00 am,0,101.531,23.364,2024-07-07 07:30:00
2024-07-07,07:45:00 am,0,101.531,23.371,2024-07-07 07:45:00
2024-07-07,08:00:00 am,0,101.53,23.384,2024-07-07 08:00:00
2024-07-07,08:15:00 am,0,101.539,23.406,2024-07-07 08:15:00
2024-07-07,08:30:00 am,0,101.55,23.437,2024-07-07 08:30:00
2024-07-07,08:45:00 am,0,101.556,23.492,2024-07-07 08:45:00
2024-07-07,09:00:00 am,0,101.566,23.584,2024-07-07 09:00:00
2024-07-07,09:15:00 am,0,101.581,23.665,2024-07-07 09:15:00
2024-07-07,09:30:00 am,0,101.592,23.748,2024-07-07 09:30:00
2024-07-07,09:45:00 am,0,101.609,23.815,2024-07-07 09:45:00
2024-07-07,10:00:00 am,0,101.635,23.889,2024-07-07 10:00:00
2024-07-07,10:15:00 am,0,101.647,23.992,2024-07-07 10:15:00
2024-07-07,10:30:00 am,0,101.677,24.113,2024-07-07 10:30:00
2024-07-07,10:45:00 am,0,101.696,24.182,2024-07-07 10:45:00
2024-07-07,11:00:00 am,0,101.713,24.307,2024-07-07 11:00:00
2024-07-07,11:15:00 am,0,101.741,24.428,2024-07-07 11:15:00
2024-07-07,11:30:00 am,0,101.771,24.572,2024-07-07 11:30:00
2024-07-07,11:45:00 am,0,101.79,24.704,2024-07-07 11:45:00
2024-07-07,12:00:00 pm,0,101.794,24.813,2024-07-07 12:00:00
2024-07-07,12:15:00 pm,0,101.792,24.882,2024-07-07 12:15:00
2024-07-07,12:30:00 pm,0,101.783,24.904,2024-07-07 12:30:00
2024-07-07,12:45:00 pm,0,101.769,24.921,2024-07-07 12:45:00
2024-07-07,01:00:00 pm,0,101.67,24.979,2024-07-07 01:00:00
2024-07-07,01:15:00 pm,0,101.654,24.988,2024-07-07 01:15:00
2024-07-07,01:30:00 pm,0,101.645,25.008,2024-07-07 01:30:00
2024-07-07,01:45:00 pm,0,101.634,25.019,2024-07-07 01:45:00
2024-07-07,02:00:00 pm,0,101.621,25.013,2024-07-07 02:00:00
2024-07-07,02:15:00 pm,0,101.62,25.04,2024-07-07 02:15:00
2024-07-07,02:30:00 pm,0,101.627,25.123,2024-07-07 02:30:00
2024-07-07,02:45:00 pm,0,101.624,25.169,2024-07-07 02:45:00
2024-07-07,03:00:00 pm,0,101.604,25.23,2024-07-07 03:00:00
2024-07-07,03:15:00 pm,0,101.592,25.288,2024-07-07 03:15:00
2024-07-07,03:30:00 pm,0,101.58,25.301,2024-07-07 03:30:00
2024-07-07,03:45:00 pm,0,101.566,25.31,2024-07-07 03:45:00
2024-07-07,04:00:00 pm,0,101.548,25.341,2024-07-07 04:00:00
2024-07-07,04:15:00 pm,0,101.539,25.405,2024-07-07 04:15:00
2024-07-07,04:30:00 pm,0,101.521,25.445,2024-07-07 04:30:00
2024-07-07,04:45:00 pm,0,101.508,25.465,2024-07-07 04:45:00
2024-07-07,05:00:00 pm,0,101.506,25.476,2024-07-07 05:00:00
2024-07-07,05:15:00 pm,0,101.501,25.477,2024-07-07 05:15:00
2024-07-07,05:30:00 pm,0,101.501,25.487,2024-07-07 05:30:00
2024-07-07,05:45:00 pm,0,101.482,25.481,2024-07-07 05:45:00
2024-07-07,06:00:00 pm,0,101.475,25.451,2024-07-07 06:00:00
2024-07-07,06:15:00 pm,0,101.475,25.42,2024-07-07 06:15:00
2024-07-07,06:30:00 pm,0,101.471,25.394,2024-07-07 06:30:00
2024-07-07,06:45:00 pm,0,101.459,25.361,2024-07-07 06:45:00
2024-07-07,07:00:00 pm,0,101.456,25.319,2024-07-07 07:00:00
2024-07-07,07:15:00 pm,0,101.448,25.266,2024-07-07 07:15:00
2024-07-07,07:30:00 pm,0,101.46,25.215,2024-07-07 07:30:00
2024-07-07,07:45:00 pm,0,101.461,25.167,2024-07-07 07:45:00
2024-07-07,08:00:00 pm,0,101.491,25.118,2024-07-07 08:00:00
2024-07-07,08:15:00 pm,0,101.48,25.07,2024-07-07 08:15:00
2024-07-07,08:30:00 pm,0,101.511,25.023,2024-07-07 08:30:00
2024-07-07,08:45:00 pm,0,101.517,24.979,2024-07-07 08:45:00
2024-07-07,09:00:00 pm,0,101.506,24.936,2024-07-07 09:00:00
2024-07-07,09:15:00 pm,0,101.493,24.891,2024-07-07 09:15:00
2024-07-07,09:30:00 pm,0,101.486,24.848,2024-07-07 09:30:00
2024-07-07,09:45:00 pm,0,101.477,24.809,2024-07-07 09:45:00
2024-07-07,10:00:00 pm,0,101.468,24.766,2024-07-07 10:00:00
2024-07-07,10:15:00 pm,0,101.447,24.723,2024-07-07 10:15:00
2024-07-07,10:30:00 pm,0,101.437,24.684,2024-07-07 10:30:00
2024-07-07,10:45:00 pm,0,101.422,24.648,2024-07-07 10:45:00
2024-07-07,11:00:00 pm,0,101.419,24.611,2024-07-07 11:00:00
2024-07-07,11:15:00 pm,0,101.446,24.573,2024-07-07 11:15:00
2024-07-07,11:30:00 pm,0,101.456,24.536,2024-07-07 11:30:00
2024-07-07,11:45:00 pm,0,101.459,24.5,2024-07-07 11:45:00
2024-07-08,12:00:00 am,0,101.474,24.467,2024-07-08 12:00:00
2024-07-08,12:15:00 am,0,101.54,24.43,2024-07-08 12:15:00
2024-07-08,12:30:00 am,0,101.527,24.394,2024-07-08 12:30:00
2024-07-08,12:45:00 am,0,101.518,24.36,2024-07-08 12:45:00
2024-07-08,01:00:00 am,0,101.507,24.327,2024-07-08 01:00:00
2024-07-08,01:15:00 am,0,101.498,24.292,2024-07-08 01:15:00
2024-07-08,01:30:00 am,0,101.497,24.264,2024-07-08 01:30:00
2024-07-08,01:45:00 am,0,101.497,24.232,2024-07-08 01:45:00
2024-07-08,02:00:00 am,0,101.493,24.203,2024-07-08 02:00:00
2024-07-08,02:15:00 am,0,101.497,24.176,2024-07-08 02:15:00
2024-07-08,02:30:00 am,0,101.489,24.146,2024-07-08 02:30:00
2024-07-08,02:45:00 am,0,101.487,24.12,2024-07-08 02:45:00
2024-07-08,03:00:00 am,0,101.486,24.093,2024-07-08 03:00:00
2024-07-08,03:15:00 am,0,101.477,24.065,2024-07-08 03:15:00
2024-07-08,03:30:00 am,0,101.479,24.035,2024-07-08 03:30:00
2024-07-08,03:45:00 am,0,101.479,24.006,2024-07-08 03:45:00
2024-07-08,04:00:00 am,0,101.486,23.977,2024-07-08 04:00:00
2024-07-08,04:15:00 am,0,101.489,23.948,2024-07-08 04:15:00
2024-07-08,04:30:00 am,0,101.483,23.916,2024-07-08 04:30:00
2024-07-08,04:45:00 am,0,101.484,23.888,2024-07-08 04:45:00
2024-07-08,05:00:00 am,0,101.489,23.858,2024-07-08 05:00:00
2024-07-08,05:15:00 am,0,101.491,23.83,2024-07-08 05:15:00
2024-07-08,05:30:00 am,0,101.497,23.797,2024-07-08 05:30:00
2024-07-08,05:45:00 am,0,101.506,23.764,2024-07-08 05:45:00
2024-07-08,06:00:00 am,0,101.541,23.732,2024-07-08 06:00:00
2024-07-08,06:15:00 am,0,101.543,23.704,2024-07-08 06:15:00
2024-07-08,06:30:00 am,0,101.549,23.678,2024-07-08 06:30:00
2024-07-08,06:45:00 am,0,101.555,23.653,2024-07-08 06:45:00
2024-07-08,07:00:00 am,0,101.579,23.635,2024-07-08 07:00:00
2024-07-08,07:15:00 am,0,101.598,23.627,2024-07-08 07:15:00
2024-07-08,07:30:00 am,0,101.604,23.625,2024-07-08 07:30:00
2024-07-08,07:45:00 am,0,101.616,23.632,2024-07-08 07:45:00
2024-07-08,08:00:00 am,0,101.623,23.641,2024-07-08 08:00:00
2024-07-08,08:15:00 am,0,101.631,23.66,2024-07-08 08:15:00
2024-07-08,08:30:00 am,0,101.642,23.693,2024-07-08 08:30:00
2024-07-08,08:45:00 am,0,101.658,23.753,2024-07-08 08:45:00
2024-07-08,09:00:00 am,0,101.673,23.853,2024-07-08 09:00:00
2024-07-08,09:15:00 am,0,101.689,23.951,2024-07-08 09:15:00
2024-07-08,09:30:00 am,0,101.7,24.037,2024-07-08 09:30:00
2024-07-08,09:45:00 am,0,101.714,24.103,2024-07-08 09:45:00
2024-07-08,10:00:00 am,0,101.726,24.202,2024-07-08 10:00:00
2024-07-08,10:15:00 am,0,101.75,24.326,2024-07-08 10:15:00
2024-07-08,10:30:00 am,0,101.772,24.433,2024-07-08 10:30:00
2024-07-08,10:45:00 am,0,101.793,24.551,2024-07-08 10:45:00
2024-07-08,11:00:00 am,0,101.817,24.679,2024-07-08 11:00:00
2024-07-08,11:15:00 am,0,101.832,24.824,2024-07-08 11:15:00
2024-07-08,11:30:00 am,0,101.821,24.88,2024-07-08 11:30:00
2024-07-08,11:45:00 am,0,101.818,25.019,2024-07-08 11:45:00
2024-07-08,12:00:00 pm,0,101.75,25.146,2024-07-08 12:00:00
2024-07-08,12:15:00 pm,0,101.731,25.16,2024-07-08 12:15:00
2024-07-08,12:30:00 pm,0,101.727,25.258,2024-07-08 12:30:00
2024-07-08,12:45:00 pm,0,101.716,25.287,2024-07-08 12:45:00
2024-07-08,01:00:00 pm,0,101.706,25.328,2024-07-08 01:00:00
2024-07-08,01:15:00 pm,0,101.703,25.37,2024-07-08 01:15:00
2024-07-08,01:30:00 pm,0,101.69,25.459,2024-07-08 01:30:00
2024-07-08,01:45:00 pm,0,101.685,25.609,2024-07-08 01:45:00
2024-07-08,02:00:00 pm,0,101.674,25.794,2024-07-08 02:00:00
2024-07-08,02:15:00 pm,0,101.664,25.964,2024-07-08 02:15:00
2024-07-08,02:30:00 pm,0,101.664,26.089,2024-07-08 02:30:00
2024-07-08,02:45:00 pm,0,101.645,26.157,2024-07-08 02:45:00
2024-07-08,03:00:00 pm,0,101.625,26.192,2024-07-08 03:00:00
2024-07-08,03:15:00 pm,0,101.612,26.217,2024-07-08 03:15:00
2024-07-08,03:30:00 pm,0,101.592,26.225,2024-07-08 03:30:00
2024-07-08,03:45:00 pm,0,101.549,26.184,2024-07-08 03:45:00
2024-07-08,04:00:00 pm,0,101.553,26.146,2024-07-08 04:00:00
2024-07-08,04:15:00 pm,0,101.517,26.116,2024-07-08 04:15:00
2024-07-08,04:30:00 pm,0,101.52,26.05,2024-07-08 04:30:00
2024-07-08,04:45:00 pm,0,101.49,25.941,2024-07-08 04:45:00
2024-07-08,05:00:00 pm,0,101.484,25.862,2024-07-08 05:00:00
2024-07-08,05:15:00 pm,0,101.513,25.778,2024-07-08 05:15:00
2024-07-08,05:30:00 pm,0,101.537,25.659,2024-07-08 05:30:00
2024-07-08,05:45:00 pm,0,101.508,25.555,2024-07-08 05:45:00
2024-07-08,06:00:00 pm,0,101.503,25.472,2024-07-08 06:00:00
2024-07-08,06:15:00 pm,0,101.511,25.402,2024-07-08 06:15:00
2024-07-08,06:30:00 pm,0,101.505,25.332,2024-07-08 06:30:00
2024-07-08,06:45:00 pm,0,101.49,25.261,2024-07-08 06:45:00
2024-07-08,07:00:00 pm,0,101.477,25.201,2024-07-08 07:00:00
2024-07-08,07:15:00 pm,0,101.47,25.139,2024-07-08 07:15:00
2024-07-08,07:30:00 pm,0,101.472,25.083,2024-07-08 07:30:00
2024-07-08,07:45:00 pm,0,101.493,25.028,2024-07-08 07:45:00
2024-07-08,08:00:00 pm,0,101.523,24.978,2024-07-08 08:00:00
2024-07-08,08:15:00 pm,0,101.515,24.921,2024-07-08 08:15:00
2024-07-08,08:30:00 pm,0,101.518,24.854,2024-07-08 08:30:00
2024-07-08,08:45:00 pm,0,101.561,24.792,2024-07-08 08:45:00
2024-07-08,09:00:00 pm,0,101.555,24.736,2024-07-08 09:00:00
2024-07-08,09:15:00 pm,0,101.579,24.689,2024-07-08 09:15:00
2024-07-08,09:30:00 pm,0,101.561,24.648,2024-07-08 09:30:00
2024-07-08,09:45:00 pm,0,101.548,24.599,2024-07-08 09:45:00
2024-07-08,10:00:00 pm,0,101.539,24.552,2024-07-08 10:00:00
2024-07-08,10:15:00 pm,0,101.514,24.51,2024-07-08 10:15:00
2024-07-08,10:30:00 pm,0,101.493,24.469,2024-07-08 10:30:00
2024-07-08,10:45:00 pm,0,101.497,24.427,2024-07-08 10:45:00
2024-07-08,11:00:00 pm,0,101.49,24.392,2024-07-08 11:00:00
2024-07-08,11:15:00 pm,0,101.485,24.354,2024-07-08 11:15:00
2024-07-08,11:30:00 pm,0,101.48,24.319,2024-07-08 11:30:00
2024-07-08,11:45:00 pm,0,101.472,24.286,2024-07-08 11:45:00
2024-07-09,12:00:00 am,0,101.528,24.256,2024-07-09 12:00:00
2024-07-09,12:15:00 am,0,101.516,24.231,2024-07-09 12:15:00
2024-07-09,12:30:00 am,0,101.547,24.205,2024-07-09 12:30:00
2024-07-09,12:45:00 am,0,101.527,24.181,2024-07-09 12:45:00
2024-07-09,01:00:00 am,0,101.513,24.152,2024-07-09 01:00:00
2024-07-09,01:15:00 am,0,101.493,24.119,2024-07-09 01:15:00
2024-07-09,01:30:00 am,0,101.473,24.086,2024-07-09 01:30:00
2024-07-09,01:45:00 am,0,101.455,24.054,2024-07-09 01:45:00
2024-07-09,02:00:00 am,0,101.437,24.021,2024-07-09 02:00:00
2024-07-09,02:15:00 am,0,101.425,23.989,2024-07-09 02:15:00
2024-07-09,02:30:00 am,0,101.412,23.956,2024-07-09 02:30:00
2024-07-09,02:45:00 am,0,101.391,23.925,2024-07-09 02:45:00
2024-07-09,03:00:00 am,0,101.379,23.894,2024-07-09 03:00:00
2024-07-09,03:15:00 am,0,101.383,23.861,2024-07-09 03:15:00
2024-07-09,03:30:00 am,0,101.382,23.831,2024-07-09 03:30:00
2024-07-09,03:45:00 am,0,101.393,23.802,2024-07-09 03:45:00
2024-07-09,04:00:00 am,0,101.386,23.776,2024-07-09 04:00:00
2024-07-09,04:15:00 am,0,101.386,23.752,2024-07-09 04:15:00
2024-07-09,04:30:00 am,0,101.385,23.726,2024-07-09 04:30:00
2024-07-09,04:45:00 am,0,101.375,23.703,2024-07-09 04:45:00
2024-07-09,05:00:00 am,0,101.367,23.677,2024-07-09 05:00:00
2024-07-09,05:15:00 am,0,101.363,23.652,2024-07-09 05:15:00
2024-07-09,05:30:00 am,0,101.359,23.63,2024-07-09 05:30:00
2024-07-09,05:45:00 am,0,101.349,23.607,2024-07-09 05:45:00
2024-07-09,06:00:00 am,0,101.355,23.586,2024-07-09 06:00:00
2024-07-09,06:15:00 am,0,101.356,23.57,2024-07-09 06:15:00
2024-07-09,06:30:00 am,0,101.369,23.558,2024-07-09 06:30:00
2024-07-09,06:45:00 am,0,101.369,23.554,2024-07-09 06:45:00
2024-07-09,07:00:00 am,0,101.37,23.558,2024-07-09 07:00:00
2024-07-09,07:15:00 am,0,101.377,23.569,2024-07-09 07:15:00
2024-07-09,07:30:00 am,0,101.395,23.587,2024-07-09 07:30:00
2024-07-09,07:45:00 am,0,101.409,23.602,2024-07-09 07:45:00
2024-07-09,08:00:00 am,0,101.425,23.629,2024-07-09 08:00:00
2024-07-09,08:15:00 am,0,101.442,23.671,2024-07-09 08:15:00
2024-07-09,08:30:00 am,0,101.46,23.726,2024-07-09 08:30:00
2024-07-09,08:45:00 am,0,101.464,23.804,2024-07-09 08:45:00
2024-07-09,09:00:00 am,0,101.472,23.867,2024-07-09 09:00:00
2024-07-09,09:15:00 am,0,101.474,23.947,2024-07-09 09:15:00
2024-07-09,09:30:00 am,0,101.488,24.03,2024-07-09 09:30:00
2024-07-09,09:45:00 am,0,101.513,24.125,2024-07-09 09:45:00
2024-07-09,10:00:00 am,0,101.53,24.19,2024-07-09 10:00:00
2024-07-09,10:15:00 am,0,101.539,24.27,2024-07-09 10:15:00
2024-07-09,10:30:00 am,0,101.556,24.384,2024-07-09 10:30:00
2024-07-09,10:45:00 am,0,101.555,24.421,2024-07-09 10:45:00
2024-07-09,11:00:00 am,0,101.546,24.452,2024-07-09 11:00:00
2024-07-09,11:15:00 am,0,101.549,24.43,2024-07-09 11:15:00
2024-07-09,11:30:00 am,0,101.532,24.473,2024-07-09 11:30:00
2024-07-09,11:45:00 am,0,101.539,24.668,2024-07-09 11:45:00
2024-07-09,12:00:00 pm,0,101.524,24.889,2024-07-09 12:00:00
2024-07-09,12:15:00 pm,0,101.462,25.03,2024-07-09 12:15:00
2024-07-09,12:30:00 pm,0,101.447,25.192,2024-07-09 12:30:00
2024-07-09,12:45:00 pm,0,101.445,25.357,2024-07-09 12:45:00
2024-07-09,01:00:00 pm,0,101.44,25.517,2024-07-09 01:00:00
2024-07-09,01:15:00 pm,0,101.464,25.664,2024-07-09 01:15:00
2024-07-09,01:30:00 pm,0,101.44,25.751,2024-07-09 01:30:00
2024-07-09,01:45:00 pm,0,101.421,25.897,2024-07-09 01:45:00
2024-07-09,02:00:00 pm,0,101.387,26.073,2024-07-09 02:00:00
2024-07-09,02:15:00 pm,0,101.409,26.251,2024-07-09 02:15:00
2024-07-09,02:30:00 pm,0,101.396,26.439,2024-07-09 02:30:00
2024-07-09,02:45:00 pm,0,101.377,26.567,2024-07-09 02:45:00
2024-07-09,03:00:00 pm,0,101.37,26.654,2024-07-09 03:00:00
2024-07-09,03:15:00 pm,0,101.357,26.612,2024-07-09 03:15:00
2024-07-09,03:30:00 pm,0,101.338,26.52,2024-07-09 03:30:00
2024-07-09,03:45:00 pm,0,101.341,26.418,2024-07-09 03:45:00
2024-07-09,04:00:00 pm,0,101.355,26.322,2024-07-09 04:00:00
2024-07-09,04:15:00 pm,0,101.328,26.268,2024-07-09 04:15:00
2024-07-09,04:30:00 pm,0,101.293,26.205,2024-07-09 04:30:00
2024-07-09,04:45:00 pm,0,101.287,26.13,2024-07-09 04:45:00
2024-07-09,05:00:00 pm,0,101.272,26.053,2024-07-09 05:00:00
2024-07-09,05:15:00 pm,0,101.275,25.979,2024-07-09 05:15:00
2024-07-09,05:30:00 pm,0,101.282,25.923,2024-07-09 05:30:00
2024-07-09,05:45:00 pm,0,101.274,25.867,2024-07-09 05:45:00
2024-07-09,06:00:00 pm,0,101.264,25.822,2024-07-09 06:00:00
2024-07-09,06:15:00 pm,0,101.263,25.776,2024-07-09 06:15:00
2024-07-09,06:30:00 pm,0,101.275,25.729,2024-07-09 06:30:00
2024-07-09,06:45:00 pm,0,101.279,25.675,2024-07-09 06:45:00
2024-07-09,07:00:00 pm,0,101.272,25.633,2024-07-09 07:00:00
2024-07-09,07:15:00 pm,0,101.28,25.597,2024-07-09 07:15:00
2024-07-09,07:30:00 pm,0,101.274,25.55,2024-07-09 07:30:00
2024-07-09,07:45:00 pm,0,101.269,25.504,2024-07-09 07:45:00
2024-07-09,08:00:00 pm,0,101.283,25.451,2024-07-09 08:00:00
2024-07-09,08:15:00 pm,0,101.295,25.401,2024-07-09 08:15:00
2024-07-09,08:30:00 pm,0,101.31,25.35,2024-07-09 08:30:00
2024-07-09,08:45:00 pm,0,101.327,25.302,2024-07-09 08:45:00
2024-07-09,09:00:00 pm,0,101.349,25.262,2024-07-09 09:00:00
2024-07-09,09:15:00 pm,0,101.384,25.225,2024-07-09 09:15:00
2024-07-09,09:30:00 pm,0,101.398,25.182,2024-07-09 09:30:00
2024-07-09,09:45:00 pm,0,101.417,25.122,2024-07-09 09:45:00
2024-07-09,10:00:00 pm,0,101.431,25.055,2024-07-09 10:00:00
2024-07-09,10:15:00 pm,0,101.458,24.988,2024-07-09 10:15:00
2024-07-09,10:30:00 pm,0,101.465,24.915,2024-07-09 10:30:00
2024-07-09,10:45:00 pm,0,101.472,24.83,2024-07-09 10:45:00
2024-07-09,11:00:00 pm,0,101.441,24.746,2024-07-09 11:00:00
2024-07-09,11:15:00 pm,0,101.42,24.658,2024-07-09 11:15:00
2024-07-09,11:30:00 pm,0,101.399,24.561,2024-07-09 11:30:00
2024-07-09,11:45:00 pm,0,101.373,24.459,2024-07-09 11:45:00
2024-07-10,12:00:00 am,0,101.358,24.353,2024-07-10 12:00:00
2024-07-10,12:15:00 am,0,101.34,24.25,2024-07-10 12:15:00
2024-07-10,12:30:00 am,0,101.43,24.149,2024-07-10 12:30:00
2024-07-10,12:45:00 am,0,101.436,24.047,2024-07-10 12:45:00
2024-07-10,01:00:00 am,0,101.426,23.944,2024-07-10 01:00:00
2024-07-10,01:15:00 am,0,101.409,23.847,2024-07-10 01:15:00
2024-07-10,01:30:00 am,0,101.398,23.759,2024-07-10 01:30:00
2024-07-10,01:45:00 am,0,101.391,23.67,2024-07-10 01:45:00
2024-07-10,02:00:00 am,0,101.389,23.588,2024-07-10 02:00:00
2024-07-10,02:15:00 am,0,101.393,23.507,2024-07-10 02:15:00
2024-07-10,02:30:00 am,0,101.392,23.424,2024-07-10 02:30:00
2024-07-10,02:45:00 am,0,101.384,23.345,2024-07-10 02:45:00
2024-07-10,03:00:00 am,0,101.412,23.267,2024-07-10 03:00:00
2024-07-10,03:15:00 am,0,101.406,23.193,2024-07-10 03:15:00
2024-07-10,03:30:00 am,0,101.402,23.123,2024-07-10 03:30:00
2024-07-10,03:45:00 am,0,101.406,23.051,2024-07-10 03:45:00
2024-07-10,04:00:00 am,0,101.422,22.983,2024-07-10 04:00:00
2024-07-10,04:15:00 am,0,101.434,22.92,2024-07-10 04:15:00
2024-07-10,04:30:00 am,0,101.445,22.851,2024-07-10 04:30:00
2024-07-10,04:45:00 am,0,101.453,22.782,2024-07-10 04:45:00
2024-07-10,05:00:00 am,0,101.465,22.724,2024-07-10 05:00:00
2024-07-10,05:15:00 am,0,101.481,22.664,2024-07-10 05:15:00
2024-07-10,05:30:00 am,0,101.49,22.605,2024-07-10 05:30:00
2024-07-10,05:45:00 am,0,101.507,22.544,2024-07-10 05:45:00
2024-07-10,06:00:00 am,0,101.521,22.483,2024-07-10 06:00:00
2024-07-10,06:15:00 am,0,101.532,22.423,2024-07-10 06:15:00
2024-07-10,06:30:00 am,0,101.544,22.37,2024-07-10 06:30:00
2024-07-10,06:45:00 am,0,101.553,22.323,2024-07-10 06:45:00
2024-07-10,07:00:00 am,0,101.555,22.281,2024-07-10 07:00:00
2024-07-10,07:15:00 am,0,101.562,22.247,2024-07-10 07:15:00
2024-07-10,07:30:00 am,0,101.575,22.231,2024-07-10 07:30:00
2024-07-10,07:45:00 am,0,101.587,22.231,2024-07-10 07:45:00
2024-07-10,08:00:00 am,0,101.604,22.249,2024-07-10 08:00:00
2024-07-10,08:15:00 am,0,101.623,22.286,2024-07-10 08:15:00
2024-07-10,08:30:00 am,0,101.637,22.332,2024-07-10 08:30:00
2024-07-10,08:45:00 am,0,101.649,22.409,2024-07-10 08:45:00
2024-07-10,09:00:00 am,0,101.676,22.541,2024-07-10 09:00:00
2024-07-10,09:15:00 am,0,101.705,22.656,2024-07-10 09:15:00
2024-07-10,09:30:00 am,0,101.723,22.757,2024-07-10 09:30:00
2024-07-10,09:45:00 am,0,101.738,22.828,2024-07-10 09:45:00
2024-07-10,10:00:00 am,0,101.757,22.924,2024-07-10 10:00:00
2024-07-10,10:15:00 am,0,101.773,23.025,2024-07-10 10:15:00
2024-07-10,10:30:00 am,0,101.793,23.112,2024-07-10 10:30:00
2024-07-10,10:45:00 am,0,101.806,23.237,2024-07-10 10:45:00
2024-07-10,11:00:00 am,0,101.829,23.35,2024-07-10 11:00:00
2024-07-10,11:15:00 am,0,101.834,23.425,2024-07-10 11:15:00
2024-07-10,11:30:00 am,0,101.855,23.588,2024-07-10 11:30:00
2024-07-10,11:45:00 am,0,101.858,23.777,2024-07-10 11:45:00
2024-07-10,12:00:00 pm,0,101.858,23.944,2024-07-10 12:00:00
2024-07-10,12:15:00 pm,0,101.824,24.093,2024-07-10 12:15:00
2024-07-10,12:30:00 pm,0,101.81,24.197,2024-07-10 12:30:00
2024-07-10,12:45:00 pm,0,101.807,24.284,2024-07-10 12:45:00
2024-07-10,01:00:00 pm,0,101.811,24.449,2024-07-10 01:00:00
2024-07-10,01:15:00 pm,0,101.805,24.607,2024-07-10 01:15:00
2024-07-10,01:30:00 pm,0,101.8,24.788,2024-07-10 01:30:00
2024-07-10,01:45:00 pm,0,101.796,24.904,2024-07-10 01:45:00
2024-07-10,02:00:00 pm,0,101.805,24.976,2024-07-10 02:00:00
2024-07-10,02:15:00 pm,0,101.801,25.047,2024-07-10 02:15:00
2024-07-10,02:30:00 pm,0,101.763,25.15,2024-07-10 02:30:00
2024-07-10,02:45:00 pm,0,101.77,25.148,2024-07-10 02:45:00
2024-07-10,03:00:00 pm,0,101.766,25.161,2024-07-10 03:00:00
2024-07-10,03:15:00 pm,0,101.722,25.208,2024-07-10 03:15:00
2024-07-10,03:30:00 pm,0,101.712,25.221,2024-07-10 03:30:00
2024-07-10,03:45:00 pm,0,101.708,25.246,2024-07-10 03:45:00
2024-07-10,04:00:00 pm,0,101.703,25.254,2024-07-10 04:00:00
2024-07-10,04:15:00 pm,0,101.68,25.226,2024-07-10 04:15:00
2024-07-10,04:30:00 pm,0,101.685,25.241,2024-07-10 04:30:00
2024-07-10,04:45:00 pm,0,101.684,25.241,2024-07-10 04:45:00
2024-07-10,05:00:00 pm,0,101.672,25.221,2024-07-10 05:00:00
2024-07-10,05:15:00 pm,0,101.654,25.183,2024-07-10 05:15:00
2024-07-10,05:30:00 pm,0,101.628,25.134,2024-07-10 05:30:00
2024-07-10,05:45:00 pm,0,101.618,25.085,2024-07-10 05:45:00
2024-07-10,06:00:00 pm,0,101.594,25.027,2024-07-10 06:00:00
2024-07-10,06:15:00 pm,0,101.586,24.975,2024-07-10 06:15:00
2024-07-10,06:30:00 pm,0,101.571,24.912,2024-07-10 06:30:00
2024-07-10,06:45:00 pm,0,101.564,24.849,2024-07-10 06:45:00
2024-07-10,07:00:00 pm,0,101.566,24.772,2024-07-10 07:00:00
2024-07-10,07:15:00 pm,0,101.569,24.698,2024-07-10 07:15:00
2024-07-10,07:30:00 pm,0,101.575,24.604,2024-07-10 07:30:00
2024-07-10,07:45:00 pm,0,101.575,24.532,2024-07-10 07:45:00
2024-07-10,08:00:00 pm,0,101.569,24.452,2024-07-10 08:00:00
2024-07-10,08:15:00 pm,0,101.586,24.375,2024-07-10 08:15:00
2024-07-10,08:30:00 pm,0,101.608,24.301,2024-07-10 08:30:00
2024-07-10,08:45:00 pm,0,101.629,24.236,2024-07-10 08:45:00
2024-07-10,09:00:00 pm,0,101.617,24.153,2024-07-10 09:00:00
2024-07-10,09:15:00 pm,0,101.607,24.101,2024-07-10 09:15:00
2024-07-10,09:30:00 pm,0,101.592,24.025,2024-07-10 09:30:00
2024-07-10,09:45:00 pm,0,101.572,23.951,2024-07-10 09:45:00
2024-07-10,10:00:00 pm,0,101.568,23.863,2024-07-10 10:00:00
2024-07-10,10:15:00 pm,0,101.645,23.795,2024-07-10 10:15:00
2024-07-10,10:30:00 pm,0,101.639,23.719,2024-07-10 10:30:00
2024-07-10,10:45:00 pm,0,101.636,23.638,2024-07-10 10:45:00
2024-07-10,11:00:00 pm,0,101.648,23.568,2024-07-10 11:00:00
2024-07-10,11:15:00 pm,0,101.648,23.499,2024-07-10 11:15:00
2024-07-10,11:30:00 pm,0,101.626,23.427,2024-07-10 11:30:00
2024-07-10,11:45:00 pm,0,101.616,23.363,2024-07-10 11:45:00
2024-07-11,12:00:00 am,0,101.651,23.295,2024-07-11 12:00:00
2024-07-11,12:15:00 am,0,101.649,23.226,2024-07-11 12:15:00
2024-07-11,12:30:00 am,0,101.627,23.162,2024-07-11 12:30:00
2024-07-11,12:45:00 am,0,101.619,23.091,2024-07-11 12:45:00
2024-07-11,01:00:00 am,0,101.6,23.025,2024-07-11 01:00:00
2024-07-11,01:15:00 am,0,101.603,22.959,2024-07-11 01:15:00
2024-07-11,01:30:00 am,0,101.596,22.896,2024-07-11 01:30:00
2024-07-11,01:45:00 am,0,101.581,22.838,2024-07-11 01:45:00
2024-07-11,02:00:00 am,0,101.587,22.772,2024-07-11 02:00:00
2024-07-11,02:15:00 am,0,101.591,22.709,2024-07-11 02:15:00
2024-07-11,02:30:00 am,0,101.598,22.65,2024-07-11 02:30:00
2024-07-11,02:45:00 am,0,101.62,22.597,2024-07-11 02:45:00
2024-07-11,03:00:00 am,0,101.604,22.54,2024-07-11 03:00:00
2024-07-11,03:15:00 am,0,101.611,22.435,2024-07-11 03:15:00
2024-07-11,03:30:00 am,0,101.632,22.425,2024-07-11 03:30:00
2024-07-11,03:45:00 am,0,101.652,22.365,2024-07-11 03:45:00
2024-07-11,04:00:00 am,0,101.682,22.305,2024-07-11 04:00:00
2024-07-11,04:15:00 am,0,101.701,22.246,2024-07-11 04:15:00
2024-07-11,04:30:00 am,0,101.708,22.184,2024-07-11 04:30:00
2024-07-11,04:45:00 am,0,101.716,22.131,2024-07-11 04:45:00
2024-07-11,05:00:00 am,0,101.735,22.094,2024-07-11 05:00:00
2024-07-11,05:15:00 am,0,101.743,22.037,2024-07-11 05:15:00
2024-07-11,05:30:00 am,0,101.766,21.988,2024-07-11 05:30:00
2024-07-11,05:45:00 am,0,101.712,21.935,2024-07-11 05:45:00
2024-07-11,06:00:00 am,0,101.702,21.895,2024-07-11 06:00:00
2024-07-11,06:15:00 am,0,101.689,21.853,2024-07-11 06:15:00
2024-07-11,06:30:00 am,0,101.678,21.815,2024-07-11 06:30:00
2024-07-11,06:45:00 am,0,101.714,21.783,2024-07-11 06:45:00
2024-07-11,07:00:00 am,0,101.722,21.751,2024-07-11 07:00:00
2024-07-11,07:15:00 am,0,101.728,21.735,2024-07-11 07:15:00
2024-07-11,07:30:00 am,0,101.739,21.727,2024-07-11 07:30:00
2024-07-11,07:45:00 am,0,101.742,21.734,2024-07-11 07:45:00
2024-07-11,08:00:00 am,0,101.741,21.759,2024-07-11 08:00:00
2024-07-11,08:15:00 am,0,101.746,21.804,2024-07-11 08:15:00
2024-07-11,08:30:00 am,0,101.756,21.868,2024-07-11 08:30:00
2024-07-11,08:45:00 am,0,101.783,21.971,2024-07-11 08:45:00
2024-07-11,09:00:00 am,0,101.808,22.109,2024-07-11 09:00:00
2024-07-11,09:15:00 am,0,101.839,22.272,2024-07-11 09:15:00
2024-07-11,09:30:00 am,0,101.872,22.392,2024-07-11 09:30:00
2024-07-11,09:45:00 am,0,101.901,22.544,2024-07-11 09:45:00
2024-07-11,10:00:00 am,0,101.903,22.689,2024-07-11 10:00:00
2024-07-11,10:15:00 am,0,101.933,22.791,2024-07-11 10:15:00
2024-07-11,10:30:00 am,0,101.974,22.9,2024-07-11 10:30:00
2024-07-11,10:45:00 am,0,102.001,23.038,2024-07-11 10:45:00
2024-07-11,11:00:00 am,0,102.027,23.209,2024-07-11 11:00:00
2024-07-11,11:15:00 am,0,102.032,23.326,2024-07-11 11:15:00
2024-07-11,11:30:00 am,0,102.029,23.417,2024-07-11 11:30:00
2024-07-11,11:45:00 am,0,102.032,23.632,2024-07-11 11:45:00
2024-07-11,12:00:00 pm,0,102.017,23.85,2024-07-11 12:00:00
2024-07-11,12:15:00 pm,0,101.994,23.987,2024-07-11 12:15:00
2024-07-11,12:30:00 pm,0,102.014,24.203,2024-07-11 12:30:00
2024-07-11,12:45:00 pm,0,102.009,24.383,2024-07-11 12:45:00
2024-07-11,01:00:00 pm,0,102,24.516,2024-07-11 01:00:00
2024-07-11,01:15:00 pm,0,101.813,24.663,2024-07-11 01:15:00
2024-07-11,01:30:00 pm,0,101.859,24.832,2024-07-11 01:30:00
2024-07-11,01:45:00 pm,0,101.889,25.04,2024-07-11 01:45:00
2024-07-11,02:00:00 pm,0,101.923,25.345,2024-07-11 02:00:00
2024-07-11,02:15:00 pm,0,101.847,25.462,2024-07-11 02:15:00
2024-07-11,02:30:00 pm,0,101.882,25.554,2024-07-11 02:30:00
2024-07-11,02:45:00 pm,0,101.762,25.653,2024-07-11 02:45:00
2024-07-11,03:00:00 pm,0,101.796,25.71,2024-07-11 03:00:00
2024-07-11,03:15:00 pm,0,101.782,25.742,2024-07-11 03:15:00
2024-07-11,03:30:00 pm,0,101.77,25.733,2024-07-11 03:30:00
2024-07-11,03:45:00 pm,0,101.759,25.68,2024-07-11 03:45:00
2024-07-11,04:00:00 pm,0,101.758,25.614,2024-07-11 04:00:00
2024-07-11,04:15:00 pm,0,101.733,25.56,2024-07-11 04:15:00
2024-07-11,04:30:00 pm,0,101.714,25.529,2024-07-11 04:30:00
2024-07-11,04:45:00 pm,0,101.683,25.499,2024-07-11 04:45:00
2024-07-11,05:00:00 pm,0,101.644,25.454,2024-07-11 05:00:00
2024-07-11,05:15:00 pm,0,101.675,25.396,2024-07-11 05:15:00
2024-07-11,05:30:00 pm,0,101.67,25.348,2024-07-11 05:30:00
2024-07-11,05:45:00 pm,0,101.657,25.269,2024-07-11 05:45:00
2024-07-11,06:00:00 pm,0,101.64,25.18,2024-07-11 06:00:00
2024-07-11,06:15:00 pm,0,101.632,25.1,2024-07-11 06:15:00
2024-07-11,06:30:00 pm,0,101.664,25.024,2024-07-11 06:30:00
2024-07-11,06:45:00 pm,0,101.643,24.949,2024-07-11 06:45:00
2024-07-11,07:00:00 pm,0,101.638,24.879,2024-07-11 07:00:00
2024-07-11,07:15:00 pm,0,101.614,24.806,2024-07-11 07:15:00
2024-07-11,07:30:00 pm,0,101.647,24.745,2024-07-11 07:30:00
2024-07-11,07:45:00 pm,0,101.665,24.689,2024-07-11 07:45:00
2024-07-11,08:00:00 pm,0,101.669,24.624,2024-07-11 08:00:00
2024-07-11,08:15:00 pm,0,101.698,24.55,2024-07-11 08:15:00
2024-07-11,08:30:00 pm,0,101.678,24.481,2024-07-11 08:30:00
2024-07-11,08:45:00 pm,0,101.66,24.413,2024-07-11 08:45:00
2024-07-11,09:00:00 pm,0,101.653,24.347,2024-07-11 09:00:00
2024-07-11,09:15:00 pm,0,101.636,24.278,2024-07-11 09:15:00
2024-07-11,09:30:00 pm,0,101.582,24.187,2024-07-11 09:30:00
2024-07-11,09:45:00 pm,0,101.707,24.127,2024-07-11 09:45:00
2024-07-11,10:00:00 pm,0,101.705,24.044,2024-07-11 10:00:00
2024-07-11,10:15:00 pm,0,101.698,23.96,2024-07-11 10:15:00
2024-07-11,10:30:00 pm,0,101.708,23.875,2024-07-11 10:30:00
2024-07-11,10:45:00 pm,0,101.7,23.789,2024-07-11 10:45:00
2024-07-11,11:00:00 pm,0,101.734,23.711,2024-07-11 11:00:00
2024-07-11,11:15:00 pm,0,101.758,23.631,2024-07-11 11:15:00
2024-07-11,11:30:00 pm,0,101.763,23.545,2024-07-11 11:30:00
2024-07-11,11:45:00 pm,0,101.757,23.465,2024-07-11 11:45:00
2024-07-12,12:00:00 am,0,101.75,23.389,2024-07-12 12:00:00
2024-07-12,12:15:00 am,0,101.729,23.311,2024-07-12 12:15:00
2024-07-12,12:30:00 am,0,101.712,23.232,2024-07-12 12:30:00
2024-07-12,12:45:00 am,0,101.706,23.157,2024-07-12 12:45:00
2024-07-12,01:00:00 am,0,101.724,23.087,2024-07-12 01:00:00
2024-07-12,01:15:00 am,0,101.711,23.014,2024-07-12 01:15:00
2024-07-12,01:30:00 am,0,101.692,22.941,2024-07-12 01:30:00
2024-07-12,01:45:00 am,0,101.683,22.871,2024-07-12 01:45:00
2024-07-12,02:00:00 am,0,101.68,22.698,2024-07-12 02:00:00
2024-07-12,02:15:00 am,0,101.674,22.619,2024-07-12 02:15:00
2024-07-12,02:30:00 am,0,101.697,22.663,2024-07-12 02:30:00
2024-07-12,02:45:00 am,0,101.699,22.608,2024-07-12 02:45:00
2024-07-12,03:00:00 am,0,101.717,22.538,2024-07-12 03:00:00
2024-07-12,03:15:00 am,0,101.734,22.475,2024-07-12 03:15:00
2024-07-12,03:30:00 am,0,101.772,22.407,2024-07-12 03:30:00
2024-07-12,03:45:00 am,0,101.766,22.338,2024-07-12 03:45:00
2024-07-12,04:00:00 am,0,101.776,22.284,2024-07-12 04:00:00
2024-07-12,04:15:00 am,0,101.801,22.228,2024-07-12 04:15:00
2024-07-12,04:30:00 am,0,101.77,22.152,2024-07-12 04:30:00
2024-07-12,04:45:00 am,0,101.832,22.107,2024-07-12 04:45:00
2024-07-12,05:00:00 am,0,101.841,22.049,2024-07-12 05:00:00
2024-07-12,05:15:00 am,0,101.855,21.996,2024-07-12 05:15:00
2024-07-12,05:30:00 am,0,101.865,21.942,2024-07-12 05:30:00
2024-07-12,05:45:00 am,0,101.869,21.883,2024-07-12 05:45:00
2024-07-12,06:00:00 am,0,101.872,21.826,2024-07-12 06:00:00
2024-07-12,06:15:00 am,0,101.855,21.771,2024-07-12 06:15:00
2024-07-12,06:30:00 am,0,101.776,21.697,2024-07-12 06:30:00
2024-07-12,06:45:00 am,0,101.857,21.679,2024-07-12 06:45:00
2024-07-12,07:00:00 am,0,101.868,21.643,2024-07-12 07:00:00
2024-07-12,07:15:00 am,0,101.885,21.629,2024-07-12 07:15:00
2024-07-12,07:30:00 am,0,101.901,21.613,2024-07-12 07:30:00
2024-07-12,07:45:00 am,0,101.911,21.617,2024-07-12 07:45:00
2024-07-12,08:00:00 am,0,101.84,21.627,2024-07-12 08:00:00
2024-07-12,08:15:00 am,0,101.864,21.683,2024-07-12 08:15:00
2024-07-12,08:30:00 am,0,101.883,21.755,2024-07-12 08:30:00
2024-07-12,08:45:00 am,0,101.901,21.864,2024-07-12 08:45:00
2024-07-12,09:00:00 am,0,101.927,22.02,2024-07-12 09:00:00
2024-07-12,09:15:00 am,0,101.959,22.165,2024-07-12 09:15:00
2024-07-12,09:30:00 am,0,101.99,22.317,2024-07-12 09:30:00
2024-07-12,09:45:00 am,0,102.024,22.453,2024-07-12 09:45:00
2024-07-12,10:00:00 am,0,102.045,22.579,2024-07-12 10:00:00
2024-07-12,10:15:00 am,0,102.061,22.682,2024-07-12 10:15:00
2024-07-12,10:30:00 am,0,102.091,22.796,2024-07-12 10:30:00
2024-07-12,10:45:00 am,0,102.095,22.95,2024-07-12 10:45:00
2024-07-12,11:00:00 am,0,102.104,23.125,2024-07-12 11:00:00
2024-07-12,11:15:00 am,0,102.106,23.29,2024-07-12 11:15:00
2024-07-12,11:30:00 am,0,102.1,23.487,2024-07-12 11:30:00
2024-07-12,11:45:00 am,0,102.111,23.687,2024-07-12 11:45:00
2024-07-12,12:00:00 pm,0,102.111,23.925,2024-07-12 12:00:00
2024-07-12,12:15:00 pm,0,102.111,24.154,2024-07-12 12:15:00
2024-07-12,12:30:00 pm,0,102.101,24.311,2024-07-12 12:30:00
2024-07-12,12:45:00 pm,0,102.099,24.459,2024-07-12 12:45:00
2024-07-12,01:00:00 pm,0,102.038,24.631,2024-07-12 01:00:00
2024-07-12,01:15:00 pm,0,102.037,24.807,2024-07-12 01:15:00
2024-07-12,01:30:00 pm,0,102.037,24.982,2024-07-12 01:30:00
2024-07-12,01:45:00 pm,0,102.042,25.167,2024-07-12 01:45:00
2024-07-12,02:00:00 pm,0,101.973,25.37,2024-07-12 02:00:00
2024-07-12,02:15:00 pm,0,101.989,25.549,2024-07-12 02:15:00
2024-07-12,02:30:00 pm,0,101.974,25.689,2024-07-12 02:30:00
2024-07-12,02:45:00 pm,0,101.973,25.79,2024-07-12 02:45:00
2024-07-12,03:00:00 pm,0,101.944,25.856,2024-07-12 03:00:00
2024-07-12,03:15:00 pm,0,101.931,25.892,2024-07-12 03:15:00
2024-07-12,03:30:00 pm,0,101.915,25.892,2024-07-12 03:30:00
2024-07-12,03:45:00 pm,0,101.893,25.849,2024-07-12 03:45:00
2024-07-12,04:00:00 pm,0,101.877,25.795,2024-07-12 04:00:00
2024-07-12,04:15:00 pm,0,101.864,25.729,2024-07-12 04:15:00
2024-07-12,04:30:00 pm,0,101.849,25.687,2024-07-12 04:30:00
2024-07-12,04:45:00 pm,0,101.83,25.647,2024-07-12 04:45:00
2024-07-12,05:00:00 pm,0,101.827,25.595,2024-07-12 05:00:00
2024-07-12,05:15:00 pm,0,101.823,25.546,2024-07-12 05:15:00
2024-07-12,05:30:00 pm,0,101.813,25.493,2024-07-12 05:30:00
2024-07-12,05:45:00 pm,0,101.81,25.437,2024-07-12 05:45:00
2024-07-12,06:00:00 pm,0,101.811,25.363,2024-07-12 06:00:00
2024-07-12,06:15:00 pm,0,101.801,25.286,2024-07-12 06:15:00
2024-07-12,06:30:00 pm,0,101.803,25.212,2024-07-12 06:30:00
2024-07-12,06:45:00 pm,0,101.811,25.142,2024-07-12 06:45:00
2024-07-12,07:00:00 pm,0,101.817,25.068,2024-07-12 07:00:00
2024-07-12,07:15:00 pm,0,101.82,24.984,2024-07-12 07:15:00
2024-07-12,07:30:00 pm,0,101.818,24.9,2024-07-12 07:30:00
2024-07-12,07:45:00 pm,0,101.82,24.82,2024-07-12 07:45:00
2024-07-12,08:00:00 pm,0,101.829,24.744,2024-07-12 08:00:00
2024-07-12,08:15:00 pm,0,101.831,24.664,2024-07-12 08:15:00
2024-07-12,08:30:00 pm,0,101.831,24.588,2024-07-12 08:30:00
2024-07-12,08:45:00 pm,0,101.823,24.51,2024-07-12 08:45:00
2024-07-12,09:00:00 pm,0,101.818,24.433,2024-07-12 09:00:00
2024-07-12,09:15:00 pm,0,101.841,24.353,2024-07-12 09:15:00
2024-07-12,09:30:00 pm,0,101.863,24.276,2024-07-12 09:30:00
2024-07-12,09:45:00 pm,0,101.874,24.198,2024-07-12 09:45:00
2024-07-12,10:00:00 pm,0,101.86,24.126,2024-07-12 10:00:00
2024-07-12,10:15:00 pm,0,101.858,24.061,2024-07-12 10:15:00
2024-07-12,10:30:00 pm,0,101.842,23.993,2024-07-12 10:30:00
2024-07-12,10:45:00 pm,0,101.829,23.923,2024-07-12 10:45:00
2024-07-12,11:00:00 pm,0,101.901,23.857,2024-07-12 11:00:00
2024-07-12,11:15:00 pm,0,101.907,23.794,2024-07-12 11:15:00
2024-07-12,11:30:00 pm,0,101.902,23.736,2024-07-12 11:30:00
2024-07-12,11:45:00 pm,0,101.901,23.674,2024-07-12 11:45:00
2024-07-13,12:00:00 am,0,101.89,23.605,2024-07-13 12:00:00
2024-07-13,12:15:00 am,0,101.885,23.537,2024-07-13 12:15:00
2024-07-13,12:30:00 am,0,101.892,23.463,2024-07-13 12:30:00
2024-07-13,12:45:00 am,0,101.874,23.388,2024-07-13 12:45:00
2024-07-13,01:00:00 am,0,101.863,23.313,2024-07-13 01:00:00
2024-07-13,01:15:00 am,0,101.895,23.248,2024-07-13 01:15:00
2024-07-13,01:30:00 am,0,101.876,23.183,2024-07-13 01:30:00
2024-07-13,01:45:00 am,0,101.858,23.109,2024-07-13 01:45:00
2024-07-13,02:00:00 am,0,101.87,23.034,2024-07-13 02:00:00
2024-07-13,02:15:00 am,0,101.879,22.958,2024-07-13 02:15:00
2024-07-13,02:30:00 am,0,101.893,22.88,2024-07-13 02:30:00
2024-07-13,02:45:00 am,0,101.855,22.798,2024-07-13 02:45:00
2024-07-13,03:00:00 am,0,101.861,22.738,2024-07-13 03:00:00
2024-07-13,03:15:00 am,0,101.897,22.686,2024-07-13 03:15:00
2024-07-13,03:30:00 am,0,101.881,22.614,2024-07-13 03:30:00
2024-07-13,03:45:00 am,0,101.871,22.537,2024-07-13 03:45:00
2024-07-13,04:00:00 am,0,101.892,22.469,2024-07-13 04:00:00
2024-07-13,04:15:00 am,0,101.919,22.413,2024-07-13 04:15:00
2024-07-13,04:30:00 am,0,101.916,22.354,2024-07-13 04:30:00
2024-07-13,04:45:00 am,0,101.94,22.289,2024-07-13 04:45:00
2024-07-13,05:00:00 am,0,101.941,22.227,2024-07-13 05:00:00
2024-07-13,05:15:00 am,0,101.972,22.173,2024-07-13 05:15:00
2024-07-13,05:30:00 am,0,101.989,22.122,2024-07-13 05:30:00
2024-07-13,05:45:00 am,0,102.018,22.069,2024-07-13 05:45:00
2024-07-13,06:00:00 am,0,102.042,22.016,2024-07-13 06:00:00
2024-07-13,06:15:00 am,0,102.04,21.966,2024-07-13 06:15:00
2024-07-13,06:30:00 am,0,102.051,21.92,2024-07-13 06:30:00
2024-07-13,06:45:00 am,0,102.044,21.879,2024-07-13 06:45:00
2024-07-13,07:00:00 am,0,102.053,21.846,2024-07-13 07:00:00
2024-07-13,07:15:00 am,0,102.064,21.824,2024-07-13 07:15:00
2024-07-13,07:30:00 am,0,102.081,21.817,2024-07-13 07:30:00
2024-07-13,07:45:00 am,0,102.099,21.826,2024-07-13 07:45:00
2024-07-13,08:00:00 am,0,102.111,21.845,2024-07-13 08:00:00
2024-07-13,08:15:00 am,0,102.135,21.888,2024-07-13 08:15:00
2024-07-13,08:30:00 am,0,102.154,21.952,2024-07-13 08:30:00
2024-07-13,08:45:00 am,0,102.177,22.055,2024-07-13 08:45:00
2024-07-13,09:00:00 am,0,102.207,22.225,2024-07-13 09:00:00
2024-07-13,09:15:00 am,0,102.237,22.372,2024-07-13 09:15:00
2024-07-13,09:30:00 am,0,102.27,22.551,2024-07-13 09:30:00
2024-07-13,09:45:00 am,0,102.3,22.691,2024-07-13 09:45:00
2024-07-13,10:00:00 am,0,102.321,22.781,2024-07-13 10:00:00
2024-07-13,10:15:00 am,0,102.336,22.861,2024-07-13 10:15:00
2024-07-13,10:30:00 am,0,102.352,22.989,2024-07-13 10:30:00
2024-07-13,10:45:00 am,0,102.364,23.138,2024-07-13 10:45:00
2024-07-13,11:00:00 am,0,102.369,23.331,2024-07-13 11:00:00
2024-07-13,11:15:00 am,0,102.351,23.488,2024-07-13 11:15:00
2024-07-13,11:30:00 am,0,102.351,23.663,2024-07-13 11:30:00
2024-07-13,11:45:00 am,0,102.344,23.873,2024-07-13 11:45:00
2024-07-13,12:00:00 pm,0,102.346,24.108,2024-07-13 12:00:00
2024-07-13,12:15:00 pm,0,102.342,24.368,2024-07-13 12:15:00
2024-07-13,12:30:00 pm,0,102.328,24.562,2024-07-13 12:30:00
2024-07-13,12:45:00 pm,0,102.321,24.65,2024-07-13 12:45:00
2024-07-13,01:00:00 pm,0,102.306,24.708,2024-07-13 01:00:00
2024-07-13,01:15:00 pm,0,102.225,24.825,2024-07-13 01:15:00
2024-07-13,01:30:00 pm,0,102.247,24.996,2024-07-13 01:30:00
2024-07-13,01:45:00 pm,0,102.249,25.197,2024-07-13 01:45:00
2024-07-13,02:00:00 pm,0,102.25,25.42,2024-07-13 02:00:00
2024-07-13,02:15:00 pm,0,102.251,25.63,2024-07-13 02:15:00
2024-07-13,02:30:00 pm,0,102.258,25.84,2024-07-13 02:30:00
2024-07-13,02:45:00 pm,0,102.237,25.965,2024-07-13 02:45:00
2024-07-13,03:00:00 pm,0,102.208,26.067,2024-07-13 03:00:00
2024-07-13,03:15:00 pm,0,102.103,26.144,2024-07-13 03:15:00
2024-07-13,03:30:00 pm,0,102.097,26.173,2024-07-13 03:30:00
2024-07-13,03:45:00 pm,0,102.079,26.123,2024-07-13 03:45:00
2024-07-13,04:00:00 pm,0,102.057,26.05,2024-07-13 04:00:00
2024-07-13,04:15:00 pm,0,102.038,25.985,2024-07-13 04:15:00
2024-07-13,04:30:00 pm,0,102.016,25.972,2024-07-13 04:30:00
2024-07-13,04:45:00 pm,0,102.011,25.944,2024-07-13 04:45:00
2024-07-13,05:00:00 pm,0,101.999,25.925,2024-07-13 05:00:00
2024-07-13,05:15:00 pm,0,101.994,25.887,2024-07-13 05:15:00
2024-07-13,05:30:00 pm,0,101.99,25.815,2024-07-13 05:30:00
2024-07-13,05:45:00 pm,0,101.984,25.746,2024-07-13 05:45:00
2024-07-13,06:00:00 pm,0,101.984,25.692,2024-07-13 06:00:00
2024-07-13,06:15:00 pm,0,101.976,25.631,2024-07-13 06:15:00
2024-07-13,06:30:00 pm,0,101.963,25.561,2024-07-13 06:30:00
2024-07-13,06:45:00 pm,0,101.961,25.488,2024-07-13 06:45:00
2024-07-13,07:00:00 pm,0,101.946,25.413,2024-07-13 07:00:00
2024-07-13,07:15:00 pm,0,101.938,25.328,2024-07-13 07:15:00
2024-07-13,07:30:00 pm,0,101.93,25.246,2024-07-13 07:30:00
2024-07-13,07:45:00 pm,0,101.928,25.173,2024-07-13 07:45:00
2024-07-13,08:00:00 pm,0,101.937,25.1,2024-07-13 08:00:00
2024-07-13,08:15:00 pm,0,101.927,25.023,2024-07-13 08:15:00
2024-07-13,08:30:00 pm,0,101.935,24.945,2024-07-13 08:30:00
2024-07-13,08:45:00 pm,0,101.942,24.868,2024-07-13 08:45:00
2024-07-13,09:00:00 pm,0,101.954,24.791,2024-07-13 09:00:00
2024-07-13,09:15:00 pm,0,101.957,24.714,2024-07-13 09:15:00
2024-07-13,09:30:00 pm,0,101.964,24.642,2024-07-13 09:30:00
2024-07-13,09:45:00 pm,0,101.958,24.569,2024-07-13 09:45:00
2024-07-13,10:00:00 pm,0,101.95,24.489,2024-07-13 10:00:00
2024-07-13,10:15:00 pm,0,101.939,24.414,2024-07-13 10:15:00
2024-07-13,10:30:00 pm,0,101.922,24.337,2024-07-13 10:30:00
2024-07-13,10:45:00 pm,0,101.915,24.262,2024-07-13 10:45:00
2024-07-13,11:00:00 pm,0,101.973,24.188,2024-07-13 11:00:00
2024-07-13,11:15:00 pm,0,101.95,24.111,2024-07-13 11:15:00
2024-07-13,11:30:00 pm,0,101.962,24.038,2024-07-13 11:30:00
2024-07-13,11:45:00 pm,0,101.955,23.963,2024-07-13 11:45:00
2024-07-14,12:00:00 am,0,101.957,23.889,2024-07-14 12:00:00
2024-07-14,12:15:00 am,0,101.936,23.816,2024-07-14 12:15:00
2024-07-14,12:30:00 am,0,101.935,23.744,2024-07-14 12:30:00
2024-07-14,12:45:00 am,0,101.913,23.672,2024-07-14 12:45:00
2024-07-14,01:00:00 am,0,101.921,23.6,2024-07-14 01:00:00
2024-07-14,01:15:00 am,0,101.917,23.528,2024-07-14 01:15:00
2024-07-14,01:30:00 am,0,101.9,23.467,2024-07-14 01:30:00
2024-07-14,01:45:00 am,0,101.911,23.407,2024-07-14 01:45:00
2024-07-14,02:00:00 am,0,101.897,23.355,2024-07-14 02:00:00
2024-07-14,02:15:00 am,0,101.888,23.302,2024-07-14 02:15:00
2024-07-14,02:30:00 am,0,101.878,23.252,2024-07-14 02:30:00
2024-07-14,02:45:00 am,0,101.865,23.201,2024-07-14 02:45:00
2024-07-14,03:00:00 am,0,101.854,23.148,2024-07-14 03:00:00
2024-07-14,03:15:00 am,0,101.843,23.091,2024-07-14 03:15:00
2024-07-14,03:30:00 am,0,101.867,23.036,2024-07-14 03:30:00
2024-07-14,03:45:00 am,0,101.859,22.983,2024-07-14 03:45:00
2024-07-14,04:00:00 am,0,101.856,22.933,2024-07-14 04:00:00
2024-07-14,04:15:00 am,0,101.858,22.887,2024-07-14 04:15:00
2024-07-14,04:30:00 am,0,101.856,22.845,2024-07-14 04:30:00
2024-07-14,04:45:00 am,0,101.851,22.803,2024-07-14 04:45:00
2024-07-14,05:00:00 am,0,101.858,22.762,2024-07-14 05:00:00
2024-07-14,05:15:00 am,0,101.863,22.72,2024-07-14 05:15:00
2024-07-14,05:30:00 am,0,101.871,22.681,2024-07-14 05:30:00
2024-07-14,05:45:00 am,0,101.89,22.639,2024-07-14 05:45:00
2024-07-14,06:00:00 am,0,101.902,22.598,2024-07-14 06:00:00
2024-07-14,06:15:00 am,0,101.919,22.566,2024-07-14 06:15:00
2024-07-14,06:30:00 am,0,101.942,22.532,2024-07-14 06:30:00
2024-07-14,06:45:00 am,0,101.957,22.504,2024-07-14 06:45:00
2024-07-14,07:00:00 am,0,101.967,22.481,2024-07-14 07:00:00
2024-07-14,07:15:00 am,0,101.973,22.473,2024-07-14 07:15:00
2024-07-14,07:30:00 am,0,101.986,22.485,2024-07-14 07:30:00
2024-07-14,07:45:00 am,0,101.994,22.522,2024-07-14 07:45:00
2024-07-14,08:00:00 am,0,102.003,22.559,2024-07-14 08:00:00
2024-07-14,08:15:00 am,0,102.014,22.615,2024-07-14 08:15:00
2024-07-14,08:30:00 am,0,102.028,22.698,2024-07-14 08:30:00
2024-07-14,08:45:00 am,0,102.041,22.783,2024-07-14 08:45:00
2024-07-14,09:00:00 am,0,102.063,22.92,2024-07-14 09:00:00
2024-07-14,09:15:00 am,0,102.096,23.099,2024-07-14 09:15:00
2024-07-14,09:30:00 am,0,102.117,23.209,2024-07-14 09:30:00
2024-07-14,09:45:00 am,0,102.122,23.28,2024-07-14 09:45:00
2024-07-14,10:00:00 am,0,102.148,23.392,2024-07-14 10:00:00
2024-07-14,10:15:00 am,0,102.172,23.507,2024-07-14 10:15:00
2024-07-14,10:30:00 am,0,102.181,23.559,2024-07-14 10:30:00
2024-07-14,10:45:00 am,0,102.189,23.597,2024-07-14 10:45:00
2024-07-14,11:00:00 am,0,102.198,23.686,2024-07-14 11:00:00
2024-07-14,11:15:00 am,0,102.194,23.849,2024-07-14 11:15:00
2024-07-14,11:30:00 am,0,102.199,24.046,2024-07-14 11:30:00
2024-07-14,11:45:00 am,0,102.192,24.289,2024-07-14 11:45:00
2024-07-14,12:00:00 pm,0,102.178,24.52,2024-07-14 12:00:00
2024-07-14,12:15:00 pm,0,102.179,24.774,2024-07-14 12:15:00
2024-07-14,12:30:00 pm,0,102.164,24.967,2024-07-14 12:30:00
2024-07-14,12:45:00 pm,0,102.123,25.104,2024-07-14 12:45:00
2024-07-14,01:00:00 pm,0,102.108,25.268,2024-07-14 01:00:00
2024-07-14,01:15:00 pm,0,102.091,25.351,2024-07-14 01:15:00
2024-07-14,01:30:00 pm,0,102.048,25.416,2024-07-14 01:30:00
2024-07-14,01:45:00 pm,0,101.947,25.604,2024-07-14 01:45:00
2024-07-14,02:00:00 pm,0,101.965,25.809,2024-07-14 02:00:00
2024-07-14,02:15:00 pm,0,101.955,26.004,2024-07-14 02:15:00
2024-07-14,02:30:00 pm,0,101.933,26.133,2024-07-14 02:30:00
2024-07-14,02:45:00 pm,0,101.931,26.196,2024-07-14 02:45:00
2024-07-14,03:00:00 pm,0,101.932,26.287,2024-07-14 03:00:00
2024-07-14,03:15:00 pm,0,101.9,26.369,2024-07-14 03:15:00
2024-07-14,03:30:00 pm,0,101.915,26.374,2024-07-14 03:30:00
2024-07-14,03:45:00 pm,0,101.899,26.285,2024-07-14 03:45:00
2024-07-14,04:00:00 pm,0,101.892,26.155,2024-07-14 04:00:00
2024-07-14,04:15:00 pm,0,101.886,26.035,2024-07-14 04:15:00
2024-07-14,04:30:00 pm,0,101.891,25.919,2024-07-14 04:30:00
2024-07-14,04:45:00 pm,0,101.891,25.824,2024-07-14 04:45:00
2024-07-14,05:00:00 pm,0,101.909,25.716,2024-07-14 05:00:00
2024-07-14,05:15:00 pm,0,101.898,25.626,2024-07-14 05:15:00
2024-07-14,05:30:00 pm,0,101.879,25.552,2024-07-14 05:30:00
2024-07-14,05:45:00 pm,0,101.849,25.46,2024-07-14 05:45:00
2024-07-14,06:00:00 pm,0,101.831,25.366,2024-07-14 06:00:00
2024-07-14,06:15:00 pm,0,101.816,25.289,2024-07-14 06:15:00
2024-07-14,06:30:00 pm,0,101.825,25.222,2024-07-14 06:30:00
2024-07-14,06:45:00 pm,0,101.823,25.157,2024-07-14 06:45:00
2024-07-14,07:00:00 pm,0,101.807,25.102,2024-07-14 07:00:00
2024-07-14,07:15:00 pm,0,101.808,25.051,2024-07-14 07:15:00
2024-07-14,07:30:00 pm,0,101.794,24.993,2024-07-14 07:30:00
2024-07-14,07:45:00 pm,0,101.79,24.932,2024-07-14 07:45:00
2024-07-14,08:00:00 pm,0,101.783,24.872,2024-07-14 08:00:00
2024-07-14,08:15:00 pm,0,101.771,24.809,2024-07-14 08:15:00
2024-07-14,08:30:00 pm,0,101.763,24.738,2024-07-14 08:30:00
2024-07-14,08:45:00 pm,0,101.766,24.667,2024-07-14 08:45:00
2024-07-14,09:00:00 pm,0,101.776,24.6,2024-07-14 09:00:00
2024-07-14,09:15:00 pm,0,101.784,24.529,2024-07-14 09:15:00
2024-07-14,09:30:00 pm,0,101.771,24.464,2024-07-14 09:30:00
2024-07-14,09:45:00 pm,0,101.769,24.404,2024-07-14 09:45:00
2024-07-14,10:00:00 pm,0,101.779,24.344,2024-07-14 10:00:00
2024-07-14,10:15:00 pm,0,101.792,24.287,2024-07-14 10:15:00
2024-07-14,10:30:00 pm,0,101.787,24.235,2024-07-14 10:30:00
2024-07-14,10:45:00 pm,0,101.777,24.19,2024-07-14 10:45:00
2024-07-14,11:00:00 pm,0,101.766,24.143,2024-07-14 11:00:00
2024-07-14,11:15:00 pm,0,101.757,24.099,2024-07-14 11:15:00
2024-07-14,11:30:00 pm,0,101.75,24.061,2024-07-14 11:30:00
2024-07-14,11:45:00 pm,0,101.738,24.023,2024-07-14 11:45:00
2024-07-15,12:00:00 am,0,101.731,23.989,2024-07-15 12:00:00
2024-07-15,12:15:00 am,0,101.72,23.954,2024-07-15 12:15:00
2024-07-15,12:30:00 am,0,101.794,23.921,2024-07-15 12:30:00
2024-07-15,12:45:00 am,0,101.779,23.889,2024-07-15 12:45:00
2024-07-15,01:00:00 am,0,101.767,23.859,2024-07-15 01:00:00
2024-07-15,01:15:00 am,0,101.749,23.828,2024-07-15 01:15:00
2024-07-15,01:30:00 am,0,101.742,23.795,2024-07-15 01:30:00
2024-07-15,01:45:00 am,0,101.717,23.759,2024-07-15 01:45:00
2024-07-15,02:00:00 am,0,101.709,23.727,2024-07-15 02:00:00
2024-07-15,02:15:00 am,0,101.69,23.693,2024-07-15 02:15:00
2024-07-15,02:30:00 am,0,101.683,23.658,2024-07-15 02:30:00
2024-07-15,02:45:00 am,0,101.667,23.621,2024-07-15 02:45:00
2024-07-15,03:00:00 am,0,101.658,23.577,2024-07-15 03:00:00
2024-07-15,03:15:00 am,0,101.65,23.54,2024-07-15 03:15:00
2024-07-15,03:30:00 am,0,101.659,23.504,2024-07-15 03:30:00
2024-07-15,03:45:00 am,0,101.659,23.474,2024-07-15 03:45:00
2024-07-15,04:00:00 am,0,101.663,23.444,2024-07-15 04:00:00
2024-07-15,04:15:00 am,0,101.713,23.415,2024-07-15 04:15:00
2024-07-15,04:30:00 am,0,101.702,23.378,2024-07-15 04:30:00
2024-07-15,04:45:00 am,0,101.701,23.343,2024-07-15 04:45:00
2024-07-15,05:00:00 am,0,101.714,23.309,2024-07-15 05:00:00
2024-07-15,05:15:00 am,0,101.72,23.276,2024-07-15 05:15:00
2024-07-15,05:30:00 am,0,101.727,23.242,2024-07-15 05:30:00
2024-07-15,05:45:00 am,0,101.731,23.21,2024-07-15 05:45:00
2024-07-15,06:00:00 am,0,101.744,23.174,2024-07-15 06:00:00
2024-07-15,06:15:00 am,0,101.77,23.133,2024-07-15 06:15:00
2024-07-15,06:30:00 am,0,101.772,23.099,2024-07-15 06:30:00
2024-07-15,06:45:00 am,0,101.779,23.073,2024-07-15 06:45:00
2024-07-15,07:00:00 am,0,101.791,23.06,2024-07-15 07:00:00
2024-07-15,07:15:00 am,0,101.798,23.061,2024-07-15 07:15:00
2024-07-15,07:30:00 am,0,101.807,23.072,2024-07-15 07:30:00
2024-07-15,07:45:00 am,0,101.813,23.102,2024-07-15 07:45:00
2024-07-15,08:00:00 am,0,101.833,23.149,2024-07-15 08:00:00
2024-07-15,08:15:00 am,0,101.849,23.186,2024-07-15 08:15:00
2024-07-15,08:30:00 am,0,101.854,23.216,2024-07-15 08:30:00
2024-07-15,08:45:00 am,0,101.854,23.245,2024-07-15 08:45:00
2024-07-15,09:00:00 am,0,101.871,23.294,2024-07-15 09:00:00
2024-07-15,09:15:00 am,0,101.883,23.356,2024-07-15 09:15:00
2024-07-15,09:30:00 am,0,101.905,23.442,2024-07-15 09:30:00
2024-07-15,09:45:00 am,0,101.924,23.54,2024-07-15 09:45:00
2024-07-15,10:00:00 am,0,101.939,23.625,2024-07-15 10:00:00
2024-07-15,10:15:00 am,0,101.943,23.692,2024-07-15 10:15:00
2024-07-15,10:30:00 am,0,101.956,23.801,2024-07-15 10:30:00
2024-07-15,10:45:00 am,0,101.984,23.967,2024-07-15 10:45:00
2024-07-15,11:00:00 am,0,102.005,24.122,2024-07-15 11:00:00
2024-07-15,11:15:00 am,0,101.999,24.266,2024-07-15 11:15:00
2024-07-15,11:30:00 am,0,101.99,24.419,2024-07-15 11:30:00
2024-07-15,11:45:00 am,0,101.97,24.572,2024-07-15 11:45:00
2024-07-15,12:00:00 pm,0,101.953,24.755,2024-07-15 12:00:00
2024-07-15,12:15:00 pm,0,101.94,24.824,2024-07-15 12:15:00
2024-07-15,12:30:00 pm,0,101.921,24.885,2024-07-15 12:30:00
2024-07-15,12:45:00 pm,0,101.908,25.005,2024-07-15 12:45:00
2024-07-15,01:00:00 pm,0,101.888,25.088,2024-07-15 01:00:00
2024-07-15,01:15:00 pm,0,101.869,25.252,2024-07-15 01:15:00
2024-07-15,01:30:00 pm,0,101.83,25.391,2024-07-15 01:30:00
2024-07-15,01:45:00 pm,0,101.822,25.385,2024-07-15 01:45:00
2024-07-15,02:00:00 pm,0,101.835,25.338,2024-07-15 02:00:00
2024-07-15,02:15:00 pm,0,101.783,25.261,2024-07-15 02:15:00
2024-07-15,02:30:00 pm,0,101.762,25.221,2024-07-15 02:30:00
2024-07-15,02:45:00 pm,0,101.751,25.156,2024-07-15 02:45:00
2024-07-15,03:00:00 pm,0,101.747,25.089,2024-07-15 03:00:00
2024-07-15,03:15:00 pm,0,101.747,25.03,2024-07-15 03:15:00
2024-07-15,03:30:00 pm,0,101.721,24.983,2024-07-15 03:30:00
2024-07-15,03:45:00 pm,0,101.708,25.013,2024-07-15 03:45:00
2024-07-15,04:00:00 pm,0,101.725,25.07,2024-07-15 04:00:00
2024-07-15,04:15:00 pm,0,101.754,25.096,2024-07-15 04:15:00
2024-07-15,04:30:00 pm,0,101.748,25.111,2024-07-15 04:30:00
2024-07-15,04:45:00 pm,0,101.738,25.09,2024-07-15 04:45:00
2024-07-15,05:00:00 pm,0,101.724,25.044,2024-07-15 05:00:00
2024-07-15,05:15:00 pm,0,101.717,24.994,2024-07-15 05:15:00
2024-07-15,05:30:00 pm,0,101.73,24.933,2024-07-15 05:30:00
2024-07-15,05:45:00 pm,0,101.717,24.848,2024-07-15 05:45:00
2024-07-15,06:00:00 pm,0,101.716,24.791,2024-07-15 06:00:00
2024-07-15,06:15:00 pm,0,101.685,24.732,2024-07-15 06:15:00
2024-07-15,06:30:00 pm,0,101.656,24.646,2024-07-15 06:30:00
2024-07-15,06:45:00 pm,0,101.648,24.581,2024-07-15 06:45:00
2024-07-15,07:00:00 pm,0,101.641,24.516,2024-07-15 07:00:00
2024-07-15,07:15:00 pm,0,101.603,24.437,2024-07-15 07:15:00
2024-07-15,07:30:00 pm,0,101.569,24.357,2024-07-15 07:30:00
2024-07-15,07:45:00 pm,0,101.567,24.28,2024-07-15 07:45:00
2024-07-15,08:00:00 pm,0,101.59,24.205,2024-07-15 08:00:00
2024-07-15,08:15:00 pm,0,101.598,24.136,2024-07-15 08:15:00
2024-07-15,08:30:00 pm,0,101.581,24.069,2024-07-15 08:30:00
2024-07-15,08:45:00 pm,0,101.573,24.002,2024-07-15 08:45:00
2024-07-15,09:00:00 pm,0,101.562,23.938,2024-07-15 09:00:00
2024-07-15,09:15:00 pm,0,101.539,23.879,2024-07-15 09:15:00
2024-07-15,09:30:00 pm,0,101.533,23.823,2024-07-15 09:30:00
2024-07-15,09:45:00 pm,0,101.518,23.762,2024-07-15 09:45:00
2024-07-15,10:00:00 pm,0,101.543,23.703,2024-07-15 10:00:00
2024-07-15,10:15:00 pm,0,101.567,23.642,2024-07-15 10:15:00
2024-07-15,10:30:00 pm,0,101.571,23.585,2024-07-15 10:30:00
2024-07-15,10:45:00 pm,0,101.561,23.527,2024-07-15 10:45:00
2024-07-15,11:00:00 pm,0,101.546,23.47,2024-07-15 11:00:00
2024-07-15,11:15:00 pm,0,101.542,23.41,2024-07-15 11:15:00
2024-07-15,11:30:00 pm,0,101.542,23.353,2024-07-15 11:30:00
2024-07-15,11:45:00 pm,0,101.528,23.296,2024-07-15 11:45:00
2024-07-16,12:00:00 am,0,101.508,23.241,2024-07-16 12:00:00
2024-07-16,12:15:00 am,0,101.489,23.192,2024-07-16 12:15:00
2024-07-16,12:30:00 am,0,101.568,23.139,2024-07-16 12:30:00
2024-07-16,12:45:00 am,0,101.563,23.086,2024-07-16 12:45:00
2024-07-16,01:00:00 am,0,101.559,23.039,2024-07-16 01:00:00
2024-07-16,01:15:00 am,0,101.553,22.994,2024-07-16 01:15:00
2024-07-16,01:30:00 am,0,101.554,22.96,2024-07-16 01:30:00
2024-07-16,01:45:00 am,0,101.555,22.923,2024-07-16 01:45:00
2024-07-16,02:00:00 am,0,101.552,22.889,2024-07-16 02:00:00
2024-07-16,02:15:00 am,0,101.542,22.857,2024-07-16 02:15:00
2024-07-16,02:30:00 am,0,101.526,22.824,2024-07-16 02:30:00
2024-07-16,02:45:00 am,0,101.511,22.797,2024-07-16 02:45:00
2024-07-16,03:00:00 am,0,101.499,22.768,2024-07-16 03:00:00
2024-07-16,03:15:00 am,0,101.493,22.734,2024-07-16 03:15:00
2024-07-16,03:30:00 am,0,101.494,22.705,2024-07-16 03:30:00
2024-07-16,03:45:00 am,0,101.499,22.677,2024-07-16 03:45:00
2024-07-16,04:00:00 am,0,101.538,22.65,2024-07-16 04:00:00
2024-07-16,04:15:00 am,0,101.547,22.626,2024-07-16 04:15:00
2024-07-16,04:30:00 am,0,101.542,22.606,2024-07-16 04:30:00
2024-07-16,04:45:00 am,0,101.554,22.585,2024-07-16 04:45:00
2024-07-16,05:00:00 am,0,101.553,22.564,2024-07-16 05:00:00
2024-07-16,05:15:00 am,0,101.57,22.543,2024-07-16 05:15:00
2024-07-16,05:30:00 am,0,101.58,22.522,2024-07-16 05:30:00
2024-07-16,05:45:00 am,0,101.588,22.506,2024-07-16 05:45:00
2024-07-16,06:00:00 am,0,101.574,22.482,2024-07-16 06:00:00
2024-07-16,06:15:00 am,0,101.571,22.458,2024-07-16 06:15:00
2024-07-16,06:30:00 am,0,101.564,22.435,2024-07-16 06:30:00
2024-07-16,06:45:00 am,0,101.574,22.411,2024-07-16 06:45:00
2024-07-16,07:00:00 am,0,101.583,22.399,2024-07-16 07:00:00
2024-07-16,07:15:00 am,0,101.592,22.393,2024-07-16 07:15:00
2024-07-16,07:30:00 am,0,101.602,22.398,2024-07-16 07:30:00
2024-07-16,07:45:00 am,0,101.608,22.418,2024-07-16 07:45:00
2024-07-16,08:00:00 am,0,101.625,22.458,2024-07-16 08:00:00
2024-07-16,08:15:00 am,0,101.641,22.508,2024-07-16 08:15:00
2024-07-16,08:30:00 am,0,101.649,22.574,2024-07-16 08:30:00
2024-07-16,08:45:00 am,0,101.674,22.666,2024-07-16 08:45:00
2024-07-16,09:00:00 am,0,101.699,22.785,2024-07-16 09:00:00
2024-07-16,09:15:00 am,0,101.716,22.919,2024-07-16 09:15:00
2024-07-16,09:30:00 am,0,101.736,23.022,2024-07-16 09:30:00
2024-07-16,09:45:00 am,0,101.756,23.102,2024-07-16 09:45:00
2024-07-16,10:00:00 am,0,101.774,23.182,2024-07-16 10:00:00
2024-07-16,10:15:00 am,0,101.784,23.224,2024-07-16 10:15:00
2024-07-16,10:30:00 am,0,101.796,23.29,2024-07-16 10:30:00
2024-07-16,10:45:00 am,0,101.819,23.457,2024-07-16 10:45:00
2024-07-16,11:00:00 am,0,101.842,23.636,2024-07-16 11:00:00
2024-07-16,11:15:00 am,0,101.847,23.774,2024-07-16 11:15:00
2024-07-16,11:30:00 am,0,101.823,23.835,2024-07-16 11:30:00
2024-07-16,11:45:00 am,0,101.81,24.016,2024-07-16 11:45:00
2024-07-16,12:00:00 pm,0,101.807,24.219,2024-07-16 12:00:00
2024-07-16,12:15:00 pm,0,101.807,24.416,2024-07-16 12:15:00
2024-07-16,12:30:00 pm,0,101.806,24.604,2024-07-16 12:30:00
2024-07-16,12:45:00 pm,0,101.794,24.708,2024-07-16 12:45:00
2024-07-16,01:00:00 pm,0,101.769,24.834,2024-07-16 01:00:00
2024-07-16,01:15:00 pm,0,101.749,25.017,2024-07-16 01:15:00
2024-07-16,01:30:00 pm,0,101.723,25.206,2024-07-16 01:30:00
2024-07-16,01:45:00 pm,0,101.713,25.434,2024-07-16 01:45:00
2024-07-16,02:00:00 pm,0,101.689,25.648,2024-07-16 02:00:00
2024-07-16,02:15:00 pm,0,101.729,25.835,2024-07-16 02:15:00
2024-07-16,02:30:00 pm,0,101.792,25.851,2024-07-16 02:30:00
2024-07-16,02:45:00 pm,0,101.715,25.622,2024-07-16 02:45:00
2024-07-16,03:00:00 pm,0,101.665,25.393,2024-07-16 03:00:00
2024-07-16,03:15:00 pm,0,101.67,25.335,2024-07-16 03:15:00
2024-07-16,03:30:00 pm,0,101.636,25.288,2024-07-16 03:30:00
2024-07-16,03:45:00 pm,0,101.632,25.296,2024-07-16 03:45:00
2024-07-16,04:00:00 pm,0,101.606,25.301,2024-07-16 04:00:00
2024-07-16,04:15:00 pm,0,101.61,25.285,2024-07-16 04:15:00
2024-07-16,04:30:00 pm,0,101.592,25.291,2024-07-16 04:30:00
2024-07-16,04:45:00 pm,0,101.575,25.307,2024-07-16 04:45:00
2024-07-16,05:00:00 pm,0,101.566,25.328,2024-07-16 05:00:00
2024-07-16,05:15:00 pm,0,101.611,25.295,2024-07-16 05:15:00
2024-07-16,05:30:00 pm,0,101.684,25.224,2024-07-16 05:30:00
2024-07-16,05:45:00 pm,0,101.705,25.143,2024-07-16 05:45:00
2024-07-16,06:00:00 pm,0,101.693,25.057,2024-07-16 06:00:00
2024-07-16,06:15:00 pm,0,101.656,24.95,2024-07-16 06:15:00
2024-07-16,06:30:00 pm,0,101.649,24.83,2024-07-16 06:30:00
2024-07-16,06:45:00 pm,0,101.629,24.724,2024-07-16 06:45:00
2024-07-16,07:00:00 pm,0,101.616,24.631,2024-07-16 07:00:00
2024-07-16,07:15:00 pm,0,101.608,24.545,2024-07-16 07:15:00
2024-07-16,07:30:00 pm,0,101.576,24.465,2024-07-16 07:30:00
2024-07-16,07:45:00 pm,0,101.57,24.396,2024-07-16 07:45:00
2024-07-16,08:00:00 pm,0,101.553,24.337,2024-07-16 08:00:00
2024-07-16,08:15:00 pm,0,101.537,24.282,2024-07-16 08:15:00
2024-07-16,08:30:00 pm,0,101.528,24.225,2024-07-16 08:30:00
2024-07-16,08:45:00 pm,0,101.518,24.168,2024-07-16 08:45:00
2024-07-16,09:00:00 pm,0,101.506,24.111,2024-07-16 09:00:00
2024-07-16,09:15:00 pm,0,101.496,24.051,2024-07-16 09:15:00
2024-07-16,09:30:00 pm,0,101.489,23.991,2024-07-16 09:30:00
2024-07-16,09:45:00 pm,0,101.498,23.933,2024-07-16 09:45:00
2024-07-16,10:00:00 pm,0,101.525,23.874,2024-07-16 10:00:00
2024-07-16,10:15:00 pm,0,101.506,23.815,2024-07-16 10:15:00
2024-07-16,10:30:00 pm,0,101.496,23.758,2024-07-16 10:30:00
2024-07-16,10:45:00 pm,0,101.477,23.698,2024-07-16 10:45:00
2024-07-16,11:00:00 pm,0,101.483,23.641,2024-07-16 11:00:00
2024-07-16,11:15:00 pm,0,101.497,23.587,2024-07-16 11:15:00
2024-07-16,11:30:00 pm,0,101.523,23.532,2024-07-16 11:30:00
2024-07-16,11:45:00 pm,0,101.558,23.473,2024-07-16 11:45:00
2024-07-17,12:00:00 am,0,101.586,23.422,2024-07-17 12:00:00
2024-07-17,12:15:00 am,0,101.564,23.385,2024-07-17 12:15:00
2024-07-17,12:30:00 am,0,101.549,23.347,2024-07-17 12:30:00
2024-07-17,12:45:00 am,0,101.537,23.313,2024-07-17 12:45:00
2024-07-17,01:00:00 am,0,101.518,23.28,2024-07-17 01:00:00
2024-07-17,01:15:00 am,0,101.498,23.246,2024-07-17 01:15:00
2024-07-17,01:30:00 am,0,101.489,23.212,2024-07-17 01:30:00
2024-07-17,01:45:00 am,0,101.468,23.178,2024-07-17 01:45:00
2024-07-17,02:00:00 am,0,101.446,23.144,2024-07-17 02:00:00
2024-07-17,02:15:00 am,0,101.429,23.116,2024-07-17 02:15:00
2024-07-17,02:30:00 am,0,101.419,23.096,2024-07-17 02:30:00
2024-07-17,02:45:00 am,0,101.412,23.075,2024-07-17 02:45:00
2024-07-17,03:00:00 am,0,101.419,23.054,2024-07-17 03:00:00
2024-07-17,03:15:00 am,0,101.419,23.034,2024-07-17 03:15:00
2024-07-17,03:30:00 am,0,101.419,23.017,2024-07-17 03:30:00
2024-07-17,03:45:00 am,0,101.427,22.99,2024-07-17 03:45:00
2024-07-17,04:00:00 am,0,101.5,22.964,2024-07-17 04:00:00
2024-07-17,04:15:00 am,0,101.495,22.941,2024-07-17 04:15:00
2024-07-17,04:30:00 am,0,101.493,22.918,2024-07-17 04:30:00
2024-07-17,04:45:00 am,0,101.495,22.896,2024-07-17 04:45:00
2024-07-17,05:00:00 am,0,101.495,22.873,2024-07-17 05:00:00
2024-07-17,05:15:00 am,0,101.505,22.848,2024-07-17 05:15:00
2024-07-17,05:30:00 am,0,101.517,22.824,2024-07-17 05:30:00
2024-07-17,05:45:00 am,0,101.551,22.799,2024-07-17 05:45:00
2024-07-17,06:00:00 am,0,101.558,22.77,2024-07-17 06:00:00
2024-07-17,06:15:00 am,0,101.559,22.745,2024-07-17 06:15:00
2024-07-17,06:30:00 am,0,101.57,22.719,2024-07-17 06:30:00
2024-07-17,06:45:00 am,0,101.588,22.697,2024-07-17 06:45:00
2024-07-17,07:00:00 am,0,101.599,22.683,2024-07-17 07:00:00
2024-07-17,07:15:00 am,0,101.617,22.682,2024-07-17 07:15:00
2024-07-17,07:30:00 am,0,101.636,22.691,2024-07-17 07:30:00
2024-07-17,07:45:00 am,0,101.661,22.708,2024-07-17 07:45:00
2024-07-17,08:00:00 am,0,101.669,22.736,2024-07-17 08:00:00
2024-07-17,08:15:00 am,0,101.675,22.792,2024-07-17 08:15:00
2024-07-17,08:30:00 am,0,101.684,22.855,2024-07-17 08:30:00
2024-07-17,08:45:00 am,0,101.698,22.943,2024-07-17 08:45:00
2024-07-17,09:00:00 am,0,101.724,23.036,2024-07-17 09:00:00
2024-07-17,09:15:00 am,0,101.738,23.067,2024-07-17 09:15:00
2024-07-17,09:30:00 am,0,101.748,23.147,2024-07-17 09:30:00
2024-07-17,09:45:00 am,0,101.769,23.282,2024-07-17 09:45:00
2024-07-17,10:00:00 am,0,101.788,23.385,2024-07-17 10:00:00
2024-07-17,10:15:00 am,0,101.806,23.504,2024-07-17 10:15:00
2024-07-17,10:30:00 am,0,101.829,23.649,2024-07-17 10:30:00
2024-07-17,10:45:00 am,0,101.864,23.799,2024-07-17 10:45:00
2024-07-17,11:00:00 am,0,101.875,23.939,2024-07-17 11:00:00
2024-07-17,11:15:00 am,0,101.886,24.088,2024-07-17 11:15:00
2024-07-17,11:30:00 am,0,101.868,24.273,2024-07-17 11:30:00
2024-07-17,11:45:00 am,0,101.832,24.457,2024-07-17 11:45:00
2024-07-17,12:00:00 pm,0,101.803,24.633,2024-07-17 12:00:00
2024-07-17,12:15:00 pm,0,101.806,24.882,2024-07-17 12:15:00
2024-07-17,12:30:00 pm,0,101.789,25.031,2024-07-17 12:30:00
2024-07-17,12:45:00 pm,0,101.805,25.11,2024-07-17 12:45:00
2024-07-17,01:00:00 pm,0,102.074,24.882,2024-07-17 01:00:00
2024-07-17,01:15:00 pm,0,102.238,24.477,2024-07-17 01:15:00
2024-07-17,01:30:00 pm,0,102.824,24.261,2024-07-17 01:30:00
2024-07-17,01:45:00 pm,0,103.086,24.251,2024-07-17 01:45:00
2024-07-17,02:00:00 pm,0,102.997,24.273,2024-07-17 02:00:00
2024-07-17,02:15:00 pm,0,102.905,24.245,2024-07-17 02:15:00
2024-07-17,02:30:00 pm,0,102.776,24.188,2024-07-17 02:30:00
2024-07-17,02:45:00 pm,0,102.693,24.148,2024-07-17 02:45:00
2024-07-17,03:00:00 pm,0,102.547,24.14,2024-07-17 03:00:00
2024-07-17,03:15:00 pm,0,102.424,24.143,2024-07-17 03:15:00
2024-07-17,03:30:00 pm,0,102.357,24.109,2024-07-17 03:30:00
2024-07-17,03:45:00 pm,0,102.295,24.104,2024-07-17 03:45:00
2024-07-17,04:00:00 pm,0,102.233,24.132,2024-07-17 04:00:00
2024-07-17,04:15:00 pm,0,102.148,24.164,2024-07-17 04:15:00
2024-07-17,04:30:00 pm,0,102.078,24.191,2024-07-17 04:30:00
2024-07-17,04:45:00 pm,0,102.053,24.223,2024-07-17 04:45:00
2024-07-17,05:00:00 pm,0,102.027,24.254,2024-07-17 05:00:00
2024-07-17,05:15:00 pm,0,101.989,24.276,2024-07-17 05:15:00
2024-07-17,05:30:00 pm,0,101.99,24.293,2024-07-17 05:30:00
2024-07-17,05:45:00 pm,0,101.983,24.304,2024-07-17 05:45:00
2024-07-17,06:00:00 pm,0,101.99,24.315,2024-07-17 06:00:00
2024-07-17,06:15:00 pm,0,101.983,24.328,2024-07-17 06:15:00
2024-07-17,06:30:00 pm,0,101.954,24.344,2024-07-17 06:30:00
2024-07-17,06:45:00 pm,0,101.961,24.349,2024-07-17 06:45:00
2024-07-17,07:00:00 pm,0,101.958,24.345,2024-07-17 07:00:00
2024-07-17,07:15:00 pm,0,101.95,24.334,2024-07-17 07:15:00
2024-07-17,07:30:00 pm,0,101.929,24.313,2024-07-17 07:30:00
2024-07-17,07:45:00 pm,0,101.901,24.288,2024-07-17 07:45:00
2024-07-17,08:00:00 pm,0,101.891,24.262,2024-07-17 08:00:00
2024-07-17,08:15:00 pm,0,101.897,24.234,2024-07-17 08:15:00
2024-07-17,08:30:00 pm,0,101.899,24.208,2024-07-17 08:30:00
2024-07-17,08:45:00 pm,0,101.906,24.181,2024-07-17 08:45:00
2024-07-17,09:00:00 pm,0,101.896,24.156,2024-07-17 09:00:00
2024-07-17,09:15:00 pm,0,101.873,24.123,2024-07-17 09:15:00
2024-07-17,09:30:00 pm,0,101.87,24.097,2024-07-17 09:30:00
2024-07-17,09:45:00 pm,0,101.871,24.062,2024-07-17 09:45:00
2024-07-17,10:00:00 pm,0,101.874,24.027,2024-07-17 10:00:00
2024-07-17,10:15:00 pm,0,101.867,23.993,2024-07-17 10:15:00
2024-07-17,10:30:00 pm,0,101.869,23.957,2024-07-17 10:30:00
2024-07-17,10:45:00 pm,0,101.89,23.92,2024-07-17 10:45:00
2024-07-17,11:00:00 pm,0,101.898,23.883,2024-07-17 11:00:00
2024-07-17,11:15:00 pm,0,101.91,23.84,2024-07-17 11:15:00
2024-07-17,11:30:00 pm,0,101.931,23.795,2024-07-17 11:30:00
2024-07-17,11:45:00 pm,0,101.941,23.751,2024-07-17 11:45:00
2024-07-18,12:00:00 am,0,101.929,23.705,2024-07-18 12:00:00
2024-07-18,12:15:00 am,0,101.93,23.661,2024-07-18 12:15:00
2024-07-18,12:30:00 am,0,101.908,23.614,2024-07-18 12:30:00
2024-07-18,12:45:00 am,0,101.881,23.568,2024-07-18 12:45:00
2024-07-18,01:00:00 am,0,101.87,23.52,2024-07-18 01:00:00
2024-07-18,01:15:00 am,0,101.855,23.473,2024-07-18 01:15:00
2024-07-18,01:30:00 am,0,101.862,23.425,2024-07-18 01:30:00
2024-07-18,01:45:00 am,0,101.867,23.38,2024-07-18 01:45:00
2024-07-18,02:00:00 am,0,101.855,23.342,2024-07-18 02:00:00
2024-07-18,02:15:00 am,0,101.839,23.309,2024-07-18 02:15:00
2024-07-18,02:30:00 am,0,101.823,23.274,2024-07-18 02:30:00
2024-07-18,02:45:00 am,0,101.803,23.242,2024-07-18 02:45:00
2024-07-18,03:00:00 am,0,101.781,23.204,2024-07-18 03:00:00
2024-07-18,03:15:00 am,0,101.773,23.175,2024-07-18 03:15:00
2024-07-18,03:30:00 am,0,101.77,23.143,2024-07-18 03:30:00
2024-07-18,03:45:00 am,0,101.768,23.114,2024-07-18 03:45:00
2024-07-18,04:00:00 am,0,101.775,23.087,2024-07-18 04:00:00
2024-07-18,04:15:00 am,0,101.776,23.065,2024-07-18 04:15:00
2024-07-18,04:30:00 am,0,101.763,23.044,2024-07-18 04:30:00
2024-07-18,04:45:00 am,0,101.749,23.021,2024-07-18 04:45:00
2024-07-18,05:00:00 am,0,101.739,22.999,2024-07-18 05:00:00
2024-07-18,05:15:00 am,0,101.728,22.98,2024-07-18 05:15:00
2024-07-18,05:30:00 am,0,101.743,22.964,2024-07-18 05:30:00
2024-07-18,05:45:00 am,0,101.78,22.947,2024-07-18 05:45:00
2024-07-18,06:00:00 am,0,101.788,22.928,2024-07-18 06:00:00
2024-07-18,06:15:00 am,0,101.788,22.911,2024-07-18 06:15:00
2024-07-18,06:30:00 am,0,101.796,22.889,2024-07-18 06:30:00
2024-07-18,06:45:00 am,0,101.809,22.866,2024-07-18 06:45:00
2024-07-18,07:00:00 am,0,101.802,22.845,2024-07-18 07:00:00
2024-07-18,07:15:00 am,0,101.815,22.83,2024-07-18 07:15:00
2024-07-18,07:30:00 am,0,101.821,22.823,2024-07-18 07:30:00
2024-07-18,07:45:00 am,0,101.838,22.825,2024-07-18 07:45:00
2024-07-18,08:00:00 am,0,101.839,22.837,2024-07-18 08:00:00
2024-07-18,08:15:00 am,0,101.845,22.865,2024-07-18 08:15:00
2024-07-18,08:30:00 am,0,101.867,22.908,2024-07-18 08:30:00
2024-07-18,08:45:00 am,0,101.886,22.962,2024-07-18 08:45:00
2024-07-18,09:00:00 am,0,101.892,23.028,2024-07-18 09:00:00
2024-07-18,09:15:00 am,0,101.912,23.092,2024-07-18 09:15:00
2024-07-18,09:30:00 am,0,101.924,23.163,2024-07-18 09:30:00
2024-07-18,09:45:00 am,0,101.929,23.225,2024-07-18 09:45:00
2024-07-18,10:00:00 am,0,101.945,23.318,2024-07-18 10:00:00
2024-07-18,10:15:00 am,0,101.949,23.417,2024-07-18 10:15:00
2024-07-18,10:30:00 am,0,101.952,23.509,2024-07-18 10:30:00
2024-07-18,10:45:00 am,0,101.951,23.618,2024-07-18 10:45:00
2024-07-18,11:00:00 am,0,101.959,23.736,2024-07-18 11:00:00
2024-07-18,11:15:00 am,0,101.96,23.854,2024-07-18 11:15:00
2024-07-18,11:30:00 am,0,101.951,23.967,2024-07-18 11:30:00
2024-07-18,11:45:00 am,0,101.952,24.098,2024-07-18 11:45:00
2024-07-18,12:00:00 pm,0,101.938,24.251,2024-07-18 12:00:00
2024-07-18,12:15:00 pm,0,101.934,24.413,2024-07-18 12:15:00
2024-07-18,12:30:00 pm,0,101.929,24.556,2024-07-18 12:30:00
2024-07-18,12:45:00 pm,0,101.907,24.656,2024-07-18 12:45:00
2024-07-18,01:00:00 pm,0,101.887,24.761,2024-07-18 01:00:00
2024-07-18,01:15:00 pm,0,101.865,24.871,2024-07-18 01:15:00
2024-07-18,01:30:00 pm,0,101.851,24.994,2024-07-18 01:30:00
2024-07-18,01:45:00 pm,0,101.836,25.125,2024-07-18 01:45:00
2024-07-18,02:00:00 pm,0,101.838,25.3,2024-07-18 02:00:00
2024-07-18,02:15:00 pm,0,101.841,25.404,2024-07-18 02:15:00
2024-07-18,02:30:00 pm,0,101.824,25.471,2024-07-18 02:30:00
2024-07-18,02:45:00 pm,0,101.792,25.607,2024-07-18 02:45:00
2024-07-18,03:00:00 pm,0,101.779,25.715,2024-07-18 03:00:00
2024-07-18,03:15:00 pm,0,101.751,25.797,2024-07-18 03:15:00
2024-07-18,03:30:00 pm,0,101.727,25.858,2024-07-18 03:30:00
2024-07-18,03:45:00 pm,0,101.632,25.865,2024-07-18 03:45:00
2024-07-18,04:00:00 pm,0,101.622,25.817,2024-07-18 04:00:00
2024-07-18,04:15:00 pm,0,101.636,25.722,2024-07-18 04:15:00
2024-07-18,04:30:00 pm,0,101.686,25.597,2024-07-18 04:30:00
2024-07-18,04:45:00 pm,0,101.648,25.382,2024-07-18 04:45:00
2024-07-18,05:00:00 pm,0,101.642,25.151,2024-07-18 05:00:00
2024-07-18,05:15:00 pm,0,101.699,25.001,2024-07-18 05:15:00
2024-07-18,05:30:00 pm,0,101.667,24.863,2024-07-18 05:30:00
2024-07-18,05:45:00 pm,0,101.652,24.743,2024-07-18 05:45:00
2024-07-18,06:00:00 pm,0,101.628,24.657,2024-07-18 06:00:00
2024-07-18,06:15:00 pm,0,101.607,24.579,2024-07-18 06:15:00
2024-07-18,06:30:00 pm,0,101.607,24.524,2024-07-18 06:30:00
2024-07-18,06:45:00 pm,0,101.612,24.482,2024-07-18 06:45:00
2024-07-18,07:00:00 pm,0,101.616,24.442,2024-07-18 07:00:00
2024-07-18,07:15:00 pm,0,101.619,24.395,2024-07-18 07:15:00
2024-07-18,07:30:00 pm,0,101.628,24.345,2024-07-18 07:30:00
2024-07-18,07:45:00 pm,0,101.641,24.297,2024-07-18 07:45:00
2024-07-18,08:00:00 pm,0,101.621,24.245,2024-07-18 08:00:00
2024-07-18,08:15:00 pm,0,101.618,24.196,2024-07-18 08:15:00
2024-07-18,08:30:00 pm,0,101.621,24.146,2024-07-18 08:30:00
2024-07-18,08:45:00 pm,0,101.621,24.1,2024-07-18 08:45:00
2024-07-18,09:00:00 pm,0,101.609,24.052,2024-07-18 09:00:00
2024-07-18,09:15:00 pm,0,101.592,24.008,2024-07-18 09:15:00
2024-07-18,09:30:00 pm,0,101.583,23.962,2024-07-18 09:30:00
2024-07-18,09:45:00 pm,0,101.561,23.919,2024-07-18 09:45:00
2024-07-18,10:00:00 pm,0,101.553,23.872,2024-07-18 10:00:00
2024-07-18,10:15:00 pm,0,101.539,23.828,2024-07-18 10:15:00
2024-07-18,10:30:00 pm,0,101.538,23.783,2024-07-18 10:30:00
2024-07-18,10:45:00 pm,0,101.534,23.74,2024-07-18 10:45:00
2024-07-18,11:00:00 pm,0,101.52,23.695,2024-07-18 11:00:00
2024-07-18,11:15:00 pm,0,101.614,23.649,2024-07-18 11:15:00
2024-07-18,11:30:00 pm,0,101.608,23.606,2024-07-18 11:30:00
2024-07-18,11:45:00 pm,0,101.608,23.562,2024-07-18 11:45:00
2024-07-19,12:00:00 am,0,101.629,23.521,2024-07-19 12:00:00
2024-07-19,12:15:00 am,0,101.643,23.477,2024-07-19 12:15:00
2024-07-19,12:30:00 am,0,101.643,23.438,2024-07-19 12:30:00
2024-07-19,12:45:00 am,0,101.628,23.403,2024-07-19 12:45:00
2024-07-19,01:00:00 am,0,101.617,23.369,2024-07-19 01:00:00
2024-07-19,01:15:00 am,0,101.607,23.339,2024-07-19 01:15:00
2024-07-19,01:30:00 am,0,101.608,23.311,2024-07-19 01:30:00
2024-07-19,01:45:00 am,0,101.595,23.283,2024-07-19 01:45:00
2024-07-19,02:00:00 am,0,101.597,23.254,2024-07-19 02:00:00
2024-07-19,02:15:00 am,0,101.598,23.228,2024-07-19 02:15:00
2024-07-19,02:30:00 am,0,101.599,23.205,2024-07-19 02:30:00
2024-07-19,02:45:00 am,0,101.6,23.183,2024-07-19 02:45:00
2024-07-19,03:00:00 am,0,101.6,23.164,2024-07-19 03:00:00
2024-07-19,03:15:00 am,0,101.6,23.142,2024-07-19 03:15:00
2024-07-19,03:30:00 am,0,101.597,23.124,2024-07-19 03:30:00
2024-07-19,03:45:00 am,0,101.592,23.101,2024-07-19 03:45:00
2024-07-19,04:00:00 am,0,101.587,23.084,2024-07-19 04:00:00
2024-07-19,04:15:00 am,0,101.589,23.063,2024-07-19 04:15:00
2024-07-19,04:30:00 am,0,101.592,23.041,2024-07-19 04:30:00
2024-07-19,04:45:00 am,0,101.587,23.023,2024-07-19 04:45:00
2024-07-19,05:00:00 am,0,101.588,23.003,2024-07-19 05:00:00
2024-07-19,05:15:00 am,0,101.596,22.981,2024-07-19 05:15:00
2024-07-19,05:30:00 am,0,101.597,22.961,2024-07-19 05:30:00
2024-07-19,05:45:00 am,0,101.6,22.943,2024-07-19 05:45:00
2024-07-19,06:00:00 am,0,101.601,22.924,2024-07-19 06:00:00
2024-07-19,06:15:00 am,0,101.609,22.908,2024-07-19 06:15:00
2024-07-19,06:30:00 am,0,101.614,22.893,2024-07-19 06:30:00
2024-07-19,06:45:00 am,0,101.628,22.885,2024-07-19 06:45:00
2024-07-19,07:00:00 am,0,101.64,22.875,2024-07-19 07:00:00
2024-07-19,07:15:00 am,0,101.66,22.872,2024-07-19 07:15:00
2024-07-19,07:30:00 am,0,101.674,22.872,2024-07-19 07:30:00
2024-07-19,07:45:00 am,0,101.69,22.873,2024-07-19 07:45:00
2024-07-19,08:00:00 am,0,101.705,22.876,2024-07-19 08:00:00
2024-07-19,08:15:00 am,0,101.715,22.886,2024-07-19 08:15:00
2024-07-19,08:30:00 am,0,101.725,22.903,2024-07-19 08:30:00
2024-07-19,08:45:00 am,0,101.723,22.915,2024-07-19 08:45:00
2024-07-19,09:00:00 am,0,101.733,22.935,2024-07-19 09:00:00
2024-07-19,09:15:00 am,0,101.741,22.974,2024-07-19 09:15:00
2024-07-19,09:30:00 am,0,101.747,23.009,2024-07-19 09:30:00
2024-07-19,09:45:00 am,0,101.748,23.034,2024-07-19 09:45:00
2024-07-19,10:00:00 am,0,101.756,23.068,2024-07-19 10:00:00
2024-07-19,10:15:00 am,0,101.777,23.108,2024-07-19 10:15:00
2024-07-19,10:30:00 am,0,101.783,23.133,2024-07-19 10:30:00
2024-07-19,10:45:00 am,0,101.801,23.155,2024-07-19 10:45:00
2024-07-19,11:00:00 am,0,101.81,23.171,2024-07-19 11:00:00
2024-07-19,11:15:00 am,0,101.814,23.184,2024-07-19 11:15:00
2024-07-19,11:30:00 am,0,101.816,23.203,2024-07-19 11:30:00
2024-07-19,11:45:00 am,0,101.817,23.221,2024-07-19 11:45:00
2024-07-19,12:00:00 pm,0,101.818,23.258,2024-07-19 12:00:00
2024-07-19,12:15:00 pm,0,101.839,23.385,2024-07-19 12:15:00
2024-07-19,12:30:00 pm,0,101.852,23.481,2024-07-19 12:30:00
2024-07-19,12:45:00 pm,0,101.871,23.624,2024-07-19 12:45:00
2024-07-19,01:00:00 pm,0,101.893,23.789,2024-07-19 01:00:00
2024-07-19,01:15:00 pm,0,101.917,23.966,2024-07-19 01:15:00
2024-07-19,01:30:00 pm,0,101.895,24.112,2024-07-19 01:30:00
2024-07-19,01:45:00 pm,0,101.872,24.226,2024-07-19 01:45:00
2024-07-19,02:00:00 pm,0,101.864,24.374,2024-07-19 02:00:00
2024-07-19,02:15:00 pm,0,101.837,24.494,2024-07-19 02:15:00
2024-07-19,02:30:00 pm,0,101.819,24.581,2024-07-19 02:30:00
2024-07-19,02:45:00 pm,0,101.798,24.678,2024-07-19 02:45:00
2024-07-19,03:00:00 pm,0,101.772,24.676,2024-07-19 03:00:00
2024-07-19,03:15:00 pm,0,101.771,24.674,2024-07-19 03:15:00
2024-07-19,03:30:00 pm,0,101.771,24.665,2024-07-19 03:30:00
2024-07-19,03:45:00 pm,0,101.768,24.658,2024-07-19 03:45:00
2024-07-19,04:00:00 pm,0,101.77,24.643,2024-07-19 04:00:00
2024-07-19,04:15:00 pm,0,101.765,24.635,2024-07-19 04:15:00
2024-07-19,04:30:00 pm,0,101.756,24.626,2024-07-19 04:30:00
2024-07-19,04:45:00 pm,0,101.761,24.625,2024-07-19 04:45:00
2024-07-19,05:00:00 pm,0,101.737,24.606,2024-07-19 05:00:00
2024-07-19,05:15:00 pm,0,101.724,24.573,2024-07-19 05:15:00
2024-07-19,05:30:00 pm,0,101.707,24.524,2024-07-19 05:30:00
2024-07-19,05:45:00 pm,0,101.719,24.477,2024-07-19 05:45:00
2024-07-19,06:00:00 pm,0,101.719,24.432,2024-07-19 06:00:00
2024-07-19,06:15:00 pm,0,101.726,24.374,2024-07-19 06:15:00
2024-07-19,06:30:00 pm,0,101.729,24.314,2024-07-19 06:30:00
2024-07-19,06:45:00 pm,0,101.755,24.267,2024-07-19 06:45:00
2024-07-19,07:00:00 pm,0,101.746,24.215,2024-07-19 07:00:00
2024-07-19,07:15:00 pm,0,101.751,24.154,2024-07-19 07:15:00
2024-07-19,07:30:00 pm,0,101.744,24.088,2024-07-19 07:30:00
2024-07-19,07:45:00 pm,0,101.769,24.021,2024-07-19 07:45:00
2024-07-19,08:00:00 pm,0,101.769,23.95,2024-07-19 08:00:00
2024-07-19,08:15:00 pm,0,101.775,23.88,2024-07-19 08:15:00
2024-07-19,08:30:00 pm,0,101.742,23.804,2024-07-19 08:30:00
2024-07-19,08:45:00 pm,0,101.747,23.743,2024-07-19 08:45:00
2024-07-19,09:00:00 pm,0,101.753,23.674,2024-07-19 09:00:00
2024-07-19,09:15:00 pm,0,101.74,23.617,2024-07-19 09:15:00
2024-07-19,09:30:00 pm,0,101.764,23.565,2024-07-19 09:30:00
2024-07-19,09:45:00 pm,0,101.759,23.513,2024-07-19 09:45:00
2024-07-19,10:00:00 pm,0,101.759,23.462,2024-07-19 10:00:00
2024-07-19,10:15:00 pm,0,101.762,23.42,2024-07-19 10:15:00
2024-07-19,10:30:00 pm,0,101.762,23.374,2024-07-19 10:30:00
2024-07-19,10:45:00 pm,0,101.756,23.332,2024-07-19 10:45:00
2024-07-19,11:00:00 pm,0,101.744,23.29,2024-07-19 11:00:00
2024-07-19,11:15:00 pm,0,101.733,23.252,2024-07-19 11:15:00
2024-07-19,11:30:00 pm,0,101.732,23.21,2024-07-19 11:30:00
2024-07-19,11:45:00 pm,0,101.721,23.172,2024-07-19 11:45:00
2024-07-20,12:00:00 am,0,101.709,23.132,2024-07-20 12:00:00
2024-07-20,12:15:00 am,0,101.695,23.098,2024-07-20 12:15:00
2024-07-20,12:30:00 am,0,101.687,23.06,2024-07-20 12:30:00
2024-07-20,12:45:00 am,0,101.676,23.022,2024-07-20 12:45:00
2024-07-20,01:00:00 am,0,101.662,22.981,2024-07-20 01:00:00
2024-07-20,01:15:00 am,0,101.65,22.942,2024-07-20 01:15:00
2024-07-20,01:30:00 am,0,101.633,22.906,2024-07-20 01:30:00
2024-07-20,01:45:00 am,0,101.617,22.875,2024-07-20 01:45:00
2024-07-20,02:00:00 am,0,101.607,22.846,2024-07-20 02:00:00
2024-07-20,02:15:00 am,0,101.6,22.818,2024-07-20 02:15:00
2024-07-20,02:30:00 am,0,101.584,22.789,2024-07-20 02:30:00
2024-07-20,02:45:00 am,0,101.574,22.757,2024-07-20 02:45:00
2024-07-20,03:00:00 am,0,101.554,22.733,2024-07-20 03:00:00
2024-07-20,03:15:00 am,0,101.539,22.702,2024-07-20 03:15:00
2024-07-20,03:30:00 am,0,101.53,22.673,2024-07-20 03:30:00
2024-07-20,03:45:00 am,0,101.531,22.638,2024-07-20 03:45:00
2024-07-20,04:00:00 am,0,101.53,22.609,2024-07-20 04:00:00
2024-07-20,04:15:00 am,0,101.534,22.582,2024-07-20 04:15:00
2024-07-20,04:30:00 am,0,101.535,22.559,2024-07-20 04:30:00
2024-07-20,04:45:00 am,0,101.691,22.538,2024-07-20 04:45:00
2024-07-20,05:00:00 am,0,101.692,22.517,2024-07-20 05:00:00
2024-07-20,05:15:00 am,0,101.69,22.5,2024-07-20 05:15:00
2024-07-20,05:30:00 am,0,101.69,22.483,2024-07-20 05:30:00
2024-07-20,05:45:00 am,0,101.714,22.466,2024-07-20 05:45:00
2024-07-20,06:00:00 am,0,101.742,22.448,2024-07-20 06:00:00
2024-07-20,06:15:00 am,0,101.747,22.428,2024-07-20 06:15:00
2024-07-20,06:30:00 am,0,101.766,22.404,2024-07-20 06:30:00
2024-07-20,06:45:00 am,0,101.899,22.399,2024-07-20 06:45:00
2024-07-20,07:00:00 am,0,102.022,22.434,2024-07-20 07:00:00
2024-07-20,07:15:00 am,0,102.193,22.462,2024-07-20 07:15:00
2024-07-20,07:30:00 am,0,102.335,22.502,2024-07-20 07:30:00
2024-07-20,07:45:00 am,0,102.363,22.542,2024-07-20 07:45:00
2024-07-20,08:00:00 am,0,102.362,22.573,2024-07-20 08:00:00
2024-07-20,08:15:00 am,0,102.372,22.58,2024-07-20 08:15:00
2024-07-20,08:30:00 am,0,102.365,22.561,2024-07-20 08:30:00
2024-07-20,08:45:00 am,0,102.343,22.529,2024-07-20 08:45:00
2024-07-20,09:00:00 am,0,102.344,22.504,2024-07-20 09:00:00
2024-07-20,09:15:00 am,0,102.352,22.483,2024-07-20 09:15:00
2024-07-20,09:30:00 am,0,102.36,22.481,2024-07-20 09:30:00
2024-07-20,09:45:00 am,0,102.361,22.488,2024-07-20 09:45:00
2024-07-20,10:00:00 am,0,102.365,22.504,2024-07-20 10:00:00
2024-07-20,10:15:00 am,0,102.344,22.529,2024-07-20 10:15:00
2024-07-20,10:30:00 am,0,102.34,22.564,2024-07-20 10:30:00
2024-07-20,10:45:00 am,0,102.339,22.608,2024-07-20 10:45:00
2024-07-20,11:00:00 am,0,102.351,22.671,2024-07-20 11:00:00
2024-07-20,11:15:00 am,0,102.349,22.71,2024-07-20 11:15:00
2024-07-20,11:30:00 am,0,102.347,22.756,2024-07-20 11:30:00
2024-07-20,11:45:00 am,0,102.348,22.809,2024-07-20 11:45:00
2024-07-20,12:00:00 pm,0,102.349,22.871,2024-07-20 12:00:00
2024-07-20,12:15:00 pm,0,102.341,22.937,2024-07-20 12:15:00
2024-07-20,12:30:00 pm,0,102.339,23.02,2024-07-20 12:30:00
2024-07-20,12:45:00 pm,0,102.327,23.106,2024-07-20 12:45:00
2024-07-20,01:00:00 pm,0,102.298,23.19,2024-07-20 01:00:00
2024-07-20,01:15:00 pm,0,102.261,23.297,2024-07-20 01:15:00
2024-07-20,01:30:00 pm,0,102.233,23.406,2024-07-20 01:30:00
2024-07-20,01:45:00 pm,0,102.194,23.515,2024-07-20 01:45:00
2024-07-20,02:00:00 pm,0,102.176,23.604,2024-07-20 02:00:00
2024-07-20,02:15:00 pm,0,102.177,23.678,2024-07-20 02:15:00
2024-07-20,02:30:00 pm,0,102.169,23.807,2024-07-20 02:30:00
2024-07-20,02:45:00 pm,0,102.2,23.918,2024-07-20 02:45:00
2024-07-20,03:00:00 pm,0,102.191,23.997,2024-07-20 03:00:00
2024-07-20,03:15:00 pm,0,102.198,24.036,2024-07-20 03:15:00
2024-07-20,03:30:00 pm,0,102.165,24.089,2024-07-20 03:30:00
2024-07-20,03:45:00 pm,0,102.071,24.158,2024-07-20 03:45:00
2024-07-20,04:00:00 pm,0,102.047,24.2,2024-07-20 04:00:00
2024-07-20,04:15:00 pm,0,102.027,24.238,2024-07-20 04:15:00
2024-07-20,04:30:00 pm,0,102.005,24.284,2024-07-20 04:30:00
2024-07-20,04:45:00 pm,0,101.998,24.318,2024-07-20 04:45:00
2024-07-20,05:00:00 pm,0,101.966,24.345,2024-07-20 05:00:00
2024-07-20,05:15:00 pm,0,101.937,24.352,2024-07-20 05:15:00
2024-07-20,05:30:00 pm,0,101.926,24.357,2024-07-20 05:30:00
2024-07-20,05:45:00 pm,0,101.92,24.362,2024-07-20 05:45:00
2024-07-20,06:00:00 pm,0,101.911,24.355,2024-07-20 06:00:00
2024-07-20,06:15:00 pm,0,101.896,24.352,2024-07-20 06:15:00
2024-07-20,06:30:00 pm,0,101.88,24.336,2024-07-20 06:30:00
2024-07-20,06:45:00 pm,0,101.896,24.318,2024-07-20 06:45:00
2024-07-20,07:00:00 pm,0,101.897,24.293,2024-07-20 07:00:00
2024-07-20,07:15:00 pm,0,101.906,24.268,2024-07-20 07:15:00
2024-07-20,07:30:00 pm,0,101.923,24.245,2024-07-20 07:30:00
2024-07-20,07:45:00 pm,0,101.921,24.219,2024-07-20 07:45:00
2024-07-20,08:00:00 pm,0,101.917,24.19,2024-07-20 08:00:00
2024-07-20,08:15:00 pm,0,101.915,24.158,2024-07-20 08:15:00
2024-07-20,08:30:00 pm,0,101.915,24.123,2024-07-20 08:30:00
2024-07-20,08:45:00 pm,0,101.91,24.088,2024-07-20 08:45:00
2024-07-20,09:00:00 pm,0,101.912,24.055,2024-07-20 09:00:00
2024-07-20,09:15:00 pm,0,101.906,24.023,2024-07-20 09:15:00
2024-07-20,09:30:00 pm,0,101.911,23.988,2024-07-20 09:30:00
2024-07-20,09:45:00 pm,0,101.919,23.955,2024-07-20 09:45:00
2024-07-20,10:00:00 pm,0,101.92,23.923,2024-07-20 10:00:00
2024-07-20,10:15:00 pm,0,101.919,23.887,2024-07-20 10:15:00
2024-07-20,10:30:00 pm,0,101.919,23.853,2024-07-20 10:30:00
2024-07-20,10:45:00 pm,0,101.927,23.819,2024-07-20 10:45:00
2024-07-20,11:00:00 pm,0,101.916,23.788,2024-07-20 11:00:00
2024-07-20,11:15:00 pm,0,101.919,23.753,2024-07-20 11:15:00
2024-07-20,11:30:00 pm,0,101.921,23.72,2024-07-20 11:30:00
2024-07-20,11:45:00 pm,0,101.918,23.687,2024-07-20 11:45:00
2024-07-21,12:00:00 am,0,101.913,23.655,2024-07-21 12:00:00
2024-07-21,12:15:00 am,0,101.895,23.624,2024-07-21 12:15:00
2024-07-21,12:30:00 am,0,101.89,23.595,2024-07-21 12:30:00
2024-07-21,12:45:00 am,0,101.888,23.568,2024-07-21 12:45:00
2024-07-21,01:00:00 am,0,101.885,23.542,2024-07-21 01:00:00
2024-07-21,01:15:00 am,0,101.874,23.516,2024-07-21 01:15:00
2024-07-21,01:30:00 am,0,101.859,23.489,2024-07-21 01:30:00
2024-07-21,01:45:00 am,0,101.855,23.462,2024-07-21 01:45:00
2024-07-21,02:00:00 am,0,101.855,23.438,2024-07-21 02:00:00
2024-07-21,02:15:00 am,0,101.847,23.415,2024-07-21 02:15:00
2024-07-21,02:30:00 am,0,101.834,23.393,2024-07-21 02:30:00
2024-07-21,02:45:00 am,0,101.827,23.371,2024-07-21 02:45:00
2024-07-21,03:00:00 am,0,101.82,23.349,2024-07-21 03:00:00
2024-07-21,03:15:00 am,0,101.81,23.329,2024-07-21 03:15:00
2024-07-21,03:30:00 am,0,101.788,23.307,2024-07-21 03:30:00
2024-07-21,03:45:00 am,0,101.776,23.285,2024-07-21 03:45:00
2024-07-21,04:00:00 am,0,101.773,23.263,2024-07-21 04:00:00
2024-07-21,04:15:00 am,0,101.776,23.239,2024-07-21 04:15:00
2024-07-21,04:30:00 am,0,101.798,23.221,2024-07-21 04:30:00
2024-07-21,04:45:00 am,0,101.799,23.203,2024-07-21 04:45:00
2024-07-21,05:00:00 am,0,101.799,23.188,2024-07-21 05:00:00
2024-07-21,05:15:00 am,0,101.804,23.172,2024-07-21 05:15:00
2024-07-21,05:30:00 am,0,101.809,23.157,2024-07-21 05:30:00
2024-07-21,05:45:00 am,0,101.808,23.14,2024-07-21 05:45:00
2024-07-21,06:00:00 am,0,101.811,23.126,2024-07-21 06:00:00
2024-07-21,06:15:00 am,0,101.811,23.113,2024-07-21 06:15:00
2024-07-21,06:30:00 am,0,101.815,23.1,2024-07-21 06:30:00
2024-07-21,06:45:00 am,0,101.819,23.088,2024-07-21 06:45:00
2024-07-21,07:00:00 am,0,101.82,23.079,2024-07-21 07:00:00
2024-07-21,07:15:00 am,0,101.838,23.071,2024-07-21 07:15:00
2024-07-21,07:30:00 am,0,101.852,23.068,2024-07-21 07:30:00
2024-07-21,07:45:00 am,0,101.861,23.069,2024-07-21 07:45:00
2024-07-21,08:00:00 am,0,101.854,23.073,2024-07-21 08:00:00
2024-07-21,08:15:00 am,0,101.859,23.084,2024-07-21 08:15:00
2024-07-21,08:30:00 am,0,101.865,23.106,2024-07-21 08:30:00
2024-07-21,08:45:00 am,0,101.861,23.124,2024-07-21 08:45:00
2024-07-21,09:00:00 am,0,101.861,23.146,2024-07-21 09:00:00
2024-07-21,09:15:00 am,0,101.867,23.18,2024-07-21 09:15:00
2024-07-21,09:30:00 am,0,101.874,23.221,2024-07-21 09:30:00
2024-07-21,09:45:00 am,0,101.876,23.26,2024-07-21 09:45:00
2024-07-21,10:00:00 am,0,101.891,23.287,2024-07-21 10:00:00
2024-07-21,10:15:00 am,0,101.897,23.298,2024-07-21 10:15:00
2024-07-21,10:30:00 am,0,101.9,23.305,2024-07-21 10:30:00
2024-07-21,10:45:00 am,0,101.902,23.315,2024-07-21 10:45:00
2024-07-21,11:00:00 am,0,101.887,23.33,2024-07-21 11:00:00
2024-07-21,11:15:00 am,0,101.904,23.406,2024-07-21 11:15:00
2024-07-21,11:30:00 am,0,101.905,23.461,2024-07-21 11:30:00
2024-07-21,11:45:00 am,0,101.894,23.498,2024-07-21 11:45:00
2024-07-21,12:00:00 pm,0,101.891,23.535,2024-07-21 12:00:00
2024-07-21,12:15:00 pm,0,101.888,23.656,2024-07-21 12:15:00
2024-07-21,12:30:00 pm,0,101.902,23.759,2024-07-21 12:30:00
2024-07-21,12:45:00 pm,0,101.866,23.803,2024-07-21 12:45:00
2024-07-21,01:00:00 pm,0,101.861,23.801,2024-07-21 01:00:00
2024-07-21,01:15:00 pm,0,101.856,23.802,2024-07-21 01:15:00
2024-07-21,01:30:00 pm,0,101.835,23.851,2024-07-21 01:30:00
2024-07-21,01:45:00 pm,0,101.832,23.878,2024-07-21 01:45:00
2024-07-21,02:00:00 pm,0,101.804,23.894,2024-07-21 02:00:00
2024-07-21,02:15:00 pm,0,101.819,23.899,2024-07-21 02:15:00
2024-07-21,02:30:00 pm,0,101.813,23.914,2024-07-21 02:30:00
2024-07-21,02:45:00 pm,0,101.803,23.939,2024-07-21 02:45:00
2024-07-21,03:00:00 pm,0,101.788,23.99,2024-07-21 03:00:00
2024-07-21,03:15:00 pm,0,101.796,24.037,2024-07-21 03:15:00
2024-07-21,03:30:00 pm,0,101.773,24.071,2024-07-21 03:30:00
2024-07-21,03:45:00 pm,0,101.77,24.082,2024-07-21 03:45:00
2024-07-21,04:00:00 pm,0,101.796,24.078,2024-07-21 04:00:00
2024-07-21,04:15:00 pm,0,101.77,24.066,2024-07-21 04:15:00
2024-07-21,04:30:00 pm,0,101.783,24.047,2024-07-21 04:30:00
2024-07-21,04:45:00 pm,0,101.799,24.024,2024-07-21 04:45:00
2024-07-21,05:00:00 pm,0,101.799,23.991,2024-07-21 05:00:00
2024-07-21,05:15:00 pm,0,101.744,23.958,2024-07-21 05:15:00
2024-07-21,05:30:00 pm,0,101.746,23.926,2024-07-21 05:30:00
2024-07-21,05:45:00 pm,0,101.788,23.891,2024-07-21 05:45:00
2024-07-21,06:00:00 pm,0,101.8,23.857,2024-07-21 06:00:00
2024-07-21,06:15:00 pm,0,101.804,23.821,2024-07-21 06:15:00
2024-07-21,06:30:00 pm,0,101.761,23.785,2024-07-21 06:30:00
2024-07-21,06:45:00 pm,0,101.747,23.75,2024-07-21 06:45:00
2024-07-21,07:00:00 pm,0,101.772,23.695,2024-07-21 07:00:00
2024-07-21,07:15:00 pm,0,101.783,23.634,2024-07-21 07:15:00
2024-07-21,07:30:00 pm,0,101.776,23.577,2024-07-21 07:30:00
2024-07-21,07:45:00 pm,0,101.766,23.523,2024-07-21 07:45:00
2024-07-21,08:00:00 pm,0,101.734,23.476,2024-07-21 08:00:00
2024-07-21,08:15:00 pm,0,101.705,23.428,2024-07-21 08:15:00
2024-07-21,08:30:00 pm,0,101.707,23.383,2024-07-21 08:30:00
2024-07-21,08:45:00 pm,0,101.738,23.344,2024-07-21 08:45:00
2024-07-21,09:00:00 pm,0,101.741,23.305,2024-07-21 09:00:00
2024-07-21,09:15:00 pm,0,101.769,23.27,2024-07-21 09:15:00
2024-07-21,09:30:00 pm,0,101.783,23.233,2024-07-21 09:30:00
2024-07-21,09:45:00 pm,0,101.797,23.192,2024-07-21 09:45:00
2024-07-21,10:00:00 pm,0,101.791,23.156,2024-07-21 10:00:00
2024-07-21,10:15:00 pm,0,101.792,23.119,2024-07-21 10:15:00
2024-07-21,10:30:00 pm,0,101.816,23.079,2024-07-21 10:30:00
2024-07-21,10:45:00 pm,0,101.87,23.041,2024-07-21 10:45:00
2024-07-21,11:00:00 pm,0,101.856,23.004,2024-07-21 11:00:00
2024-07-21,11:15:00 pm,0,101.844,22.972,2024-07-21 11:15:00
2024-07-21,11:30:00 pm,0,101.826,22.94,2024-07-21 11:30:00
2024-07-21,11:45:00 pm,0,101.815,22.904,2024-07-21 11:45:00
2024-07-22,12:00:00 am,0,101.815,22.875,2024-07-22 12:00:00
2024-07-22,12:15:00 am,0,101.795,22.842,2024-07-22 12:15:00
2024-07-22,12:30:00 am,0,101.782,22.809,2024-07-22 12:30:00
2024-07-22,12:45:00 am,0,101.771,22.776,2024-07-22 12:45:00
2024-07-22,01:00:00 am,0,101.77,22.741,2024-07-22 01:00:00
2024-07-22,01:15:00 am,0,101.753,22.71,2024-07-22 01:15:00
2024-07-22,01:30:00 am,0,101.737,22.679,2024-07-22 01:30:00
2024-07-22,01:45:00 am,0,101.714,22.642,2024-07-22 01:45:00
2024-07-22,02:00:00 am,0,101.697,22.608,2024-07-22 02:00:00
2024-07-22,02:15:00 am,0,101.682,22.572,2024-07-22 02:15:00
2024-07-22,02:30:00 am,0,101.672,22.534,2024-07-22 02:30:00
2024-07-22,02:45:00 am,0,101.657,22.497,2024-07-22 02:45:00
2024-07-22,03:00:00 am,0,101.64,22.465,2024-07-22 03:00:00
2024-07-22,03:15:00 am,0,101.624,22.429,2024-07-22 03:15:00
2024-07-22,03:30:00 am,0,101.613,22.394,2024-07-22 03:30:00
2024-07-22,03:45:00 am,0,101.601,22.358,2024-07-22 03:45:00
2024-07-22,04:00:00 am,0,101.592,22.325,2024-07-22 04:00:00
2024-07-22,04:15:00 am,0,101.58,22.293,2024-07-22 04:15:00
2024-07-22,04:30:00 am,0,101.576,22.267,2024-07-22 04:30:00
2024-07-22,04:45:00 am,0,101.58,22.243,2024-07-22 04:45:00
2024-07-22,05:00:00 am,0,101.576,22.226,2024-07-22 05:00:00
2024-07-22,05:15:00 am,0,101.578,22.21,2024-07-22 05:15:00
2024-07-22,05:30:00 am,0,101.582,22.196,2024-07-22 05:30:00
2024-07-22,05:45:00 am,0,101.693,22.182,2024-07-22 05:45:00
2024-07-22,06:00:00 am,0,101.701,22.174,2024-07-22 06:00:00
2024-07-22,06:15:00 am,0,101.686,22.167,2024-07-22 06:15:00
2024-07-22,06:30:00 am,0,101.694,22.164,2024-07-22 06:30:00
2024-07-22,06:45:00 am,0,101.702,22.168,2024-07-22 06:45:00
2024-07-22,07:00:00 am,0,101.711,22.168,2024-07-22 07:00:00
2024-07-22,07:15:00 am,0,101.718,22.181,2024-07-22 07:15:00
2024-07-22,07:30:00 am,0,101.733,22.193,2024-07-22 07:30:00
2024-07-22,07:45:00 am,0,101.752,22.212,2024-07-22 07:45:00
2024-07-22,08:00:00 am,0,101.937,22.235,2024-07-22 08:00:00
2024-07-22,08:15:00 am,0,101.944,22.26,2024-07-22 08:15:00
2024-07-22,08:30:00 am,0,101.93,22.303,2024-07-22 08:30:00
2024-07-22,08:45:00 am,0,101.93,22.349,2024-07-22 08:45:00
2024-07-22,09:00:00 am,0,101.934,22.425,2024-07-22 09:00:00
2024-07-22,09:15:00 am,0,101.94,22.514,2024-07-22 09:15:00
2024-07-22,09:30:00 am,0,101.959,22.554,2024-07-22 09:30:00
2024-07-22,09:45:00 am,0,101.974,22.605,2024-07-22 09:45:00
2024-07-22,10:00:00 am,0,101.987,22.628,2024-07-22 10:00:00
2024-07-22,10:15:00 am,0,101.988,22.677,2024-07-22 10:15:00
2024-07-22,10:30:00 am,0,101.985,22.698,2024-07-22 10:30:00
2024-07-22,10:45:00 am,0,101.991,22.709,2024-07-22 10:45:00
2024-07-22,11:00:00 am,0,102.002,22.757,2024-07-22 11:00:00
2024-07-22,11:15:00 am,0,101.988,22.81,2024-07-22 11:15:00
2024-07-22,11:30:00 am,0,101.984,22.906,2024-07-22 11:30:00
2024-07-22,11:45:00 am,0,101.985,22.987,2024-07-22 11:45:00
2024-07-22,12:00:00 pm,0,101.973,22.996,2024-07-22 12:00:00
2024-07-22,12:15:00 pm,0,101.966,23.04,2024-07-22 12:15:00
2024-07-22,12:30:00 pm,0,101.957,23.13,2024-07-22 12:30:00
2024-07-22,12:45:00 pm,0,101.962,23.316,2024-07-22 12:45:00
2024-07-22,01:00:00 pm,0,101.966,23.541,2024-07-22 01:00:00
2024-07-22,01:15:00 pm,0,101.948,23.631,2024-07-22 01:15:00
2024-07-22,01:30:00 pm,0,101.924,23.768,2024-07-22 01:30:00
2024-07-22,01:45:00 pm,0,101.896,23.989,2024-07-22 01:45:00
2024-07-22,02:00:00 pm,0,101.872,24.181,2024-07-22 02:00:00
2024-07-22,02:15:00 pm,0,101.852,24.366,2024-07-22 02:15:00
2024-07-22,02:30:00 pm,0,101.845,24.445,2024-07-22 02:30:00
2024-07-22,02:45:00 pm,0,101.829,24.497,2024-07-22 02:45:00
2024-07-22,03:00:00 pm,0,101.794,24.466,2024-07-22 03:00:00
2024-07-22,03:15:00 pm,0,101.778,24.501,2024-07-22 03:15:00
2024-07-22,03:30:00 pm,0,101.751,24.498,2024-07-22 03:30:00
2024-07-22,03:45:00 pm,0,101.754,24.506,2024-07-22 03:45:00
2024-07-22,04:00:00 pm,0,101.746,24.463,2024-07-22 04:00:00
2024-07-22,04:15:00 pm,0,101.74,24.457,2024-07-22 04:15:00
2024-07-22,04:30:00 pm,0,101.732,24.462,2024-07-22 04:30:00
2024-07-22,04:45:00 pm,0,101.727,24.472,2024-07-22 04:45:00
2024-07-22,05:00:00 pm,0,101.718,24.464,2024-07-22 05:00:00
2024-07-22,05:15:00 pm,0,101.715,24.44,2024-07-22 05:15:00
2024-07-22,05:30:00 pm,0,101.692,24.416,2024-07-22 05:30:00
2024-07-22,05:45:00 pm,0,101.683,24.381,2024-07-22 05:45:00
2024-07-22,06:00:00 pm,0,101.693,24.348,2024-07-22 06:00:00
2024-07-22,06:15:00 pm,0,101.704,24.326,2024-07-22 06:15:00
2024-07-22,06:30:00 pm,0,101.723,24.292,2024-07-22 06:30:00
2024-07-22,06:45:00 pm,0,101.735,24.257,2024-07-22 06:45:00
2024-07-22,07:00:00 pm,0,101.736,24.218,2024-07-22 07:00:00
2024-07-22,07:15:00 pm,0,101.723,24.181,2024-07-22 07:15:00
2024-07-22,07:30:00 pm,0,101.717,24.139,2024-07-22 07:30:00
2024-07-22,07:45:00 pm,0,101.722,24.089,2024-07-22 07:45:00
2024-07-22,08:00:00 pm,0,101.735,24.04,2024-07-22 08:00:00
2024-07-22,08:15:00 pm,0,101.738,23.99,2024-07-22 08:15:00
2024-07-22,08:30:00 pm,0,101.766,23.941,2024-07-22 08:30:00
2024-07-22,08:45:00 pm,0,101.781,23.896,2024-07-22 08:45:00
2024-07-22,09:00:00 pm,0,101.793,23.85,2024-07-22 09:00:00
2024-07-22,09:15:00 pm,0,101.811,23.81,2024-07-22 09:15:00
2024-07-22,09:30:00 pm,0,101.824,23.767,2024-07-22 09:30:00
2024-07-22,09:45:00 pm,0,101.828,23.724,2024-07-22 09:45:00
2024-07-22,10:00:00 pm,0,101.826,23.683,2024-07-22 10:00:00
2024-07-22,10:15:00 pm,0,101.829,23.641,2024-07-22 10:15:00
2024-07-22,10:30:00 pm,0,101.825,23.604,2024-07-22 10:30:00
2024-07-22,10:45:00 pm,0,101.821,23.568,2024-07-22 10:45:00
2024-07-22,11:00:00 pm,0,101.842,23.536,2024-07-22 11:00:00
2024-07-22,11:15:00 pm,0,101.853,23.505,2024-07-22 11:15:00
2024-07-22,11:30:00 pm,0,101.856,23.471,2024-07-22 11:30:00
2024-07-22,11:45:00 pm,0,101.845,23.437,2024-07-22 11:45:00
2024-07-23,12:00:00 am,0,101.836,23.406,2024-07-23 12:00:00
2024-07-23,12:15:00 am,0,101.829,23.378,2024-07-23 12:15:00
2024-07-23,12:30:00 am,0,101.823,23.349,2024-07-23 12:30:00
2024-07-23,12:45:00 am,0,101.812,23.319,2024-07-23 12:45:00
2024-07-23,01:00:00 am,0,101.806,23.296,2024-07-23 01:00:00
2024-07-23,01:15:00 am,0,101.806,23.27,2024-07-23 01:15:00
2024-07-23,01:30:00 am,0,101.797,23.246,2024-07-23 01:30:00
2024-07-23,01:45:00 am,0,101.778,23.218,2024-07-23 01:45:00
2024-07-23,02:00:00 am,0,101.774,23.191,2024-07-23 02:00:00
2024-07-23,02:15:00 am,0,101.768,23.164,2024-07-23 02:15:00
2024-07-23,02:30:00 am,0,101.756,23.133,2024-07-23 02:30:00
2024-07-23,02:45:00 am,0,101.763,23.105,2024-07-23 02:45:00
2024-07-23,03:00:00 am,0,101.772,23.079,2024-07-23 03:00:00
2024-07-23,03:15:00 am,0,101.782,23.055,2024-07-23 03:15:00
2024-07-23,03:30:00 am,0,101.79,23.034,2024-07-23 03:30:00
2024-07-23,03:45:00 am,0,101.797,23.016,2024-07-23 03:45:00
2024-07-23,04:00:00 am,0,101.802,22.996,2024-07-23 04:00:00
2024-07-23,04:15:00 am,0,101.808,22.981,2024-07-23 04:15:00
2024-07-23,04:30:00 am,0,101.813,22.965,2024-07-23 04:30:00
2024-07-23,04:45:00 am,0,101.828,22.95,2024-07-23 04:45:00
2024-07-23,05:00:00 am,0,101.835,22.937,2024-07-23 05:00:00
2024-07-23,05:15:00 am,0,101.844,22.923,2024-07-23 05:15:00
2024-07-23,05:30:00 am,0,101.847,22.908,2024-07-23 05:30:00
2024-07-23,05:45:00 am,0,101.85,22.897,2024-07-23 05:45:00
2024-07-23,06:00:00 am,0,101.855,22.888,2024-07-23 06:00:00
2024-07-23,06:15:00 am,0,101.853,22.877,2024-07-23 06:15:00
2024-07-23,06:30:00 am,0,101.862,22.867,2024-07-23 06:30:00
2024-07-23,06:45:00 am,0,101.883,22.861,2024-07-23 06:45:00
2024-07-23,07:00:00 am,0,101.886,22.862,2024-07-23 07:00:00
2024-07-23,07:15:00 am,0,101.902,22.869,2024-07-23 07:15:00
2024-07-23,07:30:00 am,0,101.906,22.886,2024-07-23 07:30:00
2024-07-23,07:45:00 am,0,101.921,22.91,2024-07-23 07:45:00
2024-07-23,08:00:00 am,0,101.931,22.951,2024-07-23 08:00:00
2024-07-23,08:15:00 am,0,101.94,22.986,2024-07-23 08:15:00
2024-07-23,08:30:00 am,0,101.951,23.018,2024-07-23 08:30:00
2024-07-23,08:45:00 am,0,101.965,23.048,2024-07-23 08:45:00
2024-07-23,09:00:00 am,0,101.966,23.074,2024-07-23 09:00:00
2024-07-23,09:15:00 am,0,101.976,23.118,2024-07-23 09:15:00
2024-07-23,09:30:00 am,0,101.985,23.164,2024-07-23 09:30:00
2024-07-23,09:45:00 am,0,102.005,23.264,2024-07-23 09:45:00
2024-07-23,10:00:00 am,0,102.022,23.355,2024-07-23 10:00:00
2024-07-23,10:15:00 am,0,102.033,23.439,2024-07-23 10:15:00
2024-07-23,10:30:00 am,0,102.056,23.529,2024-07-23 10:30:00
2024-07-23,10:45:00 am,0,102.076,23.648,2024-07-23 10:45:00
2024-07-23,11:00:00 am,0,102.088,23.768,2024-07-23 11:00:00
2024-07-23,11:15:00 am,0,102.088,23.864,2024-07-23 11:15:00
2024-07-23,11:30:00 am,0,102.072,23.91,2024-07-23 11:30:00
2024-07-23,11:45:00 am,0,102.072,23.979,2024-07-23 11:45:00
2024-07-23,12:00:00 pm,0,102.078,24.103,2024-07-23 12:00:00
2024-07-23,12:15:00 pm,0,102.071,24.203,2024-07-23 12:15:00
2024-07-23,12:30:00 pm,0,102.048,24.215,2024-07-23 12:30:00
2024-07-23,12:45:00 pm,0,102.026,24.234,2024-07-23 12:45:00
2024-07-23,01:00:00 pm,0,102.011,24.396,2024-07-23 01:00:00
2024-07-23,01:15:00 pm,0,102.013,24.567,2024-07-23 01:15:00
2024-07-23,01:30:00 pm,0,102.003,24.642,2024-07-23 01:30:00
2024-07-23,01:45:00 pm,0,101.982,24.701,2024-07-23 01:45:00
2024-07-23,02:00:00 pm,0,101.972,24.888,2024-07-23 02:00:00
2024-07-23,02:15:00 pm,0,101.976,25.066,2024-07-23 02:15:00
2024-07-23,02:30:00 pm,0,101.968,25.205,2024-07-23 02:30:00
2024-07-23,02:45:00 pm,0,101.936,25.361,2024-07-23 02:45:00
2024-07-23,03:00:00 pm,0,101.936,25.45,2024-07-23 03:00:00
2024-07-23,03:15:00 pm,0,101.955,25.481,2024-07-23 03:15:00
2024-07-23,03:30:00 pm,0,102.003,25.312,2024-07-23 03:30:00
2024-07-23,03:45:00 pm,0,101.974,25.113,2024-07-23 03:45:00
2024-07-23,04:00:00 pm,0,101.917,25.028,2024-07-23 04:00:00
2024-07-23,04:15:00 pm,0,101.916,24.965,2024-07-23 04:15:00
2024-07-23,04:30:00 pm,0,101.966,24.922,2024-07-23 04:30:00
2024-07-23,04:45:00 pm,0,102.001,24.887,2024-07-23 04:45:00
2024-07-23,05:00:00 pm,0,102.01,24.825,2024-07-23 05:00:00
2024-07-23,05:15:00 pm,0,102.061,24.742,2024-07-23 05:15:00
2024-07-23,05:30:00 pm,0,102.099,24.63,2024-07-23 05:30:00
2024-07-23,05:45:00 pm,0,102.107,24.495,2024-07-23 05:45:00
2024-07-23,06:00:00 pm,0,102.086,24.373,2024-07-23 06:00:00
2024-07-23,06:15:00 pm,0,102.079,24.262,2024-07-23 06:15:00
2024-07-23,06:30:00 pm,0,102.106,24.184,2024-07-23 06:30:00
2024-07-23,06:45:00 pm,0,102.182,24.116,2024-07-23 06:45:00
2024-07-23,07:00:00 pm,0,102.21,24.078,2024-07-23 07:00:00
2024-07-23,07:15:00 pm,0,102.208,24.071,2024-07-23 07:15:00
2024-07-23,07:30:00 pm,0,102.201,24.048,2024-07-23 07:30:00
2024-07-23,07:45:00 pm,0,102.181,24.011,2024-07-23 07:45:00
2024-07-23,08:00:00 pm,0,102.176,23.959,2024-07-23 08:00:00
2024-07-23,08:15:00 pm,0,102.171,23.897,2024-07-23 08:15:00
2024-07-23,08:30:00 pm,0,102.157,23.847,2024-07-23 08:30:00
2024-07-23,08:45:00 pm,0,102.144,23.799,2024-07-23 08:45:00
2024-07-23,09:00:00 pm,0,102.133,23.753,2024-07-23 09:00:00
2024-07-23,09:15:00 pm,0,102.16,23.71,2024-07-23 09:15:00
2024-07-23,09:30:00 pm,0,102.161,23.667,2024-07-23 09:30:00
2024-07-23,09:45:00 pm,0,102.166,23.626,2024-07-23 09:45:00
2024-07-23,10:00:00 pm,0,102.181,23.589,2024-07-23 10:00:00
2024-07-23,10:15:00 pm,0,102.192,23.555,2024-07-23 10:15:00
2024-07-23,10:30:00 pm,0,102.209,23.52,2024-07-23 10:30:00
2024-07-23,10:45:00 pm,0,102.205,23.485,2024-07-23 10:45:00
2024-07-23,11:00:00 pm,0,102.2,23.455,2024-07-23 11:00:00
2024-07-23,11:15:00 pm,0,102.206,23.423,2024-07-23 11:15:00
2024-07-23,11:30:00 pm,0,102.207,23.389,2024-07-23 11:30:00
2024-07-23,11:45:00 pm,0,102.202,23.357,2024-07-23 11:45:00
2024-07-24,12:00:00 am,0,102.192,23.329,2024-07-24 12:00:00
2024-07-24,12:15:00 am,0,102.187,23.301,2024-07-24 12:15:00
2024-07-24,12:30:00 am,0,102.177,23.271,2024-07-24 12:30:00
2024-07-24,12:45:00 am,0,102.163,23.241,2024-07-24 12:45:00
2024-07-24,01:00:00 am,0,102.145,23.216,2024-07-24 01:00:00
2024-07-24,01:15:00 am,0,102.135,23.189,2024-07-24 01:15:00
2024-07-24,01:30:00 am,0,102.13,23.164,2024-07-24 01:30:00
2024-07-24,01:45:00 am,0,102.11,23.138,2024-07-24 01:45:00
2024-07-24,02:00:00 am,0,102.101,23.112,2024-07-24 02:00:00
2024-07-24,02:15:00 am,0,102.089,23.091,2024-07-24 02:15:00
2024-07-24,02:30:00 am,0,102.081,23.065,2024-07-24 02:30:00
2024-07-24,02:45:00 am,0,102.075,23.042,2024-07-24 02:45:00
2024-07-24,03:00:00 am,0,102.075,23.019,2024-07-24 03:00:00
2024-07-24,03:15:00 am,0,102.094,22.995,2024-07-24 03:15:00
2024-07-24,03:30:00 am,0,102.128,22.974,2024-07-24 03:30:00
2024-07-24,03:45:00 am,0,102.138,22.958,2024-07-24 03:45:00
2024-07-24,04:00:00 am,0,102.143,22.941,2024-07-24 04:00:00
2024-07-24,04:15:00 am,0,102.138,22.921,2024-07-24 04:15:00
2024-07-24,04:30:00 am,0,102.133,22.9,2024-07-24 04:30:00
2024-07-24,04:45:00 am,0,102.138,22.88,2024-07-24 04:45:00
2024-07-24,05:00:00 am,0,102.13,22.864,2024-07-24 05:00:00
2024-07-24,05:15:00 am,0,102.14,22.842,2024-07-24 05:15:00
2024-07-24,05:30:00 am,0,102.15,22.824,2024-07-24 05:30:00
2024-07-24,05:45:00 am,0,102.158,22.806,2024-07-24 05:45:00
2024-07-24,06:00:00 am,0,102.163,22.786,2024-07-24 06:00:00
2024-07-24,06:15:00 am,0,102.177,22.771,2024-07-24 06:15:00
2024-07-24,06:30:00 am,0,102.194,22.759,2024-07-24 06:30:00
2024-07-24,06:45:00 am,0,102.221,22.751,2024-07-24 06:45:00
2024-07-24,07:00:00 am,0,102.22,22.744,2024-07-24 07:00:00
2024-07-24,07:15:00 am,0,102.227,22.739,2024-07-24 07:15:00
2024-07-24,07:30:00 am,0,102.229,22.742,2024-07-24 07:30:00
2024-07-24,07:45:00 am,0,102.238,22.749,2024-07-24 07:45:00
2024-07-24,08:00:00 am,0,102.244,22.762,2024-07-24 08:00:00
2024-07-24,08:15:00 am,0,102.259,22.783,2024-07-24 08:15:00
2024-07-24,08:30:00 am,0,102.269,22.809,2024-07-24 08:30:00
2024-07-24,08:45:00 am,0,102.281,22.827,2024-07-24 08:45:00
2024-07-24,09:00:00 am,0,102.284,22.829,2024-07-24 09:00:00
2024-07-24,09:15:00 am,0,102.29,22.834,2024-07-24 09:15:00
2024-07-24,09:30:00 am,0,102.29,22.841,2024-07-24 09:30:00
2024-07-24,09:45:00 am,0,102.297,22.874,2024-07-24 09:45:00
2024-07-24,10:00:00 am,0,102.305,22.906,2024-07-24 10:00:00
2024-07-24,10:15:00 am,0,102.314,22.945,2024-07-24 10:15:00
2024-07-24,10:30:00 am,0,102.33,22.994,2024-07-24 10:30:00
2024-07-24,10:45:00 am,0,102.342,23.039,2024-07-24 10:45:00
2024-07-24,11:00:00 am,0,102.343,23.076,2024-07-24 11:00:00
2024-07-24,11:15:00 am,0,102.352,23.122,2024-07-24 11:15:00
2024-07-24,11:30:00 am,0,102.344,23.156,2024-07-24 11:30:00
2024-07-24,11:45:00 am,0,102.347,23.164,2024-07-24 11:45:00
2024-07-24,12:00:00 pm,0,102.338,23.148,2024-07-24 12:00:00
2024-07-24,12:15:00 pm,0,102.344,23.139,2024-07-24 12:15:00
2024-07-24,12:30:00 pm,0,102.353,23.14,2024-07-24 12:30:00
2024-07-24,12:45:00 pm,0,102.371,23.162,2024-07-24 12:45:00
2024-07-24,01:00:00 pm,0,102.4,23.17,2024-07-24 01:00:00
2024-07-24,01:15:00 pm,0,102.444,23.18,2024-07-24 01:15:00
2024-07-24,01:30:00 pm,0,102.514,23.222,2024-07-24 01:30:00
2024-07-24,01:45:00 pm,0,102.607,23.28,2024-07-24 01:45:00
2024-07-24,02:00:00 pm,0,102.692,23.385,2024-07-24 02:00:00
2024-07-24,02:15:00 pm,0,102.755,23.484,2024-07-24 02:15:00
2024-07-24,02:30:00 pm,0,102.754,23.615,2024-07-24 02:30:00
2024-07-24,02:45:00 pm,0,102.746,23.649,2024-07-24 02:45:00
2024-07-24,03:00:00 pm,0,102.732,23.624,2024-07-24 03:00:00
2024-07-24,03:15:00 pm,0,102.704,23.593,2024-07-24 03:15:00
2024-07-24,03:30:00 pm,0,102.663,23.555,2024-07-24 03:30:00
2024-07-24,03:45:00 pm,0,102.645,23.536,2024-07-24 03:45:00
2024-07-24,04:00:00 pm,0,102.601,23.535,2024-07-24 04:00:00
2024-07-24,04:15:00 pm,0,102.593,23.556,2024-07-24 04:15:00
2024-07-24,04:30:00 pm,0,102.57,23.547,2024-07-24 04:30:00
2024-07-24,04:45:00 pm,0,102.534,23.531,2024-07-24 04:45:00
2024-07-24,05:00:00 pm,0,102.53,23.524,2024-07-24 05:00:00
2024-07-24,05:15:00 pm,0,102.522,23.509,2024-07-24 05:15:00
2024-07-24,05:30:00 pm,0,102.505,23.482,2024-07-24 05:30:00
2024-07-24,05:45:00 pm,0,102.481,23.464,2024-07-24 05:45:00
2024-07-24,06:00:00 pm,0,102.463,23.447,2024-07-24 06:00:00
2024-07-24,06:15:00 pm,0,102.466,23.443,2024-07-24 06:15:00
2024-07-24,06:30:00 pm,0,102.449,23.441,2024-07-24 06:30:00
2024-07-24,06:45:00 pm,0,102.43,23.43,2024-07-24 06:45:00
2024-07-24,07:00:00 pm,0,102.413,23.415,2024-07-24 07:00:00
2024-07-24,07:15:00 pm,0,102.404,23.394,2024-07-24 07:15:00
2024-07-24,07:30:00 pm,0,102.386,23.377,2024-07-24 07:30:00
2024-07-24,07:45:00 pm,0,102.383,23.355,2024-07-24 07:45:00
2024-07-24,08:00:00 pm,0,102.386,23.335,2024-07-24 08:00:00
2024-07-24,08:15:00 pm,0,102.381,23.313,2024-07-24 08:15:00
2024-07-24,08:30:00 pm,0,102.372,23.292,2024-07-24 08:30:00
2024-07-24,08:45:00 pm,0,102.367,23.273,2024-07-24 08:45:00
2024-07-24,09:00:00 pm,0,102.387,23.253,2024-07-24 09:00:00
2024-07-24,09:15:00 pm,0,102.396,23.236,2024-07-24 09:15:00
2024-07-24,09:30:00 pm,0,102.393,23.218,2024-07-24 09:30:00
2024-07-24,09:45:00 pm,0,102.393,23.202,2024-07-24 09:45:00
2024-07-24,10:00:00 pm,0,102.407,23.183,2024-07-24 10:00:00
2024-07-24,10:15:00 pm,0,102.406,23.167,2024-07-24 10:15:00
2024-07-24,10:30:00 pm,0,102.409,23.153,2024-07-24 10:30:00
2024-07-24,10:45:00 pm,0,102.414,23.136,2024-07-24 10:45:00
2024-07-24,11:00:00 pm,0,102.417,23.12,2024-07-24 11:00:00
2024-07-24,11:15:00 pm,0,102.419,23.106,2024-07-24 11:15:00
2024-07-24,11:30:00 pm,0,102.41,23.092,2024-07-24 11:30:00
2024-07-24,11:45:00 pm,0,102.401,23.078,2024-07-24 11:45:00
2024-07-25,12:00:00 am,0,102.39,23.065,2024-07-25 12:00:00
2024-07-25,12:15:00 am,0,102.377,23.051,2024-07-25 12:15:00
2024-07-25,12:30:00 am,0,102.366,23.035,2024-07-25 12:30:00
2024-07-25,12:45:00 am,0,102.362,23.023,2024-07-25 12:45:00
2024-07-25,01:00:00 am,0,102.354,23.009,2024-07-25 01:00:00
2024-07-25,01:15:00 am,0,102.343,22.993,2024-07-25 01:15:00
2024-07-25,01:30:00 am,0,102.327,22.978,2024-07-25 01:30:00
2024-07-25,01:45:00 am,0,102.321,22.964,2024-07-25 01:45:00
2024-07-25,02:00:00 am,0,102.312,22.951,2024-07-25 02:00:00
2024-07-25,02:15:00 am,0,102.302,22.939,2024-07-25 02:15:00
2024-07-25,02:30:00 am,0,102.297,22.928,2024-07-25 02:30:00
2024-07-25,02:45:00 am,0,102.295,22.918,2024-07-25 02:45:00
2024-07-25,03:00:00 am,0,102.287,22.91,2024-07-25 03:00:00
2024-07-25,03:15:00 am,0,102.283,22.9,2024-07-25 03:15:00
2024-07-25,03:30:00 am,0,102.273,22.89,2024-07-25 03:30:00
2024-07-25,03:45:00 am,0,102.276,22.883,2024-07-25 03:45:00
2024-07-25,04:00:00 am,0,102.272,22.876,2024-07-25 04:00:00
2024-07-25,04:15:00 am,0,102.27,22.869,2024-07-25 04:15:00
2024-07-25,04:30:00 am,0,102.269,22.861,2024-07-25 04:30:00
2024-07-25,04:45:00 am,0,102.265,22.853,2024-07-25 04:45:00
2024-07-25,05:00:00 am,0,102.261,22.846,2024-07-25 05:00:00
2024-07-25,05:15:00 am,0,102.257,22.833,2024-07-25 05:15:00
2024-07-25,05:30:00 am,0,102.253,22.827,2024-07-25 05:30:00
2024-07-25,05:45:00 am,0,102.251,22.818,2024-07-25 05:45:00
2024-07-25,06:00:00 am,0,102.255,22.811,2024-07-25 06:00:00
2024-07-25,06:15:00 am,0,102.258,22.804,2024-07-25 06:15:00
2024-07-25,06:30:00 am,0,102.265,22.798,2024-07-25 06:30:00
2024-07-25,06:45:00 am,0,102.277,22.792,2024-07-25 06:45:00
2024-07-25,07:00:00 am,0,102.283,22.788,2024-07-25 07:00:00
2024-07-25,07:15:00 am,0,102.295,22.785,2024-07-25 07:15:00
2024-07-25,07:30:00 am,0,102.303,22.782,2024-07-25 07:30:00
2024-07-25,07:45:00 am,0,102.306,22.783,2024-07-25 07:45:00
2024-07-25,08:00:00 am,0,102.308,22.782,2024-07-25 08:00:00
2024-07-25,08:15:00 am,0,102.311,22.788,2024-07-25 08:15:00
2024-07-25,08:30:00 am,0,102.321,22.793,2024-07-25 08:30:00
2024-07-25,08:45:00 am,0,102.327,22.805,2024-07-25 08:45:00
2024-07-25,09:00:00 am,0,102.335,22.82,2024-07-25 09:00:00
2024-07-25,09:15:00 am,0,102.342,22.839,2024-07-25 09:15:00
2024-07-25,09:30:00 am,0,102.362,22.863,2024-07-25 09:30:00
2024-07-25,09:45:00 am,0,102.374,22.886,2024-07-25 09:45:00
2024-07-25,10:00:00 am,0,102.381,22.915,2024-07-25 10:00:00
2024-07-25,10:15:00 am,0,102.388,22.942,2024-07-25 10:15:00
2024-07-25,10:30:00 am,0,102.399,22.978,2024-07-25 10:30:00
2024-07-25,10:45:00 am,0,102.401,23.012,2024-07-25 10:45:00
2024-07-25,11:00:00 am,0,102.41,23.055,2024-07-25 11:00:00
2024-07-25,11:15:00 am,0,102.424,23.121,2024-07-25 11:15:00
2024-07-25,11:30:00 am,0,102.437,23.21,2024-07-25 11:30:00
2024-07-25,11:45:00 am,0,102.442,23.282,2024-07-25 11:45:00
2024-07-25,12:00:00 pm,0,102.446,23.338,2024-07-25 12:00:00
2024-07-25,12:15:00 pm,0,102.449,23.38,2024-07-25 12:15:00
2024-07-25,12:30:00 pm,0,102.451,23.437,2024-07-25 12:30:00
2024-07-25,12:45:00 pm,0,102.457,23.563,2024-07-25 12:45:00
2024-07-25,01:00:00 pm,0,102.46,23.692,2024-07-25 01:00:00
2024-07-25,01:15:00 pm,0,102.46,23.809,2024-07-25 01:15:00
2024-07-25,01:30:00 pm,0,102.443,23.91,2024-07-25 01:30:00
2024-07-25,01:45:00 pm,0,102.425,24.03,2024-07-25 01:45:00
2024-07-25,02:00:00 pm,0,102.401,24.135,2024-07-25 02:00:00
2024-07-25,02:15:00 pm,0,102.384,24.208,2024-07-25 02:15:00
2024-07-25,02:30:00 pm,0,102.364,24.287,2024-07-25 02:30:00
2024-07-25,02:45:00 pm,0,102.349,24.357,2024-07-25 02:45:00
2024-07-25,03:00:00 pm,0,102.331,24.403,2024-07-25 03:00:00
2024-07-25,03:15:00 pm,0,102.303,24.439,2024-07-25 03:15:00
2024-07-25,03:30:00 pm,0,102.287,24.498,2024-07-25 03:30:00
2024-07-25,03:45:00 pm,0,102.287,24.563,2024-07-25 03:45:00
2024-07-25,04:00:00 pm,0,102.278,24.585,2024-07-25 04:00:00
2024-07-25,04:15:00 pm,0,102.279,24.578,2024-07-25 04:15:00
2024-07-25,04:30:00 pm,0,102.273,24.544,2024-07-25 04:30:00
2024-07-25,04:45:00 pm,0,102.269,24.507,2024-07-25 04:45:00
2024-07-25,05:00:00 pm,0,102.263,24.485,2024-07-25 05:00:00
2024-07-25,05:15:00 pm,0,102.244,24.473,2024-07-25 05:15:00
2024-07-25,05:30:00 pm,0,102.225,24.456,2024-07-25 05:30:00
2024-07-25,05:45:00 pm,0,102.229,24.437,2024-07-25 05:45:00
2024-07-25,06:00:00 pm,0,102.225,24.405,2024-07-25 06:00:00
2024-07-25,06:15:00 pm,0,102.218,24.371,2024-07-25 06:15:00
2024-07-25,06:30:00 pm,0,102.222,24.337,2024-07-25 06:30:00
2024-07-25,06:45:00 pm,0,102.199,24.296,2024-07-25 06:45:00
2024-07-25,07:00:00 pm,0,102.192,24.255,2024-07-25 07:00:00
2024-07-25,07:15:00 pm,0,102.204,24.214,2024-07-25 07:15:00
2024-07-25,07:30:00 pm,0,102.216,24.165,2024-07-25 07:30:00
2024-07-25,07:45:00 pm,0,102.23,24.109,2024-07-25 07:45:00
2024-07-25,08:00:00 pm,0,102.257,24.052,2024-07-25 08:00:00
2024-07-25,08:15:00 pm,0,102.267,23.991,2024-07-25 08:15:00
2024-07-25,08:30:00 pm,0,102.278,23.931,2024-07-25 08:30:00
2024-07-25,08:45:00 pm,0,102.27,23.867,2024-07-25 08:45:00
2024-07-25,09:00:00 pm,0,102.255,23.807,2024-07-25 09:00:00
2024-07-25,09:15:00 pm,0,102.235,23.744,2024-07-25 09:15:00
2024-07-25,09:30:00 pm,0,102.233,23.69,2024-07-25 09:30:00
2024-07-25,09:45:00 pm,0,102.242,23.64,2024-07-25 09:45:00
2024-07-25,10:00:00 pm,0,102.243,23.584,2024-07-25 10:00:00
2024-07-25,10:15:00 pm,0,102.244,23.53,2024-07-25 10:15:00
2024-07-25,10:30:00 pm,0,102.239,23.479,2024-07-25 10:30:00
2024-07-25,10:45:00 pm,0,102.217,23.435,2024-07-25 10:45:00
2024-07-25,11:00:00 pm,0,102.202,23.385,2024-07-25 11:00:00
2024-07-25,11:15:00 pm,0,102.199,23.34,2024-07-25 11:15:00
2024-07-25,11:30:00 pm,0,102.176,23.292,2024-07-25 11:30:00
2024-07-25,11:45:00 pm,0,102.164,23.243,2024-07-25 11:45:00
2024-07-26,12:00:00 am,0,102.15,23.191,2024-07-26 12:00:00
2024-07-26,12:15:00 am,0,102.142,23.142,2024-07-26 12:15:00
2024-07-26,12:30:00 am,0,102.128,23.093,2024-07-26 12:30:00
2024-07-26,12:45:00 am,0,102.123,23.045,2024-07-26 12:45:00
2024-07-26,01:00:00 am,0,102.116,22.998,2024-07-26 01:00:00
2024-07-26,01:15:00 am,0,102.11,22.952,2024-07-26 01:15:00
2024-07-26,01:30:00 am,0,102.091,22.901,2024-07-26 01:30:00
2024-07-26,01:45:00 am,0,102.091,22.858,2024-07-26 01:45:00
2024-07-26,02:00:00 am,0,102.082,22.814,2024-07-26 02:00:00
2024-07-26,02:15:00 am,0,102.079,22.776,2024-07-26 02:15:00
2024-07-26,02:30:00 am,0,102.068,22.738,2024-07-26 02:30:00
2024-07-26,02:45:00 am,0,102.053,22.695,2024-07-26 02:45:00
2024-07-26,03:00:00 am,0,102.053,22.662,2024-07-26 03:00:00
2024-07-26,03:15:00 am,0,102.04,22.628,2024-07-26 03:15:00
2024-07-26,03:30:00 am,0,102.031,22.595,2024-07-26 03:30:00
2024-07-26,03:45:00 am,0,102.029,22.567,2024-07-26 03:45:00
2024-07-26,04:00:00 am,0,102.024,22.54,2024-07-26 04:00:00
2024-07-26,04:15:00 am,0,102.035,22.517,2024-07-26 04:15:00
2024-07-26,04:30:00 am,0,102.032,22.498,2024-07-26 04:30:00
2024-07-26,04:45:00 am,0,102.029,22.481,2024-07-26 04:45:00
2024-07-26,05:00:00 am,0,102.031,22.468,2024-07-26 05:00:00
2024-07-26,05:15:00 am,0,102.033,22.458,2024-07-26 05:15:00
2024-07-26,05:30:00 am,0,102.024,22.443,2024-07-26 05:30:00
2024-07-26,05:45:00 am,0,102.024,22.434,2024-07-26 05:45:00
2024-07-26,06:00:00 am,0,102.031,22.419,2024-07-26 06:00:00
2024-07-26,06:15:00 am,0,102.028,22.407,2024-07-26 06:15:00
2024-07-26,06:30:00 am,0,102.039,22.393,2024-07-26 06:30:00
2024-07-26,06:45:00 am,0,102.048,22.383,2024-07-26 06:45:00
2024-07-26,07:00:00 am,0,102.056,22.373,2024-07-26 07:00:00
2024-07-26,07:15:00 am,0,102.06,22.374,2024-07-26 07:15:00
2024-07-26,07:30:00 am,0,102.072,22.39,2024-07-26 07:30:00
2024-07-26,07:45:00 am,0,102.077,22.41,2024-07-26 07:45:00
2024-07-26,08:00:00 am,0,102.089,22.432,2024-07-26 08:00:00
2024-07-26,08:15:00 am,0,102.098,22.458,2024-07-26 08:15:00
2024-07-26,08:30:00 am,0,102.11,22.484,2024-07-26 08:30:00
2024-07-26,08:45:00 am,0,102.116,22.517,2024-07-26 08:45:00
2024-07-26,09:00:00 am,0,102.132,22.567,2024-07-26 09:00:00
2024-07-26,09:15:00 am,0,102.146,22.622,2024-07-26 09:15:00
2024-07-26,09:30:00 am,0,102.147,22.663,2024-07-26 09:30:00
2024-07-26,09:45:00 am,0,102.157,22.705,2024-07-26 09:45:00
2024-07-26,10:00:00 am,0,102.156,22.735,2024-07-26 10:00:00
2024-07-26,10:15:00 am,0,102.155,22.761,2024-07-26 10:15:00
2024-07-26,10:30:00 am,0,102.163,22.8,2024-07-26 10:30:00
2024-07-26,10:45:00 am,0,102.177,22.843,2024-07-26 10:45:00
2024-07-26,11:00:00 am,0,102.178,22.882,2024-07-26 11:00:00
2024-07-26,11:15:00 am,0,102.181,22.934,2024-07-26 11:15:00
2024-07-26,11:30:00 am,0,102.176,22.985,2024-07-26 11:30:00
2024-07-26,11:45:00 am,0,102.171,23.051,2024-07-26 11:45:00
2024-07-26,12:00:00 pm,0,102.168,23.102,2024-07-26 12:00:00
2024-07-26,12:15:00 pm,0,102.162,23.156,2024-07-26 12:15:00
2024-07-26,12:30:00 pm,0,102.167,23.255,2024-07-26 12:30:00
2024-07-26,12:45:00 pm,0,102.152,23.368,2024-07-26 12:45:00
2024-07-26,01:00:00 pm,0,102.126,23.466,2024-07-26 01:00:00
2024-07-26,01:15:00 pm,0,102.108,23.599,2024-07-26 01:15:00
2024-07-26,01:30:00 pm,0,102.094,23.7,2024-07-26 01:30:00
2024-07-26,01:45:00 pm,0,102.066,23.87,2024-07-26 01:45:00
2024-07-26,02:00:00 pm,0,102.052,24.058,2024-07-26 02:00:00
2024-07-26,02:15:00 pm,0,102.021,24.2,2024-07-26 02:15:00
2024-07-26,02:30:00 pm,0,102.013,24.342,2024-07-26 02:30:00
2024-07-26,02:45:00 pm,0,102.005,24.451,2024-07-26 02:45:00
2024-07-26,03:00:00 pm,0,101.982,24.542,2024-07-26 03:00:00
2024-07-26,03:15:00 pm,0,101.967,24.633,2024-07-26 03:15:00
2024-07-26,03:30:00 pm,0,101.938,24.678,2024-07-26 03:30:00
2024-07-26,03:45:00 pm,0,101.926,24.671,2024-07-26 03:45:00
2024-07-26,04:00:00 pm,0,101.909,24.678,2024-07-26 04:00:00
2024-07-26,04:15:00 pm,0,101.881,24.699,2024-07-26 04:15:00
2024-07-26,04:30:00 pm,0,101.88,24.706,2024-07-26 04:30:00
2024-07-26,04:45:00 pm,0,101.882,24.715,2024-07-26 04:45:00
2024-07-26,05:00:00 pm,0,101.865,24.695,2024-07-26 05:00:00
2024-07-26,05:15:00 pm,0,101.858,24.674,2024-07-26 05:15:00
2024-07-26,05:30:00 pm,0,101.866,24.657,2024-07-26 05:30:00
2024-07-26,05:45:00 pm,0,101.851,24.64,2024-07-26 05:45:00
2024-07-26,06:00:00 pm,0,101.84,24.609,2024-07-26 06:00:00
2024-07-26,06:15:00 pm,0,101.846,24.571,2024-07-26 06:15:00
2024-07-26,06:30:00 pm,0,101.845,24.533,2024-07-26 06:30:00
2024-07-26,06:45:00 pm,0,101.859,24.496,2024-07-26 06:45:00
2024-07-26,07:00:00 pm,0,101.869,24.456,2024-07-26 07:00:00
2024-07-26,07:15:00 pm,0,101.881,24.415,2024-07-26 07:15:00
2024-07-26,07:30:00 pm,0,101.884,24.372,2024-07-26 07:30:00
2024-07-26,07:45:00 pm,0,101.87,24.327,2024-07-26 07:45:00
2024-07-26,08:00:00 pm,0,101.856,24.283,2024-07-26 08:00:00
2024-07-26,08:15:00 pm,0,101.847,24.235,2024-07-26 08:15:00
2024-07-26,08:30:00 pm,0,101.855,24.192,2024-07-26 08:30:00
2024-07-26,08:45:00 pm,0,101.858,24.148,2024-07-26 08:45:00
2024-07-26,09:00:00 pm,0,101.847,24.105,2024-07-26 09:00:00
2024-07-26,09:15:00 pm,0,101.838,24.066,2024-07-26 09:15:00
2024-07-26,09:30:00 pm,0,101.841,24.023,2024-07-26 09:30:00
2024-07-26,09:45:00 pm,0,101.844,23.98,2024-07-26 09:45:00
2024-07-26,10:00:00 pm,0,101.852,23.941,2024-07-26 10:00:00
2024-07-26,10:15:00 pm,0,101.836,23.902,2024-07-26 10:15:00
2024-07-26,10:30:00 pm,0,101.826,23.868,2024-07-26 10:30:00
2024-07-26,10:45:00 pm,0,101.822,23.83,2024-07-26 10:45:00
2024-07-26,11:00:00 pm,0,101.81,23.794,2024-07-26 11:00:00
2024-07-26,11:15:00 pm,0,101.787,23.76,2024-07-26 11:15:00
2024-07-26,11:30:00 pm,0,101.775,23.725,2024-07-26 11:30:00
2024-07-26,11:45:00 pm,0,101.763,23.692,2024-07-26 11:45:00
2024-07-27,12:00:00 am,0,101.766,23.661,2024-07-27 12:00:00
2024-07-27,12:15:00 am,0,101.764,23.633,2024-07-27 12:15:00
2024-07-27,12:30:00 am,0,101.762,23.606,2024-07-27 12:30:00
2024-07-27,12:45:00 am,0,101.763,23.578,2024-07-27 12:45:00
2024-07-27,01:00:00 am,0,101.759,23.554,2024-07-27 01:00:00
2024-07-27,01:15:00 am,0,101.756,23.529,2024-07-27 01:15:00
2024-07-27,01:30:00 am,0,101.747,23.504,2024-07-27 01:30:00
2024-07-27,01:45:00 am,0,101.74,23.482,2024-07-27 01:45:00
2024-07-27,02:00:00 am,0,101.729,23.46,2024-07-27 02:00:00
2024-07-27,02:15:00 am,0,101.733,23.439,2024-07-27 02:15:00
2024-07-27,02:30:00 am,0,101.731,23.418,2024-07-27 02:30:00
2024-07-27,02:45:00 am,0,101.742,23.4,2024-07-27 02:45:00
2024-07-27,03:00:00 am,0,101.737,23.383,2024-07-27 03:00:00
2024-07-27,03:15:00 am,0,101.741,23.364,2024-07-27 03:15:00
2024-07-27,03:30:00 am,0,101.75,23.345,2024-07-27 03:30:00
2024-07-27,03:45:00 am,0,101.759,23.328,2024-07-27 03:45:00
2024-07-27,04:00:00 am,0,101.77,23.312,2024-07-27 04:00:00
2024-07-27,04:15:00 am,0,101.772,23.296,2024-07-27 04:15:00
2024-07-27,04:30:00 am,0,101.772,23.276,2024-07-27 04:30:00
2024-07-27,04:45:00 am,0,101.775,23.263,2024-07-27 04:45:00
2024-07-27,05:00:00 am,0,101.779,23.245,2024-07-27 05:00:00
2024-07-27,05:15:00 am,0,101.781,23.232,2024-07-27 05:15:00
2024-07-27,05:30:00 am,0,101.779,23.216,2024-07-27 05:30:00
2024-07-27,05:45:00 am,0,101.793,23.201,2024-07-27 05:45:00
2024-07-27,06:00:00 am,0,101.786,23.186,2024-07-27 06:00:00
2024-07-27,06:15:00 am,0,101.787,23.171,2024-07-27 06:15:00
2024-07-27,06:30:00 am,0,101.792,23.16,2024-07-27 06:30:00
2024-07-27,06:45:00 am,0,101.8,23.149,2024-07-27 06:45:00
2024-07-27,07:00:00 am,0,101.809,23.141,2024-07-27 07:00:00
2024-07-27,07:15:00 am,0,101.82,23.14,2024-07-27 07:15:00
2024-07-27,07:30:00 am,0,101.835,23.137,2024-07-27 07:30:00
2024-07-27,07:45:00 am,0,101.843,23.135,2024-07-27 07:45:00
2024-07-27,08:00:00 am,0,101.854,23.141,2024-07-27 08:00:00
2024-07-27,08:15:00 am,0,101.867,23.148,2024-07-27 08:15:00
2024-07-27,08:30:00 am,0,101.869,23.154,2024-07-27 08:30:00
2024-07-27,08:45:00 am,0,101.884,23.165,2024-07-27 08:45:00
2024-07-27,09:00:00 am,0,101.888,23.186,2024-07-27 09:00:00
2024-07-27,09:15:00 am,0,101.889,23.219,2024-07-27 09:15:00
2024-07-27,09:30:00 am,0,101.9,23.255,2024-07-27 09:30:00
2024-07-27,09:45:00 am,0,101.921,23.34,2024-07-27 09:45:00
2024-07-27,10:00:00 am,0,101.921,23.417,2024-07-27 10:00:00
2024-07-27,10:15:00 am,0,101.929,23.495,2024-07-27 10:15:00
2024-07-27,10:30:00 am,0,101.934,23.588,2024-07-27 10:30:00
2024-07-27,10:45:00 am,0,101.937,23.669,2024-07-27 10:45:00
2024-07-27,11:00:00 am,0,101.946,23.785,2024-07-27 11:00:00
2024-07-27,11:15:00 am,0,101.953,23.917,2024-07-27 11:15:00
2024-07-27,11:30:00 am,0,101.947,23.951,2024-07-27 11:30:00
2024-07-27,11:45:00 am,0,101.942,23.98,2024-07-27 11:45:00
2024-07-27,12:00:00 pm,0,101.939,24.077,2024-07-27 12:00:00
2024-07-27,12:15:00 pm,0,101.939,24.265,2024-07-27 12:15:00
2024-07-27,12:30:00 pm,0,101.923,24.479,2024-07-27 12:30:00
2024-07-27,12:45:00 pm,0,101.91,24.536,2024-07-27 12:45:00
2024-07-27,01:00:00 pm,0,101.89,24.573,2024-07-27 01:00:00
2024-07-27,01:15:00 pm,0,101.88,24.633,2024-07-27 01:15:00
2024-07-27,01:30:00 pm,0,101.872,24.674,2024-07-27 01:30:00
2024-07-27,01:45:00 pm,0,101.836,24.772,2024-07-27 01:45:00
2024-07-27,02:00:00 pm,0,101.827,24.904,2024-07-27 02:00:00
2024-07-27,02:15:00 pm,0,101.821,24.982,2024-07-27 02:15:00
2024-07-27,02:30:00 pm,0,101.814,25.056,2024-07-27 02:30:00
2024-07-27,02:45:00 pm,0,101.813,25.159,2024-07-27 02:45:00
2024-07-27,03:00:00 pm,0,101.771,25.209,2024-07-27 03:00:00
2024-07-27,03:15:00 pm,0,101.701,25.256,2024-07-27 03:15:00
2024-07-27,03:30:00 pm,0,101.689,25.214,2024-07-27 03:30:00
2024-07-27,03:45:00 pm,0,101.702,25.184,2024-07-27 03:45:00
2024-07-27,04:00:00 pm,0,101.69,25.214,2024-07-27 04:00:00
2024-07-27,04:15:00 pm,0,101.682,25.254,2024-07-27 04:15:00
2024-07-27,04:30:00 pm,0,101.671,25.285,2024-07-27 04:30:00
2024-07-27,04:45:00 pm,0,101.665,25.303,2024-07-27 04:45:00
2024-07-27,05:00:00 pm,0,101.667,25.325,2024-07-27 05:00:00
2024-07-27,05:15:00 pm,0,101.677,25.341,2024-07-27 05:15:00
2024-07-27,05:30:00 pm,0,101.689,25.357,2024-07-27 05:30:00
2024-07-27,05:45:00 pm,0,101.697,25.33,2024-07-27 05:45:00
2024-07-27,06:00:00 pm,0,101.694,25.273,2024-07-27 06:00:00
2024-07-27,06:15:00 pm,0,101.689,25.216,2024-07-27 06:15:00
2024-07-27,06:30:00 pm,0,101.713,25.155,2024-07-27 06:30:00
2024-07-27,06:45:00 pm,0,101.722,25.101,2024-07-27 06:45:00
2024-07-27,07:00:00 pm,0,101.747,25.052,2024-07-27 07:00:00
2024-07-27,07:15:00 pm,0,101.756,25.009,2024-07-27 07:15:00
2024-07-27,07:30:00 pm,0,101.769,24.957,2024-07-27 07:30:00
2024-07-27,07:45:00 pm,0,101.785,24.907,2024-07-27 07:45:00
2024-07-27,08:00:00 pm,0,101.79,24.857,2024-07-27 08:00:00
2024-07-27,08:15:00 pm,0,101.777,24.806,2024-07-27 08:15:00
2024-07-27,08:30:00 pm,0,101.759,24.756,2024-07-27 08:30:00
2024-07-27,08:45:00 pm,0,101.796,24.713,2024-07-27 08:45:00
2024-07-27,09:00:00 pm,0,101.806,24.671,2024-07-27 09:00:00
2024-07-27,09:15:00 pm,0,101.839,24.61,2024-07-27 09:15:00
2024-07-27,09:30:00 pm,0,101.848,24.558,2024-07-27 09:30:00
2024-07-27,09:45:00 pm,0,101.864,24.508,2024-07-27 09:45:00
2024-07-27,10:00:00 pm,0,101.869,24.452,2024-07-27 10:00:00
2024-07-27,10:15:00 pm,0,101.863,24.399,2024-07-27 10:15:00
2024-07-27,10:30:00 pm,0,101.862,24.343,2024-07-27 10:30:00
2024-07-27,10:45:00 pm,0,101.861,24.29,2024-07-27 10:45:00
2024-07-27,11:00:00 pm,0,101.864,24.237,2024-07-27 11:00:00
2024-07-27,11:15:00 pm,0,101.872,24.188,2024-07-27 11:15:00
2024-07-27,11:30:00 pm,0,101.863,24.139,2024-07-27 11:30:00
2024-07-27,11:45:00 pm,0,101.865,24.091,2024-07-27 11:45:00
2024-07-28,12:00:00 am,0,101.861,24.046,2024-07-28 12:00:00
2024-07-28,12:15:00 am,0,101.861,24,2024-07-28 12:15:00
2024-07-28,12:30:00 am,0,101.858,23.956,2024-07-28 12:30:00
2024-07-28,12:45:00 am,0,101.849,23.913,2024-07-28 12:45:00
2024-07-28,01:00:00 am,0,101.831,23.868,2024-07-28 01:00:00
2024-07-28,01:15:00 am,0,101.819,23.83,2024-07-28 01:15:00
2024-07-28,01:30:00 am,0,101.802,23.796,2024-07-28 01:30:00
2024-07-28,01:45:00 am,0,101.794,23.761,2024-07-28 01:45:00
2024-07-28,02:00:00 am,0,101.797,23.731,2024-07-28 02:00:00
2024-07-28,02:15:00 am,0,101.795,23.694,2024-07-28 02:15:00
2024-07-28,02:30:00 am,0,101.784,23.655,2024-07-28 02:30:00
2024-07-28,02:45:00 am,0,101.795,23.617,2024-07-28 02:45:00
2024-07-28,03:00:00 am,0,101.796,23.58,2024-07-28 03:00:00
2024-07-28,03:15:00 am,0,101.795,23.546,2024-07-28 03:15:00
2024-07-28,03:30:00 am,0,101.793,23.511,2024-07-28 03:30:00
2024-07-28,03:45:00 am,0,101.804,23.481,2024-07-28 03:45:00
2024-07-28,04:00:00 am,0,101.811,23.455,2024-07-28 04:00:00
2024-07-28,04:15:00 am,0,101.82,23.431,2024-07-28 04:15:00
2024-07-28,04:30:00 am,0,101.836,23.411,2024-07-28 04:30:00
2024-07-28,04:45:00 am,0,101.843,23.389,2024-07-28 04:45:00
2024-07-28,05:00:00 am,0,101.847,23.372,2024-07-28 05:00:00
2024-07-28,05:15:00 am,0,101.858,23.355,2024-07-28 05:15:00
2024-07-28,05:30:00 am,0,101.869,23.341,2024-07-28 05:30:00
2024-07-28,05:45:00 am,0,101.882,23.33,2024-07-28 05:45:00
2024-07-28,06:00:00 am,0,101.904,23.322,2024-07-28 06:00:00
2024-07-28,06:15:00 am,0,101.924,23.317,2024-07-28 06:15:00
2024-07-28,06:30:00 am,0,101.938,23.313,2024-07-28 06:30:00
2024-07-28,06:45:00 am,0,101.944,23.311,2024-07-28 06:45:00
2024-07-28,07:00:00 am,0,101.957,23.316,2024-07-28 07:00:00
2024-07-28,07:15:00 am,0,101.968,23.322,2024-07-28 07:15:00
2024-07-28,07:30:00 am,0,101.981,23.331,2024-07-28 07:30:00
2024-07-28,07:45:00 am,0,101.991,23.342,2024-07-28 07:45:00
2024-07-28,08:00:00 am,0,101.998,23.364,2024-07-28 08:00:00
2024-07-28,08:15:00 am,0,102.007,23.388,2024-07-28 08:15:00
2024-07-28,08:30:00 am,0,102.016,23.407,2024-07-28 08:30:00
2024-07-28,08:45:00 am,0,102.028,23.424,2024-07-28 08:45:00
2024-07-28,09:00:00 am,0,102.04,23.451,2024-07-28 09:00:00
2024-07-28,09:15:00 am,0,102.052,23.515,2024-07-28 09:15:00
2024-07-28,09:30:00 am,0,102.062,23.567,2024-07-28 09:30:00
2024-07-28,09:45:00 am,0,102.068,23.606,2024-07-28 09:45:00
2024-07-28,10:00:00 am,0,102.089,23.746,2024-07-28 10:00:00
2024-07-28,10:15:00 am,0,102.092,23.781,2024-07-28 10:15:00
2024-07-28,10:30:00 am,0,102.095,23.885,2024-07-28 10:30:00
2024-07-28,10:45:00 am,0,102.087,23.926,2024-07-28 10:45:00
2024-07-28,11:00:00 am,0,102.084,24.027,2024-07-28 11:00:00
2024-07-28,11:15:00 am,0,102.075,24.179,2024-07-28 11:15:00
2024-07-28,11:30:00 am,0,102.063,24.313,2024-07-28 11:30:00
2024-07-28,11:45:00 am,0,102.053,24.426,2024-07-28 11:45:00
2024-07-28,12:00:00 pm,0,102.038,24.467,2024-07-28 12:00:00
2024-07-28,12:15:00 pm,0,102.014,24.491,2024-07-28 12:15:00
2024-07-28,12:30:00 pm,0,102.003,24.519,2024-07-28 12:30:00
2024-07-28,12:45:00 pm,0,101.998,24.5,2024-07-28 12:45:00
2024-07-28,01:00:00 pm,0,101.984,24.518,2024-07-28 01:00:00
2024-07-28,01:15:00 pm,0,101.983,24.664,2024-07-28 01:15:00
2024-07-28,01:30:00 pm,0,101.97,24.694,2024-07-28 01:30:00
2024-07-28,01:45:00 pm,0,101.947,24.757,2024-07-28 01:45:00
2024-07-28,02:00:00 pm,0,101.912,24.847,2024-07-28 02:00:00
2024-07-28,02:15:00 pm,0,101.88,24.881,2024-07-28 02:15:00
2024-07-28,02:30:00 pm,0,101.883,24.907,2024-07-28 02:30:00
2024-07-28,02:45:00 pm,0,101.874,24.988,2024-07-28 02:45:00
2024-07-28,03:00:00 pm,0,101.899,25.013,2024-07-28 03:00:00
2024-07-28,03:15:00 pm,0,101.856,24.986,2024-07-28 03:15:00
2024-07-28,03:30:00 pm,0,101.889,24.982,2024-07-28 03:30:00
2024-07-28,03:45:00 pm,0,101.884,25.021,2024-07-28 03:45:00
2024-07-28,04:00:00 pm,0,101.881,25.01,2024-07-28 04:00:00
2024-07-28,04:15:00 pm,0,101.884,24.98,2024-07-28 04:15:00
2024-07-28,04:30:00 pm,0,101.871,24.943,2024-07-28 04:30:00
2024-07-28,04:45:00 pm,0,101.885,24.957,2024-07-28 04:45:00
2024-07-28,05:00:00 pm,0,101.902,24.98,2024-07-28 05:00:00
2024-07-28,05:15:00 pm,0,101.898,24.956,2024-07-28 05:15:00
2024-07-28,05:30:00 pm,0,101.923,24.901,2024-07-28 05:30:00
2024-07-28,05:45:00 pm,0,102.103,24.788,2024-07-28 05:45:00
2024-07-28,06:00:00 pm,0,102.855,24.491,2024-07-28 06:00:00
2024-07-28,06:15:00 pm,0,104.879,24.256,2024-07-28 06:15:00
2024-07-28,06:30:00 pm,0,107.779,24.031,2024-07-28 06:30:00
2024-07-28,06:45:00 pm,0,109.384,23.764,2024-07-28 06:45:00
2024-07-28,07:00:00 pm,0,109.687,23.891,2024-07-28 07:00:00
2024-07-28,07:15:00 pm,0,108.536,23.968,2024-07-28 07:15:00
2024-07-28,07:30:00 pm,0,107.167,23.921,2024-07-28 07:30:00
2024-07-28,07:45:00 pm,0,106.126,23.857,2024-07-28 07:45:00
2024-07-28,08:00:00 pm,0,105.432,23.791,2024-07-28 08:00:00
2024-07-28,08:15:00 pm,0,105.044,23.721,2024-07-28 08:15:00
2024-07-28,08:30:00 pm,0,104.696,23.675,2024-07-28 08:30:00
2024-07-28,08:45:00 pm,0,104.478,23.657,2024-07-28 08:45:00
2024-07-28,09:00:00 pm,0,104.355,23.621,2024-07-28 09:00:00
2024-07-28,09:15:00 pm,0,104.262,23.576,2024-07-28 09:15:00
2024-07-28,09:30:00 pm,0,104.209,23.459,2024-07-28 09:30:00
2024-07-28,09:45:00 pm,0,104.087,23.414,2024-07-28 09:45:00
2024-07-28,10:00:00 pm,0,103.884,23.379,2024-07-28 10:00:00
2024-07-28,10:15:00 pm,0,103.845,23.334,2024-07-28 10:15:00
2024-07-28,10:30:00 pm,0,103.787,23.297,2024-07-28 10:30:00
2024-07-28,10:45:00 pm,0,103.747,23.26,2024-07-28 10:45:00
2024-07-28,11:00:00 pm,0,103.639,23.226,2024-07-28 11:00:00
2024-07-28,11:15:00 pm,0,103.576,23.192,2024-07-28 11:15:00
2024-07-28,11:30:00 pm,0,103.55,23.159,2024-07-28 11:30:00
2024-07-28,11:45:00 pm,0,103.54,23.124,2024-07-28 11:45:00
2024-07-29,12:00:00 am,0,103.446,23.092,2024-07-29 12:00:00
2024-07-29,12:15:00 am,0,103.407,23.061,2024-07-29 12:15:00
2024-07-29,12:30:00 am,0,103.356,23.027,2024-07-29 12:30:00
2024-07-29,12:45:00 am,0,103.324,22.996,2024-07-29 12:45:00
2024-07-29,01:00:00 am,0,103.305,22.973,2024-07-29 01:00:00
2024-07-29,01:15:00 am,0,103.265,22.95,2024-07-29 01:15:00
2024-07-29,01:30:00 am,0,103.234,22.932,2024-07-29 01:30:00
2024-07-29,01:45:00 am,0,103.194,22.914,2024-07-29 01:45:00
2024-07-29,02:00:00 am,0,103.186,22.892,2024-07-29 02:00:00
2024-07-29,02:15:00 am,0,103.143,22.871,2024-07-29 02:15:00
2024-07-29,02:30:00 am,0,103.114,22.855,2024-07-29 02:30:00
2024-07-29,02:45:00 am,0,103.095,22.838,2024-07-29 02:45:00
2024-07-29,03:00:00 am,0,103.079,22.818,2024-07-29 03:00:00
2024-07-29,03:15:00 am,0,103.053,22.801,2024-07-29 03:15:00
2024-07-29,03:30:00 am,0,103.033,22.778,2024-07-29 03:30:00
2024-07-29,03:45:00 am,0,103.004,22.762,2024-07-29 03:45:00
2024-07-29,04:00:00 am,0,102.981,22.741,2024-07-29 04:00:00
2024-07-29,04:15:00 am,0,102.975,22.717,2024-07-29 04:15:00
2024-07-29,04:30:00 am,0,102.968,22.69,2024-07-29 04:30:00
2024-07-29,04:45:00 am,0,102.971,22.665,2024-07-29 04:45:00
2024-07-29,05:00:00 am,0,102.945,22.642,2024-07-29 05:00:00
2024-07-29,05:15:00 am,0,102.935,22.613,2024-07-29 05:15:00
2024-07-29,05:30:00 am,0,102.926,22.592,2024-07-29 05:30:00
2024-07-29,05:45:00 am,0,102.921,22.558,2024-07-29 05:45:00
2024-07-29,06:00:00 am,0,102.914,22.535,2024-07-29 06:00:00
2024-07-29,06:15:00 am,0,102.9,22.508,2024-07-29 06:15:00
2024-07-29,06:30:00 am,0,102.892,22.484,2024-07-29 06:30:00
2024-07-29,06:45:00 am,0,102.895,22.464,2024-07-29 06:45:00
2024-07-29,07:00:00 am,0,102.894,22.451,2024-07-29 07:00:00
2024-07-29,07:15:00 am,0,102.897,22.442,2024-07-29 07:15:00
2024-07-29,07:30:00 am,0,102.892,22.443,2024-07-29 07:30:00
2024-07-29,07:45:00 am,0,102.894,22.45,2024-07-29 07:45:00
2024-07-29,08:00:00 am,0,102.893,22.479,2024-07-29 08:00:00
2024-07-29,08:15:00 am,0,102.901,22.515,2024-07-29 08:15:00
2024-07-29,08:30:00 am,0,102.905,22.56,2024-07-29 08:30:00
2024-07-29,08:45:00 am,0,102.9,22.614,2024-07-29 08:45:00
2024-07-29,09:00:00 am,0,102.898,22.682,2024-07-29 09:00:00
2024-07-29,09:15:00 am,0,102.894,22.754,2024-07-29 09:15:00
2024-07-29,09:30:00 am,0,102.895,22.829,2024-07-29 09:30:00
2024-07-29,09:45:00 am,0,102.805,22.914,2024-07-29 09:45:00
2024-07-29,10:00:00 am,0,102.814,23.018,2024-07-29 10:00:00
2024-07-29,10:15:00 am,0,102.817,23.13,2024-07-29 10:15:00
2024-07-29,10:30:00 am,0,102.822,23.247,2024-07-29 10:30:00
2024-07-29,10:45:00 am,0,102.828,23.375,2024-07-29 10:45:00
2024-07-29,11:00:00 am,0,102.831,23.502,2024-07-29 11:00:00
2024-07-29,11:15:00 am,0,102.84,23.651,2024-07-29 11:15:00
2024-07-29,11:30:00 am,0,102.758,23.818,2024-07-29 11:30:00
2024-07-29,11:45:00 am,0,102.77,23.96,2024-07-29 11:45:00
2024-07-29,12:00:00 pm,0,102.773,24.09,2024-07-29 12:00:00
2024-07-29,12:15:00 pm,0,102.762,24.17,2024-07-29 12:15:00
2024-07-29,12:30:00 pm,0,102.745,24.246,2024-07-29 12:30:00
2024-07-29,12:45:00 pm,0,102.634,24.421,2024-07-29 12:45:00
2024-07-29,01:00:00 pm,0,102.66,24.63,2024-07-29 01:00:00
2024-07-29,01:15:00 pm,0,102.626,24.699,2024-07-29 01:15:00
2024-07-29,01:30:00 pm,0,102.594,24.742,2024-07-29 01:30:00
2024-07-29,01:45:00 pm,0,102.581,24.849,2024-07-29 01:45:00
2024-07-29,02:00:00 pm,0,102.543,24.822,2024-07-29 02:00:00
2024-07-29,02:15:00 pm,0,102.452,24.884,2024-07-29 02:15:00
2024-07-29,02:30:00 pm,0,102.469,25.003,2024-07-29 02:30:00
2024-07-29,02:45:00 pm,0,102.418,24.961,2024-07-29 02:45:00
2024-07-29,03:00:00 pm,0,102.398,24.905,2024-07-29 03:00:00
2024-07-29,03:15:00 pm,0,102.387,24.849,2024-07-29 03:15:00
2024-07-29,03:30:00 pm,0,102.37,24.885,2024-07-29 03:30:00
2024-07-29,03:45:00 pm,0,102.353,24.931,2024-07-29 03:45:00
2024-07-29,04:00:00 pm,0,102.35,24.954,2024-07-29 04:00:00
2024-07-29,04:15:00 pm,0,102.321,24.974,2024-07-29 04:15:00
2024-07-29,04:30:00 pm,0,102.31,24.981,2024-07-29 04:30:00
2024-07-29,04:45:00 pm,0,102.315,24.985,2024-07-29 04:45:00
2024-07-29,05:00:00 pm,0,102.312,25,2024-07-29 05:00:00
2024-07-29,05:15:00 pm,0,102.307,24.968,2024-07-29 05:15:00
2024-07-29,05:30:00 pm,0,102.285,24.944,2024-07-29 05:30:00
2024-07-29,05:45:00 pm,0,102.309,24.916,2024-07-29 05:45:00
2024-07-29,06:00:00 pm,0,102.332,24.953,2024-07-29 06:00:00
2024-07-29,06:15:00 pm,0,102.337,24.867,2024-07-29 06:15:00
2024-07-29,06:30:00 pm,0,102.337,24.838,2024-07-29 06:30:00
2024-07-29,06:45:00 pm,0,102.367,24.811,2024-07-29 06:45:00
2024-07-29,07:00:00 pm,0,102.395,24.746,2024-07-29 07:00:00
2024-07-29,07:15:00 pm,0,102.38,24.703,2024-07-29 07:15:00
2024-07-29,07:30:00 pm,0,102.4,24.654,2024-07-29 07:30:00
2024-07-29,07:45:00 pm,0,102.397,24.577,2024-07-29 07:45:00
2024-07-29,08:00:00 pm,0,102.412,24.516,2024-07-29 08:00:00
2024-07-29,08:15:00 pm,0,102.409,24.47,2024-07-29 08:15:00
2024-07-29,08:30:00 pm,0,102.42,24.432,2024-07-29 08:30:00
2024-07-29,08:45:00 pm,0,102.427,24.381,2024-07-29 08:45:00
2024-07-29,09:00:00 pm,0,102.41,24.346,2024-07-29 09:00:00
2024-07-29,09:15:00 pm,0,102.404,24.279,2024-07-29 09:15:00
2024-07-29,09:30:00 pm,0,102.397,24.196,2024-07-29 09:30:00
2024-07-29,09:45:00 pm,0,102.401,24.136,2024-07-29 09:45:00
2024-07-29,10:00:00 pm,0,102.39,24.077,2024-07-29 10:00:00
2024-07-29,10:15:00 pm,0,102.389,24.026,2024-07-29 10:15:00
2024-07-29,10:30:00 pm,0,102.378,23.98,2024-07-29 10:30:00
2024-07-29,10:45:00 pm,0,102.369,23.937,2024-07-29 10:45:00
2024-07-29,11:00:00 pm,0,102.361,23.899,2024-07-29 11:00:00
2024-07-29,11:15:00 pm,0,102.347,23.859,2024-07-29 11:15:00
2024-07-29,11:30:00 pm,0,102.33,23.817,2024-07-29 11:30:00
2024-07-29,11:45:00 pm,0,102.323,23.778,2024-07-29 11:45:00
2024-07-30,12:00:00 am,0,102.329,23.742,2024-07-30 12:00:00
2024-07-30,12:15:00 am,0,102.321,23.708,2024-07-30 12:15:00
2024-07-30,12:30:00 am,0,102.314,23.671,2024-07-30 12:30:00
2024-07-30,12:45:00 am,0,102.296,23.634,2024-07-30 12:45:00
2024-07-30,01:00:00 am,0,102.285,23.599,2024-07-30 01:00:00
2024-07-30,01:15:00 am,0,102.266,23.568,2024-07-30 01:15:00
2024-07-30,01:30:00 am,0,102.243,23.535,2024-07-30 01:30:00
2024-07-30,01:45:00 am,0,102.23,23.506,2024-07-30 01:45:00
2024-07-30,02:00:00 am,0,102.205,23.473,2024-07-30 02:00:00
2024-07-30,02:15:00 am,0,102.188,23.44,2024-07-30 02:15:00
2024-07-30,02:30:00 am,0,102.175,23.414,2024-07-30 02:30:00
2024-07-30,02:45:00 am,0,102.155,23.378,2024-07-30 02:45:00
2024-07-30,03:00:00 am,0,102.148,23.347,2024-07-30 03:00:00
2024-07-30,03:15:00 am,0,102.135,23.316,2024-07-30 03:15:00
2024-07-30,03:30:00 am,0,102.131,23.288,2024-07-30 03:30:00
2024-07-30,03:45:00 am,0,102.126,23.261,2024-07-30 03:45:00
2024-07-30,04:00:00 am,0,102.14,23.235,2024-07-30 04:00:00
2024-07-30,04:15:00 am,0,102.14,23.213,2024-07-30 04:15:00
2024-07-30,04:30:00 am,0,102.163,23.19,2024-07-30 04:30:00
2024-07-30,04:45:00 am,0,102.177,23.161,2024-07-30 04:45:00
2024-07-30,05:00:00 am,0,102.198,23.138,2024-07-30 05:00:00
2024-07-30,05:15:00 am,0,102.205,23.116,2024-07-30 05:15:00
2024-07-30,05:30:00 am,0,102.202,23.093,2024-07-30 05:30:00
2024-07-30,05:45:00 am,0,102.204,23.077,2024-07-30 05:45:00
2024-07-30,06:00:00 am,0,102.215,23.051,2024-07-30 06:00:00
2024-07-30,06:15:00 am,0,102.232,23.029,2024-07-30 06:15:00
2024-07-30,06:30:00 am,0,102.242,23.009,2024-07-30 06:30:00
2024-07-30,06:45:00 am,0,102.252,22.994,2024-07-30 06:45:00
2024-07-30,07:00:00 am,0,102.264,22.984,2024-07-30 07:00:00
2024-07-30,07:15:00 am,0,102.269,22.978,2024-07-30 07:15:00
2024-07-30,07:30:00 am,0,102.279,22.976,2024-07-30 07:30:00
2024-07-30,07:45:00 am,0,102.293,22.982,2024-07-30 07:45:00
2024-07-30,08:00:00 am,0,102.31,23.004,2024-07-30 08:00:00
2024-07-30,08:15:00 am,0,102.33,23.031,2024-07-30 08:15:00
2024-07-30,08:30:00 am,0,102.338,23.066,2024-07-30 08:30:00
2024-07-30,08:45:00 am,0,102.352,23.105,2024-07-30 08:45:00
2024-07-30,09:00:00 am,0,102.367,23.159,2024-07-30 09:00:00
2024-07-30,09:15:00 am,0,102.38,23.223,2024-07-30 09:15:00
2024-07-30,09:30:00 am,0,102.393,23.297,2024-07-30 09:30:00
2024-07-30,09:45:00 am,0,102.404,23.378,2024-07-30 09:45:00
2024-07-30,10:00:00 am,0,102.421,23.472,2024-07-30 10:00:00
2024-07-30,10:15:00 am,0,102.425,23.567,2024-07-30 10:15:00
2024-07-30,10:30:00 am,0,102.427,23.674,2024-07-30 10:30:00
2024-07-30,10:45:00 am,0,102.423,23.786,2024-07-30 10:45:00
2024-07-30,11:00:00 am,0,102.427,23.903,2024-07-30 11:00:00
2024-07-30,11:15:00 am,0,102.422,24.028,2024-07-30 11:15:00
2024-07-30,11:30:00 am,0,102.42,24.16,2024-07-30 11:30:00
2024-07-30,11:45:00 am,0,102.404,24.321,2024-07-30 11:45:00
2024-07-30,12:00:00 pm,0,102.394,24.484,2024-07-30 12:00:00
2024-07-30,12:15:00 pm,0,102.379,24.637,2024-07-30 12:15:00
2024-07-30,12:30:00 pm,0,102.37,24.8,2024-07-30 12:30:00
2024-07-30,12:45:00 pm,0,102.349,24.918,2024-07-30 12:45:00
2024-07-30,01:00:00 pm,0,102.319,25.05,2024-07-30 01:00:00
2024-07-30,01:15:00 pm,0,102.281,25.197,2024-07-30 01:15:00
2024-07-30,01:30:00 pm,0,102.268,25.387,2024-07-30 01:30:00
2024-07-30,01:45:00 pm,0,102.249,25.562,2024-07-30 01:45:00
2024-07-30,02:00:00 pm,0,102.225,25.626,2024-07-30 02:00:00
2024-07-30,02:15:00 pm,0,102.211,25.739,2024-07-30 02:15:00
2024-07-30,02:30:00 pm,0,102.2,25.804,2024-07-30 02:30:00
2024-07-30,02:45:00 pm,0,102.175,25.784,2024-07-30 02:45:00
2024-07-30,03:00:00 pm,0,102.162,25.803,2024-07-30 03:00:00
2024-07-30,03:15:00 pm,0,102.149,25.862,2024-07-30 03:15:00
2024-07-30,03:30:00 pm,0,102.135,25.905,2024-07-30 03:30:00
2024-07-30,03:45:00 pm,0,102.107,25.886,2024-07-30 03:45:00
2024-07-30,04:00:00 pm,0,102.091,25.856,2024-07-30 04:00:00
2024-07-30,04:15:00 pm,0,102.084,25.85,2024-07-30 04:15:00
2024-07-30,04:30:00 pm,0,102.08,25.852,2024-07-30 04:30:00
2024-07-30,04:45:00 pm,0,102.065,25.829,2024-07-30 04:45:00
2024-07-30,05:00:00 pm,0,102.051,25.813,2024-07-30 05:00:00
2024-07-30,05:15:00 pm,0,102.031,25.776,2024-07-30 05:15:00
2024-07-30,05:30:00 pm,0,102.032,25.75,2024-07-30 05:30:00
2024-07-30,05:45:00 pm,0,102.026,25.709,2024-07-30 05:45:00
2024-07-30,06:00:00 pm,0,102.019,25.67,2024-07-30 06:00:00
2024-07-30,06:15:00 pm,0,102.01,25.621,2024-07-30 06:15:00
2024-07-30,06:30:00 pm,0,102.001,25.572,2024-07-30 06:30:00
2024-07-30,06:45:00 pm,0,101.982,25.517,2024-07-30 06:45:00
2024-07-30,07:00:00 pm,0,101.978,25.461,2024-07-30 07:00:00
2024-07-30,07:15:00 pm,0,101.976,25.404,2024-07-30 07:15:00
2024-07-30,07:30:00 pm,0,101.986,25.346,2024-07-30 07:30:00
2024-07-30,07:45:00 pm,0,101.992,25.29,2024-07-30 07:45:00
2024-07-30,08:00:00 pm,0,101.99,25.234,2024-07-30 08:00:00
2024-07-30,08:15:00 pm,0,101.995,25.174,2024-07-30 08:15:00
2024-07-30,08:30:00 pm,0,101.997,25.118,2024-07-30 08:30:00
2024-07-30,08:45:00 pm,0,101.998,25.067,2024-07-30 08:45:00
2024-07-30,09:00:00 pm,0,102.003,25.018,2024-07-30 09:00:00
2024-07-30,09:15:00 pm,0,102.011,24.968,2024-07-30 09:15:00
2024-07-30,09:30:00 pm,0,102.034,24.922,2024-07-30 09:30:00
2024-07-30,09:45:00 pm,0,102.043,24.878,2024-07-30 09:45:00
2024-07-30,10:00:00 pm,0,102.042,24.831,2024-07-30 10:00:00
2024-07-30,10:15:00 pm,0,102.031,24.785,2024-07-30 10:15:00
2024-07-30,10:30:00 pm,0,102.016,24.739,2024-07-30 10:30:00
2024-07-30,10:45:00 pm,0,102.021,24.693,2024-07-30 10:45:00
2024-07-30,11:00:00 pm,0,102.024,24.651,2024-07-30 11:00:00
2024-07-30,11:15:00 pm,0,102.025,24.61,2024-07-30 11:15:00
2024-07-30,11:30:00 pm,0,102.03,24.569,2024-07-30 11:30:00
2024-07-30,11:45:00 pm,0,102.04,24.528,2024-07-30 11:45:00
2024-07-31,12:00:00 am,0,102.05,24.488,2024-07-31 12:00:00
2024-07-31,12:15:00 am,0,102.037,24.452,2024-07-31 12:15:00
2024-07-31,12:30:00 am,0,102.032,24.414,2024-07-31 12:30:00
2024-07-31,12:45:00 am,0,102.018,24.376,2024-07-31 12:45:00
2024-07-31,01:00:00 am,0,102.012,24.338,2024-07-31 01:00:00
2024-07-31,01:15:00 am,0,102.001,24.304,2024-07-31 01:15:00
2024-07-31,01:30:00 am,0,102.008,24.268,2024-07-31 01:30:00
2024-07-31,01:45:00 am,0,102.016,24.233,2024-07-31 01:45:00
2024-07-31,02:00:00 am,0,102.015,24.201,2024-07-31 02:00:00
2024-07-31,02:15:00 am,0,102.007,24.169,2024-07-31 02:15:00
2024-07-31,02:30:00 am,0,102.006,24.136,2024-07-31 02:30:00
2024-07-31,02:45:00 am,0,102,24.104,2024-07-31 02:45:00
2024-07-31,03:00:00 am,0,101.998,24.073,2024-07-31 03:00:00
2024-07-31,03:15:00 am,0,101.979,24.043,2024-07-31 03:15:00
2024-07-31,03:30:00 am,0,101.971,24.013,2024-07-31 03:30:00
2024-07-31,03:45:00 am,0,101.961,23.985,2024-07-31 03:45:00
2024-07-31,04:00:00 am,0,101.966,23.962,2024-07-31 04:00:00
2024-07-31,04:15:00 am,0,101.972,23.936,2024-07-31 04:15:00
2024-07-31,04:30:00 am,0,101.982,23.91,2024-07-31 04:30:00
2024-07-31,04:45:00 am,0,101.986,23.885,2024-07-31 04:45:00
2024-07-31,05:00:00 am,0,101.984,23.852,2024-07-31 05:00:00
2024-07-31,05:15:00 am,0,101.981,23.823,2024-07-31 05:15:00
2024-07-31,05:30:00 am,0,101.996,23.793,2024-07-31 05:30:00
2024-07-31,05:45:00 am,0,101.998,23.765,2024-07-31 05:45:00
2024-07-31,06:00:00 am,0,102.019,23.738,2024-07-31 06:00:00
2024-07-31,06:15:00 am,0,102.034,23.711,2024-07-31 06:15:00
2024-07-31,06:30:00 am,0,102.052,23.687,2024-07-31 06:30:00
2024-07-31,06:45:00 am,0,102.073,23.666,2024-07-31 06:45:00
2024-07-31,07:00:00 am,0,102.089,23.647,2024-07-31 07:00:00
2024-07-31,07:15:00 am,0,102.098,23.639,2024-07-31 07:15:00
2024-07-31,07:30:00 am,0,102.1,23.637,2024-07-31 07:30:00
2024-07-31,07:45:00 am,0,102.106,23.649,2024-07-31 07:45:00
2024-07-31,08:00:00 am,0,102.112,23.667,2024-07-31 08:00:00
2024-07-31,08:15:00 am,0,102.119,23.7,2024-07-31 08:15:00
2024-07-31,08:30:00 am,0,102.128,23.74,2024-07-31 08:30:00
2024-07-31,08:45:00 am,0,102.141,23.8,2024-07-31 08:45:00
2024-07-31,09:00:00 am,0,102.161,23.862,2024-07-31 09:00:00
2024-07-31,09:15:00 am,0,102.18,23.925,2024-07-31 09:15:00
2024-07-31,09:30:00 am,0,102.199,23.981,2024-07-31 09:30:00
2024-07-31,09:45:00 am,0,102.215,24.057,2024-07-31 09:45:00
2024-07-31,10:00:00 am,0,102.233,24.137,2024-07-31 10:00:00
2024-07-31,10:15:00 am,0,102.256,24.243,2024-07-31 10:15:00
2024-07-31,10:30:00 am,0,102.275,24.354,2024-07-31 10:30:00
2024-07-31,10:45:00 am,0,102.293,24.483,2024-07-31 10:45:00
2024-07-31,11:00:00 am,0,102.305,24.612,2024-07-31 11:00:00
2024-07-31,11:15:00 am,0,102.299,24.734,2024-07-31 11:15:00
2024-07-31,11:30:00 am,0,102.297,24.853,2024-07-31 11:30:00
2024-07-31,11:45:00 am,0,102.295,25.003,2024-07-31 11:45:00
2024-07-31,12:00:00 pm,0,102.288,25.159,2024-07-31 12:00:00
2024-07-31,12:15:00 pm,0,102.267,25.265,2024-07-31 12:15:00
2024-07-31,12:30:00 pm,0,102.26,25.314,2024-07-31 12:30:00
2024-07-31,12:45:00 pm,0,102.252,25.344,2024-07-31 12:45:00
2024-07-31,01:00:00 pm,0,102.234,25.481,2024-07-31 01:00:00
2024-07-31,01:15:00 pm,0,102.219,25.664,2024-07-31 01:15:00
2024-07-31,01:30:00 pm,0,102.197,25.855,2024-07-31 01:30:00
2024-07-31,01:45:00 pm,0,102.197,26.067,2024-07-31 01:45:00
2024-07-31,02:00:00 pm,0,102.204,26.274,2024-07-31 02:00:00
2024-07-31,02:15:00 pm,0,102.198,26.454,2024-07-31 02:15:00
2024-07-31,02:30:00 pm,0,102.187,26.589,2024-07-31 02:30:00
2024-07-31,02:45:00 pm,0,102.163,26.55,2024-07-31 02:45:00
2024-07-31,03:00:00 pm,0,102.128,26.455,2024-07-31 03:00:00
2024-07-31,03:15:00 pm,0,102.104,26.329,2024-07-31 03:15:00
2024-07-31,03:30:00 pm,0,102.079,26.214,2024-07-31 03:30:00
2024-07-31,03:45:00 pm,0,102.059,26.188,2024-07-31 03:45:00
2024-07-31,04:00:00 pm,0,102.048,26.224,2024-07-31 04:00:00
2024-07-31,04:15:00 pm,0,102.034,26.256,2024-07-31 04:15:00
2024-07-31,04:30:00 pm,0,102.031,26.198,2024-07-31 04:30:00
2024-07-31,04:45:00 pm,0,102.012,26.141,2024-07-31 04:45:00
2024-07-31,05:00:00 pm,0,101.998,26.078,2024-07-31 05:00:00
2024-07-31,05:15:00 pm,0,101.986,26.034,2024-07-31 05:15:00
2024-07-31,05:30:00 pm,0,101.983,25.999,2024-07-31 05:30:00
2024-07-31,05:45:00 pm,0,101.994,25.963,2024-07-31 05:45:00
2024-07-31,06:00:00 pm,0,101.997,25.919,2024-07-31 06:00:00
2024-07-31,06:15:00 pm,0,101.99,25.872,2024-07-31 06:15:00
2024-07-31,06:30:00 pm,0,101.975,25.828,2024-07-31 06:30:00
2024-07-31,06:45:00 pm,0,101.976,25.779,2024-07-31 06:45:00
2024-07-31,07:00:00 pm,0,101.998,25.723,2024-07-31 07:00:00
2024-07-31,07:15:00 pm,0,101.993,25.666,2024-07-31 07:15:00
2024-07-31,07:30:00 pm,0,101.999,25.612,2024-07-31 07:30:00
2024-07-31,07:45:00 pm,0,102.001,25.557,2024-07-31 07:45:00
2024-07-31,08:00:00 pm,0,101.995,25.5,2024-07-31 08:00:00
2024-07-31,08:15:00 pm,0,102.014,25.448,2024-07-31 08:15:00
2024-07-31,08:30:00 pm,0,102.035,25.395,2024-07-31 08:30:00
2024-07-31,08:45:00 pm,0,102.027,25.346,2024-07-31 08:45:00
2024-07-31,09:00:00 pm,0,102.039,25.297,2024-07-31 09:00:00
2024-07-31,09:15:00 pm,0,102.044,25.248,2024-07-31 09:15:00
2024-07-31,09:30:00 pm,0,102.043,25.204,2024-07-31 09:30:00
2024-07-31,09:45:00 pm,0,102.049,25.156,2024-07-31 09:45:00
2024-07-31,10:00:00 pm,0,102.047,25.111,2024-07-31 10:00:00
2024-07-31,10:15:00 pm,0,102.045,25.064,2024-07-31 10:15:00
2024-07-31,10:30:00 pm,0,102.041,25.021,2024-07-31 10:30:00
2024-07-31,10:45:00 pm,0,102.034,24.976,2024-07-31 10:45:00
2024-07-31,11:00:00 pm,0,102.037,24.934,2024-07-31 11:00:00
2024-07-31,11:15:00 pm,0,102.039,24.894,2024-07-31 11:15:00
2024-07-31,11:30:00 pm,0,102.043,24.852,2024-07-31 11:30:00
2024-07-31,11:45:00 pm,0,102.04,24.809,2024-07-31 11:45:00
2024-08-01,12:00:00 am,0,102.041,24.768,2024-08-01 12:00:00
2024-08-01,12:15:00 am,0,102.042,24.728,2024-08-01 12:15:00
2024-08-01,12:30:00 am,0,102.034,24.684,2024-08-01 12:30:00
2024-08-01,12:45:00 am,0,102.03,24.643,2024-08-01 12:45:00
2024-08-01,01:00:00 am,0,102.016,24.604,2024-08-01 01:00:00
2024-08-01,01:15:00 am,0,102.004,24.564,2024-08-01 01:15:00
2024-08-01,01:30:00 am,0,101.991,24.524,2024-08-01 01:30:00
2024-08-01,01:45:00 am,0,101.975,24.487,2024-08-01 01:45:00
2024-08-01,02:00:00 am,0,101.96,24.447,2024-08-01 02:00:00
2024-08-01,02:15:00 am,0,101.955,24.41,2024-08-01 02:15:00
2024-08-01,02:30:00 am,0,101.952,24.372,2024-08-01 02:30:00
2024-08-01,02:45:00 am,0,101.944,24.336,2024-08-01 02:45:00
2024-08-01,03:00:00 am,0,101.942,24.297,2024-08-01 03:00:00
2024-08-01,03:15:00 am,0,101.939,24.262,2024-08-01 03:15:00
2024-08-01,03:30:00 am,0,101.944,24.225,2024-08-01 03:30:00
2024-08-01,03:45:00 am,0,101.942,24.192,2024-08-01 03:45:00
2024-08-01,04:00:00 am,0,101.944,24.159,2024-08-01 04:00:00
2024-08-01,04:15:00 am,0,101.957,24.126,2024-08-01 04:15:00
2024-08-01,04:30:00 am,0,101.972,24.093,2024-08-01 04:30:00
2024-08-01,04:45:00 am,0,101.999,24.059,2024-08-01 04:45:00
2024-08-01,05:00:00 am,0,102.019,24.028,2024-08-01 05:00:00
2024-08-01,05:15:00 am,0,102.041,23.998,2024-08-01 05:15:00
2024-08-01,05:30:00 am,0,102.046,23.967,2024-08-01 05:30:00
2024-08-01,05:45:00 am,0,102.044,23.937,2024-08-01 05:45:00
2024-08-01,06:00:00 am,0,102.059,23.906,2024-08-01 06:00:00
2024-08-01,06:15:00 am,0,102.061,23.875,2024-08-01 06:15:00
2024-08-01,06:30:00 am,0,102.081,23.853,2024-08-01 06:30:00
2024-08-01,06:45:00 am,0,102.095,23.83,2024-08-01 06:45:00
2024-08-01,07:00:00 am,0,102.134,23.818,2024-08-01 07:00:00
2024-08-01,07:15:00 am,0,102.158,23.811,2024-08-01 07:15:00
2024-08-01,07:30:00 am,0,102.179,23.811,2024-08-01 07:30:00
2024-08-01,07:45:00 am,0,102.202,23.818,2024-08-01 07:45:00
2024-08-01,08:00:00 am,0,102.217,23.835,2024-08-01 08:00:00
2024-08-01,08:15:00 am,0,102.222,23.869,2024-08-01 08:15:00
2024-08-01,08:30:00 am,0,102.227,23.911,2024-08-01 08:30:00
2024-08-01,08:45:00 am,0,102.245,23.973,2024-08-01 08:45:00
2024-08-01,09:00:00 am,0,102.261,24.053,2024-08-01 09:00:00
2024-08-01,09:15:00 am,0,102.277,24.144,2024-08-01 09:15:00
2024-08-01,09:30:00 am,0,102.296,24.253,2024-08-01 09:30:00
2024-08-01,09:45:00 am,0,102.305,24.341,2024-08-01 09:45:00
2024-08-01,10:00:00 am,0,102.316,24.425,2024-08-01 10:00:00
2024-08-01,10:15:00 am,0,102.331,24.524,2024-08-01 10:15:00
2024-08-01,10:30:00 am,0,102.351,24.647,2024-08-01 10:30:00
2024-08-01,10:45:00 am,0,102.357,24.714,2024-08-01 10:45:00
2024-08-01,11:00:00 am,0,102.363,24.857,2024-08-01 11:00:00
2024-08-01,11:15:00 am,0,102.364,25.015,2024-08-01 11:15:00
2024-08-01,11:30:00 am,0,102.349,25.175,2024-08-01 11:30:00
2024-08-01,11:45:00 am,0,102.347,25.336,2024-08-01 11:45:00
2024-08-01,12:00:00 pm,0,102.34,25.491,2024-08-01 12:00:00
2024-08-01,12:15:00 pm,0,102.324,25.654,2024-08-01 12:15:00
2024-08-01,12:30:00 pm,0,102.33,25.786,2024-08-01 12:30:00
2024-08-01,12:45:00 pm,0,102.323,25.921,2024-08-01 12:45:00
2024-08-01,01:00:00 pm,0,102.297,26.046,2024-08-01 01:00:00
2024-08-01,01:15:00 pm,0,102.305,26.21,2024-08-01 01:15:00
2024-08-01,01:30:00 pm,0,102.276,26.349,2024-08-01 01:30:00
2024-08-01,01:45:00 pm,0,102.259,26.529,2024-08-01 01:45:00
2024-08-01,02:00:00 pm,0,102.252,26.669,2024-08-01 02:00:00
2024-08-01,02:15:00 pm,0,102.23,26.844,2024-08-01 02:15:00
2024-08-01,02:30:00 pm,0,102.216,26.956,2024-08-01 02:30:00
2024-08-01,02:45:00 pm,0,102.189,26.997,2024-08-01 02:45:00
2024-08-01,03:00:00 pm,0,102.153,26.981,2024-08-01 03:00:00
2024-08-01,03:15:00 pm,0,102.127,26.98,2024-08-01 03:15:00
2024-08-01,03:30:00 pm,0,102.105,26.958,2024-08-01 03:30:00
2024-08-01,03:45:00 pm,0,102.097,26.928,2024-08-01 03:45:00
2024-08-01,04:00:00 pm,0,102.102,26.908,2024-08-01 04:00:00
2024-08-01,04:15:00 pm,0,102.106,26.899,2024-08-01 04:15:00
2024-08-01,04:30:00 pm,0,102.106,26.855,2024-08-01 04:30:00
2024-08-01,04:45:00 pm,0,102.097,26.787,2024-08-01 04:45:00
2024-08-01,05:00:00 pm,0,102.073,26.714,2024-08-01 05:00:00
2024-08-01,05:15:00 pm,0,102.059,26.646,2024-08-01 05:15:00
2024-08-01,05:30:00 pm,0,102.024,26.595,2024-08-01 05:30:00
2024-08-01,05:45:00 pm,0,102.017,26.546,2024-08-01 05:45:00
2024-08-01,06:00:00 pm,0,101.99,26.496,2024-08-01 06:00:00
2024-08-01,06:15:00 pm,0,101.973,26.433,2024-08-01 06:15:00
2024-08-01,06:30:00 pm,0,101.961,26.364,2024-08-01 06:30:00
2024-08-01,06:45:00 pm,0,101.95,26.292,2024-08-01 06:45:00
2024-08-01,07:00:00 pm,0,101.951,26.217,2024-08-01 07:00:00
2024-08-01,07:15:00 pm,0,101.953,26.141,2024-08-01 07:15:00
2024-08-01,07:30:00 pm,0,101.964,26.062,2024-08-01 07:30:00
2024-08-01,07:45:00 pm,0,101.967,25.98,2024-08-01 07:45:00
2024-08-01,08:00:00 pm,0,101.965,25.893,2024-08-01 08:00:00
2024-08-01,08:15:00 pm,0,101.969,25.806,2024-08-01 08:15:00
2024-08-01,08:30:00 pm,0,101.969,25.723,2024-08-01 08:30:00
2024-08-01,08:45:00 pm,0,101.969,25.641,2024-08-01 08:45:00
2024-08-01,09:00:00 pm,0,101.978,25.56,2024-08-01 09:00:00
2024-08-01,09:15:00 pm,0,101.975,25.486,2024-08-01 09:15:00
2024-08-01,09:30:00 pm,0,101.982,25.416,2024-08-01 09:30:00
2024-08-01,09:45:00 pm,0,101.982,25.347,2024-08-01 09:45:00
2024-08-01,10:00:00 pm,0,101.989,25.271,2024-08-01 10:00:00
2024-08-01,10:15:00 pm,0,101.981,25.199,2024-08-01 10:15:00
2024-08-01,10:30:00 pm,0,101.971,25.126,2024-08-01 10:30:00
2024-08-01,10:45:00 pm,0,101.966,25.053,2024-08-01 10:45:00
2024-08-01,11:00:00 pm,0,101.956,24.983,2024-08-01 11:00:00
2024-08-01,11:15:00 pm,0,101.944,24.915,2024-08-01 11:15:00
2024-08-01,11:30:00 pm,0,101.935,24.845,2024-08-01 11:30:00
2024-08-01,11:45:00 pm,0,101.927,24.776,2024-08-01 11:45:00
2024-08-02,12:00:00 am,0,101.92,24.71,2024-08-02 12:00:00
2024-08-02,12:15:00 am,0,101.926,24.645,2024-08-02 12:15:00
2024-08-02,12:30:00 am,0,101.915,24.577,2024-08-02 12:30:00
2024-08-02,12:45:00 am,0,101.897,24.515,2024-08-02 12:45:00
2024-08-02,01:00:00 am,0,101.897,24.455,2024-08-02 01:00:00
2024-08-02,01:15:00 am,0,101.881,24.388,2024-08-02 01:15:00
2024-08-02,01:30:00 am,0,101.874,24.325,2024-08-02 01:30:00
2024-08-02,01:45:00 am,0,101.854,24.259,2024-08-02 01:45:00
2024-08-02,02:00:00 am,0,101.853,24.197,2024-08-02 02:00:00
2024-08-02,02:15:00 am,0,101.837,24.136,2024-08-02 02:15:00
2024-08-02,02:30:00 am,0,101.821,24.074,2024-08-02 02:30:00
2024-08-02,02:45:00 am,0,101.822,24.012,2024-08-02 02:45:00
2024-08-02,03:00:00 am,0,101.819,23.949,2024-08-02 03:00:00
2024-08-02,03:15:00 am,0,101.816,23.883,2024-08-02 03:15:00
2024-08-02,03:30:00 am,0,101.815,23.822,2024-08-02 03:30:00
2024-08-02,03:45:00 am,0,101.816,23.764,2024-08-02 03:45:00
2024-08-02,04:00:00 am,0,101.814,23.704,2024-08-02 04:00:00
2024-08-02,04:15:00 am,0,101.826,23.639,2024-08-02 04:15:00
2024-08-02,04:30:00 am,0,101.835,23.578,2024-08-02 04:30:00
2024-08-02,04:45:00 am,0,101.832,23.518,2024-08-02 04:45:00
2024-08-02,05:00:00 am,0,101.841,23.454,2024-08-02 05:00:00
2024-08-02,05:15:00 am,0,101.854,23.388,2024-08-02 05:15:00
2024-08-02,05:30:00 am,0,101.858,23.325,2024-08-02 05:30:00
2024-08-02,05:45:00 am,0,101.883,23.267,2024-08-02 05:45:00
2024-08-02,06:00:00 am,0,101.897,23.206,2024-08-02 06:00:00
2024-08-02,06:15:00 am,0,101.905,23.149,2024-08-02 06:15:00
2024-08-02,06:30:00 am,0,101.913,23.099,2024-08-02 06:30:00
2024-08-02,06:45:00 am,0,101.911,23.047,2024-08-02 06:45:00
2024-08-02,07:00:00 am,0,101.91,23,2024-08-02 07:00:00
2024-08-02,07:15:00 am,0,101.929,22.974,2024-08-02 07:15:00
2024-08-02,07:30:00 am,0,101.934,22.967,2024-08-02 07:30:00
2024-08-02,07:45:00 am,0,101.932,22.976,2024-08-02 07:45:00
2024-08-02,08:00:00 am,0,101.937,23.003,2024-08-02 08:00:00
2024-08-02,08:15:00 am,0,101.946,23.044,2024-08-02 08:15:00
2024-08-02,08:30:00 am,0,101.95,23.104,2024-08-02 08:30:00
2024-08-02,08:45:00 am,0,101.956,23.178,2024-08-02 08:45:00
2024-08-02,09:00:00 am,0,101.969,23.274,2024-08-02 09:00:00
2024-08-02,09:15:00 am,0,101.99,23.389,2024-08-02 09:15:00
2024-08-02,09:30:00 am,0,101.998,23.498,2024-08-02 09:30:00
2024-08-02,09:45:00 am,0,102.003,23.614,2024-08-02 09:45:00
2024-08-02,10:00:00 am,0,102.014,23.721,2024-08-02 10:00:00
2024-08-02,10:15:00 am,0,102.016,23.842,2024-08-02 10:15:00
2024-08-02,10:30:00 am,0,102.013,23.983,2024-08-02 10:30:00
2024-08-02,10:45:00 am,0,102.008,24.126,2024-08-02 10:45:00
2024-08-02,11:00:00 am,0,102.011,24.276,2024-08-02 11:00:00
2024-08-02,11:15:00 am,0,102.006,24.418,2024-08-02 11:15:00
2024-08-02,11:30:00 am,0,101.998,24.591,2024-08-02 11:30:00
2024-08-02,11:45:00 am,0,101.982,24.779,2024-08-02 11:45:00
2024-08-02,12:00:00 pm,0,101.964,24.973,2024-08-02 12:00:00
2024-08-02,12:15:00 pm,0,101.936,25.157,2024-08-02 12:15:00
2024-08-02,12:30:00 pm,0,101.911,25.296,2024-08-02 12:30:00
2024-08-02,12:45:00 pm,0,101.864,25.422,2024-08-02 12:45:00
2024-08-02,01:00:00 pm,0,101.843,25.562,2024-08-02 01:00:00
2024-08-02,01:15:00 pm,0,101.82,25.732,2024-08-02 01:15:00
2024-08-02,01:30:00 pm,0,101.812,25.924,2024-08-02 01:30:00
2024-08-02,01:45:00 pm,0,101.807,26.104,2024-08-02 01:45:00
2024-08-02,02:00:00 pm,0,101.786,26.236,2024-08-02 02:00:00
2024-08-02,02:15:00 pm,0,101.78,26.401,2024-08-02 02:15:00
2024-08-02,02:30:00 pm,0,101.744,26.486,2024-08-02 02:30:00
2024-08-02,02:45:00 pm,0,101.722,26.572,2024-08-02 02:45:00
2024-08-02,03:00:00 pm,0,101.692,26.616,2024-08-02 03:00:00
2024-08-02,03:15:00 pm,0,101.685,26.651,2024-08-02 03:15:00
2024-08-02,03:30:00 pm,0,101.676,26.65,2024-08-02 03:30:00
2024-08-02,03:45:00 pm,0,101.668,26.627,2024-08-02 03:45:00
2024-08-02,04:00:00 pm,0,101.658,26.598,2024-08-02 04:00:00
2024-08-02,04:15:00 pm,0,101.609,26.573,2024-08-02 04:15:00
2024-08-02,04:30:00 pm,0,101.594,26.505,2024-08-02 04:30:00
2024-08-02,04:45:00 pm,0,101.574,26.456,2024-08-02 04:45:00
2024-08-02,05:00:00 pm,0,101.533,26.355,2024-08-02 05:00:00
2024-08-02,05:15:00 pm,0,101.505,26.272,2024-08-02 05:15:00
2024-08-02,05:30:00 pm,0,101.504,26.244,2024-08-02 05:30:00
2024-08-02,05:45:00 pm,0,101.53,26.19,2024-08-02 05:45:00
2024-08-02,06:00:00 pm,0,101.545,26.118,2024-08-02 06:00:00
2024-08-02,06:15:00 pm,0,101.564,26.047,2024-08-02 06:15:00
2024-08-02,06:30:00 pm,0,101.723,25.965,2024-08-02 06:30:00
2024-08-02,06:45:00 pm,0,101.641,25.738,2024-08-02 06:45:00
2024-08-02,07:00:00 pm,0,101.534,25.501,2024-08-02 07:00:00
2024-08-02,07:15:00 pm,0,101.596,25.281,2024-08-02 07:15:00
2024-08-02,07:30:00 pm,0,101.69,25.082,2024-08-02 07:30:00
2024-08-02,07:45:00 pm,0,101.638,24.913,2024-08-02 07:45:00
2024-08-02,08:00:00 pm,0,101.595,24.786,2024-08-02 08:00:00
2024-08-02,08:15:00 pm,0,101.584,24.687,2024-08-02 08:15:00
2024-08-02,08:30:00 pm,0,101.634,24.607,2024-08-02 08:30:00
2024-08-02,08:45:00 pm,0,101.606,24.543,2024-08-02 08:45:00
2024-08-02,09:00:00 pm,0,101.577,24.486,2024-08-02 09:00:00
2024-08-02,09:15:00 pm,0,101.576,24.433,2024-08-02 09:15:00
2024-08-02,09:30:00 pm,0,101.558,24.37,2024-08-02 09:30:00
2024-08-02,09:45:00 pm,0,101.528,24.297,2024-08-02 09:45:00
2024-08-02,10:00:00 pm,0,101.552,24.222,2024-08-02 10:00:00
2024-08-02,10:15:00 pm,0,101.574,24.145,2024-08-02 10:15:00
2024-08-02,10:30:00 pm,0,101.582,24.083,2024-08-02 10:30:00
2024-08-02,10:45:00 pm,0,101.58,24.017,2024-08-02 10:45:00
2024-08-02,11:00:00 pm,0,101.566,23.945,2024-08-02 11:00:00
2024-08-02,11:15:00 pm,0,101.575,23.894,2024-08-02 11:15:00
2024-08-02,11:30:00 pm,0,101.555,23.849,2024-08-02 11:30:00
2024-08-02,11:45:00 pm,0,101.558,23.811,2024-08-02 11:45:00
2024-08-03,12:00:00 am,0,101.56,23.778,2024-08-03 12:00:00
2024-08-03,12:15:00 am,0,101.555,23.744,2024-08-03 12:15:00
2024-08-03,12:30:00 am,0,101.549,23.71,2024-08-03 12:30:00
2024-08-03,12:45:00 am,0,101.546,23.683,2024-08-03 12:45:00
2024-08-03,01:00:00 am,0,101.537,23.649,2024-08-03 01:00:00
2024-08-03,01:15:00 am,0,101.519,23.622,2024-08-03 01:15:00
2024-08-03,01:30:00 am,0,101.51,23.591,2024-08-03 01:30:00
2024-08-03,01:45:00 am,0,101.502,23.571,2024-08-03 01:45:00
2024-08-03,02:00:00 am,0,101.501,23.549,2024-08-03 02:00:00
2024-08-03,02:15:00 am,0,101.494,23.525,2024-08-03 02:15:00
2024-08-03,02:30:00 am,0,101.493,23.499,2024-08-03 02:30:00
2024-08-03,02:45:00 am,0,101.485,23.47,2024-08-03 02:45:00
2024-08-03,03:00:00 am,0,101.476,23.434,2024-08-03 03:00:00
2024-08-03,03:15:00 am,0,101.463,23.399,2024-08-03 03:15:00
2024-08-03,03:30:00 am,0,101.459,23.365,2024-08-03 03:30:00
2024-08-03,03:45:00 am,0,101.454,23.328,2024-08-03 03:45:00
2024-08-03,04:00:00 am,0,101.456,23.292,2024-08-03 04:00:00
2024-08-03,04:15:00 am,0,101.449,23.252,2024-08-03 04:15:00
2024-08-03,04:30:00 am,0,101.464,23.21,2024-08-03 04:30:00
2024-08-03,04:45:00 am,0,101.468,23.17,2024-08-03 04:45:00
2024-08-03,05:00:00 am,0,101.472,23.126,2024-08-03 05:00:00
2024-08-03,05:15:00 am,0,101.467,23.083,2024-08-03 05:15:00
2024-08-03,05:30:00 am,0,101.483,23.039,2024-08-03 05:30:00
2024-08-03,05:45:00 am,0,101.485,22.994,2024-08-03 05:45:00
2024-08-03,06:00:00 am,0,101.496,22.947,2024-08-03 06:00:00
2024-08-03,06:15:00 am,0,101.531,22.907,2024-08-03 06:15:00
2024-08-03,06:30:00 am,0,101.525,22.863,2024-08-03 06:30:00
2024-08-03,06:45:00 am,0,101.512,22.822,2024-08-03 06:45:00
2024-08-03,07:00:00 am,0,101.515,22.787,2024-08-03 07:00:00
2024-08-03,07:15:00 am,0,101.522,22.767,2024-08-03 07:15:00
2024-08-03,07:30:00 am,0,101.538,22.757,2024-08-03 07:30:00
2024-08-03,07:45:00 am,0,101.547,22.759,2024-08-03 07:45:00
2024-08-03,08:00:00 am,0,101.56,22.783,2024-08-03 08:00:00
2024-08-03,08:15:00 am,0,101.573,22.822,2024-08-03 08:15:00
2024-08-03,08:30:00 am,0,101.589,22.882,2024-08-03 08:30:00
2024-08-03,08:45:00 am,0,101.604,22.961,2024-08-03 08:45:00
2024-08-03,09:00:00 am,0,101.621,23.06,2024-08-03 09:00:00
2024-08-03,09:15:00 am,0,101.644,23.176,2024-08-03 09:15:00
2024-08-03,09:30:00 am,0,101.669,23.296,2024-08-03 09:30:00
2024-08-03,09:45:00 am,0,101.691,23.406,2024-08-03 09:45:00
2024-08-03,10:00:00 am,0,101.704,23.511,2024-08-03 10:00:00
2024-08-03,10:15:00 am,0,101.714,23.62,2024-08-03 10:15:00
2024-08-03,10:30:00 am,0,101.731,23.752,2024-08-03 10:30:00
2024-08-03,10:45:00 am,0,101.736,23.881,2024-08-03 10:45:00
2024-08-03,11:00:00 am,0,101.732,24.011,2024-08-03 11:00:00
2024-08-03,11:15:00 am,0,101.73,24.161,2024-08-03 11:15:00
2024-08-03,11:30:00 am,0,101.726,24.294,2024-08-03 11:30:00
2024-08-03,11:45:00 am,0,101.725,24.509,2024-08-03 11:45:00
2024-08-03,12:00:00 pm,0,101.722,24.703,2024-08-03 12:00:00
2024-08-03,12:15:00 pm,0,101.706,24.884,2024-08-03 12:15:00
2024-08-03,12:30:00 pm,0,101.693,25.021,2024-08-03 12:30:00
2024-08-03,12:45:00 pm,0,101.69,25.149,2024-08-03 12:45:00
2024-08-03,01:00:00 pm,0,101.67,25.273,2024-08-03 01:00:00
2024-08-03,01:15:00 pm,0,101.666,25.422,2024-08-03 01:15:00
2024-08-03,01:30:00 pm,0,101.643,25.544,2024-08-03 01:30:00
2024-08-03,01:45:00 pm,0,101.609,25.622,2024-08-03 01:45:00
2024-08-03,02:00:00 pm,0,101.575,25.762,2024-08-03 02:00:00
2024-08-03,02:15:00 pm,0,101.539,25.92,2024-08-03 02:15:00
2024-08-03,02:30:00 pm,0,101.518,25.964,2024-08-03 02:30:00
2024-08-03,02:45:00 pm,0,101.472,25.994,2024-08-03 02:45:00
2024-08-03,03:00:00 pm,0,101.479,26.044,2024-08-03 03:00:00
2024-08-03,03:15:00 pm,0,101.46,26.093,2024-08-03 03:15:00
2024-08-03,03:30:00 pm,0,101.459,26.129,2024-08-03 03:30:00
2024-08-03,03:45:00 pm,0,101.454,26.12,2024-08-03 03:45:00
2024-08-03,04:00:00 pm,0,101.444,26.097,2024-08-03 04:00:00
2024-08-03,04:15:00 pm,0,101.44,26.074,2024-08-03 04:15:00
2024-08-03,04:30:00 pm,0,101.425,25.974,2024-08-03 04:30:00
2024-08-03,04:45:00 pm,0,101.417,25.923,2024-08-03 04:45:00
2024-08-03,05:00:00 pm,0,101.402,25.863,2024-08-03 05:00:00
2024-08-03,05:15:00 pm,0,101.38,25.811,2024-08-03 05:15:00
2024-08-03,05:30:00 pm,0,101.36,25.774,2024-08-03 05:30:00
2024-08-03,05:45:00 pm,0,101.347,25.732,2024-08-03 05:45:00
2024-08-03,06:00:00 pm,0,101.329,25.678,2024-08-03 06:00:00
2024-08-03,06:15:00 pm,0,101.329,25.614,2024-08-03 06:15:00
2024-08-03,06:30:00 pm,0,101.327,25.556,2024-08-03 06:30:00
2024-08-03,06:45:00 pm,0,101.341,25.498,2024-08-03 06:45:00
2024-08-03,07:00:00 pm,0,101.342,25.433,2024-08-03 07:00:00
2024-08-03,07:15:00 pm,0,101.353,25.37,2024-08-03 07:15:00
2024-08-03,07:30:00 pm,0,101.364,25.303,2024-08-03 07:30:00
2024-08-03,07:45:00 pm,0,101.378,25.23,2024-08-03 07:45:00
2024-08-03,08:00:00 pm,0,101.379,25.157,2024-08-03 08:00:00
2024-08-03,08:15:00 pm,0,101.383,25.072,2024-08-03 08:15:00
2024-08-03,08:30:00 pm,0,101.403,24.983,2024-08-03 08:30:00
2024-08-03,08:45:00 pm,0,101.408,24.895,2024-08-03 08:45:00
2024-08-03,09:00:00 pm,0,101.421,24.813,2024-08-03 09:00:00
2024-08-03,09:15:00 pm,0,101.438,24.752,2024-08-03 09:15:00
2024-08-03,09:30:00 pm,0,101.45,24.694,2024-08-03 09:30:00
2024-08-03,09:45:00 pm,0,101.468,24.629,2024-08-03 09:45:00
2024-08-03,10:00:00 pm,0,101.474,24.56,2024-08-03 10:00:00
2024-08-03,10:15:00 pm,0,101.473,24.491,2024-08-03 10:15:00
2024-08-03,10:30:00 pm,0,101.474,24.423,2024-08-03 10:30:00
2024-08-03,10:45:00 pm,0,101.469,24.357,2024-08-03 10:45:00
2024-08-03,11:00:00 pm,0,101.466,24.295,2024-08-03 11:00:00
2024-08-03,11:15:00 pm,0,101.458,24.23,2024-08-03 11:15:00
2024-08-03,11:30:00 pm,0,101.469,24.17,2024-08-03 11:30:00
2024-08-03,11:45:00 pm,0,101.471,24.109,2024-08-03 11:45:00
2024-08-04,12:00:00 am,0,101.483,24.054,2024-08-04 12:00:00
2024-08-04,12:15:00 am,0,101.47,24.001,2024-08-04 12:15:00
2024-08-04,12:30:00 am,0,101.464,23.951,2024-08-04 12:30:00
2024-08-04,12:45:00 am,0,101.464,23.9,2024-08-04 12:45:00
2024-08-04,01:00:00 am,0,101.452,23.846,2024-08-04 01:00:00
2024-08-04,01:15:00 am,0,101.448,23.797,2024-08-04 01:15:00
2024-08-04,01:30:00 am,0,101.446,23.744,2024-08-04 01:30:00
2024-08-04,01:45:00 am,0,101.44,23.692,2024-08-04 01:45:00
2024-08-04,02:00:00 am,0,101.441,23.641,2024-08-04 02:00:00
2024-08-04,02:15:00 am,0,101.435,23.59,2024-08-04 02:15:00
2024-08-04,02:30:00 am,0,101.427,23.536,2024-08-04 02:30:00
2024-08-04,02:45:00 am,0,101.421,23.489,2024-08-04 02:45:00
2024-08-04,03:00:00 am,0,101.411,23.444,2024-08-04 03:00:00
2024-08-04,03:15:00 am,0,101.397,23.401,2024-08-04 03:15:00
2024-08-04,03:30:00 am,0,101.39,23.352,2024-08-04 03:30:00
2024-08-04,03:45:00 am,0,101.384,23.302,2024-08-04 03:45:00
2024-08-04,04:00:00 am,0,101.391,23.257,2024-08-04 04:00:00
2024-08-04,04:15:00 am,0,101.39,23.212,2024-08-04 04:15:00
2024-08-04,04:30:00 am,0,101.401,23.162,2024-08-04 04:30:00
2024-08-04,04:45:00 am,0,101.398,23.12,2024-08-04 04:45:00
2024-08-04,05:00:00 am,0,101.411,23.077,2024-08-04 05:00:00
2024-08-04,05:15:00 am,0,101.435,23.041,2024-08-04 05:15:00
2024-08-04,05:30:00 am,0,101.436,23,2024-08-04 05:30:00
2024-08-04,05:45:00 am,0,101.437,22.965,2024-08-04 05:45:00
2024-08-04,06:00:00 am,0,101.44,22.928,2024-08-04 06:00:00
2024-08-04,06:15:00 am,0,101.454,22.892,2024-08-04 06:15:00
2024-08-04,06:30:00 am,0,101.483,22.852,2024-08-04 06:30:00
2024-08-04,06:45:00 am,0,101.492,22.821,2024-08-04 06:45:00
2024-08-04,07:00:00 am,0,101.499,22.796,2024-08-04 07:00:00
2024-08-04,07:15:00 am,0,101.503,22.783,2024-08-04 07:15:00
2024-08-04,07:30:00 am,0,101.51,22.785,2024-08-04 07:30:00
2024-08-04,07:45:00 am,0,101.515,22.799,2024-08-04 07:45:00
2024-08-04,08:00:00 am,0,101.538,22.832,2024-08-04 08:00:00
2024-08-04,08:15:00 am,0,101.557,22.885,2024-08-04 08:15:00
2024-08-04,08:30:00 am,0,101.57,22.952,2024-08-04 08:30:00
2024-08-04,08:45:00 am,0,101.584,23.041,2024-08-04 08:45:00
2024-08-04,09:00:00 am,0,101.611,23.15,2024-08-04 09:00:00
2024-08-04,09:15:00 am,0,101.622,23.275,2024-08-04 09:15:00
2024-08-04,09:30:00 am,0,101.638,23.401,2024-08-04 09:30:00
2024-08-04,09:45:00 am,0,101.662,23.526,2024-08-04 09:45:00
2024-08-04,10:00:00 am,0,101.676,23.636,2024-08-04 10:00:00
2024-08-04,10:15:00 am,0,101.694,23.764,2024-08-04 10:15:00
2024-08-04,10:30:00 am,0,101.697,23.904,2024-08-04 10:30:00
2024-08-04,10:45:00 am,0,101.7,24.051,2024-08-04 10:45:00
2024-08-04,11:00:00 am,0,101.691,24.168,2024-08-04 11:00:00
2024-08-04,11:15:00 am,0,101.699,24.362,2024-08-04 11:15:00
2024-08-04,11:30:00 am,0,101.704,24.565,2024-08-04 11:30:00
2024-08-04,11:45:00 am,0,101.694,24.701,2024-08-04 11:45:00
2024-08-04,12:00:00 pm,0,101.684,24.767,2024-08-04 12:00:00
2024-08-04,12:15:00 pm,0,101.678,24.979,2024-08-04 12:15:00
2024-08-04,12:30:00 pm,0,101.666,25.128,2024-08-04 12:30:00
2024-08-04,12:45:00 pm,0,101.665,25.291,2024-08-04 12:45:00
2024-08-04,01:00:00 pm,0,101.646,25.468,2024-08-04 01:00:00
2024-08-04,01:15:00 pm,0,101.648,25.624,2024-08-04 01:15:00
2024-08-04,01:30:00 pm,0,101.636,25.717,2024-08-04 01:30:00
2024-08-04,01:45:00 pm,0,101.63,25.9,2024-08-04 01:45:00
2024-08-04,02:00:00 pm,0,101.617,25.881,2024-08-04 02:00:00
2024-08-04,02:15:00 pm,0,101.591,26.023,2024-08-04 02:15:00
2024-08-04,02:30:00 pm,0,101.582,26.117,2024-08-04 02:30:00
2024-08-04,02:45:00 pm,0,101.559,26.023,2024-08-04 02:45:00
2024-08-04,03:00:00 pm,0,101.544,26.114,2024-08-04 03:00:00
2024-08-04,03:15:00 pm,0,101.518,26.201,2024-08-04 03:15:00
2024-08-04,03:30:00 pm,0,101.512,26.267,2024-08-04 03:30:00
2024-08-04,03:45:00 pm,0,101.502,26.316,2024-08-04 03:45:00
2024-08-04,04:00:00 pm,0,101.498,26.319,2024-08-04 04:00:00
2024-08-04,04:15:00 pm,0,101.48,26.247,2024-08-04 04:15:00
2024-08-04,04:30:00 pm,0,101.478,26.224,2024-08-04 04:30:00
2024-08-04,04:45:00 pm,0,101.47,26.175,2024-08-04 04:45:00
2024-08-04,05:00:00 pm,0,101.46,26.118,2024-08-04 05:00:00
2024-08-04,05:15:00 pm,0,101.445,26.067,2024-08-04 05:15:00
2024-08-04,05:30:00 pm,0,101.438,26.021,2024-08-04 05:30:00
2024-08-04,05:45:00 pm,0,101.448,25.975,2024-08-04 05:45:00
2024-08-04,06:00:00 pm,0,101.442,25.915,2024-08-04 06:00:00
2024-08-04,06:15:00 pm,0,101.43,25.844,2024-08-04 06:15:00
2024-08-04,06:30:00 pm,0,101.44,25.779,2024-08-04 06:30:00
2024-08-04,06:45:00 pm,0,101.446,25.72,2024-08-04 06:45:00
2024-08-04,07:00:00 pm,0,101.444,25.663,2024-08-04 07:00:00
2024-08-04,07:15:00 pm,0,101.444,25.604,2024-08-04 07:15:00
2024-08-04,07:30:00 pm,0,101.453,25.537,2024-08-04 07:30:00
2024-08-04,07:45:00 pm,0,101.452,25.472,2024-08-04 07:45:00
2024-08-04,08:00:00 pm,0,101.476,25.406,2024-08-04 08:00:00
2024-08-04,08:15:00 pm,0,101.473,25.346,2024-08-04 08:15:00
2024-08-04,08:30:00 pm,0,101.495,25.289,2024-08-04 08:30:00
2024-08-04,08:45:00 pm,0,101.503,25.227,2024-08-04 08:45:00
2024-08-04,09:00:00 pm,0,101.505,25.169,2024-08-04 09:00:00
2024-08-04,09:15:00 pm,0,101.517,25.11,2024-08-04 09:15:00
2024-08-04,09:30:00 pm,0,101.529,25.055,2024-08-04 09:30:00
2024-08-04,09:45:00 pm,0,101.534,24.994,2024-08-04 09:45:00
2024-08-04,10:00:00 pm,0,101.54,24.933,2024-08-04 10:00:00
2024-08-04,10:15:00 pm,0,101.549,24.87,2024-08-04 10:15:00
2024-08-04,10:30:00 pm,0,101.554,24.815,2024-08-04 10:30:00
2024-08-04,10:45:00 pm,0,101.546,24.768,2024-08-04 10:45:00
2024-08-04,11:00:00 pm,0,101.544,24.717,2024-08-04 11:00:00
2024-08-04,11:15:00 pm,0,101.533,24.669,2024-08-04 11:15:00
2024-08-04,11:30:00 pm,0,101.535,24.621,2024-08-04 11:30:00
2024-08-04,11:45:00 pm,0,101.535,24.574,2024-08-04 11:45:00
2024-08-05,12:00:00 am,0,101.538,24.528,2024-08-05 12:00:00
2024-08-05,12:15:00 am,0,101.534,24.479,2024-08-05 12:15:00
2024-08-05,12:30:00 am,0,101.538,24.434,2024-08-05 12:30:00
2024-08-05,12:45:00 am,0,101.528,24.39,2024-08-05 12:45:00
2024-08-05,01:00:00 am,0,101.512,24.346,2024-08-05 01:00:00
2024-08-05,01:15:00 am,0,101.512,24.301,2024-08-05 01:15:00
2024-08-05,01:30:00 am,0,101.501,24.256,2024-08-05 01:30:00
2024-08-05,01:45:00 am,0,101.493,24.216,2024-08-05 01:45:00
2024-08-05,02:00:00 am,0,101.484,24.172,2024-08-05 02:00:00
2024-08-05,02:15:00 am,0,101.477,24.127,2024-08-05 02:15:00
2024-08-05,02:30:00 am,0,101.48,24.078,2024-08-05 02:30:00
2024-08-05,02:45:00 am,0,101.478,24.035,2024-08-05 02:45:00
2024-08-05,03:00:00 am,0,101.473,23.991,2024-08-05 03:00:00
2024-08-05,03:15:00 am,0,101.472,23.946,2024-08-05 03:15:00
2024-08-05,03:30:00 am,0,101.459,23.902,2024-08-05 03:30:00
2024-08-05,03:45:00 am,0,101.458,23.861,2024-08-05 03:45:00
2024-08-05,04:00:00 am,0,101.452,23.815,2024-08-05 04:00:00
2024-08-05,04:15:00 am,0,101.469,23.775,2024-08-05 04:15:00
2024-08-05,04:30:00 am,0,101.481,23.739,2024-08-05 04:30:00
2024-08-05,04:45:00 am,0,101.482,23.7,2024-08-05 04:45:00
2024-08-05,05:00:00 am,0,101.495,23.655,2024-08-05 05:00:00
2024-08-05,05:15:00 am,0,101.516,23.616,2024-08-05 05:15:00
2024-08-05,05:30:00 am,0,101.526,23.575,2024-08-05 05:30:00
2024-08-05,05:45:00 am,0,101.522,23.529,2024-08-05 05:45:00
2024-08-05,06:00:00 am,0,101.542,23.488,2024-08-05 06:00:00
2024-08-05,06:15:00 am,0,101.553,23.453,2024-08-05 06:15:00
2024-08-05,06:30:00 am,0,101.569,23.415,2024-08-05 06:30:00
2024-08-05,06:45:00 am,0,101.576,23.388,2024-08-05 06:45:00
2024-08-05,07:00:00 am,0,101.585,23.369,2024-08-05 07:00:00
2024-08-05,07:15:00 am,0,101.59,23.357,2024-08-05 07:15:00
2024-08-05,07:30:00 am,0,101.594,23.358,2024-08-05 07:30:00
2024-08-05,07:45:00 am,0,101.605,23.37,2024-08-05 07:45:00
2024-08-05,08:00:00 am,0,101.616,23.399,2024-08-05 08:00:00
2024-08-05,08:15:00 am,0,101.629,23.442,2024-08-05 08:15:00
2024-08-05,08:30:00 am,0,101.65,23.5,2024-08-05 08:30:00
2024-08-05,08:45:00 am,0,101.669,23.577,2024-08-05 08:45:00
2024-08-05,09:00:00 am,0,101.694,23.678,2024-08-05 09:00:00
2024-08-05,09:15:00 am,0,101.716,23.789,2024-08-05 09:15:00
2024-08-05,09:30:00 am,0,101.736,23.897,2024-08-05 09:30:00
2024-08-05,09:45:00 am,0,101.753,24.002,2024-08-05 09:45:00
2024-08-05,10:00:00 am,0,101.75,24.087,2024-08-05 10:00:00
2024-08-05,10:15:00 am,0,101.768,24.171,2024-08-05 10:15:00
2024-08-05,10:30:00 am,0,101.769,24.27,2024-08-05 10:30:00
2024-08-05,10:45:00 am,0,101.773,24.379,2024-08-05 10:45:00
2024-08-05,11:00:00 am,0,101.758,24.497,2024-08-05 11:00:00
2024-08-05,11:15:00 am,0,101.766,24.613,2024-08-05 11:15:00
2024-08-05,11:30:00 am,0,101.766,24.759,2024-08-05 11:30:00
2024-08-05,11:45:00 am,0,101.773,24.946,2024-08-05 11:45:00
2024-08-05,12:00:00 pm,0,101.778,25.096,2024-08-05 12:00:00
2024-08-05,12:15:00 pm,0,101.754,25.171,2024-08-05 12:15:00
2024-08-05,12:30:00 pm,0,101.742,25.256,2024-08-05 12:30:00
2024-08-05,12:45:00 pm,0,101.729,25.307,2024-08-05 12:45:00
2024-08-05,01:00:00 pm,0,101.705,25.429,2024-08-05 01:00:00
2024-08-05,01:15:00 pm,0,101.68,25.541,2024-08-05 01:15:00
2024-08-05,01:30:00 pm,0,101.678,25.697,2024-08-05 01:30:00
2024-08-05,01:45:00 pm,0,101.658,25.869,2024-08-05 01:45:00
2024-08-05,02:00:00 pm,0,101.649,26.065,2024-08-05 02:00:00
2024-08-05,02:15:00 pm,0,101.632,26.211,2024-08-05 02:15:00
2024-08-05,02:30:00 pm,0,101.615,26.371,2024-08-05 02:30:00
2024-08-05,02:45:00 pm,0,101.613,26.52,2024-08-05 02:45:00
2024-08-05,03:00:00 pm,0,101.594,26.567,2024-08-05 03:00:00
2024-08-05,03:15:00 pm,0,101.577,26.598,2024-08-05 03:15:00
2024-08-05,03:30:00 pm,0,101.556,26.6,2024-08-05 03:30:00
2024-08-05,03:45:00 pm,0,101.546,26.593,2024-08-05 03:45:00
2024-08-05,04:00:00 pm,0,101.53,26.59,2024-08-05 04:00:00
2024-08-05,04:15:00 pm,0,101.516,26.579,2024-08-05 04:15:00
2024-08-05,04:30:00 pm,0,101.499,26.55,2024-08-05 04:30:00
2024-08-05,04:45:00 pm,0,101.489,26.493,2024-08-05 04:45:00
2024-08-05,05:00:00 pm,0,101.475,26.425,2024-08-05 05:00:00
2024-08-05,05:15:00 pm,0,101.458,26.353,2024-08-05 05:15:00
2024-08-05,05:30:00 pm,0,101.448,26.3,2024-08-05 05:30:00
2024-08-05,05:45:00 pm,0,101.439,26.256,2024-08-05 05:45:00
2024-08-05,06:00:00 pm,0,101.423,26.208,2024-08-05 06:00:00
2024-08-05,06:15:00 pm,0,101.431,26.15,2024-08-05 06:15:00
2024-08-05,06:30:00 pm,0,101.432,26.085,2024-08-05 06:30:00
2024-08-05,06:45:00 pm,0,101.435,26.018,2024-08-05 06:45:00
2024-08-05,07:00:00 pm,0,101.44,25.95,2024-08-05 07:00:00
2024-08-05,07:15:00 pm,0,101.446,25.883,2024-08-05 07:15:00
2024-08-05,07:30:00 pm,0,101.454,25.81,2024-08-05 07:30:00
2024-08-05,07:45:00 pm,0,101.455,25.739,2024-08-05 07:45:00
2024-08-05,08:00:00 pm,0,101.458,25.672,2024-08-05 08:00:00
2024-08-05,08:15:00 pm,0,101.456,25.601,2024-08-05 08:15:00
2024-08-05,08:30:00 pm,0,101.462,25.525,2024-08-05 08:30:00
2024-08-05,08:45:00 pm,0,101.472,25.454,2024-08-05 08:45:00
2024-08-05,09:00:00 pm,0,101.472,25.388,2024-08-05 09:00:00
2024-08-05,09:15:00 pm,0,101.486,25.325,2024-08-05 09:15:00
2024-08-05,09:30:00 pm,0,101.487,25.259,2024-08-05 09:30:00
2024-08-05,09:45:00 pm,0,101.501,25.192,2024-08-05 09:45:00
2024-08-05,10:00:00 pm,0,101.509,25.128,2024-08-05 10:00:00
2024-08-05,10:15:00 pm,0,101.509,25.066,2024-08-05 10:15:00
2024-08-05,10:30:00 pm,0,101.503,24.999,2024-08-05 10:30:00
2024-08-05,10:45:00 pm,0,101.496,24.934,2024-08-05 10:45:00
2024-08-05,11:00:00 pm,0,101.49,24.865,2024-08-05 11:00:00
2024-08-05,11:15:00 pm,0,101.482,24.798,2024-08-05 11:15:00
2024-08-05,11:30:00 pm,0,101.474,24.734,2024-08-05 11:30:00
2024-08-05,11:45:00 pm,0,101.468,24.669,2024-08-05 11:45:00
2024-08-06,12:00:00 am,0,101.463,24.608,2024-08-06 12:00:00
2024-08-06,12:15:00 am,0,101.461,24.546,2024-08-06 12:15:00
2024-08-06,12:30:00 am,0,101.458,24.483,2024-08-06 12:30:00
2024-08-06,12:45:00 am,0,101.445,24.422,2024-08-06 12:45:00
2024-08-06,01:00:00 am,0,101.434,24.368,2024-08-06 01:00:00
2024-08-06,01:15:00 am,0,101.422,24.314,2024-08-06 01:15:00
2024-08-06,01:30:00 am,0,101.422,24.257,2024-08-06 01:30:00
2024-08-06,01:45:00 am,0,101.416,24.201,2024-08-06 01:45:00
2024-08-06,02:00:00 am,0,101.411,24.149,2024-08-06 02:00:00
2024-08-06,02:15:00 am,0,101.401,24.1,2024-08-06 02:15:00
2024-08-06,02:30:00 am,0,101.4,24.052,2024-08-06 02:30:00
2024-08-06,02:45:00 am,0,101.389,24.007,2024-08-06 02:45:00
2024-08-06,03:00:00 am,0,101.376,23.957,2024-08-06 03:00:00
2024-08-06,03:15:00 am,0,101.375,23.91,2024-08-06 03:15:00
2024-08-06,03:30:00 am,0,101.375,23.862,2024-08-06 03:30:00
2024-08-06,03:45:00 am,0,101.366,23.814,2024-08-06 03:45:00
2024-08-06,04:00:00 am,0,101.36,23.766,2024-08-06 04:00:00
2024-08-06,04:15:00 am,0,101.368,23.717,2024-08-06 04:15:00
2024-08-06,04:30:00 am,0,101.374,23.672,2024-08-06 04:30:00
2024-08-06,04:45:00 am,0,101.38,23.626,2024-08-06 04:45:00
2024-08-06,05:00:00 am,0,101.396,23.583,2024-08-06 05:00:00
2024-08-06,05:15:00 am,0,101.41,23.539,2024-08-06 05:15:00
2024-08-06,05:30:00 am,0,101.423,23.495,2024-08-06 05:30:00
2024-08-06,05:45:00 am,0,101.43,23.452,2024-08-06 05:45:00
2024-08-06,06:00:00 am,0,101.426,23.41,2024-08-06 06:00:00
2024-08-06,06:15:00 am,0,101.43,23.374,2024-08-06 06:15:00
2024-08-06,06:30:00 am,0,101.434,23.335,2024-08-06 06:30:00
2024-08-06,06:45:00 am,0,101.439,23.298,2024-08-06 06:45:00
2024-08-06,07:00:00 am,0,101.444,23.268,2024-08-06 07:00:00
2024-08-06,07:15:00 am,0,101.445,23.249,2024-08-06 07:15:00
2024-08-06,07:30:00 am,0,101.457,23.244,2024-08-06 07:30:00
2024-08-06,07:45:00 am,0,101.463,23.255,2024-08-06 07:45:00
2024-08-06,08:00:00 am,0,101.476,23.282,2024-08-06 08:00:00
2024-08-06,08:15:00 am,0,101.487,23.326,2024-08-06 08:15:00
2024-08-06,08:30:00 am,0,101.497,23.38,2024-08-06 08:30:00
2024-08-06,08:45:00 am,0,101.509,23.455,2024-08-06 08:45:00
2024-08-06,09:00:00 am,0,101.534,23.574,2024-08-06 09:00:00
2024-08-06,09:15:00 am,0,101.549,23.698,2024-08-06 09:15:00
2024-08-06,09:30:00 am,0,101.567,23.819,2024-08-06 09:30:00
2024-08-06,09:45:00 am,0,101.58,23.918,2024-08-06 09:45:00
2024-08-06,10:00:00 am,0,101.588,23.992,2024-08-06 10:00:00
2024-08-06,10:15:00 am,0,101.595,24.076,2024-08-06 10:15:00
2024-08-06,10:30:00 am,0,101.594,24.181,2024-08-06 10:30:00
2024-08-06,10:45:00 am,0,101.601,24.3,2024-08-06 10:45:00
2024-08-06,11:00:00 am,0,101.604,24.424,2024-08-06 11:00:00
2024-08-06,11:15:00 am,0,101.608,24.566,2024-08-06 11:15:00
2024-08-06,11:30:00 am,0,101.6,24.732,2024-08-06 11:30:00
2024-08-06,11:45:00 am,0,101.591,24.912,2024-08-06 11:45:00
2024-08-06,12:00:00 pm,0,101.58,25.091,2024-08-06 12:00:00
2024-08-06,12:15:00 pm,0,101.556,25.261,2024-08-06 12:15:00
2024-08-06,12:30:00 pm,0,101.532,25.38,2024-08-06 12:30:00
2024-08-06,12:45:00 pm,0,101.511,25.505,2024-08-06 12:45:00
2024-08-06,01:00:00 pm,0,101.508,25.62,2024-08-06 01:00:00
2024-08-06,01:15:00 pm,0,101.491,25.727,2024-08-06 01:15:00
2024-08-06,01:30:00 pm,0,101.469,25.867,2024-08-06 01:30:00
2024-08-06,01:45:00 pm,0,101.453,26.006,2024-08-06 01:45:00
2024-08-06,02:00:00 pm,0,101.433,26.182,2024-08-06 02:00:00
2024-08-06,02:15:00 pm,0,101.425,26.366,2024-08-06 02:15:00
2024-08-06,02:30:00 pm,0,101.407,26.526,2024-08-06 02:30:00
2024-08-06,02:45:00 pm,0,101.382,26.656,2024-08-06 02:45:00
2024-08-06,03:00:00 pm,0,101.375,26.736,2024-08-06 03:00:00
2024-08-06,03:15:00 pm,0,101.359,26.785,2024-08-06 03:15:00
2024-08-06,03:30:00 pm,0,101.338,26.803,2024-08-06 03:30:00
2024-08-06,03:45:00 pm,0,101.31,26.777,2024-08-06 03:45:00
2024-08-06,04:00:00 pm,0,101.301,26.806,2024-08-06 04:00:00
2024-08-06,04:15:00 pm,0,101.279,26.773,2024-08-06 04:15:00
2024-08-06,04:30:00 pm,0,101.26,26.726,2024-08-06 04:30:00
2024-08-06,04:45:00 pm,0,101.237,26.673,2024-08-06 04:45:00
2024-08-06,05:00:00 pm,0,101.219,26.602,2024-08-06 05:00:00
2024-08-06,05:15:00 pm,0,101.205,26.524,2024-08-06 05:15:00
2024-08-06,05:30:00 pm,0,101.192,26.462,2024-08-06 05:30:00
2024-08-06,05:45:00 pm,0,101.175,26.407,2024-08-06 05:45:00
2024-08-06,06:00:00 pm,0,101.164,26.352,2024-08-06 06:00:00
2024-08-06,06:15:00 pm,0,101.158,26.294,2024-08-06 06:15:00
2024-08-06,06:30:00 pm,0,101.15,26.228,2024-08-06 06:30:00
2024-08-06,06:45:00 pm,0,101.142,26.163,2024-08-06 06:45:00
2024-08-06,07:00:00 pm,0,101.147,26.095,2024-08-06 07:00:00
2024-08-06,07:15:00 pm,0,101.151,26.027,2024-08-06 07:15:00
2024-08-06,07:30:00 pm,0,101.149,25.953,2024-08-06 07:30:00
2024-08-06,07:45:00 pm,0,101.15,25.866,2024-08-06 07:45:00
2024-08-06,08:00:00 pm,0,101.152,25.779,2024-08-06 08:00:00
2024-08-06,08:15:00 pm,0,101.152,25.698,2024-08-06 08:15:00
2024-08-06,08:30:00 pm,0,101.162,25.612,2024-08-06 08:30:00
2024-08-06,08:45:00 pm,0,101.158,25.528,2024-08-06 08:45:00
2024-08-06,09:00:00 pm,0,101.155,25.446,2024-08-06 09:00:00
2024-08-06,09:15:00 pm,0,101.162,25.365,2024-08-06 09:15:00
2024-08-06,09:30:00 pm,0,101.168,25.279,2024-08-06 09:30:00
2024-08-06,09:45:00 pm,0,101.179,25.198,2024-08-06 09:45:00
2024-08-06,10:00:00 pm,0,101.183,25.117,2024-08-06 10:00:00
2024-08-06,10:15:00 pm,0,101.183,25.036,2024-08-06 10:15:00
2024-08-06,10:30:00 pm,0,101.178,24.957,2024-08-06 10:30:00
2024-08-06,10:45:00 pm,0,101.17,24.877,2024-08-06 10:45:00
2024-08-06,11:00:00 pm,0,101.162,24.807,2024-08-06 11:00:00
2024-08-06,11:15:00 pm,0,101.147,24.73,2024-08-06 11:15:00
2024-08-06,11:30:00 pm,0,101.148,24.654,2024-08-06 11:30:00
2024-08-06,11:45:00 pm,0,101.141,24.581,2024-08-06 11:45:00
2024-08-07,12:00:00 am,0,101.139,24.51,2024-08-07 12:00:00
2024-08-07,12:15:00 am,0,101.135,24.437,2024-08-07 12:15:00
2024-08-07,12:30:00 am,0,101.129,24.367,2024-08-07 12:30:00
2024-08-07,12:45:00 am,0,101.13,24.3,2024-08-07 12:45:00
2024-08-07,01:00:00 am,0,101.126,24.234,2024-08-07 01:00:00
2024-08-07,01:15:00 am,0,101.114,24.167,2024-08-07 01:15:00
2024-08-07,01:30:00 am,0,101.108,24.102,2024-08-07 01:30:00
2024-08-07,01:45:00 am,0,101.102,24.039,2024-08-07 01:45:00
2024-08-07,02:00:00 am,0,101.102,23.978,2024-08-07 02:00:00
2024-08-07,02:15:00 am,0,101.097,23.915,2024-08-07 02:15:00
2024-08-07,02:30:00 am,0,101.081,23.858,2024-08-07 02:30:00
2024-08-07,02:45:00 am,0,101.069,23.798,2024-08-07 02:45:00
2024-08-07,03:00:00 am,0,101.055,23.739,2024-08-07 03:00:00
2024-08-07,03:15:00 am,0,101.051,23.681,2024-08-07 03:15:00
2024-08-07,03:30:00 am,0,101.04,23.62,2024-08-07 03:30:00
2024-08-07,03:45:00 am,0,101.041,23.565,2024-08-07 03:45:00
2024-08-07,04:00:00 am,0,101.039,23.519,2024-08-07 04:00:00
2024-08-07,04:15:00 am,0,101.029,23.461,2024-08-07 04:15:00
2024-08-07,04:30:00 am,0,101.02,23.401,2024-08-07 04:30:00
2024-08-07,04:45:00 am,0,101.022,23.343,2024-08-07 04:45:00
2024-08-07,05:00:00 am,0,101.033,23.292,2024-08-07 05:00:00
2024-08-07,05:15:00 am,0,101.045,23.246,2024-08-07 05:15:00
2024-08-07,05:30:00 am,0,101.054,23.197,2024-08-07 05:30:00
2024-08-07,05:45:00 am,0,101.065,23.145,2024-08-07 05:45:00
2024-08-07,06:00:00 am,0,101.068,23.096,2024-08-07 06:00:00
2024-08-07,06:15:00 am,0,101.071,23.044,2024-08-07 06:15:00
2024-08-07,06:30:00 am,0,101.087,22.996,2024-08-07 06:30:00
2024-08-07,06:45:00 am,0,101.081,22.955,2024-08-07 06:45:00
2024-08-07,07:00:00 am,0,101.081,22.927,2024-08-07 07:00:00
2024-08-07,07:15:00 am,0,101.091,22.903,2024-08-07 07:15:00
2024-08-07,07:30:00 am,0,101.095,22.894,2024-08-07 07:30:00
2024-08-07,07:45:00 am,0,101.1,22.901,2024-08-07 07:45:00
2024-08-07,08:00:00 am,0,101.11,22.923,2024-08-07 08:00:00
2024-08-07,08:15:00 am,0,101.113,22.964,2024-08-07 08:15:00
2024-08-07,08:30:00 am,0,101.121,23.026,2024-08-07 08:30:00
2024-08-07,08:45:00 am,0,101.128,23.119,2024-08-07 08:45:00
2024-08-07,09:00:00 am,0,101.15,23.264,2024-08-07 09:00:00
2024-08-07,09:15:00 am,0,101.172,23.407,2024-08-07 09:15:00
2024-08-07,09:30:00 am,0,101.187,23.535,2024-08-07 09:30:00
2024-08-07,09:45:00 am,0,101.183,23.659,2024-08-07 09:45:00
2024-08-07,10:00:00 am,0,101.182,23.752,2024-08-07 10:00:00
2024-08-07,10:15:00 am,0,101.184,23.855,2024-08-07 10:15:00
2024-08-07,10:30:00 am,0,101.182,23.975,2024-08-07 10:30:00
2024-08-07,10:45:00 am,0,101.178,24.121,2024-08-07 10:45:00
2024-08-07,11:00:00 am,0,101.164,24.276,2024-08-07 11:00:00
2024-08-07,11:15:00 am,0,101.159,24.433,2024-08-07 11:15:00
2024-08-07,11:30:00 am,0,101.155,24.596,2024-08-07 11:30:00
2024-08-07,11:45:00 am,0,101.131,24.791,2024-08-07 11:45:00
2024-08-07,12:00:00 pm,0,101.126,24.976,2024-08-07 12:00:00
2024-08-07,12:15:00 pm,0,101.105,25.144,2024-08-07 12:15:00
2024-08-07,12:30:00 pm,0,101.092,25.286,2024-08-07 12:30:00
2024-08-07,12:45:00 pm,0,101.076,25.411,2024-08-07 12:45:00
2024-08-07,01:00:00 pm,0,101.057,25.544,2024-08-07 01:00:00
2024-08-07,01:15:00 pm,0,101.044,25.696,2024-08-07 01:15:00
2024-08-07,01:30:00 pm,0,101.027,25.865,2024-08-07 01:30:00
2024-08-07,01:45:00 pm,0,101.021,26.041,2024-08-07 01:45:00
2024-08-07,02:00:00 pm,0,101,26.189,2024-08-07 02:00:00
2024-08-07,02:15:00 pm,0,100.978,26.345,2024-08-07 02:15:00
2024-08-07,02:30:00 pm,0,100.956,26.488,2024-08-07 02:30:00
2024-08-07,02:45:00 pm,0,100.927,26.567,2024-08-07 02:45:00
2024-08-07,03:00:00 pm,0,100.852,26.622,2024-08-07 03:00:00
2024-08-07,03:15:00 pm,0,100.832,26.705,2024-08-07 03:15:00
2024-08-07,03:30:00 pm,0,100.812,26.732,2024-08-07 03:30:00
2024-08-07,03:45:00 pm,0,100.806,26.748,2024-08-07 03:45:00
2024-08-07,04:00:00 pm,0,100.804,26.78,2024-08-07 04:00:00
2024-08-07,04:15:00 pm,0,100.787,26.796,2024-08-07 04:15:00
2024-08-07,04:30:00 pm,0,100.767,26.765,2024-08-07 04:30:00
2024-08-07,04:45:00 pm,0,100.75,26.695,2024-08-07 04:45:00
2024-08-07,05:00:00 pm,0,100.733,26.621,2024-08-07 05:00:00
2024-08-07,05:15:00 pm,0,100.71,26.56,2024-08-07 05:15:00
2024-08-07,05:30:00 pm,0,100.695,26.504,2024-08-07 05:30:00
2024-08-07,05:45:00 pm,0,100.679,26.447,2024-08-07 05:45:00
2024-08-07,06:00:00 pm,0,100.67,26.391,2024-08-07 06:00:00
2024-08-07,06:15:00 pm,0,100.663,26.326,2024-08-07 06:15:00
2024-08-07,06:30:00 pm,0,100.659,26.258,2024-08-07 06:30:00
2024-08-07,06:45:00 pm,0,100.657,26.195,2024-08-07 06:45:00
2024-08-07,07:00:00 pm,0,100.656,26.122,2024-08-07 07:00:00
2024-08-07,07:15:00 pm,0,100.654,26.047,2024-08-07 07:15:00
2024-08-07,07:30:00 pm,0,100.65,25.976,2024-08-07 07:30:00
2024-08-07,07:45:00 pm,0,100.656,25.906,2024-08-07 07:45:00
2024-08-07,08:00:00 pm,0,100.659,25.838,2024-08-07 08:00:00
2024-08-07,08:15:00 pm,0,100.665,25.769,2024-08-07 08:15:00
2024-08-07,08:30:00 pm,0,100.666,25.704,2024-08-07 08:30:00
2024-08-07,08:45:00 pm,0,100.681,25.645,2024-08-07 08:45:00
2024-08-07,09:00:00 pm,0,100.688,25.588,2024-08-07 09:00:00
2024-08-07,09:15:00 pm,0,100.691,25.529,2024-08-07 09:15:00
2024-08-07,09:30:00 pm,0,100.703,25.473,2024-08-07 09:30:00
2024-08-07,09:45:00 pm,0,100.708,25.422,2024-08-07 09:45:00
2024-08-07,10:00:00 pm,0,100.711,25.37,2024-08-07 10:00:00
2024-08-07,10:15:00 pm,0,100.712,25.316,2024-08-07 10:15:00
2024-08-07,10:30:00 pm,0,100.713,25.267,2024-08-07 10:30:00
2024-08-07,10:45:00 pm,0,100.725,25.226,2024-08-07 10:45:00
2024-08-07,11:00:00 pm,0,100.734,25.185,2024-08-07 11:00:00
2024-08-07,11:15:00 pm,0,100.737,25.146,2024-08-07 11:15:00
2024-08-07,11:30:00 pm,0,100.742,25.108,2024-08-07 11:30:00
2024-08-07,11:45:00 pm,0,100.744,25.079,2024-08-07 11:45:00
2024-08-08,12:00:00 am,0,100.756,25.046,2024-08-08 12:00:00
2024-08-08,12:15:00 am,0,100.756,25.005,2024-08-08 12:15:00
2024-08-08,12:30:00 am,0,100.743,24.955,2024-08-08 12:30:00
2024-08-08,12:45:00 am,0,100.729,24.904,2024-08-08 12:45:00
2024-08-08,01:00:00 am,0,100.714,24.844,2024-08-08 01:00:00
2024-08-08,01:15:00 am,0,100.707,24.78,2024-08-08 01:15:00
2024-08-08,01:30:00 am,0,100.691,24.713,2024-08-08 01:30:00
2024-08-08,01:45:00 am,0,100.682,24.647,2024-08-08 01:45:00
2024-08-08,02:00:00 am,0,100.663,24.577,2024-08-08 02:00:00
2024-08-08,02:15:00 am,0,100.658,24.507,2024-08-08 02:15:00
2024-08-08,02:30:00 am,0,100.645,24.435,2024-08-08 02:30:00
2024-08-08,02:45:00 am,0,100.639,24.358,2024-08-08 02:45:00
2024-08-08,03:00:00 am,0,100.628,24.287,2024-08-08 03:00:00
2024-08-08,03:15:00 am,0,100.624,24.211,2024-08-08 03:15:00
2024-08-08,03:30:00 am,0,100.631,24.136,2024-08-08 03:30:00
2024-08-08,03:45:00 am,0,100.64,24.057,2024-08-08 03:45:00
2024-08-08,04:00:00 am,0,100.629,23.981,2024-08-08 04:00:00
2024-08-08,04:15:00 am,0,100.62,23.909,2024-08-08 04:15:00
2024-08-08,04:30:00 am,0,100.63,23.831,2024-08-08 04:30:00
2024-08-08,04:45:00 am,0,100.631,23.76,2024-08-08 04:45:00
2024-08-08,05:00:00 am,0,100.633,23.684,2024-08-08 05:00:00
2024-08-08,05:15:00 am,0,100.638,23.613,2024-08-08 05:15:00
2024-08-08,05:30:00 am,0,100.652,23.538,2024-08-08 05:30:00
2024-08-08,05:45:00 am,0,100.648,23.463,2024-08-08 05:45:00
2024-08-08,06:00:00 am,0,100.644,23.387,2024-08-08 06:00:00
2024-08-08,06:15:00 am,0,100.652,23.313,2024-08-08 06:15:00
2024-08-08,06:30:00 am,0,100.654,23.247,2024-08-08 06:30:00
2024-08-08,06:45:00 am,0,100.652,23.187,2024-08-08 06:45:00
2024-08-08,07:00:00 am,0,100.656,23.132,2024-08-08 07:00:00
2024-08-08,07:15:00 am,0,100.671,23.088,2024-08-08 07:15:00
2024-08-08,07:30:00 am,0,100.688,23.07,2024-08-08 07:30:00
2024-08-08,07:45:00 am,0,100.701,23.069,2024-08-08 07:45:00
2024-08-08,08:00:00 am,0,100.713,23.071,2024-08-08 08:00:00
2024-08-08,08:15:00 am,0,100.721,23.088,2024-08-08 08:15:00
2024-08-08,08:30:00 am,0,100.718,23.096,2024-08-08 08:30:00
2024-08-08,08:45:00 am,0,100.723,23.117,2024-08-08 08:45:00
2024-08-08,09:00:00 am,0,100.731,23.139,2024-08-08 09:00:00
2024-08-08,09:15:00 am,0,100.74,23.156,2024-08-08 09:15:00
2024-08-08,09:30:00 am,0,100.743,23.172,2024-08-08 09:30:00
2024-08-08,09:45:00 am,0,100.748,23.198,2024-08-08 09:45:00
2024-08-08,10:00:00 am,0,100.762,23.252,2024-08-08 10:00:00
2024-08-08,10:15:00 am,0,100.776,23.282,2024-08-08 10:15:00
2024-08-08,10:30:00 am,0,100.785,23.297,2024-08-08 10:30:00
2024-08-08,10:45:00 am,0,100.796,23.326,2024-08-08 10:45:00
2024-08-08,11:00:00 am,0,100.805,23.362,2024-08-08 11:00:00
2024-08-08,11:15:00 am,0,100.812,23.423,2024-08-08 11:15:00
2024-08-08,11:30:00 am,0,100.822,23.501,2024-08-08 11:30:00
2024-08-08,11:45:00 am,0,100.839,23.638,2024-08-08 11:45:00
2024-08-08,12:00:00 pm,0,100.867,23.833,2024-08-08 12:00:00
2024-08-08,12:15:00 pm,0,100.892,24.011,2024-08-08 12:15:00
2024-08-08,12:30:00 pm,0,100.9,24.107,2024-08-08 12:30:00
2024-08-08,12:45:00 pm,0,100.899,24.14,2024-08-08 12:45:00
2024-08-08,01:00:00 pm,0,100.914,24.157,2024-08-08 01:00:00
2024-08-08,01:15:00 pm,0,100.912,24.143,2024-08-08 01:15:00
2024-08-08,01:30:00 pm,0,100.914,24.141,2024-08-08 01:30:00
2024-08-08,01:45:00 pm,0,100.906,24.139,2024-08-08 01:45:00
2024-08-08,02:00:00 pm,0,100.927,24.223,2024-08-08 02:00:00
2024-08-08,02:15:00 pm,0,100.921,24.246,2024-08-08 02:15:00
2024-08-08,02:30:00 pm,0,100.919,24.322,2024-08-08 02:30:00
2024-08-08,02:45:00 pm,0,100.921,24.357,2024-08-08 02:45:00
2024-08-08,03:00:00 pm,0,100.915,24.329,2024-08-08 03:00:00
2024-08-08,03:15:00 pm,0,100.914,24.336,2024-08-08 03:15:00
2024-08-08,03:30:00 pm,0,100.917,24.386,2024-08-08 03:30:00
2024-08-08,03:45:00 pm,0,100.923,24.421,2024-08-08 03:45:00
2024-08-08,04:00:00 pm,0,100.927,24.46,2024-08-08 04:00:00
2024-08-08,04:15:00 pm,0,100.931,24.512,2024-08-08 04:15:00
2024-08-08,04:30:00 pm,0,100.928,24.563,2024-08-08 04:30:00
2024-08-08,04:45:00 pm,0,100.918,24.595,2024-08-08 04:45:00
2024-08-08,05:00:00 pm,0,100.913,24.63,2024-08-08 05:00:00
2024-08-08,05:15:00 pm,0,100.915,24.639,2024-08-08 05:15:00
2024-08-08,05:30:00 pm,0,100.899,24.645,2024-08-08 05:30:00
2024-08-08,05:45:00 pm,0,100.887,24.645,2024-08-08 05:45:00
2024-08-08,06:00:00 pm,0,100.876,24.635,2024-08-08 06:00:00
2024-08-08,06:15:00 pm,0,100.868,24.622,2024-08-08 06:15:00
2024-08-08,06:30:00 pm,0,100.863,24.598,2024-08-08 06:30:00
2024-08-08,06:45:00 pm,0,100.87,24.574,2024-08-08 06:45:00
2024-08-08,07:00:00 pm,0,100.876,24.548,2024-08-08 07:00:00
2024-08-08,07:15:00 pm,0,100.881,24.516,2024-08-08 07:15:00
2024-08-08,07:30:00 pm,0,100.895,24.482,2024-08-08 07:30:00
2024-08-08,07:45:00 pm,0,100.902,24.448,2024-08-08 07:45:00
2024-08-08,08:00:00 pm,0,100.899,24.419,2024-08-08 08:00:00
2024-08-08,08:15:00 pm,0,100.893,24.379,2024-08-08 08:15:00
2024-08-08,08:30:00 pm,0,100.901,24.342,2024-08-08 08:30:00
2024-08-08,08:45:00 pm,0,100.914,24.298,2024-08-08 08:45:00
2024-08-08,09:00:00 pm,0,100.938,24.258,2024-08-08 09:00:00
2024-08-08,09:15:00 pm,0,100.946,24.213,2024-08-08 09:15:00
2024-08-08,09:30:00 pm,0,100.959,24.171,2024-08-08 09:30:00
2024-08-08,09:45:00 pm,0,100.964,24.128,2024-08-08 09:45:00
2024-08-08,10:00:00 pm,0,100.971,24.086,2024-08-08 10:00:00
2024-08-08,10:15:00 pm,0,100.963,24.05,2024-08-08 10:15:00
2024-08-08,10:30:00 pm,0,100.955,24.016,2024-08-08 10:30:00
2024-08-08,10:45:00 pm,0,100.956,23.978,2024-08-08 10:45:00
2024-08-08,11:00:00 pm,0,100.952,23.938,2024-08-08 11:00:00
2024-08-08,11:15:00 pm,0,100.948,23.897,2024-08-08 11:15:00
2024-08-08,11:30:00 pm,0,100.959,23.859,2024-08-08 11:30:00
2024-08-08,11:45:00 pm,0,100.955,23.823,2024-08-08 11:45:00
2024-08-09,12:00:00 am,0,100.951,23.791,2024-08-09 12:00:00
2024-08-09,12:15:00 am,0,100.942,23.754,2024-08-09 12:15:00
2024-08-09,12:30:00 am,0,100.938,23.72,2024-08-09 12:30:00
2024-08-09,12:45:00 am,0,100.928,23.682,2024-08-09 12:45:00
2024-08-09,01:00:00 am,0,100.915,23.637,2024-08-09 01:00:00
2024-08-09,01:15:00 am,0,100.903,23.596,2024-08-09 01:15:00
2024-08-09,01:30:00 am,0,100.903,23.548,2024-08-09 01:30:00
2024-08-09,01:45:00 am,0,100.89,23.5,2024-08-09 01:45:00
2024-08-09,02:00:00 am,0,100.881,23.463,2024-08-09 02:00:00
2024-08-09,02:15:00 am,0,100.882,23.43,2024-08-09 02:15:00
2024-08-09,02:30:00 am,0,100.883,23.396,2024-08-09 02:30:00
2024-08-09,02:45:00 am,0,100.879,23.365,2024-08-09 02:45:00
2024-08-09,03:00:00 am,0,100.898,23.338,2024-08-09 03:00:00
2024-08-09,03:15:00 am,0,100.939,23.307,2024-08-09 03:15:00
2024-08-09,03:30:00 am,0,100.944,23.274,2024-08-09 03:30:00
2024-08-09,03:45:00 am,0,100.945,23.247,2024-08-09 03:45:00
2024-08-09,04:00:00 am,0,100.954,23.228,2024-08-09 04:00:00
2024-08-09,04:15:00 am,0,100.976,23.213,2024-08-09 04:15:00
2024-08-09,04:30:00 am,0,100.973,23.199,2024-08-09 04:30:00
2024-08-09,04:45:00 am,0,100.979,23.184,2024-08-09 04:45:00
2024-08-09,05:00:00 am,0,100.988,23.167,2024-08-09 05:00:00
2024-08-09,05:15:00 am,0,100.999,23.148,2024-08-09 05:15:00
2024-08-09,05:30:00 am,0,101.011,23.121,2024-08-09 05:30:00
2024-08-09,05:45:00 am,0,101.027,23.087,2024-08-09 05:45:00
2024-08-09,06:00:00 am,0,101.032,23.047,2024-08-09 06:00:00
2024-08-09,06:15:00 am,0,101.04,22.998,2024-08-09 06:15:00
2024-08-09,06:30:00 am,0,101.044,22.951,2024-08-09 06:30:00
2024-08-09,06:45:00 am,0,101.127,22.908,2024-08-09 06:45:00
2024-08-09,07:00:00 am,0,101.162,22.881,2024-08-09 07:00:00
2024-08-09,07:15:00 am,0,101.181,22.869,2024-08-09 07:15:00
2024-08-09,07:30:00 am,0,101.204,22.876,2024-08-09 07:30:00
2024-08-09,07:45:00 am,0,101.219,22.902,2024-08-09 07:45:00
2024-08-09,08:00:00 am,0,101.235,22.942,2024-08-09 08:00:00
2024-08-09,08:15:00 am,0,101.251,22.997,2024-08-09 08:15:00
2024-08-09,08:30:00 am,0,101.269,23.055,2024-08-09 08:30:00
2024-08-09,08:45:00 am,0,101.287,23.14,2024-08-09 08:45:00
2024-08-09,09:00:00 am,0,101.307,23.247,2024-08-09 09:00:00
2024-08-09,09:15:00 am,0,101.331,23.353,2024-08-09 09:15:00
2024-08-09,09:30:00 am,0,101.357,23.463,2024-08-09 09:30:00
2024-08-09,09:45:00 am,0,101.384,23.567,2024-08-09 09:45:00
2024-08-09,10:00:00 am,0,101.398,23.648,2024-08-09 10:00:00
2024-08-09,10:15:00 am,0,101.423,23.742,2024-08-09 10:15:00
2024-08-09,10:30:00 am,0,101.439,23.854,2024-08-09 10:30:00
2024-08-09,10:45:00 am,0,101.455,23.98,2024-08-09 10:45:00
2024-08-09,11:00:00 am,0,101.464,24.116,2024-08-09 11:00:00
2024-08-09,11:15:00 am,0,101.47,24.258,2024-08-09 11:15:00
2024-08-09,11:30:00 am,0,101.463,24.434,2024-08-09 11:30:00
2024-08-09,11:45:00 am,0,101.464,24.613,2024-08-09 11:45:00
2024-08-09,12:00:00 pm,0,101.474,24.701,2024-08-09 12:00:00
2024-08-09,12:15:00 pm,0,101.451,24.776,2024-08-09 12:15:00
2024-08-09,12:30:00 pm,0,101.462,24.947,2024-08-09 12:30:00
2024-08-09,12:45:00 pm,0,101.456,25.065,2024-08-09 12:45:00
2024-08-09,01:00:00 pm,0,101.458,25.156,2024-08-09 01:00:00
2024-08-09,01:15:00 pm,0,101.457,25.254,2024-08-09 01:15:00
2024-08-09,01:30:00 pm,0,101.458,25.353,2024-08-09 01:30:00
2024-08-09,01:45:00 pm,0,101.465,25.484,2024-08-09 01:45:00
2024-08-09,02:00:00 pm,0,101.437,25.631,2024-08-09 02:00:00
2024-08-09,02:15:00 pm,0,101.44,25.813,2024-08-09 02:15:00
2024-08-09,02:30:00 pm,0,101.44,25.989,2024-08-09 02:30:00
2024-08-09,02:45:00 pm,0,101.432,26.106,2024-08-09 02:45:00
2024-08-09,03:00:00 pm,0,101.421,26.209,2024-08-09 03:00:00
2024-08-09,03:15:00 pm,0,101.41,26.283,2024-08-09 03:15:00
2024-08-09,03:30:00 pm,0,101.413,26.302,2024-08-09 03:30:00
2024-08-09,03:45:00 pm,0,101.399,26.256,2024-08-09 03:45:00
2024-08-09,04:00:00 pm,0,101.4,26.233,2024-08-09 04:00:00
2024-08-09,04:15:00 pm,0,101.406,26.28,2024-08-09 04:15:00
2024-08-09,04:30:00 pm,0,101.405,26.239,2024-08-09 04:30:00
2024-08-09,04:45:00 pm,0,101.384,26.139,2024-08-09 04:45:00
2024-08-09,05:00:00 pm,0,101.378,26.053,2024-08-09 05:00:00
2024-08-09,05:15:00 pm,0,101.37,25.972,2024-08-09 05:15:00
2024-08-09,05:30:00 pm,0,101.356,25.905,2024-08-09 05:30:00
2024-08-09,05:45:00 pm,0,101.349,25.839,2024-08-09 05:45:00
2024-08-09,06:00:00 pm,0,101.363,25.783,2024-08-09 06:00:00
2024-08-09,06:15:00 pm,0,101.366,25.713,2024-08-09 06:15:00
2024-08-09,06:30:00 pm,0,101.368,25.643,2024-08-09 06:30:00
2024-08-09,06:45:00 pm,0,101.373,25.576,2024-08-09 06:45:00
2024-08-09,07:00:00 pm,0,101.372,25.509,2024-08-09 07:00:00
2024-08-09,07:15:00 pm,0,101.378,25.437,2024-08-09 07:15:00
2024-08-09,07:30:00 pm,0,101.379,25.364,2024-08-09 07:30:00
2024-08-09,07:45:00 pm,0,101.39,25.286,2024-08-09 07:45:00
2024-08-09,08:00:00 pm,0,101.409,25.204,2024-08-09 08:00:00
2024-08-09,08:15:00 pm,0,101.42,25.113,2024-08-09 08:15:00
2024-08-09,08:30:00 pm,0,101.431,25.029,2024-08-09 08:30:00
2024-08-09,08:45:00 pm,0,101.437,24.942,2024-08-09 08:45:00
2024-08-09,09:00:00 pm,0,101.444,24.856,2024-08-09 09:00:00
2024-08-09,09:15:00 pm,0,101.447,24.769,2024-08-09 09:15:00
2024-08-09,09:30:00 pm,0,101.451,24.678,2024-08-09 09:30:00
2024-08-09,09:45:00 pm,0,101.454,24.577,2024-08-09 09:45:00
2024-08-09,10:00:00 pm,0,101.458,24.479,2024-08-09 10:00:00
2024-08-09,10:15:00 pm,0,101.462,24.391,2024-08-09 10:15:00
2024-08-09,10:30:00 pm,0,101.457,24.305,2024-08-09 10:30:00
2024-08-09,10:45:00 pm,0,101.456,24.214,2024-08-09 10:45:00
2024-08-09,11:00:00 pm,0,101.459,24.122,2024-08-09 11:00:00
2024-08-09,11:15:00 pm,0,101.463,24.038,2024-08-09 11:15:00
2024-08-09,11:30:00 pm,0,101.476,23.969,2024-08-09 11:30:00
2024-08-09,11:45:00 pm,0,101.481,23.896,2024-08-09 11:45:00
2024-08-10,12:00:00 am,0,101.477,23.816,2024-08-10 12:00:00
2024-08-10,12:15:00 am,0,101.472,23.739,2024-08-10 12:15:00
2024-08-10,12:30:00 am,0,101.457,23.66,2024-08-10 12:30:00
2024-08-10,12:45:00 am,0,101.448,23.582,2024-08-10 12:45:00
2024-08-10,01:00:00 am,0,101.443,23.509,2024-08-10 01:00:00
2024-08-10,01:15:00 am,0,101.455,23.441,2024-08-10 01:15:00
2024-08-10,01:30:00 am,0,101.463,23.375,2024-08-10 01:30:00
2024-08-10,01:45:00 am,0,101.456,23.298,2024-08-10 01:45:00
2024-08-10,02:00:00 am,0,101.459,23.222,2024-08-10 02:00:00
2024-08-10,02:15:00 am,0,101.459,23.148,2024-08-10 02:15:00
2024-08-10,02:30:00 am,0,101.463,23.084,2024-08-10 02:30:00
2024-08-10,02:45:00 am,0,101.467,23.023,2024-08-10 02:45:00
2024-08-10,03:00:00 am,0,101.467,22.958,2024-08-10 03:00:00
2024-08-10,03:15:00 am,0,101.464,22.896,2024-08-10 03:15:00
2024-08-10,03:30:00 am,0,101.473,22.834,2024-08-10 03:30:00
2024-08-10,03:45:00 am,0,101.485,22.78,2024-08-10 03:45:00
2024-08-10,04:00:00 am,0,101.5,22.726,2024-08-10 04:00:00
2024-08-10,04:15:00 am,0,101.512,22.677,2024-08-10 04:15:00
2024-08-10,04:30:00 am,0,101.522,22.63,2024-08-10 04:30:00
2024-08-10,04:45:00 am,0,101.532,22.585,2024-08-10 04:45:00
2024-08-10,05:00:00 am,0,101.543,22.539,2024-08-10 05:00:00
2024-08-10,05:15:00 am,0,101.565,22.493,2024-08-10 05:15:00
2024-08-10,05:30:00 am,0,101.574,22.444,2024-08-10 05:30:00
2024-08-10,05:45:00 am,0,101.584,22.394,2024-08-10 05:45:00
2024-08-10,06:00:00 am,0,101.607,22.349,2024-08-10 06:00:00
2024-08-10,06:15:00 am,0,101.609,22.301,2024-08-10 06:15:00
2024-08-10,06:30:00 am,0,101.628,22.257,2024-08-10 06:30:00
2024-08-10,06:45:00 am,0,101.64,22.223,2024-08-10 06:45:00
2024-08-10,07:00:00 am,0,101.658,22.195,2024-08-10 07:00:00
2024-08-10,07:15:00 am,0,101.662,22.184,2024-08-10 07:15:00
2024-08-10,07:30:00 am,0,101.679,22.186,2024-08-10 07:30:00
2024-08-10,07:45:00 am,0,101.695,22.209,2024-08-10 07:45:00
2024-08-10,08:00:00 am,0,101.721,22.248,2024-08-10 08:00:00
2024-08-10,08:15:00 am,0,101.737,22.315,2024-08-10 08:15:00
2024-08-10,08:30:00 am,0,101.756,22.389,2024-08-10 08:30:00
2024-08-10,08:45:00 am,0,101.79,22.508,2024-08-10 08:45:00
2024-08-10,09:00:00 am,0,101.818,22.644,2024-08-10 09:00:00
2024-08-10,09:15:00 am,0,101.855,22.786,2024-08-10 09:15:00
2024-08-10,09:30:00 am,0,101.89,22.913,2024-08-10 09:30:00
2024-08-10,09:45:00 am,0,101.921,23.035,2024-08-10 09:45:00
2024-08-10,10:00:00 am,0,101.935,23.11,2024-08-10 10:00:00
2024-08-10,10:15:00 am,0,101.953,23.196,2024-08-10 10:15:00
2024-08-10,10:30:00 am,0,101.977,23.321,2024-08-10 10:30:00
2024-08-10,10:45:00 am,0,101.994,23.454,2024-08-10 10:45:00
2024-08-10,11:00:00 am,0,102,23.591,2024-08-10 11:00:00
2024-08-10,11:15:00 am,0,102.006,23.731,2024-08-10 11:15:00
2024-08-10,11:30:00 am,0,102.01,23.898,2024-08-10 11:30:00
2024-08-10,11:45:00 am,0,101.994,24.028,2024-08-10 11:45:00
2024-08-10,12:00:00 pm,0,101.982,24.153,2024-08-10 12:00:00
2024-08-10,12:15:00 pm,0,101.969,24.323,2024-08-10 12:15:00
2024-08-10,12:30:00 pm,0,101.958,24.47,2024-08-10 12:30:00
2024-08-10,12:45:00 pm,0,101.936,24.546,2024-08-10 12:45:00
2024-08-10,01:00:00 pm,0,101.92,24.658,2024-08-10 01:00:00
2024-08-10,01:15:00 pm,0,101.914,24.787,2024-08-10 01:15:00
2024-08-10,01:30:00 pm,0,101.907,24.943,2024-08-10 01:30:00
2024-08-10,01:45:00 pm,0,101.877,25.073,2024-08-10 01:45:00
2024-08-10,02:00:00 pm,0,101.868,25.213,2024-08-10 02:00:00
2024-08-10,02:15:00 pm,0,101.853,25.357,2024-08-10 02:15:00
2024-08-10,02:30:00 pm,0,101.841,25.513,2024-08-10 02:30:00
2024-08-10,02:45:00 pm,0,101.813,25.638,2024-08-10 02:45:00
2024-08-10,03:00:00 pm,0,101.802,25.714,2024-08-10 03:00:00
2024-08-10,03:15:00 pm,0,101.798,25.783,2024-08-10 03:15:00
2024-08-10,03:30:00 pm,0,101.781,25.8,2024-08-10 03:30:00
2024-08-10,03:45:00 pm,0,101.767,25.772,2024-08-10 03:45:00
2024-08-10,04:00:00 pm,0,101.761,25.75,2024-08-10 04:00:00
2024-08-10,04:15:00 pm,0,101.758,25.784,2024-08-10 04:15:00
2024-08-10,04:30:00 pm,0,101.762,25.755,2024-08-10 04:30:00
2024-08-10,04:45:00 pm,0,101.748,25.669,2024-08-10 04:45:00
2024-08-10,05:00:00 pm,0,101.726,25.564,2024-08-10 05:00:00
2024-08-10,05:15:00 pm,0,101.711,25.479,2024-08-10 05:15:00
2024-08-10,05:30:00 pm,0,101.7,25.417,2024-08-10 05:30:00
2024-08-10,05:45:00 pm,0,101.692,25.361,2024-08-10 05:45:00
2024-08-10,06:00:00 pm,0,101.681,25.306,2024-08-10 06:00:00
2024-08-10,06:15:00 pm,0,101.69,25.232,2024-08-10 06:15:00
2024-08-10,06:30:00 pm,0,101.695,25.158,2024-08-10 06:30:00
2024-08-10,06:45:00 pm,0,101.705,25.084,2024-08-10 06:45:00
2024-08-10,07:00:00 pm,0,101.716,24.996,2024-08-10 07:00:00
2024-08-10,07:15:00 pm,0,101.724,24.888,2024-08-10 07:15:00
2024-08-10,07:30:00 pm,0,101.73,24.764,2024-08-10 07:30:00
2024-08-10,07:45:00 pm,0,101.723,24.647,2024-08-10 07:45:00
2024-08-10,08:00:00 pm,0,101.715,24.517,2024-08-10 08:00:00
2024-08-10,08:15:00 pm,0,101.714,24.377,2024-08-10 08:15:00
2024-08-10,08:30:00 pm,0,101.72,24.235,2024-08-10 08:30:00
2024-08-10,08:45:00 pm,0,101.72,24.105,2024-08-10 08:45:00
2024-08-10,09:00:00 pm,0,101.727,23.978,2024-08-10 09:00:00
2024-08-10,09:15:00 pm,0,101.737,23.851,2024-08-10 09:15:00
2024-08-10,09:30:00 pm,0,101.729,23.734,2024-08-10 09:30:00
2024-08-10,09:45:00 pm,0,101.722,23.618,2024-08-10 09:45:00
2024-08-10,10:00:00 pm,0,101.713,23.505,2024-08-10 10:00:00
2024-08-10,10:15:00 pm,0,101.707,23.399,2024-08-10 10:15:00
2024-08-10,10:30:00 pm,0,101.696,23.303,2024-08-10 10:30:00
2024-08-10,10:45:00 pm,0,101.689,23.217,2024-08-10 10:45:00
2024-08-10,11:00:00 pm,0,101.693,23.133,2024-08-10 11:00:00
2024-08-10,11:15:00 pm,0,101.69,23.056,2024-08-10 11:15:00
2024-08-10,11:30:00 pm,0,101.67,22.978,2024-08-10 11:30:00
2024-08-10,11:45:00 pm,0,101.661,22.89,2024-08-10 11:45:00
2024-08-11,12:00:00 am,0,101.651,22.804,2024-08-11 12:00:00
2024-08-11,12:15:00 am,0,101.646,22.719,2024-08-11 12:15:00
2024-08-11,12:30:00 am,0,101.639,22.638,2024-08-11 12:30:00
2024-08-11,12:45:00 am,0,101.632,22.555,2024-08-11 12:45:00
2024-08-11,01:00:00 am,0,101.625,22.472,2024-08-11 01:00:00
2024-08-11,01:15:00 am,0,101.618,22.393,2024-08-11 01:15:00
2024-08-11,01:30:00 am,0,101.607,22.326,2024-08-11 01:30:00
2024-08-11,01:45:00 am,0,101.6,22.231,2024-08-11 01:45:00
2024-08-11,02:00:00 am,0,101.598,22.178,2024-08-11 02:00:00
2024-08-11,02:15:00 am,0,101.597,22.107,2024-08-11 02:15:00
2024-08-11,02:30:00 am,0,101.602,22.033,2024-08-11 02:30:00
2024-08-11,02:45:00 am,0,101.597,21.951,2024-08-11 02:45:00
2024-08-11,03:00:00 am,0,101.587,21.882,2024-08-11 03:00:00
2024-08-11,03:15:00 am,0,101.598,21.801,2024-08-11 03:15:00
2024-08-11,03:30:00 am,0,101.598,21.724,2024-08-11 03:30:00
2024-08-11,03:45:00 am,0,101.603,21.677,2024-08-11 03:45:00
2024-08-11,04:00:00 am,0,101.601,21.597,2024-08-11 04:00:00
2024-08-11,04:15:00 am,0,101.605,21.516,2024-08-11 04:15:00
2024-08-11,04:30:00 am,0,101.625,21.454,2024-08-11 04:30:00
2024-08-11,04:45:00 am,0,101.647,21.382,2024-08-11 04:45:00
2024-08-11,05:00:00 am,0,101.653,21.316,2024-08-11 05:00:00
2024-08-11,05:15:00 am,0,101.667,21.255,2024-08-11 05:15:00
2024-08-11,05:30:00 am,0,101.678,21.188,2024-08-11 05:30:00
2024-08-11,05:45:00 am,0,101.687,21.121,2024-08-11 05:45:00
2024-08-11,06:00:00 am,0,101.697,21.066,2024-08-11 06:00:00
2024-08-11,06:15:00 am,0,101.711,21.009,2024-08-11 06:15:00
2024-08-11,06:30:00 am,0,101.72,20.96,2024-08-11 06:30:00
2024-08-11,06:45:00 am,0,101.723,20.911,2024-08-11 06:45:00
2024-08-11,07:00:00 am,0,101.728,20.855,2024-08-11 07:00:00
2024-08-11,07:15:00 am,0,101.731,20.82,2024-08-11 07:15:00
2024-08-11,07:30:00 am,0,101.746,20.81,2024-08-11 07:30:00
2024-08-11,07:45:00 am,0,101.761,20.823,2024-08-11 07:45:00
2024-08-11,08:00:00 am,0,101.765,20.851,2024-08-11 08:00:00
2024-08-11,08:15:00 am,0,101.772,20.915,2024-08-11 08:15:00
2024-08-11,08:30:00 am,0,101.783,20.986,2024-08-11 08:30:00
2024-08-11,08:45:00 am,0,101.802,21.103,2024-08-11 08:45:00
2024-08-11,09:00:00 am,0,101.832,21.246,2024-08-11 09:00:00
2024-08-11,09:15:00 am,0,101.87,21.41,2024-08-11 09:15:00
2024-08-11,09:30:00 am,0,101.904,21.572,2024-08-11 09:30:00
2024-08-11,09:45:00 am,0,101.926,21.72,2024-08-11 09:45:00
2024-08-11,10:00:00 am,0,101.941,21.818,2024-08-11 10:00:00
2024-08-11,10:15:00 am,0,101.954,21.925,2024-08-11 10:15:00
2024-08-11,10:30:00 am,0,101.97,22.066,2024-08-11 10:30:00
2024-08-11,10:45:00 am,0,101.98,22.226,2024-08-11 10:45:00
2024-08-11,11:00:00 am,0,101.978,22.385,2024-08-11 11:00:00
2024-08-11,11:15:00 am,0,101.983,22.554,2024-08-11 11:15:00
2024-08-11,11:30:00 am,0,101.994,22.767,2024-08-11 11:30:00
2024-08-11,11:45:00 am,0,101.982,22.956,2024-08-11 11:45:00
2024-08-11,12:00:00 pm,0,101.982,23.129,2024-08-11 12:00:00
2024-08-11,12:15:00 pm,0,101.973,23.289,2024-08-11 12:15:00
2024-08-11,12:30:00 pm,0,101.975,23.44,2024-08-11 12:30:00
2024-08-11,12:45:00 pm,0,101.95,23.525,2024-08-11 12:45:00
2024-08-11,01:00:00 pm,0,101.937,23.632,2024-08-11 01:00:00
2024-08-11,01:15:00 pm,0,101.916,23.762,2024-08-11 01:15:00
2024-08-11,01:30:00 pm,0,101.882,23.921,2024-08-11 01:30:00
2024-08-11,01:45:00 pm,0,101.848,24.095,2024-08-11 01:45:00
2024-08-11,02:00:00 pm,0,101.859,24.259,2024-08-11 02:00:00
2024-08-11,02:15:00 pm,0,101.84,24.414,2024-08-11 02:15:00
2024-08-11,02:30:00 pm,0,101.842,24.599,2024-08-11 02:30:00
2024-08-11,02:45:00 pm,0,101.824,24.748,2024-08-11 02:45:00
2024-08-11,03:00:00 pm,0,101.795,24.85,2024-08-11 03:00:00
2024-08-11,03:15:00 pm,0,101.777,24.93,2024-08-11 03:15:00
2024-08-11,03:30:00 pm,0,101.741,24.96,2024-08-11 03:30:00
2024-08-11,03:45:00 pm,0,101.733,24.952,2024-08-11 03:45:00
2024-08-11,04:00:00 pm,0,101.719,24.96,2024-08-11 04:00:00
2024-08-11,04:15:00 pm,0,101.718,25.053,2024-08-11 04:15:00
2024-08-11,04:30:00 pm,0,101.697,25.019,2024-08-11 04:30:00
2024-08-11,04:45:00 pm,0,101.691,24.918,2024-08-11 04:45:00
2024-08-11,05:00:00 pm,0,101.674,24.819,2024-08-11 05:00:00
2024-08-11,05:15:00 pm,0,101.671,24.729,2024-08-11 05:15:00
2024-08-11,05:30:00 pm,0,101.656,24.664,2024-08-11 05:30:00
2024-08-11,05:45:00 pm,0,101.651,24.612,2024-08-11 05:45:00
2024-08-11,06:00:00 pm,0,101.655,24.559,2024-08-11 06:00:00
2024-08-11,06:15:00 pm,0,101.647,24.496,2024-08-11 06:15:00
2024-08-11,06:30:00 pm,0,101.651,24.429,2024-08-11 06:30:00
2024-08-11,06:45:00 pm,0,101.64,24.363,2024-08-11 06:45:00
2024-08-11,07:00:00 pm,0,101.645,24.295,2024-08-11 07:00:00
2024-08-11,07:15:00 pm,0,101.648,24.212,2024-08-11 07:15:00
2024-08-11,07:30:00 pm,0,101.634,24.114,2024-08-11 07:30:00
2024-08-11,07:45:00 pm,0,101.631,24.015,2024-08-11 07:45:00
2024-08-11,08:00:00 pm,0,101.642,23.912,2024-08-11 08:00:00
2024-08-11,08:15:00 pm,0,101.646,23.811,2024-08-11 08:15:00
2024-08-11,08:30:00 pm,0,101.644,23.714,2024-08-11 08:30:00
2024-08-11,08:45:00 pm,0,101.644,23.622,2024-08-11 08:45:00
2024-08-11,09:00:00 pm,0,101.652,23.541,2024-08-11 09:00:00
2024-08-11,09:15:00 pm,0,101.658,23.457,2024-08-11 09:15:00
2024-08-11,09:30:00 pm,0,101.656,23.365,2024-08-11 09:30:00
2024-08-11,09:45:00 pm,0,101.649,23.27,2024-08-11 09:45:00
2024-08-11,10:00:00 pm,0,101.657,23.178,2024-08-11 10:00:00
2024-08-11,10:15:00 pm,0,101.661,23.092,2024-08-11 10:15:00
2024-08-11,10:30:00 pm,0,101.655,23.001,2024-08-11 10:30:00
2024-08-11,10:45:00 pm,0,101.648,22.91,2024-08-11 10:45:00
2024-08-11,11:00:00 pm,0,101.646,22.824,2024-08-11 11:00:00
2024-08-11,11:15:00 pm,0,101.638,22.74,2024-08-11 11:15:00
2024-08-11,11:30:00 pm,0,101.649,22.663,2024-08-11 11:30:00
2024-08-11,11:45:00 pm,0,101.634,22.577,2024-08-11 11:45:00
2024-08-12,12:00:00 am,0,101.637,22.505,2024-08-12 12:00:00
2024-08-12,12:15:00 am,0,101.638,22.425,2024-08-12 12:15:00
2024-08-12,12:30:00 am,0,101.633,22.347,2024-08-12 12:30:00
2024-08-12,12:45:00 am,0,101.629,22.28,2024-08-12 12:45:00
2024-08-12,01:00:00 am,0,101.64,22.213,2024-08-12 01:00:00
2024-08-12,01:15:00 am,0,101.643,22.142,2024-08-12 01:15:00
2024-08-12,01:30:00 am,0,101.624,22.073,2024-08-12 01:30:00
2024-08-12,01:45:00 am,0,101.619,22.006,2024-08-12 01:45:00
2024-08-12,02:00:00 am,0,101.623,21.934,2024-08-12 02:00:00
2024-08-12,02:15:00 am,0,101.629,21.867,2024-08-12 02:15:00
2024-08-12,02:30:00 am,0,101.609,21.806,2024-08-12 02:30:00
2024-08-12,02:45:00 am,0,101.588,21.735,2024-08-12 02:45:00
2024-08-12,03:00:00 am,0,101.58,21.68,2024-08-12 03:00:00
2024-08-12,03:15:00 am,0,101.573,21.618,2024-08-12 03:15:00
2024-08-12,03:30:00 am,0,101.552,21.536,2024-08-12 03:30:00
2024-08-12,03:45:00 am,0,101.54,21.477,2024-08-12 03:45:00
2024-08-12,04:00:00 am,0,101.539,21.41,2024-08-12 04:00:00
2024-08-12,04:15:00 am,0,101.547,21.347,2024-08-12 04:15:00
2024-08-12,04:30:00 am,0,101.553,21.281,2024-08-12 04:30:00
2024-08-12,04:45:00 am,0,101.548,21.222,2024-08-12 04:45:00
2024-08-12,05:00:00 am,0,101.547,21.168,2024-08-12 05:00:00
2024-08-12,05:15:00 am,0,101.551,21.116,2024-08-12 05:15:00
2024-08-12,05:30:00 am,0,101.56,21.07,2024-08-12 05:30:00
2024-08-12,05:45:00 am,0,101.572,21.012,2024-08-12 05:45:00
2024-08-12,06:00:00 am,0,101.601,20.953,2024-08-12 06:00:00
2024-08-12,06:15:00 am,0,101.623,20.905,2024-08-12 06:15:00
2024-08-12,06:30:00 am,0,101.631,20.859,2024-08-12 06:30:00
2024-08-12,06:45:00 am,0,101.635,20.806,2024-08-12 06:45:00
2024-08-12,07:00:00 am,0,101.654,20.772,2024-08-12 07:00:00
2024-08-12,07:15:00 am,0,101.659,20.749,2024-08-12 07:15:00
2024-08-12,07:30:00 am,0,101.672,20.732,2024-08-12 07:30:00
2024-08-12,07:45:00 am,0,101.683,20.747,2024-08-12 07:45:00
2024-08-12,08:00:00 am,0,101.708,20.776,2024-08-12 08:00:00
2024-08-12,08:15:00 am,0,101.721,20.833,2024-08-12 08:15:00
2024-08-12,08:30:00 am,0,101.738,20.906,2024-08-12 08:30:00
2024-08-12,08:45:00 am,0,101.769,21.049,2024-08-12 08:45:00
2024-08-12,09:00:00 am,0,101.8,21.208,2024-08-12 09:00:00
2024-08-12,09:15:00 am,0,101.839,21.394,2024-08-12 09:15:00
2024-08-12,09:30:00 am,0,101.874,21.572,2024-08-12 09:30:00
2024-08-12,09:45:00 am,0,101.91,21.715,2024-08-12 09:45:00
2024-08-12,10:00:00 am,0,101.929,21.81,2024-08-12 10:00:00
2024-08-12,10:15:00 am,0,101.954,21.91,2024-08-12 10:15:00
2024-08-12,10:30:00 am,0,101.971,22.046,2024-08-12 10:30:00
2024-08-12,10:45:00 am,0,101.978,22.2,2024-08-12 10:45:00
2024-08-12,11:00:00 am,0,101.98,22.357,2024-08-12 11:00:00
2024-08-12,11:15:00 am,0,101.982,22.513,2024-08-12 11:15:00
2024-08-12,11:30:00 am,0,101.967,22.72,2024-08-12 11:30:00
2024-08-12,11:45:00 am,0,101.962,22.904,2024-08-12 11:45:00
2024-08-12,12:00:00 pm,0,101.952,23.087,2024-08-12 12:00:00
2024-08-12,12:15:00 pm,0,101.931,23.225,2024-08-12 12:15:00
2024-08-12,12:30:00 pm,0,101.924,23.336,2024-08-12 12:30:00
2024-08-12,12:45:00 pm,0,101.932,23.416,2024-08-12 12:45:00
2024-08-12,01:00:00 pm,0,101.918,23.504,2024-08-12 01:00:00
2024-08-12,01:15:00 pm,0,101.893,23.631,2024-08-12 01:15:00
2024-08-12,01:30:00 pm,0,101.864,23.774,2024-08-12 01:30:00
2024-08-12,01:45:00 pm,0,101.858,23.909,2024-08-12 01:45:00
2024-08-12,02:00:00 pm,0,101.835,24.052,2024-08-12 02:00:00
2024-08-12,02:15:00 pm,0,101.821,24.205,2024-08-12 02:15:00
2024-08-12,02:30:00 pm,0,101.81,24.371,2024-08-12 02:30:00
2024-08-12,02:45:00 pm,0,101.79,24.519,2024-08-12 02:45:00
2024-08-12,03:00:00 pm,0,101.776,24.648,2024-08-12 03:00:00
2024-08-12,03:15:00 pm,0,101.747,24.741,2024-08-12 03:15:00
2024-08-12,03:30:00 pm,0,101.723,24.797,2024-08-12 03:30:00
2024-08-12,03:45:00 pm,0,101.721,24.81,2024-08-12 03:45:00
2024-08-12,04:00:00 pm,0,101.706,24.823,2024-08-12 04:00:00
2024-08-12,04:15:00 pm,0,101.699,24.929,2024-08-12 04:15:00
2024-08-12,04:30:00 pm,0,101.703,24.921,2024-08-12 04:30:00
2024-08-12,04:45:00 pm,0,101.69,24.835,2024-08-12 04:45:00
2024-08-12,05:00:00 pm,0,101.679,24.721,2024-08-12 05:00:00
2024-08-12,05:15:00 pm,0,101.665,24.632,2024-08-12 05:15:00
2024-08-12,05:30:00 pm,0,101.657,24.561,2024-08-12 05:30:00
2024-08-12,05:45:00 pm,0,101.644,24.522,2024-08-12 05:45:00
2024-08-12,06:00:00 pm,0,101.634,24.479,2024-08-12 06:00:00
2024-08-12,06:15:00 pm,0,101.626,24.42,2024-08-12 06:15:00
2024-08-12,06:30:00 pm,0,101.616,24.357,2024-08-12 06:30:00
2024-08-12,06:45:00 pm,0,101.612,24.296,2024-08-12 06:45:00
2024-08-12,07:00:00 pm,0,101.607,24.236,2024-08-12 07:00:00
2024-08-12,07:15:00 pm,0,101.61,24.168,2024-08-12 07:15:00
2024-08-12,07:30:00 pm,0,101.624,24.1,2024-08-12 07:30:00
2024-08-12,07:45:00 pm,0,101.631,24.024,2024-08-12 07:45:00
2024-08-12,08:00:00 pm,0,101.636,23.952,2024-08-12 08:00:00
2024-08-12,08:15:00 pm,0,101.644,23.878,2024-08-12 08:15:00
2024-08-12,08:30:00 pm,0,101.65,23.804,2024-08-12 08:30:00
2024-08-12,08:45:00 pm,0,101.655,23.736,2024-08-12 08:45:00
2024-08-12,09:00:00 pm,0,101.68,23.665,2024-08-12 09:00:00
2024-08-12,09:15:00 pm,0,101.692,23.596,2024-08-12 09:15:00
2024-08-12,09:30:00 pm,0,101.693,23.521,2024-08-12 09:30:00
2024-08-12,09:45:00 pm,0,101.693,23.451,2024-08-12 09:45:00
2024-08-12,10:00:00 pm,0,101.7,23.375,2024-08-12 10:00:00
2024-08-12,10:15:00 pm,0,101.698,23.299,2024-08-12 10:15:00
2024-08-12,10:30:00 pm,0,101.698,23.227,2024-08-12 10:30:00
2024-08-12,10:45:00 pm,0,101.708,23.154,2024-08-12 10:45:00
2024-08-12,11:00:00 pm,0,101.704,23.083,2024-08-12 11:00:00
2024-08-12,11:15:00 pm,0,101.699,23.012,2024-08-12 11:15:00
2024-08-12,11:30:00 pm,0,101.684,22.943,2024-08-12 11:30:00
2024-08-12,11:45:00 pm,0,101.674,22.878,2024-08-12 11:45:00
2024-08-13,12:00:00 am,0,101.668,22.818,2024-08-13 12:00:00
2024-08-13,12:15:00 am,0,101.661,22.754,2024-08-13 12:15:00
2024-08-13,12:30:00 am,0,101.653,22.692,2024-08-13 12:30:00
2024-08-13,12:45:00 am,0,101.637,22.634,2024-08-13 12:45:00
2024-08-13,01:00:00 am,0,101.63,22.579,2024-08-13 01:00:00
2024-08-13,01:15:00 am,0,101.628,22.518,2024-08-13 01:15:00
2024-08-13,01:30:00 am,0,101.625,22.462,2024-08-13 01:30:00
2024-08-13,01:45:00 am,0,101.615,22.412,2024-08-13 01:45:00
2024-08-13,02:00:00 am,0,101.611,22.365,2024-08-13 02:00:00
2024-08-13,02:15:00 am,0,101.607,22.317,2024-08-13 02:15:00
2024-08-13,02:30:00 am,0,101.606,22.266,2024-08-13 02:30:00
2024-08-13,02:45:00 am,0,101.606,22.219,2024-08-13 02:45:00
2024-08-13,03:00:00 am,0,101.606,22.174,2024-08-13 03:00:00
2024-08-13,03:15:00 am,0,101.605,22.133,2024-08-13 03:15:00
2024-08-13,03:30:00 am,0,101.611,22.084,2024-08-13 03:30:00
2024-08-13,03:45:00 am,0,101.602,22.036,2024-08-13 03:45:00
2024-08-13,04:00:00 am,0,101.609,21.993,2024-08-13 04:00:00
2024-08-13,04:15:00 am,0,101.621,21.953,2024-08-13 04:15:00
2024-08-13,04:30:00 am,0,101.625,21.903,2024-08-13 04:30:00
2024-08-13,04:45:00 am,0,101.636,21.864,2024-08-13 04:45:00
2024-08-13,05:00:00 am,0,101.646,21.829,2024-08-13 05:00:00
2024-08-13,05:15:00 am,0,101.65,21.787,2024-08-13 05:15:00
2024-08-13,05:30:00 am,0,101.65,21.741,2024-08-13 05:30:00
2024-08-13,05:45:00 am,0,101.662,21.699,2024-08-13 05:45:00
2024-08-13,06:00:00 am,0,101.659,21.655,2024-08-13 06:00:00
2024-08-13,06:15:00 am,0,101.667,21.617,2024-08-13 06:15:00
2024-08-13,06:30:00 am,0,101.679,21.58,2024-08-13 06:30:00
2024-08-13,06:45:00 am,0,101.679,21.549,2024-08-13 06:45:00
2024-08-13,07:00:00 am,0,101.682,21.517,2024-08-13 07:00:00
2024-08-13,07:15:00 am,0,101.717,21.507,2024-08-13 07:15:00
2024-08-13,07:30:00 am,0,101.733,21.508,2024-08-13 07:30:00
2024-08-13,07:45:00 am,0,101.755,21.524,2024-08-13 07:45:00
2024-08-13,08:00:00 am,0,101.768,21.546,2024-08-13 08:00:00
2024-08-13,08:15:00 am,0,101.781,21.597,2024-08-13 08:15:00
2024-08-13,08:30:00 am,0,101.804,21.664,2024-08-13 08:30:00
2024-08-13,08:45:00 am,0,101.833,21.788,2024-08-13 08:45:00
2024-08-13,09:00:00 am,0,101.871,21.946,2024-08-13 09:00:00
2024-08-13,09:15:00 am,0,101.907,22.124,2024-08-13 09:15:00
2024-08-13,09:30:00 am,0,101.923,22.289,2024-08-13 09:30:00
2024-08-13,09:45:00 am,0,101.942,22.426,2024-08-13 09:45:00
2024-08-13,10:00:00 am,0,101.955,22.524,2024-08-13 10:00:00
2024-08-13,10:15:00 am,0,101.968,22.614,2024-08-13 10:15:00
2024-08-13,10:30:00 am,0,101.989,22.735,2024-08-13 10:30:00
2024-08-13,10:45:00 am,0,101.995,22.892,2024-08-13 10:45:00
2024-08-13,11:00:00 am,0,101.976,23.043,2024-08-13 11:00:00
2024-08-13,11:15:00 am,0,101.972,23.193,2024-08-13 11:15:00
2024-08-13,11:30:00 am,0,101.958,23.378,2024-08-13 11:30:00
2024-08-13,11:45:00 am,0,101.949,23.547,2024-08-13 11:45:00
2024-08-13,12:00:00 pm,0,101.937,23.737,2024-08-13 12:00:00
2024-08-13,12:15:00 pm,0,101.907,23.908,2024-08-13 12:15:00
2024-08-13,12:30:00 pm,0,101.894,24.053,2024-08-13 12:30:00
2024-08-13,12:45:00 pm,0,101.883,24.164,2024-08-13 12:45:00
2024-08-13,01:00:00 pm,0,101.855,24.278,2024-08-13 01:00:00
2024-08-13,01:15:00 pm,0,101.841,24.43,2024-08-13 01:15:00
2024-08-13,01:30:00 pm,0,101.838,24.594,2024-08-13 01:30:00
2024-08-13,01:45:00 pm,0,101.832,24.759,2024-08-13 01:45:00
2024-08-13,02:00:00 pm,0,101.826,24.927,2024-08-13 02:00:00
2024-08-13,02:15:00 pm,0,101.821,25.082,2024-08-13 02:15:00
2024-08-13,02:30:00 pm,0,101.808,25.199,2024-08-13 02:30:00
2024-08-13,02:45:00 pm,0,101.735,25.277,2024-08-13 02:45:00
2024-08-13,03:00:00 pm,0,101.723,25.288,2024-08-13 03:00:00
2024-08-13,03:15:00 pm,0,101.715,25.351,2024-08-13 03:15:00
2024-08-13,03:30:00 pm,0,101.715,25.407,2024-08-13 03:30:00
2024-08-13,03:45:00 pm,0,101.692,25.421,2024-08-13 03:45:00
2024-08-13,04:00:00 pm,0,101.686,25.469,2024-08-13 04:00:00
2024-08-13,04:15:00 pm,0,101.684,25.558,2024-08-13 04:15:00
2024-08-13,04:30:00 pm,0,101.664,25.539,2024-08-13 04:30:00
2024-08-13,04:45:00 pm,0,101.64,25.476,2024-08-13 04:45:00
2024-08-13,05:00:00 pm,0,101.617,25.38,2024-08-13 05:00:00
2024-08-13,05:15:00 pm,0,101.613,25.289,2024-08-13 05:15:00
2024-08-13,05:30:00 pm,0,101.616,25.234,2024-08-13 05:30:00
2024-08-13,05:45:00 pm,0,101.62,25.182,2024-08-13 05:45:00
2024-08-13,06:00:00 pm,0,101.62,25.132,2024-08-13 06:00:00
2024-08-13,06:15:00 pm,0,101.623,25.078,2024-08-13 06:15:00
2024-08-13,06:30:00 pm,0,101.637,25.01,2024-08-13 06:30:00
2024-08-13,06:45:00 pm,0,101.649,24.944,2024-08-13 06:45:00
2024-08-13,07:00:00 pm,0,101.666,24.877,2024-08-13 07:00:00
2024-08-13,07:15:00 pm,0,101.671,24.811,2024-08-13 07:15:00
2024-08-13,07:30:00 pm,0,101.673,24.746,2024-08-13 07:30:00
2024-08-13,07:45:00 pm,0,101.665,24.68,2024-08-13 07:45:00
2024-08-13,08:00:00 pm,0,101.658,24.607,2024-08-13 08:00:00
2024-08-13,08:15:00 pm,0,101.661,24.532,2024-08-13 08:15:00
2024-08-13,08:30:00 pm,0,101.652,24.462,2024-08-13 08:30:00
2024-08-13,08:45:00 pm,0,101.634,24.396,2024-08-13 08:45:00
2024-08-13,09:00:00 pm,0,101.633,24.328,2024-08-13 09:00:00
2024-08-13,09:15:00 pm,0,101.635,24.261,2024-08-13 09:15:00
2024-08-13,09:30:00 pm,0,101.635,24.189,2024-08-13 09:30:00
2024-08-13,09:45:00 pm,0,101.631,24.12,2024-08-13 09:45:00
2024-08-13,10:00:00 pm,0,101.63,24.051,2024-08-13 10:00:00
2024-08-13,10:15:00 pm,0,101.622,23.976,2024-08-13 10:15:00
2024-08-13,10:30:00 pm,0,101.62,23.904,2024-08-13 10:30:00
2024-08-13,10:45:00 pm,0,101.614,23.833,2024-08-13 10:45:00
2024-08-13,11:00:00 pm,0,101.604,23.763,2024-08-13 11:00:00
2024-08-13,11:15:00 pm,0,101.589,23.688,2024-08-13 11:15:00
2024-08-13,11:30:00 pm,0,101.596,23.617,2024-08-13 11:30:00
2024-08-13,11:45:00 pm,0,101.597,23.554,2024-08-13 11:45:00
2024-08-14,12:00:00 am,0,101.593,23.495,2024-08-14 12:00:00
2024-08-14,12:15:00 am,0,101.593,23.428,2024-08-14 12:15:00
2024-08-14,12:30:00 am,0,101.592,23.363,2024-08-14 12:30:00
2024-08-14,12:45:00 am,0,101.587,23.302,2024-08-14 12:45:00
2024-08-14,01:00:00 am,0,101.573,23.239,2024-08-14 01:00:00
2024-08-14,01:15:00 am,0,101.566,23.18,2024-08-14 01:15:00
2024-08-14,01:30:00 am,0,101.559,23.131,2024-08-14 01:30:00
2024-08-14,01:45:00 am,0,101.556,23.082,2024-08-14 01:45:00
2024-08-14,02:00:00 am,0,101.559,23.026,2024-08-14 02:00:00
2024-08-14,02:15:00 am,0,101.569,22.976,2024-08-14 02:15:00
2024-08-14,02:30:00 am,0,101.566,22.914,2024-08-14 02:30:00
2024-08-14,02:45:00 am,0,101.569,22.863,2024-08-14 02:45:00
2024-08-14,03:00:00 am,0,101.563,22.824,2024-08-14 03:00:00
2024-08-14,03:15:00 am,0,101.562,22.79,2024-08-14 03:15:00
2024-08-14,03:30:00 am,0,101.565,22.77,2024-08-14 03:30:00
2024-08-14,03:45:00 am,0,101.575,22.754,2024-08-14 03:45:00
2024-08-14,04:00:00 am,0,101.569,22.731,2024-08-14 04:00:00
2024-08-14,04:15:00 am,0,101.573,22.719,2024-08-14 04:15:00
2024-08-14,04:30:00 am,0,101.571,22.703,2024-08-14 04:30:00
2024-08-14,04:45:00 am,0,101.574,22.693,2024-08-14 04:45:00
2024-08-14,05:00:00 am,0,101.579,22.678,2024-08-14 05:00:00
2024-08-14,05:15:00 am,0,101.584,22.67,2024-08-14 05:15:00
2024-08-14,05:30:00 am,0,101.586,22.662,2024-08-14 05:30:00
2024-08-14,05:45:00 am,0,101.593,22.652,2024-08-14 05:45:00
2024-08-14,06:00:00 am,0,101.602,22.642,2024-08-14 06:00:00
2024-08-14,06:15:00 am,0,101.609,22.634,2024-08-14 06:15:00
2024-08-14,06:30:00 am,0,101.613,22.625,2024-08-14 06:30:00
2024-08-14,06:45:00 am,0,101.616,22.621,2024-08-14 06:45:00
2024-08-14,07:00:00 am,0,101.627,22.618,2024-08-14 07:00:00
2024-08-14,07:15:00 am,0,101.638,22.619,2024-08-14 07:15:00
2024-08-14,07:30:00 am,0,101.649,22.631,2024-08-14 07:30:00
2024-08-14,07:45:00 am,0,101.661,22.657,2024-08-14 07:45:00
2024-08-14,08:00:00 am,0,101.674,22.692,2024-08-14 08:00:00
2024-08-14,08:15:00 am,0,101.688,22.733,2024-08-14 08:15:00
2024-08-14,08:30:00 am,0,101.708,22.786,2024-08-14 08:30:00
2024-08-14,08:45:00 am,0,101.72,22.843,2024-08-14 08:45:00
2024-08-14,09:00:00 am,0,101.747,22.956,2024-08-14 09:00:00
2024-08-14,09:15:00 am,0,101.776,23.081,2024-08-14 09:15:00
2024-08-14,09:30:00 am,0,101.792,23.171,2024-08-14 09:30:00
2024-08-14,09:45:00 am,0,101.823,23.278,2024-08-14 09:45:00
2024-08-14,10:00:00 am,0,101.831,23.314,2024-08-14 10:00:00
2024-08-14,10:15:00 am,0,101.844,23.372,2024-08-14 10:15:00
2024-08-14,10:30:00 am,0,101.856,23.424,2024-08-14 10:30:00
2024-08-14,10:45:00 am,0,101.865,23.498,2024-08-14 10:45:00
2024-08-14,11:00:00 am,0,101.88,23.61,2024-08-14 11:00:00
2024-08-14,11:15:00 am,0,101.894,23.732,2024-08-14 11:15:00
2024-08-14,11:30:00 am,0,101.904,23.798,2024-08-14 11:30:00
2024-08-14,11:45:00 am,0,101.905,23.833,2024-08-14 11:45:00
2024-08-14,12:00:00 pm,0,101.907,23.866,2024-08-14 12:00:00
2024-08-14,12:15:00 pm,0,101.911,23.931,2024-08-14 12:15:00
2024-08-14,12:30:00 pm,0,101.906,24.007,2024-08-14 12:30:00
2024-08-14,12:45:00 pm,0,101.901,24.045,2024-08-14 12:45:00
2024-08-14,01:00:00 pm,0,101.893,24.09,2024-08-14 01:00:00
2024-08-14,01:15:00 pm,0,101.882,24.123,2024-08-14 01:15:00
2024-08-14,01:30:00 pm,0,101.863,24.125,2024-08-14 01:30:00
2024-08-14,01:45:00 pm,0,101.845,24.115,2024-08-14 01:45:00
2024-08-14,02:00:00 pm,0,101.833,24.145,2024-08-14 02:00:00
2024-08-14,02:15:00 pm,0,101.828,24.208,2024-08-14 02:15:00
2024-08-14,02:30:00 pm,0,101.797,24.236,2024-08-14 02:30:00
2024-08-14,02:45:00 pm,0,101.78,24.261,2024-08-14 02:45:00
2024-08-14,03:00:00 pm,0,101.766,24.284,2024-08-14 03:00:00
2024-08-14,03:15:00 pm,0,101.753,24.296,2024-08-14 03:15:00
2024-08-14,03:30:00 pm,0,101.73,24.316,2024-08-14 03:30:00
2024-08-14,03:45:00 pm,0,101.715,24.368,2024-08-14 03:45:00
2024-08-14,04:00:00 pm,0,101.707,24.407,2024-08-14 04:00:00
2024-08-14,04:15:00 pm,0,101.699,24.521,2024-08-14 04:15:00
2024-08-14,04:30:00 pm,0,101.676,24.593,2024-08-14 04:30:00
2024-08-14,04:45:00 pm,0,101.675,24.602,2024-08-14 04:45:00
2024-08-14,05:00:00 pm,0,101.665,24.574,2024-08-14 05:00:00
2024-08-14,05:15:00 pm,0,101.653,24.538,2024-08-14 05:15:00
2024-08-14,05:30:00 pm,0,101.662,24.526,2024-08-14 05:30:00
2024-08-14,05:45:00 pm,0,101.658,24.507,2024-08-14 05:45:00
2024-08-14,06:00:00 pm,0,101.648,24.502,2024-08-14 06:00:00
2024-08-14,06:15:00 pm,0,101.65,24.496,2024-08-14 06:15:00
2024-08-14,06:30:00 pm,0,101.667,24.472,2024-08-14 06:30:00
2024-08-14,06:45:00 pm,0,101.674,24.443,2024-08-14 06:45:00
2024-08-14,07:00:00 pm,0,101.675,24.408,2024-08-14 07:00:00
2024-08-14,07:15:00 pm,0,101.664,24.372,2024-08-14 07:15:00
2024-08-14,07:30:00 pm,0,101.667,24.336,2024-08-14 07:30:00
2024-08-14,07:45:00 pm,0,101.676,24.29,2024-08-14 07:45:00
2024-08-14,08:00:00 pm,0,101.662,24.238,2024-08-14 08:00:00
2024-08-14,08:15:00 pm,0,101.653,24.188,2024-08-14 08:15:00
2024-08-14,08:30:00 pm,0,101.638,24.142,2024-08-14 08:30:00
2024-08-14,08:45:00 pm,0,101.648,24.09,2024-08-14 08:45:00
2024-08-14,09:00:00 pm,0,101.653,24.044,2024-08-14 09:00:00
2024-08-14,09:15:00 pm,0,101.642,23.991,2024-08-14 09:15:00
2024-08-14,09:30:00 pm,0,101.648,23.937,2024-08-14 09:30:00
2024-08-14,09:45:00 pm,0,101.641,23.882,2024-08-14 09:45:00
2024-08-14,10:00:00 pm,0,101.646,23.826,2024-08-14 10:00:00
2024-08-14,10:15:00 pm,0,101.648,23.77,2024-08-14 10:15:00
2024-08-14,10:30:00 pm,0,101.639,23.709,2024-08-14 10:30:00
2024-08-14,10:45:00 pm,0,101.634,23.649,2024-08-14 10:45:00
2024-08-14,11:00:00 pm,0,101.633,23.59,2024-08-14 11:00:00
2024-08-14,11:15:00 pm,0,101.625,23.526,2024-08-14 11:15:00
2024-08-14,11:30:00 pm,0,101.616,23.468,2024-08-14 11:30:00
2024-08-14,11:45:00 pm,0,101.602,23.408,2024-08-14 11:45:00
2024-08-15,12:00:00 am,0,101.596,23.354,2024-08-15 12:00:00
2024-08-15,12:15:00 am,0,101.585,23.303,2024-08-15 12:15:00
2024-08-15,12:30:00 am,0,101.568,23.244,2024-08-15 12:30:00
2024-08-15,12:45:00 am,0,101.55,23.19,2024-08-15 12:45:00
2024-08-15,01:00:00 am,0,101.525,23.138,2024-08-15 01:00:00
2024-08-15,01:15:00 am,0,101.514,23.083,2024-08-15 01:15:00
2024-08-15,01:30:00 am,0,101.507,23.027,2024-08-15 01:30:00
2024-08-15,01:45:00 am,0,101.496,22.977,2024-08-15 01:45:00
2024-08-15,02:00:00 am,0,101.487,22.924,2024-08-15 02:00:00
2024-08-15,02:15:00 am,0,101.475,22.871,2024-08-15 02:15:00
2024-08-15,02:30:00 am,0,101.47,22.822,2024-08-15 02:30:00
2024-08-15,02:45:00 am,0,101.484,22.769,2024-08-15 02:45:00
2024-08-15,03:00:00 am,0,101.487,22.72,2024-08-15 03:00:00
2024-08-15,03:15:00 am,0,101.495,22.67,2024-08-15 03:15:00
2024-08-15,03:30:00 am,0,101.492,22.621,2024-08-15 03:30:00
2024-08-15,03:45:00 am,0,101.492,22.568,2024-08-15 03:45:00
2024-08-15,04:00:00 am,0,101.493,22.512,2024-08-15 04:00:00
2024-08-15,04:15:00 am,0,101.5,22.469,2024-08-15 04:15:00
2024-08-15,04:30:00 am,0,101.51,22.425,2024-08-15 04:30:00
2024-08-15,04:45:00 am,0,101.512,22.375,2024-08-15 04:45:00
2024-08-15,05:00:00 am,0,101.52,22.339,2024-08-15 05:00:00
2024-08-15,05:15:00 am,0,101.527,22.296,2024-08-15 05:15:00
2024-08-15,05:30:00 am,0,101.543,22.248,2024-08-15 05:30:00
2024-08-15,05:45:00 am,0,101.559,22.206,2024-08-15 05:45:00
2024-08-15,06:00:00 am,0,101.574,22.17,2024-08-15 06:00:00
2024-08-15,06:15:00 am,0,101.579,22.131,2024-08-15 06:15:00
2024-08-15,06:30:00 am,0,101.58,22.098,2024-08-15 06:30:00
2024-08-15,06:45:00 am,0,101.584,22.059,2024-08-15 06:45:00
2024-08-15,07:00:00 am,0,101.596,22.029,2024-08-15 07:00:00
2024-08-15,07:15:00 am,0,101.608,22.019,2024-08-15 07:15:00
2024-08-15,07:30:00 am,0,101.617,22.023,2024-08-15 07:30:00
2024-08-15,07:45:00 am,0,101.643,22.035,2024-08-15 07:45:00
2024-08-15,08:00:00 am,0,101.658,22.066,2024-08-15 08:00:00
2024-08-15,08:15:00 am,0,101.667,22.121,2024-08-15 08:15:00
2024-08-15,08:30:00 am,0,101.681,22.198,2024-08-15 08:30:00
2024-08-15,08:45:00 am,0,101.708,22.345,2024-08-15 08:45:00
2024-08-15,09:00:00 am,0,101.724,22.459,2024-08-15 09:00:00
2024-08-15,09:15:00 am,0,101.742,22.564,2024-08-15 09:15:00
2024-08-15,09:30:00 am,0,101.768,22.719,2024-08-15 09:30:00
2024-08-15,09:45:00 am,0,101.782,22.782,2024-08-15 09:45:00
2024-08-15,10:00:00 am,0,101.795,22.896,2024-08-15 10:00:00
2024-08-15,10:15:00 am,0,101.804,23.044,2024-08-15 10:15:00
2024-08-15,10:30:00 am,0,101.819,23.215,2024-08-15 10:30:00
2024-08-15,10:45:00 am,0,101.835,23.381,2024-08-15 10:45:00
2024-08-15,11:00:00 am,0,101.827,23.518,2024-08-15 11:00:00
2024-08-15,11:15:00 am,0,101.824,23.61,2024-08-15 11:15:00
2024-08-15,11:30:00 am,0,101.816,23.659,2024-08-15 11:30:00
2024-08-15,11:45:00 am,0,101.806,23.767,2024-08-15 11:45:00
2024-08-15,12:00:00 pm,0,101.8,23.984,2024-08-15 12:00:00
2024-08-15,12:15:00 pm,0,101.795,24.214,2024-08-15 12:15:00
2024-08-15,12:30:00 pm,0,101.771,24.403,2024-08-15 12:30:00
2024-08-15,12:45:00 pm,0,101.758,24.547,2024-08-15 12:45:00
2024-08-15,01:00:00 pm,0,101.747,24.654,2024-08-15 01:00:00
2024-08-15,01:15:00 pm,0,101.727,24.79,2024-08-15 01:15:00
2024-08-15,01:30:00 pm,0,101.72,24.92,2024-08-15 01:30:00
2024-08-15,01:45:00 pm,0,101.705,25.072,2024-08-15 01:45:00
2024-08-15,02:00:00 pm,0,101.692,25.221,2024-08-15 02:00:00
2024-08-15,02:15:00 pm,0,101.675,25.331,2024-08-15 02:15:00
2024-08-15,02:30:00 pm,0,101.659,25.354,2024-08-15 02:30:00
2024-08-15,02:45:00 pm,0,101.641,25.464,2024-08-15 02:45:00
2024-08-15,03:00:00 pm,0,101.629,25.529,2024-08-15 03:00:00
2024-08-15,03:15:00 pm,0,101.605,25.515,2024-08-15 03:15:00
2024-08-15,03:30:00 pm,0,101.579,25.576,2024-08-15 03:30:00
2024-08-15,03:45:00 pm,0,101.558,25.598,2024-08-15 03:45:00
2024-08-15,04:00:00 pm,0,101.537,25.549,2024-08-15 04:00:00
2024-08-15,04:15:00 pm,0,101.53,25.657,2024-08-15 04:15:00
2024-08-15,04:30:00 pm,0,101.476,25.687,2024-08-15 04:30:00
2024-08-15,04:45:00 pm,0,101.465,25.68,2024-08-15 04:45:00
2024-08-15,05:00:00 pm,0,101.454,25.612,2024-08-15 05:00:00
2024-08-15,05:15:00 pm,0,101.443,25.521,2024-08-15 05:15:00
2024-08-15,05:30:00 pm,0,101.436,25.465,2024-08-15 05:30:00
2024-08-15,05:45:00 pm,0,101.43,25.411,2024-08-15 05:45:00
2024-08-15,06:00:00 pm,0,101.425,25.36,2024-08-15 06:00:00
2024-08-15,06:15:00 pm,0,101.432,25.309,2024-08-15 06:15:00
2024-08-15,06:30:00 pm,0,101.426,25.254,2024-08-15 06:30:00
2024-08-15,06:45:00 pm,0,101.423,25.195,2024-08-15 06:45:00
2024-08-15,07:00:00 pm,0,101.428,25.137,2024-08-15 07:00:00
2024-08-15,07:15:00 pm,0,101.441,25.072,2024-08-15 07:15:00
2024-08-15,07:30:00 pm,0,101.457,25.002,2024-08-15 07:30:00
2024-08-15,07:45:00 pm,0,101.461,24.935,2024-08-15 07:45:00
2024-08-15,08:00:00 pm,0,101.457,24.868,2024-08-15 08:00:00
2024-08-15,08:15:00 pm,0,101.473,24.809,2024-08-15 08:15:00
2024-08-15,08:30:00 pm,0,101.473,24.748,2024-08-15 08:30:00
2024-08-15,08:45:00 pm,0,101.496,24.693,2024-08-15 08:45:00
2024-08-15,09:00:00 pm,0,101.513,24.636,2024-08-15 09:00:00
2024-08-15,09:15:00 pm,0,101.519,24.579,2024-08-15 09:15:00
2024-08-15,09:30:00 pm,0,101.525,24.525,2024-08-15 09:30:00
2024-08-15,09:45:00 pm,0,101.521,24.469,2024-08-15 09:45:00
2024-08-15,10:00:00 pm,0,101.532,24.414,2024-08-15 10:00:00
2024-08-15,10:15:00 pm,0,101.541,24.358,2024-08-15 10:15:00
2024-08-15,10:30:00 pm,0,101.53,24.3,2024-08-15 10:30:00
2024-08-15,10:45:00 pm,0,101.537,24.244,2024-08-15 10:45:00
2024-08-15,11:00:00 pm,0,101.539,24.189,2024-08-15 11:00:00
2024-08-15,11:15:00 pm,0,101.538,24.133,2024-08-15 11:15:00
2024-08-15,11:30:00 pm,0,101.525,24.079,2024-08-15 11:30:00
2024-08-15,11:45:00 pm,0,101.52,24.027,2024-08-15 11:45:00
2024-08-16,12:00:00 am,0,101.511,23.975,2024-08-16 12:00:00
2024-08-16,12:15:00 am,0,101.504,23.922,2024-08-16 12:15:00
2024-08-16,12:30:00 am,0,101.511,23.874,2024-08-16 12:30:00
2024-08-16,12:45:00 am,0,101.512,23.826,2024-08-16 12:45:00
2024-08-16,01:00:00 am,0,101.498,23.775,2024-08-16 01:00:00
2024-08-16,01:15:00 am,0,101.488,23.73,2024-08-16 01:15:00
2024-08-16,01:30:00 am,0,101.478,23.689,2024-08-16 01:30:00
2024-08-16,01:45:00 am,0,101.485,23.64,2024-08-16 01:45:00
2024-08-16,02:00:00 am,0,101.477,23.598,2024-08-16 02:00:00
2024-08-16,02:15:00 am,0,101.464,23.547,2024-08-16 02:15:00
2024-08-16,02:30:00 am,0,101.458,23.502,2024-08-16 02:30:00
2024-08-16,02:45:00 am,0,101.458,23.465,2024-08-16 02:45:00
2024-08-16,03:00:00 am,0,101.458,23.417,2024-08-16 03:00:00
2024-08-16,03:15:00 am,0,101.455,23.369,2024-08-16 03:15:00
2024-08-16,03:30:00 am,0,101.455,23.329,2024-08-16 03:30:00
2024-08-16,03:45:00 am,0,101.455,23.287,2024-08-16 03:45:00
2024-08-16,04:00:00 am,0,101.445,23.245,2024-08-16 04:00:00
2024-08-16,04:15:00 am,0,101.438,23.209,2024-08-16 04:15:00
2024-08-16,04:30:00 am,0,101.429,23.164,2024-08-16 04:30:00
2024-08-16,04:45:00 am,0,101.432,23.121,2024-08-16 04:45:00
2024-08-16,05:00:00 am,0,101.436,23.079,2024-08-16 05:00:00
2024-08-16,05:15:00 am,0,101.439,23.041,2024-08-16 05:15:00
2024-08-16,05:30:00 am,0,101.461,23.002,2024-08-16 05:30:00
2024-08-16,05:45:00 am,0,101.483,22.963,2024-08-16 05:45:00
2024-08-16,06:00:00 am,0,101.495,22.934,2024-08-16 06:00:00
2024-08-16,06:15:00 am,0,101.497,22.904,2024-08-16 06:15:00
2024-08-16,06:30:00 am,0,101.518,22.864,2024-08-16 06:30:00
2024-08-16,06:45:00 am,0,101.543,22.837,2024-08-16 06:45:00
2024-08-16,07:00:00 am,0,101.567,22.816,2024-08-16 07:00:00
2024-08-16,07:15:00 am,0,101.582,22.816,2024-08-16 07:15:00
2024-08-16,07:30:00 am,0,101.592,22.833,2024-08-16 07:30:00
2024-08-16,07:45:00 am,0,101.615,22.864,2024-08-16 07:45:00
2024-08-16,08:00:00 am,0,101.635,22.91,2024-08-16 08:00:00
2024-08-16,08:15:00 am,0,101.648,22.965,2024-08-16 08:15:00
2024-08-16,08:30:00 am,0,101.667,23.035,2024-08-16 08:30:00
2024-08-16,08:45:00 am,0,101.69,23.146,2024-08-16 08:45:00
2024-08-16,09:00:00 am,0,101.728,23.327,2024-08-16 09:00:00
2024-08-16,09:15:00 am,0,101.753,23.472,2024-08-16 09:15:00
2024-08-16,09:30:00 am,0,101.778,23.607,2024-08-16 09:30:00
2024-08-16,09:45:00 am,0,101.791,23.715,2024-08-16 09:45:00
2024-08-16,10:00:00 am,0,101.808,23.81,2024-08-16 10:00:00
2024-08-16,10:15:00 am,0,101.819,23.896,2024-08-16 10:15:00
2024-08-16,10:30:00 am,0,101.832,24.014,2024-08-16 10:30:00
2024-08-16,10:45:00 am,0,101.826,24.174,2024-08-16 10:45:00
2024-08-16,11:00:00 am,0,101.83,24.341,2024-08-16 11:00:00
2024-08-16,11:15:00 am,0,101.802,24.48,2024-08-16 11:15:00
2024-08-16,11:30:00 am,0,101.799,24.675,2024-08-16 11:30:00
2024-08-16,11:45:00 am,0,101.79,24.766,2024-08-16 11:45:00
2024-08-16,12:00:00 pm,0,101.771,24.815,2024-08-16 12:00:00
2024-08-16,12:15:00 pm,0,101.752,24.829,2024-08-16 12:15:00
2024-08-16,12:30:00 pm,0,101.717,24.812,2024-08-16 12:30:00
2024-08-16,12:45:00 pm,0,101.727,24.956,2024-08-16 12:45:00
2024-08-16,01:00:00 pm,0,101.716,25.153,2024-08-16 01:00:00
2024-08-16,01:15:00 pm,0,101.706,25.273,2024-08-16 01:15:00
2024-08-16,01:30:00 pm,0,101.694,25.37,2024-08-16 01:30:00
2024-08-16,01:45:00 pm,0,101.658,25.497,2024-08-16 01:45:00
2024-08-16,02:00:00 pm,0,101.638,25.601,2024-08-16 02:00:00
2024-08-16,02:15:00 pm,0,101.609,25.685,2024-08-16 02:15:00
2024-08-16,02:30:00 pm,0,101.579,25.809,2024-08-16 02:30:00
2024-08-16,02:45:00 pm,0,101.561,25.925,2024-08-16 02:45:00
2024-08-16,03:00:00 pm,0,101.528,26.067,2024-08-16 03:00:00
2024-08-16,03:15:00 pm,0,101.497,26.191,2024-08-16 03:15:00
2024-08-16,03:30:00 pm,0,101.467,26.248,2024-08-16 03:30:00
2024-08-16,03:45:00 pm,0,101.456,26.273,2024-08-16 03:45:00
2024-08-16,04:00:00 pm,0,101.458,26.299,2024-08-16 04:00:00
2024-08-16,04:15:00 pm,0,101.46,26.406,2024-08-16 04:15:00
2024-08-16,04:30:00 pm,0,101.434,26.376,2024-08-16 04:30:00
2024-08-16,04:45:00 pm,0,101.44,26.254,2024-08-16 04:45:00
2024-08-16,05:00:00 pm,0,101.479,26.125,2024-08-16 05:00:00
2024-08-16,05:15:00 pm,0,101.556,25.936,2024-08-16 05:15:00
2024-08-16,05:30:00 pm,0,101.638,25.669,2024-08-16 05:30:00
2024-08-16,05:45:00 pm,0,101.612,25.388,2024-08-16 05:45:00
2024-08-16,06:00:00 pm,0,101.641,25.203,2024-08-16 06:00:00
2024-08-16,06:15:00 pm,0,101.619,25.058,2024-08-16 06:15:00
2024-08-16,06:30:00 pm,0,101.622,24.929,2024-08-16 06:30:00
2024-08-16,06:45:00 pm,0,101.611,24.819,2024-08-16 06:45:00
2024-08-16,07:00:00 pm,0,101.614,24.722,2024-08-16 07:00:00
2024-08-16,07:15:00 pm,0,101.612,24.643,2024-08-16 07:15:00
2024-08-16,07:30:00 pm,0,101.623,24.578,2024-08-16 07:30:00
2024-08-16,07:45:00 pm,0,101.695,24.523,2024-08-16 07:45:00
2024-08-16,08:00:00 pm,0,101.687,24.461,2024-08-16 08:00:00
2024-08-16,08:15:00 pm,0,101.673,24.4,2024-08-16 08:15:00
2024-08-16,08:30:00 pm,0,101.666,24.343,2024-08-16 08:30:00
2024-08-16,08:45:00 pm,0,101.655,24.294,2024-08-16 08:45:00
2024-08-16,09:00:00 pm,0,101.642,24.249,2024-08-16 09:00:00
2024-08-16,09:15:00 pm,0,101.652,24.208,2024-08-16 09:15:00
2024-08-16,09:30:00 pm,0,101.642,24.172,2024-08-16 09:30:00
2024-08-16,09:45:00 pm,0,101.648,24.134,2024-08-16 09:45:00
2024-08-16,10:00:00 pm,0,101.628,24.1,2024-08-16 10:00:00
2024-08-16,10:15:00 pm,0,101.612,24.061,2024-08-16 10:15:00
2024-08-16,10:30:00 pm,0,101.598,24.027,2024-08-16 10:30:00
2024-08-16,10:45:00 pm,0,101.592,23.988,2024-08-16 10:45:00
2024-08-16,11:00:00 pm,0,101.582,23.953,2024-08-16 11:00:00
2024-08-16,11:15:00 pm,0,101.568,23.919,2024-08-16 11:15:00
2024-08-16,11:30:00 pm,0,101.552,23.885,2024-08-16 11:30:00
2024-08-16,11:45:00 pm,0,101.539,23.849,2024-08-16 11:45:00
2024-08-17,12:00:00 am,0,101.531,23.813,2024-08-17 12:00:00
2024-08-17,12:15:00 am,0,101.522,23.779,2024-08-17 12:15:00
2024-08-17,12:30:00 am,0,101.505,23.742,2024-08-17 12:30:00
2024-08-17,12:45:00 am,0,101.493,23.705,2024-08-17 12:45:00
2024-08-17,01:00:00 am,0,101.477,23.67,2024-08-17 01:00:00
2024-08-17,01:15:00 am,0,101.464,23.631,2024-08-17 01:15:00
2024-08-17,01:30:00 am,0,101.449,23.593,2024-08-17 01:30:00
2024-08-17,01:45:00 am,0,101.453,23.559,2024-08-17 01:45:00
2024-08-17,02:00:00 am,0,101.453,23.525,2024-08-17 02:00:00
2024-08-17,02:15:00 am,0,101.443,23.487,2024-08-17 02:15:00
2024-08-17,02:30:00 am,0,101.442,23.455,2024-08-17 02:30:00
2024-08-17,02:45:00 am,0,101.464,23.418,2024-08-17 02:45:00
2024-08-17,03:00:00 am,0,101.486,23.388,2024-08-17 03:00:00
2024-08-17,03:15:00 am,0,101.477,23.369,2024-08-17 03:15:00
2024-08-17,03:30:00 am,0,101.475,23.346,2024-08-17 03:30:00
2024-08-17,03:45:00 am,0,101.47,23.319,2024-08-17 03:45:00
2024-08-17,04:00:00 am,0,101.475,23.298,2024-08-17 04:00:00
2024-08-17,04:15:00 am,0,101.473,23.273,2024-08-17 04:15:00
2024-08-17,04:30:00 am,0,101.476,23.249,2024-08-17 04:30:00
2024-08-17,04:45:00 am,0,101.472,23.228,2024-08-17 04:45:00
2024-08-17,05:00:00 am,0,101.474,23.212,2024-08-17 05:00:00
2024-08-17,05:15:00 am,0,101.477,23.202,2024-08-17 05:15:00
2024-08-17,05:30:00 am,0,101.481,23.188,2024-08-17 05:30:00
2024-08-17,05:45:00 am,0,101.486,23.171,2024-08-17 05:45:00
2024-08-17,06:00:00 am,0,101.481,23.157,2024-08-17 06:00:00
2024-08-17,06:15:00 am,0,101.48,23.135,2024-08-17 06:15:00
2024-08-17,06:30:00 am,0,101.486,23.116,2024-08-17 06:30:00
2024-08-17,06:45:00 am,0,101.477,23.097,2024-08-17 06:45:00
2024-08-17,07:00:00 am,0,101.474,23.085,2024-08-17 07:00:00
2024-08-17,07:15:00 am,0,101.48,23.078,2024-08-17 07:15:00
2024-08-17,07:30:00 am,0,101.484,23.073,2024-08-17 07:30:00
2024-08-17,07:45:00 am,0,101.502,23.087,2024-08-17 07:45:00
2024-08-17,08:00:00 am,0,101.523,23.112,2024-08-17 08:00:00
2024-08-17,08:15:00 am,0,101.507,23.147,2024-08-17 08:15:00
2024-08-17,08:30:00 am,0,101.523,23.21,2024-08-17 08:30:00
2024-08-17,08:45:00 am,0,101.542,23.31,2024-08-17 08:45:00
2024-08-17,09:00:00 am,0,101.58,23.446,2024-08-17 09:00:00
2024-08-17,09:15:00 am,0,101.61,23.548,2024-08-17 09:15:00
2024-08-17,09:30:00 am,0,101.612,23.571,2024-08-17 09:30:00
2024-08-17,09:45:00 am,0,101.617,23.588,2024-08-17 09:45:00
2024-08-17,10:00:00 am,0,101.641,23.699,2024-08-17 10:00:00
2024-08-17,10:15:00 am,0,101.652,23.792,2024-08-17 10:15:00
2024-08-17,10:30:00 am,0,101.659,23.861,2024-08-17 10:30:00
2024-08-17,10:45:00 am,0,101.664,23.931,2024-08-17 10:45:00
2024-08-17,11:00:00 am,0,101.687,24.118,2024-08-17 11:00:00
2024-08-17,11:15:00 am,0,101.695,24.275,2024-08-17 11:15:00
2024-08-17,11:30:00 am,0,101.686,24.392,2024-08-17 11:30:00
2024-08-17,11:45:00 am,0,101.681,24.481,2024-08-17 11:45:00
2024-08-17,12:00:00 pm,0,101.659,24.705,2024-08-17 12:00:00
2024-08-17,12:15:00 pm,0,101.631,24.866,2024-08-17 12:15:00
2024-08-17,12:30:00 pm,0,101.595,25.02,2024-08-17 12:30:00
2024-08-17,12:45:00 pm,0,101.557,25.166,2024-08-17 12:45:00
2024-08-17,01:00:00 pm,0,101.52,25.305,2024-08-17 01:00:00
2024-08-17,01:15:00 pm,0,101.508,25.459,2024-08-17 01:15:00
2024-08-17,01:30:00 pm,0,101.471,25.616,2024-08-17 01:30:00
2024-08-17,01:45:00 pm,0,101.411,25.763,2024-08-17 01:45:00
2024-08-17,02:00:00 pm,0,101.38,25.926,2024-08-17 02:00:00
2024-08-17,02:15:00 pm,0,101.397,26.089,2024-08-17 02:15:00
2024-08-17,02:30:00 pm,0,101.356,26.204,2024-08-17 02:30:00
2024-08-17,02:45:00 pm,0,101.388,26.251,2024-08-17 02:45:00
2024-08-17,03:00:00 pm,0,101.413,26.118,2024-08-17 03:00:00
2024-08-17,03:15:00 pm,0,101.344,25.748,2024-08-17 03:15:00
2024-08-17,03:30:00 pm,0,101.344,25.484,2024-08-17 03:30:00
2024-08-17,03:45:00 pm,0,101.336,25.292,2024-08-17 03:45:00
2024-08-17,04:00:00 pm,0,101.363,25.125,2024-08-17 04:00:00
2024-08-17,04:15:00 pm,0,101.348,24.999,2024-08-17 04:15:00
2024-08-17,04:30:00 pm,0,101.302,24.924,2024-08-17 04:30:00
2024-08-17,04:45:00 pm,0,101.269,24.889,2024-08-17 04:45:00
2024-08-17,05:00:00 pm,0,101.254,24.888,2024-08-17 05:00:00
2024-08-17,05:15:00 pm,0,101.275,24.902,2024-08-17 05:15:00
2024-08-17,05:30:00 pm,0,101.27,24.93,2024-08-17 05:30:00
2024-08-17,05:45:00 pm,0,101.255,24.938,2024-08-17 05:45:00
2024-08-17,06:00:00 pm,0,101.26,24.922,2024-08-17 06:00:00
2024-08-17,06:15:00 pm,0,101.3,24.9,2024-08-17 06:15:00
2024-08-17,06:30:00 pm,0,101.324,24.892,2024-08-17 06:30:00
2024-08-17,06:45:00 pm,0,101.321,24.877,2024-08-17 06:45:00
2024-08-17,07:00:00 pm,0,101.335,24.859,2024-08-17 07:00:00
2024-08-17,07:15:00 pm,0,101.36,24.828,2024-08-17 07:15:00
2024-08-17,07:30:00 pm,0,101.364,24.795,2024-08-17 07:30:00
2024-08-17,07:45:00 pm,0,101.371,24.753,2024-08-17 07:45:00
2024-08-17,08:00:00 pm,0,101.369,24.713,2024-08-17 08:00:00
2024-08-17,08:15:00 pm,0,101.376,24.672,2024-08-17 08:15:00
2024-08-17,08:30:00 pm,0,101.385,24.625,2024-08-17 08:30:00
2024-08-17,08:45:00 pm,0,101.39,24.584,2024-08-17 08:45:00
2024-08-17,09:00:00 pm,0,101.389,24.54,2024-08-17 09:00:00
2024-08-17,09:15:00 pm,0,101.39,24.499,2024-08-17 09:15:00
2024-08-17,09:30:00 pm,0,101.392,24.449,2024-08-17 09:30:00
2024-08-17,09:45:00 pm,0,101.387,24.406,2024-08-17 09:45:00
2024-08-17,10:00:00 pm,0,101.396,24.369,2024-08-17 10:00:00
2024-08-17,10:15:00 pm,0,101.388,24.33,2024-08-17 10:15:00
2024-08-17,10:30:00 pm,0,101.383,24.29,2024-08-17 10:30:00
2024-08-17,10:45:00 pm,0,101.38,24.252,2024-08-17 10:45:00
2024-08-17,11:00:00 pm,0,101.377,24.212,2024-08-17 11:00:00
2024-08-17,11:15:00 pm,0,101.373,24.178,2024-08-17 11:15:00
2024-08-17,11:30:00 pm,0,101.374,24.134,2024-08-17 11:30:00
2024-08-17,11:45:00 pm,0,101.368,24.094,2024-08-17 11:45:00
2024-08-18,12:00:00 am,0,101.372,24.05,2024-08-18 12:00:00
2024-08-18,12:15:00 am,0,101.368,24.008,2024-08-18 12:15:00
2024-08-18,12:30:00 am,0,101.351,23.96,2024-08-18 12:30:00
2024-08-18,12:45:00 am,0,101.337,23.912,2024-08-18 12:45:00
2024-08-18,01:00:00 am,0,101.324,23.865,2024-08-18 01:00:00
2024-08-18,01:15:00 am,0,101.322,23.808,2024-08-18 01:15:00
2024-08-18,01:30:00 am,0,101.318,23.755,2024-08-18 01:30:00
2024-08-18,01:45:00 am,0,101.316,23.7,2024-08-18 01:45:00
2024-08-18,02:00:00 am,0,101.315,23.646,2024-08-18 02:00:00
2024-08-18,02:15:00 am,0,101.314,23.592,2024-08-18 02:15:00
2024-08-18,02:30:00 am,0,101.305,23.536,2024-08-18 02:30:00
2024-08-18,02:45:00 am,0,101.299,23.487,2024-08-18 02:45:00
2024-08-18,03:00:00 am,0,101.283,23.435,2024-08-18 03:00:00
2024-08-18,03:15:00 am,0,101.276,23.377,2024-08-18 03:15:00
2024-08-18,03:30:00 am,0,101.277,23.318,2024-08-18 03:30:00
2024-08-18,03:45:00 am,0,101.293,23.26,2024-08-18 03:45:00
2024-08-18,04:00:00 am,0,101.283,23.205,2024-08-18 04:00:00
2024-08-18,04:15:00 am,0,101.268,23.149,2024-08-18 04:15:00
2024-08-18,04:30:00 am,0,101.265,23.096,2024-08-18 04:30:00
2024-08-18,04:45:00 am,0,101.27,23.048,2024-08-18 04:45:00
2024-08-18,05:00:00 am,0,101.267,22.999,2024-08-18 05:00:00
2024-08-18,05:15:00 am,0,101.262,22.946,2024-08-18 05:15:00
2024-08-18,05:30:00 am,0,101.268,22.893,2024-08-18 05:30:00
2024-08-18,05:45:00 am,0,101.267,22.839,2024-08-18 05:45:00
2024-08-18,06:00:00 am,0,101.265,22.785,2024-08-18 06:00:00
2024-08-18,06:15:00 am,0,101.275,22.735,2024-08-18 06:15:00
2024-08-18,06:30:00 am,0,101.282,22.69,2024-08-18 06:30:00
2024-08-18,06:45:00 am,0,101.29,22.642,2024-08-18 06:45:00
2024-08-18,07:00:00 am,0,101.292,22.602,2024-08-18 07:00:00
2024-08-18,07:15:00 am,0,101.298,22.569,2024-08-18 07:15:00
2024-08-18,07:30:00 am,0,101.313,22.554,2024-08-18 07:30:00
2024-08-18,07:45:00 am,0,101.33,22.55,2024-08-18 07:45:00
2024-08-18,08:00:00 am,0,101.352,22.564,2024-08-18 08:00:00
2024-08-18,08:15:00 am,0,101.355,22.59,2024-08-18 08:15:00
2024-08-18,08:30:00 am,0,101.371,22.639,2024-08-18 08:30:00
2024-08-18,08:45:00 am,0,101.386,22.736,2024-08-18 08:45:00
2024-08-18,09:00:00 am,0,101.421,22.882,2024-08-18 09:00:00
2024-08-18,09:15:00 am,0,101.443,23.001,2024-08-18 09:15:00
2024-08-18,09:30:00 am,0,101.468,23.127,2024-08-18 09:30:00
2024-08-18,09:45:00 am,0,101.49,23.231,2024-08-18 09:45:00
2024-08-18,10:00:00 am,0,101.508,23.311,2024-08-18 10:00:00
2024-08-18,10:15:00 am,0,101.527,23.418,2024-08-18 10:15:00
2024-08-18,10:30:00 am,0,101.54,23.535,2024-08-18 10:30:00
2024-08-18,10:45:00 am,0,101.563,23.674,2024-08-18 10:45:00
2024-08-18,11:00:00 am,0,101.574,23.811,2024-08-18 11:00:00
2024-08-18,11:15:00 am,0,101.577,23.977,2024-08-18 11:15:00
2024-08-18,11:30:00 am,0,101.57,24.142,2024-08-18 11:30:00
2024-08-18,11:45:00 am,0,101.552,24.301,2024-08-18 11:45:00
2024-08-18,12:00:00 pm,0,101.528,24.503,2024-08-18 12:00:00
2024-08-18,12:15:00 pm,0,101.514,24.658,2024-08-18 12:15:00
2024-08-18,12:30:00 pm,0,101.505,24.804,2024-08-18 12:30:00
2024-08-18,12:45:00 pm,0,101.498,24.948,2024-08-18 12:45:00
2024-08-18,01:00:00 pm,0,101.473,25.057,2024-08-18 01:00:00
2024-08-18,01:15:00 pm,0,101.454,25.193,2024-08-18 01:15:00
2024-08-18,01:30:00 pm,0,101.425,25.338,2024-08-18 01:30:00
2024-08-18,01:45:00 pm,0,101.403,25.486,2024-08-18 01:45:00
2024-08-18,02:00:00 pm,0,101.391,25.631,2024-08-18 02:00:00
2024-08-18,02:15:00 pm,0,101.367,25.754,2024-08-18 02:15:00
2024-08-18,02:30:00 pm,0,101.339,25.887,2024-08-18 02:30:00
2024-08-18,02:45:00 pm,0,101.276,26.013,2024-08-18 02:45:00
2024-08-18,03:00:00 pm,0,101.247,26.115,2024-08-18 03:00:00
2024-08-18,03:15:00 pm,0,101.227,26.184,2024-08-18 03:15:00
2024-08-18,03:30:00 pm,0,101.207,26.264,2024-08-18 03:30:00
2024-08-18,03:45:00 pm,0,101.19,26.334,2024-08-18 03:45:00
2024-08-18,04:00:00 pm,0,101.153,26.358,2024-08-18 04:00:00
2024-08-18,04:15:00 pm,0,101.12,26.424,2024-08-18 04:15:00
2024-08-18,04:30:00 pm,0,101.105,26.439,2024-08-18 04:30:00
2024-08-18,04:45:00 pm,0,101.059,26.324,2024-08-18 04:45:00
2024-08-18,05:00:00 pm,0,101.13,26.188,2024-08-18 05:00:00
2024-08-18,05:15:00 pm,0,101.134,26.018,2024-08-18 05:15:00
2024-08-18,05:30:00 pm,0,101.181,25.853,2024-08-18 05:30:00
2024-08-18,05:45:00 pm,0,101.115,25.723,2024-08-18 05:45:00
2024-08-18,06:00:00 pm,0,101.08,25.677,2024-08-18 06:00:00
2024-08-18,06:15:00 pm,0,101.113,25.6,2024-08-18 06:15:00
2024-08-18,06:30:00 pm,0,101.132,25.52,2024-08-18 06:30:00
2024-08-18,06:45:00 pm,0,101.126,25.43,2024-08-18 06:45:00
2024-08-18,07:00:00 pm,0,101.109,25.334,2024-08-18 07:00:00
2024-08-18,07:15:00 pm,0,101.102,25.244,2024-08-18 07:15:00
2024-08-18,07:30:00 pm,0,101.105,25.155,2024-08-18 07:30:00
2024-08-18,07:45:00 pm,0,101.112,25.054,2024-08-18 07:45:00
2024-08-18,08:00:00 pm,0,101.105,24.964,2024-08-18 08:00:00
2024-08-18,08:15:00 pm,0,101.107,24.872,2024-08-18 08:15:00
2024-08-18,08:30:00 pm,0,101.121,24.795,2024-08-18 08:30:00
2024-08-18,08:45:00 pm,0,101.126,24.72,2024-08-18 08:45:00
2024-08-18,09:00:00 pm,0,101.128,24.645,2024-08-18 09:00:00
2024-08-18,09:15:00 pm,0,101.133,24.576,2024-08-18 09:15:00
2024-08-18,09:30:00 pm,0,101.136,24.5,2024-08-18 09:30:00
2024-08-18,09:45:00 pm,0,101.144,24.432,2024-08-18 09:45:00
2024-08-18,10:00:00 pm,0,101.144,24.361,2024-08-18 10:00:00
2024-08-18,10:15:00 pm,0,101.162,24.295,2024-08-18 10:15:00
2024-08-18,10:30:00 pm,0,101.178,24.221,2024-08-18 10:30:00
2024-08-18,10:45:00 pm,0,101.185,24.142,2024-08-18 10:45:00
2024-08-18,11:00:00 pm,0,101.202,24.077,2024-08-18 11:00:00
2024-08-18,11:15:00 pm,0,101.194,24.004,2024-08-18 11:15:00
2024-08-18,11:30:00 pm,0,101.19,23.937,2024-08-18 11:30:00
2024-08-18,11:45:00 pm,0,101.178,23.857,2024-08-18 11:45:00
2024-08-19,12:00:00 am,0,101.158,23.783,2024-08-19 12:00:00
2024-08-19,12:15:00 am,0,101.153,23.714,2024-08-19 12:15:00
2024-08-19,12:30:00 am,0,101.145,23.64,2024-08-19 12:30:00
2024-08-19,12:45:00 am,0,101.134,23.57,2024-08-19 12:45:00
2024-08-19,01:00:00 am,0,101.122,23.504,2024-08-19 01:00:00
2024-08-19,01:15:00 am,0,101.108,23.448,2024-08-19 01:15:00
2024-08-19,01:30:00 am,0,101.095,23.394,2024-08-19 01:30:00
2024-08-19,01:45:00 am,0,101.073,23.331,2024-08-19 01:45:00
2024-08-19,02:00:00 am,0,101.064,23.262,2024-08-19 02:00:00
2024-08-19,02:15:00 am,0,101.055,23.199,2024-08-19 02:15:00
2024-08-19,02:30:00 am,0,101.041,23.132,2024-08-19 02:30:00
2024-08-19,02:45:00 am,0,101.021,23.069,2024-08-19 02:45:00
2024-08-19,03:00:00 am,0,101.015,23.017,2024-08-19 03:00:00
2024-08-19,03:15:00 am,0,101.017,22.963,2024-08-19 03:15:00
2024-08-19,03:30:00 am,0,101.013,22.897,2024-08-19 03:30:00
2024-08-19,03:45:00 am,0,101.015,22.832,2024-08-19 03:45:00
2024-08-19,04:00:00 am,0,101.029,22.768,2024-08-19 04:00:00
2024-08-19,04:15:00 am,0,101.053,22.707,2024-08-19 04:15:00
2024-08-19,04:30:00 am,0,101.069,22.654,2024-08-19 04:30:00
2024-08-19,04:45:00 am,0,101.077,22.594,2024-08-19 04:45:00
2024-08-19,05:00:00 am,0,101.086,22.531,2024-08-19 05:00:00
2024-08-19,05:15:00 am,0,101.108,22.461,2024-08-19 05:15:00
2024-08-19,05:30:00 am,0,101.118,22.394,2024-08-19 05:30:00
2024-08-19,05:45:00 am,0,101.125,22.335,2024-08-19 05:45:00
2024-08-19,06:00:00 am,0,101.151,22.278,2024-08-19 06:00:00
2024-08-19,06:15:00 am,0,101.173,22.213,2024-08-19 06:15:00
2024-08-19,06:30:00 am,0,101.193,22.148,2024-08-19 06:30:00
2024-08-19,06:45:00 am,0,101.21,22.094,2024-08-19 06:45:00
2024-08-19,07:00:00 am,0,101.227,22.048,2024-08-19 07:00:00
2024-08-19,07:15:00 am,0,101.24,22.007,2024-08-19 07:15:00
2024-08-19,07:30:00 am,0,101.267,21.98,2024-08-19 07:30:00
2024-08-19,07:45:00 am,0,101.292,21.98,2024-08-19 07:45:00
2024-08-19,08:00:00 am,0,101.056,21.775,2024-08-19 08:00:00
2024-08-19,08:15:00 am,0,101.068,21.835,2024-08-19 08:15:00
2024-08-19,08:30:00 am,0,101.092,21.968,2024-08-19 08:30:00
2024-08-19,08:45:00 am,0,101.142,22.22,2024-08-19 08:45:00
2024-08-19,09:00:00 am,0,101.183,22.456,2024-08-19 09:00:00
2024-08-19,09:15:00 am,0,101.232,22.635,2024-08-19 09:15:00
2024-08-19,09:30:00 am,0,101.292,22.9,2024-08-19 09:30:00
2024-08-19,09:45:00 am,0,101.308,23.009,2024-08-19 09:45:00
2024-08-19,10:00:00 am,0,101.314,23.094,2024-08-19 10:00:00
2024-08-19,10:15:00 am,0,101.326,23.23,2024-08-19 10:15:00
2024-08-19,10:30:00 am,0,101.311,23.399,2024-08-19 10:30:00
2024-08-19,10:45:00 am,0,101.312,23.579,2024-08-19 10:45:00
2024-08-19,11:00:00 am,0,101.304,23.723,2024-08-19 11:00:00
2024-08-19,11:15:00 am,0,101.324,23.944,2024-08-19 11:15:00
2024-08-19,11:30:00 am,0,101.329,24.178,2024-08-19 11:30:00
2024-08-19,11:45:00 am,0,101.289,24.331,2024-08-19 11:45:00
2024-08-19,12:00:00 pm,0,101.287,24.423,2024-08-19 12:00:00
2024-08-19,12:15:00 pm,0,101.276,24.369,2024-08-19 12:15:00
2024-08-19,12:30:00 pm,0,101.269,24.608,2024-08-19 12:30:00
2024-08-19,12:45:00 pm,0,101.271,24.77,2024-08-19 12:45:00
2024-08-19,01:00:00 pm,0,101.258,24.823,2024-08-19 01:00:00
2024-08-19,01:15:00 pm,0,101.243,24.989,2024-08-19 01:15:00
2024-08-19,01:30:00 pm,0,101.233,25.14,2024-08-19 01:30:00
2024-08-19,01:45:00 pm,0,101.211,25.276,2024-08-19 01:45:00
2024-08-19,02:00:00 pm,0,101.199,25.453,2024-08-19 02:00:00
2024-08-19,02:15:00 pm,0,101.169,25.566,2024-08-19 02:15:00
2024-08-19,02:30:00 pm,0,101.111,25.767,2024-08-19 02:30:00
2024-08-19,02:45:00 pm,0,101.093,25.844,2024-08-19 02:45:00
2024-08-19,03:00:00 pm,0,101.08,25.98,2024-08-19 03:00:00
2024-08-19,03:15:00 pm,0,101.059,26.017,2024-08-19 03:15:00
2024-08-19,03:30:00 pm,0,101.045,25.92,2024-08-19 03:30:00
2024-08-19,03:45:00 pm,0,101.031,25.891,2024-08-19 03:45:00
2024-08-19,04:00:00 pm,0,101.016,25.892,2024-08-19 04:00:00
2024-08-19,04:15:00 pm,0,101.016,25.947,2024-08-19 04:15:00
2024-08-19,04:30:00 pm,0,101.002,25.839,2024-08-19 04:30:00
2024-08-19,04:45:00 pm,0,100.99,25.717,2024-08-19 04:45:00
2024-08-19,05:00:00 pm,0,100.97,25.524,2024-08-19 05:00:00
2024-08-19,05:15:00 pm,0,100.954,25.395,2024-08-19 05:15:00
2024-08-19,05:30:00 pm,0,100.944,25.356,2024-08-19 05:30:00
2024-08-19,05:45:00 pm,0,100.941,25.275,2024-08-19 05:45:00
2024-08-19,06:00:00 pm,0,100.932,25.221,2024-08-19 06:00:00
2024-08-19,06:15:00 pm,0,100.917,25.122,2024-08-19 06:15:00
2024-08-19,06:30:00 pm,0,100.905,25.012,2024-08-19 06:30:00
2024-08-19,06:45:00 pm,0,100.894,24.926,2024-08-19 06:45:00
2024-08-19,07:00:00 pm,0,100.874,24.853,2024-08-19 07:00:00
2024-08-19,07:15:00 pm,0,100.858,24.725,2024-08-19 07:15:00
2024-08-19,07:30:00 pm,0,100.865,24.604,2024-08-19 07:30:00
2024-08-19,07:45:00 pm,0,100.86,24.471,2024-08-19 07:45:00
2024-08-19,08:00:00 pm,0,100.863,24.376,2024-08-19 08:00:00
2024-08-19,08:15:00 pm,0,100.861,24.298,2024-08-19 08:15:00
2024-08-19,08:30:00 pm,0,100.86,24.226,2024-08-19 08:30:00
2024-08-19,08:45:00 pm,0,100.879,24.14,2024-08-19 08:45:00
2024-08-19,09:00:00 pm,0,100.904,24.056,2024-08-19 09:00:00
2024-08-19,09:15:00 pm,0,100.913,23.965,2024-08-19 09:15:00
2024-08-19,09:30:00 pm,0,100.94,23.854,2024-08-19 09:30:00
2024-08-19,09:45:00 pm,0,100.953,23.745,2024-08-19 09:45:00
2024-08-19,10:00:00 pm,0,100.963,23.642,2024-08-19 10:00:00
2024-08-19,10:15:00 pm,0,100.972,23.529,2024-08-19 10:15:00
2024-08-19,10:30:00 pm,0,100.987,23.422,2024-08-19 10:30:00
2024-08-19,10:45:00 pm,0,100.994,23.341,2024-08-19 10:45:00
2024-08-19,11:00:00 pm,0,100.995,23.262,2024-08-19 11:00:00
2024-08-19,11:15:00 pm,0,100.985,23.174,2024-08-19 11:15:00
2024-08-19,11:30:00 pm,0,100.996,23.08,2024-08-19 11:30:00
2024-08-19,11:45:00 pm,0,100.993,22.995,2024-08-19 11:45:00
2024-08-20,12:00:00 am,0,100.981,22.888,2024-08-20 12:00:00
2024-08-20,12:15:00 am,0,100.986,22.788,2024-08-20 12:15:00
2024-08-20,12:30:00 am,0,100.983,22.692,2024-08-20 12:30:00
2024-08-20,12:45:00 am,0,100.986,22.591,2024-08-20 12:45:00
2024-08-20,01:00:00 am,0,100.997,22.487,2024-08-20 01:00:00
2024-08-20,01:15:00 am,0,101.006,22.39,2024-08-20 01:15:00
2024-08-20,01:30:00 am,0,101.005,22.3,2024-08-20 01:30:00
2024-08-20,01:45:00 am,0,101.006,22.218,2024-08-20 01:45:00
2024-08-20,02:00:00 am,0,101.01,22.142,2024-08-20 02:00:00
2024-08-20,02:15:00 am,0,101.016,22.054,2024-08-20 02:15:00
2024-08-20,02:30:00 am,0,101.018,21.973,2024-08-20 02:30:00
2024-08-20,02:45:00 am,0,101.017,21.878,2024-08-20 02:45:00
2024-08-20,03:00:00 am,0,101.022,21.783,2024-08-20 03:00:00
2024-08-20,03:15:00 am,0,101.013,21.689,2024-08-20 03:15:00
2024-08-20,03:30:00 am,0,101.003,21.605,2024-08-20 03:30:00
2024-08-20,03:45:00 am,0,100.998,21.514,2024-08-20 03:45:00
2024-08-20,04:00:00 am,0,100.988,21.434,2024-08-20 04:00:00
2024-08-20,04:15:00 am,0,100.991,21.371,2024-08-20 04:15:00
2024-08-20,04:30:00 am,0,101.001,21.307,2024-08-20 04:30:00
2024-08-20,04:45:00 am,0,101.014,21.249,2024-08-20 04:45:00
2024-08-20,05:00:00 am,0,101.019,21.19,2024-08-20 05:00:00
2024-08-20,05:15:00 am,0,101.026,21.143,2024-08-20 05:15:00
2024-08-20,05:30:00 am,0,101.031,21.069,2024-08-20 05:30:00
2024-08-20,05:45:00 am,0,101.043,20.995,2024-08-20 05:45:00
2024-08-20,06:00:00 am,0,101.063,20.926,2024-08-20 06:00:00
2024-08-20,06:15:00 am,0,101.08,20.859,2024-08-20 06:15:00
2024-08-20,06:30:00 am,0,101.098,20.8,2024-08-20 06:30:00
2024-08-20,06:45:00 am,0,101.111,20.74,2024-08-20 06:45:00
2024-08-20,07:00:00 am,0,101.134,20.699,2024-08-20 07:00:00
2024-08-20,07:15:00 am,0,101.155,20.68,2024-08-20 07:15:00
2024-08-20,07:30:00 am,0,101.185,20.698,2024-08-20 07:30:00
2024-08-20,07:45:00 am,0,101.203,20.731,2024-08-20 07:45:00
2024-08-20,08:00:00 am,0,101.223,20.817,2024-08-20 08:00:00
2024-08-20,08:15:00 am,0,101.249,20.939,2024-08-20 08:15:00
2024-08-20,08:30:00 am,0,101.283,21.116,2024-08-20 08:30:00
2024-08-20,08:45:00 am,0,101.338,21.442,2024-08-20 08:45:00
2024-08-20,09:00:00 am,0,101.399,21.719,2024-08-20 09:00:00
2024-08-20,09:15:00 am,0,101.448,21.935,2024-08-20 09:15:00
2024-08-20,09:30:00 am,0,101.502,22.199,2024-08-20 09:30:00
2024-08-20,09:45:00 am,0,101.518,22.256,2024-08-20 09:45:00
2024-08-20,10:00:00 am,0,101.538,22.366,2024-08-20 10:00:00
2024-08-20,10:15:00 am,0,101.546,22.512,2024-08-20 10:15:00
2024-08-20,10:30:00 am,0,101.55,22.711,2024-08-20 10:30:00
2024-08-20,10:45:00 am,0,101.555,22.87,2024-08-20 10:45:00
2024-08-20,11:00:00 am,0,101.526,23.005,2024-08-20 11:00:00
2024-08-20,11:15:00 am,0,101.536,23.236,2024-08-20 11:15:00
2024-08-20,11:30:00 am,0,101.533,23.455,2024-08-20 11:30:00
2024-08-20,11:45:00 am,0,101.501,23.651,2024-08-20 11:45:00
2024-08-20,12:00:00 pm,0,101.492,23.851,2024-08-20 12:00:00
2024-08-20,12:15:00 pm,0,101.478,23.938,2024-08-20 12:15:00
2024-08-20,12:30:00 pm,0,101.423,24.057,2024-08-20 12:30:00
2024-08-20,12:45:00 pm,0,101.432,24.205,2024-08-20 12:45:00
2024-08-20,01:00:00 pm,0,101.401,24.235,2024-08-20 01:00:00
2024-08-20,01:15:00 pm,0,101.405,24.375,2024-08-20 01:15:00
2024-08-20,01:30:00 pm,0,101.394,24.524,2024-08-20 01:30:00
2024-08-20,01:45:00 pm,0,101.381,24.643,2024-08-20 01:45:00
2024-08-20,02:00:00 pm,0,101.349,24.775,2024-08-20 02:00:00
2024-08-20,02:15:00 pm,0,101.332,24.845,2024-08-20 02:15:00
2024-08-20,02:30:00 pm,0,101.284,24.954,2024-08-20 02:30:00
2024-08-20,02:45:00 pm,0,101.272,25.096,2024-08-20 02:45:00
2024-08-20,03:00:00 pm,0,101.256,25.178,2024-08-20 03:00:00
2024-08-20,03:15:00 pm,0,101.246,25.284,2024-08-20 03:15:00
2024-08-20,03:30:00 pm,0,101.23,25.329,2024-08-20 03:30:00
2024-08-20,03:45:00 pm,0,101.206,25.332,2024-08-20 03:45:00
2024-08-20,04:00:00 pm,0,101.193,25.298,2024-08-20 04:00:00
2024-08-20,04:15:00 pm,0,101.188,25.356,2024-08-20 04:15:00
2024-08-20,04:30:00 pm,0,101.175,25.341,2024-08-20 04:30:00
2024-08-20,04:45:00 pm,0,101.165,25.191,2024-08-20 04:45:00
2024-08-20,05:00:00 pm,0,101.152,24.994,2024-08-20 05:00:00
2024-08-20,05:15:00 pm,0,101.139,24.832,2024-08-20 05:15:00
2024-08-20,05:30:00 pm,0,101.13,24.737,2024-08-20 05:30:00
2024-08-20,05:45:00 pm,0,101.115,24.673,2024-08-20 05:45:00
2024-08-20,06:00:00 pm,0,101.101,24.624,2024-08-20 06:00:00
2024-08-20,06:15:00 pm,0,101.087,24.555,2024-08-20 06:15:00
2024-08-20,06:30:00 pm,0,101.074,24.467,2024-08-20 06:30:00
2024-08-20,06:45:00 pm,0,101.062,24.336,2024-08-20 06:45:00
2024-08-20,07:00:00 pm,0,101.052,24.195,2024-08-20 07:00:00
2024-08-20,07:15:00 pm,0,101.048,24.042,2024-08-20 07:15:00
2024-08-20,07:30:00 pm,0,101.042,23.883,2024-08-20 07:30:00
2024-08-20,07:45:00 pm,0,101.039,23.748,2024-08-20 07:45:00
2024-08-20,08:00:00 pm,0,101.028,23.617,2024-08-20 08:00:00
2024-08-20,08:15:00 pm,0,101.024,23.5,2024-08-20 08:15:00
2024-08-20,08:30:00 pm,0,101.019,23.375,2024-08-20 08:30:00
2024-08-20,08:45:00 pm,0,101.04,23.25,2024-08-20 08:45:00
2024-08-20,09:00:00 pm,0,101.061,23.138,2024-08-20 09:00:00
2024-08-20,09:15:00 pm,0,101.072,23.024,2024-08-20 09:15:00
2024-08-20,09:30:00 pm,0,101.088,22.904,2024-08-20 09:30:00
2024-08-20,09:45:00 pm,0,101.089,22.779,2024-08-20 09:45:00
2024-08-20,10:00:00 pm,0,101.103,22.662,2024-08-20 10:00:00
2024-08-20,10:15:00 pm,0,101.093,22.545,2024-08-20 10:15:00
2024-08-20,10:30:00 pm,0,101.11,22.444,2024-08-20 10:30:00
2024-08-20,10:45:00 pm,0,101.12,22.339,2024-08-20 10:45:00
2024-08-20,11:00:00 pm,0,101.129,22.226,2024-08-20 11:00:00
2024-08-20,11:15:00 pm,0,101.139,22.118,2024-08-20 11:15:00
2024-08-20,11:30:00 pm,0,101.149,22.013,2024-08-20 11:30:00
2024-08-20,11:45:00 pm,0,101.15,21.901,2024-08-20 11:45:00
2024-08-21,12:00:00 am,0,101.162,21.81,2024-08-21 12:00:00
2024-08-21,12:15:00 am,0,101.16,21.71,2024-08-21 12:15:00
2024-08-21,12:30:00 am,0,101.164,21.613,2024-08-21 12:30:00
2024-08-21,12:45:00 am,0,101.178,21.526,2024-08-21 12:45:00
2024-08-21,01:00:00 am,0,101.189,21.423,2024-08-21 01:00:00
2024-08-21,01:15:00 am,0,101.2,21.339,2024-08-21 01:15:00
2024-08-21,01:30:00 am,0,101.202,21.235,2024-08-21 01:30:00
2024-08-21,01:45:00 am,0,101.215,21.142,2024-08-21 01:45:00
2024-08-21,02:00:00 am,0,101.226,21.035,2024-08-21 02:00:00
2024-08-21,02:15:00 am,0,101.223,20.942,2024-08-21 02:15:00
2024-08-21,02:30:00 am,0,101.231,20.853,2024-08-21 02:30:00
2024-08-21,02:45:00 am,0,101.245,20.756,2024-08-21 02:45:00
2024-08-21,03:00:00 am,0,101.243,20.666,2024-08-21 03:00:00
2024-08-21,03:15:00 am,0,101.236,20.581,2024-08-21 03:15:00
2024-08-21,03:30:00 am,0,101.233,20.483,2024-08-21 03:30:00
2024-08-21,03:45:00 am,0,101.243,20.401,2024-08-21 03:45:00
2024-08-21,04:00:00 am,0,101.253,20.291,2024-08-21 04:00:00
2024-08-21,04:15:00 am,0,101.251,20.223,2024-08-21 04:15:00
2024-08-21,04:30:00 am,0,101.245,20.151,2024-08-21 04:30:00
2024-08-21,04:45:00 am,0,101.243,20.065,2024-08-21 04:45:00
2024-08-21,05:00:00 am,0,101.247,19.989,2024-08-21 05:00:00
2024-08-21,05:15:00 am,0,101.253,19.919,2024-08-21 05:15:00
2024-08-21,05:30:00 am,0,101.263,19.854,2024-08-21 05:30:00
2024-08-21,05:45:00 am,0,101.268,19.792,2024-08-21 05:45:00
2024-08-21,06:00:00 am,0,101.286,19.739,2024-08-21 06:00:00
2024-08-21,06:15:00 am,0,101.297,19.667,2024-08-21 06:15:00
2024-08-21,06:30:00 am,0,101.31,19.612,2024-08-21 06:30:00
2024-08-21,06:45:00 am,0,101.33,19.567,2024-08-21 06:45:00
2024-08-21,07:00:00 am,0,101.344,19.533,2024-08-21 07:00:00
2024-08-21,07:15:00 am,0,101.359,19.538,2024-08-21 07:15:00
2024-08-21,07:30:00 am,0,101.368,19.553,2024-08-21 07:30:00
2024-08-21,07:45:00 am,0,101.385,19.607,2024-08-21 07:45:00
2024-08-21,08:00:00 am,0,101.408,19.692,2024-08-21 08:00:00
2024-08-21,08:15:00 am,0,101.427,19.818,2024-08-21 08:15:00
2024-08-21,08:30:00 am,0,101.461,19.993,2024-08-21 08:30:00
2024-08-21,08:45:00 am,0,101.514,20.295,2024-08-21 08:45:00
2024-08-21,09:00:00 am,0,101.572,20.571,2024-08-21 09:00:00
2024-08-21,09:15:00 am,0,101.63,20.875,2024-08-21 09:15:00
2024-08-21,09:30:00 am,0,101.667,21.128,2024-08-21 09:30:00
2024-08-21,09:45:00 am,0,101.676,21.175,2024-08-21 09:45:00
2024-08-21,10:00:00 am,0,101.683,21.302,2024-08-21 10:00:00
2024-08-21,10:15:00 am,0,101.681,21.45,2024-08-21 10:15:00
2024-08-21,10:30:00 am,0,101.679,21.662,2024-08-21 10:30:00
2024-08-21,10:45:00 am,0,101.68,21.89,2024-08-21 10:45:00
2024-08-21,11:00:00 am,0,101.686,22.024,2024-08-21 11:00:00
2024-08-21,11:15:00 am,0,101.659,22.279,2024-08-21 11:15:00
2024-08-21,11:30:00 am,0,101.641,22.554,2024-08-21 11:30:00
2024-08-21,11:45:00 am,0,101.622,22.772,2024-08-21 11:45:00
2024-08-21,12:00:00 pm,0,101.627,23.064,2024-08-21 12:00:00
2024-08-21,12:15:00 pm,0,101.608,23.126,2024-08-21 12:15:00
2024-08-21,12:30:00 pm,0,101.601,23.275,2024-08-21 12:30:00
2024-08-21,12:45:00 pm,0,101.586,23.432,2024-08-21 12:45:00
2024-08-21,01:00:00 pm,0,101.566,23.497,2024-08-21 01:00:00
2024-08-21,01:15:00 pm,0,101.57,23.589,2024-08-21 01:15:00
2024-08-21,01:30:00 pm,0,101.552,23.696,2024-08-21 01:30:00
2024-08-21,01:45:00 pm,0,101.517,23.881,2024-08-21 01:45:00
2024-08-21,02:00:00 pm,0,101.519,24.1,2024-08-21 02:00:00
2024-08-21,02:15:00 pm,0,101.492,24.23,2024-08-21 02:15:00
2024-08-21,02:30:00 pm,0,101.486,24.377,2024-08-21 02:30:00
2024-08-21,02:45:00 pm,0,101.423,24.536,2024-08-21 02:45:00
2024-08-21,03:00:00 pm,0,101.426,24.73,2024-08-21 03:00:00
2024-08-21,03:15:00 pm,0,101.414,24.807,2024-08-21 03:15:00
2024-08-21,03:30:00 pm,0,101.404,24.794,2024-08-21 03:30:00
2024-08-21,03:45:00 pm,0,101.387,24.849,2024-08-21 03:45:00
2024-08-21,04:00:00 pm,0,101.377,24.858,2024-08-21 04:00:00
2024-08-21,04:15:00 pm,0,101.375,24.849,2024-08-21 04:15:00
2024-08-21,04:30:00 pm,0,101.357,24.815,2024-08-21 04:30:00
2024-08-21,04:45:00 pm,0,101.336,24.678,2024-08-21 04:45:00
2024-08-21,05:00:00 pm,0,101.318,24.494,2024-08-21 05:00:00
2024-08-21,05:15:00 pm,0,101.308,24.327,2024-08-21 05:15:00
2024-08-21,05:30:00 pm,0,101.296,24.232,2024-08-21 05:30:00
2024-08-21,05:45:00 pm,0,101.28,24.126,2024-08-21 05:45:00
2024-08-21,06:00:00 pm,0,101.26,24.042,2024-08-21 06:00:00
2024-08-21,06:15:00 pm,0,101.25,23.941,2024-08-21 06:15:00
2024-08-21,06:30:00 pm,0,101.237,23.825,2024-08-21 06:30:00
2024-08-21,06:45:00 pm,0,101.224,23.699,2024-08-21 06:45:00
2024-08-21,07:00:00 pm,0,101.207,23.578,2024-08-21 07:00:00
2024-08-21,07:15:00 pm,0,101.198,23.446,2024-08-21 07:15:00
2024-08-21,07:30:00 pm,0,101.198,23.299,2024-08-21 07:30:00
2024-08-21,07:45:00 pm,0,101.186,23.139,2024-08-21 07:45:00
2024-08-21,08:00:00 pm,0,101.198,22.974,2024-08-21 08:00:00
2024-08-21,08:15:00 pm,0,101.176,22.81,2024-08-21 08:15:00
2024-08-21,08:30:00 pm,0,101.167,22.674,2024-08-21 08:30:00
2024-08-21,08:45:00 pm,0,101.161,22.55,2024-08-21 08:45:00
2024-08-21,09:00:00 pm,0,101.158,22.411,2024-08-21 09:00:00
2024-08-21,09:15:00 pm,0,101.196,22.27,2024-08-21 09:15:00
2024-08-21,09:30:00 pm,0,101.208,22.122,2024-08-21 09:30:00
2024-08-21,09:45:00 pm,0,101.234,22.02,2024-08-21 09:45:00
2024-08-21,10:00:00 pm,0,101.238,21.903,2024-08-21 10:00:00
2024-08-21,10:15:00 pm,0,101.241,21.77,2024-08-21 10:15:00
2024-08-21,10:30:00 pm,0,101.243,21.664,2024-08-21 10:30:00
2024-08-21,10:45:00 pm,0,101.244,21.565,2024-08-21 10:45:00
2024-08-21,11:00:00 pm,0,101.234,21.459,2024-08-21 11:00:00
2024-08-21,11:15:00 pm,0,101.236,21.361,2024-08-21 11:15:00
2024-08-21,11:30:00 pm,0,101.23,21.259,2024-08-21 11:30:00
2024-08-21,11:45:00 pm,0,101.229,21.178,2024-08-21 11:45:00
2024-08-22,12:00:00 am,0,101.229,21.074,2024-08-22 12:00:00
2024-08-22,12:15:00 am,0,101.23,20.978,2024-08-22 12:15:00
2024-08-22,12:30:00 am,0,101.223,20.883,2024-08-22 12:30:00
2024-08-22,12:45:00 am,0,101.226,20.803,2024-08-22 12:45:00
2024-08-22,01:00:00 am,0,101.223,20.734,2024-08-22 01:00:00
2024-08-22,01:15:00 am,0,101.209,20.666,2024-08-22 01:15:00
2024-08-22,01:30:00 am,0,101.197,20.584,2024-08-22 01:30:00
2024-08-22,01:45:00 am,0,101.195,20.517,2024-08-22 01:45:00
2024-08-22,02:00:00 am,0,101.182,20.456,2024-08-22 02:00:00
2024-08-22,02:15:00 am,0,101.173,20.391,2024-08-22 02:15:00
2024-08-22,02:30:00 am,0,101.173,20.336,2024-08-22 02:30:00
2024-08-22,02:45:00 am,0,101.175,20.289,2024-08-22 02:45:00
2024-08-22,03:00:00 am,0,101.177,20.227,2024-08-22 03:00:00
2024-08-22,03:15:00 am,0,101.174,20.174,2024-08-22 03:15:00
2024-08-22,03:30:00 am,0,101.18,20.119,2024-08-22 03:30:00
2024-08-22,03:45:00 am,0,101.196,20.074,2024-08-22 03:45:00
2024-08-22,04:00:00 am,0,101.206,20.054,2024-08-22 04:00:00
2024-08-22,04:15:00 am,0,101.219,20.021,2024-08-22 04:15:00
2024-08-22,04:30:00 am,0,101.239,19.992,2024-08-22 04:30:00
2024-08-22,04:45:00 am,0,101.252,19.971,2024-08-22 04:45:00
2024-08-22,05:00:00 am,0,101.269,19.945,2024-08-22 05:00:00
2024-08-22,05:15:00 am,0,101.281,19.925,2024-08-22 05:15:00
2024-08-22,05:30:00 am,0,101.291,19.895,2024-08-22 05:30:00
2024-08-22,05:45:00 am,0,101.301,19.859,2024-08-22 05:45:00
2024-08-22,06:00:00 am,0,101.319,19.816,2024-08-22 06:00:00
2024-08-22,06:15:00 am,0,101.336,19.782,2024-08-22 06:15:00
2024-08-22,06:30:00 am,0,101.359,19.744,2024-08-22 06:30:00
2024-08-22,06:45:00 am,0,101.383,19.722,2024-08-22 06:45:00
2024-08-22,07:00:00 am,0,101.393,19.696,2024-08-22 07:00:00
2024-08-22,07:15:00 am,0,101.407,19.701,2024-08-22 07:15:00
2024-08-22,07:30:00 am,0,101.423,19.728,2024-08-22 07:30:00
2024-08-22,07:45:00 am,0,101.445,19.782,2024-08-22 07:45:00
2024-08-22,08:00:00 am,0,101.453,19.861,2024-08-22 08:00:00
2024-08-22,08:15:00 am,0,101.477,19.976,2024-08-22 08:15:00
2024-08-22,08:30:00 am,0,101.51,20.174,2024-08-22 08:30:00
2024-08-22,08:45:00 am,0,101.552,20.429,2024-08-22 08:45:00
2024-08-22,09:00:00 am,0,101.627,20.822,2024-08-22 09:00:00
2024-08-22,09:15:00 am,0,101.693,21.21,2024-08-22 09:15:00
2024-08-22,09:30:00 am,0,101.734,21.471,2024-08-22 09:30:00
2024-08-22,09:45:00 am,0,101.743,21.537,2024-08-22 09:45:00
2024-08-22,10:00:00 am,0,101.761,21.709,2024-08-22 10:00:00
2024-08-22,10:15:00 am,0,101.76,21.903,2024-08-22 10:15:00
2024-08-22,10:30:00 am,0,101.74,22.023,2024-08-22 10:30:00
2024-08-22,10:45:00 am,0,101.751,22.055,2024-08-22 10:45:00
2024-08-22,11:00:00 am,0,101.759,22.129,2024-08-22 11:00:00
2024-08-22,11:15:00 am,0,101.778,22.264,2024-08-22 11:15:00
2024-08-22,11:30:00 am,0,101.764,22.329,2024-08-22 11:30:00
2024-08-22,11:45:00 am,0,101.76,22.384,2024-08-22 11:45:00
2024-08-22,12:00:00 pm,0,101.742,22.393,2024-08-22 12:00:00
2024-08-22,12:15:00 pm,0,101.732,22.523,2024-08-22 12:15:00
2024-08-22,12:30:00 pm,0,101.718,22.862,2024-08-22 12:30:00
2024-08-22,12:45:00 pm,0,101.705,22.873,2024-08-22 12:45:00
2024-08-22,01:00:00 pm,0,101.693,22.79,2024-08-22 01:00:00
2024-08-22,01:15:00 pm,0,101.699,23.068,2024-08-22 01:15:00
2024-08-22,01:30:00 pm,0,101.669,23.326,2024-08-22 01:30:00
2024-08-22,01:45:00 pm,0,101.658,23.344,2024-08-22 01:45:00
2024-08-22,02:00:00 pm,0,101.62,23.482,2024-08-22 02:00:00
2024-08-22,02:15:00 pm,0,101.612,23.585,2024-08-22 02:15:00
2024-08-22,02:30:00 pm,0,101.584,23.533,2024-08-22 02:30:00
2024-08-22,02:45:00 pm,0,101.569,23.51,2024-08-22 02:45:00
2024-08-22,03:00:00 pm,0,101.569,23.641,2024-08-22 03:00:00
2024-08-22,03:15:00 pm,0,101.563,23.866,2024-08-22 03:15:00
2024-08-22,03:30:00 pm,0,101.613,24.088,2024-08-22 03:30:00
2024-08-22,03:45:00 pm,0,101.608,24.125,2024-08-22 03:45:00
2024-08-22,04:00:00 pm,0,101.598,24.194,2024-08-22 04:00:00
2024-08-22,04:15:00 pm,0,101.563,24.063,2024-08-22 04:15:00
2024-08-22,04:30:00 pm,0,101.545,23.892,2024-08-22 04:30:00
2024-08-22,04:45:00 pm,0,101.524,23.822,2024-08-22 04:45:00
2024-08-22,05:00:00 pm,0,101.514,23.793,2024-08-22 05:00:00
2024-08-22,05:15:00 pm,0,101.513,23.758,2024-08-22 05:15:00
2024-08-22,05:30:00 pm,0,101.516,23.702,2024-08-22 05:30:00
2024-08-22,05:45:00 pm,0,101.525,23.627,2024-08-22 05:45:00
2024-08-22,06:00:00 pm,0,101.523,23.596,2024-08-22 06:00:00
2024-08-22,06:15:00 pm,0,101.527,23.591,2024-08-22 06:15:00
2024-08-22,06:30:00 pm,0,101.533,23.551,2024-08-22 06:30:00
2024-08-22,06:45:00 pm,0,101.524,23.518,2024-08-22 06:45:00
2024-08-22,07:00:00 pm,0,101.527,23.453,2024-08-22 07:00:00
2024-08-22,07:15:00 pm,0,101.527,23.372,2024-08-22 07:15:00
2024-08-22,07:30:00 pm,0,101.548,23.292,2024-08-22 07:30:00
2024-08-22,07:45:00 pm,0,101.55,23.213,2024-08-22 07:45:00
2024-08-22,08:00:00 pm,0,101.567,23.14,2024-08-22 08:00:00
2024-08-22,08:15:00 pm,0,101.582,23.074,2024-08-22 08:15:00
2024-08-22,08:30:00 pm,0,101.578,23.007,2024-08-22 08:30:00
2024-08-22,08:45:00 pm,0,101.586,22.94,2024-08-22 08:45:00
2024-08-22,09:00:00 pm,0,101.593,22.865,2024-08-22 09:00:00
2024-08-22,09:15:00 pm,0,101.597,22.802,2024-08-22 09:15:00
2024-08-22,09:30:00 pm,0,101.598,22.734,2024-08-22 09:30:00
2024-08-22,09:45:00 pm,0,101.597,22.667,2024-08-22 09:45:00
2024-08-22,10:00:00 pm,0,101.601,22.595,2024-08-22 10:00:00
2024-08-22,10:15:00 pm,0,101.604,22.527,2024-08-22 10:15:00
2024-08-22,10:30:00 pm,0,101.61,22.467,2024-08-22 10:30:00
2024-08-22,10:45:00 pm,0,101.606,22.438,2024-08-22 10:45:00
2024-08-22,11:00:00 pm,0,101.606,22.398,2024-08-22 11:00:00
2024-08-22,11:15:00 pm,0,101.61,22.351,2024-08-22 11:15:00
2024-08-22,11:30:00 pm,0,101.615,22.304,2024-08-22 11:30:00
2024-08-22,11:45:00 pm,0,101.62,22.259,2024-08-22 11:45:00
2024-08-23,12:00:00 am,0,101.616,22.209,2024-08-23 12:00:00
2024-08-23,12:15:00 am,0,101.613,22.157,2024-08-23 12:15:00
2024-08-23,12:30:00 am,0,101.605,22.104,2024-08-23 12:30:00
2024-08-23,12:45:00 am,0,101.606,22.044,2024-08-23 12:45:00
2024-08-23,01:00:00 am,0,101.602,21.975,2024-08-23 01:00:00
2024-08-23,01:15:00 am,0,101.605,21.907,2024-08-23 01:15:00
2024-08-23,01:30:00 am,0,101.596,21.851,2024-08-23 01:30:00
2024-08-23,01:45:00 am,0,101.595,21.783,2024-08-23 01:45:00
2024-08-23,02:00:00 am,0,101.583,21.727,2024-08-23 02:00:00
2024-08-23,02:15:00 am,0,101.584,21.672,2024-08-23 02:15:00
2024-08-23,02:30:00 am,0,101.577,21.628,2024-08-23 02:30:00
2024-08-23,02:45:00 am,0,101.568,21.561,2024-08-23 02:45:00
2024-08-23,03:00:00 am,0,101.563,21.489,2024-08-23 03:00:00
2024-08-23,03:15:00 am,0,101.567,21.427,2024-08-23 03:15:00
2024-08-23,03:30:00 am,0,101.569,21.35,2024-08-23 03:30:00
2024-08-23,03:45:00 am,0,101.564,21.281,2024-08-23 03:45:00
2024-08-23,04:00:00 am,0,101.567,21.231,2024-08-23 04:00:00
2024-08-23,04:15:00 am,0,101.562,21.181,2024-08-23 04:15:00
2024-08-23,04:30:00 am,0,101.558,21.134,2024-08-23 04:30:00
2024-08-23,04:45:00 am,0,101.595,21.06,2024-08-23 04:45:00
2024-08-23,05:00:00 am,0,101.632,21.001,2024-08-23 05:00:00
2024-08-23,05:15:00 am,0,101.656,20.968,2024-08-23 05:15:00
2024-08-23,05:30:00 am,0,101.675,20.938,2024-08-23 05:30:00
2024-08-23,05:45:00 am,0,101.686,20.893,2024-08-23 05:45:00
2024-08-23,06:00:00 am,0,101.704,20.878,2024-08-23 06:00:00
2024-08-23,06:15:00 am,0,101.726,20.869,2024-08-23 06:15:00
2024-08-23,06:30:00 am,0,101.741,20.853,2024-08-23 06:30:00
2024-08-23,06:45:00 am,0,101.763,20.829,2024-08-23 06:45:00
2024-08-23,07:00:00 am,0,101.776,20.81,2024-08-23 07:00:00
2024-08-23,07:15:00 am,0,101.786,20.8,2024-08-23 07:15:00
2024-08-23,07:30:00 am,0,101.804,20.835,2024-08-23 07:30:00
2024-08-23,07:45:00 am,0,101.819,20.901,2024-08-23 07:45:00
2024-08-23,08:00:00 am,0,101.829,20.965,2024-08-23 08:00:00
2024-08-23,08:15:00 am,0,101.842,21.026,2024-08-23 08:15:00
2024-08-23,08:30:00 am,0,101.871,21.183,2024-08-23 08:30:00
2024-08-23,08:45:00 am,0,101.899,21.327,2024-08-23 08:45:00
2024-08-23,09:00:00 am,0,101.959,21.681,2024-08-23 09:00:00
2024-08-23,09:15:00 am,0,102.032,22.028,2024-08-23 09:15:00
2024-08-23,09:30:00 am,0,102.048,22.142,2024-08-23 09:30:00
2024-08-23,09:45:00 am,0,102.037,22.028,2024-08-23 09:45:00
2024-08-23,10:00:00 am,0,102.052,22.086,2024-08-23 10:00:00
2024-08-23,10:15:00 am,0,102.085,22.201,2024-08-23 10:15:00
2024-08-23,10:30:00 am,0,102.114,22.357,2024-08-23 10:30:00
2024-08-23,10:45:00 am,0,102.144,22.512,2024-08-23 10:45:00
2024-08-23,11:00:00 am,0,102.163,22.63,2024-08-23 11:00:00
2024-08-23,11:15:00 am,0,102.171,22.77,2024-08-23 11:15:00
2024-08-23,11:30:00 am,0,102.153,22.942,2024-08-23 11:30:00
2024-08-23,11:45:00 am,0,102.145,23.171,2024-08-23 11:45:00
2024-08-23,12:00:00 pm,0,102.127,23.38,2024-08-23 12:00:00
2024-08-23,12:15:00 pm,0,102.118,23.452,2024-08-23 12:15:00
2024-08-23,12:30:00 pm,0,102.098,23.555,2024-08-23 12:30:00
2024-08-23,12:45:00 pm,0,102.056,23.707,2024-08-23 12:45:00
2024-08-23,01:00:00 pm,0,102.039,23.802,2024-08-23 01:00:00
2024-08-23,01:15:00 pm,0,102.032,23.882,2024-08-23 01:15:00
2024-08-23,01:30:00 pm,0,102.008,24.053,2024-08-23 01:30:00
2024-08-23,01:45:00 pm,0,102.011,24.198,2024-08-23 01:45:00
2024-08-23,02:00:00 pm,0,101.98,24.328,2024-08-23 02:00:00
2024-08-23,02:15:00 pm,0,101.951,24.427,2024-08-23 02:15:00
2024-08-23,02:30:00 pm,0,101.951,24.556,2024-08-23 02:30:00
2024-08-23,02:45:00 pm,0,101.932,24.711,2024-08-23 02:45:00
2024-08-23,03:00:00 pm,0,101.914,24.779,2024-08-23 03:00:00
2024-08-23,03:15:00 pm,0,101.888,24.846,2024-08-23 03:15:00
2024-08-23,03:30:00 pm,0,101.855,24.883,2024-08-23 03:30:00
2024-08-23,03:45:00 pm,0,101.852,24.938,2024-08-23 03:45:00
2024-08-23,04:00:00 pm,0,101.832,24.911,2024-08-23 04:00:00
2024-08-23,04:15:00 pm,0,101.81,24.84,2024-08-23 04:15:00
2024-08-23,04:30:00 pm,0,101.812,24.864,2024-08-23 04:30:00
2024-08-23,04:45:00 pm,0,101.79,24.804,2024-08-23 04:45:00
2024-08-23,05:00:00 pm,0,101.771,24.695,2024-08-23 05:00:00
2024-08-23,05:15:00 pm,0,101.757,24.578,2024-08-23 05:15:00
2024-08-23,05:30:00 pm,0,101.749,24.458,2024-08-23 05:30:00
2024-08-23,05:45:00 pm,0,101.75,24.357,2024-08-23 05:45:00
2024-08-23,06:00:00 pm,0,101.751,24.263,2024-08-23 06:00:00
2024-08-23,06:15:00 pm,0,101.742,24.205,2024-08-23 06:15:00
2024-08-23,06:30:00 pm,0,101.729,24.091,2024-08-23 06:30:00
2024-08-23,06:45:00 pm,0,101.739,23.97,2024-08-23 06:45:00
2024-08-23,07:00:00 pm,0,101.735,23.844,2024-08-23 07:00:00
2024-08-23,07:15:00 pm,0,101.726,23.693,2024-08-23 07:15:00
2024-08-23,07:30:00 pm,0,101.725,23.526,2024-08-23 07:30:00
2024-08-23,07:45:00 pm,0,101.721,23.356,2024-08-23 07:45:00
2024-08-23,08:00:00 pm,0,101.72,23.195,2024-08-23 08:00:00
2024-08-23,08:15:00 pm,0,101.724,23.052,2024-08-23 08:15:00
2024-08-23,08:30:00 pm,0,101.713,22.913,2024-08-23 08:30:00
2024-08-23,08:45:00 pm,0,101.707,22.773,2024-08-23 08:45:00
2024-08-23,09:00:00 pm,0,101.708,22.619,2024-08-23 09:00:00
2024-08-23,09:15:00 pm,0,101.714,22.465,2024-08-23 09:15:00
2024-08-23,09:30:00 pm,0,101.707,22.312,2024-08-23 09:30:00
2024-08-23,09:45:00 pm,0,101.712,22.186,2024-08-23 09:45:00
2024-08-23,10:00:00 pm,0,101.709,22.059,2024-08-23 10:00:00
2024-08-23,10:15:00 pm,0,101.708,21.94,2024-08-23 10:15:00
2024-08-23,10:30:00 pm,0,101.709,21.811,2024-08-23 10:30:00
2024-08-23,10:45:00 pm,0,101.693,21.678,2024-08-23 10:45:00
2024-08-23,11:00:00 pm,0,101.675,21.566,2024-08-23 11:00:00
2024-08-23,11:15:00 pm,0,101.673,21.454,2024-08-23 11:15:00
2024-08-23,11:30:00 pm,0,101.661,21.338,2024-08-23 11:30:00
2024-08-23,11:45:00 pm,0,101.644,21.226,2024-08-23 11:45:00
2024-08-24,12:00:00 am,0,101.632,21.133,2024-08-24 12:00:00
2024-08-24,12:15:00 am,0,101.605,21.015,2024-08-24 12:15:00
2024-08-24,12:30:00 am,0,101.599,20.898,2024-08-24 12:30:00
2024-08-24,12:45:00 am,0,101.601,20.756,2024-08-24 12:45:00
2024-08-24,01:00:00 am,0,101.608,20.642,2024-08-24 01:00:00
2024-08-24,01:15:00 am,0,101.597,20.513,2024-08-24 01:15:00
2024-08-24,01:30:00 am,0,101.596,20.399,2024-08-24 01:30:00
2024-08-24,01:45:00 am,0,101.597,20.292,2024-08-24 01:45:00
2024-08-24,02:00:00 am,0,101.594,20.194,2024-08-24 02:00:00
2024-08-24,02:15:00 am,0,101.589,20.066,2024-08-24 02:15:00
2024-08-24,02:30:00 am,0,101.589,19.944,2024-08-24 02:30:00
2024-08-24,02:45:00 am,0,101.586,19.856,2024-08-24 02:45:00
2024-08-24,03:00:00 am,0,101.593,19.793,2024-08-24 03:00:00
2024-08-24,03:15:00 am,0,101.599,19.71,2024-08-24 03:15:00
2024-08-24,03:30:00 am,0,101.612,19.641,2024-08-24 03:30:00
2024-08-24,03:45:00 am,0,101.619,19.57,2024-08-24 03:45:00
2024-08-24,04:00:00 am,0,101.621,19.479,2024-08-24 04:00:00
2024-08-24,04:15:00 am,0,101.644,19.399,2024-08-24 04:15:00
2024-08-24,04:30:00 am,0,101.656,19.348,2024-08-24 04:30:00
2024-08-24,04:45:00 am,0,101.678,19.29,2024-08-24 04:45:00
2024-08-24,05:00:00 am,0,101.701,19.24,2024-08-24 05:00:00
2024-08-24,05:15:00 am,0,101.721,19.181,2024-08-24 05:15:00
2024-08-24,05:30:00 am,0,101.738,19.125,2024-08-24 05:30:00
2024-08-24,05:45:00 am,0,101.748,19.066,2024-08-24 05:45:00
2024-08-24,06:00:00 am,0,101.752,19.019,2024-08-24 06:00:00
2024-08-24,06:15:00 am,0,101.761,18.94,2024-08-24 06:15:00
2024-08-24,06:30:00 am,0,101.799,18.878,2024-08-24 06:30:00
2024-08-24,06:45:00 am,0,101.816,18.833,2024-08-24 06:45:00
2024-08-24,07:00:00 am,0,101.815,18.815,2024-08-24 07:00:00
2024-08-24,07:15:00 am,0,101.835,18.82,2024-08-24 07:15:00
2024-08-24,07:30:00 am,0,101.844,18.853,2024-08-24 07:30:00
2024-08-24,07:45:00 am,0,101.859,18.914,2024-08-24 07:45:00
2024-08-24,08:00:00 am,0,101.869,19.014,2024-08-24 08:00:00
2024-08-24,08:15:00 am,0,101.899,19.157,2024-08-24 08:15:00
2024-08-24,08:30:00 am,0,101.947,19.428,2024-08-24 08:30:00
2024-08-24,08:45:00 am,0,101.987,19.675,2024-08-24 08:45:00
2024-08-24,09:00:00 am,0,102.076,20.12,2024-08-24 09:00:00
2024-08-24,09:15:00 am,0,102.158,20.585,2024-08-24 09:15:00
2024-08-24,09:30:00 am,0,102.194,20.737,2024-08-24 09:30:00
2024-08-24,09:45:00 am,0,102.19,20.73,2024-08-24 09:45:00
2024-08-24,10:00:00 am,0,102.202,20.893,2024-08-24 10:00:00
2024-08-24,10:15:00 am,0,102.21,21.053,2024-08-24 10:15:00
2024-08-24,10:30:00 am,0,102.167,21.362,2024-08-24 10:30:00
2024-08-24,10:45:00 am,0,102.167,21.55,2024-08-24 10:45:00
2024-08-24,11:00:00 am,0,102.155,21.696,2024-08-24 11:00:00
2024-08-24,11:15:00 am,0,102.102,21.868,2024-08-24 11:15:00
2024-08-24,11:30:00 am,0,102.079,22.127,2024-08-24 11:30:00
2024-08-24,11:45:00 am,0,102.083,22.408,2024-08-24 11:45:00
2024-08-24,12:00:00 pm,0,102.07,22.652,2024-08-24 12:00:00
2024-08-24,12:15:00 pm,0,102.044,22.767,2024-08-24 12:15:00
2024-08-24,12:30:00 pm,0,102.012,22.903,2024-08-24 12:30:00
2024-08-24,12:45:00 pm,0,102.001,23.085,2024-08-24 12:45:00
2024-08-24,01:00:00 pm,0,101.995,23.223,2024-08-24 01:00:00
2024-08-24,01:15:00 pm,0,101.976,23.377,2024-08-24 01:15:00
2024-08-24,01:30:00 pm,0,101.963,23.545,2024-08-24 01:30:00
2024-08-24,01:45:00 pm,0,101.884,23.692,2024-08-24 01:45:00
2024-08-24,02:00:00 pm,0,101.886,23.822,2024-08-24 02:00:00
2024-08-24,02:15:00 pm,0,101.874,23.9,2024-08-24 02:15:00
2024-08-24,02:30:00 pm,0,101.859,23.923,2024-08-24 02:30:00
2024-08-24,02:45:00 pm,0,101.849,24.163,2024-08-24 02:45:00
2024-08-24,03:00:00 pm,0,101.816,24.222,2024-08-24 03:00:00
2024-08-24,03:15:00 pm,0,101.814,24.34,2024-08-24 03:15:00
2024-08-24,03:30:00 pm,0,101.804,24.427,2024-08-24 03:30:00
2024-08-24,03:45:00 pm,0,101.8,24.457,2024-08-24 03:45:00
2024-08-24,04:00:00 pm,0,101.79,24.381,2024-08-24 04:00:00
2024-08-24,04:15:00 pm,0,101.782,24.385,2024-08-24 04:15:00
2024-08-24,04:30:00 pm,0,101.771,24.453,2024-08-24 04:30:00
2024-08-24,04:45:00 pm,0,101.734,24.46,2024-08-24 04:45:00
2024-08-24,05:00:00 pm,0,101.725,24.355,2024-08-24 05:00:00
2024-08-24,05:15:00 pm,0,101.709,24.208,2024-08-24 05:15:00
2024-08-24,05:30:00 pm,0,101.682,24.168,2024-08-24 05:30:00
2024-08-24,05:45:00 pm,0,101.668,24.14,2024-08-24 05:45:00
2024-08-24,06:00:00 pm,0,101.649,24.051,2024-08-24 06:00:00
2024-08-24,06:15:00 pm,0,101.638,24.031,2024-08-24 06:15:00
2024-08-24,06:30:00 pm,0,101.613,23.93,2024-08-24 06:30:00
2024-08-24,06:45:00 pm,0,101.61,23.794,2024-08-24 06:45:00
2024-08-24,07:00:00 pm,0,101.59,23.682,2024-08-24 07:00:00
2024-08-24,07:15:00 pm,0,101.589,23.563,2024-08-24 07:15:00
2024-08-24,07:30:00 pm,0,101.605,23.439,2024-08-24 07:30:00
2024-08-24,07:45:00 pm,0,101.599,23.324,2024-08-24 07:45:00
2024-08-24,08:00:00 pm,0,101.59,23.208,2024-08-24 08:00:00
2024-08-24,08:15:00 pm,0,101.582,23.106,2024-08-24 08:15:00
2024-08-24,08:30:00 pm,0,101.572,23.014,2024-08-24 08:30:00
2024-08-24,08:45:00 pm,0,101.572,22.907,2024-08-24 08:45:00
2024-08-24,09:00:00 pm,0,101.568,22.798,2024-08-24 09:00:00
2024-08-24,09:15:00 pm,0,101.567,22.697,2024-08-24 09:15:00
2024-08-24,09:30:00 pm,0,101.563,22.59,2024-08-24 09:30:00
2024-08-24,09:45:00 pm,0,101.562,22.485,2024-08-24 09:45:00
2024-08-24,10:00:00 pm,0,101.583,22.389,2024-08-24 10:00:00
2024-08-24,10:15:00 pm,0,101.577,22.275,2024-08-24 10:15:00
2024-08-24,10:30:00 pm,0,101.558,22.185,2024-08-24 10:30:00
2024-08-24,10:45:00 pm,0,101.536,22.077,2024-08-24 10:45:00
2024-08-24,11:00:00 pm,0,101.528,21.974,2024-08-24 11:00:00
2024-08-24,11:15:00 pm,0,101.536,21.882,2024-08-24 11:15:00
2024-08-24,11:30:00 pm,0,101.545,21.797,2024-08-24 11:30:00
2024-08-24,11:45:00 pm,0,101.546,21.716,2024-08-24 11:45:00
2024-08-25,12:00:00 am,0,101.555,21.657,2024-08-25 12:00:00
2024-08-25,12:15:00 am,0,101.543,21.606,2024-08-25 12:15:00
2024-08-25,12:30:00 am,0,101.536,21.547,2024-08-25 12:30:00
2024-08-25,12:45:00 am,0,101.54,21.472,2024-08-25 12:45:00
2024-08-25,01:00:00 am,0,101.534,21.396,2024-08-25 01:00:00
2024-08-25,01:15:00 am,0,101.525,21.32,2024-08-25 01:15:00
2024-08-25,01:30:00 am,0,101.512,21.238,2024-08-25 01:30:00
2024-08-25,01:45:00 am,0,101.503,21.146,2024-08-25 01:45:00
2024-08-25,02:00:00 am,0,101.487,21.062,2024-08-25 02:00:00
2024-08-25,02:15:00 am,0,101.489,21.001,2024-08-25 02:15:00
2024-08-25,02:30:00 am,0,101.487,20.923,2024-08-25 02:30:00
2024-08-25,02:45:00 am,0,101.482,20.83,2024-08-25 02:45:00
2024-08-25,03:00:00 am,0,101.496,20.767,2024-08-25 03:00:00
2024-08-25,03:15:00 am,0,101.519,20.702,2024-08-25 03:15:00
2024-08-25,03:30:00 am,0,101.549,20.632,2024-08-25 03:30:00
2024-08-25,03:45:00 am,0,101.564,20.559,2024-08-25 03:45:00
2024-08-25,04:00:00 am,0,101.579,20.493,2024-08-25 04:00:00
2024-08-25,04:15:00 am,0,101.585,20.436,2024-08-25 04:15:00
2024-08-25,04:30:00 am,0,101.603,20.366,2024-08-25 04:30:00
2024-08-25,04:45:00 am,0,101.623,20.311,2024-08-25 04:45:00
2024-08-25,05:00:00 am,0,101.644,20.288,2024-08-25 05:00:00
2024-08-25,05:15:00 am,0,101.66,20.252,2024-08-25 05:15:00
2024-08-25,05:30:00 am,0,101.668,20.209,2024-08-25 05:30:00
2024-08-25,05:45:00 am,0,101.689,20.165,2024-08-25 05:45:00
2024-08-25,06:00:00 am,0,101.703,20.11,2024-08-25 06:00:00
2024-08-25,06:15:00 am,0,101.714,20.063,2024-08-25 06:15:00
2024-08-25,06:30:00 am,0,101.738,20.027,2024-08-25 06:30:00
2024-08-25,06:45:00 am,0,101.757,19.973,2024-08-25 06:45:00
2024-08-25,07:00:00 am,0,101.776,19.938,2024-08-25 07:00:00
2024-08-25,07:15:00 am,0,101.794,19.916,2024-08-25 07:15:00
2024-08-25,07:30:00 am,0,101.808,19.929,2024-08-25 07:30:00
2024-08-25,07:45:00 am,0,101.814,19.974,2024-08-25 07:45:00
2024-08-25,08:00:00 am,0,101.829,20.045,2024-08-25 08:00:00
2024-08-25,08:15:00 am,0,101.845,20.151,2024-08-25 08:15:00
2024-08-25,08:30:00 am,0,101.882,20.384,2024-08-25 08:30:00
2024-08-25,08:45:00 am,0,101.899,20.595,2024-08-25 08:45:00
2024-08-25,09:00:00 am,0,101.98,21.083,2024-08-25 09:00:00
2024-08-25,09:15:00 am,0,102.058,21.49,2024-08-25 09:15:00
2024-08-25,09:30:00 am,0,102.084,21.546,2024-08-25 09:30:00
2024-08-25,09:45:00 am,0,102.096,21.567,2024-08-25 09:45:00
2024-08-25,10:00:00 am,0,102.133,21.73,2024-08-25 10:00:00
2024-08-25,10:15:00 am,0,102.164,21.939,2024-08-25 10:15:00
2024-08-25,10:30:00 am,0,102.189,22.188,2024-08-25 10:30:00
2024-08-25,10:45:00 am,0,102.175,22.32,2024-08-25 10:45:00
2024-08-25,11:00:00 am,0,102.163,22.508,2024-08-25 11:00:00
2024-08-25,11:15:00 am,0,102.138,22.659,2024-08-25 11:15:00
2024-08-25,11:30:00 am,0,102.135,22.891,2024-08-25 11:30:00
2024-08-25,11:45:00 am,0,102.135,23.122,2024-08-25 11:45:00
2024-08-25,12:00:00 pm,0,102.098,23.358,2024-08-25 12:00:00
2024-08-25,12:15:00 pm,0,102.069,23.488,2024-08-25 12:15:00
2024-08-25,12:30:00 pm,0,102.06,23.62,2024-08-25 12:30:00
2024-08-25,12:45:00 pm,0,102.043,23.761,2024-08-25 12:45:00
2024-08-25,01:00:00 pm,0,102.005,23.898,2024-08-25 01:00:00
2024-08-25,01:15:00 pm,0,101.984,24.061,2024-08-25 01:15:00
2024-08-25,01:30:00 pm,0,101.975,24.23,2024-08-25 01:30:00
2024-08-25,01:45:00 pm,0,101.976,24.382,2024-08-25 01:45:00
2024-08-25,02:00:00 pm,0,101.941,24.506,2024-08-25 02:00:00
2024-08-25,02:15:00 pm,0,101.881,24.617,2024-08-25 02:15:00
2024-08-25,02:30:00 pm,0,101.877,24.683,2024-08-25 02:30:00
2024-08-25,02:45:00 pm,0,101.852,24.879,2024-08-25 02:45:00
2024-08-25,03:00:00 pm,0,101.843,24.951,2024-08-25 03:00:00
2024-08-25,03:15:00 pm,0,101.829,25.072,2024-08-25 03:15:00
2024-08-25,03:30:00 pm,0,101.807,25.083,2024-08-25 03:30:00
2024-08-25,03:45:00 pm,0,101.802,25.07,2024-08-25 03:45:00
2024-08-25,04:00:00 pm,0,101.79,25.063,2024-08-25 04:00:00
2024-08-25,04:15:00 pm,0,101.769,25.042,2024-08-25 04:15:00
2024-08-25,04:30:00 pm,0,101.762,24.995,2024-08-25 04:30:00
2024-08-25,04:45:00 pm,0,101.738,24.927,2024-08-25 04:45:00
2024-08-25,05:00:00 pm,0,101.725,24.833,2024-08-25 05:00:00
2024-08-25,05:15:00 pm,0,101.709,24.696,2024-08-25 05:15:00
2024-08-25,05:30:00 pm,0,101.688,24.595,2024-08-25 05:30:00
2024-08-25,05:45:00 pm,0,101.688,24.6,2024-08-25 05:45:00
2024-08-25,06:00:00 pm,0,101.658,24.446,2024-08-25 06:00:00
2024-08-25,06:15:00 pm,0,101.656,24.364,2024-08-25 06:15:00
2024-08-25,06:30:00 pm,0,101.658,24.227,2024-08-25 06:30:00
2024-08-25,06:45:00 pm,0,101.64,24.047,2024-08-25 06:45:00
2024-08-25,07:00:00 pm,0,101.623,23.864,2024-08-25 07:00:00
2024-08-25,07:15:00 pm,0,101.616,23.685,2024-08-25 07:15:00
2024-08-25,07:30:00 pm,0,101.601,23.501,2024-08-25 07:30:00
2024-08-25,07:45:00 pm,0,101.606,23.313,2024-08-25 07:45:00
2024-08-25,08:00:00 pm,0,101.628,23.154,2024-08-25 08:00:00
2024-08-25,08:15:00 pm,0,101.6,22.98,2024-08-25 08:15:00
2024-08-25,08:30:00 pm,0,101.586,22.816,2024-08-25 08:30:00
2024-08-25,08:45:00 pm,0,101.574,22.633,2024-08-25 08:45:00
2024-08-25,09:00:00 pm,0,101.581,22.463,2024-08-25 09:00:00
2024-08-25,09:15:00 pm,0,101.569,22.302,2024-08-25 09:15:00
2024-08-25,09:30:00 pm,0,101.555,22.12,2024-08-25 09:30:00
2024-08-25,09:45:00 pm,0,101.563,21.963,2024-08-25 09:45:00
2024-08-25,10:00:00 pm,0,101.558,21.799,2024-08-25 10:00:00
2024-08-25,10:15:00 pm,0,101.57,21.653,2024-08-25 10:15:00
2024-08-25,10:30:00 pm,0,101.602,21.521,2024-08-25 10:30:00
2024-08-25,10:45:00 pm,0,101.613,21.388,2024-08-25 10:45:00
2024-08-25,11:00:00 pm,0,101.62,21.253,2024-08-25 11:00:00
2024-08-25,11:15:00 pm,0,101.629,21.129,2024-08-25 11:15:00
2024-08-25,11:30:00 pm,0,101.63,21.007,2024-08-25 11:30:00
2024-08-25,11:45:00 pm,0,101.632,20.896,2024-08-25 11:45:00
2024-08-26,12:00:00 am,0,101.644,20.784,2024-08-26 12:00:00
2024-08-26,12:15:00 am,0,101.633,20.661,2024-08-26 12:15:00
2024-08-26,12:30:00 am,0,101.63,20.568,2024-08-26 12:30:00
2024-08-26,12:45:00 am,0,101.627,20.448,2024-08-26 12:45:00
2024-08-26,01:00:00 am,0,101.618,20.33,2024-08-26 01:00:00
2024-08-26,01:15:00 am,0,101.607,20.235,2024-08-26 01:15:00
2024-08-26,01:30:00 am,0,101.59,20.157,2024-08-26 01:30:00
2024-08-26,01:45:00 am,0,101.584,20.083,2024-08-26 01:45:00
2024-08-26,02:00:00 am,0,101.571,19.992,2024-08-26 02:00:00
2024-08-26,02:15:00 am,0,101.571,19.896,2024-08-26 02:15:00
2024-08-26,02:30:00 am,0,101.574,19.814,2024-08-26 02:30:00
2024-08-26,02:45:00 am,0,101.578,19.733,2024-08-26 02:45:00
2024-08-26,03:00:00 am,0,101.582,19.643,2024-08-26 03:00:00
2024-08-26,03:15:00 am,0,101.601,19.582,2024-08-26 03:15:00
2024-08-26,03:30:00 am,0,101.607,19.517,2024-08-26 03:30:00
2024-08-26,03:45:00 am,0,101.599,19.452,2024-08-26 03:45:00
2024-08-26,04:00:00 am,0,101.599,19.371,2024-08-26 04:00:00
2024-08-26,04:15:00 am,0,101.606,19.283,2024-08-26 04:15:00
2024-08-26,04:30:00 am,0,101.621,19.184,2024-08-26 04:30:00
2024-08-26,04:45:00 am,0,101.651,19.132,2024-08-26 04:45:00
2024-08-26,05:00:00 am,0,101.663,19.071,2024-08-26 05:00:00
2024-08-26,05:15:00 am,0,101.672,19.009,2024-08-26 05:15:00
2024-08-26,05:30:00 am,0,101.681,18.942,2024-08-26 05:30:00
2024-08-26,05:45:00 am,0,101.686,18.875,2024-08-26 05:45:00
2024-08-26,06:00:00 am,0,101.701,18.827,2024-08-26 06:00:00
2024-08-26,06:15:00 am,0,101.718,18.777,2024-08-26 06:15:00
2024-08-26,06:30:00 am,0,101.733,18.721,2024-08-26 06:30:00
2024-08-26,06:45:00 am,0,101.747,18.677,2024-08-26 06:45:00
2024-08-26,07:00:00 am,0,101.749,18.639,2024-08-26 07:00:00
2024-08-26,07:15:00 am,0,101.766,18.623,2024-08-26 07:15:00
2024-08-26,07:30:00 am,0,101.784,18.664,2024-08-26 07:30:00
2024-08-26,07:45:00 am,0,101.796,18.743,2024-08-26 07:45:00
2024-08-26,08:00:00 am,0,101.795,18.826,2024-08-26 08:00:00
2024-08-26,08:15:00 am,0,101.825,18.958,2024-08-26 08:15:00
2024-08-26,08:30:00 am,0,101.85,19.179,2024-08-26 08:30:00
2024-08-26,08:45:00 am,0,101.886,19.385,2024-08-26 08:45:00
2024-08-26,09:00:00 am,0,101.985,19.948,2024-08-26 09:00:00
2024-08-26,09:15:00 am,0,102.067,20.421,2024-08-26 09:15:00
2024-08-26,09:30:00 am,0,102.078,20.476,2024-08-26 09:30:00
2024-08-26,09:45:00 am,0,102.099,20.574,2024-08-26 09:45:00
2024-08-26,10:00:00 am,0,102.13,20.787,2024-08-26 10:00:00
2024-08-26,10:15:00 am,0,102.14,21.049,2024-08-26 10:15:00
2024-08-26,10:30:00 am,0,102.14,21.251,2024-08-26 10:30:00
2024-08-26,10:45:00 am,0,102.14,21.458,2024-08-26 10:45:00
2024-08-26,11:00:00 am,0,102.136,21.698,2024-08-26 11:00:00
2024-08-26,11:15:00 am,0,102.082,21.891,2024-08-26 11:15:00
2024-08-26,11:30:00 am,0,102.082,22.133,2024-08-26 11:30:00
2024-08-26,11:45:00 am,0,102.086,22.433,2024-08-26 11:45:00
2024-08-26,12:00:00 pm,0,102.077,22.707,2024-08-26 12:00:00
2024-08-26,12:15:00 pm,0,102.006,22.835,2024-08-26 12:15:00
2024-08-26,12:30:00 pm,0,102.004,23.01,2024-08-26 12:30:00
2024-08-26,12:45:00 pm,0,101.991,23.249,2024-08-26 12:45:00
2024-08-26,01:00:00 pm,0,101.972,23.424,2024-08-26 01:00:00
2024-08-26,01:15:00 pm,0,101.974,23.601,2024-08-26 01:15:00
2024-08-26,01:30:00 pm,0,101.897,23.765,2024-08-26 01:30:00
2024-08-26,01:45:00 pm,0,101.886,23.915,2024-08-26 01:45:00
2024-08-26,02:00:00 pm,0,101.869,24.089,2024-08-26 02:00:00
2024-08-26,02:15:00 pm,0,101.855,24.18,2024-08-26 02:15:00
2024-08-26,02:30:00 pm,0,101.84,24.298,2024-08-26 02:30:00
2024-08-26,02:45:00 pm,0,101.824,24.532,2024-08-26 02:45:00
2024-08-26,03:00:00 pm,0,101.741,24.614,2024-08-26 03:00:00
2024-08-26,03:15:00 pm,0,101.731,24.683,2024-08-26 03:15:00
2024-08-26,03:30:00 pm,0,101.72,24.741,2024-08-26 03:30:00
2024-08-26,03:45:00 pm,0,101.713,24.847,2024-08-26 03:45:00
2024-08-26,04:00:00 pm,0,101.706,24.878,2024-08-26 04:00:00
2024-08-26,04:15:00 pm,0,101.684,24.861,2024-08-26 04:15:00
2024-08-26,04:30:00 pm,0,101.668,24.864,2024-08-26 04:30:00
2024-08-26,04:45:00 pm,0,101.649,24.796,2024-08-26 04:45:00
2024-08-26,05:00:00 pm,0,101.631,24.73,2024-08-26 05:00:00
2024-08-26,05:15:00 pm,0,101.601,24.591,2024-08-26 05:15:00
2024-08-26,05:30:00 pm,0,101.588,24.481,2024-08-26 05:30:00
2024-08-26,05:45:00 pm,0,101.587,24.469,2024-08-26 05:45:00
2024-08-26,06:00:00 pm,0,101.58,24.307,2024-08-26 06:00:00
2024-08-26,06:15:00 pm,0,101.563,24.197,2024-08-26 06:15:00
2024-08-26,06:30:00 pm,0,101.553,24.068,2024-08-26 06:30:00
2024-08-26,06:45:00 pm,0,101.536,23.924,2024-08-26 06:45:00
2024-08-26,07:00:00 pm,0,101.517,23.791,2024-08-26 07:00:00
2024-08-26,07:15:00 pm,0,101.51,23.656,2024-08-26 07:15:00
2024-08-26,07:30:00 pm,0,101.511,23.524,2024-08-26 07:30:00
2024-08-26,07:45:00 pm,0,101.505,23.398,2024-08-26 07:45:00
2024-08-26,08:00:00 pm,0,101.496,23.273,2024-08-26 08:00:00
2024-08-26,08:15:00 pm,0,101.491,23.14,2024-08-26 08:15:00
2024-08-26,08:30:00 pm,0,101.491,22.998,2024-08-26 08:30:00
2024-08-26,08:45:00 pm,0,101.472,22.865,2024-08-26 08:45:00
2024-08-26,09:00:00 pm,0,101.467,22.736,2024-08-26 09:00:00
2024-08-26,09:15:00 pm,0,101.456,22.581,2024-08-26 09:15:00
2024-08-26,09:30:00 pm,0,101.447,22.464,2024-08-26 09:30:00
2024-08-26,09:45:00 pm,0,101.444,22.353,2024-08-26 09:45:00
2024-08-26,10:00:00 pm,0,101.46,22.237,2024-08-26 10:00:00
2024-08-26,10:15:00 pm,0,101.48,22.114,2024-08-26 10:15:00
2024-08-26,10:30:00 pm,0,101.486,21.966,2024-08-26 10:30:00
2024-08-26,10:45:00 pm,0,101.492,21.851,2024-08-26 10:45:00
2024-08-26,11:00:00 pm,0,101.504,21.752,2024-08-26 11:00:00
2024-08-26,11:15:00 pm,0,101.507,21.638,2024-08-26 11:15:00
2024-08-26,11:30:00 pm,0,101.503,21.532,2024-08-26 11:30:00
2024-08-26,11:45:00 pm,0,101.503,21.406,2024-08-26 11:45:00
2024-08-27,12:00:00 am,0,101.48,21.289,2024-08-27 12:00:00
2024-08-27,12:15:00 am,0,101.536,21.188,2024-08-27 12:15:00
2024-08-27,12:30:00 am,0,101.529,21.08,2024-08-27 12:30:00
2024-08-27,12:45:00 am,0,101.527,20.986,2024-08-27 12:45:00
2024-08-27,01:00:00 am,0,101.514,20.904,2024-08-27 01:00:00
2024-08-27,01:15:00 am,0,101.498,20.814,2024-08-27 01:15:00
2024-08-27,01:30:00 am,0,101.482,20.736,2024-08-27 01:30:00
2024-08-27,01:45:00 am,0,101.479,20.655,2024-08-27 01:45:00
2024-08-27,02:00:00 am,0,101.464,20.568,2024-08-27 02:00:00
2024-08-27,02:15:00 am,0,101.463,20.491,2024-08-27 02:15:00
2024-08-27,02:30:00 am,0,101.459,20.433,2024-08-27 02:30:00
2024-08-27,02:45:00 am,0,101.448,20.379,2024-08-27 02:45:00
2024-08-27,03:00:00 am,0,101.435,20.322,2024-08-27 03:00:00
2024-08-27,03:15:00 am,0,101.428,20.26,2024-08-27 03:15:00
2024-08-27,03:30:00 am,0,101.414,20.19,2024-08-27 03:30:00
2024-08-27,03:45:00 am,0,101.41,20.149,2024-08-27 03:45:00
2024-08-27,04:00:00 am,0,101.424,20.112,2024-08-27 04:00:00
2024-08-27,04:15:00 am,0,101.424,20.054,2024-08-27 04:15:00
2024-08-27,04:30:00 am,0,101.433,20.007,2024-08-27 04:30:00
2024-08-27,04:45:00 am,0,101.432,19.97,2024-08-27 04:45:00
2024-08-27,05:00:00 am,0,101.447,19.92,2024-08-27 05:00:00
2024-08-27,05:15:00 am,0,101.462,19.857,2024-08-27 05:15:00
2024-08-27,05:30:00 am,0,101.487,19.81,2024-08-27 05:30:00
2024-08-27,05:45:00 am,0,101.498,19.766,2024-08-27 05:45:00
2024-08-27,06:00:00 am,0,101.509,19.726,2024-08-27 06:00:00
2024-08-27,06:15:00 am,0,101.519,19.713,2024-08-27 06:15:00
2024-08-27,06:30:00 am,0,101.537,19.681,2024-08-27 06:30:00
2024-08-27,06:45:00 am,0,101.57,19.65,2024-08-27 06:45:00
2024-08-27,07:00:00 am,0,101.592,19.656,2024-08-27 07:00:00
2024-08-27,07:15:00 am,0,101.602,19.686,2024-08-27 07:15:00
2024-08-27,07:30:00 am,0,101.621,19.754,2024-08-27 07:30:00
2024-08-27,07:45:00 am,0,101.636,19.853,2024-08-27 07:45:00
2024-08-27,08:00:00 am,0,101.648,19.933,2024-08-27 08:00:00
2024-08-27,08:15:00 am,0,101.67,20.019,2024-08-27 08:15:00
2024-08-27,08:30:00 am,0,101.693,20.155,2024-08-27 08:30:00
2024-08-27,08:45:00 am,0,101.707,20.239,2024-08-27 08:45:00
2024-08-27,09:00:00 am,0,101.74,20.389,2024-08-27 09:00:00
2024-08-27,09:15:00 am,0,101.784,20.627,2024-08-27 09:15:00
2024-08-27,09:30:00 am,0,101.825,20.829,2024-08-27 09:30:00
2024-08-27,09:45:00 am,0,101.852,21.047,2024-08-27 09:45:00
2024-08-27,10:00:00 am,0,101.884,21.209,2024-08-27 10:00:00
2024-08-27,10:15:00 am,0,101.922,21.373,2024-08-27 10:15:00
2024-08-27,10:30:00 am,0,101.953,21.626,2024-08-27 10:30:00
2024-08-27,10:45:00 am,0,101.938,21.761,2024-08-27 10:45:00
2024-08-27,11:00:00 am,0,101.884,21.805,2024-08-27 11:00:00
2024-08-27,11:15:00 am,0,101.899,21.996,2024-08-27 11:15:00
2024-08-27,11:30:00 am,0,101.916,22.39,2024-08-27 11:30:00
2024-08-27,11:45:00 am,0,101.9,22.727,2024-08-27 11:45:00
2024-08-27,12:00:00 pm,0,101.875,22.995,2024-08-27 12:00:00
2024-08-27,12:15:00 pm,0,101.871,23.151,2024-08-27 12:15:00
2024-08-27,12:30:00 pm,0,101.849,23.37,2024-08-27 12:30:00
2024-08-27,12:45:00 pm,0,101.769,23.576,2024-08-27 12:45:00
2024-08-27,01:00:00 pm,0,101.773,23.732,2024-08-27 01:00:00
2024-08-27,01:15:00 pm,0,101.775,23.917,2024-08-27 01:15:00
2024-08-27,01:30:00 pm,0,101.759,24.025,2024-08-27 01:30:00
2024-08-27,01:45:00 pm,0,101.741,24.116,2024-08-27 01:45:00
2024-08-27,02:00:00 pm,0,101.714,24.196,2024-08-27 02:00:00
2024-08-27,02:15:00 pm,0,101.69,24.294,2024-08-27 02:15:00
2024-08-27,02:30:00 pm,0,101.686,24.451,2024-08-27 02:30:00
2024-08-27,02:45:00 pm,0,101.588,24.695,2024-08-27 02:45:00
2024-08-27,03:00:00 pm,0,101.591,24.828,2024-08-27 03:00:00
2024-08-27,03:15:00 pm,0,101.58,24.988,2024-08-27 03:15:00
2024-08-27,03:30:00 pm,0,101.564,25.043,2024-08-27 03:30:00
2024-08-27,03:45:00 pm,0,101.542,25.086,2024-08-27 03:45:00
2024-08-27,04:00:00 pm,0,101.528,25.076,2024-08-27 04:00:00
2024-08-27,04:15:00 pm,0,101.515,25.107,2024-08-27 04:15:00
2024-08-27,04:30:00 pm,0,101.503,25.116,2024-08-27 04:30:00
2024-08-27,04:45:00 pm,0,101.495,25.064,2024-08-27 04:45:00
2024-08-27,05:00:00 pm,0,101.472,24.947,2024-08-27 05:00:00
2024-08-27,05:15:00 pm,0,101.459,24.854,2024-08-27 05:15:00
2024-08-27,05:30:00 pm,0,101.46,24.859,2024-08-27 05:30:00
2024-08-27,05:45:00 pm,0,101.455,24.853,2024-08-27 05:45:00
2024-08-27,06:00:00 pm,0,101.44,24.676,2024-08-27 06:00:00
2024-08-27,06:15:00 pm,0,101.447,24.656,2024-08-27 06:15:00
2024-08-27,06:30:00 pm,0,101.435,24.587,2024-08-27 06:30:00
2024-08-27,06:45:00 pm,0,101.403,24.404,2024-08-27 06:45:00
2024-08-27,07:00:00 pm,0,101.395,24.273,2024-08-27 07:00:00
2024-08-27,07:15:00 pm,0,101.385,24.14,2024-08-27 07:15:00
2024-08-27,07:30:00 pm,0,101.369,24.022,2024-08-27 07:30:00
2024-08-27,07:45:00 pm,0,101.359,23.906,2024-08-27 07:45:00
2024-08-27,08:00:00 pm,0,101.36,23.802,2024-08-27 08:00:00
2024-08-27,08:15:00 pm,0,101.352,23.702,2024-08-27 08:15:00
2024-08-27,08:30:00 pm,0,101.341,23.594,2024-08-27 08:30:00
2024-08-27,08:45:00 pm,0,101.337,23.502,2024-08-27 08:45:00
2024-08-27,09:00:00 pm,0,101.342,23.408,2024-08-27 09:00:00
2024-08-27,09:15:00 pm,0,101.345,23.299,2024-08-27 09:15:00
2024-08-27,09:30:00 pm,0,101.349,23.207,2024-08-27 09:30:00
2024-08-27,09:45:00 pm,0,101.339,23.121,2024-08-27 09:45:00
2024-08-27,10:00:00 pm,0,101.343,23.022,2024-08-27 10:00:00
2024-08-27,10:15:00 pm,0,101.343,22.924,2024-08-27 10:15:00
2024-08-27,10:30:00 pm,0,101.337,22.831,2024-08-27 10:30:00
2024-08-27,10:45:00 pm,0,101.344,22.749,2024-08-27 10:45:00
2024-08-27,11:00:00 pm,0,101.337,22.659,2024-08-27 11:00:00
2024-08-27,11:15:00 pm,0,101.345,22.552,2024-08-27 11:15:00
2024-08-27,11:30:00 pm,0,101.328,22.482,2024-08-27 11:30:00
2024-08-27,11:45:00 pm,0,101.313,22.403,2024-08-27 11:45:00
2024-08-28,12:00:00 am,0,101.326,22.329,2024-08-28 12:00:00
2024-08-28,12:15:00 am,0,101.341,22.242,2024-08-28 12:15:00
2024-08-28,12:30:00 am,0,101.346,22.169,2024-08-28 12:30:00
2024-08-28,12:45:00 am,0,101.348,22.109,2024-08-28 12:45:00
2024-08-28,01:00:00 am,0,101.34,22.051,2024-08-28 01:00:00
2024-08-28,01:15:00 am,0,101.315,21.989,2024-08-28 01:15:00
2024-08-28,01:30:00 am,0,101.338,21.935,2024-08-28 01:30:00
2024-08-28,01:45:00 am,0,101.332,21.86,2024-08-28 01:45:00
2024-08-28,02:00:00 am,0,101.334,21.818,2024-08-28 02:00:00
2024-08-28,02:15:00 am,0,101.337,21.757,2024-08-28 02:15:00
2024-08-28,02:30:00 am,0,101.331,21.686,2024-08-28 02:30:00
2024-08-28,02:45:00 am,0,101.351,21.637,2024-08-28 02:45:00
2024-08-28,03:00:00 am,0,101.356,21.57,2024-08-28 03:00:00
2024-08-28,03:15:00 am,0,101.351,21.514,2024-08-28 03:15:00
2024-08-28,03:30:00 am,0,101.358,21.475,2024-08-28 03:30:00
2024-08-28,03:45:00 am,0,101.365,21.422,2024-08-28 03:45:00
2024-08-28,04:00:00 am,0,101.374,21.377,2024-08-28 04:00:00
2024-08-28,04:15:00 am,0,101.389,21.34,2024-08-28 04:15:00
2024-08-28,04:30:00 am,0,101.401,21.299,2024-08-28 04:30:00
2024-08-28,04:45:00 am,0,101.41,21.265,2024-08-28 04:45:00
2024-08-28,05:00:00 am,0,101.425,21.262,2024-08-28 05:00:00
2024-08-28,05:15:00 am,0,101.443,21.265,2024-08-28 05:15:00
2024-08-28,05:30:00 am,0,101.461,21.267,2024-08-28 05:30:00
2024-08-28,05:45:00 am,0,101.48,21.265,2024-08-28 05:45:00
2024-08-28,06:00:00 am,0,101.496,21.266,2024-08-28 06:00:00
2024-08-28,06:15:00 am,0,101.494,21.254,2024-08-28 06:15:00
2024-08-28,06:30:00 am,0,101.494,21.229,2024-08-28 06:30:00
2024-08-28,06:45:00 am,0,101.511,21.223,2024-08-28 06:45:00
2024-08-28,07:00:00 am,0,101.519,21.216,2024-08-28 07:00:00
2024-08-28,07:15:00 am,0,101.53,21.222,2024-08-28 07:15:00
2024-08-28,07:30:00 am,0,101.54,21.261,2024-08-28 07:30:00
2024-08-28,07:45:00 am,0,101.541,21.318,2024-08-28 07:45:00
2024-08-28,08:00:00 am,0,101.561,21.391,2024-08-28 08:00:00
2024-08-28,08:15:00 am,0,101.563,21.485,2024-08-28 08:15:00
2024-08-28,08:30:00 am,0,101.582,21.62,2024-08-28 08:30:00
2024-08-28,08:45:00 am,0,101.616,21.802,2024-08-28 08:45:00
2024-08-28,09:00:00 am,0,101.688,22.328,2024-08-28 09:00:00
2024-08-28,09:15:00 am,0,101.719,22.521,2024-08-28 09:15:00
2024-08-28,09:30:00 am,0,101.716,22.47,2024-08-28 09:30:00
2024-08-28,09:45:00 am,0,101.736,22.623,2024-08-28 09:45:00
2024-08-28,10:00:00 am,0,101.753,22.772,2024-08-28 10:00:00
2024-08-28,10:15:00 am,0,101.766,22.945,2024-08-28 10:15:00
2024-08-28,10:30:00 am,0,101.781,23.155,2024-08-28 10:30:00
2024-08-28,10:45:00 am,0,101.794,23.329,2024-08-28 10:45:00
2024-08-28,11:00:00 am,0,101.785,23.59,2024-08-28 11:00:00
2024-08-28,11:15:00 am,0,101.781,23.826,2024-08-28 11:15:00
2024-08-28,11:30:00 am,0,101.762,24.057,2024-08-28 11:30:00
2024-08-28,11:45:00 am,0,101.749,24.329,2024-08-28 11:45:00
2024-08-28,12:00:00 pm,0,101.706,24.524,2024-08-28 12:00:00
2024-08-28,12:15:00 pm,0,101.689,24.593,2024-08-28 12:15:00
2024-08-28,12:30:00 pm,0,101.636,24.79,2024-08-28 12:30:00
2024-08-28,12:45:00 pm,0,101.634,25.055,2024-08-28 12:45:00
2024-08-28,01:00:00 pm,0,101.604,25.195,2024-08-28 01:00:00
2024-08-28,01:15:00 pm,0,101.628,25.425,2024-08-28 01:15:00
2024-08-28,01:30:00 pm,0,101.611,25.556,2024-08-28 01:30:00
2024-08-28,01:45:00 pm,0,101.604,25.655,2024-08-28 01:45:00
2024-08-28,02:00:00 pm,0,101.576,25.613,2024-08-28 02:00:00
2024-08-28,02:15:00 pm,0,101.535,25.702,2024-08-28 02:15:00
2024-08-28,02:30:00 pm,0,101.502,25.701,2024-08-28 02:30:00
2024-08-28,02:45:00 pm,0,101.466,25.863,2024-08-28 02:45:00
2024-08-28,03:00:00 pm,0,101.411,25.895,2024-08-28 03:00:00
2024-08-28,03:15:00 pm,0,101.427,26.075,2024-08-28 03:15:00
2024-08-28,03:30:00 pm,0,101.418,26.218,2024-08-28 03:30:00
2024-08-28,03:45:00 pm,0,101.361,26.392,2024-08-28 03:45:00
2024-08-28,04:00:00 pm,0,101.347,26.401,2024-08-28 04:00:00
2024-08-28,04:15:00 pm,0,101.35,26.413,2024-08-28 04:15:00
2024-08-28,04:30:00 pm,0,101.328,26.24,2024-08-28 04:30:00
2024-08-28,04:45:00 pm,0,101.312,26.11,2024-08-28 04:45:00
2024-08-28,05:00:00 pm,0,101.284,25.971,2024-08-28 05:00:00
2024-08-28,05:15:00 pm,0,101.273,25.808,2024-08-28 05:15:00
2024-08-28,05:30:00 pm,0,101.258,25.657,2024-08-28 05:30:00
2024-08-28,05:45:00 pm,0,101.256,25.524,2024-08-28 05:45:00
2024-08-28,06:00:00 pm,0,101.257,25.421,2024-08-28 06:00:00
2024-08-28,06:15:00 pm,0,101.248,25.354,2024-08-28 06:15:00
2024-08-28,06:30:00 pm,0,101.24,25.242,2024-08-28 06:30:00
2024-08-28,06:45:00 pm,0,101.24,25.142,2024-08-28 06:45:00
2024-08-28,07:00:00 pm,0,101.245,25.038,2024-08-28 07:00:00
2024-08-28,07:15:00 pm,0,101.241,24.944,2024-08-28 07:15:00
2024-08-28,07:30:00 pm,0,101.264,24.868,2024-08-28 07:30:00
2024-08-28,07:45:00 pm,0,101.27,24.788,2024-08-28 07:45:00
2024-08-28,08:00:00 pm,0,101.236,24.705,2024-08-28 08:00:00
2024-08-28,08:15:00 pm,0,101.23,24.615,2024-08-28 08:15:00
2024-08-28,08:30:00 pm,0,101.247,24.516,2024-08-28 08:30:00
2024-08-28,08:45:00 pm,0,101.275,24.435,2024-08-28 08:45:00
2024-08-28,09:00:00 pm,0,101.304,24.363,2024-08-28 09:00:00
2024-08-28,09:15:00 pm,0,101.337,24.282,2024-08-28 09:15:00
2024-08-28,09:30:00 pm,0,101.352,24.222,2024-08-28 09:30:00
2024-08-28,09:45:00 pm,0,101.374,24.143,2024-08-28 09:45:00
2024-08-28,10:00:00 pm,0,101.399,24.071,2024-08-28 10:00:00
2024-08-28,10:15:00 pm,0,101.393,24.01,2024-08-28 10:15:00
2024-08-28,10:30:00 pm,0,101.379,23.943,2024-08-28 10:30:00
2024-08-28,10:45:00 pm,0,101.379,23.872,2024-08-28 10:45:00
2024-08-28,11:00:00 pm,0,101.394,23.8,2024-08-28 11:00:00
2024-08-28,11:15:00 pm,0,101.413,23.733,2024-08-28 11:15:00
2024-08-28,11:30:00 pm,0,101.453,23.668,2024-08-28 11:30:00
2024-08-28,11:45:00 pm,0,101.431,23.607,2024-08-28 11:45:00
2024-08-29,12:00:00 am,0,101.43,23.547,2024-08-29 12:00:00
2024-08-29,12:15:00 am,0,101.418,23.485,2024-08-29 12:15:00
2024-08-29,12:30:00 am,0,101.413,23.445,2024-08-29 12:30:00
2024-08-29,12:45:00 am,0,101.405,23.4,2024-08-29 12:45:00
2024-08-29,01:00:00 am,0,101.389,23.34,2024-08-29 01:00:00
2024-08-29,01:15:00 am,0,101.403,23.288,2024-08-29 01:15:00
2024-08-29,01:30:00 am,0,101.393,23.244,2024-08-29 01:30:00
2024-08-29,01:45:00 am,0,101.387,23.201,2024-08-29 01:45:00
2024-08-29,02:00:00 am,0,101.374,23.148,2024-08-29 02:00:00
2024-08-29,02:15:00 am,0,101.383,23.11,2024-08-29 02:15:00
2024-08-29,02:30:00 am,0,101.391,23.064,2024-08-29 02:30:00
2024-08-29,02:45:00 am,0,101.391,23.028,2024-08-29 02:45:00
2024-08-29,03:00:00 am,0,101.407,23.021,2024-08-29 03:00:00
2024-08-29,03:15:00 am,0,101.408,23.005,2024-08-29 03:15:00
2024-08-29,03:30:00 am,0,101.385,22.974,2024-08-29 03:30:00
2024-08-29,03:45:00 am,0,101.383,22.931,2024-08-29 03:45:00
2024-08-29,04:00:00 am,0,101.385,22.882,2024-08-29 04:00:00
2024-08-29,04:15:00 am,0,101.403,22.84,2024-08-29 04:15:00
2024-08-29,04:30:00 am,0,101.406,22.786,2024-08-29 04:30:00
2024-08-29,04:45:00 am,0,101.404,22.742,2024-08-29 04:45:00
2024-08-29,05:00:00 am,0,101.421,22.711,2024-08-29 05:00:00
2024-08-29,05:15:00 am,0,101.425,22.681,2024-08-29 05:15:00
2024-08-29,05:30:00 am,0,101.416,22.639,2024-08-29 05:30:00
2024-08-29,05:45:00 am,0,101.419,22.611,2024-08-29 05:45:00
2024-08-29,06:00:00 am,0,101.426,22.595,2024-08-29 06:00:00
2024-08-29,06:15:00 am,0,101.448,22.566,2024-08-29 06:15:00
2024-08-29,06:30:00 am,0,101.457,22.532,2024-08-29 06:30:00
2024-08-29,06:45:00 am,0,101.481,22.505,2024-08-29 06:45:00
2024-08-29,07:00:00 am,0,101.501,22.495,2024-08-29 07:00:00
2024-08-29,07:15:00 am,0,101.525,22.499,2024-08-29 07:15:00
2024-08-29,07:30:00 am,0,101.535,22.526,2024-08-29 07:30:00
2024-08-29,07:45:00 am,0,101.544,22.582,2024-08-29 07:45:00
2024-08-29,08:00:00 am,0,101.563,22.666,2024-08-29 08:00:00
2024-08-29,08:15:00 am,0,101.585,22.779,2024-08-29 08:15:00
2024-08-29,08:30:00 am,0,101.602,22.905,2024-08-29 08:30:00
2024-08-29,08:45:00 am,0,101.615,22.943,2024-08-29 08:45:00
2024-08-29,09:00:00 am,0,101.689,23.424,2024-08-29 09:00:00
2024-08-29,09:15:00 am,0,101.718,23.562,2024-08-29 09:15:00
2024-08-29,09:30:00 am,0,101.718,23.55,2024-08-29 09:30:00
2024-08-29,09:45:00 am,0,101.749,23.723,2024-08-29 09:45:00
2024-08-29,10:00:00 am,0,101.775,23.847,2024-08-29 10:00:00
2024-08-29,10:15:00 am,0,101.802,24.005,2024-08-29 10:15:00
2024-08-29,10:30:00 am,0,101.825,24.174,2024-08-29 10:30:00
2024-08-29,10:45:00 am,0,101.832,24.315,2024-08-29 10:45:00
2024-08-29,11:00:00 am,0,101.843,24.591,2024-08-29 11:00:00
2024-08-29,11:15:00 am,0,101.833,24.794,2024-08-29 11:15:00
2024-08-29,11:30:00 am,0,101.831,24.89,2024-08-29 11:30:00
2024-08-29,11:45:00 am,0,101.798,25.096,2024-08-29 11:45:00
2024-08-29,12:00:00 pm,0,101.795,25.308,2024-08-29 12:00:00
2024-08-29,12:15:00 pm,0,101.753,25.472,2024-08-29 12:15:00
2024-08-29,12:30:00 pm,0,101.736,25.619,2024-08-29 12:30:00
2024-08-29,12:45:00 pm,0,101.714,25.78,2024-08-29 12:45:00
2024-08-29,01:00:00 pm,0,101.686,25.781,2024-08-29 01:00:00
2024-08-29,01:15:00 pm,0,101.609,25.959,2024-08-29 01:15:00
2024-08-29,01:30:00 pm,0,101.604,26.078,2024-08-29 01:30:00
2024-08-29,01:45:00 pm,0,101.588,26.181,2024-08-29 01:45:00
2024-08-29,02:00:00 pm,0,101.543,26.44,2024-08-29 02:00:00
2024-08-29,02:15:00 pm,0,101.528,26.684,2024-08-29 02:15:00
2024-08-29,02:30:00 pm,0,101.512,26.793,2024-08-29 02:30:00
2024-08-29,02:45:00 pm,0,101.436,26.925,2024-08-29 02:45:00
2024-08-29,03:00:00 pm,0,101.441,27.035,2024-08-29 03:00:00
2024-08-29,03:15:00 pm,0,101.442,26.978,2024-08-29 03:15:00
2024-08-29,03:30:00 pm,0,101.427,27.016,2024-08-29 03:30:00
2024-08-29,03:45:00 pm,0,101.412,26.99,2024-08-29 03:45:00
2024-08-29,04:00:00 pm,0,101.384,26.903,2024-08-29 04:00:00
2024-08-29,04:15:00 pm,0,101.377,26.797,2024-08-29 04:15:00
2024-08-29,04:30:00 pm,0,101.371,26.691,2024-08-29 04:30:00
2024-08-29,04:45:00 pm,0,101.37,26.571,2024-08-29 04:45:00
2024-08-29,05:00:00 pm,0,101.356,26.425,2024-08-29 05:00:00
2024-08-29,05:15:00 pm,0,101.353,26.295,2024-08-29 05:15:00
2024-08-29,05:30:00 pm,0,101.333,26.19,2024-08-29 05:30:00
2024-08-29,05:45:00 pm,0,101.328,26.108,2024-08-29 05:45:00
2024-08-29,06:00:00 pm,0,101.32,26.046,2024-08-29 06:00:00
2024-08-29,06:15:00 pm,0,101.305,25.956,2024-08-29 06:15:00
2024-08-29,06:30:00 pm,0,101.308,25.864,2024-08-29 06:30:00
2024-08-29,06:45:00 pm,0,101.302,25.769,2024-08-29 06:45:00
2024-08-29,07:00:00 pm,0,101.3,25.677,2024-08-29 07:00:00
2024-08-29,07:15:00 pm,0,101.303,25.582,2024-08-29 07:15:00
2024-08-29,07:30:00 pm,0,101.315,25.496,2024-08-29 07:30:00
2024-08-29,07:45:00 pm,0,101.319,25.402,2024-08-29 07:45:00
2024-08-29,08:00:00 pm,0,101.308,25.324,2024-08-29 08:00:00
2024-08-29,08:15:00 pm,0,101.299,25.249,2024-08-29 08:15:00
2024-08-29,08:30:00 pm,0,101.3,25.177,2024-08-29 08:30:00
2024-08-29,08:45:00 pm,0,101.297,25.116,2024-08-29 08:45:00
2024-08-29,09:00:00 pm,0,101.336,25.057,2024-08-29 09:00:00
2024-08-29,09:15:00 pm,0,101.454,25.005,2024-08-29 09:15:00
2024-08-29,09:30:00 pm,0,101.45,24.923,2024-08-29 09:30:00
2024-08-29,09:45:00 pm,0,101.44,24.831,2024-08-29 09:45:00
2024-08-29,10:00:00 pm,0,101.423,24.757,2024-08-29 10:00:00
2024-08-29,10:15:00 pm,0,101.443,24.685,2024-08-29 10:15:00
2024-08-29,10:30:00 pm,0,101.469,24.611,2024-08-29 10:30:00
2024-08-29,10:45:00 pm,0,101.481,24.516,2024-08-29 10:45:00
2024-08-29,11:00:00 pm,0,101.462,24.472,2024-08-29 11:00:00
2024-08-29,11:15:00 pm,0,101.421,24.452,2024-08-29 11:15:00
2024-08-29,11:30:00 pm,0,101.4,24.39,2024-08-29 11:30:00
2024-08-29,11:45:00 pm,0,101.379,24.348,2024-08-29 11:45:00
2024-08-30,12:00:00 am,0,101.401,24.282,2024-08-30 12:00:00
2024-08-30,12:15:00 am,0,101.438,24.198,2024-08-30 12:15:00
2024-08-30,12:30:00 am,0,101.396,24.079,2024-08-30 12:30:00
2024-08-30,12:45:00 am,0,101.378,23.967,2024-08-30 12:45:00
2024-08-30,01:00:00 am,0,101.397,23.858,2024-08-30 01:00:00
2024-08-30,01:15:00 am,0,101.402,23.766,2024-08-30 01:15:00
2024-08-30,01:30:00 am,0,101.405,23.654,2024-08-30 01:30:00
2024-08-30,01:45:00 am,0,101.402,23.564,2024-08-30 01:45:00
2024-08-30,02:00:00 am,0,101.408,23.47,2024-08-30 02:00:00
2024-08-30,02:15:00 am,0,101.388,23.382,2024-08-30 02:15:00
2024-08-30,02:30:00 am,0,101.37,23.309,2024-08-30 02:30:00
2024-08-30,02:45:00 am,0,101.389,23.232,2024-08-30 02:45:00
2024-08-30,03:00:00 am,0,101.398,23.151,2024-08-30 03:00:00
2024-08-30,03:15:00 am,0,101.404,23.077,2024-08-30 03:15:00
2024-08-30,03:30:00 am,0,101.394,23.001,2024-08-30 03:30:00
2024-08-30,03:45:00 am,0,101.4,22.938,2024-08-30 03:45:00
2024-08-30,04:00:00 am,0,101.401,22.876,2024-08-30 04:00:00
2024-08-30,04:15:00 am,0,101.383,22.818,2024-08-30 04:15:00
2024-08-30,04:30:00 am,0,101.391,22.768,2024-08-30 04:30:00
2024-08-30,04:45:00 am,0,101.398,22.715,2024-08-30 04:45:00
2024-08-30,05:00:00 am,0,101.396,22.66,2024-08-30 05:00:00
2024-08-30,05:15:00 am,0,101.387,22.615,2024-08-30 05:15:00
2024-08-30,05:30:00 am,0,101.392,22.555,2024-08-30 05:30:00
2024-08-30,05:45:00 am,0,101.389,22.51,2024-08-30 05:45:00
2024-08-30,06:00:00 am,0,101.43,22.477,2024-08-30 06:00:00
2024-08-30,06:15:00 am,0,101.452,22.415,2024-08-30 06:15:00
2024-08-30,06:30:00 am,0,101.485,22.374,2024-08-30 06:30:00
2024-08-30,06:45:00 am,0,101.487,22.337,2024-08-30 06:45:00
2024-08-30,07:00:00 am,0,101.486,22.3,2024-08-30 07:00:00
2024-08-30,07:15:00 am,0,101.493,22.297,2024-08-30 07:15:00
2024-08-30,07:30:00 am,0,101.525,22.328,2024-08-30 07:30:00
2024-08-30,07:45:00 am,0,101.542,22.393,2024-08-30 07:45:00
2024-08-30,08:00:00 am,0,101.555,22.453,2024-08-30 08:00:00
2024-08-30,08:15:00 am,0,101.566,22.535,2024-08-30 08:15:00
2024-08-30,08:30:00 am,0,101.59,22.69,2024-08-30 08:30:00
2024-08-30,08:45:00 am,0,101.616,22.849,2024-08-30 08:45:00
2024-08-30,09:00:00 am,0,101.707,23.369,2024-08-30 09:00:00
2024-08-30,09:15:00 am,0,101.723,23.464,2024-08-30 09:15:00
2024-08-30,09:30:00 am,0,101.729,23.486,2024-08-30 09:30:00
2024-08-30,09:45:00 am,0,101.778,23.731,2024-08-30 09:45:00
2024-08-30,10:00:00 am,0,101.784,23.812,2024-08-30 10:00:00
2024-08-30,10:15:00 am,0,101.806,23.955,2024-08-30 10:15:00
2024-08-30,10:30:00 am,0,101.829,24.126,2024-08-30 10:30:00
2024-08-30,10:45:00 am,0,101.816,24.23,2024-08-30 10:45:00
2024-08-30,11:00:00 am,0,101.823,24.479,2024-08-30 11:00:00
2024-08-30,11:15:00 am,0,101.788,24.73,2024-08-30 11:15:00
2024-08-30,11:30:00 am,0,101.784,24.832,2024-08-30 11:30:00
2024-08-30,11:45:00 am,0,101.77,24.87,2024-08-30 11:45:00
2024-08-30,12:00:00 pm,0,101.757,24.914,2024-08-30 12:00:00
2024-08-30,12:15:00 pm,0,101.754,25.094,2024-08-30 12:15:00
2024-08-30,12:30:00 pm,0,101.735,25.281,2024-08-30 12:30:00
2024-08-30,12:45:00 pm,0,101.712,25.39,2024-08-30 12:45:00
2024-08-30,01:00:00 pm,0,101.711,25.474,2024-08-30 01:00:00
2024-08-30,01:15:00 pm,0,101.646,25.584,2024-08-30 01:15:00
2024-08-30,01:30:00 pm,0,101.64,25.816,2024-08-30 01:30:00
2024-08-30,01:45:00 pm,0,101.625,25.958,2024-08-30 01:45:00
2024-08-30,02:00:00 pm,0,101.551,26.185,2024-08-30 02:00:00
2024-08-30,02:15:00 pm,0,101.547,26.384,2024-08-30 02:15:00
2024-08-30,02:30:00 pm,0,101.532,26.431,2024-08-30 02:30:00
2024-08-30,02:45:00 pm,0,101.508,26.526,2024-08-30 02:45:00
2024-08-30,03:00:00 pm,0,101.48,26.558,2024-08-30 03:00:00
2024-08-30,03:15:00 pm,0,101.453,26.534,2024-08-30 03:15:00
2024-08-30,03:30:00 pm,0,101.371,26.452,2024-08-30 03:30:00
2024-08-30,03:45:00 pm,0,101.355,26.346,2024-08-30 03:45:00
2024-08-30,04:00:00 pm,0,101.327,26.211,2024-08-30 04:00:00
2024-08-30,04:15:00 pm,0,101.307,26.104,2024-08-30 04:15:00
2024-08-30,04:30:00 pm,0,101.297,26.114,2024-08-30 04:30:00
2024-08-30,04:45:00 pm,0,101.293,26.217,2024-08-30 04:45:00
2024-08-30,05:00:00 pm,0,101.287,26.204,2024-08-30 05:00:00
2024-08-30,05:15:00 pm,0,101.282,26.106,2024-08-30 05:15:00
2024-08-30,05:30:00 pm,0,101.262,26.004,2024-08-30 05:30:00
2024-08-30,05:45:00 pm,0,101.259,25.884,2024-08-30 05:45:00
2024-08-30,06:00:00 pm,0,101.259,25.782,2024-08-30 06:00:00
2024-08-30,06:15:00 pm,0,101.258,25.69,2024-08-30 06:15:00
2024-08-30,06:30:00 pm,0,101.27,25.59,2024-08-30 06:30:00
2024-08-30,06:45:00 pm,0,101.271,25.497,2024-08-30 06:45:00
2024-08-30,07:00:00 pm,0,101.268,25.4,2024-08-30 07:00:00
2024-08-30,07:15:00 pm,0,101.276,25.296,2024-08-30 07:15:00
2024-08-30,07:30:00 pm,0,101.269,25.193,2024-08-30 07:30:00
2024-08-30,07:45:00 pm,0,101.252,25.107,2024-08-30 07:45:00
2024-08-30,08:00:00 pm,0,101.247,25.02,2024-08-30 08:00:00
2024-08-30,08:15:00 pm,0,101.248,24.94,2024-08-30 08:15:00
2024-08-30,08:30:00 pm,0,101.252,24.845,2024-08-30 08:30:00
2024-08-30,08:45:00 pm,0,101.266,24.777,2024-08-30 08:45:00
2024-08-30,09:00:00 pm,0,101.283,24.711,2024-08-30 09:00:00
2024-08-30,09:15:00 pm,0,101.306,24.666,2024-08-30 09:15:00
2024-08-30,09:30:00 pm,0,101.324,24.616,2024-08-30 09:30:00
2024-08-30,09:45:00 pm,0,101.331,24.559,2024-08-30 09:45:00
2024-08-30,10:00:00 pm,0,101.34,24.505,2024-08-30 10:00:00
2024-08-30,10:15:00 pm,0,101.349,24.44,2024-08-30 10:15:00
2024-08-30,10:30:00 pm,0,101.334,24.375,2024-08-30 10:30:00
2024-08-30,10:45:00 pm,0,101.335,24.318,2024-08-30 10:45:00
2024-08-30,11:00:00 pm,0,101.341,24.264,2024-08-30 11:00:00
2024-08-30,11:15:00 pm,0,101.344,24.211,2024-08-30 11:15:00
2024-08-30,11:30:00 pm,0,101.351,24.168,2024-08-30 11:30:00
2024-08-30,11:45:00 pm,0,101.352,24.118,2024-08-30 11:45:00
2024-08-31,12:00:00 am,0,101.352,24.07,2024-08-31 12:00:00
2024-08-31,12:15:00 am,0,101.346,24.019,2024-08-31 12:15:00
2024-08-31,12:30:00 am,0,101.346,23.957,2024-08-31 12:30:00
2024-08-31,12:45:00 am,0,101.349,23.911,2024-08-31 12:45:00
2024-08-31,01:00:00 am,0,101.34,23.86,2024-08-31 01:00:00
2024-08-31,01:15:00 am,0,101.327,23.8,2024-08-31 01:15:00
2024-08-31,01:30:00 am,0,101.311,23.736,2024-08-31 01:30:00
2024-08-31,01:45:00 am,0,101.301,23.674,2024-08-31 01:45:00
2024-08-31,02:00:00 am,0,101.296,23.619,2024-08-31 02:00:00
2024-08-31,02:15:00 am,0,101.299,23.56,2024-08-31 02:15:00
2024-08-31,02:30:00 am,0,101.296,23.497,2024-08-31 02:30:00
2024-08-31,02:45:00 am,0,101.286,23.429,2024-08-31 02:45:00
2024-08-31,03:00:00 am,0,101.285,23.362,2024-08-31 03:00:00
2024-08-31,03:15:00 am,0,101.292,23.312,2024-08-31 03:15:00
2024-08-31,03:30:00 am,0,101.29,23.259,2024-08-31 03:30:00
2024-08-31,03:45:00 am,0,101.286,23.211,2024-08-31 03:45:00
2024-08-31,04:00:00 am,0,101.279,23.171,2024-08-31 04:00:00
2024-08-31,04:15:00 am,0,101.262,23.121,2024-08-31 04:15:00
2024-08-31,04:30:00 am,0,101.258,23.063,2024-08-31 04:30:00
2024-08-31,04:45:00 am,0,101.25,23.019,2024-08-31 04:45:00
2024-08-31,05:00:00 am,0,101.233,22.965,2024-08-31 05:00:00
2024-08-31,05:15:00 am,0,101.228,22.917,2024-08-31 05:15:00
2024-08-31,05:30:00 am,0,101.229,22.875,2024-08-31 05:30:00
2024-08-31,05:45:00 am,0,101.23,22.83,2024-08-31 05:45:00
2024-08-31,06:00:00 am,0,101.234,22.793,2024-08-31 06:00:00
2024-08-31,06:15:00 am,0,101.243,22.734,2024-08-31 06:15:00
2024-08-31,06:30:00 am,0,101.258,22.687,2024-08-31 06:30:00
2024-08-31,06:45:00 am,0,101.264,22.649,2024-08-31 06:45:00
2024-08-31,07:00:00 am,0,101.273,22.636,2024-08-31 07:00:00
2024-08-31,07:15:00 am,0,101.289,22.635,2024-08-31 07:15:00
2024-08-31,07:30:00 am,0,101.304,22.641,2024-08-31 07:30:00
2024-08-31,07:45:00 am,0,101.33,22.662,2024-08-31 07:45:00
2024-08-31,08:00:00 am,0,101.347,22.678,2024-08-31 08:00:00
2024-08-31,08:15:00 am,0,101.36,22.712,2024-08-31 08:15:00
2024-08-31,08:30:00 am,0,101.39,22.863,2024-08-31 08:30:00
2024-08-31,08:45:00 am,0,101.416,23.048,2024-08-31 08:45:00
2024-08-31,09:00:00 am,0,101.467,23.367,2024-08-31 09:00:00
2024-08-31,09:15:00 am,0,101.473,23.446,2024-08-31 09:15:00
2024-08-31,09:30:00 am,0,101.468,23.437,2024-08-31 09:30:00
2024-08-31,09:45:00 am,0,101.471,23.48,2024-08-31 09:45:00
2024-08-31,10:00:00 am,0,101.493,23.608,2024-08-31 10:00:00
2024-08-31,10:15:00 am,0,101.549,23.934,2024-08-31 10:15:00
2024-08-31,10:30:00 am,0,101.59,24.137,2024-08-31 10:30:00
2024-08-31,10:45:00 am,0,101.579,24.123,2024-08-31 10:45:00
2024-08-31,11:00:00 am,0,101.586,24.16,2024-08-31 11:00:00
2024-08-31,11:15:00 am,0,101.596,24.255,2024-08-31 11:15:00
2024-08-31,11:30:00 am,0,101.603,24.348,2024-08-31 11:30:00
2024-08-31,11:45:00 am,0,101.6,24.437,2024-08-31 11:45:00
2024-08-31,12:00:00 pm,0,101.592,24.511,2024-08-31 12:00:00
2024-08-31,12:15:00 pm,0,101.57,24.559,2024-08-31 12:15:00
2024-08-31,12:30:00 pm,0,101.555,24.632,2024-08-31 12:30:00
2024-08-31,12:45:00 pm,0,101.538,24.747,2024-08-31 12:45:00
2024-08-31,01:00:00 pm,0,101.519,24.861,2024-08-31 01:00:00
2024-08-31,01:15:00 pm,0,101.494,24.994,2024-08-31 01:15:00
2024-08-31,01:30:00 pm,0,101.501,25.053,2024-08-31 01:30:00
2024-08-31,01:45:00 pm,0,101.49,24.973,2024-08-31 01:45:00
2024-08-31,02:00:00 pm,0,101.471,24.943,2024-08-31 02:00:00
2024-08-31,02:15:00 pm,0,101.462,24.873,2024-08-31 02:15:00
2024-08-31,02:30:00 pm,0,101.409,24.716,2024-08-31 02:30:00
2024-08-31,02:45:00 pm,0,101.393,24.548,2024-08-31 02:45:00
2024-08-31,03:00:00 pm,0,101.391,24.368,2024-08-31 03:00:00
2024-08-31,03:15:00 pm,0,101.371,24.215,2024-08-31 03:15:00
2024-08-31,03:30:00 pm,0,101.354,24.115,2024-08-31 03:30:00
2024-08-31,03:45:00 pm,0,101.339,24.045,2024-08-31 03:45:00
2024-08-31,04:00:00 pm,0,101.322,23.992,2024-08-31 04:00:00
2024-08-31,04:15:00 pm,0,101.291,23.914,2024-08-31 04:15:00
2024-08-31,04:30:00 pm,0,101.258,23.866,2024-08-31 04:30:00
2024-08-31,04:45:00 pm,0,101.24,23.837,2024-08-31 04:45:00
2024-08-31,05:00:00 pm,0,101.223,23.82,2024-08-31 05:00:00
2024-08-31,05:15:00 pm,0,101.222,23.824,2024-08-31 05:15:00
2024-08-31,05:30:00 pm,0,101.209,23.815,2024-08-31 05:30:00
2024-08-31,05:45:00 pm,0,101.209,23.811,2024-08-31 05:45:00
2024-08-31,06:00:00 pm,0,101.201,23.805,2024-08-31 06:00:00
2024-08-31,06:15:00 pm,0,101.197,23.792,2024-08-31 06:15:00
2024-08-31,06:30:00 pm,0,101.197,23.779,2024-08-31 06:30:00
2024-08-31,06:45:00 pm,0,101.191,23.755,2024-08-31 06:45:00
2024-08-31,07:00:00 pm,0,101.19,23.734,2024-08-31 07:00:00
2024-08-31,07:15:00 pm,0,101.19,23.704,2024-08-31 07:15:00
2024-08-31,07:30:00 pm,0,101.175,23.67,2024-08-31 07:30:00
2024-08-31,07:45:00 pm,0,101.176,23.633,2024-08-31 07:45:00
2024-08-31,08:00:00 pm,0,101.176,23.599,2024-08-31 08:00:00
2024-08-31,08:15:00 pm,0,101.213,23.565,2024-08-31 08:15:00
2024-08-31,08:30:00 pm,0,101.223,23.531,2024-08-31 08:30:00
2024-08-31,08:45:00 pm,0,101.219,23.499,2024-08-31 08:45:00
2024-08-31,09:00:00 pm,0,101.205,23.465,2024-08-31 09:00:00
2024-08-31,09:15:00 pm,0,101.195,23.419,2024-08-31 09:15:00
2024-08-31,09:30:00 pm,0,101.195,23.389,2024-08-31 09:30:00
2024-08-31,09:45:00 pm,0,101.201,23.354,2024-08-31 09:45:00
2024-08-31,10:00:00 pm,0,101.185,23.325,2024-08-31 10:00:00
2024-08-31,10:15:00 pm,0,101.188,23.284,2024-08-31 10:15:00
2024-08-31,10:30:00 pm,0,101.199,23.26,2024-08-31 10:30:00
2024-08-31,10:45:00 pm,0,101.202,23.234,2024-08-31 10:45:00
2024-08-31,11:00:00 pm,0,101.208,23.207,2024-08-31 11:00:00
2024-08-31,11:15:00 pm,0,101.215,23.181,2024-08-31 11:15:00
2024-08-31,11:30:00 pm,0,101.206,23.155,2024-08-31 11:30:00
2024-08-31,11:45:00 pm,0,101.203,23.133,2024-08-31 11:45:00
2024-09-01,12:00:00 am,0,101.19,23.108,2024-09-01 12:00:00
2024-09-01,12:15:00 am,0,101.172,23.08,2024-09-01 12:15:00
2024-09-01,12:30:00 am,0,101.157,23.044,2024-09-01 12:30:00
2024-09-01,12:45:00 am,0,101.139,23.015,2024-09-01 12:45:00
2024-09-01,01:00:00 am,0,101.128,22.982,2024-09-01 01:00:00
2024-09-01,01:15:00 am,0,101.117,22.943,2024-09-01 01:15:00
2024-09-01,01:30:00 am,0,101.108,22.914,2024-09-01 01:30:00
2024-09-01,01:45:00 am,0,101.105,22.88,2024-09-01 01:45:00
2024-09-01,02:00:00 am,0,101.098,22.842,2024-09-01 02:00:00
2024-09-01,02:15:00 am,0,101.098,22.825,2024-09-01 02:15:00
2024-09-01,02:30:00 am,0,101.099,22.801,2024-09-01 02:30:00
2024-09-01,02:45:00 am,0,101.101,22.772,2024-09-01 02:45:00
2024-09-01,03:00:00 am,0,101.104,22.745,2024-09-01 03:00:00
2024-09-01,03:15:00 am,0,101.103,22.714,2024-09-01 03:15:00
2024-09-01,03:30:00 am,0,101.103,22.68,2024-09-01 03:30:00
2024-09-01,03:45:00 am,0,101.106,22.636,2024-09-01 03:45:00
2024-09-01,04:00:00 am,0,101.107,22.591,2024-09-01 04:00:00
2024-09-01,04:15:00 am,0,101.113,22.549,2024-09-01 04:15:00
2024-09-01,04:30:00 am,0,101.126,22.522,2024-09-01 04:30:00
2024-09-01,04:45:00 am,0,101.125,22.486,2024-09-01 04:45:00
2024-09-01,05:00:00 am,0,101.134,22.461,2024-09-01 05:00:00
2024-09-01,05:15:00 am,0,101.144,22.44,2024-09-01 05:15:00
2024-09-01,05:30:00 am,0,101.144,22.415,2024-09-01 05:30:00
2024-09-01,05:45:00 am,0,101.153,22.388,2024-09-01 05:45:00
2024-09-01,06:00:00 am,0,101.166,22.362,2024-09-01 06:00:00
2024-09-01,06:15:00 am,0,101.16,22.322,2024-09-01 06:15:00
2024-09-01,06:30:00 am,0,101.158,22.295,2024-09-01 06:30:00
2024-09-01,06:45:00 am,0,101.158,22.268,2024-09-01 06:45:00
2024-09-01,07:00:00 am,0,101.167,22.233,2024-09-01 07:00:00
2024-09-01,07:15:00 am,0,101.174,22.217,2024-09-01 07:15:00
2024-09-01,07:30:00 am,0,101.174,22.217,2024-09-01 07:30:00
2024-09-01,07:45:00 am,0,101.193,22.259,2024-09-01 07:45:00
2024-09-01,08:00:00 am,0,101.208,22.327,2024-09-01 08:00:00
2024-09-01,08:15:00 am,0,101.221,22.375,2024-09-01 08:15:00
2024-09-01,08:30:00 am,0,101.237,22.479,2024-09-01 08:30:00
2024-09-01,08:45:00 am,0,101.255,22.601,2024-09-01 08:45:00
2024-09-01,09:00:00 am,0,101.266,22.671,2024-09-01 09:00:00
2024-09-01,09:15:00 am,0,101.276,22.754,2024-09-01 09:15:00
2024-09-01,09:30:00 am,0,101.292,22.846,2024-09-01 09:30:00
2024-09-01,09:45:00 am,0,101.303,22.95,2024-09-01 09:45:00
2024-09-01,10:00:00 am,0,101.333,23.187,2024-09-01 10:00:00
2024-09-01,10:15:00 am,0,101.35,23.298,2024-09-01 10:15:00
2024-09-01,10:30:00 am,0,101.365,23.431,2024-09-01 10:30:00
2024-09-01,10:45:00 am,0,101.383,23.58,2024-09-01 10:45:00
2024-09-01,11:00:00 am,0,101.417,23.811,2024-09-01 11:00:00
2024-09-01,11:15:00 am,0,101.431,23.997,2024-09-01 11:15:00
2024-09-01,11:30:00 am,0,101.434,24.139,2024-09-01 11:30:00
2024-09-01,11:45:00 am,0,101.431,24.198,2024-09-01 11:45:00
2024-09-01,12:00:00 pm,0,101.418,24.261,2024-09-01 12:00:00
2024-09-01,12:15:00 pm,0,101.412,24.424,2024-09-01 12:15:00
2024-09-01,12:30:00 pm,0,101.38,24.642,2024-09-01 12:30:00
2024-09-01,12:45:00 pm,0,101.364,24.831,2024-09-01 12:45:00
2024-09-01,01:00:00 pm,0,101.322,25.001,2024-09-01 01:00:00
2024-09-01,01:15:00 pm,0,101.305,25.169,2024-09-01 01:15:00
2024-09-01,01:30:00 pm,0,101.287,25.342,2024-09-01 01:30:00
2024-09-01,01:45:00 pm,0,101.288,25.49,2024-09-01 01:45:00
2024-09-01,02:00:00 pm,0,101.283,25.639,2024-09-01 02:00:00
2024-09-01,02:15:00 pm,0,101.263,25.605,2024-09-01 02:15:00
2024-09-01,02:30:00 pm,0,101.231,25.506,2024-09-01 02:30:00
2024-09-01,02:45:00 pm,0,101.19,25.57,2024-09-01 02:45:00
2024-09-01,03:00:00 pm,0,101.099,25.637,2024-09-01 03:00:00
2024-09-01,03:15:00 pm,0,101.093,25.687,2024-09-01 03:15:00
2024-09-01,03:30:00 pm,0,101.092,25.828,2024-09-01 03:30:00
2024-09-01,03:45:00 pm,0,101.083,25.862,2024-09-01 03:45:00
2024-09-01,04:00:00 pm,0,101.076,25.899,2024-09-01 04:00:00
2024-09-01,04:15:00 pm,0,101.09,26.114,2024-09-01 04:15:00
2024-09-01,04:30:00 pm,0,101.07,26.009,2024-09-01 04:30:00
2024-09-01,04:45:00 pm,0,101.064,25.913,2024-09-01 04:45:00
2024-09-01,05:00:00 pm,0,101.052,25.842,2024-09-01 05:00:00
2024-09-01,05:15:00 pm,0,101.039,25.759,2024-09-01 05:15:00
2024-09-01,05:30:00 pm,0,101.045,25.79,2024-09-01 05:30:00
2024-09-01,05:45:00 pm,0,101.038,25.738,2024-09-01 05:45:00
2024-09-01,06:00:00 pm,0,101.026,25.594,2024-09-01 06:00:00
2024-09-01,06:15:00 pm,0,101.025,25.456,2024-09-01 06:15:00
2024-09-01,06:30:00 pm,0,101.008,25.327,2024-09-01 06:30:00
2024-09-01,06:45:00 pm,0,101.005,25.21,2024-09-01 06:45:00
2024-09-01,07:00:00 pm,0,100.999,25.096,2024-09-01 07:00:00
2024-09-01,07:15:00 pm,0,101.002,24.966,2024-09-01 07:15:00
2024-09-01,07:30:00 pm,0,101.001,24.849,2024-09-01 07:30:00
2024-09-01,07:45:00 pm,0,101.017,24.746,2024-09-01 07:45:00
2024-09-01,08:00:00 pm,0,101.041,24.66,2024-09-01 08:00:00
2024-09-01,08:15:00 pm,0,101.06,24.604,2024-09-01 08:15:00
2024-09-01,08:30:00 pm,0,101.065,24.548,2024-09-01 08:30:00
2024-09-01,08:45:00 pm,0,101.057,24.487,2024-09-01 08:45:00
2024-09-01,09:00:00 pm,0,101.065,24.43,2024-09-01 09:00:00
2024-09-01,09:15:00 pm,0,101.082,24.357,2024-09-01 09:15:00
2024-09-01,09:30:00 pm,0,101.07,24.284,2024-09-01 09:30:00
2024-09-01,09:45:00 pm,0,101.063,24.206,2024-09-01 09:45:00
2024-09-01,10:00:00 pm,0,101.055,24.14,2024-09-01 10:00:00
2024-09-01,10:15:00 pm,0,101.055,24.065,2024-09-01 10:15:00
2024-09-01,10:30:00 pm,0,101.055,23.987,2024-09-01 10:30:00
2024-09-01,10:45:00 pm,0,101.06,23.901,2024-09-01 10:45:00
2024-09-01,11:00:00 pm,0,101.041,23.812,2024-09-01 11:00:00
2024-09-01,11:15:00 pm,0,101.038,23.731,2024-09-01 11:15:00
2024-09-01,11:30:00 pm,0,101.039,23.639,2024-09-01 11:30:00
2024-09-01,11:45:00 pm,0,101.029,23.548,2024-09-01 11:45:00
2024-09-02,12:00:00 am,0,101.03,23.472,2024-09-02 12:00:00
2024-09-02,12:15:00 am,0,101.029,23.388,2024-09-02 12:15:00
2024-09-02,12:30:00 am,0,101.007,23.307,2024-09-02 12:30:00
2024-09-02,12:45:00 am,0,101.013,23.234,2024-09-02 12:45:00
2024-09-02,01:00:00 am,0,101.012,23.155,2024-09-02 01:00:00
2024-09-02,01:15:00 am,0,101.018,23.086,2024-09-02 01:15:00
2024-09-02,01:30:00 am,0,101.018,23.03,2024-09-02 01:30:00
2024-09-02,01:45:00 am,0,101.015,22.97,2024-09-02 01:45:00
2024-09-02,02:00:00 am,0,101.014,22.909,2024-09-02 02:00:00
2024-09-02,02:15:00 am,0,101.03,22.855,2024-09-02 02:15:00
2024-09-02,02:30:00 am,0,101.032,22.806,2024-09-02 02:30:00
2024-09-02,02:45:00 am,0,101.027,22.77,2024-09-02 02:45:00
2024-09-02,03:00:00 am,0,101.031,22.731,2024-09-02 03:00:00
2024-09-02,03:15:00 am,0,101.034,22.69,2024-09-02 03:15:00
2024-09-02,03:30:00 am,0,101.034,22.64,2024-09-02 03:30:00
2024-09-02,03:45:00 am,0,101.028,22.566,2024-09-02 03:45:00
2024-09-02,04:00:00 am,0,101.029,22.505,2024-09-02 04:00:00
2024-09-02,04:15:00 am,0,101.028,22.448,2024-09-02 04:15:00
2024-09-02,04:30:00 am,0,101.02,22.367,2024-09-02 04:30:00
2024-09-02,04:45:00 am,0,101.026,22.311,2024-09-02 04:45:00
2024-09-02,05:00:00 am,0,101.03,22.258,2024-09-02 05:00:00
2024-09-02,05:15:00 am,0,101.033,22.195,2024-09-02 05:15:00
2024-09-02,05:30:00 am,0,101.048,22.141,2024-09-02 05:30:00
2024-09-02,05:45:00 am,0,101.059,22.077,2024-09-02 05:45:00
2024-09-02,06:00:00 am,0,101.073,22.022,2024-09-02 06:00:00
2024-09-02,06:15:00 am,0,101.084,21.987,2024-09-02 06:15:00
2024-09-02,06:30:00 am,0,101.095,21.931,2024-09-02 06:30:00
2024-09-02,06:45:00 am,0,101.115,21.902,2024-09-02 06:45:00
2024-09-02,07:00:00 am,0,101.129,21.875,2024-09-02 07:00:00
2024-09-02,07:15:00 am,0,101.147,21.864,2024-09-02 07:15:00
2024-09-02,07:30:00 am,0,101.161,21.909,2024-09-02 07:30:00
2024-09-02,07:45:00 am,0,101.178,21.967,2024-09-02 07:45:00
2024-09-02,08:00:00 am,0,101.201,22.049,2024-09-02 08:00:00
2024-09-02,08:15:00 am,0,101.214,22.135,2024-09-02 08:15:00
2024-09-02,08:30:00 am,0,101.238,22.25,2024-09-02 08:30:00
2024-09-02,08:45:00 am,0,101.277,22.543,2024-09-02 08:45:00
2024-09-02,09:00:00 am,0,101.336,22.971,2024-09-02 09:00:00
2024-09-02,09:15:00 am,0,101.309,22.901,2024-09-02 09:15:00
2024-09-02,09:30:00 am,0,101.328,23.043,2024-09-02 09:30:00
2024-09-02,09:45:00 am,0,101.337,23.14,2024-09-02 09:45:00
2024-09-02,10:00:00 am,0,101.349,23.281,2024-09-02 10:00:00
2024-09-02,10:15:00 am,0,101.363,23.39,2024-09-02 10:15:00
2024-09-02,10:30:00 am,0,101.368,23.512,2024-09-02 10:30:00
2024-09-02,10:45:00 am,0,101.329,23.666,2024-09-02 10:45:00
2024-09-02,11:00:00 am,0,101.33,23.991,2024-09-02 11:00:00
2024-09-02,11:15:00 am,0,101.34,24.206,2024-09-02 11:15:00
2024-09-02,11:30:00 am,0,101.325,24.269,2024-09-02 11:30:00
2024-09-02,11:45:00 am,0,101.326,24.343,2024-09-02 11:45:00
2024-09-02,12:00:00 pm,0,101.334,24.468,2024-09-02 12:00:00
2024-09-02,12:15:00 pm,0,101.35,24.619,2024-09-02 12:15:00
2024-09-02,12:30:00 pm,0,101.367,24.8,2024-09-02 12:30:00
2024-09-02,12:45:00 pm,0,101.381,24.946,2024-09-02 12:45:00
2024-09-02,01:00:00 pm,0,101.377,25.047,2024-09-02 01:00:00
2024-09-02,01:15:00 pm,0,101.374,25.215,2024-09-02 01:15:00
2024-09-02,01:30:00 pm,0,101.331,25.374,2024-09-02 01:30:00
2024-09-02,01:45:00 pm,0,101.324,25.498,2024-09-02 01:45:00
2024-09-02,02:00:00 pm,0,101.309,25.601,2024-09-02 02:00:00
2024-09-02,02:15:00 pm,0,101.286,25.695,2024-09-02 02:15:00
2024-09-02,02:30:00 pm,0,101.275,25.741,2024-09-02 02:30:00
2024-09-02,02:45:00 pm,0,101.261,25.875,2024-09-02 02:45:00
2024-09-02,03:00:00 pm,0,101.24,25.894,2024-09-02 03:00:00
2024-09-02,03:15:00 pm,0,101.221,25.97,2024-09-02 03:15:00
2024-09-02,03:30:00 pm,0,101.2,26.011,2024-09-02 03:30:00
2024-09-02,03:45:00 pm,0,101.172,26.05,2024-09-02 03:45:00
2024-09-02,04:00:00 pm,0,101.125,26.162,2024-09-02 04:00:00
2024-09-02,04:15:00 pm,0,101.149,26.39,2024-09-02 04:15:00
2024-09-02,04:30:00 pm,0,101.123,26.225,2024-09-02 04:30:00
2024-09-02,04:45:00 pm,0,101.107,26.089,2024-09-02 04:45:00
2024-09-02,05:00:00 pm,0,101.087,26,2024-09-02 05:00:00
2024-09-02,05:15:00 pm,0,101.072,25.926,2024-09-02 05:15:00
2024-09-02,05:30:00 pm,0,101.074,25.981,2024-09-02 05:30:00
2024-09-02,05:45:00 pm,0,101.058,25.843,2024-09-02 05:45:00
2024-09-02,06:00:00 pm,0,101.052,25.675,2024-09-02 06:00:00
2024-09-02,06:15:00 pm,0,101.05,25.578,2024-09-02 06:15:00
2024-09-02,06:30:00 pm,0,101.047,25.453,2024-09-02 06:30:00
2024-09-02,06:45:00 pm,0,101.052,25.321,2024-09-02 06:45:00
2024-09-02,07:00:00 pm,0,101.045,25.179,2024-09-02 07:00:00
2024-09-02,07:15:00 pm,0,101.042,25.019,2024-09-02 07:15:00
2024-09-02,07:30:00 pm,0,101.024,24.83,2024-09-02 07:30:00
2024-09-02,07:45:00 pm,0,101.014,24.642,2024-09-02 07:45:00
2024-09-02,08:00:00 pm,0,101.018,24.468,2024-09-02 08:00:00
2024-09-02,08:15:00 pm,0,101.02,24.282,2024-09-02 08:15:00
2024-09-02,08:30:00 pm,0,101.007,24.119,2024-09-02 08:30:00
2024-09-02,08:45:00 pm,0,101.007,23.965,2024-09-02 08:45:00
2024-09-02,09:00:00 pm,0,101.02,23.835,2024-09-02 09:00:00
2024-09-02,09:15:00 pm,0,101.041,23.718,2024-09-02 09:15:00
2024-09-02,09:30:00 pm,0,101.047,23.606,2024-09-02 09:30:00
2024-09-02,09:45:00 pm,0,101.055,23.507,2024-09-02 09:45:00
2024-09-02,10:00:00 pm,0,101.066,23.42,2024-09-02 10:00:00
2024-09-02,10:15:00 pm,0,101.072,23.339,2024-09-02 10:15:00
2024-09-02,10:30:00 pm,0,101.078,23.27,2024-09-02 10:30:00
2024-09-02,10:45:00 pm,0,101.086,23.191,2024-09-02 10:45:00
2024-09-02,11:00:00 pm,0,101.086,23.114,2024-09-02 11:00:00
2024-09-02,11:15:00 pm,0,101.084,23.037,2024-09-02 11:15:00
2024-09-02,11:30:00 pm,0,101.085,22.967,2024-09-02 11:30:00
2024-09-02,11:45:00 pm,0,101.096,22.898,2024-09-02 11:45:00
2024-09-03,12:00:00 am,0,101.105,22.836,2024-09-03 12:00:00
2024-09-03,12:15:00 am,0,101.111,22.771,2024-09-03 12:15:00
2024-09-03,12:30:00 am,0,101.116,22.711,2024-09-03 12:30:00
2024-09-03,12:45:00 am,0,101.115,22.647,2024-09-03 12:45:00
2024-09-03,01:00:00 am,0,101.105,22.585,2024-09-03 01:00:00
2024-09-03,01:15:00 am,0,101.114,22.532,2024-09-03 01:15:00
2024-09-03,01:30:00 am,0,101.121,22.489,2024-09-03 01:30:00
2024-09-03,01:45:00 am,0,101.115,22.439,2024-09-03 01:45:00
2024-09-03,02:00:00 am,0,101.116,22.386,2024-09-03 02:00:00
2024-09-03,02:15:00 am,0,101.112,22.331,2024-09-03 02:15:00
2024-09-03,02:30:00 am,0,101.109,22.274,2024-09-03 02:30:00
2024-09-03,02:45:00 am,0,101.108,22.218,2024-09-03 02:45:00
2024-09-03,03:00:00 am,0,101.108,22.163,2024-09-03 03:00:00
2024-09-03,03:15:00 am,0,101.099,22.094,2024-09-03 03:15:00
2024-09-03,03:30:00 am,0,101.108,22.025,2024-09-03 03:30:00
2024-09-03,03:45:00 am,0,101.112,21.952,2024-09-03 03:45:00
2024-09-03,04:00:00 am,0,101.11,21.871,2024-09-03 04:00:00
2024-09-03,04:15:00 am,0,101.106,21.809,2024-09-03 04:15:00
2024-09-03,04:30:00 am,0,101.114,21.762,2024-09-03 04:30:00
2024-09-03,04:45:00 am,0,101.127,21.714,2024-09-03 04:45:00
2024-09-03,05:00:00 am,0,101.132,21.668,2024-09-03 05:00:00
2024-09-03,05:15:00 am,0,101.143,21.634,2024-09-03 05:15:00
2024-09-03,05:30:00 am,0,101.15,21.599,2024-09-03 05:30:00
2024-09-03,05:45:00 am,0,101.152,21.541,2024-09-03 05:45:00
2024-09-03,06:00:00 am,0,101.169,21.499,2024-09-03 06:00:00
2024-09-03,06:15:00 am,0,101.181,21.445,2024-09-03 06:15:00
2024-09-03,06:30:00 am,0,101.222,21.406,2024-09-03 06:30:00
2024-09-03,06:45:00 am,0,101.244,21.371,2024-09-03 06:45:00
2024-09-03,07:00:00 am,0,101.258,21.346,2024-09-03 07:00:00
2024-09-03,07:15:00 am,0,101.266,21.332,2024-09-03 07:15:00
2024-09-03,07:30:00 am,0,101.279,21.368,2024-09-03 07:30:00
2024-09-03,07:45:00 am,0,101.3,21.446,2024-09-03 07:45:00
2024-09-03,08:00:00 am,0,101.316,21.558,2024-09-03 08:00:00
2024-09-03,08:15:00 am,0,101.334,21.662,2024-09-03 08:15:00
2024-09-03,08:30:00 am,0,101.355,21.811,2024-09-03 08:30:00
2024-09-03,08:45:00 am,0,101.392,22.161,2024-09-03 08:45:00
2024-09-03,09:00:00 am,0,101.397,22.574,2024-09-03 09:00:00
2024-09-03,09:15:00 am,0,101.402,22.68,2024-09-03 09:15:00
2024-09-03,09:30:00 am,0,101.409,22.884,2024-09-03 09:30:00
2024-09-03,09:45:00 am,0,101.415,23.049,2024-09-03 09:45:00
2024-09-03,10:00:00 am,0,101.41,23.144,2024-09-03 10:00:00
2024-09-03,10:15:00 am,0,101.423,23.306,2024-09-03 10:15:00
2024-09-03,10:30:00 am,0,101.419,23.494,2024-09-03 10:30:00
2024-09-03,10:45:00 am,0,101.422,23.688,2024-09-03 10:45:00
2024-09-03,11:00:00 am,0,101.48,24.127,2024-09-03 11:00:00
2024-09-03,11:15:00 am,0,101.513,24.357,2024-09-03 11:15:00
2024-09-03,11:30:00 am,0,101.522,24.435,2024-09-03 11:30:00
2024-09-03,11:45:00 am,0,101.526,24.531,2024-09-03 11:45:00
2024-09-03,12:00:00 pm,0,101.536,24.625,2024-09-03 12:00:00
2024-09-03,12:15:00 pm,0,101.542,24.741,2024-09-03 12:15:00
2024-09-03,12:30:00 pm,0,101.54,24.834,2024-09-03 12:30:00
2024-09-03,12:45:00 pm,0,101.528,24.841,2024-09-03 12:45:00
2024-09-03,01:00:00 pm,0,101.514,25.014,2024-09-03 01:00:00
2024-09-03,01:15:00 pm,0,101.459,25.13,2024-09-03 01:15:00
2024-09-03,01:30:00 pm,0,101.438,25.274,2024-09-03 01:30:00
2024-09-03,01:45:00 pm,0,101.426,25.497,2024-09-03 01:45:00
2024-09-03,02:00:00 pm,0,101.43,25.645,2024-09-03 02:00:00
2024-09-03,02:15:00 pm,0,101.413,25.714,2024-09-03 02:15:00
2024-09-03,02:30:00 pm,0,101.391,25.7,2024-09-03 02:30:00
2024-09-03,02:45:00 pm,0,101.379,25.695,2024-09-03 02:45:00
2024-09-03,03:00:00 pm,0,101.356,25.65,2024-09-03 03:00:00
2024-09-03,03:15:00 pm,0,101.352,25.686,2024-09-03 03:15:00
2024-09-03,03:30:00 pm,0,101.327,25.727,2024-09-03 03:30:00
2024-09-03,03:45:00 pm,0,101.334,25.747,2024-09-03 03:45:00
2024-09-03,04:00:00 pm,0,101.318,25.81,2024-09-03 04:00:00
2024-09-03,04:15:00 pm,0,101.318,25.751,2024-09-03 04:15:00
2024-09-03,04:30:00 pm,0,101.314,25.748,2024-09-03 04:30:00
2024-09-03,04:45:00 pm,0,101.319,25.655,2024-09-03 04:45:00
2024-09-03,05:00:00 pm,0,101.311,25.529,2024-09-03 05:00:00
2024-09-03,05:15:00 pm,0,101.307,25.445,2024-09-03 05:15:00
2024-09-03,05:30:00 pm,0,101.317,25.484,2024-09-03 05:30:00
2024-09-03,05:45:00 pm,0,101.317,25.49,2024-09-03 05:45:00
2024-09-03,06:00:00 pm,0,101.324,25.377,2024-09-03 06:00:00
2024-09-03,06:15:00 pm,0,101.326,25.255,2024-09-03 06:15:00
2024-09-03,06:30:00 pm,0,101.324,25.163,2024-09-03 06:30:00
2024-09-03,06:45:00 pm,0,101.314,25.093,2024-09-03 06:45:00
2024-09-03,07:00:00 pm,0,101.317,25.006,2024-09-03 07:00:00
2024-09-03,07:15:00 pm,0,101.329,24.919,2024-09-03 07:15:00
2024-09-03,07:30:00 pm,0,101.347,24.824,2024-09-03 07:30:00
2024-09-03,07:45:00 pm,0,101.352,24.779,2024-09-03 07:45:00
2024-09-03,08:00:00 pm,0,101.367,24.742,2024-09-03 08:00:00
2024-09-03,08:15:00 pm,0,101.383,24.688,2024-09-03 08:15:00
2024-09-03,08:30:00 pm,0,101.415,24.636,2024-09-03 08:30:00
2024-09-03,08:45:00 pm,0,101.446,24.587,2024-09-03 08:45:00
2024-09-03,09:00:00 pm,0,101.476,24.526,2024-09-03 09:00:00
2024-09-03,09:15:00 pm,0,101.483,24.466,2024-09-03 09:15:00
2024-09-03,09:30:00 pm,0,101.48,24.411,2024-09-03 09:30:00
2024-09-03,09:45:00 pm,0,101.494,24.349,2024-09-03 09:45:00
2024-09-03,10:00:00 pm,0,101.498,24.288,2024-09-03 10:00:00
2024-09-03,10:15:00 pm,0,101.506,24.24,2024-09-03 10:15:00
2024-09-03,10:30:00 pm,0,101.503,24.189,2024-09-03 10:30:00
2024-09-03,10:45:00 pm,0,101.489,24.134,2024-09-03 10:45:00
2024-09-03,11:00:00 pm,0,101.494,24.101,2024-09-03 11:00:00
2024-09-03,11:15:00 pm,0,101.504,24.065,2024-09-03 11:15:00
2024-09-03,11:30:00 pm,0,101.509,24.013,2024-09-03 11:30:00
2024-09-03,11:45:00 pm,0,101.504,23.978,2024-09-03 11:45:00
2024-09-04,12:00:00 am,0,101.505,23.928,2024-09-04 12:00:00
2024-09-04,12:15:00 am,0,101.498,23.889,2024-09-04 12:15:00
2024-09-04,12:30:00 am,0,101.486,23.843,2024-09-04 12:30:00
2024-09-04,12:45:00 am,0,101.478,23.795,2024-09-04 12:45:00
2024-09-04,01:00:00 am,0,101.476,23.756,2024-09-04 01:00:00
2024-09-04,01:15:00 am,0,101.475,23.705,2024-09-04 01:15:00
2024-09-04,01:30:00 am,0,101.466,23.655,2024-09-04 01:30:00
2024-09-04,01:45:00 am,0,101.477,23.62,2024-09-04 01:45:00
2024-09-04,02:00:00 am,0,101.464,23.564,2024-09-04 02:00:00
2024-09-04,02:15:00 am,0,101.481,23.52,2024-09-04 02:15:00
2024-09-04,02:30:00 am,0,101.498,23.465,2024-09-04 02:30:00
2024-09-04,02:45:00 am,0,101.494,23.42,2024-09-04 02:45:00
2024-09-04,03:00:00 am,0,101.502,23.377,2024-09-04 03:00:00
2024-09-04,03:15:00 am,0,101.498,23.309,2024-09-04 03:15:00
2024-09-04,03:30:00 am,0,101.499,23.23,2024-09-04 03:30:00
2024-09-04,03:45:00 am,0,101.491,23.149,2024-09-04 03:45:00
2024-09-04,04:00:00 am,0,101.499,23.07,2024-09-04 04:00:00
2024-09-04,04:15:00 am,0,101.507,23.007,2024-09-04 04:15:00
2024-09-04,04:30:00 am,0,101.515,22.936,2024-09-04 04:30:00
2024-09-04,04:45:00 am,0,101.554,22.86,2024-09-04 04:45:00
2024-09-04,05:00:00 am,0,101.569,22.77,2024-09-04 05:00:00
2024-09-04,05:15:00 am,0,101.556,22.676,2024-09-04 05:15:00
2024-09-04,05:30:00 am,0,101.562,22.591,2024-09-04 05:30:00
2024-09-04,05:45:00 am,0,101.591,22.517,2024-09-04 05:45:00
2024-09-04,06:00:00 am,0,101.616,22.446,2024-09-04 06:00:00
2024-09-04,06:15:00 am,0,101.627,22.388,2024-09-04 06:15:00
2024-09-04,06:30:00 am,0,101.632,22.316,2024-09-04 06:30:00
2024-09-04,06:45:00 am,0,101.633,22.274,2024-09-04 06:45:00
2024-09-04,07:00:00 am,0,101.646,22.2,2024-09-04 07:00:00
2024-09-04,07:15:00 am,0,101.674,22.185,2024-09-04 07:15:00
2024-09-04,07:30:00 am,0,101.701,22.158,2024-09-04 07:30:00
2024-09-04,07:45:00 am,0,101.716,22.133,2024-09-04 07:45:00
2024-09-04,08:00:00 am,0,101.714,22.127,2024-09-04 08:00:00
2024-09-04,08:15:00 am,0,101.738,22.199,2024-09-04 08:15:00
2024-09-04,08:30:00 am,0,101.748,22.227,2024-09-04 08:30:00
2024-09-04,08:45:00 am,0,101.759,22.227,2024-09-04 08:45:00
2024-09-04,09:00:00 am,0,101.768,22.248,2024-09-04 09:00:00
2024-09-04,09:15:00 am,0,101.764,22.255,2024-09-04 09:15:00
2024-09-04,09:30:00 am,0,101.775,22.299,2024-09-04 09:30:00
2024-09-04,09:45:00 am,0,101.8,22.506,2024-09-04 09:45:00
2024-09-04,10:00:00 am,0,101.795,22.605,2024-09-04 10:00:00
2024-09-04,10:15:00 am,0,101.82,22.74,2024-09-04 10:15:00
2024-09-04,10:30:00 am,0,101.808,22.847,2024-09-04 10:30:00
2024-09-04,10:45:00 am,0,101.823,22.955,2024-09-04 10:45:00
2024-09-04,11:00:00 am,0,101.834,23.18,2024-09-04 11:00:00
2024-09-04,11:15:00 am,0,101.812,23.342,2024-09-04 11:15:00
2024-09-04,11:30:00 am,0,101.794,23.395,2024-09-04 11:30:00
2024-09-04,11:45:00 am,0,101.789,23.475,2024-09-04 11:45:00
2024-09-04,12:00:00 pm,0,101.782,23.594,2024-09-04 12:00:00
2024-09-04,12:15:00 pm,0,101.76,23.683,2024-09-04 12:15:00
2024-09-04,12:30:00 pm,0,101.764,23.832,2024-09-04 12:30:00
2024-09-04,12:45:00 pm,0,101.76,24.055,2024-09-04 12:45:00
2024-09-04,01:00:00 pm,0,101.743,24.171,2024-09-04 01:00:00
2024-09-04,01:15:00 pm,0,101.727,24.28,2024-09-04 01:15:00
2024-09-04,01:30:00 pm,0,101.698,24.3,2024-09-04 01:30:00
2024-09-04,01:45:00 pm,0,101.673,24.267,2024-09-04 01:45:00
2024-09-04,02:00:00 pm,0,101.651,24.272,2024-09-04 02:00:00
2024-09-04,02:15:00 pm,0,101.631,24.297,2024-09-04 02:15:00
2024-09-04,02:30:00 pm,0,101.597,24.271,2024-09-04 02:30:00
2024-09-04,02:45:00 pm,0,101.567,24.321,2024-09-04 02:45:00
2024-09-04,03:00:00 pm,0,101.553,24.37,2024-09-04 03:00:00
2024-09-04,03:15:00 pm,0,101.524,24.381,2024-09-04 03:15:00
2024-09-04,03:30:00 pm,0,101.497,24.361,2024-09-04 03:30:00
2024-09-04,03:45:00 pm,0,101.493,24.361,2024-09-04 03:45:00
2024-09-04,04:00:00 pm,0,101.491,24.545,2024-09-04 04:00:00
2024-09-04,04:15:00 pm,0,101.462,24.616,2024-09-04 04:15:00
2024-09-04,04:30:00 pm,0,101.439,24.534,2024-09-04 04:30:00
2024-09-04,04:45:00 pm,0,101.427,24.472,2024-09-04 04:45:00
2024-09-04,05:00:00 pm,0,101.424,24.451,2024-09-04 05:00:00
2024-09-04,05:15:00 pm,0,101.417,24.409,2024-09-04 05:15:00
2024-09-04,05:30:00 pm,0,101.417,24.354,2024-09-04 05:30:00
2024-09-04,05:45:00 pm,0,101.426,24.291,2024-09-04 05:45:00
2024-09-04,06:00:00 pm,0,101.416,24.23,2024-09-04 06:00:00
2024-09-04,06:15:00 pm,0,101.422,24.165,2024-09-04 06:15:00
2024-09-04,06:30:00 pm,0,101.429,24.088,2024-09-04 06:30:00
2024-09-04,06:45:00 pm,0,101.43,24.006,2024-09-04 06:45:00
2024-09-04,07:00:00 pm,0,101.428,23.914,2024-09-04 07:00:00
2024-09-04,07:15:00 pm,0,101.433,23.8,2024-09-04 07:15:00
2024-09-04,07:30:00 pm,0,101.441,23.686,2024-09-04 07:30:00
2024-09-04,07:45:00 pm,0,101.439,23.587,2024-09-04 07:45:00
2024-09-04,08:00:00 pm,0,101.455,23.485,2024-09-04 08:00:00
2024-09-04,08:15:00 pm,0,101.469,23.377,2024-09-04 08:15:00
2024-09-04,08:30:00 pm,0,101.487,23.265,2024-09-04 08:30:00
2024-09-04,08:45:00 pm,0,101.509,23.171,2024-09-04 08:45:00
2024-09-04,09:00:00 pm,0,101.532,23.082,2024-09-04 09:00:00
2024-09-04,09:15:00 pm,0,101.56,23.008,2024-09-04 09:15:00
2024-09-04,09:30:00 pm,0,101.577,22.943,2024-09-04 09:30:00
2024-09-04,09:45:00 pm,0,101.597,22.897,2024-09-04 09:45:00
2024-09-04,10:00:00 pm,0,101.612,22.877,2024-09-04 10:00:00
2024-09-04,10:15:00 pm,0,101.609,22.863,2024-09-04 10:15:00
2024-09-04,10:30:00 pm,0,101.615,22.852,2024-09-04 10:30:00
2024-09-04,10:45:00 pm,0,101.617,22.819,2024-09-04 10:45:00
2024-09-04,11:00:00 pm,0,101.613,22.768,2024-09-04 11:00:00
2024-09-04,11:15:00 pm,0,101.61,22.715,2024-09-04 11:15:00
2024-09-04,11:30:00 pm,0,101.614,22.675,2024-09-04 11:30:00
2024-09-04,11:45:00 pm,0,101.613,22.64,2024-09-04 11:45:00
2024-09-05,12:00:00 am,0,101.602,22.613,2024-09-05 12:00:00
2024-09-05,12:15:00 am,0,101.6,22.578,2024-09-05 12:15:00
2024-09-05,12:30:00 am,0,101.603,22.536,2024-09-05 12:30:00
2024-09-05,12:45:00 am,0,101.589,22.476,2024-09-05 12:45:00
2024-09-05,01:00:00 am,0,101.585,22.421,2024-09-05 01:00:00
2024-09-05,01:15:00 am,0,101.571,22.371,2024-09-05 01:15:00
2024-09-05,01:30:00 am,0,101.559,22.335,2024-09-05 01:30:00
2024-09-05,01:45:00 am,0,101.549,22.298,2024-09-05 01:45:00
2024-09-05,02:00:00 am,0,101.551,22.258,2024-09-05 02:00:00
2024-09-05,02:15:00 am,0,101.551,22.216,2024-09-05 02:15:00
2024-09-05,02:30:00 am,0,101.551,22.187,2024-09-05 02:30:00
2024-09-05,02:45:00 am,0,101.546,22.172,2024-09-05 02:45:00
2024-09-05,03:00:00 am,0,101.552,22.155,2024-09-05 03:00:00
2024-09-05,03:15:00 am,0,101.553,22.136,2024-09-05 03:15:00
2024-09-05,03:30:00 am,0,101.552,22.103,2024-09-05 03:30:00
2024-09-05,03:45:00 am,0,101.548,22.077,2024-09-05 03:45:00
2024-09-05,04:00:00 am,0,101.554,22.056,2024-09-05 04:00:00
2024-09-05,04:15:00 am,0,101.564,22.03,2024-09-05 04:15:00
2024-09-05,04:30:00 am,0,101.574,22.012,2024-09-05 04:30:00
2024-09-05,04:45:00 am,0,101.574,22.003,2024-09-05 04:45:00
2024-09-05,05:00:00 am,0,101.572,21.997,2024-09-05 05:00:00
2024-09-05,05:15:00 am,0,101.569,21.977,2024-09-05 05:15:00
2024-09-05,05:30:00 am,0,101.57,21.959,2024-09-05 05:30:00
2024-09-05,05:45:00 am,0,101.588,21.944,2024-09-05 05:45:00
2024-09-05,06:00:00 am,0,101.609,21.929,2024-09-05 06:00:00
2024-09-05,06:15:00 am,0,101.631,21.932,2024-09-05 06:15:00
2024-09-05,06:30:00 am,0,101.637,21.935,2024-09-05 06:30:00
2024-09-05,06:45:00 am,0,101.636,21.905,2024-09-05 06:45:00
2024-09-05,07:00:00 am,0,101.643,21.892,2024-09-05 07:00:00
2024-09-05,07:15:00 am,0,101.667,21.906,2024-09-05 07:15:00
2024-09-05,07:30:00 am,0,101.686,21.935,2024-09-05 07:30:00
2024-09-05,07:45:00 am,0,101.69,21.958,2024-09-05 07:45:00
2024-09-05,08:00:00 am,0,101.686,21.98,2024-09-05 08:00:00
2024-09-05,08:15:00 am,0,101.696,22.016,2024-09-05 08:15:00
2024-09-05,08:30:00 am,0,101.716,22.076,2024-09-05 08:30:00
2024-09-05,08:45:00 am,0,101.703,22.097,2024-09-05 08:45:00
2024-09-05,09:00:00 am,0,101.715,22.145,2024-09-05 09:00:00
2024-09-05,09:15:00 am,0,101.716,22.205,2024-09-05 09:15:00
2024-09-05,09:30:00 am,0,101.708,22.246,2024-09-05 09:30:00
2024-09-05,09:45:00 am,0,101.706,22.323,2024-09-05 09:45:00
2024-09-05,10:00:00 am,0,101.711,22.405,2024-09-05 10:00:00
2024-09-05,10:15:00 am,0,101.69,22.48,2024-09-05 10:15:00
2024-09-05,10:30:00 am,0,101.679,22.561,2024-09-05 10:30:00
2024-09-05,10:45:00 am,0,101.678,22.653,2024-09-05 10:45:00
2024-09-05,11:00:00 am,0,101.679,22.781,2024-09-05 11:00:00
2024-09-05,11:15:00 am,0,101.683,22.951,2024-09-05 11:15:00
2024-09-05,11:30:00 am,0,101.675,23.044,2024-09-05 11:30:00
2024-09-05,11:45:00 am,0,101.655,23.161,2024-09-05 11:45:00
2024-09-05,12:00:00 pm,0,101.628,23.264,2024-09-05 12:00:00
2024-09-05,12:15:00 pm,0,101.61,23.36,2024-09-05 12:15:00
2024-09-05,12:30:00 pm,0,101.597,23.438,2024-09-05 12:30:00
2024-09-05,12:45:00 pm,0,101.57,23.488,2024-09-05 12:45:00
2024-09-05,01:00:00 pm,0,101.547,23.546,2024-09-05 01:00:00
2024-09-05,01:15:00 pm,0,101.533,23.625,2024-09-05 01:15:00
2024-09-05,01:30:00 pm,0,101.518,23.678,2024-09-05 01:30:00
2024-09-05,01:45:00 pm,0,101.5,23.715,2024-09-05 01:45:00
2024-09-05,02:00:00 pm,0,101.486,23.744,2024-09-05 02:00:00
2024-09-05,02:15:00 pm,0,101.471,23.78,2024-09-05 02:15:00
2024-09-05,02:30:00 pm,0,101.452,23.812,2024-09-05 02:30:00
2024-09-05,02:45:00 pm,0,101.442,23.819,2024-09-05 02:45:00
2024-09-05,03:00:00 pm,0,101.437,23.829,2024-09-05 03:00:00
2024-09-05,03:15:00 pm,0,101.419,23.853,2024-09-05 03:15:00
2024-09-05,03:30:00 pm,0,101.393,23.871,2024-09-05 03:30:00
2024-09-05,03:45:00 pm,0,101.388,23.889,2024-09-05 03:45:00
2024-09-05,04:00:00 pm,0,101.383,23.907,2024-09-05 04:00:00
2024-09-05,04:15:00 pm,0,101.376,23.921,2024-09-05 04:15:00
2024-09-05,04:30:00 pm,0,101.372,23.921,2024-09-05 04:30:00
2024-09-05,04:45:00 pm,0,101.361,23.903,2024-09-05 04:45:00
2024-09-05,05:00:00 pm,0,101.357,23.88,2024-09-05 05:00:00
2024-09-05,05:15:00 pm,0,101.348,23.855,2024-09-05 05:15:00
2024-09-05,05:30:00 pm,0,101.34,23.84,2024-09-05 05:30:00
2024-09-05,05:45:00 pm,0,101.336,23.822,2024-09-05 05:45:00
2024-09-05,06:00:00 pm,0,101.33,23.797,2024-09-05 06:00:00
2024-09-05,06:15:00 pm,0,101.339,23.759,2024-09-05 06:15:00
2024-09-05,06:30:00 pm,0,101.335,23.71,2024-09-05 06:30:00
2024-09-05,06:45:00 pm,0,101.346,23.663,2024-09-05 06:45:00
2024-09-05,07:00:00 pm,0,101.346,23.621,2024-09-05 07:00:00
2024-09-05,07:15:00 pm,0,101.35,23.583,2024-09-05 07:15:00
2024-09-05,07:30:00 pm,0,101.354,23.542,2024-09-05 07:30:00
2024-09-05,07:45:00 pm,0,101.361,23.505,2024-09-05 07:45:00
2024-09-05,08:00:00 pm,0,101.376,23.469,2024-09-05 08:00:00
2024-09-05,08:15:00 pm,0,101.392,23.431,2024-09-05 08:15:00
2024-09-05,08:30:00 pm,0,101.4,23.391,2024-09-05 08:30:00
2024-09-05,08:45:00 pm,0,101.407,23.352,2024-09-05 08:45:00
2024-09-05,09:00:00 pm,0,101.396,23.305,2024-09-05 09:00:00
2024-09-05,09:15:00 pm,0,101.394,23.249,2024-09-05 09:15:00
2024-09-05,09:30:00 pm,0,101.401,23.187,2024-09-05 09:30:00
2024-09-05,09:45:00 pm,0,101.404,23.139,2024-09-05 09:45:00
2024-09-05,10:00:00 pm,0,101.408,23.096,2024-09-05 10:00:00
2024-09-05,10:15:00 pm,0,101.396,23.058,2024-09-05 10:15:00
2024-09-05,10:30:00 pm,0,101.397,23.022,2024-09-05 10:30:00
2024-09-05,10:45:00 pm,0,101.394,22.988,2024-09-05 10:45:00
2024-09-05,11:00:00 pm,0,101.392,22.954,2024-09-05 11:00:00
2024-09-05,11:15:00 pm,0,101.388,22.931,2024-09-05 11:15:00
2024-09-05,11:30:00 pm,0,101.389,22.909,2024-09-05 11:30:00
2024-09-05,11:45:00 pm,0,101.384,22.894,2024-09-05 11:45:00
2024-09-06,12:00:00 am,0,101.38,22.876,2024-09-06 12:00:00
2024-09-06,12:15:00 am,0,101.372,22.863,2024-09-06 12:15:00
2024-09-06,12:30:00 am,0,101.355,22.854,2024-09-06 12:30:00
2024-09-06,12:45:00 am,0,101.349,22.85,2024-09-06 12:45:00
2024-09-06,01:00:00 am,0,101.348,22.84,2024-09-06 01:00:00
2024-09-06,01:15:00 am,0,101.337,22.835,2024-09-06 01:15:00
2024-09-06,01:30:00 am,0,101.318,22.824,2024-09-06 01:30:00
2024-09-06,01:45:00 am,0,101.3,22.815,2024-09-06 01:45:00
2024-09-06,02:00:00 am,0,101.292,22.802,2024-09-06 02:00:00
2024-09-06,02:15:00 am,0,101.277,22.784,2024-09-06 02:15:00
2024-09-06,02:30:00 am,0,101.268,22.762,2024-09-06 02:30:00
2024-09-06,02:45:00 am,0,101.254,22.737,2024-09-06 02:45:00
2024-09-06,03:00:00 am,0,101.245,22.712,2024-09-06 03:00:00
2024-09-06,03:15:00 am,0,101.232,22.686,2024-09-06 03:15:00
2024-09-06,03:30:00 am,0,101.222,22.657,2024-09-06 03:30:00
2024-09-06,03:45:00 am,0,101.22,22.624,2024-09-06 03:45:00
2024-09-06,04:00:00 am,0,101.223,22.591,2024-09-06 04:00:00
2024-09-06,04:15:00 am,0,101.222,22.555,2024-09-06 04:15:00
2024-09-06,04:30:00 am,0,101.215,22.516,2024-09-06 04:30:00
2024-09-06,04:45:00 am,0,101.223,22.478,2024-09-06 04:45:00
2024-09-06,05:00:00 am,0,101.228,22.43,2024-09-06 05:00:00
2024-09-06,05:15:00 am,0,101.23,22.384,2024-09-06 05:15:00
2024-09-06,05:30:00 am,0,101.239,22.342,2024-09-06 05:30:00
2024-09-06,05:45:00 am,0,101.251,22.284,2024-09-06 05:45:00
2024-09-06,06:00:00 am,0,101.261,22.226,2024-09-06 06:00:00
2024-09-06,06:15:00 am,0,101.272,22.181,2024-09-06 06:15:00
2024-09-06,06:30:00 am,0,101.288,22.13,2024-09-06 06:30:00
2024-09-06,06:45:00 am,0,101.3,22.064,2024-09-06 06:45:00
2024-09-06,07:00:00 am,0,101.303,22.012,2024-09-06 07:00:00
2024-09-06,07:15:00 am,0,101.315,21.985,2024-09-06 07:15:00
2024-09-06,07:30:00 am,0,101.307,21.964,2024-09-06 07:30:00
2024-09-06,07:45:00 am,0,101.306,21.941,2024-09-06 07:45:00
2024-09-06,08:00:00 am,0,101.303,21.931,2024-09-06 08:00:00
2024-09-06,08:15:00 am,0,101.298,21.924,2024-09-06 08:15:00
2024-09-06,08:30:00 am,0,101.305,21.91,2024-09-06 08:30:00
2024-09-06,08:45:00 am,0,101.302,21.887,2024-09-06 08:45:00
2024-09-06,09:00:00 am,0,101.308,21.874,2024-09-06 09:00:00
2024-09-06,09:15:00 am,0,101.315,21.874,2024-09-06 09:15:00
2024-09-06,09:30:00 am,0,101.325,21.89,2024-09-06 09:30:00
2024-09-06,09:45:00 am,0,101.333,21.913,2024-09-06 09:45:00
2024-09-06,10:00:00 am,0,101.346,21.946,2024-09-06 10:00:00
2024-09-06,10:15:00 am,0,101.358,21.964,2024-09-06 10:15:00
2024-09-06,10:30:00 am,0,101.363,21.984,2024-09-06 10:30:00
2024-09-06,10:45:00 am,0,101.366,22.016,2024-09-06 10:45:00
2024-09-06,11:00:00 am,0,101.36,22.062,2024-09-06 11:00:00
2024-09-06,11:15:00 am,0,101.36,22.112,2024-09-06 11:15:00
2024-09-06,11:30:00 am,0,101.356,22.138,2024-09-06 11:30:00
2024-09-06,11:45:00 am,0,101.344,22.175,2024-09-06 11:45:00
2024-09-06,12:00:00 pm,0,101.331,22.239,2024-09-06 12:00:00
2024-09-06,12:15:00 pm,0,101.323,22.284,2024-09-06 12:15:00
2024-09-06,12:30:00 pm,0,101.306,22.342,2024-09-06 12:30:00
2024-09-06,12:45:00 pm,0,101.297,22.414,2024-09-06 12:45:00
2024-09-06,01:00:00 pm,0,101.292,22.506,2024-09-06 01:00:00
2024-09-06,01:15:00 pm,0,101.29,22.58,2024-09-06 01:15:00
2024-09-06,01:30:00 pm,0,101.273,22.605,2024-09-06 01:30:00
2024-09-06,01:45:00 pm,0,101.264,22.656,2024-09-06 01:45:00
2024-09-06,02:00:00 pm,0,101.25,22.721,2024-09-06 02:00:00
2024-09-06,02:15:00 pm,0,101.237,22.746,2024-09-06 02:15:00
2024-09-06,02:30:00 pm,0,101.213,22.763,2024-09-06 02:30:00
2024-09-06,02:45:00 pm,0,101.199,22.806,2024-09-06 02:45:00
2024-09-06,03:00:00 pm,0,101.187,22.85,2024-09-06 03:00:00
2024-09-06,03:15:00 pm,0,101.175,22.877,2024-09-06 03:15:00
2024-09-06,03:30:00 pm,0,101.164,22.87,2024-09-06 03:30:00
2024-09-06,03:45:00 pm,0,101.155,22.89,2024-09-06 03:45:00
2024-09-06,04:00:00 pm,0,101.153,22.927,2024-09-06 04:00:00
2024-09-06,04:15:00 pm,0,101.15,22.945,2024-09-06 04:15:00
2024-09-06,04:30:00 pm,0,101.139,22.953,2024-09-06 04:30:00
2024-09-06,04:45:00 pm,0,101.133,22.951,2024-09-06 04:45:00
2024-09-06,05:00:00 pm,0,101.122,22.923,2024-09-06 05:00:00
2024-09-06,05:15:00 pm,0,101.115,22.924,2024-09-06 05:15:00
2024-09-06,05:30:00 pm,0,101.105,22.929,2024-09-06 05:30:00
2024-09-06,05:45:00 pm,0,101.094,22.903,2024-09-06 05:45:00
2024-09-06,06:00:00 pm,0,101.081,22.88,2024-09-06 06:00:00
2024-09-06,06:15:00 pm,0,101.071,22.845,2024-09-06 06:15:00
2024-09-06,06:30:00 pm,0,101.053,22.811,2024-09-06 06:30:00
2024-09-06,06:45:00 pm,0,101.032,22.767,2024-09-06 06:45:00
2024-09-06,07:00:00 pm,0,101.027,22.721,2024-09-06 07:00:00
2024-09-06,07:15:00 pm,0,101.029,22.669,2024-09-06 07:15:00
2024-09-06,07:30:00 pm,0,101.027,22.619,2024-09-06 07:30:00
2024-09-06,07:45:00 pm,0,101.051,22.566,2024-09-06 07:45:00
2024-09-06,08:00:00 pm,0,101.064,22.517,2024-09-06 08:00:00
2024-09-06,08:15:00 pm,0,101.061,22.467,2024-09-06 08:15:00
2024-09-06,08:30:00 pm,0,101.052,22.421,2024-09-06 08:30:00
2024-09-06,08:45:00 pm,0,101.054,22.377,2024-09-06 08:45:00
2024-09-06,09:00:00 pm,0,101.052,22.338,2024-09-06 09:00:00
2024-09-06,09:15:00 pm,0,101.072,22.305,2024-09-06 09:15:00
2024-09-06,09:30:00 pm,0,101.057,22.267,2024-09-06 09:30:00
2024-09-06,09:45:00 pm,0,101.047,22.235,2024-09-06 09:45:00
2024-09-06,10:00:00 pm,0,101.04,22.204,2024-09-06 10:00:00
2024-09-06,10:15:00 pm,0,101.056,22.178,2024-09-06 10:15:00
2024-09-06,10:30:00 pm,0,101.082,22.15,2024-09-06 10:30:00
2024-09-06,10:45:00 pm,0,101.075,22.116,2024-09-06 10:45:00
2024-09-06,11:00:00 pm,0,101.098,22.091,2024-09-06 11:00:00
2024-09-06,11:15:00 pm,0,101.104,22.067,2024-09-06 11:15:00
2024-09-06,11:30:00 pm,0,101.097,22.045,2024-09-06 11:30:00
2024-09-06,11:45:00 pm,0,101.099,22.027,2024-09-06 11:45:00
2024-09-07,12:00:00 am,0,101.086,22.004,2024-09-07 12:00:00
2024-09-07,12:15:00 am,0,101.111,21.981,2024-09-07 12:15:00
2024-09-07,12:30:00 am,0,101.123,21.968,2024-09-07 12:30:00
2024-09-07,12:45:00 am,0,101.114,21.956,2024-09-07 12:45:00
2024-09-07,01:00:00 am,0,101.112,21.942,2024-09-07 01:00:00
2024-09-07,01:15:00 am,0,101.079,21.924,2024-09-07 01:15:00
2024-09-07,01:30:00 am,0,101.084,21.898,2024-09-07 01:30:00
2024-09-07,01:45:00 am,0,101.065,21.875,2024-09-07 01:45:00
2024-09-07,02:00:00 am,0,101.037,21.846,2024-09-07 02:00:00
2024-09-07,02:15:00 am,0,101.021,21.811,2024-09-07 02:15:00
2024-09-07,02:30:00 am,0,101.009,21.782,2024-09-07 02:30:00
2024-09-07,02:45:00 am,0,100.99,21.749,2024-09-07 02:45:00
2024-09-07,03:00:00 am,0,100.977,21.703,2024-09-07 03:00:00
2024-09-07,03:15:00 am,0,100.978,21.667,2024-09-07 03:15:00
2024-09-07,03:30:00 am,0,100.958,21.606,2024-09-07 03:30:00
2024-09-07,03:45:00 am,0,100.951,21.559,2024-09-07 03:45:00
2024-09-07,04:00:00 am,0,100.962,21.507,2024-09-07 04:00:00
2024-09-07,04:15:00 am,0,100.957,21.442,2024-09-07 04:15:00
2024-09-07,04:30:00 am,0,100.965,21.375,2024-09-07 04:30:00
2024-09-07,04:45:00 am,0,100.97,21.306,2024-09-07 04:45:00
2024-09-07,05:00:00 am,0,100.952,21.219,2024-09-07 05:00:00
2024-09-07,05:15:00 am,0,100.954,21.143,2024-09-07 05:15:00
2024-09-07,05:30:00 am,0,100.941,21.087,2024-09-07 05:30:00
2024-09-07,05:45:00 am,0,100.954,21.035,2024-09-07 05:45:00
2024-09-07,06:00:00 am,0,100.963,20.967,2024-09-07 06:00:00
2024-09-07,06:15:00 am,0,100.954,20.912,2024-09-07 06:15:00
2024-09-07,06:30:00 am,0,100.964,20.863,2024-09-07 06:30:00
2024-09-07,06:45:00 am,0,100.961,20.807,2024-09-07 06:45:00
2024-09-07,07:00:00 am,0,100.971,20.792,2024-09-07 07:00:00
2024-09-07,07:15:00 am,0,100.974,20.798,2024-09-07 07:15:00
2024-09-07,07:30:00 am,0,100.976,20.835,2024-09-07 07:30:00
2024-09-07,07:45:00 am,0,100.987,20.892,2024-09-07 07:45:00
2024-09-07,08:00:00 am,0,101,20.949,2024-09-07 08:00:00
2024-09-07,08:15:00 am,0,101.015,20.994,2024-09-07 08:15:00
2024-09-07,08:30:00 am,0,101.031,21.052,2024-09-07 08:30:00
2024-09-07,08:45:00 am,0,101.047,21.194,2024-09-07 08:45:00
2024-09-07,09:00:00 am,0,101.067,21.308,2024-09-07 09:00:00
2024-09-07,09:15:00 am,0,101.068,21.404,2024-09-07 09:15:00
2024-09-07,09:30:00 am,0,101.075,21.524,2024-09-07 09:30:00
2024-09-07,09:45:00 am,0,101.085,21.666,2024-09-07 09:45:00
2024-09-07,10:00:00 am,0,101.087,21.737,2024-09-07 10:00:00
2024-09-07,10:15:00 am,0,101.09,21.813,2024-09-07 10:15:00
2024-09-07,10:30:00 am,0,101.103,21.958,2024-09-07 10:30:00
2024-09-07,10:45:00 am,0,101.103,22.031,2024-09-07 10:45:00
2024-09-07,11:00:00 am,0,101.107,22.123,2024-09-07 11:00:00
2024-09-07,11:15:00 am,0,101.099,22.284,2024-09-07 11:15:00
2024-09-07,11:30:00 am,0,101.108,22.475,2024-09-07 11:30:00
2024-09-07,11:45:00 am,0,101.122,22.609,2024-09-07 11:45:00
2024-09-07,12:00:00 pm,0,101.116,22.733,2024-09-07 12:00:00
2024-09-07,12:15:00 pm,0,101.107,22.731,2024-09-07 12:15:00
2024-09-07,12:30:00 pm,0,101.073,22.72,2024-09-07 12:30:00
2024-09-07,12:45:00 pm,0,101.061,22.887,2024-09-07 12:45:00
2024-09-07,01:00:00 pm,0,101.048,23.088,2024-09-07 01:00:00
2024-09-07,01:15:00 pm,0,101.019,23.178,2024-09-07 01:15:00
2024-09-07,01:30:00 pm,0,100.997,23.3,2024-09-07 01:30:00
2024-09-07,01:45:00 pm,0,100.985,23.384,2024-09-07 01:45:00
2024-09-07,02:00:00 pm,0,100.987,23.495,2024-09-07 02:00:00
2024-09-07,02:15:00 pm,0,100.96,23.496,2024-09-07 02:15:00
2024-09-07,02:30:00 pm,0,100.963,23.591,2024-09-07 02:30:00
2024-09-07,02:45:00 pm,0,100.941,23.568,2024-09-07 02:45:00
2024-09-07,03:00:00 pm,0,100.922,23.653,2024-09-07 03:00:00
2024-09-07,03:15:00 pm,0,100.917,23.752,2024-09-07 03:15:00
2024-09-07,03:30:00 pm,0,100.898,23.812,2024-09-07 03:30:00
2024-09-07,03:45:00 pm,0,100.881,23.895,2024-09-07 03:45:00
2024-09-07,04:00:00 pm,0,100.862,23.995,2024-09-07 04:00:00
2024-09-07,04:15:00 pm,0,100.861,23.977,2024-09-07 04:15:00
2024-09-07,04:30:00 pm,0,100.852,23.957,2024-09-07 04:30:00
2024-09-07,04:45:00 pm,0,100.849,23.927,2024-09-07 04:45:00
2024-09-07,05:00:00 pm,0,100.844,23.806,2024-09-07 05:00:00
2024-09-07,05:15:00 pm,0,100.841,23.692,2024-09-07 05:15:00
2024-09-07,05:30:00 pm,0,100.835,23.595,2024-09-07 05:30:00
2024-09-07,05:45:00 pm,0,100.829,23.509,2024-09-07 05:45:00
2024-09-07,06:00:00 pm,0,100.826,23.439,2024-09-07 06:00:00
2024-09-07,06:15:00 pm,0,100.831,23.381,2024-09-07 06:15:00
2024-09-07,06:30:00 pm,0,100.821,23.311,2024-09-07 06:30:00
2024-09-07,06:45:00 pm,0,100.819,23.215,2024-09-07 06:45:00
2024-09-07,07:00:00 pm,0,100.837,23.094,2024-09-07 07:00:00
2024-09-07,07:15:00 pm,0,100.849,22.964,2024-09-07 07:15:00
2024-09-07,07:30:00 pm,0,100.852,22.834,2024-09-07 07:30:00
2024-09-07,07:45:00 pm,0,100.859,22.699,2024-09-07 07:45:00
2024-09-07,08:00:00 pm,0,100.876,22.584,2024-09-07 08:00:00
2024-09-07,08:15:00 pm,0,100.909,22.464,2024-09-07 08:15:00
2024-09-07,08:30:00 pm,0,100.93,22.356,2024-09-07 08:30:00
2024-09-07,08:45:00 pm,0,100.943,22.242,2024-09-07 08:45:00
2024-09-07,09:00:00 pm,0,100.955,22.124,2024-09-07 09:00:00
2024-09-07,09:15:00 pm,0,100.961,22.015,2024-09-07 09:15:00
2024-09-07,09:30:00 pm,0,100.976,21.907,2024-09-07 09:30:00
2024-09-07,09:45:00 pm,0,100.999,21.78,2024-09-07 09:45:00
2024-09-07,10:00:00 pm,0,101.015,21.657,2024-09-07 10:00:00
2024-09-07,10:15:00 pm,0,101.044,21.528,2024-09-07 10:15:00
2024-09-07,10:30:00 pm,0,101.053,21.395,2024-09-07 10:30:00
2024-09-07,10:45:00 pm,0,101.065,21.245,2024-09-07 10:45:00
2024-09-07,11:00:00 pm,0,101.068,21.096,2024-09-07 11:00:00
2024-09-07,11:15:00 pm,0,101.076,20.934,2024-09-07 11:15:00
2024-09-07,11:30:00 pm,0,101.069,20.791,2024-09-07 11:30:00
2024-09-07,11:45:00 pm,0,101.076,20.636,2024-09-07 11:45:00
2024-09-08,12:00:00 am,0,101.076,20.511,2024-09-08 12:00:00
2024-09-08,12:15:00 am,0,101.075,20.396,2024-09-08 12:15:00
2024-09-08,12:30:00 am,0,101.084,20.286,2024-09-08 12:30:00
2024-09-08,12:45:00 am,0,101.085,20.179,2024-09-08 12:45:00
2024-09-08,01:00:00 am,0,101.082,20.081,2024-09-08 01:00:00
2024-09-08,01:15:00 am,0,101.078,19.996,2024-09-08 01:15:00
2024-09-08,01:30:00 am,0,101.067,19.924,2024-09-08 01:30:00
2024-09-08,01:45:00 am,0,101.07,19.84,2024-09-08 01:45:00
2024-09-08,02:00:00 am,0,101.082,19.771,2024-09-08 02:00:00
2024-09-08,02:15:00 am,0,101.081,19.695,2024-09-08 02:15:00
2024-09-08,02:30:00 am,0,101.08,19.607,2024-09-08 02:30:00
2024-09-08,02:45:00 am,0,101.087,19.516,2024-09-08 02:45:00
2024-09-08,03:00:00 am,0,101.095,19.428,2024-09-08 03:00:00
2024-09-08,03:15:00 am,0,101.101,19.33,2024-09-08 03:15:00
2024-09-08,03:30:00 am,0,101.101,19.235,2024-09-08 03:30:00
2024-09-08,03:45:00 am,0,101.093,19.143,2024-09-08 03:45:00
2024-09-08,04:00:00 am,0,101.09,19.06,2024-09-08 04:00:00
2024-09-08,04:15:00 am,0,101.083,18.97,2024-09-08 04:15:00
2024-09-08,04:30:00 am,0,101.085,18.895,2024-09-08 04:30:00
2024-09-08,04:45:00 am,0,101.093,18.823,2024-09-08 04:45:00
2024-09-08,05:00:00 am,0,101.097,18.744,2024-09-08 05:00:00
2024-09-08,05:15:00 am,0,101.106,18.638,2024-09-08 05:15:00
2024-09-08,05:30:00 am,0,101.121,18.547,2024-09-08 05:30:00
2024-09-08,05:45:00 am,0,101.13,18.452,2024-09-08 05:45:00
2024-09-08,06:00:00 am,0,101.138,18.348,2024-09-08 06:00:00
2024-09-08,06:15:00 am,0,101.144,18.259,2024-09-08 06:15:00
2024-09-08,06:30:00 am,0,101.154,18.164,2024-09-08 06:30:00
2024-09-08,06:45:00 am,0,101.164,18.081,2024-09-08 06:45:00
2024-09-08,07:00:00 am,0,101.183,18.026,2024-09-08 07:00:00
2024-09-08,07:15:00 am,0,101.206,17.989,2024-09-08 07:15:00
2024-09-08,07:30:00 am,0,101.227,18.028,2024-09-08 07:30:00
2024-09-08,07:45:00 am,0,101.239,18.09,2024-09-08 07:45:00
2024-09-08,08:00:00 am,0,101.264,18.167,2024-09-08 08:00:00
2024-09-08,08:15:00 am,0,101.272,18.245,2024-09-08 08:15:00
2024-09-08,08:30:00 am,0,101.274,18.329,2024-09-08 08:30:00
2024-09-08,08:45:00 am,0,101.291,18.562,2024-09-08 08:45:00
2024-09-08,09:00:00 am,0,101.308,18.666,2024-09-08 09:00:00
2024-09-08,09:15:00 am,0,101.317,18.842,2024-09-08 09:15:00
2024-09-08,09:30:00 am,0,101.331,19.04,2024-09-08 09:30:00
2024-09-08,09:45:00 am,0,101.336,19.139,2024-09-08 09:45:00
2024-09-08,10:00:00 am,0,101.325,19.353,2024-09-08 10:00:00
2024-09-08,10:15:00 am,0,101.324,19.474,2024-09-08 10:15:00
2024-09-08,10:30:00 am,0,101.325,19.557,2024-09-08 10:30:00
2024-09-08,10:45:00 am,0,101.334,19.803,2024-09-08 10:45:00
2024-09-08,11:00:00 am,0,101.327,20.046,2024-09-08 11:00:00
2024-09-08,11:15:00 am,0,101.332,20.294,2024-09-08 11:15:00
2024-09-08,11:30:00 am,0,101.308,20.405,2024-09-08 11:30:00
2024-09-08,11:45:00 am,0,101.291,20.51,2024-09-08 11:45:00
2024-09-08,12:00:00 pm,0,101.285,20.66,2024-09-08 12:00:00
2024-09-08,12:15:00 pm,0,101.271,20.879,2024-09-08 12:15:00
2024-09-08,12:30:00 pm,0,101.261,21.128,2024-09-08 12:30:00
2024-09-08,12:45:00 pm,0,101.244,21.348,2024-09-08 12:45:00
2024-09-08,01:00:00 pm,0,101.224,21.56,2024-09-08 01:00:00
2024-09-08,01:15:00 pm,0,101.21,21.775,2024-09-08 01:15:00
2024-09-08,01:30:00 pm,0,101.192,21.933,2024-09-08 01:30:00
2024-09-08,01:45:00 pm,0,101.179,22.072,2024-09-08 01:45:00
2024-09-08,02:00:00 pm,0,101.149,22.205,2024-09-08 02:00:00
2024-09-08,02:15:00 pm,0,101.135,22.349,2024-09-08 02:15:00
2024-09-08,02:30:00 pm,0,101.116,22.392,2024-09-08 02:30:00
2024-09-08,02:45:00 pm,0,101.094,22.458,2024-09-08 02:45:00
2024-09-08,03:00:00 pm,0,101.083,22.597,2024-09-08 03:00:00
2024-09-08,03:15:00 pm,0,101.062,22.589,2024-09-08 03:15:00
2024-09-08,03:30:00 pm,0,101.053,22.617,2024-09-08 03:30:00
2024-09-08,03:45:00 pm,0,101.044,22.739,2024-09-08 03:45:00
2024-09-08,04:00:00 pm,0,101.039,22.804,2024-09-08 04:00:00
2024-09-08,04:15:00 pm,0,101.033,22.81,2024-09-08 04:15:00
2024-09-08,04:30:00 pm,0,101.026,22.8,2024-09-08 04:30:00
2024-09-08,04:45:00 pm,0,101.021,22.771,2024-09-08 04:45:00
2024-09-08,05:00:00 pm,0,101.015,22.659,2024-09-08 05:00:00
2024-09-08,05:15:00 pm,0,101.012,22.611,2024-09-08 05:15:00
2024-09-08,05:30:00 pm,0,101.004,22.556,2024-09-08 05:30:00
2024-09-08,05:45:00 pm,0,101.001,22.412,2024-09-08 05:45:00
2024-09-08,06:00:00 pm,0,101.001,22.296,2024-09-08 06:00:00
2024-09-08,06:15:00 pm,0,100.995,22.185,2024-09-08 06:15:00
2024-09-08,06:30:00 pm,0,100.997,22.038,2024-09-08 06:30:00
2024-09-08,06:45:00 pm,0,101.011,21.881,2024-09-08 06:45:00
2024-09-08,07:00:00 pm,0,101.026,21.716,2024-09-08 07:00:00
2024-09-08,07:15:00 pm,0,101.035,21.527,2024-09-08 07:15:00
2024-09-08,07:30:00 pm,0,101.041,21.33,2024-09-08 07:30:00
2024-09-08,07:45:00 pm,0,101.061,21.136,2024-09-08 07:45:00
2024-09-08,08:00:00 pm,0,101.078,20.959,2024-09-08 08:00:00
2024-09-08,08:15:00 pm,0,101.102,20.798,2024-09-08 08:15:00
2024-09-08,08:30:00 pm,0,101.121,20.645,2024-09-08 08:30:00
2024-09-08,08:45:00 pm,0,101.153,20.496,2024-09-08 08:45:00
2024-09-08,09:00:00 pm,0,101.181,20.358,2024-09-08 09:00:00
2024-09-08,09:15:00 pm,0,101.192,20.259,2024-09-08 09:15:00
2024-09-08,09:30:00 pm,0,101.206,20.15,2024-09-08 09:30:00
2024-09-08,09:45:00 pm,0,101.212,20.017,2024-09-08 09:45:00
2024-09-08,10:00:00 pm,0,101.217,19.897,2024-09-08 10:00:00
2024-09-08,10:15:00 pm,0,101.209,19.767,2024-09-08 10:15:00
2024-09-08,10:30:00 pm,0,101.208,19.68,2024-09-08 10:30:00
2024-09-08,10:45:00 pm,0,101.212,19.606,2024-09-08 10:45:00
2024-09-08,11:00:00 pm,0,101.212,19.504,2024-09-08 11:00:00
2024-09-08,11:15:00 pm,0,101.208,19.433,2024-09-08 11:15:00
2024-09-08,11:30:00 pm,0,101.21,19.387,2024-09-08 11:30:00
2024-09-08,11:45:00 pm,0,101.21,19.315,2024-09-08 11:45:00
2024-09-09,12:00:00 am,0,101.211,19.235,2024-09-09 12:00:00
2024-09-09,12:15:00 am,0,101.214,19.137,2024-09-09 12:15:00
2024-09-09,12:30:00 am,0,101.223,19.072,2024-09-09 12:30:00
2024-09-09,12:45:00 am,0,101.227,18.998,2024-09-09 12:45:00
2024-09-09,01:00:00 am,0,101.218,18.924,2024-09-09 01:00:00
2024-09-09,01:15:00 am,0,101.216,18.853,2024-09-09 01:15:00
2024-09-09,01:30:00 am,0,101.217,18.775,2024-09-09 01:30:00
2024-09-09,01:45:00 am,0,101.215,18.706,2024-09-09 01:45:00
2024-09-09,02:00:00 am,0,101.227,18.652,2024-09-09 02:00:00
2024-09-09,02:15:00 am,0,101.238,18.592,2024-09-09 02:15:00
2024-09-09,02:30:00 am,0,101.243,18.554,2024-09-09 02:30:00
2024-09-09,02:45:00 am,0,101.25,18.52,2024-09-09 02:45:00
2024-09-09,03:00:00 am,0,101.249,18.444,2024-09-09 03:00:00
2024-09-09,03:15:00 am,0,101.242,18.409,2024-09-09 03:15:00
2024-09-09,03:30:00 am,0,101.242,18.38,2024-09-09 03:30:00
2024-09-09,03:45:00 am,0,101.264,18.361,2024-09-09 03:45:00
2024-09-09,04:00:00 am,0,101.266,18.339,2024-09-09 04:00:00
2024-09-09,04:15:00 am,0,101.267,18.329,2024-09-09 04:15:00
2024-09-09,04:30:00 am,0,101.264,18.32,2024-09-09 04:30:00
2024-09-09,04:45:00 am,0,101.263,18.303,2024-09-09 04:45:00
2024-09-09,05:00:00 am,0,101.267,18.278,2024-09-09 05:00:00
2024-09-09,05:15:00 am,0,101.282,18.247,2024-09-09 05:15:00
2024-09-09,05:30:00 am,0,101.291,18.218,2024-09-09 05:30:00
2024-09-09,05:45:00 am,0,101.3,18.192,2024-09-09 05:45:00
2024-09-09,06:00:00 am,0,101.319,18.163,2024-09-09 06:00:00
2024-09-09,06:15:00 am,0,101.332,18.126,2024-09-09 06:15:00
2024-09-09,06:30:00 am,0,101.352,18.104,2024-09-09 06:30:00
2024-09-09,06:45:00 am,0,101.363,18.081,2024-09-09 06:45:00
2024-09-09,07:00:00 am,0,101.38,18.052,2024-09-09 07:00:00
2024-09-09,07:15:00 am,0,101.398,18.055,2024-09-09 07:15:00
2024-09-09,07:30:00 am,0,101.421,18.083,2024-09-09 07:30:00
2024-09-09,07:45:00 am,0,101.435,18.159,2024-09-09 07:45:00
2024-09-09,08:00:00 am,0,101.443,18.256,2024-09-09 08:00:00
2024-09-09,08:15:00 am,0,101.452,18.398,2024-09-09 08:15:00
2024-09-09,08:30:00 am,0,101.464,18.607,2024-09-09 08:30:00
2024-09-09,08:45:00 am,0,101.485,18.963,2024-09-09 08:45:00
2024-09-09,09:00:00 am,0,101.485,19.125,2024-09-09 09:00:00
2024-09-09,09:15:00 am,0,101.512,19.404,2024-09-09 09:15:00
2024-09-09,09:30:00 am,0,101.531,19.744,2024-09-09 09:30:00
2024-09-09,09:45:00 am,0,101.54,19.901,2024-09-09 09:45:00
2024-09-09,10:00:00 am,0,101.546,20.113,2024-09-09 10:00:00
2024-09-09,10:15:00 am,0,101.538,20.263,2024-09-09 10:15:00
2024-09-09,10:30:00 am,0,101.537,20.456,2024-09-09 10:30:00
2024-09-09,10:45:00 am,0,101.53,20.738,2024-09-09 10:45:00
2024-09-09,11:00:00 am,0,101.519,20.941,2024-09-09 11:00:00
2024-09-09,11:15:00 am,0,101.519,21.192,2024-09-09 11:15:00
2024-09-09,11:30:00 am,0,101.51,21.392,2024-09-09 11:30:00
2024-09-09,11:45:00 am,0,101.495,21.553,2024-09-09 11:45:00
2024-09-09,12:00:00 pm,0,101.48,21.724,2024-09-09 12:00:00
2024-09-09,12:15:00 pm,0,101.461,21.935,2024-09-09 12:15:00
2024-09-09,12:30:00 pm,0,101.449,22.185,2024-09-09 12:30:00
2024-09-09,12:45:00 pm,0,101.422,22.411,2024-09-09 12:45:00
2024-09-09,01:00:00 pm,0,101.405,22.459,2024-09-09 01:00:00
2024-09-09,01:15:00 pm,0,101.387,22.648,2024-09-09 01:15:00
2024-09-09,01:30:00 pm,0,101.363,22.623,2024-09-09 01:30:00
2024-09-09,01:45:00 pm,0,101.341,22.619,2024-09-09 01:45:00
2024-09-09,02:00:00 pm,0,101.321,22.611,2024-09-09 02:00:00
2024-09-09,02:15:00 pm,0,101.321,22.806,2024-09-09 02:15:00
2024-09-09,02:30:00 pm,0,101.304,23.022,2024-09-09 02:30:00
2024-09-09,02:45:00 pm,0,101.287,23.179,2024-09-09 02:45:00
2024-09-09,03:00:00 pm,0,101.264,23.19,2024-09-09 03:00:00
2024-09-09,03:15:00 pm,0,101.248,23.151,2024-09-09 03:15:00
2024-09-09,03:30:00 pm,0,101.242,23.221,2024-09-09 03:30:00
2024-09-09,03:45:00 pm,0,101.224,23.169,2024-09-09 03:45:00
2024-09-09,04:00:00 pm,0,101.222,23.211,2024-09-09 04:00:00
2024-09-09,04:15:00 pm,0,101.218,23.268,2024-09-09 04:15:00
2024-09-09,04:30:00 pm,0,101.203,23.309,2024-09-09 04:30:00
2024-09-09,04:45:00 pm,0,101.21,23.379,2024-09-09 04:45:00
2024-09-09,05:00:00 pm,0,101.211,23.35,2024-09-09 05:00:00
2024-09-09,05:15:00 pm,0,101.197,23.289,2024-09-09 05:15:00
2024-09-09,05:30:00 pm,0,101.188,23.203,2024-09-09 05:30:00
2024-09-09,05:45:00 pm,0,101.179,23.102,2024-09-09 05:45:00
2024-09-09,06:00:00 pm,0,101.185,23.018,2024-09-09 06:00:00
2024-09-09,06:15:00 pm,0,101.19,22.966,2024-09-09 06:15:00
2024-09-09,06:30:00 pm,0,101.195,22.873,2024-09-09 06:30:00
2024-09-09,06:45:00 pm,0,101.199,22.78,2024-09-09 06:45:00
2024-09-09,07:00:00 pm,0,101.204,22.665,2024-09-09 07:00:00
2024-09-09,07:15:00 pm,0,101.207,22.542,2024-09-09 07:15:00
2024-09-09,07:30:00 pm,0,101.214,22.423,2024-09-09 07:30:00
2024-09-09,07:45:00 pm,0,101.232,22.31,2024-09-09 07:45:00
2024-09-09,08:00:00 pm,0,101.242,22.2,2024-09-09 08:00:00
2024-09-09,08:15:00 pm,0,101.252,22.094,2024-09-09 08:15:00
2024-09-09,08:30:00 pm,0,101.275,21.978,2024-09-09 08:30:00
2024-09-09,08:45:00 pm,0,101.292,21.877,2024-09-09 08:45:00
2024-09-09,09:00:00 pm,0,101.307,21.776,2024-09-09 09:00:00
2024-09-09,09:15:00 pm,0,101.308,21.663,2024-09-09 09:15:00
2024-09-09,09:30:00 pm,0,101.308,21.564,2024-09-09 09:30:00
2024-09-09,09:45:00 pm,0,101.324,21.454,2024-09-09 09:45:00
2024-09-09,10:00:00 pm,0,101.331,21.349,2024-09-09 10:00:00
2024-09-09,10:15:00 pm,0,101.336,21.256,2024-09-09 10:15:00
2024-09-09,10:30:00 pm,0,101.342,21.175,2024-09-09 10:30:00
2024-09-09,10:45:00 pm,0,101.343,21.097,2024-09-09 10:45:00
2024-09-09,11:00:00 pm,0,101.344,21.013,2024-09-09 11:00:00
2024-09-09,11:15:00 pm,0,101.34,20.922,2024-09-09 11:15:00
2024-09-09,11:30:00 pm,0,101.338,20.858,2024-09-09 11:30:00
2024-09-09,11:45:00 pm,0,101.337,20.799,2024-09-09 11:45:00
2024-09-10,12:00:00 am,0,101.334,20.723,2024-09-10 12:00:00
2024-09-10,12:15:00 am,0,101.324,20.644,2024-09-10 12:15:00
2024-09-10,12:30:00 am,0,101.32,20.583,2024-09-10 12:30:00
2024-09-10,12:45:00 am,0,101.321,20.522,2024-09-10 12:45:00
2024-09-10,01:00:00 am,0,101.308,20.466,2024-09-10 01:00:00
2024-09-10,01:15:00 am,0,101.287,20.402,2024-09-10 01:15:00
2024-09-10,01:30:00 am,0,101.281,20.338,2024-09-10 01:30:00
2024-09-10,01:45:00 am,0,101.276,20.294,2024-09-10 01:45:00
2024-09-10,02:00:00 am,0,101.28,20.232,2024-09-10 02:00:00
2024-09-10,02:15:00 am,0,101.281,20.159,2024-09-10 02:15:00
2024-09-10,02:30:00 am,0,101.277,20.101,2024-09-10 02:30:00
2024-09-10,02:45:00 am,0,101.264,20.027,2024-09-10 02:45:00
2024-09-10,03:00:00 am,0,101.248,19.962,2024-09-10 03:00:00
2024-09-10,03:15:00 am,0,101.253,19.88,2024-09-10 03:15:00
2024-09-10,03:30:00 am,0,101.251,19.802,2024-09-10 03:30:00
2024-09-10,03:45:00 am,0,101.25,19.733,2024-09-10 03:45:00
2024-09-10,04:00:00 am,0,101.258,19.665,2024-09-10 04:00:00
2024-09-10,04:15:00 am,0,101.271,19.586,2024-09-10 04:15:00
2024-09-10,04:30:00 am,0,101.272,19.522,2024-09-10 04:30:00
2024-09-10,04:45:00 am,0,101.283,19.481,2024-09-10 04:45:00
2024-09-10,05:00:00 am,0,101.288,19.413,2024-09-10 05:00:00
2024-09-10,05:15:00 am,0,101.305,19.348,2024-09-10 05:15:00
2024-09-10,05:30:00 am,0,101.31,19.278,2024-09-10 05:30:00
2024-09-10,05:45:00 am,0,101.314,19.226,2024-09-10 05:45:00
2024-09-10,06:00:00 am,0,101.325,19.176,2024-09-10 06:00:00
2024-09-10,06:15:00 am,0,101.341,19.109,2024-09-10 06:15:00
2024-09-10,06:30:00 am,0,101.362,19.047,2024-09-10 06:30:00
2024-09-10,06:45:00 am,0,101.382,18.998,2024-09-10 06:45:00
2024-09-10,07:00:00 am,0,101.397,18.966,2024-09-10 07:00:00
2024-09-10,07:15:00 am,0,101.417,18.938,2024-09-10 07:15:00
2024-09-10,07:30:00 am,0,101.419,18.955,2024-09-10 07:30:00
2024-09-10,07:45:00 am,0,101.444,19.036,2024-09-10 07:45:00
2024-09-10,08:00:00 am,0,101.435,19.139,2024-09-10 08:00:00
2024-09-10,08:15:00 am,0,101.448,19.255,2024-09-10 08:15:00
2024-09-10,08:30:00 am,0,101.465,19.4,2024-09-10 08:30:00
2024-09-10,08:45:00 am,0,101.479,19.659,2024-09-10 08:45:00
2024-09-10,09:00:00 am,0,101.479,19.847,2024-09-10 09:00:00
2024-09-10,09:15:00 am,0,101.506,20.166,2024-09-10 09:15:00
2024-09-10,09:30:00 am,0,101.517,20.532,2024-09-10 09:30:00
2024-09-10,09:45:00 am,0,101.52,20.632,2024-09-10 09:45:00
2024-09-10,10:00:00 am,0,101.531,20.867,2024-09-10 10:00:00
2024-09-10,10:15:00 am,0,101.494,20.98,2024-09-10 10:15:00
2024-09-10,10:30:00 am,0,101.488,21.205,2024-09-10 10:30:00
2024-09-10,10:45:00 am,0,101.491,21.534,2024-09-10 10:45:00
2024-09-10,11:00:00 am,0,101.476,21.684,2024-09-10 11:00:00
2024-09-10,11:15:00 am,0,101.46,21.808,2024-09-10 11:15:00
2024-09-10,11:30:00 am,0,101.45,21.952,2024-09-10 11:30:00
2024-09-10,11:45:00 am,0,101.438,22.082,2024-09-10 11:45:00
2024-09-10,12:00:00 pm,0,101.421,22.312,2024-09-10 12:00:00
2024-09-10,12:15:00 pm,0,101.397,22.516,2024-09-10 12:15:00
2024-09-10,12:30:00 pm,0,101.369,22.592,2024-09-10 12:30:00
2024-09-10,12:45:00 pm,0,101.35,22.582,2024-09-10 12:45:00
2024-09-10,01:00:00 pm,0,101.317,22.573,2024-09-10 01:00:00
2024-09-10,01:15:00 pm,0,101.291,22.727,2024-09-10 01:15:00
2024-09-10,01:30:00 pm,0,101.268,22.889,2024-09-10 01:30:00
2024-09-10,01:45:00 pm,0,101.25,23.056,2024-09-10 01:45:00
2024-09-10,02:00:00 pm,0,101.227,23.21,2024-09-10 02:00:00
2024-09-10,02:15:00 pm,0,101.217,23.285,2024-09-10 02:15:00
2024-09-10,02:30:00 pm,0,101.197,23.334,2024-09-10 02:30:00
2024-09-10,02:45:00 pm,0,101.176,23.378,2024-09-10 02:45:00
2024-09-10,03:00:00 pm,0,101.152,23.424,2024-09-10 03:00:00
2024-09-10,03:15:00 pm,0,101.141,23.396,2024-09-10 03:15:00
2024-09-10,03:30:00 pm,0,101.133,23.385,2024-09-10 03:30:00
2024-09-10,03:45:00 pm,0,101.126,23.356,2024-09-10 03:45:00
2024-09-10,04:00:00 pm,0,101.124,23.327,2024-09-10 04:00:00
2024-09-10,04:15:00 pm,0,101.128,23.3,2024-09-10 04:15:00
2024-09-10,04:30:00 pm,0,101.138,23.269,2024-09-10 04:30:00
2024-09-10,04:45:00 pm,0,101.132,23.217,2024-09-10 04:45:00
2024-09-10,05:00:00 pm,0,101.131,23.176,2024-09-10 05:00:00
2024-09-10,05:15:00 pm,0,101.112,23.142,2024-09-10 05:15:00
2024-09-10,05:30:00 pm,0,101.111,23.081,2024-09-10 05:30:00
2024-09-10,05:45:00 pm,0,101.114,23.013,2024-09-10 05:45:00
2024-09-10,06:00:00 pm,0,101.114,22.946,2024-09-10 06:00:00
2024-09-10,06:15:00 pm,0,101.109,22.873,2024-09-10 06:15:00
2024-09-10,06:30:00 pm,0,101.099,22.794,2024-09-10 06:30:00
2024-09-10,06:45:00 pm,0,101.108,22.716,2024-09-10 06:45:00
2024-09-10,07:00:00 pm,0,101.121,22.625,2024-09-10 07:00:00
2024-09-10,07:15:00 pm,0,101.119,22.55,2024-09-10 07:15:00
2024-09-10,07:30:00 pm,0,101.127,22.459,2024-09-10 07:30:00
2024-09-10,07:45:00 pm,0,101.13,22.379,2024-09-10 07:45:00
2024-09-10,08:00:00 pm,0,101.138,22.304,2024-09-10 08:00:00
2024-09-10,08:15:00 pm,0,101.129,22.225,2024-09-10 08:15:00
2024-09-10,08:30:00 pm,0,101.13,22.16,2024-09-10 08:30:00
2024-09-10,08:45:00 pm,0,101.139,22.098,2024-09-10 08:45:00
2024-09-10,09:00:00 pm,0,101.142,22.035,2024-09-10 09:00:00
2024-09-10,09:15:00 pm,0,101.161,21.966,2024-09-10 09:15:00
2024-09-10,09:30:00 pm,0,101.17,21.884,2024-09-10 09:30:00
2024-09-10,09:45:00 pm,0,101.166,21.805,2024-09-10 09:45:00
2024-09-10,10:00:00 pm,0,101.169,21.745,2024-09-10 10:00:00
2024-09-10,10:15:00 pm,0,101.165,21.677,2024-09-10 10:15:00
2024-09-10,10:30:00 pm,0,101.166,21.61,2024-09-10 10:30:00
2024-09-10,10:45:00 pm,0,101.186,21.538,2024-09-10 10:45:00
2024-09-10,11:00:00 pm,0,101.17,21.467,2024-09-10 11:00:00
2024-09-10,11:15:00 pm,0,101.166,21.419,2024-09-10 11:15:00
2024-09-10,11:30:00 pm,0,101.176,21.358,2024-09-10 11:30:00
2024-09-10,11:45:00 pm,0,101.155,21.278,2024-09-10 11:45:00
2024-09-11,12:00:00 am,0,101.144,21.239,2024-09-11 12:00:00
2024-09-11,12:15:00 am,0,101.148,21.195,2024-09-11 12:15:00
2024-09-11,12:30:00 am,0,101.144,21.133,2024-09-11 12:30:00
2024-09-11,12:45:00 am,0,101.137,21.065,2024-09-11 12:45:00
2024-09-11,01:00:00 am,0,101.128,21.017,2024-09-11 01:00:00
2024-09-11,01:15:00 am,0,101.138,20.954,2024-09-11 01:15:00
2024-09-11,01:30:00 am,0,101.143,20.892,2024-09-11 01:30:00
2024-09-11,01:45:00 am,0,101.137,20.836,2024-09-11 01:45:00
2024-09-11,02:00:00 am,0,101.134,20.786,2024-09-11 02:00:00
2024-09-11,02:15:00 am,0,101.138,20.744,2024-09-11 02:15:00
2024-09-11,02:30:00 am,0,101.107,20.695,2024-09-11 02:30:00
2024-09-11,02:45:00 am,0,101.089,20.653,2024-09-11 02:45:00
2024-09-11,03:00:00 am,0,101.087,20.59,2024-09-11 03:00:00
2024-09-11,03:15:00 am,0,101.078,20.527,2024-09-11 03:15:00
2024-09-11,03:30:00 am,0,101.082,20.437,2024-09-11 03:30:00
2024-09-11,03:45:00 am,0,101.083,20.354,2024-09-11 03:45:00
2024-09-11,04:00:00 am,0,101.079,20.316,2024-09-11 04:00:00
2024-09-11,04:15:00 am,0,101.033,20.266,2024-09-11 04:15:00
2024-09-11,04:30:00 am,0,101.082,20.227,2024-09-11 04:30:00
2024-09-11,04:45:00 am,0,101.057,20.188,2024-09-11 04:45:00
2024-09-11,05:00:00 am,0,101.045,20.17,2024-09-11 05:00:00
2024-09-11,05:15:00 am,0,101.055,20.158,2024-09-11 05:15:00
2024-09-11,05:30:00 am,0,101.09,20.163,2024-09-11 05:30:00
2024-09-11,05:45:00 am,0,101.092,20.154,2024-09-11 05:45:00
2024-09-11,06:00:00 am,0,101.096,20.133,2024-09-11 06:00:00
2024-09-11,06:15:00 am,0,101.124,20.11,2024-09-11 06:15:00
2024-09-11,06:30:00 am,0,101.122,20.106,2024-09-11 06:30:00
2024-09-11,06:45:00 am,0,101.115,20.105,2024-09-11 06:45:00
2024-09-11,07:00:00 am,0,101.138,20.115,2024-09-11 07:00:00
2024-09-11,07:15:00 am,0,101.135,20.142,2024-09-11 07:15:00
2024-09-11,07:30:00 am,0,101.152,20.202,2024-09-11 07:30:00
2024-09-11,07:45:00 am,0,101.162,20.267,2024-09-11 07:45:00
2024-09-11,08:00:00 am,0,101.166,20.325,2024-09-11 08:00:00
2024-09-11,08:15:00 am,0,101.18,20.395,2024-09-11 08:15:00
2024-09-11,08:30:00 am,0,101.193,20.454,2024-09-11 08:30:00
2024-09-11,08:45:00 am,0,101.211,20.507,2024-09-11 08:45:00
2024-09-11,09:00:00 am,0,101.232,20.561,2024-09-11 09:00:00
2024-09-11,09:15:00 am,0,101.239,20.626,2024-09-11 09:15:00
2024-09-11,09:30:00 am,0,101.22,20.693,2024-09-11 09:30:00
2024-09-11,09:45:00 am,0,101.203,20.785,2024-09-11 09:45:00
2024-09-11,10:00:00 am,0,101.193,20.918,2024-09-11 10:00:00
2024-09-11,10:15:00 am,0,101.169,21.083,2024-09-11 10:15:00
2024-09-11,10:30:00 am,0,101.177,21.239,2024-09-11 10:30:00
2024-09-11,10:45:00 am,0,101.184,21.349,2024-09-11 10:45:00
2024-09-11,11:00:00 am,0,101.169,21.415,2024-09-11 11:00:00
2024-09-11,11:15:00 am,0,101.166,21.469,2024-09-11 11:15:00
2024-09-11,11:30:00 am,0,101.16,21.512,2024-09-11 11:30:00
2024-09-11,11:45:00 am,0,101.152,21.586,2024-09-11 11:45:00
2024-09-11,12:00:00 pm,0,101.134,21.697,2024-09-11 12:00:00
2024-09-11,12:15:00 pm,0,101.132,21.883,2024-09-11 12:15:00
2024-09-11,12:30:00 pm,0,101.108,22.008,2024-09-11 12:30:00
2024-09-11,12:45:00 pm,0,101.102,22.16,2024-09-11 12:45:00
2024-09-11,01:00:00 pm,0,101.074,22.275,2024-09-11 01:00:00
2024-09-11,01:15:00 pm,0,101.034,22.365,2024-09-11 01:15:00
2024-09-11,01:30:00 pm,0,101.008,22.448,2024-09-11 01:30:00
2024-09-11,01:45:00 pm,0,100.992,22.506,2024-09-11 01:45:00
2024-09-11,02:00:00 pm,0,100.999,22.575,2024-09-11 02:00:00
2024-09-11,02:15:00 pm,0,100.973,22.656,2024-09-11 02:15:00
2024-09-11,02:30:00 pm,0,100.976,22.704,2024-09-11 02:30:00
2024-09-11,02:45:00 pm,0,100.975,22.667,2024-09-11 02:45:00
2024-09-11,03:00:00 pm,0,100.972,22.629,2024-09-11 03:00:00
2024-09-11,03:15:00 pm,0,100.962,22.592,2024-09-11 03:15:00
2024-09-11,03:30:00 pm,0,100.947,22.531,2024-09-11 03:30:00
2024-09-11,03:45:00 pm,0,100.936,22.486,2024-09-11 03:45:00
2024-09-11,04:00:00 pm,0,100.924,22.485,2024-09-11 04:00:00
2024-09-11,04:15:00 pm,0,100.905,22.504,2024-09-11 04:15:00
2024-09-11,04:30:00 pm,0,100.895,22.506,2024-09-11 04:30:00
2024-09-11,04:45:00 pm,0,100.894,22.486,2024-09-11 04:45:00
2024-09-11,05:00:00 pm,0,100.897,22.471,2024-09-11 05:00:00
2024-09-11,05:15:00 pm,0,100.887,22.44,2024-09-11 05:15:00
2024-09-11,05:30:00 pm,0,100.874,22.378,2024-09-11 05:30:00
2024-09-11,05:45:00 pm,0,100.867,22.33,2024-09-11 05:45:00
2024-09-11,06:00:00 pm,0,100.873,22.287,2024-09-11 06:00:00
2024-09-11,06:15:00 pm,0,100.86,22.235,2024-09-11 06:15:00
2024-09-11,06:30:00 pm,0,100.864,22.187,2024-09-11 06:30:00
2024-09-11,06:45:00 pm,0,100.85,22.137,2024-09-11 06:45:00
2024-09-11,07:00:00 pm,0,100.834,22.093,2024-09-11 07:00:00
2024-09-11,07:15:00 pm,0,100.805,22.055,2024-09-11 07:15:00
2024-09-11,07:30:00 pm,0,100.796,22,2024-09-11 07:30:00
2024-09-11,07:45:00 pm,0,100.791,21.957,2024-09-11 07:45:00
2024-09-11,08:00:00 pm,0,100.818,21.907,2024-09-11 08:00:00
2024-09-11,08:15:00 pm,0,100.824,21.829,2024-09-11 08:15:00
2024-09-11,08:30:00 pm,0,100.834,21.751,2024-09-11 08:30:00
2024-09-11,08:45:00 pm,0,100.858,21.691,2024-09-11 08:45:00
2024-09-11,09:00:00 pm,0,100.882,21.608,2024-09-11 09:00:00
2024-09-11,09:15:00 pm,0,100.857,21.493,2024-09-11 09:15:00
2024-09-11,09:30:00 pm,0,100.826,21.426,2024-09-11 09:30:00
2024-09-11,09:45:00 pm,0,100.808,21.376,2024-09-11 09:45:00
2024-09-11,10:00:00 pm,0,100.789,21.311,2024-09-11 10:00:00
2024-09-11,10:15:00 pm,0,100.783,21.26,2024-09-11 10:15:00
2024-09-11,10:30:00 pm,0,100.735,21.211,2024-09-11 10:30:00
2024-09-11,10:45:00 pm,0,100.69,21.165,2024-09-11 10:45:00
2024-09-11,11:00:00 pm,0,100.67,21.118,2024-09-11 11:00:00
2024-09-11,11:15:00 pm,0,100.765,21.071,2024-09-11 11:15:00
2024-09-11,11:30:00 pm,0,100.739,21.037,2024-09-11 11:30:00
2024-09-11,11:45:00 pm,0,100.757,20.999,2024-09-11 11:45:00
2024-09-12,12:00:00 am,0,100.817,20.958,2024-09-12 12:00:00
2024-09-12,12:15:00 am,0,100.805,20.932,2024-09-12 12:15:00
2024-09-12,12:30:00 am,0,100.767,20.902,2024-09-12 12:30:00
2024-09-12,12:45:00 am,0,100.718,20.882,2024-09-12 12:45:00
2024-09-12,01:00:00 am,0,100.685,20.851,2024-09-12 01:00:00
2024-09-12,01:15:00 am,0,100.653,20.824,2024-09-12 01:15:00
2024-09-12,01:30:00 am,0,100.63,20.796,2024-09-12 01:30:00
2024-09-12,01:45:00 am,0,100.585,20.786,2024-09-12 01:45:00
2024-09-12,02:00:00 am,0,100.592,20.774,2024-09-12 02:00:00
2024-09-12,02:15:00 am,0,100.588,20.756,2024-09-12 02:15:00
2024-09-12,02:30:00 am,0,100.555,20.74,2024-09-12 02:30:00
2024-09-12,02:45:00 am,0,100.536,20.742,2024-09-12 02:45:00
2024-09-12,03:00:00 am,0,100.531,20.747,2024-09-12 03:00:00
2024-09-12,03:15:00 am,0,100.528,20.757,2024-09-12 03:15:00
2024-09-12,03:30:00 am,0,100.521,20.765,2024-09-12 03:30:00
2024-09-12,03:45:00 am,0,100.486,20.78,2024-09-12 03:45:00
2024-09-12,04:00:00 am,0,100.51,20.79,2024-09-12 04:00:00
2024-09-12,04:15:00 am,0,100.543,20.802,2024-09-12 04:15:00
2024-09-12,04:30:00 am,0,100.5,20.811,2024-09-12 04:30:00
2024-09-12,04:45:00 am,0,100.529,20.82,2024-09-12 04:45:00
2024-09-12,05:00:00 am,0,100.495,20.822,2024-09-12 05:00:00
2024-09-12,05:15:00 am,0,100.509,20.831,2024-09-12 05:15:00
2024-09-12,05:30:00 am,0,100.551,20.838,2024-09-12 05:30:00
2024-09-12,05:45:00 am,0,100.568,20.843,2024-09-12 05:45:00
2024-09-12,06:00:00 am,0,100.533,20.847,2024-09-12 06:00:00
2024-09-12,06:15:00 am,0,100.595,20.843,2024-09-12 06:15:00
2024-09-12,06:30:00 am,0,100.583,20.844,2024-09-12 06:30:00
2024-09-12,06:45:00 am,0,100.589,20.844,2024-09-12 06:45:00
2024-09-12,07:00:00 am,0,100.631,20.848,2024-09-12 07:00:00
2024-09-12,07:15:00 am,0,100.632,20.856,2024-09-12 07:15:00
2024-09-12,07:30:00 am,0,100.635,20.863,2024-09-12 07:30:00
2024-09-12,07:45:00 am,0,100.61,20.874,2024-09-12 07:45:00
2024-09-12,08:00:00 am,0,100.645,20.887,2024-09-12 08:00:00
2024-09-12,08:15:00 am,0,100.64,20.899,2024-09-12 08:15:00
2024-09-12,08:30:00 am,0,100.65,20.912,2024-09-12 08:30:00
2024-09-12,08:45:00 am,0,100.612,20.923,2024-09-12 08:45:00
2024-09-12,09:00:00 am,0,100.623,20.937,2024-09-12 09:00:00
2024-09-12,09:15:00 am,0,100.605,20.96,2024-09-12 09:15:00
2024-09-12,09:30:00 am,0,100.573,20.986,2024-09-12 09:30:00
2024-09-12,09:45:00 am,0,100.534,21.032,2024-09-12 09:45:00
2024-09-12,10:00:00 am,0,100.489,21.091,2024-09-12 10:00:00
2024-09-12,10:15:00 am,0,100.526,21.129,2024-09-12 10:15:00
2024-09-12,10:30:00 am,0,100.506,21.162,2024-09-12 10:30:00
2024-09-12,10:45:00 am,0,100.504,21.202,2024-09-12 10:45:00
2024-09-12,11:00:00 am,0,100.504,21.24,2024-09-12 11:00:00
2024-09-12,11:15:00 am,0,100.528,21.268,2024-09-12 11:15:00
2024-09-12,11:30:00 am,0,100.481,21.291,2024-09-12 11:30:00
2024-09-12,11:45:00 am,0,100.511,21.32,2024-09-12 11:45:00
2024-09-12,12:00:00 pm,0,100.509,21.349,2024-09-12 12:00:00
2024-09-12,12:15:00 pm,0,100.5,21.38,2024-09-12 12:15:00
2024-09-12,12:30:00 pm,0,100.535,21.441,2024-09-12 12:30:00
2024-09-12,12:45:00 pm,0,100.552,21.511,2024-09-12 12:45:00
2024-09-12,01:00:00 pm,0,100.583,21.538,2024-09-12 01:00:00
2024-09-12,01:15:00 pm,0,100.625,21.553,2024-09-12 01:15:00
2024-09-12,01:30:00 pm,0,100.66,21.581,2024-09-12 01:30:00
2024-09-12,01:45:00 pm,0,100.63,21.627,2024-09-12 01:45:00
2024-09-12,02:00:00 pm,0,100.64,21.679,2024-09-12 02:00:00
2024-09-12,02:15:00 pm,0,100.623,21.724,2024-09-12 02:15:00
2024-09-12,02:30:00 pm,0,100.637,21.743,2024-09-12 02:30:00
2024-09-12,02:45:00 pm,0,100.753,21.739,2024-09-12 02:45:00
2024-09-12,03:00:00 pm,0,101.005,21.757,2024-09-12 03:00:00
2024-09-12,03:15:00 pm,0,101.359,21.768,2024-09-12 03:15:00
2024-09-12,03:30:00 pm,0,101.845,21.839,2024-09-12 03:30:00
2024-09-12,03:45:00 pm,0,102.118,21.96,2024-09-12 03:45:00
2024-09-12,04:00:00 pm,0,102.172,22.009,2024-09-12 04:00:00
2024-09-12,04:15:00 pm,0,102.012,22.054,2024-09-12 04:15:00
2024-09-12,04:30:00 pm,0,101.796,22.026,2024-09-12 04:30:00
2024-09-12,04:45:00 pm,0,101.654,22.014,2024-09-12 04:45:00
2024-09-12,05:00:00 pm,0,101.511,22.036,2024-09-12 05:00:00
2024-09-12,05:15:00 pm,0,101.359,22.032,2024-09-12 05:15:00
2024-09-12,05:30:00 pm,0,101.262,22.017,2024-09-12 05:30:00
2024-09-12,05:45:00 pm,0,101.191,22.005,2024-09-12 05:45:00
2024-09-12,06:00:00 pm,0,101.141,21.993,2024-09-12 06:00:00
2024-09-12,06:15:00 pm,0,101.089,21.98,2024-09-12 06:15:00
2024-09-12,06:30:00 pm,0,101.06,21.973,2024-09-12 06:30:00
2024-09-12,06:45:00 pm,0,101.034,21.968,2024-09-12 06:45:00
2024-09-12,07:00:00 pm,0,100.988,21.965,2024-09-12 07:00:00
2024-09-12,07:15:00 pm,0,100.971,21.958,2024-09-12 07:15:00
2024-09-12,07:30:00 pm,0,100.947,21.952,2024-09-12 07:30:00
2024-09-12,07:45:00 pm,0,100.934,21.947,2024-09-12 07:45:00
2024-09-12,08:00:00 pm,0,100.897,21.941,2024-09-12 08:00:00
2024-09-12,08:15:00 pm,0,100.898,21.931,2024-09-12 08:15:00
2024-09-12,08:30:00 pm,0,100.902,21.924,2024-09-12 08:30:00
2024-09-12,08:45:00 pm,0,100.908,21.914,2024-09-12 08:45:00
2024-09-12,09:00:00 pm,0,100.903,21.905,2024-09-12 09:00:00
2024-09-12,09:15:00 pm,0,100.89,21.901,2024-09-12 09:15:00
2024-09-12,09:30:00 pm,0,100.882,21.897,2024-09-12 09:30:00
2024-09-12,09:45:00 pm,0,100.879,21.891,2024-09-12 09:45:00
2024-09-12,10:00:00 pm,0,100.881,21.892,2024-09-12 10:00:00
2024-09-12,10:15:00 pm,0,100.898,21.889,2024-09-12 10:15:00
2024-09-12,10:30:00 pm,0,100.893,21.89,2024-09-12 10:30:00
2024-09-12,10:45:00 pm,0,100.899,21.89,2024-09-12 10:45:00
2024-09-12,11:00:00 pm,0,100.894,21.886,2024-09-12 11:00:00
2024-09-12,11:15:00 pm,0,100.894,21.89,2024-09-12 11:15:00
2024-09-12,11:30:00 pm,0,100.896,21.893,2024-09-12 11:30:00
2024-09-12,11:45:00 pm,0,100.891,21.899,2024-09-12 11:45:00
2024-09-13,12:00:00 am,0,100.883,21.902,2024-09-13 12:00:00
2024-09-13,12:15:00 am,0,100.878,21.914,2024-09-13 12:15:00
2024-09-13,12:30:00 am,0,100.881,21.932,2024-09-13 12:30:00
2024-09-13,12:45:00 am,0,100.882,21.937,2024-09-13 12:45:00
2024-09-13,01:00:00 am,0,100.881,21.944,2024-09-13 01:00:00
2024-09-13,01:15:00 am,0,100.893,21.942,2024-09-13 01:15:00
2024-09-13,01:30:00 am,0,100.887,21.943,2024-09-13 01:30:00
2024-09-13,01:45:00 am,0,100.876,21.94,2024-09-13 01:45:00
2024-09-13,02:00:00 am,0,100.864,21.941,2024-09-13 02:00:00
2024-09-13,02:15:00 am,0,100.863,21.939,2024-09-13 02:15:00
2024-09-13,02:30:00 am,0,100.859,21.934,2024-09-13 02:30:00
2024-09-13,02:45:00 am,0,100.859,21.928,2024-09-13 02:45:00
2024-09-13,03:00:00 am,0,100.85,21.926,2024-09-13 03:00:00
2024-09-13,03:15:00 am,0,100.849,21.923,2024-09-13 03:15:00
2024-09-13,03:30:00 am,0,100.845,21.92,2024-09-13 03:30:00
2024-09-13,03:45:00 am,0,100.845,21.921,2024-09-13 03:45:00
2024-09-13,04:00:00 am,0,100.839,21.918,2024-09-13 04:00:00
2024-09-13,04:15:00 am,0,100.856,21.909,2024-09-13 04:15:00
2024-09-13,04:30:00 am,0,100.876,21.906,2024-09-13 04:30:00
2024-09-13,04:45:00 am,0,100.882,21.904,2024-09-13 04:45:00
2024-09-13,05:00:00 am,0,100.876,21.904,2024-09-13 05:00:00
2024-09-13,05:15:00 am,0,100.871,21.9,2024-09-13 05:15:00
2024-09-13,05:30:00 am,0,100.87,21.896,2024-09-13 05:30:00
2024-09-13,05:45:00 am,0,100.87,21.898,2024-09-13 05:45:00
2024-09-13,06:00:00 am,0,100.884,21.895,2024-09-13 06:00:00
2024-09-13,06:15:00 am,0,100.89,21.898,2024-09-13 06:15:00
2024-09-13,06:30:00 am,0,100.891,21.894,2024-09-13 06:30:00
2024-09-13,06:45:00 am,0,100.91,21.889,2024-09-13 06:45:00
2024-09-13,07:00:00 am,0,100.928,21.883,2024-09-13 07:00:00
2024-09-13,07:15:00 am,0,100.94,21.879,2024-09-13 07:15:00
2024-09-13,07:30:00 am,0,100.957,21.882,2024-09-13 07:30:00
2024-09-13,07:45:00 am,0,100.969,21.894,2024-09-13 07:45:00
2024-09-13,08:00:00 am,0,100.972,21.902,2024-09-13 08:00:00
2024-09-13,08:15:00 am,0,100.974,21.906,2024-09-13 08:15:00
2024-09-13,08:30:00 am,0,100.954,21.917,2024-09-13 08:30:00
2024-09-13,08:45:00 am,0,100.959,21.942,2024-09-13 08:45:00
2024-09-13,09:00:00 am,0,100.952,21.98,2024-09-13 09:00:00
2024-09-13,09:15:00 am,0,100.953,22.023,2024-09-13 09:15:00
2024-09-13,09:30:00 am,0,100.971,22.069,2024-09-13 09:30:00
2024-09-13,09:45:00 am,0,100.972,22.1,2024-09-13 09:45:00
2024-09-13,10:00:00 am,0,100.987,22.127,2024-09-13 10:00:00
2024-09-13,10:15:00 am,0,100.995,22.201,2024-09-13 10:15:00
2024-09-13,10:30:00 am,0,101.01,22.293,2024-09-13 10:30:00
2024-09-13,10:45:00 am,0,101.021,22.414,2024-09-13 10:45:00
2024-09-13,11:00:00 am,0,101.031,22.514,2024-09-13 11:00:00
2024-09-13,11:15:00 am,0,101.02,22.623,2024-09-13 11:15:00
2024-09-13,11:30:00 am,0,100.987,22.741,2024-09-13 11:30:00
2024-09-13,11:45:00 am,0,100.976,22.86,2024-09-13 11:45:00
2024-09-13,12:00:00 pm,0,100.951,22.986,2024-09-13 12:00:00
2024-09-13,12:15:00 pm,0,100.932,23.113,2024-09-13 12:15:00
2024-09-13,12:30:00 pm,0,100.892,23.203,2024-09-13 12:30:00
2024-09-13,12:45:00 pm,0,100.86,23.382,2024-09-13 12:45:00
2024-09-13,01:00:00 pm,0,100.837,23.498,2024-09-13 01:00:00
2024-09-13,01:15:00 pm,0,100.825,23.563,2024-09-13 01:15:00
2024-09-13,01:30:00 pm,0,100.813,23.653,2024-09-13 01:30:00
2024-09-13,01:45:00 pm,0,100.795,23.702,2024-09-13 01:45:00
2024-09-13,02:00:00 pm,0,100.769,23.686,2024-09-13 02:00:00
2024-09-13,02:15:00 pm,0,100.756,23.739,2024-09-13 02:15:00
2024-09-13,02:30:00 pm,0,100.731,23.728,2024-09-13 02:30:00
2024-09-13,02:45:00 pm,0,100.737,23.761,2024-09-13 02:45:00
2024-09-13,03:00:00 pm,0,100.755,23.827,2024-09-13 03:00:00
2024-09-13,03:15:00 pm,0,100.727,23.852,2024-09-13 03:15:00
2024-09-13,03:30:00 pm,0,100.696,23.885,2024-09-13 03:30:00
2024-09-13,03:45:00 pm,0,100.678,23.917,2024-09-13 03:45:00
2024-09-13,04:00:00 pm,0,100.708,23.918,2024-09-13 04:00:00
2024-09-13,04:15:00 pm,0,100.733,23.866,2024-09-13 04:15:00
2024-09-13,04:30:00 pm,0,100.761,23.755,2024-09-13 04:30:00
2024-09-13,04:45:00 pm,0,100.808,23.633,2024-09-13 04:45:00
2024-09-13,05:00:00 pm,0,100.937,23.525,2024-09-13 05:00:00
2024-09-13,05:15:00 pm,0,101.084,23.436,2024-09-13 05:15:00
2024-09-13,05:30:00 pm,0,101.403,23.364,2024-09-13 05:30:00
2024-09-13,05:45:00 pm,0,101.532,23.472,2024-09-13 05:45:00
2024-09-13,06:00:00 pm,0,101.388,23.633,2024-09-13 06:00:00
2024-09-13,06:15:00 pm,0,101.281,23.58,2024-09-13 06:15:00
2024-09-13,06:30:00 pm,0,101.322,23.469,2024-09-13 06:30:00
2024-09-13,06:45:00 pm,0,101.386,23.325,2024-09-13 06:45:00
2024-09-13,07:00:00 pm,0,101.293,23.221,2024-09-13 07:00:00
2024-09-13,07:15:00 pm,0,101.223,23.161,2024-09-13 07:15:00
2024-09-13,07:30:00 pm,0,101.193,23.114,2024-09-13 07:30:00
2024-09-13,07:45:00 pm,0,101.189,23.066,2024-09-13 07:45:00
2024-09-13,08:00:00 pm,0,101.171,23.016,2024-09-13 08:00:00
2024-09-13,08:15:00 pm,0,101.14,22.964,2024-09-13 08:15:00
2024-09-13,08:30:00 pm,0,101.116,22.903,2024-09-13 08:30:00
2024-09-13,08:45:00 pm,0,101.092,22.84,2024-09-13 08:45:00
2024-09-13,09:00:00 pm,0,101.085,22.78,2024-09-13 09:00:00
2024-09-13,09:15:00 pm,0,101.071,22.726,2024-09-13 09:15:00
2024-09-13,09:30:00 pm,0,101.059,22.673,2024-09-13 09:30:00
2024-09-13,09:45:00 pm,0,101.055,22.623,2024-09-13 09:45:00
2024-09-13,10:00:00 pm,0,101.062,22.58,2024-09-13 10:00:00
2024-09-13,10:15:00 pm,0,101.059,22.539,2024-09-13 10:15:00
2024-09-13,10:30:00 pm,0,101.069,22.503,2024-09-13 10:30:00
2024-09-13,10:45:00 pm,0,101.065,22.466,2024-09-13 10:45:00
2024-09-13,11:00:00 pm,0,101.068,22.434,2024-09-13 11:00:00
2024-09-13,11:15:00 pm,0,101.071,22.403,2024-09-13 11:15:00
2024-09-13,11:30:00 pm,0,101.063,22.371,2024-09-13 11:30:00
2024-09-13,11:45:00 pm,0,101.052,22.343,2024-09-13 11:45:00
2024-09-14,12:00:00 am,0,101.07,22.317,2024-09-14 12:00:00
2024-09-14,12:15:00 am,0,101.073,22.294,2024-09-14 12:15:00
2024-09-14,12:30:00 am,0,101.081,22.271,2024-09-14 12:30:00
2024-09-14,12:45:00 am,0,101.097,22.241,2024-09-14 12:45:00
2024-09-14,01:00:00 am,0,101.159,22.203,2024-09-14 01:00:00
2024-09-14,01:15:00 am,0,101.207,22.158,2024-09-14 01:15:00
2024-09-14,01:30:00 am,0,101.331,22.127,2024-09-14 01:30:00
2024-09-14,01:45:00 am,0,101.507,22.13,2024-09-14 01:45:00
2024-09-14,02:00:00 am,0,101.57,22.149,2024-09-14 02:00:00
2024-09-14,02:15:00 am,0,101.5,22.182,2024-09-14 02:15:00
2024-09-14,02:30:00 am,0,101.45,22.189,2024-09-14 02:30:00
2024-09-14,02:45:00 am,0,101.446,22.172,2024-09-14 02:45:00
2024-09-14,03:00:00 am,0,101.411,22.147,2024-09-14 03:00:00
2024-09-14,03:15:00 am,0,101.351,22.111,2024-09-14 03:15:00
2024-09-14,03:30:00 am,0,101.321,22.083,2024-09-14 03:30:00
2024-09-14,03:45:00 am,0,101.315,22.059,2024-09-14 03:45:00
2024-09-14,04:00:00 am,0,101.292,22.031,2024-09-14 04:00:00
2024-09-14,04:15:00 am,0,101.259,22.007,2024-09-14 04:15:00
2024-09-14,04:30:00 am,0,101.235,21.989,2024-09-14 04:30:00
2024-09-14,04:45:00 am,0,101.225,21.97,2024-09-14 04:45:00
2024-09-14,05:00:00 am,0,101.216,21.951,2024-09-14 05:00:00
2024-09-14,05:15:00 am,0,101.198,21.934,2024-09-14 05:15:00
2024-09-14,05:30:00 am,0,101.185,21.918,2024-09-14 05:30:00
2024-09-14,05:45:00 am,0,101.177,21.897,2024-09-14 05:45:00
2024-09-14,06:00:00 am,0,101.175,21.88,2024-09-14 06:00:00
2024-09-14,06:15:00 am,0,101.155,21.858,2024-09-14 06:15:00
2024-09-14,06:30:00 am,0,101.156,21.83,2024-09-14 06:30:00
2024-09-14,06:45:00 am,0,101.16,21.797,2024-09-14 06:45:00
2024-09-14,07:00:00 am,0,101.157,21.764,2024-09-14 07:00:00
2024-09-14,07:15:00 am,0,101.173,21.728,2024-09-14 07:15:00
2024-09-14,07:30:00 am,0,101.167,21.708,2024-09-14 07:30:00
2024-09-14,07:45:00 am,0,101.165,21.689,2024-09-14 07:45:00
2024-09-14,08:00:00 am,0,101.165,21.691,2024-09-14 08:00:00
2024-09-14,08:15:00 am,0,101.161,21.705,2024-09-14 08:15:00
2024-09-14,08:30:00 am,0,101.159,21.728,2024-09-14 08:30:00
2024-09-14,08:45:00 am,0,101.179,21.766,2024-09-14 08:45:00
2024-09-14,09:00:00 am,0,101.183,21.801,2024-09-14 09:00:00
2024-09-14,09:15:00 am,0,101.187,21.828,2024-09-14 09:15:00
2024-09-14,09:30:00 am,0,101.194,21.874,2024-09-14 09:30:00
2024-09-14,09:45:00 am,0,101.193,21.934,2024-09-14 09:45:00
2024-09-14,10:00:00 am,0,101.189,21.979,2024-09-14 10:00:00
2024-09-14,10:15:00 am,0,101.198,22.043,2024-09-14 10:15:00
2024-09-14,10:30:00 am,0,101.176,22.07,2024-09-14 10:30:00
2024-09-14,10:45:00 am,0,101.17,22.116,2024-09-14 10:45:00
2024-09-14,11:00:00 am,0,101.173,22.228,2024-09-14 11:00:00
2024-09-14,11:15:00 am,0,101.167,22.317,2024-09-14 11:15:00
2024-09-14,11:30:00 am,0,101.156,22.448,2024-09-14 11:30:00
2024-09-14,11:45:00 am,0,101.153,22.501,2024-09-14 11:45:00
2024-09-14,12:00:00 pm,0,101.142,22.577,2024-09-14 12:00:00
2024-09-14,12:15:00 pm,0,101.134,22.593,2024-09-14 12:15:00
2024-09-14,12:30:00 pm,0,101.13,22.591,2024-09-14 12:30:00
2024-09-14,12:45:00 pm,0,101.118,22.607,2024-09-14 12:45:00
2024-09-14,01:00:00 pm,0,101.113,22.666,2024-09-14 01:00:00
2024-09-14,01:15:00 pm,0,101.1,22.745,2024-09-14 01:15:00
2024-09-14,01:30:00 pm,0,101.09,22.811,2024-09-14 01:30:00
2024-09-14,01:45:00 pm,0,101.067,22.861,2024-09-14 01:45:00
2024-09-14,02:00:00 pm,0,101.053,22.891,2024-09-14 02:00:00
2024-09-14,02:15:00 pm,0,101.024,22.903,2024-09-14 02:15:00
2024-09-14,02:30:00 pm,0,101.013,22.885,2024-09-14 02:30:00
2024-09-14,02:45:00 pm,0,100.996,22.864,2024-09-14 02:45:00
2024-09-14,03:00:00 pm,0,100.996,22.842,2024-09-14 03:00:00
2024-09-14,03:15:00 pm,0,101.029,22.797,2024-09-14 03:15:00
2024-09-14,03:30:00 pm,0,101.243,22.716,2024-09-14 03:30:00
2024-09-14,03:45:00 pm,0,101.896,22.604,2024-09-14 03:45:00
2024-09-14,04:00:00 pm,0,102.436,22.762,2024-09-14 04:00:00
2024-09-14,04:15:00 pm,0,102.818,22.967,2024-09-14 04:15:00
2024-09-14,04:30:00 pm,0,102.692,23.032,2024-09-14 04:30:00
2024-09-14,04:45:00 pm,0,102.373,22.95,2024-09-14 04:45:00
2024-09-14,05:00:00 pm,0,102.153,22.888,2024-09-14 05:00:00
2024-09-14,05:15:00 pm,0,102.049,22.891,2024-09-14 05:15:00
2024-09-14,05:30:00 pm,0,101.936,22.847,2024-09-14 05:30:00
2024-09-14,05:45:00 pm,0,101.822,22.824,2024-09-14 05:45:00
2024-09-14,06:00:00 pm,0,101.742,22.786,2024-09-14 06:00:00
2024-09-14,06:15:00 pm,0,101.675,22.745,2024-09-14 06:15:00
2024-09-14,06:30:00 pm,0,101.605,22.706,2024-09-14 06:30:00
2024-09-14,06:45:00 pm,0,101.557,22.666,2024-09-14 06:45:00
2024-09-14,07:00:00 pm,0,101.531,22.612,2024-09-14 07:00:00
2024-09-14,07:15:00 pm,0,101.491,22.555,2024-09-14 07:15:00
2024-09-14,07:30:00 pm,0,101.45,22.512,2024-09-14 07:30:00
2024-09-14,07:45:00 pm,0,101.419,22.465,2024-09-14 07:45:00
2024-09-14,08:00:00 pm,0,101.403,22.423,2024-09-14 08:00:00
2024-09-14,08:15:00 pm,0,101.379,22.38,2024-09-14 08:15:00
2024-09-14,08:30:00 pm,0,101.347,22.337,2024-09-14 08:30:00
2024-09-14,08:45:00 pm,0,101.322,22.298,2024-09-14 08:45:00
2024-09-14,09:00:00 pm,0,101.329,22.261,2024-09-14 09:00:00
2024-09-14,09:15:00 pm,0,101.319,22.225,2024-09-14 09:15:00
2024-09-14,09:30:00 pm,0,101.314,22.187,2024-09-14 09:30:00
2024-09-14,09:45:00 pm,0,101.308,22.156,2024-09-14 09:45:00
2024-09-14,10:00:00 pm,0,101.302,22.13,2024-09-14 10:00:00
2024-09-14,10:15:00 pm,0,101.283,22.114,2024-09-14 10:15:00
2024-09-14,10:30:00 pm,0,101.278,22.099,2024-09-14 10:30:00
2024-09-14,10:45:00 pm,0,101.284,22.082,2024-09-14 10:45:00
2024-09-14,11:00:00 pm,0,101.278,22.073,2024-09-14 11:00:00
2024-09-14,11:15:00 pm,0,101.27,22.064,2024-09-14 11:15:00
2024-09-14,11:30:00 pm,0,101.262,22.056,2024-09-14 11:30:00
2024-09-14,11:45:00 pm,0,101.242,22.048,2024-09-14 11:45:00
2024-09-15,12:00:00 am,0,101.233,22.04,2024-09-15 12:00:00
2024-09-15,12:15:00 am,0,101.231,22.034,2024-09-15 12:15:00
2024-09-15,12:30:00 am,0,101.229,22.032,2024-09-15 12:30:00
2024-09-15,12:45:00 am,0,101.229,22.028,2024-09-15 12:45:00
2024-09-15,01:00:00 am,0,101.217,22.022,2024-09-15 01:00:00
2024-09-15,01:15:00 am,0,101.207,22.016,2024-09-15 01:15:00
2024-09-15,01:30:00 am,0,101.199,22.009,2024-09-15 01:30:00
2024-09-15,01:45:00 am,0,101.185,22.003,2024-09-15 01:45:00
2024-09-15,02:00:00 am,0,101.175,21.997,2024-09-15 02:00:00
2024-09-15,02:15:00 am,0,101.177,21.985,2024-09-15 02:15:00
2024-09-15,02:30:00 am,0,101.167,21.972,2024-09-15 02:30:00
2024-09-15,02:45:00 am,0,101.147,21.963,2024-09-15 02:45:00
2024-09-15,03:00:00 am,0,101.143,21.963,2024-09-15 03:00:00
2024-09-15,03:15:00 am,0,101.124,21.965,2024-09-15 03:15:00
2024-09-15,03:30:00 am,0,101.112,21.96,2024-09-15 03:30:00
2024-09-15,03:45:00 am,0,101.108,21.956,2024-09-15 03:45:00
2024-09-15,04:00:00 am,0,101.11,21.955,2024-09-15 04:00:00
2024-09-15,04:15:00 am,0,101.108,21.957,2024-09-15 04:15:00
2024-09-15,04:30:00 am,0,101.124,21.962,2024-09-15 04:30:00
2024-09-15,04:45:00 am,0,101.127,21.968,2024-09-15 04:45:00
2024-09-15,05:00:00 am,0,101.168,21.971,2024-09-15 05:00:00
2024-09-15,05:15:00 am,0,101.175,21.97,2024-09-15 05:15:00
2024-09-15,05:30:00 am,0,101.183,21.966,2024-09-15 05:30:00
2024-09-15,05:45:00 am,0,101.198,21.958,2024-09-15 05:45:00
2024-09-15,06:00:00 am,0,101.214,21.951,2024-09-15 06:00:00
2024-09-15,06:15:00 am,0,101.221,21.941,2024-09-15 06:15:00
2024-09-15,06:30:00 am,0,101.235,21.928,2024-09-15 06:30:00
2024-09-15,06:45:00 am,0,101.247,21.916,2024-09-15 06:45:00
2024-09-15,07:00:00 am,0,101.258,21.907,2024-09-15 07:00:00
2024-09-15,07:15:00 am,0,101.266,21.901,2024-09-15 07:15:00
2024-09-15,07:30:00 am,0,101.274,21.892,2024-09-15 07:30:00
2024-09-15,07:45:00 am,0,101.277,21.885,2024-09-15 07:45:00
2024-09-15,08:00:00 am,0,101.291,21.879,2024-09-15 08:00:00
2024-09-15,08:15:00 am,0,101.311,21.873,2024-09-15 08:15:00
2024-09-15,08:30:00 am,0,101.321,21.873,2024-09-15 08:30:00
2024-09-15,08:45:00 am,0,101.317,21.873,2024-09-15 08:45:00
2024-09-15,09:00:00 am,0,101.322,21.894,2024-09-15 09:00:00
2024-09-15,09:15:00 am,0,101.327,21.908,2024-09-15 09:15:00
2024-09-15,09:30:00 am,0,101.341,21.919,2024-09-15 09:30:00
2024-09-15,09:45:00 am,0,101.358,21.928,2024-09-15 09:45:00
2024-09-15,10:00:00 am,0,101.368,21.943,2024-09-15 10:00:00
2024-09-15,10:15:00 am,0,101.369,21.974,2024-09-15 10:15:00
2024-09-15,10:30:00 am,0,101.368,22.027,2024-09-15 10:30:00
2024-09-15,10:45:00 am,0,101.373,22.078,2024-09-15 10:45:00
2024-09-15,11:00:00 am,0,101.371,22.122,2024-09-15 11:00:00
2024-09-15,11:15:00 am,0,101.369,22.158,2024-09-15 11:15:00
2024-09-15,11:30:00 am,0,101.36,22.232,2024-09-15 11:30:00
2024-09-15,11:45:00 am,0,101.362,22.294,2024-09-15 11:45:00
2024-09-15,12:00:00 pm,0,101.345,22.309,2024-09-15 12:00:00
2024-09-15,12:15:00 pm,0,101.338,22.323,2024-09-15 12:15:00
2024-09-15,12:30:00 pm,0,101.338,22.323,2024-09-15 12:30:00
2024-09-15,12:45:00 pm,0,101.318,22.327,2024-09-15 12:45:00
2024-09-15,01:00:00 pm,0,101.288,22.408,2024-09-15 01:00:00
2024-09-15,01:15:00 pm,0,101.265,22.506,2024-09-15 01:15:00
2024-09-15,01:30:00 pm,0,101.251,22.513,2024-09-15 01:30:00
2024-09-15,01:45:00 pm,0,101.243,22.558,2024-09-15 01:45:00
2024-09-15,02:00:00 pm,0,101.22,22.542,2024-09-15 02:00:00
2024-09-15,02:15:00 pm,0,101.199,22.504,2024-09-15 02:15:00
2024-09-15,02:30:00 pm,0,101.183,22.517,2024-09-15 02:30:00
2024-09-15,02:45:00 pm,0,101.184,22.561,2024-09-15 02:45:00
2024-09-15,03:00:00 pm,0,101.182,22.551,2024-09-15 03:00:00
2024-09-15,03:15:00 pm,0,101.17,22.554,2024-09-15 03:15:00
2024-09-15,03:30:00 pm,0,101.166,22.568,2024-09-15 03:30:00
2024-09-15,03:45:00 pm,0,101.144,22.582,2024-09-15 03:45:00
2024-09-15,04:00:00 pm,0,101.158,22.593,2024-09-15 04:00:00
2024-09-15,04:15:00 pm,0,101.168,22.562,2024-09-15 04:15:00
2024-09-15,04:30:00 pm,0,101.171,22.53,2024-09-15 04:30:00
2024-09-15,04:45:00 pm,0,101.178,22.502,2024-09-15 04:45:00
2024-09-15,05:00:00 pm,0,101.166,22.476,2024-09-15 05:00:00
2024-09-15,05:15:00 pm,0,101.169,22.465,2024-09-15 05:15:00
2024-09-15,05:30:00 pm,0,101.167,22.457,2024-09-15 05:30:00
2024-09-15,05:45:00 pm,0,101.168,22.448,2024-09-15 05:45:00
2024-09-15,06:00:00 pm,0,101.169,22.439,2024-09-15 06:00:00
2024-09-15,06:15:00 pm,0,101.171,22.428,2024-09-15 06:15:00
2024-09-15,06:30:00 pm,0,101.157,22.408,2024-09-15 06:30:00
2024-09-15,06:45:00 pm,0,101.164,22.385,2024-09-15 06:45:00
2024-09-15,07:00:00 pm,0,101.163,22.361,2024-09-15 07:00:00
2024-09-15,07:15:00 pm,0,101.175,22.329,2024-09-15 07:15:00
2024-09-15,07:30:00 pm,0,101.177,22.302,2024-09-15 07:30:00
2024-09-15,07:45:00 pm,0,101.192,22.277,2024-09-15 07:45:00
2024-09-15,08:00:00 pm,0,101.205,22.252,2024-09-15 08:00:00
2024-09-15,08:15:00 pm,0,101.223,22.224,2024-09-15 08:15:00
2024-09-15,08:30:00 pm,0,101.259,22.19,2024-09-15 08:30:00
2024-09-15,08:45:00 pm,0,101.306,22.151,2024-09-15 08:45:00
2024-09-15,09:00:00 pm,0,101.349,22.125,2024-09-15 09:00:00
2024-09-15,09:15:00 pm,0,101.4,22.099,2024-09-15 09:15:00
2024-09-15,09:30:00 pm,0,101.453,22.083,2024-09-15 09:30:00
2024-09-15,09:45:00 pm,0,101.496,22.076,2024-09-15 09:45:00
2024-09-15,10:00:00 pm,0,101.504,22.076,2024-09-15 10:00:00
2024-09-15,10:15:00 pm,0,101.491,22.077,2024-09-15 10:15:00
2024-09-15,10:30:00 pm,0,101.501,22.066,2024-09-15 10:30:00
2024-09-15,10:45:00 pm,0,101.525,22.049,2024-09-15 10:45:00
2024-09-15,11:00:00 pm,0,101.528,22.022,2024-09-15 11:00:00
2024-09-15,11:15:00 pm,0,101.522,21.998,2024-09-15 11:15:00
2024-09-15,11:30:00 pm,0,101.509,21.977,2024-09-15 11:30:00
2024-09-15,11:45:00 pm,0,101.496,21.957,2024-09-15 11:45:00
2024-09-16,12:00:00 am,0,101.495,21.934,2024-09-16 12:00:00
2024-09-16,12:15:00 am,0,101.49,21.915,2024-09-16 12:15:00
2024-09-16,12:30:00 am,0,101.467,21.896,2024-09-16 12:30:00
2024-09-16,12:45:00 am,0,101.47,21.878,2024-09-16 12:45:00
2024-09-16,01:00:00 am,0,101.468,21.865,2024-09-16 01:00:00
2024-09-16,01:15:00 am,0,101.451,21.853,2024-09-16 01:15:00
2024-09-16,01:30:00 am,0,101.442,21.842,2024-09-16 01:30:00
2024-09-16,01:45:00 am,0,101.438,21.829,2024-09-16 01:45:00
2024-09-16,02:00:00 am,0,101.42,21.813,2024-09-16 02:00:00
2024-09-16,02:15:00 am,0,101.397,21.801,2024-09-16 02:15:00
2024-09-16,02:30:00 am,0,101.376,21.787,2024-09-16 02:30:00
2024-09-16,02:45:00 am,0,101.368,21.774,2024-09-16 02:45:00
2024-09-16,03:00:00 am,0,101.364,21.757,2024-09-16 03:00:00
2024-09-16,03:15:00 am,0,101.367,21.741,2024-09-16 03:15:00
2024-09-16,03:30:00 am,0,101.362,21.727,2024-09-16 03:30:00
2024-09-16,03:45:00 am,0,101.364,21.71,2024-09-16 03:45:00
2024-09-16,04:00:00 am,0,101.368,21.693,2024-09-16 04:00:00
2024-09-16,04:15:00 am,0,101.365,21.675,2024-09-16 04:15:00
2024-09-16,04:30:00 am,0,101.361,21.66,2024-09-16 04:30:00
2024-09-16,04:45:00 am,0,101.358,21.639,2024-09-16 04:45:00
2024-09-16,05:00:00 am,0,101.365,21.617,2024-09-16 05:00:00
2024-09-16,05:15:00 am,0,101.363,21.6,2024-09-16 05:15:00
2024-09-16,05:30:00 am,0,101.37,21.587,2024-09-16 05:30:00
2024-09-16,05:45:00 am,0,101.372,21.566,2024-09-16 05:45:00
2024-09-16,06:00:00 am,0,101.383,21.542,2024-09-16 06:00:00
2024-09-16,06:15:00 am,0,101.398,21.519,2024-09-16 06:15:00
2024-09-16,06:30:00 am,0,101.421,21.494,2024-09-16 06:30:00
2024-09-16,06:45:00 am,0,101.441,21.476,2024-09-16 06:45:00
2024-09-16,07:00:00 am,0,101.445,21.467,2024-09-16 07:00:00
2024-09-16,07:15:00 am,0,101.439,21.464,2024-09-16 07:15:00
2024-09-16,07:30:00 am,0,101.44,21.463,2024-09-16 07:30:00
2024-09-16,07:45:00 am,0,100.509,21.464,2024-09-16 07:45:00
2024-09-16,08:00:00 am,0,100.629,21.764,2024-09-16 08:00:00
