Date,Time,ms,LEVEL,TEMPERATURE,DateTime
2024-06-18,8:00:00 AM,0,100.862,24.845,2024-06-18 08:00:00
2024-06-18,8:15:00 AM,0,100.861,24.946,2024-06-18 08:15:00
2024-06-18,8:30:00 AM,0,100.886,25.055,2024-06-18 08:30:00
2024-06-18,8:45:00 AM,0,100.986,25.154,2024-06-18 08:45:00
2024-06-18,9:00:00 AM,0,100.983,25.242,2024-06-18 09:00:00
2024-06-18,9:15:00 AM,0,100.971,25.34,2024-06-18 09:15:00
2024-06-18,9:30:00 AM,0,100.972,25.444,2024-06-18 09:30:00
2024-06-18,9:45:00 AM,0,100.843,25.55,2024-06-18 09:45:00
2024-06-18,10:00:00 AM,0,100.831,25.702,2024-06-18 10:00:00
2024-06-18,10:15:00 AM,0,100.827,26.033,2024-06-18 10:15:00
2024-06-18,10:30:00 AM,0,101.022,26.259,2024-06-18 10:30:00
2024-06-18,10:45:00 AM,0,104.549,23.439,2024-06-18 10:45:00
2024-06-18,11:00:00 AM,0,104.577,23.275,2024-06-18 11:00:00
2024-06-18,11:15:00 AM,0,104.582,23.305,2024-06-18 11:15:00
2024-06-18,11:30:00 AM,0,104.589,23.348,2024-06-18 11:30:00
2024-06-18,11:45:00 AM,0,104.602,23.382,2024-06-18 11:45:00
2024-06-18,12:00:00 PM,0,104.605,23.404,2024-06-18 12:00:00
2024-06-18,12:15:00 PM,0,104.624,23.459,2024-06-18 12:15:00
2024-06-18,12:30:00 PM,0,104.629,23.508,2024-06-18 12:30:00
2024-06-18,12:45:00 PM,0,104.623,23.524,2024-06-18 12:45:00
2024-06-18,1:00:00 PM,0,104.629,23.577,2024-06-18 01:00:00
2024-06-18,1:15:00 PM,0,104.615,23.645,2024-06-18 01:15:00
2024-06-18,1:30:00 PM,0,104.608,23.668,2024-06-18 01:30:00
2024-06-18,1:45:00 PM,0,104.596,23.757,2024-06-18 01:45:00
2024-06-18,2:00:00 PM,0,104.587,23.753,2024-06-18 02:00:00
2024-06-18,2:15:00 PM,0,104.586,23.776,2024-06-18 02:15:00
2024-06-18,2:30:00 PM,0,104.571,23.809,2024-06-18 02:30:00
2024-06-18,2:45:00 PM,0,104.555,23.839,2024-06-18 02:45:00
2024-06-18,3:00:00 PM,0,104.535,23.937,2024-06-18 03:00:00
2024-06-18,3:15:00 PM,0,104.522,23.971,2024-06-18 03:15:00
2024-06-18,3:30:00 PM,0,104.518,24.012,2024-06-18 03:30:00
2024-06-18,3:45:00 PM,0,104.506,24.058,2024-06-18 03:45:00
2024-06-18,4:00:00 PM,0,104.481,24.098,2024-06-18 04:00:00
2024-06-18,4:15:00 PM,0,104.463,24.13,2024-06-18 04:15:00
2024-06-18,4:30:00 PM,0,104.449,24.163,2024-06-18 04:30:00
2024-06-18,4:45:00 PM,0,104.439,24.196,2024-06-18 04:45:00
2024-06-18,5:00:00 PM,0,104.424,24.225,2024-06-18 05:00:00
2024-06-18,5:15:00 PM,0,104.415,24.251,2024-06-18 05:15:00
2024-06-18,5:30:00 PM,0,104.408,24.277,2024-06-18 05:30:00
2024-06-18,5:45:00 PM,0,104.394,24.301,2024-06-18 05:45:00
2024-06-18,6:00:00 PM,0,104.386,24.323,2024-06-18 06:00:00
2024-06-18,6:15:00 PM,0,104.381,24.341,2024-06-18 06:15:00
2024-06-18,6:30:00 PM,0,104.383,24.359,2024-06-18 06:30:00
2024-06-18,6:45:00 PM,0,104.381,24.373,2024-06-18 06:45:00
2024-06-18,7:00:00 PM,0,104.379,24.377,2024-06-18 07:00:00
2024-06-18,7:15:00 PM,0,104.37,24.383,2024-06-18 07:15:00
2024-06-18,7:30:00 PM,0,104.363,24.387,2024-06-18 07:30:00
2024-06-18,7:45:00 PM,0,104.354,24.386,2024-06-18 07:45:00
2024-06-18,8:00:00 PM,0,104.342,24.381,2024-06-18 08:00:00
2024-06-18,8:15:00 PM,0,104.331,24.372,2024-06-18 08:15:00
2024-06-18,8:30:00 PM,0,104.327,24.359,2024-06-18 08:30:00
2024-06-18,8:45:00 PM,0,104.314,24.341,2024-06-18 08:45:00
2024-06-18,9:00:00 PM,0,104.307,24.326,2024-06-18 09:00:00
2024-06-18,9:15:00 PM,0,104.295,24.309,2024-06-18 09:15:00
2024-06-18,9:30:00 PM,0,104.286,24.29,2024-06-18 09:30:00
2024-06-18,9:45:00 PM,0,104.274,24.277,2024-06-18 09:45:00
2024-06-18,10:00:00 PM,0,104.268,24.259,2024-06-18 10:00:00
2024-06-18,10:15:00 PM,0,104.265,24.235,2024-06-18 10:15:00
2024-06-18,10:30:00 PM,0,104.261,24.21,2024-06-18 10:30:00
2024-06-18,10:45:00 PM,0,104.256,24.183,2024-06-18 10:45:00
2024-06-18,11:00:00 PM,0,104.258,24.153,2024-06-18 11:00:00
2024-06-18,11:15:00 PM,0,104.249,24.121,2024-06-18 11:15:00
2024-06-18,11:30:00 PM,0,104.246,24.091,2024-06-18 11:30:00
2024-06-18,11:45:00 PM,0,104.236,24.056,2024-06-18 11:45:00
2024-06-19,12:00:00 AM,0,104.232,24.025,2024-06-19 12:00:00
2024-06-19,12:15:00 AM,0,104.235,23.99,2024-06-19 12:15:00
2024-06-19,12:30:00 AM,0,104.241,23.953,2024-06-19 12:30:00
2024-06-19,12:45:00 AM,0,104.229,23.918,2024-06-19 12:45:00
2024-06-19,1:00:00 AM,0,104.227,23.881,2024-06-19 01:00:00
2024-06-19,1:15:00 AM,0,104.216,23.845,2024-06-19 01:15:00
2024-06-19,1:30:00 AM,0,104.213,23.809,2024-06-19 01:30:00
2024-06-19,1:45:00 AM,0,104.209,23.77,2024-06-19 01:45:00
2024-06-19,2:00:00 AM,0,104.21,23.728,2024-06-19 02:00:00
2024-06-19,2:15:00 AM,0,104.207,23.688,2024-06-19 02:15:00
2024-06-19,2:30:00 AM,0,104.202,23.645,2024-06-19 02:30:00
2024-06-19,2:45:00 AM,0,104.209,23.602,2024-06-19 02:45:00
2024-06-19,3:00:00 AM,0,104.208,23.554,2024-06-19 03:00:00
2024-06-19,3:15:00 AM,0,104.213,23.509,2024-06-19 03:15:00
2024-06-19,3:30:00 AM,0,104.216,23.459,2024-06-19 03:30:00
2024-06-19,3:45:00 AM,0,104.218,23.405,2024-06-19 03:45:00
2024-06-19,4:00:00 AM,0,104.231,23.349,2024-06-19 04:00:00
2024-06-19,4:15:00 AM,0,104.249,23.297,2024-06-19 04:15:00
2024-06-19,4:30:00 AM,0,104.273,23.247,2024-06-19 04:30:00
2024-06-19,4:45:00 AM,0,104.301,23.192,2024-06-19 04:45:00
2024-06-19,5:00:00 AM,0,104.316,23.145,2024-06-19 05:00:00
2024-06-19,5:15:00 AM,0,104.352,23.096,2024-06-19 05:15:00
2024-06-19,5:30:00 AM,0,104.383,23.045,2024-06-19 05:30:00
2024-06-19,5:45:00 AM,0,104.401,22.996,2024-06-19 05:45:00
2024-06-19,6:00:00 AM,0,104.438,22.955,2024-06-19 06:00:00
2024-06-19,6:15:00 AM,0,104.429,22.914,2024-06-19 06:15:00
2024-06-19,6:30:00 AM,0,104.435,22.878,2024-06-19 06:30:00
2024-06-19,6:45:00 AM,0,104.484,22.84,2024-06-19 06:45:00
2024-06-19,7:00:00 AM,0,104.514,22.803,2024-06-19 07:00:00
2024-06-19,7:15:00 AM,0,104.519,22.771,2024-06-19 07:15:00
2024-06-19,7:30:00 AM,0,104.521,22.742,2024-06-19 07:30:00
2024-06-19,7:45:00 AM,0,104.531,22.72,2024-06-19 07:45:00
2024-06-19,8:00:00 AM,0,104.534,22.699,2024-06-19 08:00:00
2024-06-19,8:15:00 AM,0,104.532,22.691,2024-06-19 08:15:00
2024-06-19,8:30:00 AM,0,104.541,22.684,2024-06-19 08:30:00
2024-06-19,8:45:00 AM,0,104.534,22.689,2024-06-19 08:45:00
2024-06-19,9:00:00 AM,0,104.527,22.692,2024-06-19 09:00:00
2024-06-19,9:15:00 AM,0,104.531,22.693,2024-06-19 09:15:00
2024-06-19,9:30:00 AM,0,104.532,22.696,2024-06-19 09:30:00
2024-06-19,9:45:00 AM,0,104.535,22.706,2024-06-19 09:45:00
2024-06-19,10:00:00 AM,0,104.571,22.715,2024-06-19 10:00:00
2024-06-19,10:15:00 AM,0,104.57,22.73,2024-06-19 10:15:00
2024-06-19,10:30:00 AM,0,104.572,22.745,2024-06-19 10:30:00
2024-06-19,10:45:00 AM,0,104.577,22.756,2024-06-19 10:45:00
2024-06-19,11:00:00 AM,0,104.581,22.772,2024-06-19 11:00:00
2024-06-19,11:15:00 AM,0,104.591,22.801,2024-06-19 11:15:00
2024-06-19,11:30:00 AM,0,104.6,22.836,2024-06-19 11:30:00
2024-06-19,11:45:00 AM,0,104.608,22.895,2024-06-19 11:45:00
2024-06-19,12:00:00 PM,0,104.613,22.933,2024-06-19 12:00:00
2024-06-19,12:15:00 PM,0,104.621,22.964,2024-06-19 12:15:00
2024-06-19,12:30:00 PM,0,104.632,23.012,2024-06-19 12:30:00
2024-06-19,12:45:00 PM,0,104.645,23.086,2024-06-19 12:45:00
2024-06-19,1:00:00 PM,0,104.647,23.12,2024-06-19 01:00:00
2024-06-19,1:15:00 PM,0,104.657,23.189,2024-06-19 01:15:00
2024-06-19,1:30:00 PM,0,104.675,23.272,2024-06-19 01:30:00
2024-06-19,1:45:00 PM,0,104.675,23.297,2024-06-19 01:45:00
2024-06-19,2:00:00 PM,0,104.678,23.354,2024-06-19 02:00:00
2024-06-19,2:15:00 PM,0,104.683,23.398,2024-06-19 02:15:00
2024-06-19,2:30:00 PM,0,104.681,23.424,2024-06-19 02:30:00
2024-06-19,2:45:00 PM,0,104.676,23.449,2024-06-19 02:45:00
2024-06-19,3:00:00 PM,0,104.675,23.484,2024-06-19 03:00:00
2024-06-19,3:15:00 PM,0,104.661,23.527,2024-06-19 03:15:00
2024-06-19,3:30:00 PM,0,104.655,23.576,2024-06-19 03:30:00
2024-06-19,3:45:00 PM,0,104.633,23.603,2024-06-19 03:45:00
2024-06-19,4:00:00 PM,0,104.616,23.624,2024-06-19 04:00:00
2024-06-19,4:15:00 PM,0,104.602,23.655,2024-06-19 04:15:00
2024-06-19,4:30:00 PM,0,104.597,23.687,2024-06-19 04:30:00
2024-06-19,4:45:00 PM,0,104.595,23.713,2024-06-19 04:45:00
2024-06-19,5:00:00 PM,0,104.586,23.74,2024-06-19 05:00:00
2024-06-19,5:15:00 PM,0,104.568,23.774,2024-06-19 05:15:00
2024-06-19,5:30:00 PM,0,104.575,23.802,2024-06-19 05:30:00
2024-06-19,5:45:00 PM,0,104.558,23.832,2024-06-19 05:45:00
2024-06-19,6:00:00 PM,0,104.568,23.867,2024-06-19 06:00:00
2024-06-19,6:15:00 PM,0,104.56,23.897,2024-06-19 06:15:00
2024-06-19,6:30:00 PM,0,104.563,23.928,2024-06-19 06:30:00
2024-06-19,6:45:00 PM,0,104.571,23.952,2024-06-19 06:45:00
2024-06-19,7:00:00 PM,0,104.573,23.975,2024-06-19 07:00:00
2024-06-19,7:15:00 PM,0,104.575,23.994,2024-06-19 07:15:00
2024-06-19,7:30:00 PM,0,104.583,24.008,2024-06-19 07:30:00
2024-06-19,7:45:00 PM,0,104.586,24.017,2024-06-19 07:45:00
2024-06-19,8:00:00 PM,0,104.583,24.019,2024-06-19 08:00:00
2024-06-19,8:15:00 PM,0,104.578,24.02,2024-06-19 08:15:00
2024-06-19,8:30:00 PM,0,104.569,24.011,2024-06-19 08:30:00
2024-06-19,8:45:00 PM,0,104.569,23.998,2024-06-19 08:45:00
2024-06-19,9:00:00 PM,0,104.565,23.985,2024-06-19 09:00:00
2024-06-19,9:15:00 PM,0,104.563,23.966,2024-06-19 09:15:00
2024-06-19,9:30:00 PM,0,104.568,23.937,2024-06-19 09:30:00
2024-06-19,9:45:00 PM,0,104.56,23.906,2024-06-19 09:45:00
2024-06-19,10:00:00 PM,0,104.574,23.871,2024-06-19 10:00:00
2024-06-19,10:15:00 PM,0,104.568,23.832,2024-06-19 10:15:00
2024-06-19,10:30:00 PM,0,104.555,23.795,2024-06-19 10:30:00
2024-06-19,10:45:00 PM,0,104.544,23.755,2024-06-19 10:45:00
2024-06-19,11:00:00 PM,0,104.542,23.718,2024-06-19 11:00:00
2024-06-19,11:15:00 PM,0,104.545,23.675,2024-06-19 11:15:00
2024-06-19,11:30:00 PM,0,104.536,23.636,2024-06-19 11:30:00
2024-06-19,11:45:00 PM,0,104.529,23.596,2024-06-19 11:45:00
2024-06-20,12:00:00 AM,0,104.515,23.557,2024-06-20 12:00:00
2024-06-20,12:15:00 AM,0,104.508,23.515,2024-06-20 12:15:00
2024-06-20,12:30:00 AM,0,104.489,23.472,2024-06-20 12:30:00
2024-06-20,12:45:00 AM,0,104.472,23.432,2024-06-20 12:45:00
2024-06-20,1:00:00 AM,0,104.445,23.385,2024-06-20 01:00:00
2024-06-20,1:15:00 AM,0,104.422,23.339,2024-06-20 01:15:00
2024-06-20,1:30:00 AM,0,104.409,23.291,2024-06-20 01:30:00
2024-06-20,1:45:00 AM,0,104.397,23.244,2024-06-20 01:45:00
2024-06-20,2:00:00 AM,0,104.387,23.197,2024-06-20 02:00:00
2024-06-20,2:15:00 AM,0,104.371,23.149,2024-06-20 02:15:00
2024-06-20,2:30:00 AM,0,104.424,23.097,2024-06-20 02:30:00
2024-06-20,2:45:00 AM,0,104.455,23.043,2024-06-20 02:45:00
2024-06-20,3:00:00 AM,0,104.466,22.993,2024-06-20 03:00:00
2024-06-20,3:15:00 AM,0,104.477,22.941,2024-06-20 03:15:00
2024-06-20,3:30:00 AM,0,104.491,22.883,2024-06-20 03:30:00
2024-06-20,3:45:00 AM,0,104.504,22.83,2024-06-20 03:45:00
2024-06-20,4:00:00 AM,0,104.528,22.773,2024-06-20 04:00:00
2024-06-20,4:15:00 AM,0,104.552,22.714,2024-06-20 04:15:00
2024-06-20,4:30:00 AM,0,104.575,22.659,2024-06-20 04:30:00
2024-06-20,4:45:00 AM,0,104.583,22.598,2024-06-20 04:45:00
2024-06-20,5:00:00 AM,0,104.605,22.54,2024-06-20 05:00:00
2024-06-20,5:15:00 AM,0,104.625,22.485,2024-06-20 05:15:00
2024-06-20,5:30:00 AM,0,104.614,22.428,2024-06-20 05:30:00
2024-06-20,5:45:00 AM,0,104.596,22.366,2024-06-20 05:45:00
2024-06-20,6:00:00 AM,0,104.586,22.308,2024-06-20 06:00:00
2024-06-20,6:15:00 AM,0,104.575,22.252,2024-06-20 06:15:00
2024-06-20,6:30:00 AM,0,104.565,22.194,2024-06-20 06:30:00
2024-06-20,6:45:00 AM,0,104.574,22.139,2024-06-20 06:45:00
2024-06-20,7:00:00 AM,0,104.637,22.086,2024-06-20 07:00:00
2024-06-20,7:15:00 AM,0,104.684,22.041,2024-06-20 07:15:00
2024-06-20,7:30:00 AM,0,104.712,22.002,2024-06-20 07:30:00
2024-06-20,7:45:00 AM,0,104.748,21.965,2024-06-20 07:45:00
2024-06-20,8:00:00 AM,0,104.775,21.937,2024-06-20 08:00:00
2024-06-20,8:15:00 AM,0,104.788,21.915,2024-06-20 08:15:00
2024-06-20,8:30:00 AM,0,104.809,21.9,2024-06-20 08:30:00
2024-06-20,8:45:00 AM,0,104.82,21.894,2024-06-20 08:45:00
2024-06-20,9:00:00 AM,0,104.819,21.896,2024-06-20 09:00:00
2024-06-20,9:15:00 AM,0,104.827,21.904,2024-06-20 09:15:00
2024-06-20,9:30:00 AM,0,104.818,21.915,2024-06-20 09:30:00
2024-06-20,9:45:00 AM,0,104.834,21.934,2024-06-20 09:45:00
2024-06-20,10:00:00 AM,0,104.848,21.963,2024-06-20 10:00:00
2024-06-20,10:15:00 AM,0,104.864,22.006,2024-06-20 10:15:00
2024-06-20,10:30:00 AM,0,104.852,22.043,2024-06-20 10:30:00
2024-06-20,10:45:00 AM,0,104.852,22.09,2024-06-20 10:45:00
2024-06-20,11:00:00 AM,0,104.85,22.142,2024-06-20 11:00:00
2024-06-20,11:15:00 AM,0,104.847,22.205,2024-06-20 11:15:00
2024-06-20,11:30:00 AM,0,104.842,22.262,2024-06-20 11:30:00
2024-06-20,11:45:00 AM,0,104.851,22.314,2024-06-20 11:45:00
2024-06-20,12:00:00 PM,0,104.853,22.373,2024-06-20 12:00:00
2024-06-20,12:15:00 PM,0,104.837,22.434,2024-06-20 12:15:00
2024-06-20,12:30:00 PM,0,104.827,22.501,2024-06-20 12:30:00
2024-06-20,12:45:00 PM,0,104.814,22.552,2024-06-20 12:45:00
2024-06-20,1:00:00 PM,0,104.801,22.594,2024-06-20 01:00:00
2024-06-20,1:15:00 PM,0,104.779,22.674,2024-06-20 01:15:00
2024-06-20,1:30:00 PM,0,104.777,22.772,2024-06-20 01:30:00
2024-06-20,1:45:00 PM,0,104.766,22.828,2024-06-20 01:45:00
2024-06-20,2:00:00 PM,0,104.752,22.826,2024-06-20 02:00:00
2024-06-20,2:15:00 PM,0,104.74,22.875,2024-06-20 02:15:00
2024-06-20,2:30:00 PM,0,104.736,22.938,2024-06-20 02:30:00
2024-06-20,2:45:00 PM,0,104.735,22.986,2024-06-20 02:45:00
2024-06-20,3:00:00 PM,0,104.742,23.018,2024-06-20 03:00:00
2024-06-20,3:15:00 PM,0,104.751,23.074,2024-06-20 03:15:00
2024-06-20,3:30:00 PM,0,104.762,23.143,2024-06-20 03:30:00
2024-06-20,3:45:00 PM,0,104.768,23.192,2024-06-20 03:45:00
2024-06-20,4:00:00 PM,0,104.762,23.256,2024-06-20 04:00:00
2024-06-20,4:15:00 PM,0,104.742,23.31,2024-06-20 04:15:00
2024-06-20,4:30:00 PM,0,104.716,23.362,2024-06-20 04:30:00
2024-06-20,4:45:00 PM,0,104.711,23.41,2024-06-20 04:45:00
2024-06-20,5:00:00 PM,0,104.711,23.46,2024-06-20 05:00:00
2024-06-20,5:15:00 PM,0,104.704,23.505,2024-06-20 05:15:00
2024-06-20,5:30:00 PM,0,104.695,23.554,2024-06-20 05:30:00
2024-06-20,5:45:00 PM,0,104.674,23.592,2024-06-20 05:45:00
2024-06-20,6:00:00 PM,0,104.66,23.631,2024-06-20 06:00:00
2024-06-20,6:15:00 PM,0,104.653,23.667,2024-06-20 06:15:00
2024-06-20,6:30:00 PM,0,104.644,23.694,2024-06-20 06:30:00
2024-06-20,6:45:00 PM,0,104.63,23.724,2024-06-20 06:45:00
2024-06-20,7:00:00 PM,0,104.619,23.75,2024-06-20 07:00:00
2024-06-20,7:15:00 PM,0,104.617,23.768,2024-06-20 07:15:00
2024-06-20,7:30:00 PM,0,104.614,23.784,2024-06-20 07:30:00
2024-06-20,7:45:00 PM,0,104.611,23.801,2024-06-20 07:45:00
2024-06-20,8:00:00 PM,0,104.6,23.814,2024-06-20 08:00:00
2024-06-20,8:15:00 PM,0,104.597,23.825,2024-06-20 08:15:00
2024-06-20,8:30:00 PM,0,104.595,23.835,2024-06-20 08:30:00
2024-06-20,8:45:00 PM,0,104.599,23.847,2024-06-20 08:45:00
2024-06-20,9:00:00 PM,0,104.593,23.853,2024-06-20 09:00:00
2024-06-20,9:15:00 PM,0,104.587,23.857,2024-06-20 09:15:00
2024-06-20,9:30:00 PM,0,104.595,23.857,2024-06-20 09:30:00
2024-06-20,9:45:00 PM,0,104.596,23.848,2024-06-20 09:45:00
2024-06-20,10:00:00 PM,0,104.596,23.84,2024-06-20 10:00:00
2024-06-20,10:15:00 PM,0,104.596,23.827,2024-06-20 10:15:00
2024-06-20,10:30:00 PM,0,104.589,23.811,2024-06-20 10:30:00
2024-06-20,10:45:00 PM,0,104.575,23.795,2024-06-20 10:45:00
2024-06-20,11:00:00 PM,0,104.561,23.777,2024-06-20 11:00:00
2024-06-20,11:15:00 PM,0,104.552,23.759,2024-06-20 11:15:00
2024-06-20,11:30:00 PM,0,104.544,23.739,2024-06-20 11:30:00
2024-06-20,11:45:00 PM,0,104.536,23.718,2024-06-20 11:45:00
2024-06-21,12:00:00 AM,0,104.531,23.696,2024-06-21 12:00:00
2024-06-21,12:15:00 AM,0,104.517,23.672,2024-06-21 12:15:00
2024-06-21,12:30:00 AM,0,104.505,23.645,2024-06-21 12:30:00
2024-06-21,12:45:00 AM,0,104.502,23.62,2024-06-21 12:45:00
2024-06-21,1:00:00 AM,0,104.496,23.591,2024-06-21 01:00:00
2024-06-21,1:15:00 AM,0,104.494,23.56,2024-06-21 01:15:00
2024-06-21,1:30:00 AM,0,104.483,23.53,2024-06-21 01:30:00
2024-06-21,1:45:00 AM,0,104.476,23.495,2024-06-21 01:45:00
2024-06-21,2:00:00 AM,0,104.467,23.462,2024-06-21 02:00:00
2024-06-21,2:15:00 AM,0,104.457,23.423,2024-06-21 02:15:00
2024-06-21,2:30:00 AM,0,104.464,23.387,2024-06-21 02:30:00
2024-06-21,2:45:00 AM,0,104.466,23.347,2024-06-21 02:45:00
2024-06-21,3:00:00 AM,0,104.471,23.303,2024-06-21 03:00:00
2024-06-21,3:15:00 AM,0,104.454,23.261,2024-06-21 03:15:00
2024-06-21,3:30:00 AM,0,104.46,23.216,2024-06-21 03:30:00
2024-06-21,3:45:00 AM,0,104.451,23.17,2024-06-21 03:45:00
2024-06-21,4:00:00 AM,0,104.448,23.124,2024-06-21 04:00:00
2024-06-21,4:15:00 AM,0,104.454,23.077,2024-06-21 04:15:00
2024-06-21,4:30:00 AM,0,104.483,23.025,2024-06-21 04:30:00
2024-06-21,4:45:00 AM,0,104.497,22.972,2024-06-21 04:45:00
2024-06-21,5:00:00 AM,0,104.493,22.92,2024-06-21 05:00:00
2024-06-21,5:15:00 AM,0,104.481,22.869,2024-06-21 05:15:00
2024-06-21,5:30:00 AM,0,104.474,22.814,2024-06-21 05:30:00
2024-06-21,5:45:00 AM,0,104.467,22.76,2024-06-21 05:45:00
2024-06-21,6:00:00 AM,0,104.45,22.705,2024-06-21 06:00:00
2024-06-21,6:15:00 AM,0,104.482,22.649,2024-06-21 06:15:00
2024-06-21,6:30:00 AM,0,104.537,22.591,2024-06-21 06:30:00
2024-06-21,6:45:00 AM,0,104.568,22.54,2024-06-21 06:45:00
2024-06-21,7:00:00 AM,0,104.586,22.492,2024-06-21 07:00:00
2024-06-21,7:15:00 AM,0,104.602,22.446,2024-06-21 07:15:00
2024-06-21,7:30:00 AM,0,104.612,22.403,2024-06-21 07:30:00
2024-06-21,7:45:00 AM,0,104.622,22.366,2024-06-21 07:45:00
2024-06-21,8:00:00 AM,0,104.629,22.332,2024-06-21 08:00:00
2024-06-21,8:15:00 AM,0,104.636,22.305,2024-06-21 08:15:00
2024-06-21,8:30:00 AM,0,104.651,22.284,2024-06-21 08:30:00
2024-06-21,8:45:00 AM,0,104.659,22.274,2024-06-21 08:45:00
2024-06-21,9:00:00 AM,0,104.665,22.27,2024-06-21 09:00:00
2024-06-21,9:15:00 AM,0,104.653,22.269,2024-06-21 09:15:00
2024-06-21,9:30:00 AM,0,104.647,22.276,2024-06-21 09:30:00
2024-06-21,9:45:00 AM,0,104.638,22.289,2024-06-21 09:45:00
2024-06-21,10:00:00 AM,0,104.63,22.308,2024-06-21 10:00:00
2024-06-21,10:15:00 AM,0,104.623,22.345,2024-06-21 10:15:00
2024-06-21,10:30:00 AM,0,104.618,22.375,2024-06-21 10:30:00
2024-06-21,10:45:00 AM,0,104.612,22.413,2024-06-21 10:45:00
2024-06-21,11:00:00 AM,0,104.61,22.454,2024-06-21 11:00:00
2024-06-21,11:15:00 AM,0,104.601,22.506,2024-06-21 11:15:00
2024-06-21,11:30:00 AM,0,104.589,22.573,2024-06-21 11:30:00
2024-06-21,11:45:00 AM,0,104.578,22.644,2024-06-21 11:45:00
2024-06-21,12:00:00 PM,0,104.579,22.721,2024-06-21 12:00:00
2024-06-21,12:15:00 PM,0,104.566,22.809,2024-06-21 12:15:00
2024-06-21,12:30:00 PM,0,104.567,22.909,2024-06-21 12:30:00
2024-06-21,12:45:00 PM,0,104.544,22.984,2024-06-21 12:45:00
2024-06-21,1:00:00 PM,0,104.537,22.998,2024-06-21 01:00:00
2024-06-21,1:15:00 PM,0,104.529,23.143,2024-06-21 01:15:00
2024-06-21,1:30:00 PM,0,104.548,23.27,2024-06-21 01:30:00
2024-06-21,1:45:00 PM,0,104.538,23.269,2024-06-21 01:45:00
2024-06-21,2:00:00 PM,0,104.555,23.384,2024-06-21 02:00:00
2024-06-21,2:15:00 PM,0,104.549,23.491,2024-06-21 02:15:00
2024-06-21,2:30:00 PM,0,104.529,23.565,2024-06-21 02:30:00
2024-06-21,2:45:00 PM,0,104.524,23.651,2024-06-21 02:45:00
2024-06-21,3:00:00 PM,0,104.515,23.726,2024-06-21 03:00:00
2024-06-21,3:15:00 PM,0,104.5,23.803,2024-06-21 03:15:00
2024-06-21,3:30:00 PM,0,104.477,23.871,2024-06-21 03:30:00
2024-06-21,3:45:00 PM,0,104.449,23.939,2024-06-21 03:45:00
2024-06-21,4:00:00 PM,0,104.446,23.994,2024-06-21 04:00:00
2024-06-21,4:15:00 PM,0,104.431,24.06,2024-06-21 04:15:00
2024-06-21,4:30:00 PM,0,104.415,24.126,2024-06-21 04:30:00
2024-06-21,4:45:00 PM,0,104.395,24.183,2024-06-21 04:45:00
2024-06-21,5:00:00 PM,0,104.375,24.219,2024-06-21 05:00:00
2024-06-21,5:15:00 PM,0,104.353,24.247,2024-06-21 05:15:00
2024-06-21,5:30:00 PM,0,104.339,24.278,2024-06-21 05:30:00
2024-06-21,5:45:00 PM,0,104.322,24.308,2024-06-21 05:45:00
2024-06-21,6:00:00 PM,0,104.31,24.344,2024-06-21 06:00:00
2024-06-21,6:15:00 PM,0,104.312,24.381,2024-06-21 06:15:00
2024-06-21,6:30:00 PM,0,104.305,24.421,2024-06-21 06:30:00
2024-06-21,6:45:00 PM,0,104.292,24.456,2024-06-21 06:45:00
2024-06-21,7:00:00 PM,0,104.287,24.488,2024-06-21 07:00:00
2024-06-21,7:15:00 PM,0,104.282,24.512,2024-06-21 07:15:00
2024-06-21,7:30:00 PM,0,104.281,24.534,2024-06-21 07:30:00
2024-06-21,7:45:00 PM,0,104.279,24.55,2024-06-21 07:45:00
2024-06-21,8:00:00 PM,0,104.28,24.563,2024-06-21 08:00:00
2024-06-21,8:15:00 PM,0,104.282,24.577,2024-06-21 08:15:00
2024-06-21,8:30:00 PM,0,104.283,24.587,2024-06-21 08:30:00
2024-06-21,8:45:00 PM,0,104.284,24.596,2024-06-21 08:45:00
2024-06-21,9:00:00 PM,0,104.275,24.598,2024-06-21 09:00:00
2024-06-21,9:15:00 PM,0,104.276,24.597,2024-06-21 09:15:00
2024-06-21,9:30:00 PM,0,104.274,24.587,2024-06-21 09:30:00
2024-06-21,9:45:00 PM,0,104.273,24.572,2024-06-21 09:45:00
2024-06-21,10:00:00 PM,0,104.266,24.555,2024-06-21 10:00:00
2024-06-21,10:15:00 PM,0,104.264,24.533,2024-06-21 10:15:00
2024-06-21,10:30:00 PM,0,104.258,24.511,2024-06-21 10:30:00
2024-06-21,10:45:00 PM,0,104.25,24.492,2024-06-21 10:45:00
2024-06-21,11:00:00 PM,0,104.243,24.468,2024-06-21 11:00:00
2024-06-21,11:15:00 PM,0,104.232,24.439,2024-06-21 11:15:00
2024-06-21,11:30:00 PM,0,104.219,24.405,2024-06-21 11:30:00
2024-06-21,11:45:00 PM,0,104.204,24.368,2024-06-21 11:45:00
2024-06-22,12:00:00 AM,0,104.194,24.335,2024-06-22 12:00:00
2024-06-22,12:15:00 AM,0,104.18,24.297,2024-06-22 12:15:00
2024-06-22,12:30:00 AM,0,104.164,24.259,2024-06-22 12:30:00
2024-06-22,12:45:00 AM,0,104.151,24.22,2024-06-22 12:45:00
2024-06-22,1:00:00 AM,0,104.136,24.178,2024-06-22 01:00:00
2024-06-22,1:15:00 AM,0,104.128,24.135,2024-06-22 01:15:00
2024-06-22,1:30:00 AM,0,104.114,24.091,2024-06-22 01:30:00
2024-06-22,1:45:00 AM,0,104.108,24.049,2024-06-22 01:45:00
2024-06-22,2:00:00 AM,0,104.102,24.001,2024-06-22 02:00:00
2024-06-22,2:15:00 AM,0,104.099,23.953,2024-06-22 02:15:00
2024-06-22,2:30:00 AM,0,104.091,23.902,2024-06-22 02:30:00
2024-06-22,2:45:00 AM,0,104.097,23.851,2024-06-22 02:45:00
2024-06-22,3:00:00 AM,0,104.092,23.798,2024-06-22 03:00:00
2024-06-22,3:15:00 AM,0,104.092,23.744,2024-06-22 03:15:00
2024-06-22,3:30:00 AM,0,104.102,23.69,2024-06-22 03:30:00
2024-06-22,3:45:00 AM,0,104.117,23.635,2024-06-22 03:45:00
2024-06-22,4:00:00 AM,0,104.105,23.576,2024-06-22 04:00:00
2024-06-22,4:15:00 AM,0,104.102,23.519,2024-06-22 04:15:00
2024-06-22,4:30:00 AM,0,104.114,23.459,2024-06-22 04:30:00
2024-06-22,4:45:00 AM,0,104.104,23.4,2024-06-22 04:45:00
2024-06-22,5:00:00 AM,0,104.103,23.342,2024-06-22 05:00:00
2024-06-22,5:15:00 AM,0,104.105,23.279,2024-06-22 05:15:00
2024-06-22,5:30:00 AM,0,104.092,23.218,2024-06-22 05:30:00
2024-06-22,5:45:00 AM,0,104.108,23.158,2024-06-22 05:45:00
2024-06-22,6:00:00 AM,0,104.108,23.099,2024-06-22 06:00:00
2024-06-22,6:15:00 AM,0,104.094,23.032,2024-06-22 06:15:00
2024-06-22,6:30:00 AM,0,104.106,22.971,2024-06-22 06:30:00
2024-06-22,6:45:00 AM,0,104.134,22.915,2024-06-22 06:45:00
2024-06-22,7:00:00 AM,0,104.129,22.863,2024-06-22 07:00:00
2024-06-22,7:15:00 AM,0,104.119,22.815,2024-06-22 07:15:00
2024-06-22,7:30:00 AM,0,104.145,22.767,2024-06-22 07:30:00
2024-06-22,7:45:00 AM,0,104.141,22.727,2024-06-22 07:45:00
2024-06-22,8:00:00 AM,0,104.145,22.693,2024-06-22 08:00:00
2024-06-22,8:15:00 AM,0,104.158,22.663,2024-06-22 08:15:00
2024-06-22,8:30:00 AM,0,104.163,22.639,2024-06-22 08:30:00
2024-06-22,8:45:00 AM,0,104.17,22.623,2024-06-22 08:45:00
2024-06-22,9:00:00 AM,0,104.172,22.619,2024-06-22 09:00:00
2024-06-22,9:15:00 AM,0,104.164,22.62,2024-06-22 09:15:00
2024-06-22,9:30:00 AM,0,104.165,22.625,2024-06-22 09:30:00
2024-06-22,9:45:00 AM,0,104.162,22.632,2024-06-22 09:45:00
2024-06-22,10:00:00 AM,0,104.16,22.649,2024-06-22 10:00:00
2024-06-22,10:15:00 AM,0,104.162,22.679,2024-06-22 10:15:00
2024-06-22,10:30:00 AM,0,104.164,22.706,2024-06-22 10:30:00
2024-06-22,10:45:00 AM,0,104.166,22.75,2024-06-22 10:45:00
2024-06-22,11:00:00 AM,0,104.167,22.786,2024-06-22 11:00:00
2024-06-22,11:15:00 AM,0,104.17,22.834,2024-06-22 11:15:00
2024-06-22,11:30:00 AM,0,104.17,22.886,2024-06-22 11:30:00
2024-06-22,11:45:00 AM,0,104.158,22.964,2024-06-22 11:45:00
2024-06-22,12:00:00 PM,0,104.16,23.039,2024-06-22 12:00:00
2024-06-22,12:15:00 PM,0,104.161,23.111,2024-06-22 12:15:00
2024-06-22,12:30:00 PM,0,104.17,23.205,2024-06-22 12:30:00
2024-06-22,12:45:00 PM,0,104.195,23.313,2024-06-22 12:45:00
2024-06-22,1:00:00 PM,0,104.206,23.406,2024-06-22 01:00:00
2024-06-22,1:15:00 PM,0,104.193,23.493,2024-06-22 01:15:00
2024-06-22,1:30:00 PM,0,104.171,23.579,2024-06-22 01:30:00
2024-06-22,1:45:00 PM,0,104.176,23.706,2024-06-22 01:45:00
2024-06-22,2:00:00 PM,0,104.157,23.73,2024-06-22 02:00:00
2024-06-22,2:15:00 PM,0,104.121,23.809,2024-06-22 02:15:00
2024-06-22,2:30:00 PM,0,104.125,23.918,2024-06-22 02:30:00
2024-06-22,2:45:00 PM,0,104.107,23.982,2024-06-22 02:45:00
2024-06-22,3:00:00 PM,0,104.09,24.052,2024-06-22 03:00:00
2024-06-22,3:15:00 PM,0,104.069,24.12,2024-06-22 03:15:00
2024-06-22,3:30:00 PM,0,104.051,24.175,2024-06-22 03:30:00
2024-06-22,3:45:00 PM,0,104.04,24.227,2024-06-22 03:45:00
2024-06-22,4:00:00 PM,0,104.029,24.286,2024-06-22 04:00:00
2024-06-22,4:15:00 PM,0,104.02,24.341,2024-06-22 04:15:00
2024-06-22,4:30:00 PM,0,104.006,24.4,2024-06-22 04:30:00
2024-06-22,4:45:00 PM,0,103.945,24.454,2024-06-22 04:45:00
2024-06-22,5:00:00 PM,0,103.931,24.496,2024-06-22 05:00:00
2024-06-22,5:15:00 PM,0,103.916,24.52,2024-06-22 05:15:00
2024-06-22,5:30:00 PM,0,103.909,24.548,2024-06-22 05:30:00
2024-06-22,5:45:00 PM,0,103.902,24.572,2024-06-22 05:45:00
2024-06-22,6:00:00 PM,0,103.895,24.594,2024-06-22 06:00:00
2024-06-22,6:15:00 PM,0,103.893,24.622,2024-06-22 06:15:00
2024-06-22,6:30:00 PM,0,103.884,24.648,2024-06-22 06:30:00
2024-06-22,6:45:00 PM,0,103.881,24.674,2024-06-22 06:45:00
2024-06-22,7:00:00 PM,0,103.882,24.702,2024-06-22 07:00:00
2024-06-22,7:15:00 PM,0,103.881,24.725,2024-06-22 07:15:00
2024-06-22,7:30:00 PM,0,103.883,24.75,2024-06-22 07:30:00
2024-06-22,7:45:00 PM,0,103.878,24.771,2024-06-22 07:45:00
2024-06-22,8:00:00 PM,0,103.871,24.795,2024-06-22 08:00:00
2024-06-22,8:15:00 PM,0,103.864,24.808,2024-06-22 08:15:00
2024-06-22,8:30:00 PM,0,103.869,24.817,2024-06-22 08:30:00
2024-06-22,8:45:00 PM,0,103.87,24.823,2024-06-22 08:45:00
2024-06-22,9:00:00 PM,0,103.875,24.825,2024-06-22 09:00:00
2024-06-22,9:15:00 PM,0,103.872,24.822,2024-06-22 09:15:00
2024-06-22,9:30:00 PM,0,103.874,24.82,2024-06-22 09:30:00
2024-06-22,9:45:00 PM,0,103.877,24.807,2024-06-22 09:45:00
2024-06-22,10:00:00 PM,0,103.876,24.79,2024-06-22 10:00:00
2024-06-22,10:15:00 PM,0,103.87,24.771,2024-06-22 10:15:00
2024-06-22,10:30:00 PM,0,103.865,24.749,2024-06-22 10:30:00
2024-06-22,10:45:00 PM,0,103.855,24.721,2024-06-22 10:45:00
2024-06-22,11:00:00 PM,0,103.85,24.69,2024-06-22 11:00:00
2024-06-22,11:15:00 PM,0,103.833,24.658,2024-06-22 11:15:00
2024-06-22,11:30:00 PM,0,103.818,24.624,2024-06-22 11:30:00
2024-06-22,11:45:00 PM,0,103.801,24.588,2024-06-22 11:45:00
2024-06-23,12:00:00 AM,0,103.791,24.55,2024-06-23 12:00:00
2024-06-23,12:15:00 AM,0,103.781,24.507,2024-06-23 12:15:00
2024-06-23,12:30:00 AM,0,103.773,24.462,2024-06-23 12:30:00
2024-06-23,12:45:00 AM,0,103.751,24.421,2024-06-23 12:45:00
2024-06-23,1:00:00 AM,0,103.729,24.381,2024-06-23 01:00:00
2024-06-23,1:15:00 AM,0,103.718,24.332,2024-06-23 01:15:00
2024-06-23,1:30:00 AM,0,103.698,24.286,2024-06-23 01:30:00
2024-06-23,1:45:00 AM,0,103.675,24.236,2024-06-23 01:45:00
2024-06-23,2:00:00 AM,0,103.66,24.187,2024-06-23 02:00:00
2024-06-23,2:15:00 AM,0,103.637,24.136,2024-06-23 02:15:00
2024-06-23,2:30:00 AM,0,103.624,24.082,2024-06-23 02:30:00
2024-06-23,2:45:00 AM,0,103.619,24.027,2024-06-23 02:45:00
2024-06-23,3:00:00 AM,0,103.609,23.972,2024-06-23 03:00:00
2024-06-23,3:15:00 AM,0,103.598,23.914,2024-06-23 03:15:00
2024-06-23,3:30:00 AM,0,103.595,23.858,2024-06-23 03:30:00
2024-06-23,3:45:00 AM,0,103.601,23.803,2024-06-23 03:45:00
2024-06-23,4:00:00 AM,0,103.608,23.744,2024-06-23 04:00:00
2024-06-23,4:15:00 AM,0,103.603,23.688,2024-06-23 04:15:00
2024-06-23,4:30:00 AM,0,103.613,23.627,2024-06-23 04:30:00
2024-06-23,4:45:00 AM,0,103.627,23.567,2024-06-23 04:45:00
2024-06-23,5:00:00 AM,0,103.625,23.509,2024-06-23 05:00:00
2024-06-23,5:15:00 AM,0,103.63,23.446,2024-06-23 05:15:00
2024-06-23,5:30:00 AM,0,103.64,23.385,2024-06-23 05:30:00
2024-06-23,5:45:00 AM,0,103.672,23.323,2024-06-23 05:45:00
2024-06-23,6:00:00 AM,0,103.658,23.26,2024-06-23 06:00:00
2024-06-23,6:15:00 AM,0,103.653,23.199,2024-06-23 06:15:00
2024-06-23,6:30:00 AM,0,103.651,23.137,2024-06-23 06:30:00
2024-06-23,6:45:00 AM,0,103.644,23.076,2024-06-23 06:45:00
2024-06-23,7:00:00 AM,0,103.663,23.025,2024-06-23 07:00:00
2024-06-23,7:15:00 AM,0,103.664,22.97,2024-06-23 07:15:00
2024-06-23,7:30:00 AM,0,103.677,22.923,2024-06-23 07:30:00
2024-06-23,7:45:00 AM,0,103.673,22.878,2024-06-23 07:45:00
2024-06-23,8:00:00 AM,0,103.677,22.842,2024-06-23 08:00:00
2024-06-23,8:15:00 AM,0,103.685,22.81,2024-06-23 08:15:00
2024-06-23,8:30:00 AM,0,103.695,22.786,2024-06-23 08:30:00
2024-06-23,8:45:00 AM,0,103.698,22.77,2024-06-23 08:45:00
2024-06-23,9:00:00 AM,0,103.691,22.764,2024-06-23 09:00:00
2024-06-23,9:15:00 AM,0,103.702,22.763,2024-06-23 09:15:00
2024-06-23,9:30:00 AM,0,103.702,22.772,2024-06-23 09:30:00
2024-06-23,9:45:00 AM,0,103.705,22.783,2024-06-23 09:45:00
2024-06-23,10:00:00 AM,0,103.714,22.804,2024-06-23 10:00:00
2024-06-23,10:15:00 AM,0,103.722,22.842,2024-06-23 10:15:00
2024-06-23,10:30:00 AM,0,103.72,22.873,2024-06-23 10:30:00
2024-06-23,10:45:00 AM,0,103.729,22.913,2024-06-23 10:45:00
2024-06-23,11:00:00 AM,0,103.739,22.951,2024-06-23 11:00:00
2024-06-23,11:15:00 AM,0,103.745,23,2024-06-23 11:15:00
2024-06-23,11:30:00 AM,0,103.758,23.053,2024-06-23 11:30:00
2024-06-23,11:45:00 AM,0,103.769,23.117,2024-06-23 11:45:00
2024-06-23,12:00:00 PM,0,103.776,23.17,2024-06-23 12:00:00
2024-06-23,12:15:00 PM,0,103.779,23.236,2024-06-23 12:15:00
2024-06-23,12:30:00 PM,0,103.799,23.331,2024-06-23 12:30:00
2024-06-23,12:45:00 PM,0,103.821,23.438,2024-06-23 12:45:00
2024-06-23,1:00:00 PM,0,103.834,23.491,2024-06-23 01:00:00
2024-06-23,1:15:00 PM,0,103.823,23.521,2024-06-23 01:15:00
2024-06-23,1:30:00 PM,0,103.817,23.612,2024-06-23 01:30:00
2024-06-23,1:45:00 PM,0,103.806,23.763,2024-06-23 01:45:00
2024-06-23,2:00:00 PM,0,103.762,23.871,2024-06-23 02:00:00
2024-06-23,2:15:00 PM,0,103.743,23.837,2024-06-23 02:15:00
2024-06-23,2:30:00 PM,0,103.736,23.852,2024-06-23 02:30:00
2024-06-23,2:45:00 PM,0,103.729,23.875,2024-06-23 02:45:00
2024-06-23,3:00:00 PM,0,103.734,23.99,2024-06-23 03:00:00
2024-06-23,3:15:00 PM,0,103.715,24.041,2024-06-23 03:15:00
2024-06-23,3:30:00 PM,0,103.697,24.085,2024-06-23 03:30:00
2024-06-23,3:45:00 PM,0,103.675,24.139,2024-06-23 03:45:00
2024-06-23,4:00:00 PM,0,103.664,24.196,2024-06-23 04:00:00
2024-06-23,4:15:00 PM,0,103.649,24.243,2024-06-23 04:15:00
2024-06-23,4:30:00 PM,0,103.638,24.312,2024-06-23 04:30:00
2024-06-23,4:45:00 PM,0,103.623,24.376,2024-06-23 04:45:00
2024-06-23,5:00:00 PM,0,103.607,24.425,2024-06-23 05:00:00
2024-06-23,5:15:00 PM,0,103.594,24.466,2024-06-23 05:15:00
2024-06-23,5:30:00 PM,0,103.577,24.511,2024-06-23 05:30:00
2024-06-23,5:45:00 PM,0,103.514,24.546,2024-06-23 05:45:00
2024-06-23,6:00:00 PM,0,103.507,24.58,2024-06-23 06:00:00
2024-06-23,6:15:00 PM,0,103.504,24.611,2024-06-23 06:15:00
2024-06-23,6:30:00 PM,0,103.503,24.64,2024-06-23 06:30:00
2024-06-23,6:45:00 PM,0,103.502,24.671,2024-06-23 06:45:00
2024-06-23,7:00:00 PM,0,103.502,24.699,2024-06-23 07:00:00
2024-06-23,7:15:00 PM,0,103.501,24.729,2024-06-23 07:15:00
2024-06-23,7:30:00 PM,0,103.493,24.751,2024-06-23 07:30:00
2024-06-23,7:45:00 PM,0,103.492,24.772,2024-06-23 07:45:00
2024-06-23,8:00:00 PM,0,103.488,24.79,2024-06-23 08:00:00
2024-06-23,8:15:00 PM,0,103.481,24.805,2024-06-23 08:15:00
2024-06-23,8:30:00 PM,0,103.478,24.818,2024-06-23 08:30:00
2024-06-23,8:45:00 PM,0,103.48,24.832,2024-06-23 08:45:00
2024-06-23,9:00:00 PM,0,103.479,24.84,2024-06-23 09:00:00
2024-06-23,9:15:00 PM,0,103.481,24.843,2024-06-23 09:15:00
2024-06-23,9:30:00 PM,0,103.48,24.844,2024-06-23 09:30:00
2024-06-23,9:45:00 PM,0,103.478,24.842,2024-06-23 09:45:00
2024-06-23,10:00:00 PM,0,103.481,24.838,2024-06-23 10:00:00
2024-06-23,10:15:00 PM,0,103.478,24.829,2024-06-23 10:15:00
2024-06-23,10:30:00 PM,0,103.481,24.819,2024-06-23 10:30:00
2024-06-23,10:45:00 PM,0,103.477,24.805,2024-06-23 10:45:00
2024-06-23,11:00:00 PM,0,103.472,24.792,2024-06-23 11:00:00
2024-06-23,11:15:00 PM,0,103.471,24.772,2024-06-23 11:15:00
2024-06-23,11:30:00 PM,0,103.469,24.752,2024-06-23 11:30:00
2024-06-23,11:45:00 PM,0,103.462,24.728,2024-06-23 11:45:00
2024-06-24,12:00:00 AM,0,103.46,24.707,2024-06-24 12:00:00
2024-06-24,12:15:00 AM,0,103.45,24.685,2024-06-24 12:15:00
2024-06-24,12:30:00 AM,0,103.444,24.665,2024-06-24 12:30:00
2024-06-24,12:45:00 AM,0,103.437,24.641,2024-06-24 12:45:00
2024-06-24,1:00:00 AM,0,103.416,24.618,2024-06-24 01:00:00
2024-06-24,1:15:00 AM,0,103.408,24.597,2024-06-24 01:15:00
2024-06-24,1:30:00 AM,0,103.4,24.573,2024-06-24 01:30:00
2024-06-24,1:45:00 AM,0,103.402,24.551,2024-06-24 01:45:00
2024-06-24,2:00:00 AM,0,103.388,24.528,2024-06-24 02:00:00
2024-06-24,2:15:00 AM,0,103.382,24.507,2024-06-24 02:15:00
2024-06-24,2:30:00 AM,0,103.374,24.483,2024-06-24 02:30:00
2024-06-24,2:45:00 AM,0,103.361,24.462,2024-06-24 02:45:00
2024-06-24,3:00:00 AM,0,103.359,24.442,2024-06-24 03:00:00
2024-06-24,3:15:00 AM,0,103.354,24.419,2024-06-24 03:15:00
2024-06-24,3:30:00 AM,0,103.351,24.397,2024-06-24 03:30:00
2024-06-24,3:45:00 AM,0,103.358,24.373,2024-06-24 03:45:00
2024-06-24,4:00:00 AM,0,103.359,24.354,2024-06-24 04:00:00
2024-06-24,4:15:00 AM,0,103.353,24.332,2024-06-24 04:15:00
2024-06-24,4:30:00 AM,0,103.371,24.312,2024-06-24 04:30:00
2024-06-24,4:45:00 AM,0,103.388,24.29,2024-06-24 04:45:00
2024-06-24,5:00:00 AM,0,103.419,24.268,2024-06-24 05:00:00
2024-06-24,5:15:00 AM,0,103.407,24.249,2024-06-24 05:15:00
2024-06-24,5:30:00 AM,0,103.426,24.229,2024-06-24 05:30:00
2024-06-24,5:45:00 AM,0,103.483,24.208,2024-06-24 05:45:00
2024-06-24,6:00:00 AM,0,103.487,24.19,2024-06-24 06:00:00
2024-06-24,6:15:00 AM,0,103.472,24.165,2024-06-24 06:15:00
2024-06-24,6:30:00 AM,0,103.473,24.14,2024-06-24 06:30:00
2024-06-24,6:45:00 AM,0,103.511,24.118,2024-06-24 06:45:00
2024-06-24,7:00:00 AM,0,103.513,24.102,2024-06-24 07:00:00
2024-06-24,7:15:00 AM,0,103.501,24.083,2024-06-24 07:15:00
2024-06-24,7:30:00 AM,0,103.491,24.066,2024-06-24 07:30:00
2024-06-24,7:45:00 AM,0,103.504,24.048,2024-06-24 07:45:00
2024-06-24,8:00:00 AM,0,103.55,24.035,2024-06-24 08:00:00
2024-06-24,8:15:00 AM,0,103.558,24.023,2024-06-24 08:15:00
2024-06-24,8:30:00 AM,0,103.582,24.019,2024-06-24 08:30:00
2024-06-24,8:45:00 AM,0,103.601,24.018,2024-06-24 08:45:00
2024-06-24,9:00:00 AM,0,103.625,24.019,2024-06-24 09:00:00
2024-06-24,9:15:00 AM,0,103.637,24.028,2024-06-24 09:15:00
2024-06-24,9:30:00 AM,0,103.641,24.042,2024-06-24 09:30:00
2024-06-24,9:45:00 AM,0,103.65,24.051,2024-06-24 09:45:00
2024-06-24,10:00:00 AM,0,103.69,24.075,2024-06-24 10:00:00
2024-06-24,10:15:00 AM,0,103.709,24.107,2024-06-24 10:15:00
2024-06-24,10:30:00 AM,0,103.744,24.139,2024-06-24 10:30:00
2024-06-24,10:45:00 AM,0,103.787,24.171,2024-06-24 10:45:00
2024-06-24,11:00:00 AM,0,103.84,24.209,2024-06-24 11:00:00
2024-06-24,11:15:00 AM,0,103.905,24.25,2024-06-24 11:15:00
2024-06-24,11:30:00 AM,0,104.01,24.306,2024-06-24 11:30:00
2024-06-24,11:45:00 AM,0,104.106,24.367,2024-06-24 11:45:00
2024-06-24,12:00:00 PM,0,104.186,24.409,2024-06-24 12:00:00
2024-06-24,12:15:00 PM,0,104.242,24.478,2024-06-24 12:15:00
2024-06-24,12:30:00 PM,0,104.296,24.564,2024-06-24 12:30:00
2024-06-24,12:45:00 PM,0,104.309,24.651,2024-06-24 12:45:00
2024-06-24,1:00:00 PM,0,104.312,24.738,2024-06-24 01:00:00
2024-06-24,1:15:00 PM,0,104.306,24.844,2024-06-24 01:15:00
2024-06-24,1:30:00 PM,0,104.295,24.94,2024-06-24 01:30:00
2024-06-24,1:45:00 PM,0,104.268,24.999,2024-06-24 01:45:00
2024-06-24,2:00:00 PM,0,104.238,25.067,2024-06-24 02:00:00
2024-06-24,2:15:00 PM,0,104.21,25.167,2024-06-24 02:15:00
2024-06-24,2:30:00 PM,0,104.177,25.258,2024-06-24 02:30:00
2024-06-24,2:45:00 PM,0,104.148,25.325,2024-06-24 02:45:00
2024-06-24,3:00:00 PM,0,104.153,25.415,2024-06-24 03:00:00
2024-06-24,3:15:00 PM,0,104.141,25.473,2024-06-24 03:15:00
2024-06-24,3:30:00 PM,0,104.131,25.521,2024-06-24 03:30:00
2024-06-24,3:45:00 PM,0,104.11,25.556,2024-06-24 03:45:00
2024-06-24,4:00:00 PM,0,104.07,25.59,2024-06-24 04:00:00
2024-06-24,4:15:00 PM,0,104.038,25.614,2024-06-24 04:15:00
2024-06-24,4:30:00 PM,0,104.032,25.615,2024-06-24 04:30:00
2024-06-24,4:45:00 PM,0,104.017,25.625,2024-06-24 04:45:00
2024-06-24,5:00:00 PM,0,103.998,25.646,2024-06-24 05:00:00
2024-06-24,5:15:00 PM,0,103.98,25.659,2024-06-24 05:15:00
2024-06-24,5:30:00 PM,0,103.964,25.679,2024-06-24 05:30:00
2024-06-24,5:45:00 PM,0,103.911,25.696,2024-06-24 05:45:00
2024-06-24,6:00:00 PM,0,103.903,25.713,2024-06-24 06:00:00
2024-06-24,6:15:00 PM,0,103.891,25.729,2024-06-24 06:15:00
2024-06-24,6:30:00 PM,0,103.878,25.745,2024-06-24 06:30:00
2024-06-24,6:45:00 PM,0,103.87,25.76,2024-06-24 06:45:00
2024-06-24,7:00:00 PM,0,103.864,25.774,2024-06-24 07:00:00
2024-06-24,7:15:00 PM,0,103.86,25.787,2024-06-24 07:15:00
2024-06-24,7:30:00 PM,0,103.857,25.799,2024-06-24 07:30:00
2024-06-24,7:45:00 PM,0,103.852,25.81,2024-06-24 07:45:00
2024-06-24,8:00:00 PM,0,103.844,25.82,2024-06-24 08:00:00
2024-06-24,8:15:00 PM,0,103.834,25.826,2024-06-24 08:15:00
2024-06-24,8:30:00 PM,0,103.824,25.828,2024-06-24 08:30:00
2024-06-24,8:45:00 PM,0,103.826,25.824,2024-06-24 08:45:00
2024-06-24,9:00:00 PM,0,103.816,25.822,2024-06-24 09:00:00
2024-06-24,9:15:00 PM,0,103.819,25.814,2024-06-24 09:15:00
2024-06-24,9:30:00 PM,0,103.811,25.804,2024-06-24 09:30:00
2024-06-24,9:45:00 PM,0,103.808,25.791,2024-06-24 09:45:00
2024-06-24,10:00:00 PM,0,103.804,25.777,2024-06-24 10:00:00
2024-06-24,10:15:00 PM,0,103.797,25.764,2024-06-24 10:15:00
2024-06-24,10:30:00 PM,0,103.794,25.748,2024-06-24 10:30:00
2024-06-24,10:45:00 PM,0,103.788,25.729,2024-06-24 10:45:00
2024-06-24,11:00:00 PM,0,103.782,25.71,2024-06-24 11:00:00
2024-06-24,11:15:00 PM,0,103.769,25.689,2024-06-24 11:15:00
2024-06-24,11:30:00 PM,0,103.762,25.667,2024-06-24 11:30:00
2024-06-24,11:45:00 PM,0,103.75,25.644,2024-06-24 11:45:00
2024-06-25,12:00:00 AM,0,103.741,25.617,2024-06-25 12:00:00
2024-06-25,12:15:00 AM,0,103.727,25.591,2024-06-25 12:15:00
2024-06-25,12:30:00 AM,0,103.714,25.559,2024-06-25 12:30:00
2024-06-25,12:45:00 AM,0,103.702,25.527,2024-06-25 12:45:00
2024-06-25,1:00:00 AM,0,103.689,25.495,2024-06-25 01:00:00
2024-06-25,1:15:00 AM,0,103.671,25.457,2024-06-25 01:15:00
2024-06-25,1:30:00 AM,0,103.663,25.418,2024-06-25 01:30:00
2024-06-25,1:45:00 AM,0,103.656,25.38,2024-06-25 01:45:00
2024-06-25,2:00:00 AM,0,103.643,25.334,2024-06-25 02:00:00
2024-06-25,2:15:00 AM,0,103.63,25.291,2024-06-25 02:15:00
2024-06-25,2:30:00 AM,0,103.614,25.243,2024-06-25 02:30:00
2024-06-25,2:45:00 AM,0,103.596,25.195,2024-06-25 02:45:00
2024-06-25,3:00:00 AM,0,103.579,25.143,2024-06-25 03:00:00
2024-06-25,3:15:00 AM,0,103.597,25.09,2024-06-25 03:15:00
2024-06-25,3:30:00 AM,0,103.597,25.037,2024-06-25 03:30:00
2024-06-25,3:45:00 AM,0,103.62,24.988,2024-06-25 03:45:00
2024-06-25,4:00:00 AM,0,103.629,24.93,2024-06-25 04:00:00
2024-06-25,4:15:00 AM,0,103.622,24.877,2024-06-25 04:15:00
2024-06-25,4:30:00 AM,0,103.653,24.822,2024-06-25 04:30:00
2024-06-25,4:45:00 AM,0,103.663,24.763,2024-06-25 04:45:00
2024-06-25,5:00:00 AM,0,103.682,24.708,2024-06-25 05:00:00
2024-06-25,5:15:00 AM,0,103.691,24.649,2024-06-25 05:15:00
2024-06-25,5:30:00 AM,0,103.698,24.587,2024-06-25 05:30:00
2024-06-25,5:45:00 AM,0,103.711,24.529,2024-06-25 05:45:00
2024-06-25,6:00:00 AM,0,103.716,24.467,2024-06-25 06:00:00
2024-06-25,6:15:00 AM,0,103.736,24.41,2024-06-25 06:15:00
2024-06-25,6:30:00 AM,0,103.754,24.353,2024-06-25 06:30:00
2024-06-25,6:45:00 AM,0,103.781,24.294,2024-06-25 06:45:00
2024-06-25,7:00:00 AM,0,103.788,24.245,2024-06-25 07:00:00
2024-06-25,7:15:00 AM,0,103.803,24.196,2024-06-25 07:15:00
2024-06-25,7:30:00 AM,0,103.815,24.151,2024-06-25 07:30:00
2024-06-25,7:45:00 AM,0,103.836,24.109,2024-06-25 07:45:00
2024-06-25,8:00:00 AM,0,103.821,24.075,2024-06-25 08:00:00
2024-06-25,8:15:00 AM,0,103.808,24.044,2024-06-25 08:15:00
2024-06-25,8:30:00 AM,0,103.822,24.023,2024-06-25 08:30:00
2024-06-25,8:45:00 AM,0,103.823,24.009,2024-06-25 08:45:00
2024-06-25,9:00:00 AM,0,103.829,24.001,2024-06-25 09:00:00
2024-06-25,9:15:00 AM,0,103.829,24,2024-06-25 09:15:00
2024-06-25,9:30:00 AM,0,103.826,24.006,2024-06-25 09:30:00
2024-06-25,9:45:00 AM,0,103.835,24.013,2024-06-25 09:45:00
2024-06-25,10:00:00 AM,0,103.843,24.034,2024-06-25 10:00:00
2024-06-25,10:15:00 AM,0,103.85,24.068,2024-06-25 10:15:00
2024-06-25,10:30:00 AM,0,103.86,24.099,2024-06-25 10:30:00
2024-06-25,10:45:00 AM,0,103.868,24.135,2024-06-25 10:45:00
2024-06-25,11:00:00 AM,0,103.878,24.177,2024-06-25 11:00:00
2024-06-25,11:15:00 AM,0,103.894,24.228,2024-06-25 11:15:00
2024-06-25,11:30:00 AM,0,103.909,24.289,2024-06-25 11:30:00
2024-06-25,11:45:00 AM,0,103.926,24.355,2024-06-25 11:45:00
2024-06-25,12:00:00 PM,0,103.941,24.432,2024-06-25 12:00:00
2024-06-25,12:15:00 PM,0,103.95,24.515,2024-06-25 12:15:00
2024-06-25,12:30:00 PM,0,103.967,24.61,2024-06-25 12:30:00
2024-06-25,12:45:00 PM,0,103.967,24.712,2024-06-25 12:45:00
2024-06-25,1:00:00 PM,0,103.955,24.815,2024-06-25 01:00:00
2024-06-25,1:15:00 PM,0,103.963,24.93,2024-06-25 01:15:00
2024-06-25,1:30:00 PM,0,103.934,25.043,2024-06-25 01:30:00
2024-06-25,1:45:00 PM,0,103.942,25.141,2024-06-25 01:45:00
2024-06-25,2:00:00 PM,0,103.952,25.218,2024-06-25 02:00:00
2024-06-25,2:15:00 PM,0,103.942,25.296,2024-06-25 02:15:00
2024-06-25,2:30:00 PM,0,103.926,25.372,2024-06-25 02:30:00
2024-06-25,2:45:00 PM,0,103.916,25.438,2024-06-25 02:45:00
2024-06-25,3:00:00 PM,0,103.913,25.51,2024-06-25 03:00:00
2024-06-25,3:15:00 PM,0,103.887,25.569,2024-06-25 03:15:00
2024-06-25,3:30:00 PM,0,103.867,25.62,2024-06-25 03:30:00
2024-06-25,3:45:00 PM,0,103.8,25.669,2024-06-25 03:45:00
2024-06-25,4:00:00 PM,0,103.789,25.722,2024-06-25 04:00:00
2024-06-25,4:15:00 PM,0,103.785,25.776,2024-06-25 04:15:00
2024-06-25,4:30:00 PM,0,103.758,25.832,2024-06-25 04:30:00
2024-06-25,4:45:00 PM,0,103.655,25.873,2024-06-25 04:45:00
2024-06-25,5:00:00 PM,0,103.645,25.902,2024-06-25 05:00:00
2024-06-25,5:15:00 PM,0,103.642,25.915,2024-06-25 05:15:00
2024-06-25,5:30:00 PM,0,103.632,25.934,2024-06-25 05:30:00
2024-06-25,5:45:00 PM,0,103.627,25.947,2024-06-25 05:45:00
2024-06-25,6:00:00 PM,0,103.621,25.964,2024-06-25 06:00:00
2024-06-25,6:15:00 PM,0,103.612,25.982,2024-06-25 06:15:00
2024-06-25,6:30:00 PM,0,103.61,26.006,2024-06-25 06:30:00
2024-06-25,6:45:00 PM,0,103.603,26.029,2024-06-25 06:45:00
2024-06-25,7:00:00 PM,0,103.607,26.047,2024-06-25 07:00:00
2024-06-25,7:15:00 PM,0,103.611,26.066,2024-06-25 07:15:00
2024-06-25,7:30:00 PM,0,103.611,26.078,2024-06-25 07:30:00
2024-06-25,7:45:00 PM,0,103.605,26.087,2024-06-25 07:45:00
2024-06-25,8:00:00 PM,0,103.601,26.096,2024-06-25 08:00:00
2024-06-25,8:15:00 PM,0,103.581,26.1,2024-06-25 08:15:00
2024-06-25,8:30:00 PM,0,103.582,26.099,2024-06-25 08:30:00
2024-06-25,8:45:00 PM,0,103.575,26.091,2024-06-25 08:45:00
2024-06-25,9:00:00 PM,0,103.572,26.082,2024-06-25 09:00:00
2024-06-25,9:15:00 PM,0,103.57,26.07,2024-06-25 09:15:00
2024-06-25,9:30:00 PM,0,103.57,26.052,2024-06-25 09:30:00
2024-06-25,9:45:00 PM,0,103.569,26.028,2024-06-25 09:45:00
2024-06-25,10:00:00 PM,0,103.564,26.003,2024-06-25 10:00:00
2024-06-25,10:15:00 PM,0,103.568,25.974,2024-06-25 10:15:00
2024-06-25,10:30:00 PM,0,103.556,25.942,2024-06-25 10:30:00
2024-06-25,10:45:00 PM,0,103.546,25.911,2024-06-25 10:45:00
2024-06-25,11:00:00 PM,0,103.526,25.875,2024-06-25 11:00:00
2024-06-25,11:15:00 PM,0,103.515,25.837,2024-06-25 11:15:00
2024-06-25,11:30:00 PM,0,103.497,25.797,2024-06-25 11:30:00
2024-06-25,11:45:00 PM,0,103.487,25.757,2024-06-25 11:45:00
2024-06-26,12:00:00 AM,0,103.481,25.716,2024-06-26 12:00:00
2024-06-26,12:15:00 AM,0,103.488,25.671,2024-06-26 12:15:00
2024-06-26,12:30:00 AM,0,103.469,25.624,2024-06-26 12:30:00
2024-06-26,12:45:00 AM,0,103.451,25.576,2024-06-26 12:45:00
2024-06-26,1:00:00 AM,0,103.444,25.53,2024-06-26 01:00:00
2024-06-26,1:15:00 AM,0,103.438,25.478,2024-06-26 01:15:00
2024-06-26,1:30:00 AM,0,103.422,25.433,2024-06-26 01:30:00
2024-06-26,1:45:00 AM,0,103.413,25.386,2024-06-26 01:45:00
2024-06-26,2:00:00 AM,0,103.396,25.336,2024-06-26 02:00:00
2024-06-26,2:15:00 AM,0,103.384,25.291,2024-06-26 02:15:00
2024-06-26,2:30:00 AM,0,103.376,25.243,2024-06-26 02:30:00
2024-06-26,2:45:00 AM,0,103.379,25.196,2024-06-26 02:45:00
2024-06-26,3:00:00 AM,0,103.357,25.143,2024-06-26 03:00:00
2024-06-26,3:15:00 AM,0,103.333,25.087,2024-06-26 03:15:00
2024-06-26,3:30:00 AM,0,103.314,25.036,2024-06-26 03:30:00
2024-06-26,3:45:00 AM,0,103.298,24.985,2024-06-26 03:45:00
2024-06-26,4:00:00 AM,0,103.291,24.933,2024-06-26 04:00:00
2024-06-26,4:15:00 AM,0,103.286,24.878,2024-06-26 04:15:00
2024-06-26,4:30:00 AM,0,103.272,24.824,2024-06-26 04:30:00
2024-06-26,4:45:00 AM,0,103.255,24.764,2024-06-26 04:45:00
2024-06-26,5:00:00 AM,0,103.269,24.71,2024-06-26 05:00:00
2024-06-26,5:15:00 AM,0,103.268,24.655,2024-06-26 05:15:00
2024-06-26,5:30:00 AM,0,103.26,24.6,2024-06-26 05:30:00
2024-06-26,5:45:00 AM,0,103.284,24.543,2024-06-26 05:45:00
2024-06-26,6:00:00 AM,0,103.284,24.48,2024-06-26 06:00:00
2024-06-26,6:15:00 AM,0,103.27,24.427,2024-06-26 06:15:00
2024-06-26,6:30:00 AM,0,103.258,24.371,2024-06-26 06:30:00
2024-06-26,6:45:00 AM,0,103.246,24.317,2024-06-26 06:45:00
2024-06-26,7:00:00 AM,0,103.314,24.266,2024-06-26 07:00:00
2024-06-26,7:15:00 AM,0,103.316,24.219,2024-06-26 07:15:00
2024-06-26,7:30:00 AM,0,103.331,24.177,2024-06-26 07:30:00
2024-06-26,7:45:00 AM,0,103.342,24.139,2024-06-26 07:45:00
2024-06-26,8:00:00 AM,0,103.341,24.107,2024-06-26 08:00:00
2024-06-26,8:15:00 AM,0,103.337,24.08,2024-06-26 08:15:00
2024-06-26,8:30:00 AM,0,103.346,24.061,2024-06-26 08:30:00
2024-06-26,8:45:00 AM,0,103.352,24.048,2024-06-26 08:45:00
2024-06-26,9:00:00 AM,0,103.362,24.041,2024-06-26 09:00:00
2024-06-26,9:15:00 AM,0,103.367,24.048,2024-06-26 09:15:00
2024-06-26,9:30:00 AM,0,103.364,24.06,2024-06-26 09:30:00
2024-06-26,9:45:00 AM,0,103.376,24.07,2024-06-26 09:45:00
2024-06-26,10:00:00 AM,0,103.36,24.091,2024-06-26 10:00:00
2024-06-26,10:15:00 AM,0,103.361,24.132,2024-06-26 10:15:00
2024-06-26,10:30:00 AM,0,103.354,24.165,2024-06-26 10:30:00
2024-06-26,10:45:00 AM,0,103.363,24.21,2024-06-26 10:45:00
2024-06-26,11:00:00 AM,0,103.358,24.256,2024-06-26 11:00:00
2024-06-26,11:15:00 AM,0,103.361,24.309,2024-06-26 11:15:00
2024-06-26,11:30:00 AM,0,103.351,24.371,2024-06-26 11:30:00
2024-06-26,11:45:00 AM,0,103.338,24.451,2024-06-26 11:45:00
2024-06-26,12:00:00 PM,0,103.318,24.529,2024-06-26 12:00:00
2024-06-26,12:15:00 PM,0,103.294,24.621,2024-06-26 12:15:00
2024-06-26,12:30:00 PM,0,103.295,24.733,2024-06-26 12:30:00
2024-06-26,12:45:00 PM,0,103.301,24.79,2024-06-26 12:45:00
2024-06-26,1:00:00 PM,0,103.29,24.835,2024-06-26 01:00:00
2024-06-26,1:15:00 PM,0,103.301,24.974,2024-06-26 01:15:00
2024-06-26,1:30:00 PM,0,103.319,25.111,2024-06-26 01:30:00
2024-06-26,1:45:00 PM,0,103.326,25.182,2024-06-26 01:45:00
2024-06-26,2:00:00 PM,0,103.305,25.181,2024-06-26 02:00:00
2024-06-26,2:15:00 PM,0,103.335,25.277,2024-06-26 02:15:00
2024-06-26,2:30:00 PM,0,103.347,25.37,2024-06-26 02:30:00
2024-06-26,2:45:00 PM,0,103.364,25.408,2024-06-26 02:45:00
2024-06-26,3:00:00 PM,0,103.344,25.369,2024-06-26 03:00:00
2024-06-26,3:15:00 PM,0,103.348,25.417,2024-06-26 03:15:00
2024-06-26,3:30:00 PM,0,103.356,25.456,2024-06-26 03:30:00
2024-06-26,3:45:00 PM,0,103.349,25.483,2024-06-26 03:45:00
2024-06-26,4:00:00 PM,0,103.331,25.493,2024-06-26 04:00:00
2024-06-26,4:15:00 PM,0,103.312,25.527,2024-06-26 04:15:00
2024-06-26,4:30:00 PM,0,103.307,25.576,2024-06-26 04:30:00
2024-06-26,4:45:00 PM,0,103.305,25.606,2024-06-26 04:45:00
2024-06-26,5:00:00 PM,0,103.299,25.622,2024-06-26 05:00:00
2024-06-26,5:15:00 PM,0,103.282,25.628,2024-06-26 05:15:00
2024-06-26,5:30:00 PM,0,103.272,25.636,2024-06-26 05:30:00
2024-06-26,5:45:00 PM,0,103.251,25.648,2024-06-26 05:45:00
2024-06-26,6:00:00 PM,0,103.226,25.663,2024-06-26 06:00:00
2024-06-26,6:15:00 PM,0,103.249,25.68,2024-06-26 06:15:00
2024-06-26,6:30:00 PM,0,103.266,25.694,2024-06-26 06:30:00
2024-06-26,6:45:00 PM,0,103.268,25.706,2024-06-26 06:45:00
2024-06-26,7:00:00 PM,0,103.28,25.724,2024-06-26 07:00:00
2024-06-26,7:15:00 PM,0,103.263,25.731,2024-06-26 07:15:00
2024-06-26,7:30:00 PM,0,103.248,25.737,2024-06-26 07:30:00
2024-06-26,7:45:00 PM,0,103.244,25.746,2024-06-26 07:45:00
2024-06-26,8:00:00 PM,0,103.217,25.747,2024-06-26 08:00:00
2024-06-26,8:15:00 PM,0,103.209,25.749,2024-06-26 08:15:00
2024-06-26,8:30:00 PM,0,103.214,25.746,2024-06-26 08:30:00
2024-06-26,8:45:00 PM,0,103.213,25.735,2024-06-26 08:45:00
2024-06-26,9:00:00 PM,0,103.217,25.722,2024-06-26 09:00:00
2024-06-26,9:15:00 PM,0,103.215,25.709,2024-06-26 09:15:00
2024-06-26,9:30:00 PM,0,103.209,25.69,2024-06-26 09:30:00
2024-06-26,9:45:00 PM,0,103.204,25.669,2024-06-26 09:45:00
2024-06-26,10:00:00 PM,0,103.192,25.644,2024-06-26 10:00:00
2024-06-26,10:15:00 PM,0,103.188,25.617,2024-06-26 10:15:00
2024-06-26,10:30:00 PM,0,103.177,25.589,2024-06-26 10:30:00
2024-06-26,10:45:00 PM,0,103.163,25.557,2024-06-26 10:45:00
2024-06-26,11:00:00 PM,0,103.135,25.522,2024-06-26 11:00:00
2024-06-26,11:15:00 PM,0,103.116,25.487,2024-06-26 11:15:00
2024-06-26,11:30:00 PM,0,103.094,25.451,2024-06-26 11:30:00
2024-06-26,11:45:00 PM,0,103.085,25.412,2024-06-26 11:45:00
2024-06-27,12:00:00 AM,0,103.074,25.374,2024-06-27 12:00:00
2024-06-27,12:15:00 AM,0,103.047,25.337,2024-06-27 12:15:00
2024-06-27,12:30:00 AM,0,103.031,25.299,2024-06-27 12:30:00
2024-06-27,12:45:00 AM,0,103.013,25.263,2024-06-27 12:45:00
2024-06-27,1:00:00 AM,0,102.998,25.223,2024-06-27 01:00:00
2024-06-27,1:15:00 AM,0,102.974,25.183,2024-06-27 01:15:00
2024-06-27,1:30:00 AM,0,102.958,25.144,2024-06-27 01:30:00
2024-06-27,1:45:00 AM,0,102.939,25.103,2024-06-27 01:45:00
2024-06-27,2:00:00 AM,0,102.913,25.066,2024-06-27 02:00:00
2024-06-27,2:15:00 AM,0,102.921,25.027,2024-06-27 02:15:00
2024-06-27,2:30:00 AM,0,102.911,24.988,2024-06-27 02:30:00
2024-06-27,2:45:00 AM,0,102.934,24.94,2024-06-27 02:45:00
2024-06-27,3:00:00 AM,0,102.944,24.89,2024-06-27 03:00:00
2024-06-27,3:15:00 AM,0,102.937,24.847,2024-06-27 03:15:00
2024-06-27,3:30:00 AM,0,102.967,24.802,2024-06-27 03:30:00
2024-06-27,3:45:00 AM,0,102.982,24.706,2024-06-27 03:45:00
2024-06-27,4:00:00 AM,0,102.972,24.626,2024-06-27 04:00:00
2024-06-27,4:15:00 AM,0,102.965,24.61,2024-06-27 04:15:00
2024-06-27,4:30:00 AM,0,102.96,24.594,2024-06-27 04:30:00
2024-06-27,4:45:00 AM,0,103.012,24.565,2024-06-27 04:45:00
2024-06-27,5:00:00 AM,0,103.014,24.532,2024-06-27 05:00:00
2024-06-27,5:15:00 AM,0,103.051,24.506,2024-06-27 05:15:00
2024-06-27,5:30:00 AM,0,103.155,24.457,2024-06-27 05:30:00
2024-06-27,5:45:00 AM,0,103.173,24.369,2024-06-27 05:45:00
2024-06-27,6:00:00 AM,0,103.247,24.318,2024-06-27 06:00:00
2024-06-27,6:15:00 AM,0,103.275,24.298,2024-06-27 06:15:00
2024-06-27,6:30:00 AM,0,103.313,24.263,2024-06-27 06:30:00
2024-06-27,6:45:00 AM,0,103.373,24.235,2024-06-27 06:45:00
2024-06-27,7:00:00 AM,0,103.382,24.217,2024-06-27 07:00:00
2024-06-27,7:15:00 AM,0,103.44,24.196,2024-06-27 07:15:00
2024-06-27,7:30:00 AM,0,103.494,24.171,2024-06-27 07:30:00
2024-06-27,7:45:00 AM,0,103.599,24.144,2024-06-27 07:45:00
2024-06-27,8:00:00 AM,0,103.755,24.123,2024-06-27 08:00:00
2024-06-27,8:15:00 AM,0,103.912,24.104,2024-06-27 08:15:00
2024-06-27,8:30:00 AM,0,104.067,24.073,2024-06-27 08:30:00
2024-06-27,8:45:00 AM,0,104.234,24.038,2024-06-27 08:45:00
2024-06-27,9:00:00 AM,0,104.401,24.012,2024-06-27 09:00:00
2024-06-27,9:15:00 AM,0,104.533,24.001,2024-06-27 09:15:00
2024-06-27,9:30:00 AM,0,104.633,24.005,2024-06-27 09:30:00
2024-06-27,9:45:00 AM,0,104.719,24.006,2024-06-27 09:45:00
2024-06-27,10:00:00 AM,0,104.815,24.002,2024-06-27 10:00:00
2024-06-27,10:15:00 AM,0,104.882,23.987,2024-06-27 10:15:00
2024-06-27,10:30:00 AM,0,104.93,23.981,2024-06-27 10:30:00
2024-06-27,10:45:00 AM,0,104.968,23.976,2024-06-27 10:45:00
2024-06-27,11:00:00 AM,0,104.979,23.96,2024-06-27 11:00:00
2024-06-27,11:15:00 AM,0,104.997,23.934,2024-06-27 11:15:00
2024-06-27,11:30:00 AM,0,105.003,23.908,2024-06-27 11:30:00
2024-06-27,11:45:00 AM,0,104.991,23.875,2024-06-27 11:45:00
2024-06-27,12:00:00 PM,0,104.971,23.849,2024-06-27 12:00:00
2024-06-27,12:15:00 PM,0,104.947,23.825,2024-06-27 12:15:00
2024-06-27,12:30:00 PM,0,104.928,23.801,2024-06-27 12:30:00
2024-06-27,12:45:00 PM,0,104.9,23.776,2024-06-27 12:45:00
2024-06-27,1:00:00 PM,0,104.885,23.796,2024-06-27 01:00:00
2024-06-27,1:15:00 PM,0,104.875,23.827,2024-06-27 01:15:00
2024-06-27,1:30:00 PM,0,104.872,23.9,2024-06-27 01:30:00
2024-06-27,1:45:00 PM,0,104.87,23.978,2024-06-27 01:45:00
2024-06-27,2:00:00 PM,0,104.849,24.053,2024-06-27 02:00:00
2024-06-27,2:15:00 PM,0,104.797,24.143,2024-06-27 02:15:00
2024-06-27,2:30:00 PM,0,104.761,24.184,2024-06-27 02:30:00
2024-06-27,2:45:00 PM,0,104.734,24.279,2024-06-27 02:45:00
2024-06-27,3:00:00 PM,0,104.683,24.334,2024-06-27 03:00:00
2024-06-27,3:15:00 PM,0,104.654,24.385,2024-06-27 03:15:00
2024-06-27,3:30:00 PM,0,104.623,24.419,2024-06-27 03:30:00
2024-06-27,3:45:00 PM,0,104.602,24.467,2024-06-27 03:45:00
2024-06-27,4:00:00 PM,0,104.581,24.495,2024-06-27 04:00:00
2024-06-27,4:15:00 PM,0,104.558,24.543,2024-06-27 04:15:00
2024-06-27,4:30:00 PM,0,104.533,24.581,2024-06-27 04:30:00
2024-06-27,4:45:00 PM,0,104.494,24.651,2024-06-27 04:45:00
2024-06-27,5:00:00 PM,0,104.473,24.706,2024-06-27 05:00:00
2024-06-27,5:15:00 PM,0,104.354,24.757,2024-06-27 05:15:00
2024-06-27,5:30:00 PM,0,104.296,24.817,2024-06-27 05:30:00
2024-06-27,5:45:00 PM,0,104.285,24.862,2024-06-27 05:45:00
2024-06-27,6:00:00 PM,0,104.268,24.908,2024-06-27 06:00:00
2024-06-27,6:15:00 PM,0,104.254,24.952,2024-06-27 06:15:00
2024-06-27,6:30:00 PM,0,104.232,24.989,2024-06-27 06:30:00
2024-06-27,6:45:00 PM,0,104.225,25.021,2024-06-27 06:45:00
2024-06-27,7:00:00 PM,0,104.225,25.048,2024-06-27 07:00:00
2024-06-27,7:15:00 PM,0,104.198,25.073,2024-06-27 07:15:00
2024-06-27,7:30:00 PM,0,104.206,25.098,2024-06-27 07:30:00
2024-06-27,7:45:00 PM,0,104.205,25.123,2024-06-27 07:45:00
2024-06-27,8:00:00 PM,0,104.188,25.138,2024-06-27 08:00:00
2024-06-27,8:15:00 PM,0,104.183,25.155,2024-06-27 08:15:00
2024-06-27,8:30:00 PM,0,104.175,25.161,2024-06-27 08:30:00
2024-06-27,8:45:00 PM,0,104.164,25.169,2024-06-27 08:45:00
2024-06-27,9:00:00 PM,0,104.16,25.171,2024-06-27 09:00:00
2024-06-27,9:15:00 PM,0,104.157,25.174,2024-06-27 09:15:00
2024-06-27,9:30:00 PM,0,104.154,25.169,2024-06-27 09:30:00
2024-06-27,9:45:00 PM,0,104.15,25.165,2024-06-27 09:45:00
2024-06-27,10:00:00 PM,0,104.153,25.155,2024-06-27 10:00:00
2024-06-27,10:15:00 PM,0,104.163,25.144,2024-06-27 10:15:00
2024-06-27,10:30:00 PM,0,104.152,25.131,2024-06-27 10:30:00
2024-06-27,10:45:00 PM,0,104.141,25.115,2024-06-27 10:45:00
2024-06-27,11:00:00 PM,0,104.121,25.095,2024-06-27 11:00:00
2024-06-27,11:15:00 PM,0,104.1,25.073,2024-06-27 11:15:00
2024-06-27,11:30:00 PM,0,104.079,25.047,2024-06-27 11:30:00
2024-06-27,11:45:00 PM,0,104.069,25.022,2024-06-27 11:45:00
2024-06-28,12:00:00 AM,0,104.064,24.99,2024-06-28 12:00:00
2024-06-28,12:15:00 AM,0,104.041,24.958,2024-06-28 12:15:00
2024-06-28,12:30:00 AM,0,104.027,24.928,2024-06-28 12:30:00
2024-06-28,12:45:00 AM,0,104.002,24.896,2024-06-28 12:45:00
2024-06-28,1:00:00 AM,0,103.983,24.863,2024-06-28 01:00:00
2024-06-28,1:15:00 AM,0,103.967,24.825,2024-06-28 01:15:00
2024-06-28,1:30:00 AM,0,103.942,24.787,2024-06-28 01:30:00
2024-06-28,1:45:00 AM,0,103.932,24.749,2024-06-28 01:45:00
2024-06-28,2:00:00 AM,0,103.922,24.711,2024-06-28 02:00:00
2024-06-28,2:15:00 AM,0,103.919,24.675,2024-06-28 02:15:00
2024-06-28,2:30:00 AM,0,103.91,24.635,2024-06-28 02:30:00
2024-06-28,2:45:00 AM,0,103.895,24.593,2024-06-28 02:45:00
2024-06-28,3:00:00 AM,0,103.896,24.558,2024-06-28 03:00:00
2024-06-28,3:15:00 AM,0,103.887,24.515,2024-06-28 03:15:00
2024-06-28,3:30:00 AM,0,103.878,24.476,2024-06-28 03:30:00
2024-06-28,3:45:00 AM,0,103.884,24.437,2024-06-28 03:45:00
2024-06-28,4:00:00 AM,0,103.882,24.397,2024-06-28 04:00:00
2024-06-28,4:15:00 AM,0,103.904,24.356,2024-06-28 04:15:00
2024-06-28,4:30:00 AM,0,103.923,24.319,2024-06-28 04:30:00
2024-06-28,4:45:00 AM,0,103.927,24.281,2024-06-28 04:45:00
2024-06-28,5:00:00 AM,0,103.929,24.242,2024-06-28 05:00:00
2024-06-28,5:15:00 AM,0,103.943,24.206,2024-06-28 05:15:00
2024-06-28,5:30:00 AM,0,103.932,24.166,2024-06-28 05:30:00
2024-06-28,5:45:00 AM,0,103.925,24.13,2024-06-28 05:45:00
2024-06-28,6:00:00 AM,0,103.94,24.091,2024-06-28 06:00:00
2024-06-28,6:15:00 AM,0,103.948,24.058,2024-06-28 06:15:00
2024-06-28,6:30:00 AM,0,103.961,24.025,2024-06-28 06:30:00
2024-06-28,6:45:00 AM,0,103.998,23.996,2024-06-28 06:45:00
2024-06-28,7:00:00 AM,0,103.993,23.971,2024-06-28 07:00:00
2024-06-28,7:15:00 AM,0,103.981,23.947,2024-06-28 07:15:00
2024-06-28,7:30:00 AM,0,103.969,23.924,2024-06-28 07:30:00
2024-06-28,7:45:00 AM,0,103.964,23.908,2024-06-28 07:45:00
2024-06-28,8:00:00 AM,0,103.953,23.892,2024-06-28 08:00:00
2024-06-28,8:15:00 AM,0,103.959,23.88,2024-06-28 08:15:00
2024-06-28,8:30:00 AM,0,103.953,23.868,2024-06-28 08:30:00
2024-06-28,8:45:00 AM,0,103.953,23.865,2024-06-28 08:45:00
2024-06-28,9:00:00 AM,0,103.956,23.865,2024-06-28 09:00:00
2024-06-28,9:15:00 AM,0,103.951,23.869,2024-06-28 09:15:00
2024-06-28,9:30:00 AM,0,103.953,23.877,2024-06-28 09:30:00
2024-06-28,9:45:00 AM,0,103.95,23.891,2024-06-28 09:45:00
2024-06-28,10:00:00 AM,0,103.952,23.906,2024-06-28 10:00:00
2024-06-28,10:15:00 AM,0,103.968,23.935,2024-06-28 10:15:00
2024-06-28,10:30:00 AM,0,103.974,23.973,2024-06-28 10:30:00
2024-06-28,10:45:00 AM,0,103.98,24.003,2024-06-28 10:45:00
2024-06-28,11:00:00 AM,0,103.98,24.042,2024-06-28 11:00:00
2024-06-28,11:15:00 AM,0,103.984,24.083,2024-06-28 11:15:00
2024-06-28,11:30:00 AM,0,103.971,24.097,2024-06-28 11:30:00
2024-06-28,11:45:00 AM,0,103.98,24.124,2024-06-28 11:45:00
2024-06-28,12:00:00 PM,0,103.981,24.149,2024-06-28 12:00:00
2024-06-28,12:15:00 PM,0,103.984,24.19,2024-06-28 12:15:00
2024-06-28,12:30:00 PM,0,104.007,24.302,2024-06-28 12:30:00
2024-06-28,12:45:00 PM,0,104.031,24.422,2024-06-28 12:45:00
2024-06-28,1:00:00 PM,0,104.044,24.504,2024-06-28 01:00:00
2024-06-28,1:15:00 PM,0,104.056,24.643,2024-06-28 01:15:00
2024-06-28,1:30:00 PM,0,104.055,24.753,2024-06-28 01:30:00
2024-06-28,1:45:00 PM,0,104.04,24.826,2024-06-28 01:45:00
2024-06-28,2:00:00 PM,0,104.033,24.934,2024-06-28 02:00:00
2024-06-28,2:15:00 PM,0,104.022,25.018,2024-06-28 02:15:00
2024-06-28,2:30:00 PM,0,104.013,25.066,2024-06-28 02:30:00
2024-06-28,2:45:00 PM,0,104.001,25.186,2024-06-28 02:45:00
2024-06-28,3:00:00 PM,0,103.983,25.233,2024-06-28 03:00:00
2024-06-28,3:15:00 PM,0,103.974,25.234,2024-06-28 03:15:00
2024-06-28,3:30:00 PM,0,103.948,25.296,2024-06-28 03:30:00
2024-06-28,3:45:00 PM,0,103.943,25.348,2024-06-28 03:45:00
2024-06-28,4:00:00 PM,0,103.949,25.362,2024-06-28 04:00:00
2024-06-28,4:15:00 PM,0,103.959,25.384,2024-06-28 04:15:00
2024-06-28,4:30:00 PM,0,103.958,25.405,2024-06-28 04:30:00
2024-06-28,4:45:00 PM,0,103.947,25.428,2024-06-28 04:45:00
2024-06-28,5:00:00 PM,0,103.938,25.455,2024-06-28 05:00:00
2024-06-28,5:15:00 PM,0,103.931,25.474,2024-06-28 05:15:00
2024-06-28,5:30:00 PM,0,103.908,25.499,2024-06-28 05:30:00
2024-06-28,5:45:00 PM,0,103.887,25.534,2024-06-28 05:45:00
2024-06-28,6:00:00 PM,0,103.895,25.571,2024-06-28 06:00:00
2024-06-28,6:15:00 PM,0,103.885,25.6,2024-06-28 06:15:00
2024-06-28,6:30:00 PM,0,103.9,25.629,2024-06-28 06:30:00
2024-06-28,6:45:00 PM,0,103.911,25.655,2024-06-28 06:45:00
2024-06-28,7:00:00 PM,0,103.906,25.676,2024-06-28 07:00:00
2024-06-28,7:15:00 PM,0,103.895,25.703,2024-06-28 07:15:00
2024-06-28,7:30:00 PM,0,103.914,25.725,2024-06-28 07:30:00
2024-06-28,7:45:00 PM,0,103.928,25.747,2024-06-28 07:45:00
2024-06-28,8:00:00 PM,0,103.951,25.761,2024-06-28 08:00:00
2024-06-28,8:15:00 PM,0,103.955,25.772,2024-06-28 08:15:00
2024-06-28,8:30:00 PM,0,103.957,25.77,2024-06-28 08:30:00
2024-06-28,8:45:00 PM,0,103.965,25.767,2024-06-28 08:45:00
2024-06-28,9:00:00 PM,0,103.96,25.759,2024-06-28 09:00:00
2024-06-28,9:15:00 PM,0,103.967,25.749,2024-06-28 09:15:00
2024-06-28,9:30:00 PM,0,103.965,25.735,2024-06-28 09:30:00
2024-06-28,9:45:00 PM,0,103.964,25.72,2024-06-28 09:45:00
2024-06-28,10:00:00 PM,0,103.977,25.704,2024-06-28 10:00:00
2024-06-28,10:15:00 PM,0,103.966,25.684,2024-06-28 10:15:00
2024-06-28,10:30:00 PM,0,103.963,25.666,2024-06-28 10:30:00
2024-06-28,10:45:00 PM,0,103.959,25.649,2024-06-28 10:45:00
2024-06-28,11:00:00 PM,0,103.951,25.629,2024-06-28 11:00:00
2024-06-28,11:15:00 PM,0,103.944,25.605,2024-06-28 11:15:00
2024-06-28,11:30:00 PM,0,103.951,25.585,2024-06-28 11:30:00
2024-06-28,11:45:00 PM,0,103.956,25.563,2024-06-28 11:45:00
2024-06-29,12:00:00 AM,0,103.966,25.541,2024-06-29 12:00:00
2024-06-29,12:15:00 AM,0,103.955,25.517,2024-06-29 12:15:00
2024-06-29,12:30:00 AM,0,103.954,25.493,2024-06-29 12:30:00
2024-06-29,12:45:00 AM,0,103.94,25.469,2024-06-29 12:45:00
2024-06-29,1:00:00 AM,0,103.933,25.441,2024-06-29 01:00:00
2024-06-29,1:15:00 AM,0,103.924,25.412,2024-06-29 01:15:00
2024-06-29,1:30:00 AM,0,103.917,25.388,2024-06-29 01:30:00
2024-06-29,1:45:00 AM,0,103.905,25.358,2024-06-29 01:45:00
2024-06-29,2:00:00 AM,0,103.911,25.328,2024-06-29 02:00:00
2024-06-29,2:15:00 AM,0,103.908,25.3,2024-06-29 02:15:00
2024-06-29,2:30:00 AM,0,103.908,25.27,2024-06-29 02:30:00
2024-06-29,2:45:00 AM,0,103.915,25.239,2024-06-29 02:45:00
2024-06-29,3:00:00 AM,0,103.92,25.211,2024-06-29 03:00:00
2024-06-29,3:15:00 AM,0,103.933,25.182,2024-06-29 03:15:00
2024-06-29,3:30:00 AM,0,103.945,25.153,2024-06-29 03:30:00
2024-06-29,3:45:00 AM,0,103.968,25.128,2024-06-29 03:45:00
2024-06-29,4:00:00 AM,0,103.966,25.1,2024-06-29 04:00:00
2024-06-29,4:15:00 AM,0,103.966,25.072,2024-06-29 04:15:00
2024-06-29,4:30:00 AM,0,103.986,25.046,2024-06-29 04:30:00
2024-06-29,4:45:00 AM,0,103.995,25.021,2024-06-29 04:45:00
2024-06-29,5:00:00 AM,0,104.025,24.996,2024-06-29 05:00:00
2024-06-29,5:15:00 AM,0,104.07,24.974,2024-06-29 05:15:00
2024-06-29,5:30:00 AM,0,104.074,24.949,2024-06-29 05:30:00
2024-06-29,5:45:00 AM,0,104.074,24.925,2024-06-29 05:45:00
2024-06-29,6:00:00 AM,0,104.082,24.903,2024-06-29 06:00:00
2024-06-29,6:15:00 AM,0,104.088,24.88,2024-06-29 06:15:00
2024-06-29,6:30:00 AM,0,104.186,24.858,2024-06-29 06:30:00
2024-06-29,6:45:00 AM,0,104.21,24.84,2024-06-29 06:45:00
2024-06-29,7:00:00 AM,0,104.227,24.82,2024-06-29 07:00:00
2024-06-29,7:15:00 AM,0,104.227,24.805,2024-06-29 07:15:00
2024-06-29,7:30:00 AM,0,104.23,24.785,2024-06-29 07:30:00
2024-06-29,7:45:00 AM,0,104.247,24.774,2024-06-29 07:45:00
2024-06-29,8:00:00 AM,0,104.271,24.768,2024-06-29 08:00:00
2024-06-29,8:15:00 AM,0,104.277,24.76,2024-06-29 08:15:00
2024-06-29,8:30:00 AM,0,104.292,24.759,2024-06-29 08:30:00
2024-06-29,8:45:00 AM,0,104.291,24.761,2024-06-29 08:45:00
2024-06-29,9:00:00 AM,0,104.294,24.761,2024-06-29 09:00:00
2024-06-29,9:15:00 AM,0,104.304,24.764,2024-06-29 09:15:00
2024-06-29,9:30:00 AM,0,104.32,24.761,2024-06-29 09:30:00
2024-06-29,9:45:00 AM,0,104.371,24.783,2024-06-29 09:45:00
2024-06-29,10:00:00 AM,0,104.387,24.771,2024-06-29 10:00:00
2024-06-29,10:15:00 AM,0,104.384,24.765,2024-06-29 10:15:00
2024-06-29,10:30:00 AM,0,104.402,24.781,2024-06-29 10:30:00
2024-06-29,10:45:00 AM,0,104.43,24.785,2024-06-29 10:45:00
2024-06-29,11:00:00 AM,0,104.434,24.789,2024-06-29 11:00:00
2024-06-29,11:15:00 AM,0,104.479,24.783,2024-06-29 11:15:00
2024-06-29,11:30:00 AM,0,104.536,24.776,2024-06-29 11:30:00
2024-06-29,11:45:00 AM,0,104.573,24.765,2024-06-29 11:45:00
2024-06-29,12:00:00 PM,0,104.587,24.752,2024-06-29 12:00:00
2024-06-29,12:15:00 PM,0,104.626,24.746,2024-06-29 12:15:00
2024-06-29,12:30:00 PM,0,104.659,24.744,2024-06-29 12:30:00
2024-06-29,12:45:00 PM,0,104.696,24.751,2024-06-29 12:45:00
2024-06-29,1:00:00 PM,0,104.726,24.768,2024-06-29 01:00:00
2024-06-29,1:15:00 PM,0,104.845,24.78,2024-06-29 01:15:00
2024-06-29,1:30:00 PM,0,104.997,24.824,2024-06-29 01:30:00
2024-06-29,1:45:00 PM,0,105.13,24.868,2024-06-29 01:45:00
2024-06-29,2:00:00 PM,0,105.227,24.891,2024-06-29 02:00:00
2024-06-29,2:15:00 PM,0,105.312,24.932,2024-06-29 02:15:00
2024-06-29,2:30:00 PM,0,105.39,24.976,2024-06-29 02:30:00
2024-06-29,2:45:00 PM,0,105.501,25.015,2024-06-29 02:45:00
2024-06-29,3:00:00 PM,0,105.608,25.061,2024-06-29 03:00:00
2024-06-29,3:15:00 PM,0,105.782,25.087,2024-06-29 03:15:00
2024-06-29,3:30:00 PM,0,106.024,25.067,2024-06-29 03:30:00
2024-06-29,3:45:00 PM,0,106.261,25.056,2024-06-29 03:45:00
2024-06-29,4:00:00 PM,0,106.481,25.04,2024-06-29 04:00:00
2024-06-29,4:15:00 PM,0,106.605,24.995,2024-06-29 04:15:00
2024-06-29,4:30:00 PM,0,106.658,24.918,2024-06-29 04:30:00
2024-06-29,4:45:00 PM,0,106.662,24.85,2024-06-29 04:45:00
2024-06-29,5:00:00 PM,0,106.634,24.809,2024-06-29 05:00:00
2024-06-29,5:15:00 PM,0,106.594,24.768,2024-06-29 05:15:00
2024-06-29,5:30:00 PM,0,106.578,24.759,2024-06-29 05:30:00
2024-06-29,5:45:00 PM,0,106.556,24.784,2024-06-29 05:45:00
2024-06-29,6:00:00 PM,0,106.538,24.816,2024-06-29 06:00:00
2024-06-29,6:15:00 PM,0,106.522,24.847,2024-06-29 06:15:00
2024-06-29,6:30:00 PM,0,106.499,24.88,2024-06-29 06:30:00
2024-06-29,6:45:00 PM,0,106.479,24.908,2024-06-29 06:45:00
2024-06-29,7:00:00 PM,0,106.444,24.928,2024-06-29 07:00:00
2024-06-29,7:15:00 PM,0,106.401,24.943,2024-06-29 07:15:00
2024-06-29,7:30:00 PM,0,106.352,24.96,2024-06-29 07:30:00
2024-06-29,7:45:00 PM,0,106.319,24.971,2024-06-29 07:45:00
2024-06-29,8:00:00 PM,0,106.243,24.981,2024-06-29 08:00:00
2024-06-29,8:15:00 PM,0,106.197,24.989,2024-06-29 08:15:00
2024-06-29,8:30:00 PM,0,106.14,24.992,2024-06-29 08:30:00
2024-06-29,8:45:00 PM,0,106.121,24.995,2024-06-29 08:45:00
2024-06-29,9:00:00 PM,0,106.087,24.992,2024-06-29 09:00:00
2024-06-29,9:15:00 PM,0,106.052,24.986,2024-06-29 09:15:00
2024-06-29,9:30:00 PM,0,106.034,24.985,2024-06-29 09:30:00
2024-06-29,9:45:00 PM,0,106.007,24.981,2024-06-29 09:45:00
2024-06-29,10:00:00 PM,0,105.974,24.971,2024-06-29 10:00:00
2024-06-29,10:15:00 PM,0,105.947,24.961,2024-06-29 10:15:00
2024-06-29,10:30:00 PM,0,105.927,24.951,2024-06-29 10:30:00
2024-06-29,10:45:00 PM,0,105.937,24.938,2024-06-29 10:45:00
2024-06-29,11:00:00 PM,0,105.924,24.921,2024-06-29 11:00:00
2024-06-29,11:15:00 PM,0,105.907,24.908,2024-06-29 11:15:00
2024-06-29,11:30:00 PM,0,105.906,24.89,2024-06-29 11:30:00
2024-06-29,11:45:00 PM,0,105.915,24.871,2024-06-29 11:45:00
2024-06-30,12:00:00 AM,0,105.893,24.851,2024-06-30 12:00:00
2024-06-30,12:15:00 AM,0,105.872,24.832,2024-06-30 12:15:00
2024-06-30,12:30:00 AM,0,105.843,24.813,2024-06-30 12:30:00
2024-06-30,12:45:00 AM,0,105.82,24.791,2024-06-30 12:45:00
2024-06-30,1:00:00 AM,0,105.805,24.77,2024-06-30 01:00:00
2024-06-30,1:15:00 AM,0,105.791,24.747,2024-06-30 01:15:00
2024-06-30,1:30:00 AM,0,105.769,24.724,2024-06-30 01:30:00
2024-06-30,1:45:00 AM,0,105.739,24.698,2024-06-30 01:45:00
2024-06-30,2:00:00 AM,0,105.733,24.673,2024-06-30 02:00:00
2024-06-30,2:15:00 AM,0,105.702,24.653,2024-06-30 02:15:00
2024-06-30,2:30:00 AM,0,105.668,24.631,2024-06-30 02:30:00
2024-06-30,2:45:00 AM,0,105.668,24.609,2024-06-30 02:45:00
2024-06-30,3:00:00 AM,0,105.634,24.585,2024-06-30 03:00:00
2024-06-30,3:15:00 AM,0,105.603,24.559,2024-06-30 03:15:00
2024-06-30,3:30:00 AM,0,105.572,24.535,2024-06-30 03:30:00
2024-06-30,3:45:00 AM,0,105.557,24.511,2024-06-30 03:45:00
2024-06-30,4:00:00 AM,0,105.544,24.483,2024-06-30 04:00:00
2024-06-30,4:15:00 AM,0,105.521,24.455,2024-06-30 04:15:00
2024-06-30,4:30:00 AM,0,105.501,24.426,2024-06-30 04:30:00
2024-06-30,4:45:00 AM,0,105.48,24.396,2024-06-30 04:45:00
2024-06-30,5:00:00 AM,0,105.476,24.367,2024-06-30 05:00:00
2024-06-30,5:15:00 AM,0,105.459,24.337,2024-06-30 05:15:00
2024-06-30,5:30:00 AM,0,105.449,24.307,2024-06-30 05:30:00
2024-06-30,5:45:00 AM,0,105.436,24.274,2024-06-30 05:45:00
2024-06-30,6:00:00 AM,0,105.424,24.241,2024-06-30 06:00:00
2024-06-30,6:15:00 AM,0,105.408,24.211,2024-06-30 06:15:00
2024-06-30,6:30:00 AM,0,105.408,24.179,2024-06-30 06:30:00
2024-06-30,6:45:00 AM,0,105.404,24.149,2024-06-30 06:45:00
2024-06-30,7:00:00 AM,0,105.411,24.124,2024-06-30 07:00:00
2024-06-30,7:15:00 AM,0,105.407,24.101,2024-06-30 07:15:00
2024-06-30,7:30:00 AM,0,105.404,24.076,2024-06-30 07:30:00
2024-06-30,7:45:00 AM,0,105.39,24.058,2024-06-30 07:45:00
2024-06-30,8:00:00 AM,0,105.388,24.038,2024-06-30 08:00:00
2024-06-30,8:15:00 AM,0,105.382,24.024,2024-06-30 08:15:00
2024-06-30,8:30:00 AM,0,105.387,24.013,2024-06-30 08:30:00
2024-06-30,8:45:00 AM,0,105.385,24.007,2024-06-30 08:45:00
2024-06-30,9:00:00 AM,0,105.363,24.003,2024-06-30 09:00:00
2024-06-30,9:15:00 AM,0,105.354,24.007,2024-06-30 09:15:00
2024-06-30,9:30:00 AM,0,105.342,24.012,2024-06-30 09:30:00
2024-06-30,9:45:00 AM,0,105.343,24.022,2024-06-30 09:45:00
2024-06-30,10:00:00 AM,0,105.345,24.043,2024-06-30 10:00:00
2024-06-30,10:15:00 AM,0,105.338,24.066,2024-06-30 10:15:00
2024-06-30,10:30:00 AM,0,105.339,24.107,2024-06-30 10:30:00
2024-06-30,10:45:00 AM,0,105.331,24.144,2024-06-30 10:45:00
2024-06-30,11:00:00 AM,0,105.34,24.183,2024-06-30 11:00:00
2024-06-30,11:15:00 AM,0,105.332,24.221,2024-06-30 11:15:00
2024-06-30,11:30:00 AM,0,105.334,24.274,2024-06-30 11:30:00
2024-06-30,11:45:00 AM,0,105.332,24.316,2024-06-30 11:45:00
2024-06-30,12:00:00 PM,0,105.331,24.384,2024-06-30 12:00:00
2024-06-30,12:15:00 PM,0,105.308,24.42,2024-06-30 12:15:00
2024-06-30,12:30:00 PM,0,105.287,24.536,2024-06-30 12:30:00
2024-06-30,12:45:00 PM,0,105.26,24.604,2024-06-30 12:45:00
2024-06-30,1:00:00 PM,0,105.152,24.74,2024-06-30 01:00:00
2024-06-30,1:15:00 PM,0,105.082,24.834,2024-06-30 01:15:00
2024-06-30,1:30:00 PM,0,105.05,24.954,2024-06-30 01:30:00
2024-06-30,1:45:00 PM,0,105.03,25.012,2024-06-30 01:45:00
2024-06-30,2:00:00 PM,0,105.011,25.087,2024-06-30 02:00:00
2024-06-30,2:15:00 PM,0,105.001,25.175,2024-06-30 02:15:00
2024-06-30,2:30:00 PM,0,104.975,25.31,2024-06-30 02:30:00
2024-06-30,2:45:00 PM,0,104.936,25.373,2024-06-30 02:45:00
2024-06-30,3:00:00 PM,0,104.88,25.445,2024-06-30 03:00:00
2024-06-30,3:15:00 PM,0,104.876,25.58,2024-06-30 03:15:00
2024-06-30,3:30:00 PM,0,104.863,25.644,2024-06-30 03:30:00
2024-06-30,3:45:00 PM,0,104.842,25.711,2024-06-30 03:45:00
2024-06-30,4:00:00 PM,0,104.803,25.764,2024-06-30 04:00:00
2024-06-30,4:15:00 PM,0,104.791,25.817,2024-06-30 04:15:00
2024-06-30,4:30:00 PM,0,104.794,25.869,2024-06-30 04:30:00
2024-06-30,4:45:00 PM,0,104.804,25.921,2024-06-30 04:45:00
2024-06-30,5:00:00 PM,0,104.765,25.973,2024-06-30 05:00:00
2024-06-30,5:15:00 PM,0,104.76,26.018,2024-06-30 05:15:00
2024-06-30,5:30:00 PM,0,104.745,26.059,2024-06-30 05:30:00
2024-06-30,5:45:00 PM,0,104.741,26.094,2024-06-30 05:45:00
2024-06-30,6:00:00 PM,0,104.74,26.123,2024-06-30 06:00:00
2024-06-30,6:15:00 PM,0,104.738,26.15,2024-06-30 06:15:00
2024-06-30,6:30:00 PM,0,104.724,26.171,2024-06-30 06:30:00
2024-06-30,6:45:00 PM,0,104.709,26.184,2024-06-30 06:45:00
2024-06-30,7:00:00 PM,0,104.699,26.197,2024-06-30 07:00:00
2024-06-30,7:15:00 PM,0,104.689,26.21,2024-06-30 07:15:00
2024-06-30,7:30:00 PM,0,104.691,26.219,2024-06-30 07:30:00
2024-06-30,7:45:00 PM,0,104.691,26.224,2024-06-30 07:45:00
2024-06-30,8:00:00 PM,0,104.672,26.225,2024-06-30 08:00:00
2024-06-30,8:15:00 PM,0,104.674,26.222,2024-06-30 08:15:00
2024-06-30,8:30:00 PM,0,104.661,26.214,2024-06-30 08:30:00
2024-06-30,8:45:00 PM,0,104.654,26.204,2024-06-30 08:45:00
2024-06-30,9:00:00 PM,0,104.648,26.187,2024-06-30 09:00:00
2024-06-30,9:15:00 PM,0,104.639,26.169,2024-06-30 09:15:00
2024-06-30,9:30:00 PM,0,104.626,26.147,2024-06-30 09:30:00
2024-06-30,9:45:00 PM,0,104.618,26.12,2024-06-30 09:45:00
2024-06-30,10:00:00 PM,0,104.602,26.095,2024-06-30 10:00:00
2024-06-30,10:15:00 PM,0,104.586,26.069,2024-06-30 10:15:00
2024-06-30,10:30:00 PM,0,104.58,26.046,2024-06-30 10:30:00
2024-06-30,10:45:00 PM,0,104.571,26.023,2024-06-30 10:45:00
2024-06-30,11:00:00 PM,0,104.553,25.997,2024-06-30 11:00:00
2024-06-30,11:15:00 PM,0,104.536,25.969,2024-06-30 11:15:00
2024-06-30,11:30:00 PM,0,104.508,25.941,2024-06-30 11:30:00
2024-06-30,11:45:00 PM,0,104.479,25.907,2024-06-30 11:45:00
2024-07-01,12:00:00 AM,0,104.459,25.874,2024-07-01 12:00:00
2024-07-01,12:15:00 AM,0,104.446,25.837,2024-07-01 12:15:00
2024-07-01,12:30:00 AM,0,104.426,25.798,2024-07-01 12:30:00
2024-07-01,12:45:00 AM,0,104.399,25.759,2024-07-01 12:45:00
2024-07-01,1:00:00 AM,0,104.378,25.717,2024-07-01 01:00:00
2024-07-01,1:15:00 AM,0,104.353,25.673,2024-07-01 01:15:00
2024-07-01,1:30:00 AM,0,104.34,25.631,2024-07-01 01:30:00
2024-07-01,1:45:00 AM,0,104.313,25.587,2024-07-01 01:45:00
2024-07-01,2:00:00 AM,0,104.287,25.544,2024-07-01 02:00:00
2024-07-01,2:15:00 AM,0,104.269,25.505,2024-07-01 02:15:00
2024-07-01,2:30:00 AM,0,104.267,25.46,2024-07-01 02:30:00
2024-07-01,2:45:00 AM,0,104.252,25.416,2024-07-01 02:45:00
2024-07-01,3:00:00 AM,0,104.238,25.376,2024-07-01 03:00:00
2024-07-01,3:15:00 AM,0,104.233,25.331,2024-07-01 03:15:00
2024-07-01,3:30:00 AM,0,104.23,25.287,2024-07-01 03:30:00
2024-07-01,3:45:00 AM,0,104.248,25.245,2024-07-01 03:45:00
2024-07-01,4:00:00 AM,0,104.257,25.203,2024-07-01 04:00:00
2024-07-01,4:15:00 AM,0,104.248,25.163,2024-07-01 04:15:00
2024-07-01,4:30:00 AM,0,104.241,25.115,2024-07-01 04:30:00
2024-07-01,4:45:00 AM,0,104.25,25.073,2024-07-01 04:45:00
2024-07-01,5:00:00 AM,0,104.259,25.03,2024-07-01 05:00:00
2024-07-01,5:15:00 AM,0,104.284,24.986,2024-07-01 05:15:00
2024-07-01,5:30:00 AM,0,104.289,24.945,2024-07-01 05:30:00
2024-07-01,5:45:00 AM,0,104.283,24.9,2024-07-01 05:45:00
2024-07-01,6:00:00 AM,0,104.272,24.864,2024-07-01 06:00:00
2024-07-01,6:15:00 AM,0,104.289,24.825,2024-07-01 06:15:00
2024-07-01,6:30:00 AM,0,104.296,24.786,2024-07-01 06:30:00
2024-07-01,6:45:00 AM,0,104.288,24.757,2024-07-01 06:45:00
2024-07-01,7:00:00 AM,0,104.309,24.727,2024-07-01 07:00:00
2024-07-01,7:15:00 AM,0,104.312,24.698,2024-07-01 07:15:00
2024-07-01,7:30:00 AM,0,104.326,24.672,2024-07-01 07:30:00
2024-07-01,7:45:00 AM,0,104.332,24.654,2024-07-01 07:45:00
2024-07-01,8:00:00 AM,0,104.344,24.633,2024-07-01 08:00:00
2024-07-01,8:15:00 AM,0,104.35,24.62,2024-07-01 08:15:00
2024-07-01,8:30:00 AM,0,104.343,24.613,2024-07-01 08:30:00
2024-07-01,8:45:00 AM,0,104.337,24.614,2024-07-01 08:45:00
2024-07-01,9:00:00 AM,0,104.338,24.615,2024-07-01 09:00:00
2024-07-01,9:15:00 AM,0,104.335,24.624,2024-07-01 09:15:00
2024-07-01,9:30:00 AM,0,104.333,24.634,2024-07-01 09:30:00
2024-07-01,9:45:00 AM,0,104.329,24.65,2024-07-01 09:45:00
2024-07-01,10:00:00 AM,0,104.331,24.668,2024-07-01 10:00:00
2024-07-01,10:15:00 AM,0,104.333,24.705,2024-07-01 10:15:00
2024-07-01,10:30:00 AM,0,104.321,24.74,2024-07-01 10:30:00
2024-07-01,10:45:00 AM,0,104.323,24.78,2024-07-01 10:45:00
2024-07-01,11:00:00 AM,0,104.319,24.822,2024-07-01 11:00:00
2024-07-01,11:15:00 AM,0,104.335,24.87,2024-07-01 11:15:00
2024-07-01,11:30:00 AM,0,104.331,24.935,2024-07-01 11:30:00
2024-07-01,11:45:00 AM,0,104.334,25.018,2024-07-01 11:45:00
2024-07-01,12:00:00 PM,0,104.352,25.081,2024-07-01 12:00:00
2024-07-01,12:15:00 PM,0,104.341,25.148,2024-07-01 12:15:00
2024-07-01,12:30:00 PM,0,104.337,25.218,2024-07-01 12:30:00
2024-07-01,12:45:00 PM,0,104.335,25.289,2024-07-01 12:45:00
2024-07-01,1:00:00 PM,0,104.337,25.404,2024-07-01 01:00:00
2024-07-01,1:15:00 PM,0,104.331,25.505,2024-07-01 01:15:00
2024-07-01,1:30:00 PM,0,104.33,25.606,2024-07-01 01:30:00
2024-07-01,1:45:00 PM,0,104.314,25.686,2024-07-01 01:45:00
2024-07-01,2:00:00 PM,0,104.307,25.766,2024-07-01 02:00:00
2024-07-01,2:15:00 PM,0,104.305,25.844,2024-07-01 02:15:00
2024-07-01,2:30:00 PM,0,104.295,25.926,2024-07-01 02:30:00
2024-07-01,2:45:00 PM,0,104.287,26.01,2024-07-01 02:45:00
2024-07-01,3:00:00 PM,0,104.277,26.084,2024-07-01 03:00:00
2024-07-01,3:15:00 PM,0,104.259,26.139,2024-07-01 03:15:00
2024-07-01,3:30:00 PM,0,104.245,26.191,2024-07-01 03:30:00
2024-07-01,3:45:00 PM,0,104.215,26.239,2024-07-01 03:45:00
2024-07-01,4:00:00 PM,0,104.199,26.286,2024-07-01 04:00:00
2024-07-01,4:15:00 PM,0,104.187,26.326,2024-07-01 04:15:00
2024-07-01,4:30:00 PM,0,104.166,26.349,2024-07-01 04:30:00
2024-07-01,4:45:00 PM,0,104.146,26.366,2024-07-01 04:45:00
2024-07-01,5:00:00 PM,0,104.133,26.376,2024-07-01 05:00:00
2024-07-01,5:15:00 PM,0,104.12,26.387,2024-07-01 05:15:00
2024-07-01,5:30:00 PM,0,104.112,26.407,2024-07-01 05:30:00
2024-07-01,5:45:00 PM,0,104.104,26.424,2024-07-01 05:45:00
2024-07-01,6:00:00 PM,0,104.115,26.441,2024-07-01 06:00:00
2024-07-01,6:15:00 PM,0,104.111,26.455,2024-07-01 06:15:00
2024-07-01,6:30:00 PM,0,104.111,26.467,2024-07-01 06:30:00
2024-07-01,6:45:00 PM,0,104.114,26.48,2024-07-01 06:45:00
2024-07-01,7:00:00 PM,0,104.11,26.478,2024-07-01 07:00:00
2024-07-01,7:15:00 PM,0,104.104,26.47,2024-07-01 07:15:00
2024-07-01,7:30:00 PM,0,104.094,26.463,2024-07-01 07:30:00
2024-07-01,7:45:00 PM,0,104.081,26.453,2024-07-01 07:45:00
2024-07-01,8:00:00 PM,0,104.062,26.434,2024-07-01 08:00:00
2024-07-01,8:15:00 PM,0,104.049,26.403,2024-07-01 08:15:00
2024-07-01,8:30:00 PM,0,104.044,26.363,2024-07-01 08:30:00
2024-07-01,8:45:00 PM,0,104.037,26.316,2024-07-01 08:45:00
2024-07-01,9:00:00 PM,0,104.027,26.264,2024-07-01 09:00:00
2024-07-01,9:15:00 PM,0,104.015,26.205,2024-07-01 09:15:00
2024-07-01,9:30:00 PM,0,104.003,26.145,2024-07-01 09:30:00
2024-07-01,9:45:00 PM,0,103.991,26.083,2024-07-01 09:45:00
2024-07-01,10:00:00 PM,0,103.975,26.02,2024-07-01 10:00:00
2024-07-01,10:15:00 PM,0,103.976,25.959,2024-07-01 10:15:00
2024-07-01,10:30:00 PM,0,103.974,25.896,2024-07-01 10:30:00
2024-07-01,10:45:00 PM,0,103.959,25.834,2024-07-01 10:45:00
2024-07-01,11:00:00 PM,0,103.953,25.769,2024-07-01 11:00:00
2024-07-01,11:15:00 PM,0,103.932,25.709,2024-07-01 11:15:00
2024-07-01,11:30:00 PM,0,103.917,25.652,2024-07-01 11:30:00
2024-07-01,11:45:00 PM,0,103.893,25.59,2024-07-01 11:45:00
2024-07-02,12:00:00 AM,0,103.885,25.531,2024-07-02 12:00:00
2024-07-02,12:15:00 AM,0,103.878,25.469,2024-07-02 12:15:00
2024-07-02,12:30:00 AM,0,103.871,25.41,2024-07-02 12:30:00
2024-07-02,12:45:00 AM,0,103.87,25.349,2024-07-02 12:45:00
2024-07-02,1:00:00 AM,0,103.88,25.292,2024-07-02 01:00:00
2024-07-02,1:15:00 AM,0,103.875,25.228,2024-07-02 01:15:00
2024-07-02,1:30:00 AM,0,103.853,25.166,2024-07-02 01:30:00
2024-07-02,1:45:00 AM,0,103.836,25.105,2024-07-02 01:45:00
2024-07-02,2:00:00 AM,0,103.823,25.04,2024-07-02 02:00:00
2024-07-02,2:15:00 AM,0,103.811,24.975,2024-07-02 02:15:00
2024-07-02,2:30:00 AM,0,103.8,24.909,2024-07-02 02:30:00
2024-07-02,2:45:00 AM,0,103.791,24.848,2024-07-02 02:45:00
2024-07-02,3:00:00 AM,0,103.779,24.78,2024-07-02 03:00:00
2024-07-02,3:15:00 AM,0,103.771,24.715,2024-07-02 03:15:00
2024-07-02,3:30:00 AM,0,103.765,24.644,2024-07-02 03:30:00
2024-07-02,3:45:00 AM,0,103.771,24.573,2024-07-02 03:45:00
2024-07-02,4:00:00 AM,0,103.77,24.503,2024-07-02 04:00:00
2024-07-02,4:15:00 AM,0,103.797,24.43,2024-07-02 04:15:00
2024-07-02,4:30:00 AM,0,103.798,24.357,2024-07-02 04:30:00
2024-07-02,4:45:00 AM,0,103.818,24.287,2024-07-02 04:45:00
2024-07-02,5:00:00 AM,0,103.843,24.217,2024-07-02 05:00:00
2024-07-02,5:15:00 AM,0,103.863,24.146,2024-07-02 05:15:00
2024-07-02,5:30:00 AM,0,103.893,24.078,2024-07-02 05:30:00
2024-07-02,5:45:00 AM,0,103.91,24.008,2024-07-02 05:45:00
2024-07-02,6:00:00 AM,0,103.93,23.941,2024-07-02 06:00:00
2024-07-02,6:15:00 AM,0,103.941,23.872,2024-07-02 06:15:00
2024-07-02,6:30:00 AM,0,103.962,23.811,2024-07-02 06:30:00
2024-07-02,6:45:00 AM,0,103.99,23.746,2024-07-02 06:45:00
2024-07-02,7:00:00 AM,0,104.01,23.686,2024-07-02 07:00:00
2024-07-02,7:15:00 AM,0,104.029,23.634,2024-07-02 07:15:00
2024-07-02,7:30:00 AM,0,104.053,23.584,2024-07-02 07:30:00
2024-07-02,7:45:00 AM,0,104.041,23.543,2024-07-02 07:45:00
2024-07-02,8:00:00 AM,0,104.039,23.505,2024-07-02 08:00:00
2024-07-02,8:15:00 AM,0,104.044,23.475,2024-07-02 08:15:00
2024-07-02,8:30:00 AM,0,104.07,23.452,2024-07-02 08:30:00
2024-07-02,8:45:00 AM,0,104.078,23.442,2024-07-02 08:45:00
2024-07-02,9:00:00 AM,0,104.077,23.433,2024-07-02 09:00:00
2024-07-02,9:15:00 AM,0,104.08,23.437,2024-07-02 09:15:00
2024-07-02,9:30:00 AM,0,104.081,23.446,2024-07-02 09:30:00
2024-07-02,9:45:00 AM,0,104.076,23.463,2024-07-02 09:45:00
2024-07-02,10:00:00 AM,0,104.074,23.485,2024-07-02 10:00:00
2024-07-02,10:15:00 AM,0,104.085,23.527,2024-07-02 10:15:00
2024-07-02,10:30:00 AM,0,104.1,23.572,2024-07-02 10:30:00
2024-07-02,10:45:00 AM,0,104.115,23.623,2024-07-02 10:45:00
2024-07-02,11:00:00 AM,0,104.119,23.667,2024-07-02 11:00:00
2024-07-02,11:15:00 AM,0,104.126,23.703,2024-07-02 11:15:00
2024-07-02,11:30:00 AM,0,104.143,23.763,2024-07-02 11:30:00
2024-07-02,11:45:00 AM,0,104.153,23.822,2024-07-02 11:45:00
2024-07-02,12:00:00 PM,0,104.17,23.861,2024-07-02 12:00:00
2024-07-02,12:15:00 PM,0,104.181,23.92,2024-07-02 12:15:00
2024-07-02,12:30:00 PM,0,104.189,23.997,2024-07-02 12:30:00
2024-07-02,12:45:00 PM,0,104.195,24.056,2024-07-02 12:45:00
2024-07-02,1:00:00 PM,0,104.204,24.141,2024-07-02 01:00:00
2024-07-02,1:15:00 PM,0,104.217,24.288,2024-07-02 01:15:00
2024-07-02,1:30:00 PM,0,104.231,24.428,2024-07-02 01:30:00
2024-07-02,1:45:00 PM,0,104.224,24.543,2024-07-02 01:45:00
2024-07-02,2:00:00 PM,0,104.213,24.652,2024-07-02 02:00:00
2024-07-02,2:15:00 PM,0,104.195,24.736,2024-07-02 02:15:00
2024-07-02,2:30:00 PM,0,104.188,24.806,2024-07-02 02:30:00
2024-07-02,2:45:00 PM,0,104.192,24.834,2024-07-02 02:45:00
2024-07-02,3:00:00 PM,0,104.169,24.936,2024-07-02 03:00:00
2024-07-02,3:15:00 PM,0,104.156,25.046,2024-07-02 03:15:00
2024-07-02,3:30:00 PM,0,104.099,25.102,2024-07-02 03:30:00
2024-07-02,3:45:00 PM,0,104.098,25.175,2024-07-02 03:45:00
2024-07-02,4:00:00 PM,0,104.091,25.242,2024-07-02 04:00:00
2024-07-02,4:15:00 PM,0,104.092,25.312,2024-07-02 04:15:00
2024-07-02,4:30:00 PM,0,104.091,25.373,2024-07-02 04:30:00
2024-07-02,4:45:00 PM,0,104.083,25.418,2024-07-02 04:45:00
2024-07-02,5:00:00 PM,0,104.076,25.454,2024-07-02 05:00:00
2024-07-02,5:15:00 PM,0,104.066,25.491,2024-07-02 05:15:00
2024-07-02,5:30:00 PM,0,104.063,25.533,2024-07-02 05:30:00
2024-07-02,5:45:00 PM,0,104.058,25.575,2024-07-02 05:45:00
2024-07-02,6:00:00 PM,0,104.06,25.605,2024-07-02 06:00:00
2024-07-02,6:15:00 PM,0,104.044,25.642,2024-07-02 06:15:00
2024-07-02,6:30:00 PM,0,104.038,25.682,2024-07-02 06:30:00
2024-07-02,6:45:00 PM,0,104.023,25.717,2024-07-02 06:45:00
2024-07-02,7:00:00 PM,0,104.019,25.752,2024-07-02 07:00:00
2024-07-02,7:15:00 PM,0,104.026,25.781,2024-07-02 07:15:00
2024-07-02,7:30:00 PM,0,104.044,25.812,2024-07-02 07:30:00
2024-07-02,7:45:00 PM,0,104.049,25.84,2024-07-02 07:45:00
2024-07-02,8:00:00 PM,0,104.046,25.87,2024-07-02 08:00:00
2024-07-02,8:15:00 PM,0,104.048,25.89,2024-07-02 08:15:00
2024-07-02,8:30:00 PM,0,104.039,25.907,2024-07-02 08:30:00
2024-07-02,8:45:00 PM,0,104.042,25.923,2024-07-02 08:45:00
2024-07-02,9:00:00 PM,0,104.055,25.932,2024-07-02 09:00:00
2024-07-02,9:15:00 PM,0,104.063,25.94,2024-07-02 09:15:00
2024-07-02,9:30:00 PM,0,104.069,25.941,2024-07-02 09:30:00
2024-07-02,9:45:00 PM,0,104.071,25.939,2024-07-02 09:45:00
2024-07-02,10:00:00 PM,0,104.069,25.934,2024-07-02 10:00:00
2024-07-02,10:15:00 PM,0,104.066,25.926,2024-07-02 10:15:00
2024-07-02,10:30:00 PM,0,104.062,25.917,2024-07-02 10:30:00
2024-07-02,10:45:00 PM,0,104.057,25.904,2024-07-02 10:45:00
2024-07-02,11:00:00 PM,0,104.053,25.892,2024-07-02 11:00:00
2024-07-02,11:15:00 PM,0,104.07,25.88,2024-07-02 11:15:00
2024-07-02,11:30:00 PM,0,104.075,25.867,2024-07-02 11:30:00
2024-07-02,11:45:00 PM,0,104.074,25.857,2024-07-02 11:45:00
2024-07-03,12:00:00 AM,0,104.07,25.843,2024-07-03 12:00:00
2024-07-03,12:15:00 AM,0,104.074,25.826,2024-07-03 12:15:00
2024-07-03,12:30:00 AM,0,104.067,25.813,2024-07-03 12:30:00
2024-07-03,12:45:00 AM,0,104.061,25.8,2024-07-03 12:45:00
2024-07-03,1:00:00 AM,0,104.055,25.783,2024-07-03 01:00:00
2024-07-03,1:15:00 AM,0,104.037,25.767,2024-07-03 01:15:00
2024-07-03,1:30:00 AM,0,104.03,25.749,2024-07-03 01:30:00
2024-07-03,1:45:00 AM,0,104.043,25.73,2024-07-03 01:45:00
2024-07-03,2:00:00 AM,0,104.042,25.705,2024-07-03 02:00:00
2024-07-03,2:15:00 AM,0,104.036,25.682,2024-07-03 02:15:00
2024-07-03,2:30:00 AM,0,104.027,25.657,2024-07-03 02:30:00
2024-07-03,2:45:00 AM,0,104.023,25.632,2024-07-03 02:45:00
2024-07-03,3:00:00 AM,0,104.028,25.603,2024-07-03 03:00:00
2024-07-03,3:15:00 AM,0,104.026,25.572,2024-07-03 03:15:00
2024-07-03,3:30:00 AM,0,104.036,25.542,2024-07-03 03:30:00
2024-07-03,3:45:00 AM,0,104.045,25.514,2024-07-03 03:45:00
2024-07-03,4:00:00 AM,0,104.047,25.483,2024-07-03 04:00:00
2024-07-03,4:15:00 AM,0,104.05,25.449,2024-07-03 04:15:00
2024-07-03,4:30:00 AM,0,104.065,25.416,2024-07-03 04:30:00
2024-07-03,4:45:00 AM,0,104.072,25.385,2024-07-03 04:45:00
2024-07-03,5:00:00 AM,0,104.074,25.353,2024-07-03 05:00:00
2024-07-03,5:15:00 AM,0,104.081,25.32,2024-07-03 05:15:00
2024-07-03,5:30:00 AM,0,104.09,25.287,2024-07-03 05:30:00
2024-07-03,5:45:00 AM,0,104.105,25.254,2024-07-03 05:45:00
2024-07-03,6:00:00 AM,0,104.141,25.221,2024-07-03 06:00:00
2024-07-03,6:15:00 AM,0,104.153,25.188,2024-07-03 06:15:00
2024-07-03,6:30:00 AM,0,104.165,25.16,2024-07-03 06:30:00
2024-07-03,6:45:00 AM,0,104.162,25.129,2024-07-03 06:45:00
2024-07-03,7:00:00 AM,0,104.162,25.105,2024-07-03 07:00:00
2024-07-03,7:15:00 AM,0,104.16,25.083,2024-07-03 07:15:00
2024-07-03,7:30:00 AM,0,104.166,25.063,2024-07-03 07:30:00
2024-07-03,7:45:00 AM,0,104.162,25.048,2024-07-03 07:45:00
2024-07-03,8:00:00 AM,0,104.162,25.033,2024-07-03 08:00:00
2024-07-03,8:15:00 AM,0,104.16,25.02,2024-07-03 08:15:00
2024-07-03,8:30:00 AM,0,104.222,25.012,2024-07-03 08:30:00
2024-07-03,8:45:00 AM,0,104.225,25.008,2024-07-03 08:45:00
2024-07-03,9:00:00 AM,0,104.22,25.007,2024-07-03 09:00:00
2024-07-03,9:15:00 AM,0,104.222,25.005,2024-07-03 09:15:00
2024-07-03,9:30:00 AM,0,104.235,25.011,2024-07-03 09:30:00
2024-07-03,9:45:00 AM,0,104.236,25.01,2024-07-03 09:45:00
2024-07-03,10:00:00 AM,0,104.246,25.017,2024-07-03 10:00:00
2024-07-03,10:15:00 AM,0,104.272,25.057,2024-07-03 10:15:00
2024-07-03,10:30:00 AM,0,104.269,25.068,2024-07-03 10:30:00
2024-07-03,10:45:00 AM,0,104.266,25.086,2024-07-03 10:45:00
2024-07-03,11:00:00 AM,0,104.274,25.133,2024-07-03 11:00:00
2024-07-03,11:15:00 AM,0,104.282,25.169,2024-07-03 11:15:00
2024-07-03,11:30:00 AM,0,104.292,25.196,2024-07-03 11:30:00
2024-07-03,11:45:00 AM,0,104.287,25.216,2024-07-03 11:45:00
2024-07-03,12:00:00 PM,0,104.286,25.283,2024-07-03 12:00:00
2024-07-03,12:15:00 PM,0,104.279,25.354,2024-07-03 12:15:00
2024-07-03,12:30:00 PM,0,104.276,25.401,2024-07-03 12:30:00
2024-07-03,12:45:00 PM,0,104.271,25.444,2024-07-03 12:45:00
2024-07-03,1:00:00 PM,0,104.278,25.486,2024-07-03 01:00:00
2024-07-03,1:15:00 PM,0,104.286,25.554,2024-07-03 01:15:00
2024-07-03,1:30:00 PM,0,104.303,25.689,2024-07-03 01:30:00
2024-07-03,1:45:00 PM,0,104.304,25.777,2024-07-03 01:45:00
2024-07-03,2:00:00 PM,0,104.289,25.871,2024-07-03 02:00:00
2024-07-03,2:15:00 PM,0,104.268,25.89,2024-07-03 02:15:00
2024-07-03,2:30:00 PM,0,104.263,25.99,2024-07-03 02:30:00
2024-07-03,2:45:00 PM,0,104.242,26.092,2024-07-03 02:45:00
2024-07-03,3:00:00 PM,0,104.223,26.093,2024-07-03 03:00:00
2024-07-03,3:15:00 PM,0,104.197,26.167,2024-07-03 03:15:00
2024-07-03,3:30:00 PM,0,104.177,26.24,2024-07-03 03:30:00
2024-07-03,3:45:00 PM,0,104.142,26.276,2024-07-03 03:45:00
2024-07-03,4:00:00 PM,0,104.112,26.317,2024-07-03 04:00:00
2024-07-03,4:15:00 PM,0,104.126,26.372,2024-07-03 04:15:00
2024-07-03,4:30:00 PM,0,104.112,26.426,2024-07-03 04:30:00
2024-07-03,4:45:00 PM,0,104.097,26.467,2024-07-03 04:45:00
2024-07-03,5:00:00 PM,0,104.082,26.487,2024-07-03 05:00:00
2024-07-03,5:15:00 PM,0,104.057,26.493,2024-07-03 05:15:00
2024-07-03,5:30:00 PM,0,104.043,26.501,2024-07-03 05:30:00
2024-07-03,5:45:00 PM,0,104.026,26.513,2024-07-03 05:45:00
2024-07-03,6:00:00 PM,0,104.021,26.531,2024-07-03 06:00:00
2024-07-03,6:15:00 PM,0,104.016,26.548,2024-07-03 06:15:00
2024-07-03,6:30:00 PM,0,104.019,26.561,2024-07-03 06:30:00
2024-07-03,6:45:00 PM,0,104.01,26.576,2024-07-03 06:45:00
2024-07-03,7:00:00 PM,0,104.001,26.589,2024-07-03 07:00:00
2024-07-03,7:15:00 PM,0,104.005,26.603,2024-07-03 07:15:00
2024-07-03,7:30:00 PM,0,103.995,26.61,2024-07-03 07:30:00
2024-07-03,7:45:00 PM,0,103.978,26.615,2024-07-03 07:45:00
2024-07-03,8:00:00 PM,0,103.977,26.619,2024-07-03 08:00:00
2024-07-03,8:15:00 PM,0,103.999,26.624,2024-07-03 08:15:00
2024-07-03,8:30:00 PM,0,104.002,26.626,2024-07-03 08:30:00
2024-07-03,8:45:00 PM,0,103.999,26.626,2024-07-03 08:45:00
2024-07-03,9:00:00 PM,0,104.002,26.625,2024-07-03 09:00:00
2024-07-03,9:15:00 PM,0,104,26.617,2024-07-03 09:15:00
2024-07-03,9:30:00 PM,0,104.005,26.611,2024-07-03 09:30:00
2024-07-03,9:45:00 PM,0,104.019,26.6,2024-07-03 09:45:00
2024-07-03,10:00:00 PM,0,104.04,26.588,2024-07-03 10:00:00
2024-07-03,10:15:00 PM,0,104.058,26.564,2024-07-03 10:15:00
2024-07-03,10:30:00 PM,0,104.06,26.539,2024-07-03 10:30:00
2024-07-03,10:45:00 PM,0,104.065,26.516,2024-07-03 10:45:00
2024-07-03,11:00:00 PM,0,104.05,26.487,2024-07-03 11:00:00
2024-07-03,11:15:00 PM,0,104.049,26.46,2024-07-03 11:15:00
2024-07-03,11:30:00 PM,0,104.034,26.432,2024-07-03 11:30:00
2024-07-03,11:45:00 PM,0,104.009,26.401,2024-07-03 11:45:00
2024-07-04,12:00:00 AM,0,103.978,26.369,2024-07-04 12:00:00
2024-07-04,12:15:00 AM,0,103.965,26.342,2024-07-04 12:15:00
2024-07-04,12:30:00 AM,0,103.983,26.312,2024-07-04 12:30:00
2024-07-04,12:45:00 AM,0,103.968,26.281,2024-07-04 12:45:00
2024-07-04,1:00:00 AM,0,103.954,26.25,2024-07-04 01:00:00
2024-07-04,1:15:00 AM,0,103.941,26.22,2024-07-04 01:15:00
2024-07-04,1:30:00 AM,0,103.928,26.186,2024-07-04 01:30:00
2024-07-04,1:45:00 AM,0,103.904,26.155,2024-07-04 01:45:00
2024-07-04,2:00:00 AM,0,103.888,26.124,2024-07-04 02:00:00
2024-07-04,2:15:00 AM,0,103.877,26.09,2024-07-04 02:15:00
2024-07-04,2:30:00 AM,0,103.854,26.055,2024-07-04 02:30:00
2024-07-04,2:45:00 AM,0,103.836,26.022,2024-07-04 02:45:00
2024-07-04,3:00:00 AM,0,103.823,25.986,2024-07-04 03:00:00
2024-07-04,3:15:00 AM,0,103.827,25.949,2024-07-04 03:15:00
2024-07-04,3:30:00 AM,0,103.821,25.913,2024-07-04 03:30:00
2024-07-04,3:45:00 AM,0,103.815,25.875,2024-07-04 03:45:00
2024-07-04,4:00:00 AM,0,103.798,25.839,2024-07-04 04:00:00
2024-07-04,4:15:00 AM,0,103.785,25.799,2024-07-04 04:15:00
2024-07-04,4:30:00 AM,0,103.776,25.763,2024-07-04 04:30:00
2024-07-04,4:45:00 AM,0,103.776,25.725,2024-07-04 04:45:00
2024-07-04,5:00:00 AM,0,103.78,25.686,2024-07-04 05:00:00
2024-07-04,5:15:00 AM,0,103.784,25.648,2024-07-04 05:15:00
2024-07-04,5:30:00 AM,0,103.792,25.609,2024-07-04 05:30:00
2024-07-04,5:45:00 AM,0,103.801,25.575,2024-07-04 05:45:00
2024-07-04,6:00:00 AM,0,103.814,25.539,2024-07-04 06:00:00
2024-07-04,6:15:00 AM,0,103.829,25.499,2024-07-04 06:15:00
2024-07-04,6:30:00 AM,0,103.825,25.466,2024-07-04 06:30:00
2024-07-04,6:45:00 AM,0,103.82,25.432,2024-07-04 06:45:00
2024-07-04,7:00:00 AM,0,103.85,25.398,2024-07-04 07:00:00
2024-07-04,7:15:00 AM,0,103.874,25.37,2024-07-04 07:15:00
2024-07-04,7:30:00 AM,0,103.885,25.343,2024-07-04 07:30:00
2024-07-04,7:45:00 AM,0,103.896,25.322,2024-07-04 07:45:00
2024-07-04,8:00:00 AM,0,103.895,25.306,2024-07-04 08:00:00
2024-07-04,8:15:00 AM,0,103.899,25.296,2024-07-04 08:15:00
2024-07-04,8:30:00 AM,0,103.912,25.288,2024-07-04 08:30:00
2024-07-04,8:45:00 AM,0,103.922,25.277,2024-07-04 08:45:00
2024-07-04,9:00:00 AM,0,103.927,25.271,2024-07-04 09:00:00
2024-07-04,9:15:00 AM,0,103.933,25.266,2024-07-04 09:15:00
2024-07-04,9:30:00 AM,0,103.929,25.264,2024-07-04 09:30:00
2024-07-04,9:45:00 AM,0,103.928,25.265,2024-07-04 09:45:00
2024-07-04,10:00:00 AM,0,103.907,25.274,2024-07-04 10:00:00
2024-07-04,10:15:00 AM,0,103.897,25.309,2024-07-04 10:15:00
2024-07-04,10:30:00 AM,0,103.901,25.335,2024-07-04 10:30:00
2024-07-04,10:45:00 AM,0,103.898,25.355,2024-07-04 10:45:00
2024-07-04,11:00:00 AM,0,103.903,25.37,2024-07-04 11:00:00
2024-07-04,11:15:00 AM,0,103.889,25.405,2024-07-04 11:15:00
2024-07-04,11:30:00 AM,0,103.884,25.438,2024-07-04 11:30:00
2024-07-04,11:45:00 AM,0,103.867,25.461,2024-07-04 11:45:00
2024-07-04,12:00:00 PM,0,103.869,25.522,2024-07-04 12:00:00
2024-07-04,12:15:00 PM,0,103.865,25.533,2024-07-04 12:15:00
2024-07-04,12:30:00 PM,0,103.855,25.591,2024-07-04 12:30:00
2024-07-04,12:45:00 PM,0,103.847,25.677,2024-07-04 12:45:00
2024-07-04,1:00:00 PM,0,103.838,25.706,2024-07-04 01:00:00
2024-07-04,1:15:00 PM,0,103.857,25.821,2024-07-04 01:15:00
2024-07-04,1:30:00 PM,0,103.861,25.877,2024-07-04 01:30:00
2024-07-04,1:45:00 PM,0,103.837,25.866,2024-07-04 01:45:00
2024-07-04,2:00:00 PM,0,103.841,25.959,2024-07-04 02:00:00
2024-07-04,2:15:00 PM,0,103.83,26.018,2024-07-04 02:15:00
2024-07-04,2:30:00 PM,0,103.832,26.046,2024-07-04 02:30:00
2024-07-04,2:45:00 PM,0,103.82,26.133,2024-07-04 02:45:00
2024-07-04,3:00:00 PM,0,103.786,26.217,2024-07-04 03:00:00
2024-07-04,3:15:00 PM,0,103.768,26.264,2024-07-04 03:15:00
2024-07-04,3:30:00 PM,0,103.775,26.306,2024-07-04 03:30:00
2024-07-04,3:45:00 PM,0,103.766,26.354,2024-07-04 03:45:00
2024-07-04,4:00:00 PM,0,103.764,26.373,2024-07-04 04:00:00
2024-07-04,4:15:00 PM,0,103.757,26.404,2024-07-04 04:15:00
2024-07-04,4:30:00 PM,0,103.755,26.462,2024-07-04 04:30:00
2024-07-04,4:45:00 PM,0,103.741,26.522,2024-07-04 04:45:00
2024-07-04,5:00:00 PM,0,103.71,26.548,2024-07-04 05:00:00
2024-07-04,5:15:00 PM,0,103.68,26.56,2024-07-04 05:15:00
2024-07-04,5:30:00 PM,0,103.688,26.582,2024-07-04 05:30:00
2024-07-04,5:45:00 PM,0,103.688,26.599,2024-07-04 05:45:00
2024-07-04,6:00:00 PM,0,103.685,26.617,2024-07-04 06:00:00
2024-07-04,6:15:00 PM,0,103.71,26.636,2024-07-04 06:15:00
2024-07-04,6:30:00 PM,0,103.702,26.656,2024-07-04 06:30:00
2024-07-04,6:45:00 PM,0,103.683,26.675,2024-07-04 06:45:00
2024-07-04,7:00:00 PM,0,103.679,26.695,2024-07-04 07:00:00
2024-07-04,7:15:00 PM,0,103.686,26.712,2024-07-04 07:15:00
2024-07-04,7:30:00 PM,0,103.663,26.723,2024-07-04 07:30:00
2024-07-04,7:45:00 PM,0,103.663,26.734,2024-07-04 07:45:00
2024-07-04,8:00:00 PM,0,103.668,26.739,2024-07-04 08:00:00
2024-07-04,8:15:00 PM,0,103.688,26.742,2024-07-04 08:15:00
2024-07-04,8:30:00 PM,0,103.688,26.746,2024-07-04 08:30:00
2024-07-04,8:45:00 PM,0,103.682,26.746,2024-07-04 08:45:00
2024-07-04,9:00:00 PM,0,103.68,26.748,2024-07-04 09:00:00
2024-07-04,9:15:00 PM,0,103.682,26.746,2024-07-04 09:15:00
2024-07-04,9:30:00 PM,0,103.697,26.744,2024-07-04 09:30:00
2024-07-04,9:45:00 PM,0,103.697,26.738,2024-07-04 09:45:00
2024-07-04,10:00:00 PM,0,103.701,26.73,2024-07-04 10:00:00
2024-07-04,10:15:00 PM,0,103.701,26.719,2024-07-04 10:15:00
2024-07-04,10:30:00 PM,0,103.714,26.703,2024-07-04 10:30:00
2024-07-04,10:45:00 PM,0,103.716,26.684,2024-07-04 10:45:00
2024-07-04,11:00:00 PM,0,103.71,26.664,2024-07-04 11:00:00
2024-07-04,11:15:00 PM,0,103.712,26.643,2024-07-04 11:15:00
2024-07-04,11:30:00 PM,0,103.698,26.621,2024-07-04 11:30:00
2024-07-04,11:45:00 PM,0,103.67,26.597,2024-07-04 11:45:00
2024-07-05,12:00:00 AM,0,103.646,26.574,2024-07-05 12:00:00
2024-07-05,12:15:00 AM,0,103.622,26.552,2024-07-05 12:15:00
2024-07-05,12:30:00 AM,0,103.598,26.529,2024-07-05 12:30:00
2024-07-05,12:45:00 AM,0,103.574,26.502,2024-07-05 12:45:00
2024-07-05,1:00:00 AM,0,103.568,26.48,2024-07-05 01:00:00
2024-07-05,1:15:00 AM,0,103.563,26.459,2024-07-05 01:15:00
2024-07-05,1:30:00 AM,0,103.55,26.436,2024-07-05 01:30:00
2024-07-05,1:45:00 AM,0,103.541,26.412,2024-07-05 01:45:00
2024-07-05,2:00:00 AM,0,103.532,26.388,2024-07-05 02:00:00
2024-07-05,2:15:00 AM,0,103.514,26.364,2024-07-05 02:15:00
2024-07-05,2:30:00 AM,0,103.498,26.339,2024-07-05 02:30:00
2024-07-05,2:45:00 AM,0,103.489,26.312,2024-07-05 02:45:00
2024-07-05,3:00:00 AM,0,103.483,26.287,2024-07-05 03:00:00
2024-07-05,3:15:00 AM,0,103.501,26.26,2024-07-05 03:15:00
2024-07-05,3:30:00 AM,0,103.505,26.228,2024-07-05 03:30:00
2024-07-05,3:45:00 AM,0,103.509,26.199,2024-07-05 03:45:00
2024-07-05,4:00:00 AM,0,103.503,26.169,2024-07-05 04:00:00
2024-07-05,4:15:00 AM,0,103.491,26.136,2024-07-05 04:15:00
2024-07-05,4:30:00 AM,0,103.487,26.108,2024-07-05 04:30:00
2024-07-05,4:45:00 AM,0,103.48,26.077,2024-07-05 04:45:00
2024-07-05,5:00:00 AM,0,103.478,26.048,2024-07-05 05:00:00
2024-07-05,5:15:00 AM,0,103.481,26.017,2024-07-05 05:15:00
2024-07-05,5:30:00 AM,0,103.496,25.986,2024-07-05 05:30:00
2024-07-05,5:45:00 AM,0,103.498,25.955,2024-07-05 05:45:00
2024-07-05,6:00:00 AM,0,103.492,25.918,2024-07-05 06:00:00
2024-07-05,6:15:00 AM,0,103.501,25.888,2024-07-05 06:15:00
2024-07-05,6:30:00 AM,0,103.52,25.853,2024-07-05 06:30:00
2024-07-05,6:45:00 AM,0,103.536,25.823,2024-07-05 06:45:00
2024-07-05,7:00:00 AM,0,103.548,25.792,2024-07-05 07:00:00
2024-07-05,7:15:00 AM,0,103.551,25.765,2024-07-05 07:15:00
2024-07-05,7:30:00 AM,0,103.562,25.742,2024-07-05 07:30:00
2024-07-05,7:45:00 AM,0,103.574,25.719,2024-07-05 07:45:00
2024-07-05,8:00:00 AM,0,103.569,25.704,2024-07-05 08:00:00
2024-07-05,8:15:00 AM,0,103.558,25.684,2024-07-05 08:15:00
2024-07-05,8:30:00 AM,0,103.558,25.668,2024-07-05 08:30:00
2024-07-05,8:45:00 AM,0,103.552,25.655,2024-07-05 08:45:00
2024-07-05,9:00:00 AM,0,103.558,25.65,2024-07-05 09:00:00
2024-07-05,9:15:00 AM,0,103.555,25.65,2024-07-05 09:15:00
2024-07-05,9:30:00 AM,0,103.562,25.645,2024-07-05 09:30:00
2024-07-05,9:45:00 AM,0,103.57,25.636,2024-07-05 09:45:00
2024-07-05,10:00:00 AM,0,103.591,25.62,2024-07-05 10:00:00
2024-07-05,10:15:00 AM,0,103.572,25.616,2024-07-05 10:15:00
2024-07-05,10:30:00 AM,0,103.556,25.622,2024-07-05 10:30:00
2024-07-05,10:45:00 AM,0,103.578,25.626,2024-07-05 10:45:00
2024-07-05,11:00:00 AM,0,103.59,25.635,2024-07-05 11:00:00
2024-07-05,11:15:00 AM,0,103.573,25.651,2024-07-05 11:15:00
2024-07-05,11:30:00 AM,0,103.586,25.684,2024-07-05 11:30:00
2024-07-05,11:45:00 AM,0,103.553,25.729,2024-07-05 11:45:00
2024-07-05,12:00:00 PM,0,103.548,25.768,2024-07-05 12:00:00
2024-07-05,12:15:00 PM,0,103.517,25.811,2024-07-05 12:15:00
2024-07-05,12:30:00 PM,0,103.537,25.893,2024-07-05 12:30:00
2024-07-05,12:45:00 PM,0,103.529,25.982,2024-07-05 12:45:00
2024-07-05,1:00:00 PM,0,103.545,26.07,2024-07-05 01:00:00
2024-07-05,1:15:00 PM,0,103.522,26.17,2024-07-05 01:15:00
2024-07-05,1:30:00 PM,0,103.537,26.267,2024-07-05 01:30:00
2024-07-05,1:45:00 PM,0,103.543,26.357,2024-07-05 01:45:00
2024-07-05,2:00:00 PM,0,103.551,26.448,2024-07-05 02:00:00
2024-07-05,2:15:00 PM,0,103.534,26.475,2024-07-05 02:15:00
2024-07-05,2:30:00 PM,0,103.548,26.497,2024-07-05 02:30:00
2024-07-05,2:45:00 PM,0,103.517,26.473,2024-07-05 02:45:00
2024-07-05,3:00:00 PM,0,103.501,26.47,2024-07-05 03:00:00
2024-07-05,3:15:00 PM,0,103.526,26.49,2024-07-05 03:15:00
2024-07-05,3:30:00 PM,0,103.519,26.524,2024-07-05 03:30:00
2024-07-05,3:45:00 PM,0,103.51,26.552,2024-07-05 03:45:00
2024-07-05,4:00:00 PM,0,103.51,26.576,2024-07-05 04:00:00
2024-07-05,4:15:00 PM,0,103.524,26.594,2024-07-05 04:15:00
2024-07-05,4:30:00 PM,0,103.504,26.602,2024-07-05 04:30:00
2024-07-05,4:45:00 PM,0,103.5,26.605,2024-07-05 04:45:00
2024-07-05,5:00:00 PM,0,103.512,26.6,2024-07-05 05:00:00
2024-07-05,5:15:00 PM,0,103.519,26.595,2024-07-05 05:15:00
2024-07-05,5:30:00 PM,0,103.488,26.596,2024-07-05 05:30:00
2024-07-05,5:45:00 PM,0,103.487,26.605,2024-07-05 05:45:00
2024-07-05,6:00:00 PM,0,103.484,26.614,2024-07-05 06:00:00
2024-07-05,6:15:00 PM,0,103.469,26.626,2024-07-05 06:15:00
2024-07-05,6:30:00 PM,0,103.468,26.633,2024-07-05 06:30:00
2024-07-05,6:45:00 PM,0,103.474,26.639,2024-07-05 06:45:00
2024-07-05,7:00:00 PM,0,103.518,26.646,2024-07-05 07:00:00
2024-07-05,7:15:00 PM,0,103.57,26.644,2024-07-05 07:15:00
2024-07-05,7:30:00 PM,0,103.588,26.636,2024-07-05 07:30:00
2024-07-05,7:45:00 PM,0,103.6,26.628,2024-07-05 07:45:00
2024-07-05,8:00:00 PM,0,103.584,26.615,2024-07-05 08:00:00
2024-07-05,8:15:00 PM,0,103.589,26.594,2024-07-05 08:15:00
2024-07-05,8:30:00 PM,0,103.593,26.574,2024-07-05 08:30:00
2024-07-05,8:45:00 PM,0,103.575,26.548,2024-07-05 08:45:00
2024-07-05,9:00:00 PM,0,103.61,26.517,2024-07-05 09:00:00
2024-07-05,9:15:00 PM,0,103.661,26.487,2024-07-05 09:15:00
2024-07-05,9:30:00 PM,0,103.65,26.454,2024-07-05 09:30:00
2024-07-05,9:45:00 PM,0,103.6,26.423,2024-07-05 09:45:00
2024-07-05,10:00:00 PM,0,103.591,26.392,2024-07-05 10:00:00
2024-07-05,10:15:00 PM,0,103.599,26.356,2024-07-05 10:15:00
2024-07-05,10:30:00 PM,0,103.591,26.322,2024-07-05 10:30:00
2024-07-05,10:45:00 PM,0,103.565,26.288,2024-07-05 10:45:00
2024-07-05,11:00:00 PM,0,103.517,26.255,2024-07-05 11:00:00
2024-07-05,11:15:00 PM,0,103.502,26.222,2024-07-05 11:15:00
2024-07-05,11:30:00 PM,0,103.495,26.186,2024-07-05 11:30:00
2024-07-05,11:45:00 PM,0,103.475,26.152,2024-07-05 11:45:00
2024-07-06,12:00:00 AM,0,103.449,26.116,2024-07-06 12:00:00
2024-07-06,12:15:00 AM,0,103.44,26.078,2024-07-06 12:15:00
2024-07-06,12:30:00 AM,0,103.423,26.04,2024-07-06 12:30:00
2024-07-06,12:45:00 AM,0,103.43,26.005,2024-07-06 12:45:00
2024-07-06,1:00:00 AM,0,103.438,25.966,2024-07-06 01:00:00
2024-07-06,1:15:00 AM,0,103.469,25.93,2024-07-06 01:15:00
2024-07-06,1:30:00 AM,0,103.498,25.895,2024-07-06 01:30:00
2024-07-06,1:45:00 AM,0,103.526,25.855,2024-07-06 01:45:00
2024-07-06,2:00:00 AM,0,103.553,25.824,2024-07-06 02:00:00
2024-07-06,2:15:00 AM,0,103.54,25.79,2024-07-06 02:15:00
2024-07-06,2:30:00 AM,0,103.542,25.759,2024-07-06 02:30:00
2024-07-06,2:45:00 AM,0,103.523,25.729,2024-07-06 02:45:00
2024-07-06,3:00:00 AM,0,103.505,25.696,2024-07-06 03:00:00
2024-07-06,3:15:00 AM,0,103.491,25.665,2024-07-06 03:15:00
2024-07-06,3:30:00 AM,0,103.466,25.627,2024-07-06 03:30:00
2024-07-06,3:45:00 AM,0,103.482,25.595,2024-07-06 03:45:00
2024-07-06,4:00:00 AM,0,103.507,25.562,2024-07-06 04:00:00
2024-07-06,4:15:00 AM,0,103.509,25.532,2024-07-06 04:15:00
2024-07-06,4:30:00 AM,0,103.507,25.502,2024-07-06 04:30:00
2024-07-06,4:45:00 AM,0,103.497,25.472,2024-07-06 04:45:00
2024-07-06,5:00:00 AM,0,103.514,25.443,2024-07-06 05:00:00
2024-07-06,5:15:00 AM,0,103.515,25.41,2024-07-06 05:15:00
2024-07-06,5:30:00 AM,0,103.533,25.38,2024-07-06 05:30:00
2024-07-06,5:45:00 AM,0,103.54,25.351,2024-07-06 05:45:00
2024-07-06,6:00:00 AM,0,103.55,25.321,2024-07-06 06:00:00
2024-07-06,6:15:00 AM,0,103.571,25.29,2024-07-06 06:15:00
2024-07-06,6:30:00 AM,0,103.585,25.264,2024-07-06 06:30:00
2024-07-06,6:45:00 AM,0,103.566,25.233,2024-07-06 06:45:00
2024-07-06,7:00:00 AM,0,103.562,25.207,2024-07-06 07:00:00
2024-07-06,7:15:00 AM,0,103.611,25.186,2024-07-06 07:15:00
2024-07-06,7:30:00 AM,0,103.61,25.164,2024-07-06 07:30:00
2024-07-06,7:45:00 AM,0,103.639,25.147,2024-07-06 07:45:00
2024-07-06,8:00:00 AM,0,103.659,25.132,2024-07-06 08:00:00
2024-07-06,8:15:00 AM,0,103.673,25.123,2024-07-06 08:15:00
2024-07-06,8:30:00 AM,0,103.675,25.109,2024-07-06 08:30:00
2024-07-06,8:45:00 AM,0,103.682,25.103,2024-07-06 08:45:00
2024-07-06,9:00:00 AM,0,103.684,25.107,2024-07-06 09:00:00
2024-07-06,9:15:00 AM,0,103.681,25.115,2024-07-06 09:15:00
2024-07-06,9:30:00 AM,0,103.682,25.126,2024-07-06 09:30:00
2024-07-06,9:45:00 AM,0,103.687,25.137,2024-07-06 09:45:00
2024-07-06,10:00:00 AM,0,103.704,25.161,2024-07-06 10:00:00
2024-07-06,10:15:00 AM,0,103.721,25.192,2024-07-06 10:15:00
2024-07-06,10:30:00 AM,0,103.733,25.196,2024-07-06 10:30:00
2024-07-06,10:45:00 AM,0,103.752,25.201,2024-07-06 10:45:00
2024-07-06,11:00:00 AM,0,103.767,25.217,2024-07-06 11:00:00
2024-07-06,11:15:00 AM,0,103.78,25.256,2024-07-06 11:15:00
2024-07-06,11:30:00 AM,0,103.783,25.287,2024-07-06 11:30:00
2024-07-06,11:45:00 AM,0,103.785,25.347,2024-07-06 11:45:00
2024-07-06,12:00:00 PM,0,103.797,25.421,2024-07-06 12:00:00
2024-07-06,12:15:00 PM,0,103.823,25.495,2024-07-06 12:15:00
2024-07-06,12:30:00 PM,0,103.839,25.587,2024-07-06 12:30:00
2024-07-06,12:45:00 PM,0,103.844,25.602,2024-07-06 12:45:00
2024-07-06,1:00:00 PM,0,103.841,25.605,2024-07-06 01:00:00
2024-07-06,1:15:00 PM,0,103.836,25.628,2024-07-06 01:15:00
2024-07-06,1:30:00 PM,0,103.824,25.606,2024-07-06 01:30:00
2024-07-06,1:45:00 PM,0,103.902,25.567,2024-07-06 01:45:00
2024-07-06,2:00:00 PM,0,104.091,25.503,2024-07-06 02:00:00
2024-07-06,2:15:00 PM,0,104.168,25.441,2024-07-06 02:15:00
2024-07-06,2:30:00 PM,0,104.18,25.427,2024-07-06 02:30:00
2024-07-06,2:45:00 PM,0,104.178,25.428,2024-07-06 02:45:00
2024-07-06,3:00:00 PM,0,104.198,25.448,2024-07-06 03:00:00
2024-07-06,3:15:00 PM,0,104.497,25.491,2024-07-06 03:15:00
2024-07-06,3:30:00 PM,0,105.349,25.544,2024-07-06 03:30:00
2024-07-06,3:45:00 PM,0,106.13,25.662,2024-07-06 03:45:00
2024-07-06,4:00:00 PM,0,106.668,25.844,2024-07-06 04:00:00
2024-07-06,4:15:00 PM,0,107.128,25.986,2024-07-06 04:15:00
2024-07-06,4:30:00 PM,0,107.403,25.896,2024-07-06 04:30:00
2024-07-06,4:45:00 PM,0,107.632,25.71,2024-07-06 04:45:00
2024-07-06,5:00:00 PM,0,107.784,25.543,2024-07-06 05:00:00
2024-07-06,5:15:00 PM,0,108.01,25.418,2024-07-06 05:15:00
2024-07-06,5:30:00 PM,0,108.229,25.307,2024-07-06 05:30:00
2024-07-06,5:45:00 PM,0,108.452,25.197,2024-07-06 05:45:00
2024-07-06,6:00:00 PM,0,108.69,25.095,2024-07-06 06:00:00
2024-07-06,6:15:00 PM,0,108.863,25.025,2024-07-06 06:15:00
2024-07-06,6:30:00 PM,0,109.152,24.992,2024-07-06 06:30:00
2024-07-06,6:45:00 PM,0,109.321,24.984,2024-07-06 06:45:00
2024-07-06,7:00:00 PM,0,109.519,24.961,2024-07-06 07:00:00
2024-07-06,7:15:00 PM,0,109.646,24.929,2024-07-06 07:15:00
2024-07-06,7:30:00 PM,0,109.719,24.918,2024-07-06 07:30:00
2024-07-06,7:45:00 PM,0,109.749,24.909,2024-07-06 07:45:00
2024-07-06,8:00:00 PM,0,109.766,24.889,2024-07-06 08:00:00
2024-07-06,8:15:00 PM,0,109.731,24.87,2024-07-06 08:15:00
2024-07-06,8:30:00 PM,0,109.673,24.853,2024-07-06 08:30:00
2024-07-06,8:45:00 PM,0,109.596,24.835,2024-07-06 08:45:00
2024-07-06,9:00:00 PM,0,109.47,24.82,2024-07-06 09:00:00
2024-07-06,9:15:00 PM,0,109.303,24.807,2024-07-06 09:15:00
2024-07-06,9:30:00 PM,0,109.103,24.791,2024-07-06 09:30:00
2024-07-06,9:45:00 PM,0,108.848,24.777,2024-07-06 09:45:00
2024-07-06,10:00:00 PM,0,108.553,24.763,2024-07-06 10:00:00
2024-07-06,10:15:00 PM,0,108.361,24.746,2024-07-06 10:15:00
2024-07-06,10:30:00 PM,0,108.173,24.731,2024-07-06 10:30:00
2024-07-06,10:45:00 PM,0,107.93,24.715,2024-07-06 10:45:00
2024-07-06,11:00:00 PM,0,107.737,24.698,2024-07-06 11:00:00
2024-07-06,11:15:00 PM,0,107.558,24.683,2024-07-06 11:15:00
2024-07-06,11:30:00 PM,0,107.4,24.664,2024-07-06 11:30:00
2024-07-06,11:45:00 PM,0,107.269,24.647,2024-07-06 11:45:00
2024-07-07,12:00:00 AM,0,107.16,24.631,2024-07-07 12:00:00
2024-07-07,12:15:00 AM,0,107.08,24.614,2024-07-07 12:15:00
2024-07-07,12:30:00 AM,0,106.921,24.598,2024-07-07 12:30:00
2024-07-07,12:45:00 AM,0,106.791,24.581,2024-07-07 12:45:00
2024-07-07,1:00:00 AM,0,106.743,24.566,2024-07-07 01:00:00
2024-07-07,1:15:00 AM,0,106.671,24.55,2024-07-07 01:15:00
2024-07-07,1:30:00 AM,0,106.585,24.537,2024-07-07 01:30:00
2024-07-07,1:45:00 AM,0,106.515,24.523,2024-07-07 01:45:00
2024-07-07,2:00:00 AM,0,106.445,24.508,2024-07-07 02:00:00
2024-07-07,2:15:00 AM,0,106.382,24.493,2024-07-07 02:15:00
2024-07-07,2:30:00 AM,0,106.33,24.475,2024-07-07 02:30:00
2024-07-07,2:45:00 AM,0,106.226,24.46,2024-07-07 02:45:00
2024-07-07,3:00:00 AM,0,106.167,24.446,2024-07-07 03:00:00
2024-07-07,3:15:00 AM,0,106.12,24.428,2024-07-07 03:15:00
2024-07-07,3:30:00 AM,0,106.085,24.413,2024-07-07 03:30:00
2024-07-07,3:45:00 AM,0,106.043,24.396,2024-07-07 03:45:00
2024-07-07,4:00:00 AM,0,106.023,24.379,2024-07-07 04:00:00
2024-07-07,4:15:00 AM,0,105.997,24.358,2024-07-07 04:15:00
2024-07-07,4:30:00 AM,0,105.949,24.341,2024-07-07 04:30:00
2024-07-07,4:45:00 AM,0,105.921,24.324,2024-07-07 04:45:00
2024-07-07,5:00:00 AM,0,105.895,24.304,2024-07-07 05:00:00
2024-07-07,5:15:00 AM,0,105.873,24.283,2024-07-07 05:15:00
2024-07-07,5:30:00 AM,0,105.836,24.264,2024-07-07 05:30:00
2024-07-07,5:45:00 AM,0,105.822,24.246,2024-07-07 05:45:00
2024-07-07,6:00:00 AM,0,105.807,24.228,2024-07-07 06:00:00
2024-07-07,6:15:00 AM,0,105.783,24.205,2024-07-07 06:15:00
2024-07-07,6:30:00 AM,0,105.748,24.189,2024-07-07 06:30:00
2024-07-07,6:45:00 AM,0,105.725,24.17,2024-07-07 06:45:00
2024-07-07,7:00:00 AM,0,105.712,24.15,2024-07-07 07:00:00
2024-07-07,7:15:00 AM,0,105.677,24.138,2024-07-07 07:15:00
2024-07-07,7:30:00 AM,0,105.67,24.12,2024-07-07 07:30:00
2024-07-07,7:45:00 AM,0,105.637,24.107,2024-07-07 07:45:00
2024-07-07,8:00:00 AM,0,105.621,24.095,2024-07-07 08:00:00
2024-07-07,8:15:00 AM,0,105.598,24.084,2024-07-07 08:15:00
2024-07-07,8:30:00 AM,0,105.589,24.078,2024-07-07 08:30:00
2024-07-07,8:45:00 AM,0,105.567,24.073,2024-07-07 08:45:00
2024-07-07,9:00:00 AM,0,105.535,24.072,2024-07-07 09:00:00
2024-07-07,9:15:00 AM,0,105.523,24.077,2024-07-07 09:15:00
2024-07-07,9:30:00 AM,0,105.483,24.081,2024-07-07 09:30:00
2024-07-07,9:45:00 AM,0,105.484,24.089,2024-07-07 09:45:00
2024-07-07,10:00:00 AM,0,105.479,24.102,2024-07-07 10:00:00
2024-07-07,10:15:00 AM,0,105.457,24.126,2024-07-07 10:15:00
2024-07-07,10:30:00 AM,0,105.458,24.161,2024-07-07 10:30:00
2024-07-07,10:45:00 AM,0,105.455,24.193,2024-07-07 10:45:00
2024-07-07,11:00:00 AM,0,105.439,24.232,2024-07-07 11:00:00
2024-07-07,11:15:00 AM,0,105.439,24.281,2024-07-07 11:15:00
2024-07-07,11:30:00 AM,0,105.433,24.332,2024-07-07 11:30:00
2024-07-07,11:45:00 AM,0,105.443,24.387,2024-07-07 11:45:00
2024-07-07,12:00:00 PM,0,105.424,24.431,2024-07-07 12:00:00
2024-07-07,12:15:00 PM,0,105.409,24.475,2024-07-07 12:15:00
2024-07-07,12:30:00 PM,0,105.331,24.531,2024-07-07 12:30:00
2024-07-07,12:45:00 PM,0,105.324,24.613,2024-07-07 12:45:00
2024-07-07,1:00:00 PM,0,105.316,24.698,2024-07-07 01:00:00
2024-07-07,1:15:00 PM,0,105.294,24.784,2024-07-07 01:15:00
2024-07-07,1:30:00 PM,0,105.281,24.869,2024-07-07 01:30:00
2024-07-07,1:45:00 PM,0,105.263,24.934,2024-07-07 01:45:00
2024-07-07,2:00:00 PM,0,105.202,25.02,2024-07-07 02:00:00
2024-07-07,2:15:00 PM,0,105.183,25.119,2024-07-07 02:15:00
2024-07-07,2:30:00 PM,0,105.161,25.21,2024-07-07 02:30:00
2024-07-07,2:45:00 PM,0,105.142,25.295,2024-07-07 02:45:00
2024-07-07,3:00:00 PM,0,105.111,25.378,2024-07-07 03:00:00
2024-07-07,3:15:00 PM,0,105.103,25.436,2024-07-07 03:15:00
2024-07-07,3:30:00 PM,0,105.074,25.524,2024-07-07 03:30:00
2024-07-07,3:45:00 PM,0,105.055,25.584,2024-07-07 03:45:00
2024-07-07,4:00:00 PM,0,104.949,25.661,2024-07-07 04:00:00
2024-07-07,4:15:00 PM,0,104.934,25.716,2024-07-07 04:15:00
2024-07-07,4:30:00 PM,0,104.907,25.752,2024-07-07 04:30:00
2024-07-07,4:45:00 PM,0,104.887,25.792,2024-07-07 04:45:00
2024-07-07,5:00:00 PM,0,104.878,25.823,2024-07-07 05:00:00
2024-07-07,5:15:00 PM,0,104.875,25.856,2024-07-07 05:15:00
2024-07-07,5:30:00 PM,0,104.86,25.885,2024-07-07 05:30:00
2024-07-07,5:45:00 PM,0,104.822,25.902,2024-07-07 05:45:00
2024-07-07,6:00:00 PM,0,104.812,25.915,2024-07-07 06:00:00
2024-07-07,6:15:00 PM,0,104.816,25.936,2024-07-07 06:15:00
2024-07-07,6:30:00 PM,0,104.795,25.951,2024-07-07 06:30:00
2024-07-07,6:45:00 PM,0,104.772,25.965,2024-07-07 06:45:00
2024-07-07,7:00:00 PM,0,104.77,25.981,2024-07-07 07:00:00
2024-07-07,7:15:00 PM,0,104.76,25.993,2024-07-07 07:15:00
2024-07-07,7:30:00 PM,0,104.765,25.999,2024-07-07 07:30:00
2024-07-07,7:45:00 PM,0,104.766,26.004,2024-07-07 07:45:00
2024-07-07,8:00:00 PM,0,104.788,26.003,2024-07-07 08:00:00
2024-07-07,8:15:00 PM,0,104.763,26.003,2024-07-07 08:15:00
2024-07-07,8:30:00 PM,0,104.766,25.999,2024-07-07 08:30:00
2024-07-07,8:45:00 PM,0,104.761,25.996,2024-07-07 08:45:00
2024-07-07,9:00:00 PM,0,104.758,25.991,2024-07-07 09:00:00
2024-07-07,9:15:00 PM,0,104.747,25.984,2024-07-07 09:15:00
2024-07-07,9:30:00 PM,0,104.752,25.973,2024-07-07 09:30:00
2024-07-07,9:45:00 PM,0,104.741,25.964,2024-07-07 09:45:00
2024-07-07,10:00:00 PM,0,104.737,25.949,2024-07-07 10:00:00
2024-07-07,10:15:00 PM,0,104.716,25.935,2024-07-07 10:15:00
2024-07-07,10:30:00 PM,0,104.71,25.917,2024-07-07 10:30:00
2024-07-07,10:45:00 PM,0,104.69,25.898,2024-07-07 10:45:00
2024-07-07,11:00:00 PM,0,104.687,25.877,2024-07-07 11:00:00
2024-07-07,11:15:00 PM,0,104.68,25.854,2024-07-07 11:15:00
2024-07-07,11:30:00 PM,0,104.674,25.831,2024-07-07 11:30:00
2024-07-07,11:45:00 PM,0,104.663,25.803,2024-07-07 11:45:00
2024-07-08,12:00:00 AM,0,104.662,25.775,2024-07-08 12:00:00
2024-07-08,12:15:00 AM,0,104.649,25.742,2024-07-08 12:15:00
2024-07-08,12:30:00 AM,0,104.644,25.711,2024-07-08 12:30:00
2024-07-08,12:45:00 AM,0,104.623,25.678,2024-07-08 12:45:00
2024-07-08,1:00:00 AM,0,104.609,25.643,2024-07-08 01:00:00
2024-07-08,1:15:00 AM,0,104.595,25.611,2024-07-08 01:15:00
2024-07-08,1:30:00 AM,0,104.581,25.575,2024-07-08 01:30:00
2024-07-08,1:45:00 AM,0,104.572,25.541,2024-07-08 01:45:00
2024-07-08,2:00:00 AM,0,104.56,25.509,2024-07-08 02:00:00
2024-07-08,2:15:00 AM,0,104.551,25.476,2024-07-08 02:15:00
2024-07-08,2:30:00 AM,0,104.547,25.443,2024-07-08 02:30:00
2024-07-08,2:45:00 AM,0,104.535,25.412,2024-07-08 02:45:00
2024-07-08,3:00:00 AM,0,104.533,25.379,2024-07-08 03:00:00
2024-07-08,3:15:00 AM,0,104.522,25.343,2024-07-08 03:15:00
2024-07-08,3:30:00 AM,0,104.522,25.311,2024-07-08 03:30:00
2024-07-08,3:45:00 AM,0,104.544,25.277,2024-07-08 03:45:00
2024-07-08,4:00:00 AM,0,104.543,25.244,2024-07-08 04:00:00
2024-07-08,4:15:00 AM,0,104.537,25.21,2024-07-08 04:15:00
2024-07-08,4:30:00 AM,0,104.527,25.176,2024-07-08 04:30:00
2024-07-08,4:45:00 AM,0,104.524,25.142,2024-07-08 04:45:00
2024-07-08,5:00:00 AM,0,104.528,25.11,2024-07-08 05:00:00
2024-07-08,5:15:00 AM,0,104.525,25.081,2024-07-08 05:15:00
2024-07-08,5:30:00 AM,0,104.53,25.051,2024-07-08 05:30:00
2024-07-08,5:45:00 AM,0,104.545,25.019,2024-07-08 05:45:00
2024-07-08,6:00:00 AM,0,104.545,24.988,2024-07-08 06:00:00
2024-07-08,6:15:00 AM,0,104.557,24.96,2024-07-08 06:15:00
2024-07-08,6:30:00 AM,0,104.56,24.929,2024-07-08 06:30:00
2024-07-08,6:45:00 AM,0,104.571,24.902,2024-07-08 06:45:00
2024-07-08,7:00:00 AM,0,104.588,24.876,2024-07-08 07:00:00
2024-07-08,7:15:00 AM,0,104.605,24.851,2024-07-08 07:15:00
2024-07-08,7:30:00 AM,0,104.605,24.826,2024-07-08 07:30:00
2024-07-08,7:45:00 AM,0,104.614,24.806,2024-07-08 07:45:00
2024-07-08,8:00:00 AM,0,104.613,24.788,2024-07-08 08:00:00
2024-07-08,8:15:00 AM,0,104.609,24.773,2024-07-08 08:15:00
2024-07-08,8:30:00 AM,0,104.618,24.766,2024-07-08 08:30:00
2024-07-08,8:45:00 AM,0,104.627,24.76,2024-07-08 08:45:00
2024-07-08,9:00:00 AM,0,104.621,24.758,2024-07-08 09:00:00
2024-07-08,9:15:00 AM,0,104.618,24.764,2024-07-08 09:15:00
2024-07-08,9:30:00 AM,0,104.608,24.769,2024-07-08 09:30:00
2024-07-08,9:45:00 AM,0,104.607,24.78,2024-07-08 09:45:00
2024-07-08,10:00:00 AM,0,104.597,24.799,2024-07-08 10:00:00
2024-07-08,10:15:00 AM,0,104.604,24.823,2024-07-08 10:15:00
2024-07-08,10:30:00 AM,0,104.602,24.851,2024-07-08 10:30:00
2024-07-08,10:45:00 AM,0,104.611,24.887,2024-07-08 10:45:00
2024-07-08,11:00:00 AM,0,104.616,24.901,2024-07-08 11:00:00
2024-07-08,11:15:00 AM,0,104.625,24.938,2024-07-08 11:15:00
2024-07-08,11:30:00 AM,0,104.628,25,2024-07-08 11:30:00
2024-07-08,11:45:00 AM,0,104.63,25.04,2024-07-08 11:45:00
2024-07-08,12:00:00 PM,0,104.622,25.081,2024-07-08 12:00:00
2024-07-08,12:15:00 PM,0,104.617,25.124,2024-07-08 12:15:00
2024-07-08,12:30:00 PM,0,104.597,25.147,2024-07-08 12:30:00
2024-07-08,12:45:00 PM,0,104.595,25.196,2024-07-08 12:45:00
2024-07-08,1:00:00 PM,0,104.587,25.245,2024-07-08 01:00:00
2024-07-08,1:15:00 PM,0,104.574,25.301,2024-07-08 01:15:00
2024-07-08,1:30:00 PM,0,104.559,25.393,2024-07-08 01:30:00
2024-07-08,1:45:00 PM,0,104.542,25.5,2024-07-08 01:45:00
2024-07-08,2:00:00 PM,0,104.521,25.575,2024-07-08 02:00:00
2024-07-08,2:15:00 PM,0,104.504,25.676,2024-07-08 02:15:00
2024-07-08,2:30:00 PM,0,104.5,25.767,2024-07-08 02:30:00
2024-07-08,2:45:00 PM,0,104.472,25.834,2024-07-08 02:45:00
2024-07-08,3:00:00 PM,0,104.455,25.911,2024-07-08 03:00:00
2024-07-08,3:15:00 PM,0,104.448,25.99,2024-07-08 03:15:00
2024-07-08,3:30:00 PM,0,104.43,26.073,2024-07-08 03:30:00
2024-07-08,3:45:00 PM,0,104.377,26.143,2024-07-08 03:45:00
2024-07-08,4:00:00 PM,0,104.394,26.184,2024-07-08 04:00:00
2024-07-08,4:15:00 PM,0,104.353,26.225,2024-07-08 04:15:00
2024-07-08,4:30:00 PM,0,104.351,26.265,2024-07-08 04:30:00
2024-07-08,4:45:00 PM,0,104.331,26.299,2024-07-08 04:45:00
2024-07-08,5:00:00 PM,0,104.347,26.328,2024-07-08 05:00:00
2024-07-08,5:15:00 PM,0,104.462,26.335,2024-07-08 05:15:00
2024-07-08,5:30:00 PM,0,104.486,26.337,2024-07-08 05:30:00
2024-07-08,5:45:00 PM,0,104.491,26.359,2024-07-08 05:45:00
2024-07-08,6:00:00 PM,0,104.476,26.353,2024-07-08 06:00:00
2024-07-08,6:15:00 PM,0,104.489,26.369,2024-07-08 06:15:00
2024-07-08,6:30:00 PM,0,104.5,26.393,2024-07-08 06:30:00
2024-07-08,6:45:00 PM,0,104.515,26.409,2024-07-08 06:45:00
2024-07-08,7:00:00 PM,0,104.567,26.417,2024-07-08 07:00:00
2024-07-08,7:15:00 PM,0,104.689,26.427,2024-07-08 07:15:00
2024-07-08,7:30:00 PM,0,104.876,26.438,2024-07-08 07:30:00
2024-07-08,7:45:00 PM,0,105.045,26.447,2024-07-08 07:45:00
2024-07-08,8:00:00 PM,0,105.168,26.446,2024-07-08 08:00:00
2024-07-08,8:15:00 PM,0,105.297,26.471,2024-07-08 08:15:00
2024-07-08,8:30:00 PM,0,105.429,26.507,2024-07-08 08:30:00
2024-07-08,8:45:00 PM,0,105.524,26.465,2024-07-08 08:45:00
2024-07-08,9:00:00 PM,0,105.616,26.347,2024-07-08 09:00:00
2024-07-08,9:15:00 PM,0,105.737,26.23,2024-07-08 09:15:00
2024-07-08,9:30:00 PM,0,105.829,26.107,2024-07-08 09:30:00
2024-07-08,9:45:00 PM,0,105.893,25.986,2024-07-08 09:45:00
2024-07-08,10:00:00 PM,0,106.034,25.872,2024-07-08 10:00:00
2024-07-08,10:15:00 PM,0,106.047,25.755,2024-07-08 10:15:00
2024-07-08,10:30:00 PM,0,106.079,25.646,2024-07-08 10:30:00
2024-07-08,10:45:00 PM,0,106.126,25.563,2024-07-08 10:45:00
2024-07-08,11:00:00 PM,0,106.105,25.503,2024-07-08 11:00:00
2024-07-08,11:15:00 PM,0,106.088,25.446,2024-07-08 11:15:00
2024-07-08,11:30:00 PM,0,106.077,25.406,2024-07-08 11:30:00
2024-07-08,11:45:00 PM,0,106.038,25.375,2024-07-08 11:45:00
2024-07-09,12:00:00 AM,0,105.989,25.344,2024-07-09 12:00:00
2024-07-09,12:15:00 AM,0,105.944,25.31,2024-07-09 12:15:00
2024-07-09,12:30:00 AM,0,105.893,25.27,2024-07-09 12:30:00
2024-07-09,12:45:00 AM,0,105.847,25.219,2024-07-09 12:45:00
2024-07-09,1:00:00 AM,0,105.798,25.166,2024-07-09 01:00:00
2024-07-09,1:15:00 AM,0,105.759,25.112,2024-07-09 01:15:00
2024-07-09,1:30:00 AM,0,105.708,25.061,2024-07-09 01:30:00
2024-07-09,1:45:00 AM,0,105.672,25.012,2024-07-09 01:45:00
2024-07-09,2:00:00 AM,0,105.633,24.967,2024-07-09 02:00:00
2024-07-09,2:15:00 AM,0,105.601,24.924,2024-07-09 02:15:00
2024-07-09,2:30:00 AM,0,105.571,24.881,2024-07-09 02:30:00
2024-07-09,2:45:00 AM,0,105.533,24.839,2024-07-09 02:45:00
2024-07-09,3:00:00 AM,0,105.507,24.802,2024-07-09 03:00:00
2024-07-09,3:15:00 AM,0,105.482,24.763,2024-07-09 03:15:00
2024-07-09,3:30:00 AM,0,105.456,24.726,2024-07-09 03:30:00
2024-07-09,3:45:00 AM,0,105.435,24.691,2024-07-09 03:45:00
2024-07-09,4:00:00 AM,0,105.403,24.658,2024-07-09 04:00:00
2024-07-09,4:15:00 AM,0,105.389,24.626,2024-07-09 04:15:00
2024-07-09,4:30:00 AM,0,105.363,24.594,2024-07-09 04:30:00
2024-07-09,4:45:00 AM,0,105.336,24.564,2024-07-09 04:45:00
2024-07-09,5:00:00 AM,0,105.311,24.535,2024-07-09 05:00:00
2024-07-09,5:15:00 AM,0,105.284,24.507,2024-07-09 05:15:00
2024-07-09,5:30:00 AM,0,105.27,24.477,2024-07-09 05:30:00
2024-07-09,5:45:00 AM,0,105.239,24.452,2024-07-09 05:45:00
2024-07-09,6:00:00 AM,0,105.23,24.426,2024-07-09 06:00:00
2024-07-09,6:15:00 AM,0,105.216,24.404,2024-07-09 06:15:00
2024-07-09,6:30:00 AM,0,105.206,24.382,2024-07-09 06:30:00
2024-07-09,6:45:00 AM,0,105.184,24.365,2024-07-09 06:45:00
2024-07-09,7:00:00 AM,0,105.164,24.347,2024-07-09 07:00:00
2024-07-09,7:15:00 AM,0,105.149,24.332,2024-07-09 07:15:00
2024-07-09,7:30:00 AM,0,105.147,24.319,2024-07-09 07:30:00
2024-07-09,7:45:00 AM,0,105.147,24.312,2024-07-09 07:45:00
2024-07-09,8:00:00 AM,0,105.145,24.303,2024-07-09 08:00:00
2024-07-09,8:15:00 AM,0,105.136,24.298,2024-07-09 08:15:00
2024-07-09,8:30:00 AM,0,105.128,24.296,2024-07-09 08:30:00
2024-07-09,8:45:00 AM,0,105.114,24.297,2024-07-09 08:45:00
2024-07-09,9:00:00 AM,0,105.101,24.302,2024-07-09 09:00:00
2024-07-09,9:15:00 AM,0,105.082,24.313,2024-07-09 09:15:00
2024-07-09,9:30:00 AM,0,105.08,24.328,2024-07-09 09:30:00
2024-07-09,9:45:00 AM,0,105.084,24.343,2024-07-09 09:45:00
2024-07-09,10:00:00 AM,0,105.083,24.354,2024-07-09 10:00:00
2024-07-09,10:15:00 AM,0,105.068,24.381,2024-07-09 10:15:00
2024-07-09,10:30:00 AM,0,105.069,24.402,2024-07-09 10:30:00
2024-07-09,10:45:00 AM,0,105.057,24.413,2024-07-09 10:45:00
2024-07-09,11:00:00 AM,0,105.035,24.425,2024-07-09 11:00:00
2024-07-09,11:15:00 AM,0,105.033,24.449,2024-07-09 11:15:00
2024-07-09,11:30:00 AM,0,105.006,24.497,2024-07-09 11:30:00
2024-07-09,11:45:00 AM,0,104.994,24.541,2024-07-09 11:45:00
2024-07-09,12:00:00 PM,0,104.955,24.632,2024-07-09 12:00:00
2024-07-09,12:15:00 PM,0,104.927,24.705,2024-07-09 12:15:00
2024-07-09,12:30:00 PM,0,104.906,24.798,2024-07-09 12:30:00
2024-07-09,12:45:00 PM,0,104.889,24.888,2024-07-09 12:45:00
2024-07-09,1:00:00 PM,0,104.867,24.988,2024-07-09 01:00:00
2024-07-09,1:15:00 PM,0,104.867,25.052,2024-07-09 01:15:00
2024-07-09,1:30:00 PM,0,104.843,25.103,2024-07-09 01:30:00
2024-07-09,1:45:00 PM,0,104.765,25.205,2024-07-09 01:45:00
2024-07-09,2:00:00 PM,0,104.737,25.286,2024-07-09 02:00:00
2024-07-09,2:15:00 PM,0,104.771,25.394,2024-07-09 02:15:00
2024-07-09,2:30:00 PM,0,104.772,25.489,2024-07-09 02:30:00
2024-07-09,2:45:00 PM,0,104.747,25.605,2024-07-09 02:45:00
2024-07-09,3:00:00 PM,0,104.762,25.672,2024-07-09 03:00:00
2024-07-09,3:15:00 PM,0,104.77,25.743,2024-07-09 03:15:00
2024-07-09,3:30:00 PM,0,104.756,25.803,2024-07-09 03:30:00
2024-07-09,3:45:00 PM,0,104.78,25.849,2024-07-09 03:45:00
2024-07-09,4:00:00 PM,0,104.819,25.895,2024-07-09 04:00:00
2024-07-09,4:15:00 PM,0,104.828,25.939,2024-07-09 04:15:00
2024-07-09,4:30:00 PM,0,104.805,25.984,2024-07-09 04:30:00
2024-07-09,4:45:00 PM,0,104.816,26.038,2024-07-09 04:45:00
2024-07-09,5:00:00 PM,0,104.827,26.103,2024-07-09 05:00:00
2024-07-09,5:15:00 PM,0,104.855,26.163,2024-07-09 05:15:00
2024-07-09,5:30:00 PM,0,104.855,26.21,2024-07-09 05:30:00
2024-07-09,5:45:00 PM,0,104.873,26.248,2024-07-09 05:45:00
2024-07-09,6:00:00 PM,0,104.913,26.277,2024-07-09 06:00:00
2024-07-09,6:15:00 PM,0,104.919,26.291,2024-07-09 06:15:00
2024-07-09,6:30:00 PM,0,104.984,26.286,2024-07-09 06:30:00
2024-07-09,6:45:00 PM,0,105.05,26.273,2024-07-09 06:45:00
2024-07-09,7:00:00 PM,0,105.211,26.264,2024-07-09 07:00:00
2024-07-09,7:15:00 PM,0,105.455,26.259,2024-07-09 07:15:00
2024-07-09,7:30:00 PM,0,105.712,26.242,2024-07-09 07:30:00
2024-07-09,7:45:00 PM,0,105.971,26.234,2024-07-09 07:45:00
2024-07-09,8:00:00 PM,0,106.208,26.217,2024-07-09 08:00:00
2024-07-09,8:15:00 PM,0,106.353,26.145,2024-07-09 08:15:00
2024-07-09,8:30:00 PM,0,106.491,26.067,2024-07-09 08:30:00
2024-07-09,8:45:00 PM,0,106.612,25.98,2024-07-09 08:45:00
2024-07-09,9:00:00 PM,0,106.702,25.887,2024-07-09 09:00:00
2024-07-09,9:15:00 PM,0,106.8,25.802,2024-07-09 09:15:00
2024-07-09,9:30:00 PM,0,106.868,25.72,2024-07-09 09:30:00
2024-07-09,9:45:00 PM,0,106.872,25.644,2024-07-09 09:45:00
2024-07-09,10:00:00 PM,0,106.868,25.584,2024-07-09 10:00:00
2024-07-09,10:15:00 PM,0,106.829,25.532,2024-07-09 10:15:00
2024-07-09,10:30:00 PM,0,106.787,25.494,2024-07-09 10:30:00
2024-07-09,10:45:00 PM,0,106.72,25.459,2024-07-09 10:45:00
2024-07-09,11:00:00 PM,0,106.666,25.429,2024-07-09 11:00:00
2024-07-09,11:15:00 PM,0,106.612,25.401,2024-07-09 11:15:00
2024-07-09,11:30:00 PM,0,106.57,25.365,2024-07-09 11:30:00
2024-07-09,11:45:00 PM,0,106.493,25.321,2024-07-09 11:45:00
2024-07-10,12:00:00 AM,0,106.435,25.261,2024-07-10 12:00:00
2024-07-10,12:15:00 AM,0,106.36,25.205,2024-07-10 12:15:00
2024-07-10,12:30:00 AM,0,106.307,25.15,2024-07-10 12:30:00
2024-07-10,12:45:00 AM,0,106.252,25.091,2024-07-10 12:45:00
2024-07-10,1:00:00 AM,0,106.192,25.029,2024-07-10 01:00:00
2024-07-10,1:15:00 AM,0,106.12,24.965,2024-07-10 01:15:00
2024-07-10,1:30:00 AM,0,106.09,24.903,2024-07-10 01:30:00
2024-07-10,1:45:00 AM,0,106.002,24.843,2024-07-10 01:45:00
2024-07-10,2:00:00 AM,0,105.957,24.78,2024-07-10 02:00:00
2024-07-10,2:15:00 AM,0,105.915,24.715,2024-07-10 02:15:00
2024-07-10,2:30:00 AM,0,105.87,24.651,2024-07-10 02:30:00
2024-07-10,2:45:00 AM,0,105.837,24.588,2024-07-10 02:45:00
2024-07-10,3:00:00 AM,0,105.789,24.521,2024-07-10 03:00:00
2024-07-10,3:15:00 AM,0,105.76,24.457,2024-07-10 03:15:00
2024-07-10,3:30:00 AM,0,105.726,24.395,2024-07-10 03:30:00
2024-07-10,3:45:00 AM,0,105.7,24.331,2024-07-10 03:45:00
2024-07-10,4:00:00 AM,0,105.672,24.271,2024-07-10 04:00:00
2024-07-10,4:15:00 AM,0,105.661,24.21,2024-07-10 04:15:00
2024-07-10,4:30:00 AM,0,105.638,24.147,2024-07-10 04:30:00
2024-07-10,4:45:00 AM,0,105.609,24.087,2024-07-10 04:45:00
2024-07-10,5:00:00 AM,0,105.586,24.027,2024-07-10 05:00:00
2024-07-10,5:15:00 AM,0,105.566,23.965,2024-07-10 05:15:00
2024-07-10,5:30:00 AM,0,105.549,23.908,2024-07-10 05:30:00
2024-07-10,5:45:00 AM,0,105.53,23.85,2024-07-10 05:45:00
2024-07-10,6:00:00 AM,0,105.513,23.789,2024-07-10 06:00:00
2024-07-10,6:15:00 AM,0,105.493,23.729,2024-07-10 06:15:00
2024-07-10,6:30:00 AM,0,105.477,23.674,2024-07-10 06:30:00
2024-07-10,6:45:00 AM,0,105.457,23.621,2024-07-10 06:45:00
2024-07-10,7:00:00 AM,0,105.432,23.567,2024-07-10 07:00:00
2024-07-10,7:15:00 AM,0,105.419,23.517,2024-07-10 07:15:00
2024-07-10,7:30:00 AM,0,105.402,23.474,2024-07-10 07:30:00
2024-07-10,7:45:00 AM,0,105.393,23.43,2024-07-10 07:45:00
2024-07-10,8:00:00 AM,0,105.381,23.395,2024-07-10 08:00:00
2024-07-10,8:15:00 AM,0,105.36,23.363,2024-07-10 08:15:00
2024-07-10,8:30:00 AM,0,105.351,23.336,2024-07-10 08:30:00
2024-07-10,8:45:00 AM,0,105.337,23.312,2024-07-10 08:45:00
2024-07-10,9:00:00 AM,0,105.325,23.292,2024-07-10 09:00:00
2024-07-10,9:15:00 AM,0,105.316,23.277,2024-07-10 09:15:00
2024-07-10,9:30:00 AM,0,105.312,23.267,2024-07-10 09:30:00
2024-07-10,9:45:00 AM,0,105.29,23.263,2024-07-10 09:45:00
2024-07-10,10:00:00 AM,0,105.295,23.27,2024-07-10 10:00:00
2024-07-10,10:15:00 AM,0,105.289,23.281,2024-07-10 10:15:00
2024-07-10,10:30:00 AM,0,105.286,23.297,2024-07-10 10:30:00
2024-07-10,10:45:00 AM,0,105.279,23.312,2024-07-10 10:45:00
2024-07-10,11:00:00 AM,0,105.28,23.345,2024-07-10 11:00:00
2024-07-10,11:15:00 AM,0,105.275,23.386,2024-07-10 11:15:00
2024-07-10,11:30:00 AM,0,105.27,23.43,2024-07-10 11:30:00
2024-07-10,11:45:00 AM,0,105.27,23.475,2024-07-10 11:45:00
2024-07-10,12:00:00 PM,0,105.269,23.519,2024-07-10 12:00:00
2024-07-10,12:15:00 PM,0,105.265,23.584,2024-07-10 12:15:00
2024-07-10,12:30:00 PM,0,105.266,23.664,2024-07-10 12:30:00
2024-07-10,12:45:00 PM,0,105.264,23.747,2024-07-10 12:45:00
2024-07-10,1:00:00 PM,0,105.265,23.852,2024-07-10 01:00:00
2024-07-10,1:15:00 PM,0,105.226,23.954,2024-07-10 01:15:00
2024-07-10,1:30:00 PM,0,105.213,24.058,2024-07-10 01:30:00
2024-07-10,1:45:00 PM,0,105.205,24.147,2024-07-10 01:45:00
2024-07-10,2:00:00 PM,0,105.196,24.255,2024-07-10 02:00:00
2024-07-10,2:15:00 PM,0,105.176,24.362,2024-07-10 02:15:00
2024-07-10,2:30:00 PM,0,105.15,24.444,2024-07-10 02:30:00
2024-07-10,2:45:00 PM,0,105.117,24.552,2024-07-10 02:45:00
2024-07-10,3:00:00 PM,0,105.092,24.644,2024-07-10 03:00:00
2024-07-10,3:15:00 PM,0,105.08,24.731,2024-07-10 03:15:00
2024-07-10,3:30:00 PM,0,104.979,24.821,2024-07-10 03:30:00
2024-07-10,3:45:00 PM,0,104.974,24.897,2024-07-10 03:45:00
2024-07-10,4:00:00 PM,0,104.948,24.971,2024-07-10 04:00:00
2024-07-10,4:15:00 PM,0,104.927,25.047,2024-07-10 04:15:00
2024-07-10,4:30:00 PM,0,104.912,25.105,2024-07-10 04:30:00
2024-07-10,4:45:00 PM,0,104.901,25.152,2024-07-10 04:45:00
2024-07-10,5:00:00 PM,0,104.89,25.199,2024-07-10 05:00:00
2024-07-10,5:15:00 PM,0,104.878,25.241,2024-07-10 05:15:00
2024-07-10,5:30:00 PM,0,104.863,25.278,2024-07-10 05:30:00
2024-07-10,5:45:00 PM,0,104.845,25.311,2024-07-10 05:45:00
2024-07-10,6:00:00 PM,0,104.83,25.335,2024-07-10 06:00:00
2024-07-10,6:15:00 PM,0,104.812,25.356,2024-07-10 06:15:00
2024-07-10,6:30:00 PM,0,104.809,25.375,2024-07-10 06:30:00
2024-07-10,6:45:00 PM,0,104.79,25.39,2024-07-10 06:45:00
2024-07-10,7:00:00 PM,0,104.778,25.395,2024-07-10 07:00:00
2024-07-10,7:15:00 PM,0,104.77,25.398,2024-07-10 07:15:00
2024-07-10,7:30:00 PM,0,104.761,25.393,2024-07-10 07:30:00
2024-07-10,7:45:00 PM,0,104.75,25.383,2024-07-10 07:45:00
2024-07-10,8:00:00 PM,0,104.741,25.364,2024-07-10 08:00:00
2024-07-10,8:15:00 PM,0,104.73,25.34,2024-07-10 08:15:00
2024-07-10,8:30:00 PM,0,104.723,25.316,2024-07-10 08:30:00
2024-07-10,8:45:00 PM,0,104.727,25.289,2024-07-10 08:45:00
2024-07-10,9:00:00 PM,0,104.707,25.265,2024-07-10 09:00:00
2024-07-10,9:15:00 PM,0,104.704,25.242,2024-07-10 09:15:00
2024-07-10,9:30:00 PM,0,104.702,25.219,2024-07-10 09:30:00
2024-07-10,9:45:00 PM,0,104.688,25.189,2024-07-10 09:45:00
2024-07-10,10:00:00 PM,0,104.672,25.159,2024-07-10 10:00:00
2024-07-10,10:15:00 PM,0,104.671,25.122,2024-07-10 10:15:00
2024-07-10,10:30:00 PM,0,104.665,25.083,2024-07-10 10:30:00
2024-07-10,10:45:00 PM,0,104.661,25.046,2024-07-10 10:45:00
2024-07-10,11:00:00 PM,0,104.652,25.003,2024-07-10 11:00:00
2024-07-10,11:15:00 PM,0,104.641,24.962,2024-07-10 11:15:00
2024-07-10,11:30:00 PM,0,104.628,24.915,2024-07-10 11:30:00
2024-07-10,11:45:00 PM,0,104.613,24.869,2024-07-10 11:45:00
2024-07-11,12:00:00 AM,0,104.61,24.822,2024-07-11 12:00:00
2024-07-11,12:15:00 AM,0,104.595,24.771,2024-07-11 12:15:00
2024-07-11,12:30:00 AM,0,104.571,24.72,2024-07-11 12:30:00
2024-07-11,12:45:00 AM,0,104.553,24.663,2024-07-11 12:45:00
2024-07-11,1:00:00 AM,0,104.544,24.607,2024-07-11 01:00:00
2024-07-11,1:15:00 AM,0,104.531,24.548,2024-07-11 01:15:00
2024-07-11,1:30:00 AM,0,104.52,24.488,2024-07-11 01:30:00
2024-07-11,1:45:00 AM,0,104.51,24.427,2024-07-11 01:45:00
2024-07-11,2:00:00 AM,0,104.502,24.369,2024-07-11 02:00:00
2024-07-11,2:15:00 AM,0,104.509,24.309,2024-07-11 02:15:00
2024-07-11,2:30:00 AM,0,104.504,24.249,2024-07-11 02:30:00
2024-07-11,2:45:00 AM,0,104.511,24.188,2024-07-11 02:45:00
2024-07-11,3:00:00 AM,0,104.501,24.128,2024-07-11 03:00:00
2024-07-11,3:15:00 AM,0,104.495,24.065,2024-07-11 03:15:00
2024-07-11,3:30:00 AM,0,104.492,24.003,2024-07-11 03:30:00
2024-07-11,3:45:00 AM,0,104.505,23.944,2024-07-11 03:45:00
2024-07-11,4:00:00 AM,0,104.514,23.884,2024-07-11 04:00:00
2024-07-11,4:15:00 AM,0,104.536,23.824,2024-07-11 04:15:00
2024-07-11,4:30:00 AM,0,104.55,23.765,2024-07-11 04:30:00
2024-07-11,4:45:00 AM,0,104.558,23.702,2024-07-11 04:45:00
2024-07-11,5:00:00 AM,0,104.566,23.645,2024-07-11 05:00:00
2024-07-11,5:15:00 AM,0,104.56,23.589,2024-07-11 05:15:00
2024-07-11,5:30:00 AM,0,104.582,23.532,2024-07-11 05:30:00
2024-07-11,5:45:00 AM,0,104.566,23.477,2024-07-11 05:45:00
2024-07-11,6:00:00 AM,0,104.553,23.421,2024-07-11 06:00:00
2024-07-11,6:15:00 AM,0,104.544,23.367,2024-07-11 06:15:00
2024-07-11,6:30:00 AM,0,104.536,23.318,2024-07-11 06:30:00
2024-07-11,6:45:00 AM,0,104.536,23.267,2024-07-11 06:45:00
2024-07-11,7:00:00 AM,0,104.527,23.221,2024-07-11 07:00:00
2024-07-11,7:15:00 AM,0,104.575,23.178,2024-07-11 07:15:00
2024-07-11,7:30:00 AM,0,104.571,23.142,2024-07-11 07:30:00
2024-07-11,7:45:00 AM,0,104.58,23.107,2024-07-11 07:45:00
2024-07-11,8:00:00 AM,0,104.573,23.081,2024-07-11 08:00:00
2024-07-11,8:15:00 AM,0,104.569,23.057,2024-07-11 08:15:00
2024-07-11,8:30:00 AM,0,104.575,23.04,2024-07-11 08:30:00
2024-07-11,8:45:00 AM,0,104.58,23.026,2024-07-11 08:45:00
2024-07-11,9:00:00 AM,0,104.586,23.023,2024-07-11 09:00:00
2024-07-11,9:15:00 AM,0,104.585,23.029,2024-07-11 09:15:00
2024-07-11,9:30:00 AM,0,104.595,23.036,2024-07-11 09:30:00
2024-07-11,9:45:00 AM,0,104.59,23.045,2024-07-11 09:45:00
2024-07-11,10:00:00 AM,0,104.597,23.058,2024-07-11 10:00:00
2024-07-11,10:15:00 AM,0,104.603,23.092,2024-07-11 10:15:00
2024-07-11,10:30:00 AM,0,104.616,23.124,2024-07-11 10:30:00
2024-07-11,10:45:00 AM,0,104.622,23.161,2024-07-11 10:45:00
2024-07-11,11:00:00 AM,0,104.632,23.202,2024-07-11 11:00:00
2024-07-11,11:15:00 AM,0,104.641,23.248,2024-07-11 11:15:00
2024-07-11,11:30:00 AM,0,104.666,23.315,2024-07-11 11:30:00
2024-07-11,11:45:00 AM,0,104.682,23.385,2024-07-11 11:45:00
2024-07-11,12:00:00 PM,0,104.694,23.447,2024-07-11 12:00:00
2024-07-11,12:15:00 PM,0,104.706,23.518,2024-07-11 12:15:00
2024-07-11,12:30:00 PM,0,104.719,23.601,2024-07-11 12:30:00
2024-07-11,12:45:00 PM,0,104.728,23.693,2024-07-11 12:45:00
2024-07-11,1:00:00 PM,0,104.739,23.795,2024-07-11 01:00:00
2024-07-11,1:15:00 PM,0,104.738,23.899,2024-07-11 01:15:00
2024-07-11,1:30:00 PM,0,104.737,24.003,2024-07-11 01:30:00
2024-07-11,1:45:00 PM,0,104.73,24.094,2024-07-11 01:45:00
2024-07-11,2:00:00 PM,0,104.714,24.191,2024-07-11 02:00:00
2024-07-11,2:15:00 PM,0,104.699,24.29,2024-07-11 02:15:00
2024-07-11,2:30:00 PM,0,104.687,24.387,2024-07-11 02:30:00
2024-07-11,2:45:00 PM,0,104.676,24.487,2024-07-11 02:45:00
2024-07-11,3:00:00 PM,0,104.649,24.57,2024-07-11 03:00:00
2024-07-11,3:15:00 PM,0,104.617,24.653,2024-07-11 03:15:00
2024-07-11,3:30:00 PM,0,104.605,24.732,2024-07-11 03:30:00
2024-07-11,3:45:00 PM,0,104.607,24.812,2024-07-11 03:45:00
2024-07-11,4:00:00 PM,0,104.609,24.876,2024-07-11 04:00:00
2024-07-11,4:15:00 PM,0,104.599,24.942,2024-07-11 04:15:00
2024-07-11,4:30:00 PM,0,104.586,24.989,2024-07-11 04:30:00
2024-07-11,4:45:00 PM,0,104.493,25.023,2024-07-11 04:45:00
2024-07-11,5:00:00 PM,0,104.484,25.062,2024-07-11 05:00:00
2024-07-11,5:15:00 PM,0,104.48,25.099,2024-07-11 05:15:00
2024-07-11,5:30:00 PM,0,104.472,25.14,2024-07-11 05:30:00
2024-07-11,5:45:00 PM,0,104.462,25.174,2024-07-11 05:45:00
2024-07-11,6:00:00 PM,0,104.459,25.206,2024-07-11 06:00:00
2024-07-11,6:15:00 PM,0,104.456,25.236,2024-07-11 06:15:00
2024-07-11,6:30:00 PM,0,104.451,25.269,2024-07-11 06:30:00
2024-07-11,6:45:00 PM,0,104.454,25.295,2024-07-11 06:45:00
2024-07-11,7:00:00 PM,0,104.452,25.31,2024-07-11 07:00:00
2024-07-11,7:15:00 PM,0,104.453,25.328,2024-07-11 07:15:00
2024-07-11,7:30:00 PM,0,104.457,25.337,2024-07-11 07:30:00
2024-07-11,7:45:00 PM,0,104.449,25.345,2024-07-11 07:45:00
2024-07-11,8:00:00 PM,0,104.442,25.349,2024-07-11 08:00:00
2024-07-11,8:15:00 PM,0,104.442,25.347,2024-07-11 08:15:00
2024-07-11,8:30:00 PM,0,104.433,25.334,2024-07-11 08:30:00
2024-07-11,8:45:00 PM,0,104.424,25.319,2024-07-11 08:45:00
2024-07-11,9:00:00 PM,0,104.417,25.298,2024-07-11 09:00:00
2024-07-11,9:15:00 PM,0,104.418,25.273,2024-07-11 09:15:00
2024-07-11,9:30:00 PM,0,104.418,25.249,2024-07-11 09:30:00
2024-07-11,9:45:00 PM,0,104.417,25.224,2024-07-11 09:45:00
2024-07-11,10:00:00 PM,0,104.408,25.2,2024-07-11 10:00:00
2024-07-11,10:15:00 PM,0,104.407,25.169,2024-07-11 10:15:00
2024-07-11,10:30:00 PM,0,104.396,25.139,2024-07-11 10:30:00
2024-07-11,10:45:00 PM,0,104.389,25.103,2024-07-11 10:45:00
2024-07-11,11:00:00 PM,0,104.382,25.07,2024-07-11 11:00:00
2024-07-11,11:15:00 PM,0,104.385,25.035,2024-07-11 11:15:00
2024-07-11,11:30:00 PM,0,104.38,24.994,2024-07-11 11:30:00
2024-07-11,11:45:00 PM,0,104.372,24.956,2024-07-11 11:45:00
2024-07-12,12:00:00 AM,0,104.354,24.914,2024-07-12 12:00:00
2024-07-12,12:15:00 AM,0,104.332,24.872,2024-07-12 12:15:00
2024-07-12,12:30:00 AM,0,104.312,24.824,2024-07-12 12:30:00
2024-07-12,12:45:00 AM,0,104.303,24.776,2024-07-12 12:45:00
2024-07-12,1:00:00 AM,0,104.297,24.727,2024-07-12 01:00:00
2024-07-12,1:15:00 AM,0,104.283,24.68,2024-07-12 01:15:00
2024-07-12,1:30:00 AM,0,104.265,24.628,2024-07-12 01:30:00
2024-07-12,1:45:00 AM,0,104.251,24.578,2024-07-12 01:45:00
2024-07-12,2:00:00 AM,0,104.249,24.525,2024-07-12 02:00:00
2024-07-12,2:15:00 AM,0,104.242,24.469,2024-07-12 02:15:00
2024-07-12,2:30:00 AM,0,104.245,24.413,2024-07-12 02:30:00
2024-07-12,2:45:00 AM,0,104.243,24.357,2024-07-12 02:45:00
2024-07-12,3:00:00 AM,0,104.259,24.295,2024-07-12 03:00:00
2024-07-12,3:15:00 AM,0,104.268,24.235,2024-07-12 03:15:00
2024-07-12,3:30:00 AM,0,104.269,24.173,2024-07-12 03:30:00
2024-07-12,3:45:00 AM,0,104.285,24.112,2024-07-12 03:45:00
2024-07-12,4:00:00 AM,0,104.294,24.049,2024-07-12 04:00:00
2024-07-12,4:15:00 AM,0,104.31,23.986,2024-07-12 04:15:00
2024-07-12,4:30:00 AM,0,104.301,23.926,2024-07-12 04:30:00
2024-07-12,4:45:00 AM,0,104.306,23.863,2024-07-12 04:45:00
2024-07-12,5:00:00 AM,0,104.302,23.8,2024-07-12 05:00:00
2024-07-12,5:15:00 AM,0,104.335,23.738,2024-07-12 05:15:00
2024-07-12,5:30:00 AM,0,104.343,23.675,2024-07-12 05:30:00
2024-07-12,5:45:00 AM,0,104.358,23.611,2024-07-12 05:45:00
2024-07-12,6:00:00 AM,0,104.358,23.548,2024-07-12 06:00:00
2024-07-12,6:15:00 AM,0,104.374,23.485,2024-07-12 06:15:00
2024-07-12,6:30:00 AM,0,104.379,23.425,2024-07-12 06:30:00
2024-07-12,6:45:00 AM,0,104.391,23.365,2024-07-12 06:45:00
2024-07-12,7:00:00 AM,0,104.414,23.309,2024-07-12 07:00:00
2024-07-12,7:15:00 AM,0,104.432,23.26,2024-07-12 07:15:00
2024-07-12,7:30:00 AM,0,104.45,23.213,2024-07-12 07:30:00
2024-07-12,7:45:00 AM,0,104.457,23.171,2024-07-12 07:45:00
2024-07-12,8:00:00 AM,0,104.466,23.132,2024-07-12 08:00:00
2024-07-12,8:15:00 AM,0,104.482,23.102,2024-07-12 08:15:00
2024-07-12,8:30:00 AM,0,104.498,23.079,2024-07-12 08:30:00
2024-07-12,8:45:00 AM,0,104.508,23.063,2024-07-12 08:45:00
2024-07-12,9:00:00 AM,0,104.513,23.056,2024-07-12 09:00:00
2024-07-12,9:15:00 AM,0,104.524,23.06,2024-07-12 09:15:00
2024-07-12,9:30:00 AM,0,104.54,23.068,2024-07-12 09:30:00
2024-07-12,9:45:00 AM,0,104.544,23.078,2024-07-12 09:45:00
2024-07-12,10:00:00 AM,0,104.551,23.096,2024-07-12 10:00:00
2024-07-12,10:15:00 AM,0,104.562,23.131,2024-07-12 10:15:00
2024-07-12,10:30:00 AM,0,104.573,23.163,2024-07-12 10:30:00
2024-07-12,10:45:00 AM,0,104.579,23.206,2024-07-12 10:45:00
2024-07-12,11:00:00 AM,0,104.593,23.25,2024-07-12 11:00:00
2024-07-12,11:15:00 AM,0,104.606,23.296,2024-07-12 11:15:00
2024-07-12,11:30:00 AM,0,104.624,23.359,2024-07-12 11:30:00
2024-07-12,11:45:00 AM,0,104.643,23.424,2024-07-12 11:45:00
2024-07-12,12:00:00 PM,0,104.654,23.497,2024-07-12 12:00:00
2024-07-12,12:15:00 PM,0,104.665,23.57,2024-07-12 12:15:00
2024-07-12,12:30:00 PM,0,104.684,23.66,2024-07-12 12:30:00
2024-07-12,12:45:00 PM,0,104.697,23.758,2024-07-12 12:45:00
2024-07-12,1:00:00 PM,0,104.714,23.872,2024-07-12 01:00:00
2024-07-12,1:15:00 PM,0,104.722,23.994,2024-07-12 01:15:00
2024-07-12,1:30:00 PM,0,104.721,24.102,2024-07-12 01:30:00
2024-07-12,1:45:00 PM,0,104.719,24.196,2024-07-12 01:45:00
2024-07-12,2:00:00 PM,0,104.718,24.286,2024-07-12 02:00:00
2024-07-12,2:15:00 PM,0,104.704,24.377,2024-07-12 02:15:00
2024-07-12,2:30:00 PM,0,104.689,24.48,2024-07-12 02:30:00
2024-07-12,2:45:00 PM,0,104.672,24.583,2024-07-12 02:45:00
2024-07-12,3:00:00 PM,0,104.645,24.665,2024-07-12 03:00:00
2024-07-12,3:15:00 PM,0,104.619,24.736,2024-07-12 03:15:00
2024-07-12,3:30:00 PM,0,104.581,24.808,2024-07-12 03:30:00
2024-07-12,3:45:00 PM,0,104.567,24.879,2024-07-12 03:45:00
2024-07-12,4:00:00 PM,0,104.562,24.955,2024-07-12 04:00:00
2024-07-12,4:15:00 PM,0,104.548,25.026,2024-07-12 04:15:00
2024-07-12,4:30:00 PM,0,104.537,25.082,2024-07-12 04:30:00
2024-07-12,4:45:00 PM,0,104.526,25.124,2024-07-12 04:45:00
2024-07-12,5:00:00 PM,0,104.521,25.163,2024-07-12 05:00:00
2024-07-12,5:15:00 PM,0,104.52,25.203,2024-07-12 05:15:00
2024-07-12,5:30:00 PM,0,104.502,25.244,2024-07-12 05:30:00
2024-07-12,5:45:00 PM,0,104.456,25.286,2024-07-12 05:45:00
2024-07-12,6:00:00 PM,0,104.46,25.329,2024-07-12 06:00:00
2024-07-12,6:15:00 PM,0,104.456,25.367,2024-07-12 06:15:00
2024-07-12,6:30:00 PM,0,104.465,25.403,2024-07-12 06:30:00
2024-07-12,6:45:00 PM,0,104.472,25.429,2024-07-12 06:45:00
2024-07-12,7:00:00 PM,0,104.49,25.454,2024-07-12 07:00:00
2024-07-12,7:15:00 PM,0,104.496,25.473,2024-07-12 07:15:00
2024-07-12,7:30:00 PM,0,104.5,25.481,2024-07-12 07:30:00
2024-07-12,7:45:00 PM,0,104.506,25.489,2024-07-12 07:45:00
2024-07-12,8:00:00 PM,0,104.512,25.495,2024-07-12 08:00:00
2024-07-12,8:15:00 PM,0,104.512,25.493,2024-07-12 08:15:00
2024-07-12,8:30:00 PM,0,104.51,25.479,2024-07-12 08:30:00
2024-07-12,8:45:00 PM,0,104.495,25.465,2024-07-12 08:45:00
2024-07-12,9:00:00 PM,0,104.498,25.442,2024-07-12 09:00:00
2024-07-12,9:15:00 PM,0,104.5,25.417,2024-07-12 09:15:00
2024-07-12,9:30:00 PM,0,104.5,25.393,2024-07-12 09:30:00
2024-07-12,9:45:00 PM,0,104.499,25.363,2024-07-12 09:45:00
2024-07-12,10:00:00 PM,0,104.498,25.326,2024-07-12 10:00:00
2024-07-12,10:15:00 PM,0,104.506,25.292,2024-07-12 10:15:00
2024-07-12,10:30:00 PM,0,104.498,25.262,2024-07-12 10:30:00
2024-07-12,10:45:00 PM,0,104.495,25.224,2024-07-12 10:45:00
2024-07-12,11:00:00 PM,0,104.496,25.192,2024-07-12 11:00:00
2024-07-12,11:15:00 PM,0,104.496,25.156,2024-07-12 11:15:00
2024-07-12,11:30:00 PM,0,104.486,25.118,2024-07-12 11:30:00
2024-07-12,11:45:00 PM,0,104.48,25.077,2024-07-12 11:45:00
2024-07-13,12:00:00 AM,0,104.469,25.034,2024-07-13 12:00:00
2024-07-13,12:15:00 AM,0,104.449,24.992,2024-07-13 12:15:00
2024-07-13,12:30:00 AM,0,104.447,24.952,2024-07-13 12:30:00
2024-07-13,12:45:00 AM,0,104.439,24.907,2024-07-13 12:45:00
2024-07-13,1:00:00 AM,0,104.423,24.86,2024-07-13 01:00:00
2024-07-13,1:15:00 AM,0,104.407,24.813,2024-07-13 01:15:00
2024-07-13,1:30:00 AM,0,104.404,24.767,2024-07-13 01:30:00
2024-07-13,1:45:00 AM,0,104.386,24.721,2024-07-13 01:45:00
2024-07-13,2:00:00 AM,0,104.376,24.669,2024-07-13 02:00:00
2024-07-13,2:15:00 AM,0,104.367,24.616,2024-07-13 02:15:00
2024-07-13,2:30:00 AM,0,104.366,24.561,2024-07-13 02:30:00
2024-07-13,2:45:00 AM,0,104.372,24.507,2024-07-13 02:45:00
2024-07-13,3:00:00 AM,0,104.366,24.455,2024-07-13 03:00:00
2024-07-13,3:15:00 AM,0,104.372,24.403,2024-07-13 03:15:00
2024-07-13,3:30:00 AM,0,104.384,24.35,2024-07-13 03:30:00
2024-07-13,3:45:00 AM,0,104.395,24.295,2024-07-13 03:45:00
2024-07-13,4:00:00 AM,0,104.393,24.24,2024-07-13 04:00:00
2024-07-13,4:15:00 AM,0,104.406,24.186,2024-07-13 04:15:00
2024-07-13,4:30:00 AM,0,104.406,24.127,2024-07-13 04:30:00
2024-07-13,4:45:00 AM,0,104.421,24.072,2024-07-13 04:45:00
2024-07-13,5:00:00 AM,0,104.419,24.015,2024-07-13 05:00:00
2024-07-13,5:15:00 AM,0,104.427,23.956,2024-07-13 05:15:00
2024-07-13,5:30:00 AM,0,104.431,23.898,2024-07-13 05:30:00
2024-07-13,5:45:00 AM,0,104.475,23.84,2024-07-13 05:45:00
2024-07-13,6:00:00 AM,0,104.492,23.784,2024-07-13 06:00:00
2024-07-13,6:15:00 AM,0,104.499,23.724,2024-07-13 06:15:00
2024-07-13,6:30:00 AM,0,104.514,23.66,2024-07-13 06:30:00
2024-07-13,6:45:00 AM,0,104.537,23.607,2024-07-13 06:45:00
2024-07-13,7:00:00 AM,0,104.547,23.556,2024-07-13 07:00:00
2024-07-13,7:15:00 AM,0,104.562,23.506,2024-07-13 07:15:00
2024-07-13,7:30:00 AM,0,104.59,23.46,2024-07-13 07:30:00
2024-07-13,7:45:00 AM,0,104.608,23.419,2024-07-13 07:45:00
2024-07-13,8:00:00 AM,0,104.622,23.384,2024-07-13 08:00:00
2024-07-13,8:15:00 AM,0,104.638,23.356,2024-07-13 08:15:00
2024-07-13,8:30:00 AM,0,104.654,23.336,2024-07-13 08:30:00
2024-07-13,8:45:00 AM,0,104.654,23.322,2024-07-13 08:45:00
2024-07-13,9:00:00 AM,0,104.652,23.314,2024-07-13 09:00:00
2024-07-13,9:15:00 AM,0,104.644,23.315,2024-07-13 09:15:00
2024-07-13,9:30:00 AM,0,104.646,23.321,2024-07-13 09:30:00
2024-07-13,9:45:00 AM,0,104.65,23.331,2024-07-13 09:45:00
2024-07-13,10:00:00 AM,0,104.653,23.344,2024-07-13 10:00:00
2024-07-13,10:15:00 AM,0,104.658,23.374,2024-07-13 10:15:00
2024-07-13,10:30:00 AM,0,104.671,23.404,2024-07-13 10:30:00
2024-07-13,10:45:00 AM,0,104.679,23.438,2024-07-13 10:45:00
2024-07-13,11:00:00 AM,0,104.687,23.476,2024-07-13 11:00:00
2024-07-13,11:15:00 AM,0,104.691,23.52,2024-07-13 11:15:00
2024-07-13,11:30:00 AM,0,104.707,23.581,2024-07-13 11:30:00
2024-07-13,11:45:00 AM,0,104.715,23.648,2024-07-13 11:45:00
2024-07-13,12:00:00 PM,0,104.735,23.723,2024-07-13 12:00:00
2024-07-13,12:15:00 PM,0,104.745,23.801,2024-07-13 12:15:00
2024-07-13,12:30:00 PM,0,104.76,23.891,2024-07-13 12:30:00
2024-07-13,12:45:00 PM,0,104.778,23.982,2024-07-13 12:45:00
2024-07-13,1:00:00 PM,0,104.774,24.024,2024-07-13 01:00:00
2024-07-13,1:15:00 PM,0,104.785,24.135,2024-07-13 01:15:00
2024-07-13,1:30:00 PM,0,104.798,24.269,2024-07-13 01:30:00
2024-07-13,1:45:00 PM,0,104.781,24.272,2024-07-13 01:45:00
2024-07-13,2:00:00 PM,0,104.78,24.372,2024-07-13 02:00:00
2024-07-13,2:15:00 PM,0,104.778,24.44,2024-07-13 02:15:00
2024-07-13,2:30:00 PM,0,104.764,24.538,2024-07-13 02:30:00
2024-07-13,2:45:00 PM,0,104.744,24.602,2024-07-13 02:45:00
2024-07-13,3:00:00 PM,0,104.723,24.689,2024-07-13 03:00:00
2024-07-13,3:15:00 PM,0,104.703,24.761,2024-07-13 03:15:00
2024-07-13,3:30:00 PM,0,104.678,24.829,2024-07-13 03:30:00
2024-07-13,3:45:00 PM,0,104.658,24.873,2024-07-13 03:45:00
2024-07-13,4:00:00 PM,0,104.629,24.951,2024-07-13 04:00:00
2024-07-13,4:15:00 PM,0,104.604,25.036,2024-07-13 04:15:00
2024-07-13,4:30:00 PM,0,104.584,25.105,2024-07-13 04:30:00
2024-07-13,4:45:00 PM,0,104.58,25.159,2024-07-13 04:45:00
2024-07-13,5:00:00 PM,0,104.571,25.208,2024-07-13 05:00:00
2024-07-13,5:15:00 PM,0,104.561,25.243,2024-07-13 05:15:00
2024-07-13,5:30:00 PM,0,104.568,25.28,2024-07-13 05:30:00
2024-07-13,5:45:00 PM,0,104.511,25.316,2024-07-13 05:45:00
2024-07-13,6:00:00 PM,0,104.522,25.355,2024-07-13 06:00:00
2024-07-13,6:15:00 PM,0,104.528,25.396,2024-07-13 06:15:00
2024-07-13,6:30:00 PM,0,104.521,25.439,2024-07-13 06:30:00
2024-07-13,6:45:00 PM,0,104.522,25.471,2024-07-13 06:45:00
2024-07-13,7:00:00 PM,0,104.506,25.503,2024-07-13 07:00:00
2024-07-13,7:15:00 PM,0,104.501,25.532,2024-07-13 07:15:00
2024-07-13,7:30:00 PM,0,104.5,25.559,2024-07-13 07:30:00
2024-07-13,7:45:00 PM,0,104.498,25.58,2024-07-13 07:45:00
2024-07-13,8:00:00 PM,0,104.503,25.594,2024-07-13 08:00:00
2024-07-13,8:15:00 PM,0,104.5,25.605,2024-07-13 08:15:00
2024-07-13,8:30:00 PM,0,104.501,25.611,2024-07-13 08:30:00
2024-07-13,8:45:00 PM,0,104.502,25.608,2024-07-13 08:45:00
2024-07-13,9:00:00 PM,0,104.494,25.6,2024-07-13 09:00:00
2024-07-13,9:15:00 PM,0,104.493,25.584,2024-07-13 09:15:00
2024-07-13,9:30:00 PM,0,104.487,25.573,2024-07-13 09:30:00
2024-07-13,9:45:00 PM,0,104.498,25.559,2024-07-13 09:45:00
2024-07-13,10:00:00 PM,0,104.5,25.543,2024-07-13 10:00:00
2024-07-13,10:15:00 PM,0,104.496,25.518,2024-07-13 10:15:00
2024-07-13,10:30:00 PM,0,104.488,25.492,2024-07-13 10:30:00
2024-07-13,10:45:00 PM,0,104.481,25.471,2024-07-13 10:45:00
2024-07-13,11:00:00 PM,0,104.471,25.445,2024-07-13 11:00:00
2024-07-13,11:15:00 PM,0,104.452,25.418,2024-07-13 11:15:00
2024-07-13,11:30:00 PM,0,104.453,25.39,2024-07-13 11:30:00
2024-07-13,11:45:00 PM,0,104.444,25.365,2024-07-13 11:45:00
2024-07-14,12:00:00 AM,0,104.433,25.336,2024-07-14 12:00:00
2024-07-14,12:15:00 AM,0,104.427,25.309,2024-07-14 12:15:00
2024-07-14,12:30:00 AM,0,104.412,25.278,2024-07-14 12:30:00
2024-07-14,12:45:00 AM,0,104.395,25.247,2024-07-14 12:45:00
2024-07-14,1:00:00 AM,0,104.395,25.212,2024-07-14 01:00:00
2024-07-14,1:15:00 AM,0,104.375,25.18,2024-07-14 01:15:00
2024-07-14,1:30:00 AM,0,104.366,25.144,2024-07-14 01:30:00
2024-07-14,1:45:00 AM,0,104.362,25.106,2024-07-14 01:45:00
2024-07-14,2:00:00 AM,0,104.352,25.069,2024-07-14 02:00:00
2024-07-14,2:15:00 AM,0,104.346,25.034,2024-07-14 02:15:00
2024-07-14,2:30:00 AM,0,104.333,24.995,2024-07-14 02:30:00
2024-07-14,2:45:00 AM,0,104.316,24.955,2024-07-14 02:45:00
2024-07-14,3:00:00 AM,0,104.303,24.915,2024-07-14 03:00:00
2024-07-14,3:15:00 AM,0,104.295,24.87,2024-07-14 03:15:00
2024-07-14,3:30:00 AM,0,104.286,24.829,2024-07-14 03:30:00
2024-07-14,3:45:00 AM,0,104.286,24.785,2024-07-14 03:45:00
2024-07-14,4:00:00 AM,0,104.288,24.741,2024-07-14 04:00:00
2024-07-14,4:15:00 AM,0,104.298,24.693,2024-07-14 04:15:00
2024-07-14,4:30:00 AM,0,104.298,24.644,2024-07-14 04:30:00
2024-07-14,4:45:00 AM,0,104.294,24.595,2024-07-14 04:45:00
2024-07-14,5:00:00 AM,0,104.308,24.548,2024-07-14 05:00:00
2024-07-14,5:15:00 AM,0,104.323,24.496,2024-07-14 05:15:00
2024-07-14,5:30:00 AM,0,104.329,24.45,2024-07-14 05:30:00
2024-07-14,5:45:00 AM,0,104.342,24.397,2024-07-14 05:45:00
2024-07-14,6:00:00 AM,0,104.361,24.347,2024-07-14 06:00:00
2024-07-14,6:15:00 AM,0,104.36,24.296,2024-07-14 06:15:00
2024-07-14,6:30:00 AM,0,104.366,24.247,2024-07-14 06:30:00
2024-07-14,6:45:00 AM,0,104.364,24.199,2024-07-14 06:45:00
2024-07-14,7:00:00 AM,0,104.36,24.156,2024-07-14 07:00:00
2024-07-14,7:15:00 AM,0,104.408,24.116,2024-07-14 07:15:00
2024-07-14,7:30:00 AM,0,104.412,24.083,2024-07-14 07:30:00
2024-07-14,7:45:00 AM,0,104.418,24.055,2024-07-14 07:45:00
2024-07-14,8:00:00 AM,0,104.424,24.027,2024-07-14 08:00:00
2024-07-14,8:15:00 AM,0,104.428,24.007,2024-07-14 08:15:00
2024-07-14,8:30:00 AM,0,104.428,23.99,2024-07-14 08:30:00
2024-07-14,8:45:00 AM,0,104.432,23.976,2024-07-14 08:45:00
2024-07-14,9:00:00 AM,0,104.429,23.967,2024-07-14 09:00:00
2024-07-14,9:15:00 AM,0,104.432,23.971,2024-07-14 09:15:00
2024-07-14,9:30:00 AM,0,104.429,23.969,2024-07-14 09:30:00
2024-07-14,9:45:00 AM,0,104.419,23.981,2024-07-14 09:45:00
2024-07-14,10:00:00 AM,0,104.427,23.996,2024-07-14 10:00:00
2024-07-14,10:15:00 AM,0,104.439,24.04,2024-07-14 10:15:00
2024-07-14,10:30:00 AM,0,104.44,24.061,2024-07-14 10:30:00
2024-07-14,10:45:00 AM,0,104.447,24.062,2024-07-14 10:45:00
2024-07-14,11:00:00 AM,0,104.448,24.088,2024-07-14 11:00:00
2024-07-14,11:15:00 AM,0,104.455,24.141,2024-07-14 11:15:00
2024-07-14,11:30:00 AM,0,104.467,24.2,2024-07-14 11:30:00
2024-07-14,11:45:00 AM,0,104.477,24.256,2024-07-14 11:45:00
2024-07-14,12:00:00 PM,0,104.485,24.322,2024-07-14 12:00:00
2024-07-14,12:15:00 PM,0,104.497,24.392,2024-07-14 12:15:00
2024-07-14,12:30:00 PM,0,104.508,24.474,2024-07-14 12:30:00
2024-07-14,12:45:00 PM,0,104.514,24.546,2024-07-14 12:45:00
2024-07-14,1:00:00 PM,0,104.512,24.624,2024-07-14 01:00:00
2024-07-14,1:15:00 PM,0,104.502,24.664,2024-07-14 01:15:00
2024-07-14,1:30:00 PM,0,104.484,24.787,2024-07-14 01:30:00
2024-07-14,1:45:00 PM,0,104.467,24.891,2024-07-14 01:45:00
2024-07-14,2:00:00 PM,0,104.445,24.986,2024-07-14 02:00:00
2024-07-14,2:15:00 PM,0,104.432,25.069,2024-07-14 02:15:00
2024-07-14,2:30:00 PM,0,104.407,25.151,2024-07-14 02:30:00
2024-07-14,2:45:00 PM,0,104.392,25.243,2024-07-14 02:45:00
2024-07-14,3:00:00 PM,0,104.383,25.297,2024-07-14 03:00:00
2024-07-14,3:15:00 PM,0,104.344,25.386,2024-07-14 03:15:00
2024-07-14,3:30:00 PM,0,104.37,25.417,2024-07-14 03:30:00
2024-07-14,3:45:00 PM,0,104.355,25.44,2024-07-14 03:45:00
2024-07-14,4:00:00 PM,0,104.359,25.488,2024-07-14 04:00:00
2024-07-14,4:15:00 PM,0,104.346,25.544,2024-07-14 04:15:00
2024-07-14,4:30:00 PM,0,104.366,25.594,2024-07-14 04:30:00
2024-07-14,4:45:00 PM,0,104.381,25.627,2024-07-14 04:45:00
2024-07-14,5:00:00 PM,0,104.389,25.644,2024-07-14 05:00:00
2024-07-14,5:15:00 PM,0,104.384,25.65,2024-07-14 05:15:00
2024-07-14,5:30:00 PM,0,104.371,25.66,2024-07-14 05:30:00
2024-07-14,5:45:00 PM,0,104.351,25.67,2024-07-14 05:45:00
2024-07-14,6:00:00 PM,0,104.339,25.689,2024-07-14 06:00:00
2024-07-14,6:15:00 PM,0,104.332,25.708,2024-07-14 06:15:00
2024-07-14,6:30:00 PM,0,104.336,25.731,2024-07-14 06:30:00
2024-07-14,6:45:00 PM,0,104.346,25.755,2024-07-14 06:45:00
2024-07-14,7:00:00 PM,0,104.333,25.777,2024-07-14 07:00:00
2024-07-14,7:15:00 PM,0,104.332,25.794,2024-07-14 07:15:00
2024-07-14,7:30:00 PM,0,104.31,25.811,2024-07-14 07:30:00
2024-07-14,7:45:00 PM,0,104.3,25.826,2024-07-14 07:45:00
2024-07-14,8:00:00 PM,0,104.3,25.836,2024-07-14 08:00:00
2024-07-14,8:15:00 PM,0,104.287,25.838,2024-07-14 08:15:00
2024-07-14,8:30:00 PM,0,104.28,25.838,2024-07-14 08:30:00
2024-07-14,8:45:00 PM,0,104.276,25.83,2024-07-14 08:45:00
2024-07-14,9:00:00 PM,0,104.281,25.825,2024-07-14 09:00:00
2024-07-14,9:15:00 PM,0,104.287,25.814,2024-07-14 09:15:00
2024-07-14,9:30:00 PM,0,104.273,25.801,2024-07-14 09:30:00
2024-07-14,9:45:00 PM,0,104.264,25.784,2024-07-14 09:45:00
2024-07-14,10:00:00 PM,0,104.266,25.759,2024-07-14 10:00:00
2024-07-14,10:15:00 PM,0,104.269,25.737,2024-07-14 10:15:00
2024-07-14,10:30:00 PM,0,104.271,25.71,2024-07-14 10:30:00
2024-07-14,10:45:00 PM,0,104.276,25.684,2024-07-14 10:45:00
2024-07-14,11:00:00 PM,0,104.268,25.654,2024-07-14 11:00:00
2024-07-14,11:15:00 PM,0,104.261,25.627,2024-07-14 11:15:00
2024-07-14,11:30:00 PM,0,104.259,25.599,2024-07-14 11:30:00
2024-07-14,11:45:00 PM,0,104.248,25.572,2024-07-14 11:45:00
2024-07-15,12:00:00 AM,0,104.242,25.543,2024-07-15 12:00:00
2024-07-15,12:15:00 AM,0,104.23,25.512,2024-07-15 12:15:00
2024-07-15,12:30:00 AM,0,104.218,25.482,2024-07-15 12:30:00
2024-07-15,12:45:00 AM,0,104.203,25.457,2024-07-15 12:45:00
2024-07-15,1:00:00 AM,0,104.189,25.425,2024-07-15 01:00:00
2024-07-15,1:15:00 AM,0,104.17,25.395,2024-07-15 01:15:00
2024-07-15,1:30:00 AM,0,104.161,25.362,2024-07-15 01:30:00
2024-07-15,1:45:00 AM,0,104.145,25.331,2024-07-15 01:45:00
2024-07-15,2:00:00 AM,0,104.126,25.301,2024-07-15 02:00:00
2024-07-15,2:15:00 AM,0,104.113,25.265,2024-07-15 02:15:00
2024-07-15,2:30:00 AM,0,104.096,25.234,2024-07-15 02:30:00
2024-07-15,2:45:00 AM,0,104.085,25.2,2024-07-15 02:45:00
2024-07-15,3:00:00 AM,0,104.077,25.161,2024-07-15 03:00:00
2024-07-15,3:15:00 AM,0,104.062,25.128,2024-07-15 03:15:00
2024-07-15,3:30:00 AM,0,104.062,25.091,2024-07-15 03:30:00
2024-07-15,3:45:00 AM,0,104.059,25.054,2024-07-15 03:45:00
2024-07-15,4:00:00 AM,0,104.067,25.018,2024-07-15 04:00:00
2024-07-15,4:15:00 AM,0,104.091,24.979,2024-07-15 04:15:00
2024-07-15,4:30:00 AM,0,104.082,24.94,2024-07-15 04:30:00
2024-07-15,4:45:00 AM,0,104.103,24.901,2024-07-15 04:45:00
2024-07-15,5:00:00 AM,0,104.121,24.863,2024-07-15 05:00:00
2024-07-15,5:15:00 AM,0,104.127,24.823,2024-07-15 05:15:00
2024-07-15,5:30:00 AM,0,104.138,24.782,2024-07-15 05:30:00
2024-07-15,5:45:00 AM,0,104.139,24.744,2024-07-15 05:45:00
2024-07-15,6:00:00 AM,0,104.155,24.703,2024-07-15 06:00:00
2024-07-15,6:15:00 AM,0,104.178,24.664,2024-07-15 06:15:00
2024-07-15,6:30:00 AM,0,104.171,24.625,2024-07-15 06:30:00
2024-07-15,6:45:00 AM,0,104.174,24.587,2024-07-15 06:45:00
2024-07-15,7:00:00 AM,0,104.171,24.555,2024-07-15 07:00:00
2024-07-15,7:15:00 AM,0,104.169,24.529,2024-07-15 07:15:00
2024-07-15,7:30:00 AM,0,104.171,24.504,2024-07-15 07:30:00
2024-07-15,7:45:00 AM,0,104.16,24.486,2024-07-15 07:45:00
2024-07-15,8:00:00 AM,0,104.172,24.471,2024-07-15 08:00:00
2024-07-15,8:15:00 AM,0,104.217,24.461,2024-07-15 08:15:00
2024-07-15,8:30:00 AM,0,104.233,24.452,2024-07-15 08:30:00
2024-07-15,8:45:00 AM,0,104.228,24.445,2024-07-15 08:45:00
2024-07-15,9:00:00 AM,0,104.241,24.442,2024-07-15 09:00:00
2024-07-15,9:15:00 AM,0,104.244,24.443,2024-07-15 09:15:00
2024-07-15,9:30:00 AM,0,104.251,24.447,2024-07-15 09:30:00
2024-07-15,9:45:00 AM,0,104.258,24.455,2024-07-15 09:45:00
2024-07-15,10:00:00 AM,0,104.255,24.466,2024-07-15 10:00:00
2024-07-15,10:15:00 AM,0,104.257,24.476,2024-07-15 10:15:00
2024-07-15,10:30:00 AM,0,104.255,24.499,2024-07-15 10:30:00
2024-07-15,10:45:00 AM,0,104.26,24.539,2024-07-15 10:45:00
2024-07-15,11:00:00 AM,0,104.259,24.575,2024-07-15 11:00:00
2024-07-15,11:15:00 AM,0,104.253,24.603,2024-07-15 11:15:00
2024-07-15,11:30:00 AM,0,104.256,24.651,2024-07-15 11:30:00
2024-07-15,11:45:00 AM,0,104.259,24.709,2024-07-15 11:45:00
2024-07-15,12:00:00 PM,0,104.261,24.782,2024-07-15 12:00:00
2024-07-15,12:15:00 PM,0,104.266,24.845,2024-07-15 12:15:00
2024-07-15,12:30:00 PM,0,104.262,24.882,2024-07-15 12:30:00
2024-07-15,12:45:00 PM,0,104.274,24.972,2024-07-15 12:45:00
2024-07-15,1:00:00 PM,0,104.265,25.048,2024-07-15 01:00:00
2024-07-15,1:15:00 PM,0,104.256,25.129,2024-07-15 01:15:00
2024-07-15,1:30:00 PM,0,104.231,25.214,2024-07-15 01:30:00
2024-07-15,1:45:00 PM,0,104.228,25.326,2024-07-15 01:45:00
2024-07-15,2:00:00 PM,0,104.221,25.33,2024-07-15 02:00:00
2024-07-15,2:15:00 PM,0,104.171,25.36,2024-07-15 02:15:00
2024-07-15,2:30:00 PM,0,104.141,25.358,2024-07-15 02:30:00
2024-07-15,2:45:00 PM,0,104.128,25.401,2024-07-15 02:45:00
2024-07-15,3:00:00 PM,0,104.12,25.43,2024-07-15 03:00:00
2024-07-15,3:15:00 PM,0,104.125,25.447,2024-07-15 03:15:00
2024-07-15,3:30:00 PM,0,104.102,25.487,2024-07-15 03:30:00
2024-07-15,3:45:00 PM,0,104.089,25.552,2024-07-15 03:45:00
2024-07-15,4:00:00 PM,0,104.106,25.613,2024-07-15 04:00:00
2024-07-15,4:15:00 PM,0,104.098,25.639,2024-07-15 04:15:00
2024-07-15,4:30:00 PM,0,104.095,25.67,2024-07-15 04:30:00
2024-07-15,4:45:00 PM,0,104.077,25.696,2024-07-15 04:45:00
2024-07-15,5:00:00 PM,0,104.078,25.72,2024-07-15 05:00:00
2024-07-15,5:15:00 PM,0,104.094,25.73,2024-07-15 05:15:00
2024-07-15,5:30:00 PM,0,104.109,25.741,2024-07-15 05:30:00
2024-07-15,5:45:00 PM,0,104.112,25.749,2024-07-15 05:45:00
2024-07-15,6:00:00 PM,0,104.115,25.758,2024-07-15 06:00:00
2024-07-15,6:15:00 PM,0,104.096,25.761,2024-07-15 06:15:00
2024-07-15,6:30:00 PM,0,104.068,25.751,2024-07-15 06:30:00
2024-07-15,6:45:00 PM,0,104.067,25.733,2024-07-15 06:45:00
2024-07-15,7:00:00 PM,0,104.054,25.719,2024-07-15 07:00:00
2024-07-15,7:15:00 PM,0,104.018,25.704,2024-07-15 07:15:00
2024-07-15,7:30:00 PM,0,103.992,25.683,2024-07-15 07:30:00
2024-07-15,7:45:00 PM,0,104.001,25.665,2024-07-15 07:45:00
2024-07-15,8:00:00 PM,0,104.027,25.643,2024-07-15 08:00:00
2024-07-15,8:15:00 PM,0,104.033,25.62,2024-07-15 08:15:00
2024-07-15,8:30:00 PM,0,104.02,25.595,2024-07-15 08:30:00
2024-07-15,8:45:00 PM,0,104.009,25.567,2024-07-15 08:45:00
2024-07-15,9:00:00 PM,0,104.006,25.544,2024-07-15 09:00:00
2024-07-15,9:15:00 PM,0,103.98,25.519,2024-07-15 09:15:00
2024-07-15,9:30:00 PM,0,103.965,25.489,2024-07-15 09:30:00
2024-07-15,9:45:00 PM,0,103.953,25.456,2024-07-15 09:45:00
2024-07-15,10:00:00 PM,0,103.957,25.418,2024-07-15 10:00:00
2024-07-15,10:15:00 PM,0,103.964,25.386,2024-07-15 10:15:00
2024-07-15,10:30:00 PM,0,103.959,25.347,2024-07-15 10:30:00
2024-07-15,10:45:00 PM,0,103.963,25.306,2024-07-15 10:45:00
2024-07-15,11:00:00 PM,0,103.95,25.266,2024-07-15 11:00:00
2024-07-15,11:15:00 PM,0,103.944,25.22,2024-07-15 11:15:00
2024-07-15,11:30:00 PM,0,103.961,25.177,2024-07-15 11:30:00
2024-07-15,11:45:00 PM,0,103.946,25.131,2024-07-15 11:45:00
2024-07-16,12:00:00 AM,0,103.932,25.083,2024-07-16 12:00:00
2024-07-16,12:15:00 AM,0,103.91,25.035,2024-07-16 12:15:00
2024-07-16,12:30:00 AM,0,103.914,24.987,2024-07-16 12:30:00
2024-07-16,12:45:00 AM,0,103.908,24.942,2024-07-16 12:45:00
2024-07-16,1:00:00 AM,0,103.898,24.897,2024-07-16 01:00:00
2024-07-16,1:15:00 AM,0,103.897,24.851,2024-07-16 01:15:00
2024-07-16,1:30:00 AM,0,103.894,24.806,2024-07-16 01:30:00
2024-07-16,1:45:00 AM,0,103.892,24.762,2024-07-16 01:45:00
2024-07-16,2:00:00 AM,0,103.884,24.717,2024-07-16 02:00:00
2024-07-16,2:15:00 AM,0,103.87,24.675,2024-07-16 02:15:00
2024-07-16,2:30:00 AM,0,103.851,24.631,2024-07-16 02:30:00
2024-07-16,2:45:00 AM,0,103.833,24.588,2024-07-16 02:45:00
2024-07-16,3:00:00 AM,0,103.814,24.545,2024-07-16 03:00:00
2024-07-16,3:15:00 AM,0,103.812,24.5,2024-07-16 03:15:00
2024-07-16,3:30:00 AM,0,103.804,24.459,2024-07-16 03:30:00
2024-07-16,3:45:00 AM,0,103.803,24.414,2024-07-16 03:45:00
2024-07-16,4:00:00 AM,0,103.808,24.371,2024-07-16 04:00:00
2024-07-16,4:15:00 AM,0,103.863,24.326,2024-07-16 04:15:00
2024-07-16,4:30:00 AM,0,103.855,24.284,2024-07-16 04:30:00
2024-07-16,4:45:00 AM,0,103.852,24.238,2024-07-16 04:45:00
2024-07-16,5:00:00 AM,0,103.872,24.193,2024-07-16 05:00:00
2024-07-16,5:15:00 AM,0,103.903,24.148,2024-07-16 05:15:00
2024-07-16,5:30:00 AM,0,103.918,24.103,2024-07-16 05:30:00
2024-07-16,5:45:00 AM,0,103.924,24.057,2024-07-16 05:45:00
2024-07-16,6:00:00 AM,0,103.912,24.015,2024-07-16 06:00:00
2024-07-16,6:15:00 AM,0,103.91,23.974,2024-07-16 06:15:00
2024-07-16,6:30:00 AM,0,103.907,23.932,2024-07-16 06:30:00
2024-07-16,6:45:00 AM,0,103.932,23.891,2024-07-16 06:45:00
2024-07-16,7:00:00 AM,0,103.956,23.853,2024-07-16 07:00:00
2024-07-16,7:15:00 AM,0,103.965,23.819,2024-07-16 07:15:00
2024-07-16,7:30:00 AM,0,103.98,23.789,2024-07-16 07:30:00
2024-07-16,7:45:00 AM,0,103.978,23.761,2024-07-16 07:45:00
2024-07-16,8:00:00 AM,0,103.997,23.741,2024-07-16 08:00:00
2024-07-16,8:15:00 AM,0,104.008,23.731,2024-07-16 08:15:00
2024-07-16,8:30:00 AM,0,104.008,23.719,2024-07-16 08:30:00
2024-07-16,8:45:00 AM,0,104.015,23.718,2024-07-16 08:45:00
2024-07-16,9:00:00 AM,0,104.027,23.724,2024-07-16 09:00:00
2024-07-16,9:15:00 AM,0,104.025,23.727,2024-07-16 09:15:00
2024-07-16,9:30:00 AM,0,104.026,23.74,2024-07-16 09:30:00
2024-07-16,9:45:00 AM,0,104.033,23.761,2024-07-16 09:45:00
2024-07-16,10:00:00 AM,0,104.039,23.781,2024-07-16 10:00:00
2024-07-16,10:15:00 AM,0,104.052,23.806,2024-07-16 10:15:00
2024-07-16,10:30:00 AM,0,104.061,23.842,2024-07-16 10:30:00
2024-07-16,10:45:00 AM,0,104.06,23.886,2024-07-16 10:45:00
2024-07-16,11:00:00 AM,0,104.068,23.933,2024-07-16 11:00:00
2024-07-16,11:15:00 AM,0,104.074,23.976,2024-07-16 11:15:00
2024-07-16,11:30:00 AM,0,104.077,24.038,2024-07-16 11:30:00
2024-07-16,11:45:00 AM,0,104.083,24.102,2024-07-16 11:45:00
2024-07-16,12:00:00 PM,0,104.09,24.149,2024-07-16 12:00:00
2024-07-16,12:15:00 PM,0,104.096,24.209,2024-07-16 12:15:00
2024-07-16,12:30:00 PM,0,104.12,24.306,2024-07-16 12:30:00
2024-07-16,12:45:00 PM,0,104.126,24.382,2024-07-16 12:45:00
2024-07-16,1:00:00 PM,0,104.131,24.493,2024-07-16 01:00:00
2024-07-16,1:15:00 PM,0,104.119,24.615,2024-07-16 01:15:00
2024-07-16,1:30:00 PM,0,104.102,24.732,2024-07-16 01:30:00
2024-07-16,1:45:00 PM,0,104.088,24.811,2024-07-16 01:45:00
2024-07-16,2:00:00 PM,0,104.056,24.915,2024-07-16 02:00:00
2024-07-16,2:15:00 PM,0,104.06,25.017,2024-07-16 02:15:00
2024-07-16,2:30:00 PM,0,104.133,25.005,2024-07-16 02:30:00
2024-07-16,2:45:00 PM,0,104.106,25.013,2024-07-16 02:45:00
2024-07-16,3:00:00 PM,0,104.114,25.022,2024-07-16 03:00:00
2024-07-16,3:15:00 PM,0,104.099,25.047,2024-07-16 03:15:00
2024-07-16,3:30:00 PM,0,104.055,25.117,2024-07-16 03:30:00
2024-07-16,3:45:00 PM,0,104.037,25.155,2024-07-16 03:45:00
2024-07-16,4:00:00 PM,0,104.005,25.18,2024-07-16 04:00:00
2024-07-16,4:15:00 PM,0,104.018,25.215,2024-07-16 04:15:00
2024-07-16,4:30:00 PM,0,104.003,25.267,2024-07-16 04:30:00
2024-07-16,4:45:00 PM,0,103.905,25.31,2024-07-16 04:45:00
2024-07-16,5:00:00 PM,0,103.915,25.338,2024-07-16 05:00:00
2024-07-16,5:15:00 PM,0,103.955,25.348,2024-07-16 05:15:00
2024-07-16,5:30:00 PM,0,104.037,25.354,2024-07-16 05:30:00
2024-07-16,5:45:00 PM,0,104.097,25.349,2024-07-16 05:45:00
2024-07-16,6:00:00 PM,0,104.056,25.338,2024-07-16 06:00:00
2024-07-16,6:15:00 PM,0,104.025,25.331,2024-07-16 06:15:00
2024-07-16,6:30:00 PM,0,104.005,25.325,2024-07-16 06:30:00
2024-07-16,6:45:00 PM,0,104.012,25.326,2024-07-16 06:45:00
2024-07-16,7:00:00 PM,0,104.001,25.321,2024-07-16 07:00:00
2024-07-16,7:15:00 PM,0,103.987,25.319,2024-07-16 07:15:00
2024-07-16,7:30:00 PM,0,103.992,25.316,2024-07-16 07:30:00
2024-07-16,7:45:00 PM,0,103.97,25.311,2024-07-16 07:45:00
2024-07-16,8:00:00 PM,0,103.969,25.308,2024-07-16 08:00:00
2024-07-16,8:15:00 PM,0,103.954,25.304,2024-07-16 08:15:00
2024-07-16,8:30:00 PM,0,103.96,25.298,2024-07-16 08:30:00
2024-07-16,8:45:00 PM,0,103.956,25.289,2024-07-16 08:45:00
2024-07-16,9:00:00 PM,0,103.951,25.28,2024-07-16 09:00:00
2024-07-16,9:15:00 PM,0,103.952,25.266,2024-07-16 09:15:00
2024-07-16,9:30:00 PM,0,103.949,25.246,2024-07-16 09:30:00
2024-07-16,9:45:00 PM,0,103.964,25.223,2024-07-16 09:45:00
2024-07-16,10:00:00 PM,0,103.966,25.199,2024-07-16 10:00:00
2024-07-16,10:15:00 PM,0,103.951,25.165,2024-07-16 10:15:00
2024-07-16,10:30:00 PM,0,103.93,25.132,2024-07-16 10:30:00
2024-07-16,10:45:00 PM,0,103.912,25.097,2024-07-16 10:45:00
2024-07-16,11:00:00 PM,0,103.905,25.064,2024-07-16 11:00:00
2024-07-16,11:15:00 PM,0,103.898,25.034,2024-07-16 11:15:00
2024-07-16,11:30:00 PM,0,103.903,25.002,2024-07-16 11:30:00
2024-07-16,11:45:00 PM,0,103.917,24.975,2024-07-16 11:45:00
2024-07-17,12:00:00 AM,0,103.913,24.952,2024-07-17 12:00:00
2024-07-17,12:15:00 AM,0,103.91,24.925,2024-07-17 12:15:00
2024-07-17,12:30:00 AM,0,103.898,24.895,2024-07-17 12:30:00
2024-07-17,12:45:00 AM,0,103.876,24.865,2024-07-17 12:45:00
2024-07-17,1:00:00 AM,0,103.861,24.839,2024-07-17 01:00:00
2024-07-17,1:15:00 AM,0,103.844,24.809,2024-07-17 01:15:00
2024-07-17,1:30:00 AM,0,103.829,24.779,2024-07-17 01:30:00
2024-07-17,1:45:00 AM,0,103.808,24.749,2024-07-17 01:45:00
2024-07-17,2:00:00 AM,0,103.783,24.714,2024-07-17 02:00:00
2024-07-17,2:15:00 AM,0,103.765,24.68,2024-07-17 02:15:00
2024-07-17,2:30:00 AM,0,103.749,24.645,2024-07-17 02:30:00
2024-07-17,2:45:00 AM,0,103.737,24.611,2024-07-17 02:45:00
2024-07-17,3:00:00 AM,0,103.738,24.581,2024-07-17 03:00:00
2024-07-17,3:15:00 AM,0,103.733,24.542,2024-07-17 03:15:00
2024-07-17,3:30:00 AM,0,103.781,24.509,2024-07-17 03:30:00
2024-07-17,3:45:00 AM,0,103.796,24.477,2024-07-17 03:45:00
2024-07-17,4:00:00 AM,0,103.822,24.446,2024-07-17 04:00:00
2024-07-17,4:15:00 AM,0,103.814,24.414,2024-07-17 04:15:00
2024-07-17,4:30:00 AM,0,103.828,24.374,2024-07-17 04:30:00
2024-07-17,4:45:00 AM,0,103.827,24.339,2024-07-17 04:45:00
2024-07-17,5:00:00 AM,0,103.844,24.301,2024-07-17 05:00:00
2024-07-17,5:15:00 AM,0,103.861,24.264,2024-07-17 05:15:00
2024-07-17,5:30:00 AM,0,103.877,24.225,2024-07-17 05:30:00
2024-07-17,5:45:00 AM,0,103.896,24.187,2024-07-17 05:45:00
2024-07-17,6:00:00 AM,0,103.928,24.151,2024-07-17 06:00:00
2024-07-17,6:15:00 AM,0,103.939,24.118,2024-07-17 06:15:00
2024-07-17,6:30:00 AM,0,103.957,24.086,2024-07-17 06:30:00
2024-07-17,6:45:00 AM,0,103.984,24.054,2024-07-17 06:45:00
2024-07-17,7:00:00 AM,0,103.998,24.024,2024-07-17 07:00:00
2024-07-17,7:15:00 AM,0,104.007,23.996,2024-07-17 07:15:00
2024-07-17,7:30:00 AM,0,104.028,23.97,2024-07-17 07:30:00
2024-07-17,7:45:00 AM,0,104.054,23.951,2024-07-17 07:45:00
2024-07-17,8:00:00 AM,0,104.059,23.937,2024-07-17 08:00:00
2024-07-17,8:15:00 AM,0,104.062,23.926,2024-07-17 08:15:00
2024-07-17,8:30:00 AM,0,104.056,23.91,2024-07-17 08:30:00
2024-07-17,8:45:00 AM,0,104.052,23.903,2024-07-17 08:45:00
2024-07-17,9:00:00 AM,0,104.062,23.907,2024-07-17 09:00:00
2024-07-17,9:15:00 AM,0,104.072,23.909,2024-07-17 09:15:00
2024-07-17,9:30:00 AM,0,104.08,23.907,2024-07-17 09:30:00
2024-07-17,9:45:00 AM,0,104.084,23.922,2024-07-17 09:45:00
2024-07-17,10:00:00 AM,0,104.087,23.947,2024-07-17 10:00:00
2024-07-17,10:15:00 AM,0,104.093,23.982,2024-07-17 10:15:00
2024-07-17,10:30:00 AM,0,104.106,24.025,2024-07-17 10:30:00
2024-07-17,10:45:00 AM,0,104.121,24.067,2024-07-17 10:45:00
2024-07-17,11:00:00 AM,0,104.121,24.109,2024-07-17 11:00:00
2024-07-17,11:15:00 AM,0,104.137,24.157,2024-07-17 11:15:00
2024-07-17,11:30:00 AM,0,104.131,24.217,2024-07-17 11:30:00
2024-07-17,11:45:00 AM,0,104.135,24.262,2024-07-17 11:45:00
2024-07-17,12:00:00 PM,0,104.125,24.304,2024-07-17 12:00:00
2024-07-17,12:15:00 PM,0,104.135,24.386,2024-07-17 12:15:00
2024-07-17,12:30:00 PM,0,104.155,24.504,2024-07-17 12:30:00
2024-07-17,12:45:00 PM,0,104.176,24.536,2024-07-17 12:45:00
2024-07-17,1:00:00 PM,0,104.241,24.491,2024-07-17 01:00:00
2024-07-17,1:15:00 PM,0,104.207,24.489,2024-07-17 01:15:00
2024-07-17,1:30:00 PM,0,104.211,24.498,2024-07-17 01:30:00
2024-07-17,1:45:00 PM,0,104.192,24.499,2024-07-17 01:45:00
2024-07-17,2:00:00 PM,0,104.185,24.591,2024-07-17 02:00:00
2024-07-17,2:15:00 PM,0,104.152,24.53,2024-07-17 02:15:00
2024-07-17,2:30:00 PM,0,104.159,24.587,2024-07-17 02:30:00
2024-07-17,2:45:00 PM,0,104.191,24.709,2024-07-17 02:45:00
2024-07-17,3:00:00 PM,0,104.171,24.714,2024-07-17 03:00:00
2024-07-17,3:15:00 PM,0,104.15,24.699,2024-07-17 03:15:00
2024-07-17,3:30:00 PM,0,104.153,24.734,2024-07-17 03:30:00
2024-07-17,3:45:00 PM,0,104.179,24.796,2024-07-17 03:45:00
2024-07-17,4:00:00 PM,0,104.199,24.849,2024-07-17 04:00:00
2024-07-17,4:15:00 PM,0,104.209,24.899,2024-07-17 04:15:00
2024-07-17,4:30:00 PM,0,104.192,24.953,2024-07-17 04:30:00
2024-07-17,4:45:00 PM,0,104.192,24.999,2024-07-17 04:45:00
2024-07-17,5:00:00 PM,0,104.179,25.031,2024-07-17 05:00:00
2024-07-17,5:15:00 PM,0,104.158,25.066,2024-07-17 05:15:00
2024-07-17,5:30:00 PM,0,104.195,25.104,2024-07-17 05:30:00
2024-07-17,5:45:00 PM,0,104.214,25.148,2024-07-17 05:45:00
2024-07-17,6:00:00 PM,0,104.249,25.188,2024-07-17 06:00:00
2024-07-17,6:15:00 PM,0,104.256,25.22,2024-07-17 06:15:00
2024-07-17,6:30:00 PM,0,104.234,25.253,2024-07-17 06:30:00
2024-07-17,6:45:00 PM,0,104.246,25.288,2024-07-17 06:45:00
2024-07-17,7:00:00 PM,0,104.263,25.315,2024-07-17 07:00:00
2024-07-17,7:15:00 PM,0,104.262,25.338,2024-07-17 07:15:00
2024-07-17,7:30:00 PM,0,104.267,25.356,2024-07-17 07:30:00
2024-07-17,7:45:00 PM,0,104.267,25.372,2024-07-17 07:45:00
2024-07-17,8:00:00 PM,0,104.289,25.38,2024-07-17 08:00:00
2024-07-17,8:15:00 PM,0,104.319,25.381,2024-07-17 08:15:00
2024-07-17,8:30:00 PM,0,104.34,25.38,2024-07-17 08:30:00
2024-07-17,8:45:00 PM,0,104.367,25.378,2024-07-17 08:45:00
2024-07-17,9:00:00 PM,0,104.362,25.366,2024-07-17 09:00:00
2024-07-17,9:15:00 PM,0,104.359,25.351,2024-07-17 09:15:00
2024-07-17,9:30:00 PM,0,104.354,25.334,2024-07-17 09:30:00
2024-07-17,9:45:00 PM,0,104.353,25.312,2024-07-17 09:45:00
2024-07-17,10:00:00 PM,0,104.343,25.286,2024-07-17 10:00:00
2024-07-17,10:15:00 PM,0,104.328,25.256,2024-07-17 10:15:00
2024-07-17,10:30:00 PM,0,104.309,25.221,2024-07-17 10:30:00
2024-07-17,10:45:00 PM,0,104.31,25.185,2024-07-17 10:45:00
2024-07-17,11:00:00 PM,0,104.305,25.148,2024-07-17 11:00:00
2024-07-17,11:15:00 PM,0,104.3,25.11,2024-07-17 11:15:00
2024-07-17,11:30:00 PM,0,104.296,25.073,2024-07-17 11:30:00
2024-07-17,11:45:00 PM,0,104.295,25.038,2024-07-17 11:45:00
2024-07-18,12:00:00 AM,0,104.281,25.009,2024-07-18 12:00:00
2024-07-18,12:15:00 AM,0,104.27,24.974,2024-07-18 12:15:00
2024-07-18,12:30:00 AM,0,104.242,24.945,2024-07-18 12:30:00
2024-07-18,12:45:00 AM,0,104.215,24.913,2024-07-18 12:45:00
2024-07-18,1:00:00 AM,0,104.195,24.879,2024-07-18 01:00:00
2024-07-18,1:15:00 AM,0,104.179,24.844,2024-07-18 01:15:00
2024-07-18,1:30:00 AM,0,104.177,24.807,2024-07-18 01:30:00
2024-07-18,1:45:00 AM,0,104.164,24.77,2024-07-18 01:45:00
2024-07-18,2:00:00 AM,0,104.158,24.729,2024-07-18 02:00:00
2024-07-18,2:15:00 AM,0,104.129,24.689,2024-07-18 02:15:00
2024-07-18,2:30:00 AM,0,104.103,24.65,2024-07-18 02:30:00
2024-07-18,2:45:00 AM,0,104.083,24.611,2024-07-18 02:45:00
2024-07-18,3:00:00 AM,0,104.058,24.57,2024-07-18 03:00:00
2024-07-18,3:15:00 AM,0,104.041,24.533,2024-07-18 03:15:00
2024-07-18,3:30:00 AM,0,104.091,24.493,2024-07-18 03:30:00
2024-07-18,3:45:00 AM,0,104.086,24.458,2024-07-18 03:45:00
2024-07-18,4:00:00 AM,0,104.096,24.42,2024-07-18 04:00:00
2024-07-18,4:15:00 AM,0,104.083,24.38,2024-07-18 04:15:00
2024-07-18,4:30:00 AM,0,104.08,24.346,2024-07-18 04:30:00
2024-07-18,4:45:00 AM,0,104.07,24.312,2024-07-18 04:45:00
2024-07-18,5:00:00 AM,0,104.058,24.277,2024-07-18 05:00:00
2024-07-18,5:15:00 AM,0,104.07,24.244,2024-07-18 05:15:00
2024-07-18,5:30:00 AM,0,104.075,24.207,2024-07-18 05:30:00
2024-07-18,5:45:00 AM,0,104.13,24.175,2024-07-18 05:45:00
2024-07-18,6:00:00 AM,0,104.136,24.142,2024-07-18 06:00:00
2024-07-18,6:15:00 AM,0,104.143,24.111,2024-07-18 06:15:00
2024-07-18,6:30:00 AM,0,104.163,24.076,2024-07-18 06:30:00
2024-07-18,6:45:00 AM,0,104.181,24.047,2024-07-18 06:45:00
2024-07-18,7:00:00 AM,0,104.173,24.017,2024-07-18 07:00:00
2024-07-18,7:15:00 AM,0,104.171,23.985,2024-07-18 07:15:00
2024-07-18,7:30:00 AM,0,104.192,23.962,2024-07-18 07:30:00
2024-07-18,7:45:00 AM,0,104.222,23.938,2024-07-18 07:45:00
2024-07-18,8:00:00 AM,0,104.216,23.92,2024-07-18 08:00:00
2024-07-18,8:15:00 AM,0,104.217,23.906,2024-07-18 08:15:00
2024-07-18,8:30:00 AM,0,104.247,23.897,2024-07-18 08:30:00
2024-07-18,8:45:00 AM,0,104.255,23.894,2024-07-18 08:45:00
2024-07-18,9:00:00 AM,0,104.248,23.894,2024-07-18 09:00:00
2024-07-18,9:15:00 AM,0,104.254,23.897,2024-07-18 09:15:00
2024-07-18,9:30:00 AM,0,104.264,23.899,2024-07-18 09:30:00
2024-07-18,9:45:00 AM,0,104.263,23.914,2024-07-18 09:45:00
2024-07-18,10:00:00 AM,0,104.265,23.933,2024-07-18 10:00:00
2024-07-18,10:15:00 AM,0,104.259,23.965,2024-07-18 10:15:00
2024-07-18,10:30:00 AM,0,104.262,23.996,2024-07-18 10:30:00
2024-07-18,10:45:00 AM,0,104.261,24.033,2024-07-18 10:45:00
2024-07-18,11:00:00 AM,0,104.257,24.068,2024-07-18 11:00:00
2024-07-18,11:15:00 AM,0,104.267,24.104,2024-07-18 11:15:00
2024-07-18,11:30:00 AM,0,104.274,24.15,2024-07-18 11:30:00
2024-07-18,11:45:00 AM,0,104.287,24.207,2024-07-18 11:45:00
2024-07-18,12:00:00 PM,0,104.291,24.265,2024-07-18 12:00:00
2024-07-18,12:15:00 PM,0,104.298,24.304,2024-07-18 12:15:00
2024-07-18,12:30:00 PM,0,104.305,24.371,2024-07-18 12:30:00
2024-07-18,12:45:00 PM,0,104.317,24.453,2024-07-18 12:45:00
2024-07-18,1:00:00 PM,0,104.321,24.537,2024-07-18 01:00:00
2024-07-18,1:15:00 PM,0,104.319,24.635,2024-07-18 01:15:00
2024-07-18,1:30:00 PM,0,104.297,24.711,2024-07-18 01:30:00
2024-07-18,1:45:00 PM,0,104.291,24.804,2024-07-18 01:45:00
2024-07-18,2:00:00 PM,0,104.285,24.777,2024-07-18 02:00:00
2024-07-18,2:15:00 PM,0,104.275,24.788,2024-07-18 02:15:00
2024-07-18,2:30:00 PM,0,104.263,24.889,2024-07-18 02:30:00
2024-07-18,2:45:00 PM,0,104.238,24.99,2024-07-18 02:45:00
2024-07-18,3:00:00 PM,0,104.215,24.986,2024-07-18 03:00:00
2024-07-18,3:15:00 PM,0,104.192,25.06,2024-07-18 03:15:00
2024-07-18,3:30:00 PM,0,104.165,25.119,2024-07-18 03:30:00
2024-07-18,3:45:00 PM,0,104.144,25.142,2024-07-18 03:45:00
2024-07-18,4:00:00 PM,0,104.13,25.165,2024-07-18 04:00:00
2024-07-18,4:15:00 PM,0,104.164,25.199,2024-07-18 04:15:00
2024-07-18,4:30:00 PM,0,104.312,25.221,2024-07-18 04:30:00
2024-07-18,4:45:00 PM,0,104.254,25.166,2024-07-18 04:45:00
2024-07-18,5:00:00 PM,0,104.283,25.128,2024-07-18 05:00:00
2024-07-18,5:15:00 PM,0,104.319,25.129,2024-07-18 05:15:00
2024-07-18,5:30:00 PM,0,104.302,25.116,2024-07-18 05:30:00
2024-07-18,5:45:00 PM,0,104.256,25.107,2024-07-18 05:45:00
2024-07-18,6:00:00 PM,0,104.236,25.111,2024-07-18 06:00:00
2024-07-18,6:15:00 PM,0,104.232,25.128,2024-07-18 06:15:00
2024-07-18,6:30:00 PM,0,104.233,25.14,2024-07-18 06:30:00
2024-07-18,6:45:00 PM,0,104.251,25.138,2024-07-18 06:45:00
2024-07-18,7:00:00 PM,0,104.32,25.143,2024-07-18 07:00:00
2024-07-18,7:15:00 PM,0,104.485,25.149,2024-07-18 07:15:00
2024-07-18,7:30:00 PM,0,104.686,25.166,2024-07-18 07:30:00
2024-07-18,7:45:00 PM,0,104.934,25.18,2024-07-18 07:45:00
2024-07-18,8:00:00 PM,0,105.063,25.202,2024-07-18 08:00:00
2024-07-18,8:15:00 PM,0,105.192,25.174,2024-07-18 08:15:00
2024-07-18,8:30:00 PM,0,105.299,25.049,2024-07-18 08:30:00
2024-07-18,8:45:00 PM,0,105.406,24.902,2024-07-18 08:45:00
2024-07-18,9:00:00 PM,0,105.523,24.781,2024-07-18 09:00:00
2024-07-18,9:15:00 PM,0,105.556,24.689,2024-07-18 09:15:00
2024-07-18,9:30:00 PM,0,105.613,24.624,2024-07-18 09:30:00
2024-07-18,9:45:00 PM,0,105.623,24.567,2024-07-18 09:45:00
2024-07-18,10:00:00 PM,0,105.594,24.5,2024-07-18 10:00:00
2024-07-18,10:15:00 PM,0,105.573,24.435,2024-07-18 10:15:00
2024-07-18,10:30:00 PM,0,105.536,24.379,2024-07-18 10:30:00
2024-07-18,10:45:00 PM,0,105.497,24.343,2024-07-18 10:45:00
2024-07-18,11:00:00 PM,0,105.481,24.33,2024-07-18 11:00:00
2024-07-18,11:15:00 PM,0,105.451,24.335,2024-07-18 11:15:00
2024-07-18,11:30:00 PM,0,105.438,24.351,2024-07-18 11:30:00
2024-07-18,11:45:00 PM,0,105.424,24.366,2024-07-18 11:45:00
2024-07-19,12:00:00 AM,0,105.409,24.368,2024-07-19 12:00:00
2024-07-19,12:15:00 AM,0,105.381,24.352,2024-07-19 12:15:00
2024-07-19,12:30:00 AM,0,105.355,24.323,2024-07-19 12:30:00
2024-07-19,12:45:00 AM,0,105.31,24.287,2024-07-19 12:45:00
2024-07-19,1:00:00 AM,0,105.278,24.249,2024-07-19 01:00:00
2024-07-19,1:15:00 AM,0,105.248,24.209,2024-07-19 01:15:00
2024-07-19,1:30:00 AM,0,105.212,24.17,2024-07-19 01:30:00
2024-07-19,1:45:00 AM,0,105.181,24.134,2024-07-19 01:45:00
2024-07-19,2:00:00 AM,0,105.16,24.099,2024-07-19 02:00:00
2024-07-19,2:15:00 AM,0,105.138,24.066,2024-07-19 02:15:00
2024-07-19,2:30:00 AM,0,105.105,24.03,2024-07-19 02:30:00
2024-07-19,2:45:00 AM,0,105.079,24.001,2024-07-19 02:45:00
2024-07-19,3:00:00 AM,0,105.052,23.972,2024-07-19 03:00:00
2024-07-19,3:15:00 AM,0,105.041,23.945,2024-07-19 03:15:00
2024-07-19,3:30:00 AM,0,105.015,23.916,2024-07-19 03:30:00
2024-07-19,3:45:00 AM,0,104.997,23.893,2024-07-19 03:45:00
2024-07-19,4:00:00 AM,0,104.976,23.867,2024-07-19 04:00:00
2024-07-19,4:15:00 AM,0,104.955,23.84,2024-07-19 04:15:00
2024-07-19,4:30:00 AM,0,104.935,23.814,2024-07-19 04:30:00
2024-07-19,4:45:00 AM,0,104.922,23.79,2024-07-19 04:45:00
2024-07-19,5:00:00 AM,0,104.906,23.763,2024-07-19 05:00:00
2024-07-19,5:15:00 AM,0,104.89,23.741,2024-07-19 05:15:00
2024-07-19,5:30:00 AM,0,104.879,23.714,2024-07-19 05:30:00
2024-07-19,5:45:00 AM,0,104.862,23.694,2024-07-19 05:45:00
2024-07-19,6:00:00 AM,0,104.856,23.672,2024-07-19 06:00:00
2024-07-19,6:15:00 AM,0,104.842,23.651,2024-07-19 06:15:00
2024-07-19,6:30:00 AM,0,104.832,23.63,2024-07-19 06:30:00
2024-07-19,6:45:00 AM,0,104.839,23.613,2024-07-19 06:45:00
2024-07-19,7:00:00 AM,0,104.834,23.593,2024-07-19 07:00:00
2024-07-19,7:15:00 AM,0,104.833,23.578,2024-07-19 07:15:00
2024-07-19,7:30:00 AM,0,104.833,23.566,2024-07-19 07:30:00
2024-07-19,7:45:00 AM,0,104.831,23.551,2024-07-19 07:45:00
2024-07-19,8:00:00 AM,0,104.829,23.542,2024-07-19 08:00:00
2024-07-19,8:15:00 AM,0,104.822,23.533,2024-07-19 08:15:00
2024-07-19,8:30:00 AM,0,104.808,23.524,2024-07-19 08:30:00
2024-07-19,8:45:00 AM,0,104.8,23.52,2024-07-19 08:45:00
2024-07-19,9:00:00 AM,0,104.795,23.515,2024-07-19 09:00:00
2024-07-19,9:15:00 AM,0,104.787,23.515,2024-07-19 09:15:00
2024-07-19,9:30:00 AM,0,104.774,23.513,2024-07-19 09:30:00
2024-07-19,9:45:00 AM,0,104.765,23.516,2024-07-19 09:45:00
2024-07-19,10:00:00 AM,0,104.763,23.521,2024-07-19 10:00:00
2024-07-19,10:15:00 AM,0,104.769,23.523,2024-07-19 10:15:00
2024-07-19,10:30:00 AM,0,104.771,23.523,2024-07-19 10:30:00
2024-07-19,10:45:00 AM,0,104.772,23.526,2024-07-19 10:45:00
2024-07-19,11:00:00 AM,0,104.773,23.523,2024-07-19 11:00:00
2024-07-19,11:15:00 AM,0,104.769,23.522,2024-07-19 11:15:00
2024-07-19,11:30:00 AM,0,104.762,23.525,2024-07-19 11:30:00
2024-07-19,11:45:00 AM,0,104.761,23.536,2024-07-19 11:45:00
2024-07-19,12:00:00 PM,0,104.752,23.561,2024-07-19 12:00:00
2024-07-19,12:15:00 PM,0,104.754,23.606,2024-07-19 12:15:00
2024-07-19,12:30:00 PM,0,104.755,23.652,2024-07-19 12:30:00
2024-07-19,12:45:00 PM,0,104.76,23.708,2024-07-19 12:45:00
2024-07-19,1:00:00 PM,0,104.769,23.802,2024-07-19 01:00:00
2024-07-19,1:15:00 PM,0,104.767,23.843,2024-07-19 01:15:00
2024-07-19,1:30:00 PM,0,104.749,23.899,2024-07-19 01:30:00
2024-07-19,1:45:00 PM,0,104.742,23.951,2024-07-19 01:45:00
2024-07-19,2:00:00 PM,0,104.724,24.015,2024-07-19 02:00:00
2024-07-19,2:15:00 PM,0,104.701,24.066,2024-07-19 02:15:00
2024-07-19,2:30:00 PM,0,104.683,24.146,2024-07-19 02:30:00
2024-07-19,2:45:00 PM,0,104.65,24.184,2024-07-19 02:45:00
2024-07-19,3:00:00 PM,0,104.629,24.222,2024-07-19 03:00:00
2024-07-19,3:15:00 PM,0,104.637,24.24,2024-07-19 03:15:00
2024-07-19,3:30:00 PM,0,104.642,24.3,2024-07-19 03:30:00
2024-07-19,3:45:00 PM,0,104.632,24.331,2024-07-19 03:45:00
2024-07-19,4:00:00 PM,0,104.63,24.348,2024-07-19 04:00:00
2024-07-19,4:15:00 PM,0,104.619,24.376,2024-07-19 04:15:00
2024-07-19,4:30:00 PM,0,104.611,24.399,2024-07-19 04:30:00
2024-07-19,4:45:00 PM,0,104.603,24.428,2024-07-19 04:45:00
2024-07-19,5:00:00 PM,0,104.584,24.46,2024-07-19 05:00:00
2024-07-19,5:15:00 PM,0,104.56,24.497,2024-07-19 05:15:00
2024-07-19,5:30:00 PM,0,104.561,24.535,2024-07-19 05:30:00
2024-07-19,5:45:00 PM,0,104.57,24.564,2024-07-19 05:45:00
2024-07-19,6:00:00 PM,0,104.565,24.589,2024-07-19 06:00:00
2024-07-19,6:15:00 PM,0,104.502,24.612,2024-07-19 06:15:00
2024-07-19,6:30:00 PM,0,104.532,24.63,2024-07-19 06:30:00
2024-07-19,6:45:00 PM,0,104.537,24.65,2024-07-19 06:45:00
2024-07-19,7:00:00 PM,0,104.547,24.663,2024-07-19 07:00:00
2024-07-19,7:15:00 PM,0,104.556,24.675,2024-07-19 07:15:00
2024-07-19,7:30:00 PM,0,104.571,24.672,2024-07-19 07:30:00
2024-07-19,7:45:00 PM,0,104.589,24.658,2024-07-19 07:45:00
2024-07-19,8:00:00 PM,0,104.59,24.641,2024-07-19 08:00:00
2024-07-19,8:15:00 PM,0,104.567,24.631,2024-07-19 08:15:00
2024-07-19,8:30:00 PM,0,104.533,24.608,2024-07-19 08:30:00
2024-07-19,8:45:00 PM,0,104.532,24.583,2024-07-19 08:45:00
2024-07-19,9:00:00 PM,0,104.523,24.559,2024-07-19 09:00:00
2024-07-19,9:15:00 PM,0,104.51,24.543,2024-07-19 09:15:00
2024-07-19,9:30:00 PM,0,104.527,24.517,2024-07-19 09:30:00
2024-07-19,9:45:00 PM,0,104.523,24.496,2024-07-19 09:45:00
2024-07-19,10:00:00 PM,0,104.513,24.474,2024-07-19 10:00:00
2024-07-19,10:15:00 PM,0,104.529,24.449,2024-07-19 10:15:00
2024-07-19,10:30:00 PM,0,104.525,24.424,2024-07-19 10:30:00
2024-07-19,10:45:00 PM,0,104.528,24.399,2024-07-19 10:45:00
2024-07-19,11:00:00 PM,0,104.515,24.372,2024-07-19 11:00:00
2024-07-19,11:15:00 PM,0,104.511,24.343,2024-07-19 11:15:00
2024-07-19,11:30:00 PM,0,104.513,24.311,2024-07-19 11:30:00
2024-07-19,11:45:00 PM,0,104.504,24.28,2024-07-19 11:45:00
2024-07-20,12:00:00 AM,0,104.485,24.242,2024-07-20 12:00:00
2024-07-20,12:15:00 AM,0,104.475,24.209,2024-07-20 12:15:00
2024-07-20,12:30:00 AM,0,104.467,24.176,2024-07-20 12:30:00
2024-07-20,12:45:00 AM,0,104.458,24.139,2024-07-20 12:45:00
2024-07-20,1:00:00 AM,0,104.441,24.102,2024-07-20 01:00:00
2024-07-20,1:15:00 AM,0,104.423,24.069,2024-07-20 01:15:00
2024-07-20,1:30:00 AM,0,104.408,24.032,2024-07-20 01:30:00
2024-07-20,1:45:00 AM,0,104.388,23.997,2024-07-20 01:45:00
2024-07-20,2:00:00 AM,0,104.377,23.959,2024-07-20 02:00:00
2024-07-20,2:15:00 AM,0,104.366,23.921,2024-07-20 02:15:00
2024-07-20,2:30:00 AM,0,104.343,23.883,2024-07-20 02:30:00
2024-07-20,2:45:00 AM,0,104.324,23.843,2024-07-20 02:45:00
2024-07-20,3:00:00 AM,0,104.298,23.803,2024-07-20 03:00:00
2024-07-20,3:15:00 AM,0,104.279,23.764,2024-07-20 03:15:00
2024-07-20,3:30:00 AM,0,104.329,23.725,2024-07-20 03:30:00
2024-07-20,3:45:00 AM,0,104.341,23.684,2024-07-20 03:45:00
2024-07-20,4:00:00 AM,0,104.348,23.646,2024-07-20 04:00:00
2024-07-20,4:15:00 AM,0,104.364,23.608,2024-07-20 04:15:00
2024-07-20,4:30:00 AM,0,104.365,23.573,2024-07-20 04:30:00
2024-07-20,4:45:00 AM,0,104.366,23.54,2024-07-20 04:45:00
2024-07-20,5:00:00 AM,0,104.37,23.504,2024-07-20 05:00:00
2024-07-20,5:15:00 AM,0,104.368,23.47,2024-07-20 05:15:00
2024-07-20,5:30:00 AM,0,104.401,23.436,2024-07-20 05:30:00
2024-07-20,5:45:00 AM,0,104.491,23.372,2024-07-20 05:45:00
2024-07-20,6:00:00 AM,0,104.54,23.32,2024-07-20 06:00:00
2024-07-20,6:15:00 AM,0,104.538,23.291,2024-07-20 06:15:00
2024-07-20,6:30:00 AM,0,104.584,23.229,2024-07-20 06:30:00
2024-07-20,6:45:00 AM,0,104.665,23.178,2024-07-20 06:45:00
2024-07-20,7:00:00 AM,0,104.737,23.159,2024-07-20 07:00:00
2024-07-20,7:15:00 AM,0,104.79,23.135,2024-07-20 07:15:00
2024-07-20,7:30:00 AM,0,105,23.117,2024-07-20 07:30:00
2024-07-20,7:45:00 AM,0,105.306,23.109,2024-07-20 07:45:00
2024-07-20,8:00:00 AM,0,105.754,23.082,2024-07-20 08:00:00
2024-07-20,8:15:00 AM,0,106.145,23.045,2024-07-20 08:15:00
2024-07-20,8:30:00 AM,0,106.537,23.024,2024-07-20 08:30:00
2024-07-20,8:45:00 AM,0,106.884,23.01,2024-07-20 08:45:00
2024-07-20,9:00:00 AM,0,107.311,22.955,2024-07-20 09:00:00
2024-07-20,9:15:00 AM,0,107.683,22.878,2024-07-20 09:15:00
2024-07-20,9:30:00 AM,0,108.122,22.8,2024-07-20 09:30:00
2024-07-20,9:45:00 AM,0,108.497,22.709,2024-07-20 09:45:00
2024-07-20,10:00:00 AM,0,108.794,22.628,2024-07-20 10:00:00
2024-07-20,10:15:00 AM,0,109.068,22.552,2024-07-20 10:15:00
2024-07-20,10:30:00 AM,0,109.307,22.486,2024-07-20 10:30:00
2024-07-20,10:45:00 AM,0,109.488,22.46,2024-07-20 10:45:00
2024-07-20,11:00:00 AM,0,109.667,22.471,2024-07-20 11:00:00
2024-07-20,11:15:00 AM,0,109.791,22.503,2024-07-20 11:15:00
2024-07-20,11:30:00 AM,0,109.829,22.555,2024-07-20 11:30:00
2024-07-20,11:45:00 AM,0,109.825,22.615,2024-07-20 11:45:00
2024-07-20,12:00:00 PM,0,109.81,22.671,2024-07-20 12:00:00
2024-07-20,12:15:00 PM,0,109.742,22.729,2024-07-20 12:15:00
2024-07-20,12:30:00 PM,0,109.691,22.78,2024-07-20 12:30:00
2024-07-20,12:45:00 PM,0,109.578,22.833,2024-07-20 12:45:00
2024-07-20,1:00:00 PM,0,109.435,22.883,2024-07-20 01:00:00
2024-07-20,1:15:00 PM,0,109.254,22.941,2024-07-20 01:15:00
2024-07-20,1:30:00 PM,0,109.087,23.012,2024-07-20 01:30:00
2024-07-20,1:45:00 PM,0,108.837,23.098,2024-07-20 01:45:00
2024-07-20,2:00:00 PM,0,108.676,23.166,2024-07-20 02:00:00
2024-07-20,2:15:00 PM,0,108.533,23.207,2024-07-20 02:15:00
2024-07-20,2:30:00 PM,0,108.408,23.244,2024-07-20 02:30:00
2024-07-20,2:45:00 PM,0,108.342,23.28,2024-07-20 02:45:00
2024-07-20,3:00:00 PM,0,108.201,23.339,2024-07-20 03:00:00
2024-07-20,3:15:00 PM,0,108.094,23.424,2024-07-20 03:15:00
2024-07-20,3:30:00 PM,0,107.941,23.507,2024-07-20 03:30:00
2024-07-20,3:45:00 PM,0,107.763,23.592,2024-07-20 03:45:00
2024-07-20,4:00:00 PM,0,107.657,23.69,2024-07-20 04:00:00
2024-07-20,4:15:00 PM,0,107.535,23.785,2024-07-20 04:15:00
2024-07-20,4:30:00 PM,0,107.437,23.86,2024-07-20 04:30:00
2024-07-20,4:45:00 PM,0,107.257,23.916,2024-07-20 04:45:00
2024-07-20,5:00:00 PM,0,107.163,23.961,2024-07-20 05:00:00
2024-07-20,5:15:00 PM,0,107.041,24.002,2024-07-20 05:15:00
2024-07-20,5:30:00 PM,0,106.994,24.043,2024-07-20 05:30:00
2024-07-20,5:45:00 PM,0,106.923,24.09,2024-07-20 05:45:00
2024-07-20,6:00:00 PM,0,106.779,24.139,2024-07-20 06:00:00
2024-07-20,6:15:00 PM,0,106.711,24.192,2024-07-20 06:15:00
2024-07-20,6:30:00 PM,0,106.647,24.239,2024-07-20 06:30:00
2024-07-20,6:45:00 PM,0,106.624,24.281,2024-07-20 06:45:00
2024-07-20,7:00:00 PM,0,106.576,24.312,2024-07-20 07:00:00
2024-07-20,7:15:00 PM,0,106.524,24.337,2024-07-20 07:15:00
2024-07-20,7:30:00 PM,0,106.526,24.355,2024-07-20 07:30:00
2024-07-20,7:45:00 PM,0,106.459,24.367,2024-07-20 07:45:00
2024-07-20,8:00:00 PM,0,106.402,24.38,2024-07-20 08:00:00
2024-07-20,8:15:00 PM,0,106.352,24.386,2024-07-20 08:15:00
2024-07-20,8:30:00 PM,0,106.27,24.392,2024-07-20 08:30:00
2024-07-20,8:45:00 PM,0,106.21,24.393,2024-07-20 08:45:00
2024-07-20,9:00:00 PM,0,106.192,24.389,2024-07-20 09:00:00
2024-07-20,9:15:00 PM,0,106.162,24.387,2024-07-20 09:15:00
2024-07-20,9:30:00 PM,0,106.144,24.38,2024-07-20 09:30:00
2024-07-20,9:45:00 PM,0,106.108,24.369,2024-07-20 09:45:00
2024-07-20,10:00:00 PM,0,106.087,24.356,2024-07-20 10:00:00
2024-07-20,10:15:00 PM,0,106.068,24.343,2024-07-20 10:15:00
2024-07-20,10:30:00 PM,0,106.042,24.325,2024-07-20 10:30:00
2024-07-20,10:45:00 PM,0,106.01,24.308,2024-07-20 10:45:00
2024-07-20,11:00:00 PM,0,105.983,24.29,2024-07-20 11:00:00
2024-07-20,11:15:00 PM,0,105.96,24.274,2024-07-20 11:15:00
2024-07-20,11:30:00 PM,0,105.942,24.255,2024-07-20 11:30:00
2024-07-20,11:45:00 PM,0,105.928,24.24,2024-07-20 11:45:00
2024-07-21,12:00:00 AM,0,105.888,24.222,2024-07-21 12:00:00
2024-07-21,12:15:00 AM,0,105.859,24.204,2024-07-21 12:15:00
2024-07-21,12:30:00 AM,0,105.832,24.184,2024-07-21 12:30:00
2024-07-21,12:45:00 AM,0,105.799,24.168,2024-07-21 12:45:00
2024-07-21,1:00:00 AM,0,105.775,24.15,2024-07-21 01:00:00
2024-07-21,1:15:00 AM,0,105.763,24.128,2024-07-21 01:15:00
2024-07-21,1:30:00 AM,0,105.721,24.11,2024-07-21 01:30:00
2024-07-21,1:45:00 AM,0,105.722,24.089,2024-07-21 01:45:00
2024-07-21,2:00:00 AM,0,105.708,24.069,2024-07-21 02:00:00
2024-07-21,2:15:00 AM,0,105.669,24.052,2024-07-21 02:15:00
2024-07-21,2:30:00 AM,0,105.641,24.029,2024-07-21 02:30:00
2024-07-21,2:45:00 AM,0,105.631,24.011,2024-07-21 02:45:00
2024-07-21,3:00:00 AM,0,105.606,23.991,2024-07-21 03:00:00
2024-07-21,3:15:00 AM,0,105.582,23.971,2024-07-21 03:15:00
2024-07-21,3:30:00 AM,0,105.547,23.953,2024-07-21 03:30:00
2024-07-21,3:45:00 AM,0,105.54,23.93,2024-07-21 03:45:00
2024-07-21,4:00:00 AM,0,105.528,23.912,2024-07-21 04:00:00
2024-07-21,4:15:00 AM,0,105.505,23.893,2024-07-21 04:15:00
2024-07-21,4:30:00 AM,0,105.53,23.874,2024-07-21 04:30:00
2024-07-21,4:45:00 AM,0,105.52,23.853,2024-07-21 04:45:00
2024-07-21,5:00:00 AM,0,105.505,23.835,2024-07-21 05:00:00
2024-07-21,5:15:00 AM,0,105.504,23.818,2024-07-21 05:15:00
2024-07-21,5:30:00 AM,0,105.493,23.799,2024-07-21 05:30:00
2024-07-21,5:45:00 AM,0,105.495,23.781,2024-07-21 05:45:00
2024-07-21,6:00:00 AM,0,105.485,23.762,2024-07-21 06:00:00
2024-07-21,6:15:00 AM,0,105.47,23.742,2024-07-21 06:15:00
2024-07-21,6:30:00 AM,0,105.466,23.725,2024-07-21 06:30:00
2024-07-21,6:45:00 AM,0,105.452,23.704,2024-07-21 06:45:00
2024-07-21,7:00:00 AM,0,105.452,23.684,2024-07-21 07:00:00
2024-07-21,7:15:00 AM,0,105.46,23.666,2024-07-21 07:15:00
2024-07-21,7:30:00 AM,0,105.444,23.65,2024-07-21 07:30:00
2024-07-21,7:45:00 AM,0,105.446,23.636,2024-07-21 07:45:00
2024-07-21,8:00:00 AM,0,105.432,23.622,2024-07-21 08:00:00
2024-07-21,8:15:00 AM,0,105.422,23.611,2024-07-21 08:15:00
2024-07-21,8:30:00 AM,0,105.406,23.603,2024-07-21 08:30:00
2024-07-21,8:45:00 AM,0,105.4,23.597,2024-07-21 08:45:00
2024-07-21,9:00:00 AM,0,105.386,23.596,2024-07-21 09:00:00
2024-07-21,9:15:00 AM,0,105.376,23.595,2024-07-21 09:15:00
2024-07-21,9:30:00 AM,0,105.36,23.601,2024-07-21 09:30:00
2024-07-21,9:45:00 AM,0,105.346,23.602,2024-07-21 09:45:00
2024-07-21,10:00:00 AM,0,105.376,23.605,2024-07-21 10:00:00
2024-07-21,10:15:00 AM,0,105.42,23.609,2024-07-21 10:15:00
2024-07-21,10:30:00 AM,0,105.441,23.593,2024-07-21 10:30:00
2024-07-21,10:45:00 AM,0,105.445,23.584,2024-07-21 10:45:00
2024-07-21,11:00:00 AM,0,105.408,23.585,2024-07-21 11:00:00
2024-07-21,11:15:00 AM,0,105.401,23.607,2024-07-21 11:15:00
2024-07-21,11:30:00 AM,0,105.381,23.618,2024-07-21 11:30:00
2024-07-21,11:45:00 AM,0,105.361,23.623,2024-07-21 11:45:00
2024-07-21,12:00:00 PM,0,105.357,23.634,2024-07-21 12:00:00
2024-07-21,12:15:00 PM,0,105.353,23.678,2024-07-21 12:15:00
2024-07-21,12:30:00 PM,0,105.435,23.688,2024-07-21 12:30:00
2024-07-21,12:45:00 PM,0,105.647,23.745,2024-07-21 12:45:00
2024-07-21,1:00:00 PM,0,105.848,23.731,2024-07-21 01:00:00
2024-07-21,1:15:00 PM,0,106.048,23.759,2024-07-21 01:15:00
2024-07-21,1:30:00 PM,0,106.162,23.766,2024-07-21 01:30:00
2024-07-21,1:45:00 PM,0,106.312,23.758,2024-07-21 01:45:00
2024-07-21,2:00:00 PM,0,106.571,23.75,2024-07-21 02:00:00
2024-07-21,2:15:00 PM,0,107.247,23.783,2024-07-21 02:15:00
2024-07-21,2:30:00 PM,0,107.779,23.84,2024-07-21 02:30:00
2024-07-21,2:45:00 PM,0,108.291,23.94,2024-07-21 02:45:00
2024-07-21,3:00:00 PM,0,108.677,23.998,2024-07-21 03:00:00
2024-07-21,3:15:00 PM,0,109.029,24.022,2024-07-21 03:15:00
2024-07-21,3:30:00 PM,0,109.276,24.001,2024-07-21 03:30:00
2024-07-21,3:45:00 PM,0,109.563,23.982,2024-07-21 03:45:00
2024-07-21,4:00:00 PM,0,109.755,24.007,2024-07-21 04:00:00
2024-07-21,4:15:00 PM,0,109.858,24.061,2024-07-21 04:15:00
2024-07-21,4:30:00 PM,0,109.968,24.092,2024-07-21 04:30:00
2024-07-21,4:45:00 PM,0,110.08,24.102,2024-07-21 04:45:00
2024-07-21,5:00:00 PM,0,110.069,24.102,2024-07-21 05:00:00
2024-07-21,5:15:00 PM,0,110.037,24.082,2024-07-21 05:15:00
2024-07-21,5:30:00 PM,0,109.996,24.058,2024-07-21 05:30:00
2024-07-21,5:45:00 PM,0,110.008,24.042,2024-07-21 05:45:00
2024-07-21,6:00:00 PM,0,109.967,24.029,2024-07-21 06:00:00
2024-07-21,6:15:00 PM,0,109.926,24.006,2024-07-21 06:15:00
2024-07-21,6:30:00 PM,0,109.868,23.982,2024-07-21 06:30:00
2024-07-21,6:45:00 PM,0,109.77,23.955,2024-07-21 06:45:00
2024-07-21,7:00:00 PM,0,109.691,23.932,2024-07-21 07:00:00
2024-07-21,7:15:00 PM,0,109.602,23.912,2024-07-21 07:15:00
2024-07-21,7:30:00 PM,0,109.484,23.891,2024-07-21 07:30:00
2024-07-21,7:45:00 PM,0,109.378,23.87,2024-07-21 07:45:00
2024-07-21,8:00:00 PM,0,109.18,23.845,2024-07-21 08:00:00
2024-07-21,8:15:00 PM,0,108.95,23.817,2024-07-21 08:15:00
2024-07-21,8:30:00 PM,0,108.887,23.783,2024-07-21 08:30:00
2024-07-21,8:45:00 PM,0,108.781,23.748,2024-07-21 08:45:00
2024-07-21,9:00:00 PM,0,108.73,23.709,2024-07-21 09:00:00
2024-07-21,9:15:00 PM,0,108.707,23.671,2024-07-21 09:15:00
2024-07-21,9:30:00 PM,0,108.724,23.637,2024-07-21 09:30:00
2024-07-21,9:45:00 PM,0,108.739,23.6,2024-07-21 09:45:00
2024-07-21,10:00:00 PM,0,108.79,23.566,2024-07-21 10:00:00
2024-07-21,10:15:00 PM,0,108.838,23.526,2024-07-21 10:15:00
2024-07-21,10:30:00 PM,0,108.859,23.487,2024-07-21 10:30:00
2024-07-21,10:45:00 PM,0,108.95,23.447,2024-07-21 10:45:00
2024-07-21,11:00:00 PM,0,109.002,23.412,2024-07-21 11:00:00
2024-07-21,11:15:00 PM,0,109.004,23.381,2024-07-21 11:15:00
2024-07-21,11:30:00 PM,0,109.008,23.355,2024-07-21 11:30:00
2024-07-21,11:45:00 PM,0,108.984,23.331,2024-07-21 11:45:00
2024-07-22,12:00:00 AM,0,109,23.308,2024-07-22 12:00:00
2024-07-22,12:15:00 AM,0,108.955,23.285,2024-07-22 12:15:00
2024-07-22,12:30:00 AM,0,108.886,23.263,2024-07-22 12:30:00
2024-07-22,12:45:00 AM,0,108.831,23.243,2024-07-22 12:45:00
2024-07-22,1:00:00 AM,0,108.746,23.22,2024-07-22 01:00:00
2024-07-22,1:15:00 AM,0,108.617,23.197,2024-07-22 01:15:00
2024-07-22,1:30:00 AM,0,108.506,23.169,2024-07-22 01:30:00
2024-07-22,1:45:00 AM,0,108.363,23.142,2024-07-22 01:45:00
2024-07-22,2:00:00 AM,0,108.23,23.111,2024-07-22 02:00:00
2024-07-22,2:15:00 AM,0,108.112,23.082,2024-07-22 02:15:00
2024-07-22,2:30:00 AM,0,108.024,23.05,2024-07-22 02:30:00
2024-07-22,2:45:00 AM,0,107.888,23.016,2024-07-22 02:45:00
2024-07-22,3:00:00 AM,0,107.793,22.985,2024-07-22 03:00:00
2024-07-22,3:15:00 AM,0,107.679,22.954,2024-07-22 03:15:00
2024-07-22,3:30:00 AM,0,107.628,22.922,2024-07-22 03:30:00
2024-07-22,3:45:00 AM,0,107.554,22.891,2024-07-22 03:45:00
2024-07-22,4:00:00 AM,0,107.473,22.86,2024-07-22 04:00:00
2024-07-22,4:15:00 AM,0,107.394,22.826,2024-07-22 04:15:00
2024-07-22,4:30:00 AM,0,107.306,22.794,2024-07-22 04:30:00
2024-07-22,4:45:00 AM,0,107.286,22.768,2024-07-22 04:45:00
2024-07-22,5:00:00 AM,0,107.231,22.737,2024-07-22 05:00:00
2024-07-22,5:15:00 AM,0,107.21,22.711,2024-07-22 05:15:00
2024-07-22,5:30:00 AM,0,107.129,22.688,2024-07-22 05:30:00
2024-07-22,5:45:00 AM,0,107.131,22.661,2024-07-22 05:45:00
2024-07-22,6:00:00 AM,0,107.054,22.637,2024-07-22 06:00:00
2024-07-22,6:15:00 AM,0,106.949,22.617,2024-07-22 06:15:00
2024-07-22,6:30:00 AM,0,106.968,22.593,2024-07-22 06:30:00
2024-07-22,6:45:00 AM,0,106.901,22.576,2024-07-22 06:45:00
2024-07-22,7:00:00 AM,0,106.883,22.557,2024-07-22 07:00:00
2024-07-22,7:15:00 AM,0,106.861,22.542,2024-07-22 07:15:00
2024-07-22,7:30:00 AM,0,106.838,22.532,2024-07-22 07:30:00
2024-07-22,7:45:00 AM,0,106.818,22.52,2024-07-22 07:45:00
2024-07-22,8:00:00 AM,0,106.779,22.513,2024-07-22 08:00:00
2024-07-22,8:15:00 AM,0,106.77,22.509,2024-07-22 08:15:00
2024-07-22,8:30:00 AM,0,106.73,22.509,2024-07-22 08:30:00
2024-07-22,8:45:00 AM,0,106.697,22.507,2024-07-22 08:45:00
2024-07-22,9:00:00 AM,0,106.651,22.51,2024-07-22 09:00:00
2024-07-22,9:15:00 AM,0,106.629,22.52,2024-07-22 09:15:00
2024-07-22,9:30:00 AM,0,106.619,22.53,2024-07-22 09:30:00
2024-07-22,9:45:00 AM,0,106.568,22.545,2024-07-22 09:45:00
2024-07-22,10:00:00 AM,0,106.56,22.559,2024-07-22 10:00:00
2024-07-22,10:15:00 AM,0,106.541,22.582,2024-07-22 10:15:00
2024-07-22,10:30:00 AM,0,106.519,22.594,2024-07-22 10:30:00
2024-07-22,10:45:00 AM,0,106.484,22.611,2024-07-22 10:45:00
2024-07-22,11:00:00 AM,0,106.505,22.636,2024-07-22 11:00:00
2024-07-22,11:15:00 AM,0,106.464,22.66,2024-07-22 11:15:00
2024-07-22,11:30:00 AM,0,106.453,22.688,2024-07-22 11:30:00
2024-07-22,11:45:00 AM,0,106.431,22.723,2024-07-22 11:45:00
2024-07-22,12:00:00 PM,0,106.389,22.767,2024-07-22 12:00:00
2024-07-22,12:15:00 PM,0,106.368,22.823,2024-07-22 12:15:00
2024-07-22,12:30:00 PM,0,106.332,22.892,2024-07-22 12:30:00
2024-07-22,12:45:00 PM,0,106.314,22.953,2024-07-22 12:45:00
2024-07-22,1:00:00 PM,0,106.303,23.028,2024-07-22 01:00:00
2024-07-22,1:15:00 PM,0,106.268,23.051,2024-07-22 01:15:00
2024-07-22,1:30:00 PM,0,106.186,23.108,2024-07-22 01:30:00
2024-07-22,1:45:00 PM,0,106.183,23.148,2024-07-22 01:45:00
2024-07-22,2:00:00 PM,0,106.159,23.203,2024-07-22 02:00:00
2024-07-22,2:15:00 PM,0,106.098,23.289,2024-07-22 02:15:00
2024-07-22,2:30:00 PM,0,106.081,23.383,2024-07-22 02:30:00
2024-07-22,2:45:00 PM,0,105.989,23.494,2024-07-22 02:45:00
2024-07-22,3:00:00 PM,0,105.966,23.563,2024-07-22 03:00:00
2024-07-22,3:15:00 PM,0,105.929,23.653,2024-07-22 03:15:00
2024-07-22,3:30:00 PM,0,105.888,23.726,2024-07-22 03:30:00
2024-07-22,3:45:00 PM,0,105.879,23.785,2024-07-22 03:45:00
2024-07-22,4:00:00 PM,0,105.872,23.848,2024-07-22 04:00:00
2024-07-22,4:15:00 PM,0,105.855,23.911,2024-07-22 04:15:00
2024-07-22,4:30:00 PM,0,105.835,23.978,2024-07-22 04:30:00
2024-07-22,4:45:00 PM,0,105.766,24.043,2024-07-22 04:45:00
2024-07-22,5:00:00 PM,0,105.751,24.09,2024-07-22 05:00:00
2024-07-22,5:15:00 PM,0,105.738,24.122,2024-07-22 05:15:00
2024-07-22,5:30:00 PM,0,105.679,24.139,2024-07-22 05:30:00
2024-07-22,5:45:00 PM,0,105.676,24.157,2024-07-22 05:45:00
2024-07-22,6:00:00 PM,0,105.677,24.177,2024-07-22 06:00:00
2024-07-22,6:15:00 PM,0,105.66,24.193,2024-07-22 06:15:00
2024-07-22,6:30:00 PM,0,105.68,24.208,2024-07-22 06:30:00
2024-07-22,6:45:00 PM,0,105.672,24.22,2024-07-22 06:45:00
2024-07-22,7:00:00 PM,0,105.675,24.229,2024-07-22 07:00:00
2024-07-22,7:15:00 PM,0,105.645,24.24,2024-07-22 07:15:00
2024-07-22,7:30:00 PM,0,105.641,24.248,2024-07-22 07:30:00
2024-07-22,7:45:00 PM,0,105.628,24.256,2024-07-22 07:45:00
2024-07-22,8:00:00 PM,0,105.626,24.258,2024-07-22 08:00:00
2024-07-22,8:15:00 PM,0,105.611,24.259,2024-07-22 08:15:00
2024-07-22,8:30:00 PM,0,105.634,24.257,2024-07-22 08:30:00
2024-07-22,8:45:00 PM,0,105.641,24.257,2024-07-22 08:45:00
2024-07-22,9:00:00 PM,0,105.638,24.249,2024-07-22 09:00:00
2024-07-22,9:15:00 PM,0,105.639,24.24,2024-07-22 09:15:00
2024-07-22,9:30:00 PM,0,105.625,24.231,2024-07-22 09:30:00
2024-07-22,9:45:00 PM,0,105.643,24.217,2024-07-22 09:45:00
2024-07-22,10:00:00 PM,0,105.631,24.199,2024-07-22 10:00:00
2024-07-22,10:15:00 PM,0,105.621,24.179,2024-07-22 10:15:00
2024-07-22,10:30:00 PM,0,105.612,24.155,2024-07-22 10:30:00
2024-07-22,10:45:00 PM,0,105.586,24.13,2024-07-22 10:45:00
2024-07-22,11:00:00 PM,0,105.608,24.103,2024-07-22 11:00:00
2024-07-22,11:15:00 PM,0,105.609,24.077,2024-07-22 11:15:00
2024-07-22,11:30:00 PM,0,105.578,24.054,2024-07-22 11:30:00
2024-07-22,11:45:00 PM,0,105.569,24.026,2024-07-22 11:45:00
2024-07-23,12:00:00 AM,0,105.566,24.007,2024-07-23 12:00:00
2024-07-23,12:15:00 AM,0,105.545,23.983,2024-07-23 12:15:00
2024-07-23,12:30:00 AM,0,105.54,23.959,2024-07-23 12:30:00
2024-07-23,12:45:00 AM,0,105.521,23.938,2024-07-23 12:45:00
2024-07-23,1:00:00 AM,0,105.504,23.918,2024-07-23 01:00:00
2024-07-23,1:15:00 AM,0,105.502,23.897,2024-07-23 01:15:00
2024-07-23,1:30:00 AM,0,105.49,23.875,2024-07-23 01:30:00
2024-07-23,1:45:00 AM,0,105.459,23.857,2024-07-23 01:45:00
2024-07-23,2:00:00 AM,0,105.445,23.837,2024-07-23 02:00:00
2024-07-23,2:15:00 AM,0,105.428,23.818,2024-07-23 02:15:00
2024-07-23,2:30:00 AM,0,105.42,23.799,2024-07-23 02:30:00
2024-07-23,2:45:00 AM,0,105.417,23.782,2024-07-23 02:45:00
2024-07-23,3:00:00 AM,0,105.421,23.764,2024-07-23 03:00:00
2024-07-23,3:15:00 AM,0,105.434,23.748,2024-07-23 03:15:00
2024-07-23,3:30:00 AM,0,105.428,23.733,2024-07-23 03:30:00
2024-07-23,3:45:00 AM,0,105.438,23.717,2024-07-23 03:45:00
2024-07-23,4:00:00 AM,0,105.442,23.701,2024-07-23 04:00:00
2024-07-23,4:15:00 AM,0,105.446,23.685,2024-07-23 04:15:00
2024-07-23,4:30:00 AM,0,105.447,23.667,2024-07-23 04:30:00
2024-07-23,4:45:00 AM,0,105.443,23.651,2024-07-23 04:45:00
2024-07-23,5:00:00 AM,0,105.461,23.636,2024-07-23 05:00:00
2024-07-23,5:15:00 AM,0,105.463,23.618,2024-07-23 05:15:00
2024-07-23,5:30:00 AM,0,105.461,23.6,2024-07-23 05:30:00
2024-07-23,5:45:00 AM,0,105.461,23.581,2024-07-23 05:45:00
2024-07-23,6:00:00 AM,0,105.466,23.562,2024-07-23 06:00:00
2024-07-23,6:15:00 AM,0,105.458,23.544,2024-07-23 06:15:00
2024-07-23,6:30:00 AM,0,105.468,23.524,2024-07-23 06:30:00
2024-07-23,6:45:00 AM,0,105.491,23.508,2024-07-23 06:45:00
2024-07-23,7:00:00 AM,0,105.481,23.489,2024-07-23 07:00:00
2024-07-23,7:15:00 AM,0,105.487,23.47,2024-07-23 07:15:00
2024-07-23,7:30:00 AM,0,105.49,23.455,2024-07-23 07:30:00
2024-07-23,7:45:00 AM,0,105.499,23.442,2024-07-23 07:45:00
2024-07-23,8:00:00 AM,0,105.495,23.435,2024-07-23 08:00:00
2024-07-23,8:15:00 AM,0,105.5,23.423,2024-07-23 08:15:00
2024-07-23,8:30:00 AM,0,105.499,23.417,2024-07-23 08:30:00
2024-07-23,8:45:00 AM,0,105.507,23.408,2024-07-23 08:45:00
2024-07-23,9:00:00 AM,0,105.512,23.403,2024-07-23 09:00:00
2024-07-23,9:15:00 AM,0,105.509,23.396,2024-07-23 09:15:00
2024-07-23,9:30:00 AM,0,105.505,23.393,2024-07-23 09:30:00
2024-07-23,9:45:00 AM,0,105.514,23.397,2024-07-23 09:45:00
2024-07-23,10:00:00 AM,0,105.523,23.398,2024-07-23 10:00:00
2024-07-23,10:15:00 AM,0,105.528,23.409,2024-07-23 10:15:00
2024-07-23,10:30:00 AM,0,105.542,23.416,2024-07-23 10:30:00
2024-07-23,10:45:00 AM,0,105.544,23.435,2024-07-23 10:45:00
2024-07-23,11:00:00 AM,0,105.557,23.464,2024-07-23 11:00:00
2024-07-23,11:15:00 AM,0,105.545,23.501,2024-07-23 11:15:00
2024-07-23,11:30:00 AM,0,105.537,23.531,2024-07-23 11:30:00
2024-07-23,11:45:00 AM,0,105.539,23.562,2024-07-23 11:45:00
2024-07-23,12:00:00 PM,0,105.527,23.594,2024-07-23 12:00:00
2024-07-23,12:15:00 PM,0,105.534,23.644,2024-07-23 12:15:00
2024-07-23,12:30:00 PM,0,105.516,23.705,2024-07-23 12:30:00
2024-07-23,12:45:00 PM,0,105.493,23.765,2024-07-23 12:45:00
2024-07-23,1:00:00 PM,0,105.483,23.813,2024-07-23 01:00:00
2024-07-23,1:15:00 PM,0,105.48,23.865,2024-07-23 01:15:00
2024-07-23,1:30:00 PM,0,105.467,23.939,2024-07-23 01:30:00
2024-07-23,1:45:00 PM,0,105.446,24.05,2024-07-23 01:45:00
2024-07-23,2:00:00 PM,0,105.427,24.157,2024-07-23 02:00:00
2024-07-23,2:15:00 PM,0,105.43,24.266,2024-07-23 02:15:00
2024-07-23,2:30:00 PM,0,105.412,24.347,2024-07-23 02:30:00
2024-07-23,2:45:00 PM,0,105.385,24.443,2024-07-23 02:45:00
2024-07-23,3:00:00 PM,0,105.393,24.502,2024-07-23 03:00:00
2024-07-23,3:15:00 PM,0,105.439,24.555,2024-07-23 03:15:00
2024-07-23,3:30:00 PM,0,105.451,24.605,2024-07-23 03:30:00
2024-07-23,3:45:00 PM,0,105.437,24.629,2024-07-23 03:45:00
2024-07-23,4:00:00 PM,0,105.38,24.663,2024-07-23 04:00:00
2024-07-23,4:15:00 PM,0,105.401,24.686,2024-07-23 04:15:00
2024-07-23,4:30:00 PM,0,105.439,24.737,2024-07-23 04:30:00
2024-07-23,4:45:00 PM,0,105.47,24.789,2024-07-23 04:45:00
2024-07-23,5:00:00 PM,0,105.522,24.835,2024-07-23 05:00:00
2024-07-23,5:15:00 PM,0,105.562,24.876,2024-07-23 05:15:00
2024-07-23,5:30:00 PM,0,105.608,24.897,2024-07-23 05:30:00
2024-07-23,5:45:00 PM,0,105.647,24.896,2024-07-23 05:45:00
2024-07-23,6:00:00 PM,0,105.625,24.908,2024-07-23 06:00:00
2024-07-23,6:15:00 PM,0,105.619,24.895,2024-07-23 06:15:00
2024-07-23,6:30:00 PM,0,105.642,24.892,2024-07-23 06:30:00
2024-07-23,6:45:00 PM,0,105.688,24.895,2024-07-23 06:45:00
2024-07-23,7:00:00 PM,0,105.777,24.898,2024-07-23 07:00:00
2024-07-23,7:15:00 PM,0,105.844,24.895,2024-07-23 07:15:00
2024-07-23,7:30:00 PM,0,105.899,24.875,2024-07-23 07:30:00
2024-07-23,7:45:00 PM,0,105.952,24.844,2024-07-23 07:45:00
2024-07-23,8:00:00 PM,0,105.975,24.816,2024-07-23 08:00:00
2024-07-23,8:15:00 PM,0,106.024,24.787,2024-07-23 08:15:00
2024-07-23,8:30:00 PM,0,106.058,24.747,2024-07-23 08:30:00
2024-07-23,8:45:00 PM,0,106.101,24.7,2024-07-23 08:45:00
2024-07-23,9:00:00 PM,0,106.13,24.647,2024-07-23 09:00:00
2024-07-23,9:15:00 PM,0,106.182,24.595,2024-07-23 09:15:00
2024-07-23,9:30:00 PM,0,106.214,24.545,2024-07-23 09:30:00
2024-07-23,9:45:00 PM,0,106.263,24.483,2024-07-23 09:45:00
2024-07-23,10:00:00 PM,0,106.318,24.411,2024-07-23 10:00:00
2024-07-23,10:15:00 PM,0,106.389,24.339,2024-07-23 10:15:00
2024-07-23,10:30:00 PM,0,106.406,24.269,2024-07-23 10:30:00
2024-07-23,10:45:00 PM,0,106.416,24.208,2024-07-23 10:45:00
2024-07-23,11:00:00 PM,0,106.411,24.151,2024-07-23 11:00:00
2024-07-23,11:15:00 PM,0,106.413,24.098,2024-07-23 11:15:00
2024-07-23,11:30:00 PM,0,106.41,24.046,2024-07-23 11:30:00
2024-07-23,11:45:00 PM,0,106.438,24.001,2024-07-23 11:45:00
2024-07-24,12:00:00 AM,0,106.443,23.96,2024-07-24 12:00:00
2024-07-24,12:15:00 AM,0,106.427,23.926,2024-07-24 12:15:00
2024-07-24,12:30:00 AM,0,106.407,23.894,2024-07-24 12:30:00
2024-07-24,12:45:00 AM,0,106.365,23.87,2024-07-24 12:45:00
2024-07-24,1:00:00 AM,0,106.332,23.848,2024-07-24 01:00:00
2024-07-24,1:15:00 AM,0,106.321,23.829,2024-07-24 01:15:00
2024-07-24,1:30:00 AM,0,106.301,23.807,2024-07-24 01:30:00
2024-07-24,1:45:00 AM,0,106.255,23.785,2024-07-24 01:45:00
2024-07-24,2:00:00 AM,0,106.241,23.761,2024-07-24 02:00:00
2024-07-24,2:15:00 AM,0,106.22,23.733,2024-07-24 02:15:00
2024-07-24,2:30:00 AM,0,106.184,23.703,2024-07-24 02:30:00
2024-07-24,2:45:00 AM,0,106.175,23.67,2024-07-24 02:45:00
2024-07-24,3:00:00 AM,0,106.149,23.635,2024-07-24 03:00:00
2024-07-24,3:15:00 AM,0,106.148,23.603,2024-07-24 03:15:00
2024-07-24,3:30:00 AM,0,106.149,23.569,2024-07-24 03:30:00
2024-07-24,3:45:00 AM,0,106.137,23.535,2024-07-24 03:45:00
2024-07-24,4:00:00 AM,0,106.125,23.502,2024-07-24 04:00:00
2024-07-24,4:15:00 AM,0,106.106,23.472,2024-07-24 04:15:00
2024-07-24,4:30:00 AM,0,106.076,23.441,2024-07-24 04:30:00
2024-07-24,4:45:00 AM,0,106.07,23.413,2024-07-24 04:45:00
2024-07-24,5:00:00 AM,0,106.054,23.386,2024-07-24 05:00:00
2024-07-24,5:15:00 AM,0,106.044,23.358,2024-07-24 05:15:00
2024-07-24,5:30:00 AM,0,106.045,23.335,2024-07-24 05:30:00
2024-07-24,5:45:00 AM,0,106.02,23.309,2024-07-24 05:45:00
2024-07-24,6:00:00 AM,0,106.025,23.283,2024-07-24 06:00:00
2024-07-24,6:15:00 AM,0,106.028,23.261,2024-07-24 06:15:00
2024-07-24,6:30:00 AM,0,106.026,23.238,2024-07-24 06:30:00
2024-07-24,6:45:00 AM,0,106.034,23.218,2024-07-24 06:45:00
2024-07-24,7:00:00 AM,0,106.045,23.197,2024-07-24 07:00:00
2024-07-24,7:15:00 AM,0,106.044,23.18,2024-07-24 07:15:00
2024-07-24,7:30:00 AM,0,106.036,23.164,2024-07-24 07:30:00
2024-07-24,7:45:00 AM,0,106.028,23.151,2024-07-24 07:45:00
2024-07-24,8:00:00 AM,0,106.021,23.134,2024-07-24 08:00:00
2024-07-24,8:15:00 AM,0,106.028,23.124,2024-07-24 08:15:00
2024-07-24,8:30:00 AM,0,106.018,23.114,2024-07-24 08:30:00
2024-07-24,8:45:00 AM,0,106.046,23.104,2024-07-24 08:45:00
2024-07-24,9:00:00 AM,0,106.053,23.092,2024-07-24 09:00:00
2024-07-24,9:15:00 AM,0,106.041,23.087,2024-07-24 09:15:00
2024-07-24,9:30:00 AM,0,106.031,23.079,2024-07-24 09:30:00
2024-07-24,9:45:00 AM,0,106.035,23.076,2024-07-24 09:45:00
2024-07-24,10:00:00 AM,0,106.027,23.077,2024-07-24 10:00:00
2024-07-24,10:15:00 AM,0,106.018,23.079,2024-07-24 10:15:00
2024-07-24,10:30:00 AM,0,106.026,23.082,2024-07-24 10:30:00
2024-07-24,10:45:00 AM,0,106.019,23.087,2024-07-24 10:45:00
2024-07-24,11:00:00 AM,0,106.006,23.096,2024-07-24 11:00:00
2024-07-24,11:15:00 AM,0,106.003,23.1,2024-07-24 11:15:00
2024-07-24,11:30:00 AM,0,105.998,23.106,2024-07-24 11:30:00
2024-07-24,11:45:00 AM,0,105.99,23.104,2024-07-24 11:45:00
2024-07-24,12:00:00 PM,0,105.992,23.109,2024-07-24 12:00:00
2024-07-24,12:15:00 PM,0,105.983,23.115,2024-07-24 12:15:00
2024-07-24,12:30:00 PM,0,105.999,23.127,2024-07-24 12:30:00
2024-07-24,12:45:00 PM,0,105.994,23.136,2024-07-24 12:45:00
2024-07-24,1:00:00 PM,0,106.022,23.148,2024-07-24 01:00:00
2024-07-24,1:15:00 PM,0,106.054,23.166,2024-07-24 01:15:00
2024-07-24,1:30:00 PM,0,106.107,23.181,2024-07-24 01:30:00
2024-07-24,1:45:00 PM,0,106.148,23.197,2024-07-24 01:45:00
2024-07-24,2:00:00 PM,0,106.196,23.221,2024-07-24 02:00:00
2024-07-24,2:15:00 PM,0,106.299,23.24,2024-07-24 02:15:00
2024-07-24,2:30:00 PM,0,106.452,23.271,2024-07-24 02:30:00
2024-07-24,2:45:00 PM,0,106.655,23.304,2024-07-24 02:45:00
2024-07-24,3:00:00 PM,0,106.848,23.326,2024-07-24 03:00:00
2024-07-24,3:15:00 PM,0,107.024,23.353,2024-07-24 03:15:00
2024-07-24,3:30:00 PM,0,107.194,23.395,2024-07-24 03:30:00
2024-07-24,3:45:00 PM,0,107.414,23.422,2024-07-24 03:45:00
2024-07-24,4:00:00 PM,0,107.638,23.458,2024-07-24 04:00:00
2024-07-24,4:15:00 PM,0,107.872,23.505,2024-07-24 04:15:00
2024-07-24,4:30:00 PM,0,108.094,23.531,2024-07-24 04:30:00
2024-07-24,4:45:00 PM,0,108.25,23.538,2024-07-24 04:45:00
2024-07-24,5:00:00 PM,0,108.448,23.536,2024-07-24 05:00:00
2024-07-24,5:15:00 PM,0,108.579,23.532,2024-07-24 05:15:00
2024-07-24,5:30:00 PM,0,108.661,23.524,2024-07-24 05:30:00
2024-07-24,5:45:00 PM,0,108.709,23.517,2024-07-24 05:45:00
2024-07-24,6:00:00 PM,0,108.761,23.51,2024-07-24 06:00:00
2024-07-24,6:15:00 PM,0,108.758,23.511,2024-07-24 06:15:00
2024-07-24,6:30:00 PM,0,108.764,23.503,2024-07-24 06:30:00
2024-07-24,6:45:00 PM,0,108.698,23.493,2024-07-24 06:45:00
2024-07-24,7:00:00 PM,0,108.653,23.488,2024-07-24 07:00:00
2024-07-24,7:15:00 PM,0,108.607,23.488,2024-07-24 07:15:00
2024-07-24,7:30:00 PM,0,108.552,23.49,2024-07-24 07:30:00
2024-07-24,7:45:00 PM,0,108.48,23.491,2024-07-24 07:45:00
2024-07-24,8:00:00 PM,0,108.439,23.495,2024-07-24 08:00:00
2024-07-24,8:15:00 PM,0,108.357,23.497,2024-07-24 08:15:00
2024-07-24,8:30:00 PM,0,108.271,23.501,2024-07-24 08:30:00
2024-07-24,8:45:00 PM,0,108.216,23.5,2024-07-24 08:45:00
2024-07-24,9:00:00 PM,0,108.181,23.497,2024-07-24 09:00:00
2024-07-24,9:15:00 PM,0,108.127,23.494,2024-07-24 09:15:00
2024-07-24,9:30:00 PM,0,108.056,23.489,2024-07-24 09:30:00
2024-07-24,9:45:00 PM,0,108.023,23.48,2024-07-24 09:45:00
2024-07-24,10:00:00 PM,0,107.963,23.471,2024-07-24 10:00:00
2024-07-24,10:15:00 PM,0,107.897,23.466,2024-07-24 10:15:00
2024-07-24,10:30:00 PM,0,107.873,23.458,2024-07-24 10:30:00
2024-07-24,10:45:00 PM,0,107.827,23.452,2024-07-24 10:45:00
2024-07-24,11:00:00 PM,0,107.742,23.442,2024-07-24 11:00:00
2024-07-24,11:15:00 PM,0,107.716,23.435,2024-07-24 11:15:00
2024-07-24,11:30:00 PM,0,107.66,23.426,2024-07-24 11:30:00
2024-07-24,11:45:00 PM,0,107.578,23.417,2024-07-24 11:45:00
2024-07-25,12:00:00 AM,0,107.529,23.409,2024-07-25 12:00:00
2024-07-25,12:15:00 AM,0,107.474,23.396,2024-07-25 12:15:00
2024-07-25,12:30:00 AM,0,107.422,23.386,2024-07-25 12:30:00
2024-07-25,12:45:00 AM,0,107.37,23.372,2024-07-25 12:45:00
2024-07-25,1:00:00 AM,0,107.32,23.36,2024-07-25 01:00:00
2024-07-25,1:15:00 AM,0,107.296,23.345,2024-07-25 01:15:00
2024-07-25,1:30:00 AM,0,107.242,23.333,2024-07-25 01:30:00
2024-07-25,1:45:00 AM,0,107.187,23.315,2024-07-25 01:45:00
2024-07-25,2:00:00 AM,0,107.167,23.303,2024-07-25 02:00:00
2024-07-25,2:15:00 AM,0,107.101,23.29,2024-07-25 02:15:00
2024-07-25,2:30:00 AM,0,107.088,23.278,2024-07-25 02:30:00
2024-07-25,2:45:00 AM,0,107.055,23.266,2024-07-25 02:45:00
2024-07-25,3:00:00 AM,0,107.011,23.253,2024-07-25 03:00:00
2024-07-25,3:15:00 AM,0,106.992,23.237,2024-07-25 03:15:00
2024-07-25,3:30:00 AM,0,106.963,23.226,2024-07-25 03:30:00
2024-07-25,3:45:00 AM,0,106.934,23.213,2024-07-25 03:45:00
2024-07-25,4:00:00 AM,0,106.896,23.2,2024-07-25 04:00:00
2024-07-25,4:15:00 AM,0,106.888,23.188,2024-07-25 04:15:00
2024-07-25,4:30:00 AM,0,106.859,23.175,2024-07-25 04:30:00
2024-07-25,4:45:00 AM,0,106.839,23.164,2024-07-25 04:45:00
2024-07-25,5:00:00 AM,0,106.813,23.15,2024-07-25 05:00:00
2024-07-25,5:15:00 AM,0,106.806,23.135,2024-07-25 05:15:00
2024-07-25,5:30:00 AM,0,106.794,23.122,2024-07-25 05:30:00
2024-07-25,5:45:00 AM,0,106.768,23.109,2024-07-25 05:45:00
2024-07-25,6:00:00 AM,0,106.764,23.097,2024-07-25 06:00:00
2024-07-25,6:15:00 AM,0,106.755,23.088,2024-07-25 06:15:00
2024-07-25,6:30:00 AM,0,106.761,23.076,2024-07-25 06:30:00
2024-07-25,6:45:00 AM,0,106.752,23.066,2024-07-25 06:45:00
2024-07-25,7:00:00 AM,0,106.751,23.056,2024-07-25 07:00:00
2024-07-25,7:15:00 AM,0,106.754,23.051,2024-07-25 07:15:00
2024-07-25,7:30:00 AM,0,106.744,23.044,2024-07-25 07:30:00
2024-07-25,7:45:00 AM,0,106.743,23.038,2024-07-25 07:45:00
2024-07-25,8:00:00 AM,0,106.729,23.03,2024-07-25 08:00:00
2024-07-25,8:15:00 AM,0,106.716,23.027,2024-07-25 08:15:00
2024-07-25,8:30:00 AM,0,106.731,23.022,2024-07-25 08:30:00
2024-07-25,8:45:00 AM,0,106.714,23.021,2024-07-25 08:45:00
2024-07-25,9:00:00 AM,0,106.715,23.017,2024-07-25 09:00:00
2024-07-25,9:15:00 AM,0,106.711,23.018,2024-07-25 09:15:00
2024-07-25,9:30:00 AM,0,106.732,23.02,2024-07-25 09:30:00
2024-07-25,9:45:00 AM,0,106.731,23.02,2024-07-25 09:45:00
2024-07-25,10:00:00 AM,0,106.717,23.024,2024-07-25 10:00:00
2024-07-25,10:15:00 AM,0,106.715,23.028,2024-07-25 10:15:00
2024-07-25,10:30:00 AM,0,106.697,23.037,2024-07-25 10:30:00
2024-07-25,10:45:00 AM,0,106.684,23.048,2024-07-25 10:45:00
2024-07-25,11:00:00 AM,0,106.679,23.064,2024-07-25 11:00:00
2024-07-25,11:15:00 AM,0,106.681,23.084,2024-07-25 11:15:00
2024-07-25,11:30:00 AM,0,106.655,23.109,2024-07-25 11:30:00
2024-07-25,11:45:00 AM,0,106.63,23.127,2024-07-25 11:45:00
2024-07-25,12:00:00 PM,0,106.616,23.154,2024-07-25 12:00:00
2024-07-25,12:15:00 PM,0,106.607,23.188,2024-07-25 12:15:00
2024-07-25,12:30:00 PM,0,106.587,23.235,2024-07-25 12:30:00
2024-07-25,12:45:00 PM,0,106.572,23.276,2024-07-25 12:45:00
2024-07-25,1:00:00 PM,0,106.554,23.321,2024-07-25 01:00:00
2024-07-25,1:15:00 PM,0,106.543,23.355,2024-07-25 01:15:00
2024-07-25,1:30:00 PM,0,106.513,23.403,2024-07-25 01:30:00
2024-07-25,1:45:00 PM,0,106.484,23.452,2024-07-25 01:45:00
2024-07-25,2:00:00 PM,0,106.46,23.496,2024-07-25 02:00:00
2024-07-25,2:15:00 PM,0,106.424,23.555,2024-07-25 02:15:00
2024-07-25,2:30:00 PM,0,106.419,23.61,2024-07-25 02:30:00
2024-07-25,2:45:00 PM,0,106.385,23.674,2024-07-25 02:45:00
2024-07-25,3:00:00 PM,0,106.354,23.724,2024-07-25 03:00:00
2024-07-25,3:15:00 PM,0,106.322,23.787,2024-07-25 03:15:00
2024-07-25,3:30:00 PM,0,106.286,23.833,2024-07-25 03:30:00
2024-07-25,3:45:00 PM,0,106.281,23.895,2024-07-25 03:45:00
2024-07-25,4:00:00 PM,0,106.264,23.95,2024-07-25 04:00:00
2024-07-25,4:15:00 PM,0,106.26,24.003,2024-07-25 04:15:00
2024-07-25,4:30:00 PM,0,106.234,24.053,2024-07-25 04:30:00
2024-07-25,4:45:00 PM,0,106.23,24.099,2024-07-25 04:45:00
2024-07-25,5:00:00 PM,0,106.214,24.138,2024-07-25 05:00:00
2024-07-25,5:15:00 PM,0,106.168,24.168,2024-07-25 05:15:00
2024-07-25,5:30:00 PM,0,106.166,24.192,2024-07-25 05:30:00
2024-07-25,5:45:00 PM,0,106.143,24.217,2024-07-25 05:45:00
2024-07-25,6:00:00 PM,0,106.135,24.231,2024-07-25 06:00:00
2024-07-25,6:15:00 PM,0,106.094,24.248,2024-07-25 06:15:00
2024-07-25,6:30:00 PM,0,106.098,24.26,2024-07-25 06:30:00
2024-07-25,6:45:00 PM,0,106.06,24.274,2024-07-25 06:45:00
2024-07-25,7:00:00 PM,0,106.045,24.284,2024-07-25 07:00:00
2024-07-25,7:15:00 PM,0,106.041,24.291,2024-07-25 07:15:00
2024-07-25,7:30:00 PM,0,106.031,24.294,2024-07-25 07:30:00
2024-07-25,7:45:00 PM,0,106.03,24.297,2024-07-25 07:45:00
2024-07-25,8:00:00 PM,0,106.055,24.295,2024-07-25 08:00:00
2024-07-25,8:15:00 PM,0,106.061,24.291,2024-07-25 08:15:00
2024-07-25,8:30:00 PM,0,106.058,24.28,2024-07-25 08:30:00
2024-07-25,8:45:00 PM,0,106.044,24.268,2024-07-25 08:45:00
2024-07-25,9:00:00 PM,0,106.011,24.253,2024-07-25 09:00:00
2024-07-25,9:15:00 PM,0,105.989,24.234,2024-07-25 09:15:00
2024-07-25,9:30:00 PM,0,105.987,24.21,2024-07-25 09:30:00
2024-07-25,9:45:00 PM,0,105.987,24.185,2024-07-25 09:45:00
2024-07-25,10:00:00 PM,0,105.976,24.157,2024-07-25 10:00:00
2024-07-25,10:15:00 PM,0,105.961,24.125,2024-07-25 10:15:00
2024-07-25,10:30:00 PM,0,105.937,24.095,2024-07-25 10:30:00
2024-07-25,10:45:00 PM,0,105.919,24.059,2024-07-25 10:45:00
2024-07-25,11:00:00 PM,0,105.898,24.024,2024-07-25 11:00:00
2024-07-25,11:15:00 PM,0,105.877,23.99,2024-07-25 11:15:00
2024-07-25,11:30:00 PM,0,105.841,23.951,2024-07-25 11:30:00
2024-07-25,11:45:00 PM,0,105.838,23.916,2024-07-25 11:45:00
2024-07-26,12:00:00 AM,0,105.819,23.88,2024-07-26 12:00:00
2024-07-26,12:15:00 AM,0,105.801,23.843,2024-07-26 12:15:00
2024-07-26,12:30:00 AM,0,105.787,23.807,2024-07-26 12:30:00
2024-07-26,12:45:00 AM,0,105.757,23.769,2024-07-26 12:45:00
2024-07-26,1:00:00 AM,0,105.757,23.733,2024-07-26 01:00:00
2024-07-26,1:15:00 AM,0,105.738,23.694,2024-07-26 01:15:00
2024-07-26,1:30:00 AM,0,105.731,23.659,2024-07-26 01:30:00
2024-07-26,1:45:00 AM,0,105.73,23.622,2024-07-26 01:45:00
2024-07-26,2:00:00 AM,0,105.715,23.584,2024-07-26 02:00:00
2024-07-26,2:15:00 AM,0,105.706,23.548,2024-07-26 02:15:00
2024-07-26,2:30:00 AM,0,105.694,23.51,2024-07-26 02:30:00
2024-07-26,2:45:00 AM,0,105.685,23.475,2024-07-26 02:45:00
2024-07-26,3:00:00 AM,0,105.673,23.439,2024-07-26 03:00:00
2024-07-26,3:15:00 AM,0,105.648,23.405,2024-07-26 03:15:00
2024-07-26,3:30:00 AM,0,105.648,23.37,2024-07-26 03:30:00
2024-07-26,3:45:00 AM,0,105.642,23.334,2024-07-26 03:45:00
2024-07-26,4:00:00 AM,0,105.646,23.299,2024-07-26 04:00:00
2024-07-26,4:15:00 AM,0,105.648,23.268,2024-07-26 04:15:00
2024-07-26,4:30:00 AM,0,105.629,23.238,2024-07-26 04:30:00
2024-07-26,4:45:00 AM,0,105.636,23.209,2024-07-26 04:45:00
2024-07-26,5:00:00 AM,0,105.638,23.182,2024-07-26 05:00:00
2024-07-26,5:15:00 AM,0,105.627,23.153,2024-07-26 05:15:00
2024-07-26,5:30:00 AM,0,105.623,23.127,2024-07-26 05:30:00
2024-07-26,5:45:00 AM,0,105.615,23.098,2024-07-26 05:45:00
2024-07-26,6:00:00 AM,0,105.628,23.072,2024-07-26 06:00:00
2024-07-26,6:15:00 AM,0,105.608,23.046,2024-07-26 06:15:00
2024-07-26,6:30:00 AM,0,105.631,23.022,2024-07-26 06:30:00
2024-07-26,6:45:00 AM,0,105.633,22.999,2024-07-26 06:45:00
2024-07-26,7:00:00 AM,0,105.627,22.975,2024-07-26 07:00:00
2024-07-26,7:15:00 AM,0,105.627,22.955,2024-07-26 07:15:00
2024-07-26,7:30:00 AM,0,105.64,22.938,2024-07-26 07:30:00
2024-07-26,7:45:00 AM,0,105.638,22.923,2024-07-26 07:45:00
2024-07-26,8:00:00 AM,0,105.651,22.91,2024-07-26 08:00:00
2024-07-26,8:15:00 AM,0,105.653,22.902,2024-07-26 08:15:00
2024-07-26,8:30:00 AM,0,105.653,22.891,2024-07-26 08:30:00
2024-07-26,8:45:00 AM,0,105.656,22.891,2024-07-26 08:45:00
2024-07-26,9:00:00 AM,0,105.659,22.89,2024-07-26 09:00:00
2024-07-26,9:15:00 AM,0,105.664,22.888,2024-07-26 09:15:00
2024-07-26,9:30:00 AM,0,105.654,22.884,2024-07-26 09:30:00
2024-07-26,9:45:00 AM,0,105.661,22.88,2024-07-26 09:45:00
2024-07-26,10:00:00 AM,0,105.652,22.875,2024-07-26 10:00:00
2024-07-26,10:15:00 AM,0,105.643,22.874,2024-07-26 10:15:00
2024-07-26,10:30:00 AM,0,105.65,22.883,2024-07-26 10:30:00
2024-07-26,10:45:00 AM,0,105.662,22.89,2024-07-26 10:45:00
2024-07-26,11:00:00 AM,0,105.654,22.9,2024-07-26 11:00:00
2024-07-26,11:15:00 AM,0,105.646,22.916,2024-07-26 11:15:00
2024-07-26,11:30:00 AM,0,105.64,22.942,2024-07-26 11:30:00
2024-07-26,11:45:00 AM,0,105.626,22.967,2024-07-26 11:45:00
2024-07-26,12:00:00 PM,0,105.622,22.997,2024-07-26 12:00:00
2024-07-26,12:15:00 PM,0,105.617,23.027,2024-07-26 12:15:00
2024-07-26,12:30:00 PM,0,105.618,23.066,2024-07-26 12:30:00
2024-07-26,12:45:00 PM,0,105.6,23.104,2024-07-26 12:45:00
2024-07-26,1:00:00 PM,0,105.57,23.163,2024-07-26 01:00:00
2024-07-26,1:15:00 PM,0,105.559,23.211,2024-07-26 01:15:00
2024-07-26,1:30:00 PM,0,105.554,23.278,2024-07-26 01:30:00
2024-07-26,1:45:00 PM,0,105.521,23.349,2024-07-26 01:45:00
2024-07-26,2:00:00 PM,0,105.503,23.4,2024-07-26 02:00:00
2024-07-26,2:15:00 PM,0,105.472,23.441,2024-07-26 02:15:00
2024-07-26,2:30:00 PM,0,105.46,23.526,2024-07-26 02:30:00
2024-07-26,2:45:00 PM,0,105.443,23.592,2024-07-26 02:45:00
2024-07-26,3:00:00 PM,0,105.421,23.642,2024-07-26 03:00:00
2024-07-26,3:15:00 PM,0,105.395,23.69,2024-07-26 03:15:00
2024-07-26,3:30:00 PM,0,105.38,23.738,2024-07-26 03:30:00
2024-07-26,3:45:00 PM,0,105.367,23.797,2024-07-26 03:45:00
2024-07-26,4:00:00 PM,0,105.332,23.853,2024-07-26 04:00:00
2024-07-26,4:15:00 PM,0,105.31,23.902,2024-07-26 04:15:00
2024-07-26,4:30:00 PM,0,105.315,23.964,2024-07-26 04:30:00
2024-07-26,4:45:00 PM,0,105.302,24.024,2024-07-26 04:45:00
2024-07-26,5:00:00 PM,0,105.293,24.081,2024-07-26 05:00:00
2024-07-26,5:15:00 PM,0,105.283,24.131,2024-07-26 05:15:00
2024-07-26,5:30:00 PM,0,105.281,24.181,2024-07-26 05:30:00
2024-07-26,5:45:00 PM,0,105.26,24.233,2024-07-26 05:45:00
2024-07-26,6:00:00 PM,0,105.242,24.282,2024-07-26 06:00:00
2024-07-26,6:15:00 PM,0,105.236,24.325,2024-07-26 06:15:00
2024-07-26,6:30:00 PM,0,105.237,24.365,2024-07-26 06:30:00
2024-07-26,6:45:00 PM,0,105.237,24.403,2024-07-26 06:45:00
2024-07-26,7:00:00 PM,0,105.195,24.433,2024-07-26 07:00:00
2024-07-26,7:15:00 PM,0,105.213,24.46,2024-07-26 07:15:00
2024-07-26,7:30:00 PM,0,105.208,24.479,2024-07-26 07:30:00
2024-07-26,7:45:00 PM,0,105.187,24.495,2024-07-26 07:45:00
2024-07-26,8:00:00 PM,0,105.177,24.509,2024-07-26 08:00:00
2024-07-26,8:15:00 PM,0,105.161,24.52,2024-07-26 08:15:00
2024-07-26,8:30:00 PM,0,105.159,24.529,2024-07-26 08:30:00
2024-07-26,8:45:00 PM,0,105.153,24.537,2024-07-26 08:45:00
2024-07-26,9:00:00 PM,0,105.13,24.54,2024-07-26 09:00:00
2024-07-26,9:15:00 PM,0,105.117,24.54,2024-07-26 09:15:00
2024-07-26,9:30:00 PM,0,105.12,24.534,2024-07-26 09:30:00
2024-07-26,9:45:00 PM,0,105.123,24.528,2024-07-26 09:45:00
2024-07-26,10:00:00 PM,0,105.103,24.518,2024-07-26 10:00:00
2024-07-26,10:15:00 PM,0,105.086,24.505,2024-07-26 10:15:00
2024-07-26,10:30:00 PM,0,105.078,24.491,2024-07-26 10:30:00
2024-07-26,10:45:00 PM,0,105.064,24.475,2024-07-26 10:45:00
2024-07-26,11:00:00 PM,0,105.038,24.455,2024-07-26 11:00:00
2024-07-26,11:15:00 PM,0,105.023,24.436,2024-07-26 11:15:00
2024-07-26,11:30:00 PM,0,105.003,24.414,2024-07-26 11:30:00
2024-07-26,11:45:00 PM,0,104.984,24.39,2024-07-26 11:45:00
2024-07-27,12:00:00 AM,0,104.989,24.367,2024-07-27 12:00:00
2024-07-27,12:15:00 AM,0,104.976,24.342,2024-07-27 12:15:00
2024-07-27,12:30:00 AM,0,104.978,24.318,2024-07-27 12:30:00
2024-07-27,12:45:00 AM,0,104.97,24.292,2024-07-27 12:45:00
2024-07-27,1:00:00 AM,0,104.966,24.267,2024-07-27 01:00:00
2024-07-27,1:15:00 AM,0,104.958,24.239,2024-07-27 01:15:00
2024-07-27,1:30:00 AM,0,104.945,24.214,2024-07-27 01:30:00
2024-07-27,1:45:00 AM,0,104.941,24.186,2024-07-27 01:45:00
2024-07-27,2:00:00 AM,0,104.926,24.158,2024-07-27 02:00:00
2024-07-27,2:15:00 AM,0,104.936,24.131,2024-07-27 02:15:00
2024-07-27,2:30:00 AM,0,104.934,24.106,2024-07-27 02:30:00
2024-07-27,2:45:00 AM,0,104.938,24.079,2024-07-27 02:45:00
2024-07-27,3:00:00 AM,0,104.933,24.052,2024-07-27 03:00:00
2024-07-27,3:15:00 AM,0,104.946,24.029,2024-07-27 03:15:00
2024-07-27,3:30:00 AM,0,104.952,24.005,2024-07-27 03:30:00
2024-07-27,3:45:00 AM,0,104.958,23.982,2024-07-27 03:45:00
2024-07-27,4:00:00 AM,0,104.968,23.96,2024-07-27 04:00:00
2024-07-27,4:15:00 AM,0,104.979,23.938,2024-07-27 04:15:00
2024-07-27,4:30:00 AM,0,104.962,23.917,2024-07-27 04:30:00
2024-07-27,4:45:00 AM,0,104.979,23.898,2024-07-27 04:45:00
2024-07-27,5:00:00 AM,0,104.975,23.878,2024-07-27 05:00:00
2024-07-27,5:15:00 AM,0,104.985,23.86,2024-07-27 05:15:00
2024-07-27,5:30:00 AM,0,104.99,23.841,2024-07-27 05:30:00
2024-07-27,5:45:00 AM,0,104.998,23.823,2024-07-27 05:45:00
2024-07-27,6:00:00 AM,0,104.998,23.808,2024-07-27 06:00:00
2024-07-27,6:15:00 AM,0,104.998,23.792,2024-07-27 06:15:00
2024-07-27,6:30:00 AM,0,105.008,23.776,2024-07-27 06:30:00
2024-07-27,6:45:00 AM,0,105.01,23.763,2024-07-27 06:45:00
2024-07-27,7:00:00 AM,0,105.02,23.748,2024-07-27 07:00:00
2024-07-27,7:15:00 AM,0,105.032,23.736,2024-07-27 07:15:00
2024-07-27,7:30:00 AM,0,105.052,23.725,2024-07-27 07:30:00
2024-07-27,7:45:00 AM,0,105.051,23.713,2024-07-27 07:45:00
2024-07-27,8:00:00 AM,0,105.064,23.703,2024-07-27 08:00:00
2024-07-27,8:15:00 AM,0,105.081,23.695,2024-07-27 08:15:00
2024-07-27,8:30:00 AM,0,105.076,23.684,2024-07-27 08:30:00
2024-07-27,8:45:00 AM,0,105.096,23.677,2024-07-27 08:45:00
2024-07-27,9:00:00 AM,0,105.103,23.671,2024-07-27 09:00:00
2024-07-27,9:15:00 AM,0,105.092,23.668,2024-07-27 09:15:00
2024-07-27,9:30:00 AM,0,105.092,23.668,2024-07-27 09:30:00
2024-07-27,9:45:00 AM,0,105.102,23.675,2024-07-27 09:45:00
2024-07-27,10:00:00 AM,0,105.098,23.678,2024-07-27 10:00:00
2024-07-27,10:15:00 AM,0,105.1,23.701,2024-07-27 10:15:00
2024-07-27,10:30:00 AM,0,105.088,23.716,2024-07-27 10:30:00
2024-07-27,10:45:00 AM,0,105.084,23.737,2024-07-27 10:45:00
2024-07-27,11:00:00 AM,0,105.093,23.761,2024-07-27 11:00:00
2024-07-27,11:15:00 AM,0,105.099,23.791,2024-07-27 11:15:00
2024-07-27,11:30:00 AM,0,105.09,23.802,2024-07-27 11:30:00
2024-07-27,11:45:00 AM,0,105.085,23.822,2024-07-27 11:45:00
2024-07-27,12:00:00 PM,0,105.084,23.847,2024-07-27 12:00:00
2024-07-27,12:15:00 PM,0,105.081,23.873,2024-07-27 12:15:00
2024-07-27,12:30:00 PM,0,105.056,23.91,2024-07-27 12:30:00
2024-07-27,12:45:00 PM,0,105.046,23.978,2024-07-27 12:45:00
2024-07-27,1:00:00 PM,0,105.029,24.029,2024-07-27 01:00:00
2024-07-27,1:15:00 PM,0,105.022,24.069,2024-07-27 01:15:00
2024-07-27,1:30:00 PM,0,105.014,24.139,2024-07-27 01:30:00
2024-07-27,1:45:00 PM,0,104.995,24.185,2024-07-27 01:45:00
2024-07-27,2:00:00 PM,0,104.982,24.263,2024-07-27 02:00:00
2024-07-27,2:15:00 PM,0,104.978,24.329,2024-07-27 02:15:00
2024-07-27,2:30:00 PM,0,104.972,24.426,2024-07-27 02:30:00
2024-07-27,2:45:00 PM,0,104.965,24.548,2024-07-27 02:45:00
2024-07-27,3:00:00 PM,0,104.932,24.59,2024-07-27 03:00:00
2024-07-27,3:15:00 PM,0,104.92,24.65,2024-07-27 03:15:00
2024-07-27,3:30:00 PM,0,104.907,24.727,2024-07-27 03:30:00
2024-07-27,3:45:00 PM,0,104.922,24.806,2024-07-27 03:45:00
2024-07-27,4:00:00 PM,0,104.899,24.879,2024-07-27 04:00:00
2024-07-27,4:15:00 PM,0,104.884,24.944,2024-07-27 04:15:00
2024-07-27,4:30:00 PM,0,104.867,25.008,2024-07-27 04:30:00
2024-07-27,4:45:00 PM,0,104.857,25.075,2024-07-27 04:45:00
2024-07-27,5:00:00 PM,0,104.846,25.136,2024-07-27 05:00:00
2024-07-27,5:15:00 PM,0,104.845,25.193,2024-07-27 05:15:00
2024-07-27,5:30:00 PM,0,104.853,25.242,2024-07-27 05:30:00
2024-07-27,5:45:00 PM,0,104.853,25.277,2024-07-27 05:45:00
2024-07-27,6:00:00 PM,0,104.851,25.31,2024-07-27 06:00:00
2024-07-27,6:15:00 PM,0,104.825,25.339,2024-07-27 06:15:00
2024-07-27,6:30:00 PM,0,104.851,25.363,2024-07-27 06:30:00
2024-07-27,6:45:00 PM,0,104.855,25.384,2024-07-27 06:45:00
2024-07-27,7:00:00 PM,0,104.87,25.402,2024-07-27 07:00:00
2024-07-27,7:15:00 PM,0,104.868,25.414,2024-07-27 07:15:00
2024-07-27,7:30:00 PM,0,104.874,25.423,2024-07-27 07:30:00
2024-07-27,7:45:00 PM,0,104.891,25.429,2024-07-27 07:45:00
2024-07-27,8:00:00 PM,0,104.89,25.427,2024-07-27 08:00:00
2024-07-27,8:15:00 PM,0,104.871,25.419,2024-07-27 08:15:00
2024-07-27,8:30:00 PM,0,104.868,25.415,2024-07-27 08:30:00
2024-07-27,8:45:00 PM,0,104.901,25.408,2024-07-27 08:45:00
2024-07-27,9:00:00 PM,0,104.903,25.376,2024-07-27 09:00:00
2024-07-27,9:15:00 PM,0,104.949,25.369,2024-07-27 09:15:00
2024-07-27,9:30:00 PM,0,104.962,25.353,2024-07-27 09:30:00
2024-07-27,9:45:00 PM,0,104.99,25.333,2024-07-27 09:45:00
2024-07-27,10:00:00 PM,0,105.007,25.319,2024-07-27 10:00:00
2024-07-27,10:15:00 PM,0,105.047,25.302,2024-07-27 10:15:00
2024-07-27,10:30:00 PM,0,105.158,25.283,2024-07-27 10:30:00
2024-07-27,10:45:00 PM,0,105.389,25.255,2024-07-27 10:45:00
2024-07-27,11:00:00 PM,0,105.72,25.224,2024-07-27 11:00:00
2024-07-27,11:15:00 PM,0,106.053,25.173,2024-07-27 11:15:00
2024-07-27,11:30:00 PM,0,106.304,25.134,2024-07-27 11:30:00
2024-07-27,11:45:00 PM,0,106.614,25.129,2024-07-27 11:45:00
2024-07-28,12:00:00 AM,0,106.874,25.089,2024-07-28 12:00:00
2024-07-28,12:15:00 AM,0,107.117,25.013,2024-07-28 12:15:00
2024-07-28,12:30:00 AM,0,107.254,24.883,2024-07-28 12:30:00
2024-07-28,12:45:00 AM,0,107.358,24.739,2024-07-28 12:45:00
2024-07-28,1:00:00 AM,0,107.438,24.627,2024-07-28 01:00:00
2024-07-28,1:15:00 AM,0,107.52,24.54,2024-07-28 01:15:00
2024-07-28,1:30:00 AM,0,107.542,24.47,2024-07-28 01:30:00
2024-07-28,1:45:00 AM,0,107.57,24.412,2024-07-28 01:45:00
2024-07-28,2:00:00 AM,0,107.591,24.363,2024-07-28 02:00:00
2024-07-28,2:15:00 AM,0,107.596,24.332,2024-07-28 02:15:00
2024-07-28,2:30:00 AM,0,107.568,24.312,2024-07-28 02:30:00
2024-07-28,2:45:00 AM,0,107.565,24.295,2024-07-28 02:45:00
2024-07-28,3:00:00 AM,0,107.537,24.276,2024-07-28 03:00:00
2024-07-28,3:15:00 AM,0,107.497,24.253,2024-07-28 03:15:00
2024-07-28,3:30:00 AM,0,107.454,24.224,2024-07-28 03:30:00
2024-07-28,3:45:00 AM,0,107.418,24.198,2024-07-28 03:45:00
2024-07-28,4:00:00 AM,0,107.363,24.169,2024-07-28 04:00:00
2024-07-28,4:15:00 AM,0,107.326,24.142,2024-07-28 04:15:00
2024-07-28,4:30:00 AM,0,107.291,24.112,2024-07-28 04:30:00
2024-07-28,4:45:00 AM,0,107.238,24.083,2024-07-28 04:45:00
2024-07-28,5:00:00 AM,0,107.204,24.052,2024-07-28 05:00:00
2024-07-28,5:15:00 AM,0,107.143,24.024,2024-07-28 05:15:00
2024-07-28,5:30:00 AM,0,107.105,23.99,2024-07-28 05:30:00
2024-07-28,5:45:00 AM,0,107.065,23.96,2024-07-28 05:45:00
2024-07-28,6:00:00 AM,0,107.028,23.931,2024-07-28 06:00:00
2024-07-28,6:15:00 AM,0,106.993,23.901,2024-07-28 06:15:00
2024-07-28,6:30:00 AM,0,106.956,23.874,2024-07-28 06:30:00
2024-07-28,6:45:00 AM,0,106.916,23.85,2024-07-28 06:45:00
2024-07-28,7:00:00 AM,0,106.881,23.828,2024-07-28 07:00:00
2024-07-28,7:15:00 AM,0,106.843,23.808,2024-07-28 07:15:00
2024-07-28,7:30:00 AM,0,106.813,23.792,2024-07-28 07:30:00
2024-07-28,7:45:00 AM,0,106.776,23.775,2024-07-28 07:45:00
2024-07-28,8:00:00 AM,0,106.758,23.762,2024-07-28 08:00:00
2024-07-28,8:15:00 AM,0,106.721,23.753,2024-07-28 08:15:00
2024-07-28,8:30:00 AM,0,106.703,23.742,2024-07-28 08:30:00
2024-07-28,8:45:00 AM,0,106.669,23.735,2024-07-28 08:45:00
2024-07-28,9:00:00 AM,0,106.654,23.728,2024-07-28 09:00:00
2024-07-28,9:15:00 AM,0,106.619,23.727,2024-07-28 09:15:00
2024-07-28,9:30:00 AM,0,106.595,23.725,2024-07-28 09:30:00
2024-07-28,9:45:00 AM,0,106.561,23.738,2024-07-28 09:45:00
2024-07-28,10:00:00 AM,0,106.551,23.746,2024-07-28 10:00:00
2024-07-28,10:15:00 AM,0,106.516,23.77,2024-07-28 10:15:00
2024-07-28,10:30:00 AM,0,106.488,23.79,2024-07-28 10:30:00
2024-07-28,10:45:00 AM,0,106.456,23.81,2024-07-28 10:45:00
2024-07-28,11:00:00 AM,0,106.423,23.836,2024-07-28 11:00:00
2024-07-28,11:15:00 AM,0,106.395,23.869,2024-07-28 11:15:00
2024-07-28,11:30:00 AM,0,106.34,23.919,2024-07-28 11:30:00
2024-07-28,11:45:00 AM,0,106.312,23.962,2024-07-28 11:45:00
2024-07-28,12:00:00 PM,0,106.266,24.005,2024-07-28 12:00:00
2024-07-28,12:15:00 PM,0,106.243,24.059,2024-07-28 12:15:00
2024-07-28,12:30:00 PM,0,106.221,24.146,2024-07-28 12:30:00
2024-07-28,12:45:00 PM,0,106.179,24.268,2024-07-28 12:45:00
2024-07-28,1:00:00 PM,0,106.084,24.37,2024-07-28 01:00:00
2024-07-28,1:15:00 PM,0,106.085,24.422,2024-07-28 01:15:00
2024-07-28,1:30:00 PM,0,106.063,24.484,2024-07-28 01:30:00
2024-07-28,1:45:00 PM,0,106.033,24.575,2024-07-28 01:45:00
2024-07-28,2:00:00 PM,0,105.982,24.669,2024-07-28 02:00:00
2024-07-28,2:15:00 PM,0,105.965,24.784,2024-07-28 02:15:00
2024-07-28,2:30:00 PM,0,105.94,24.887,2024-07-28 02:30:00
2024-07-28,2:45:00 PM,0,105.934,25.006,2024-07-28 02:45:00
2024-07-28,3:00:00 PM,0,105.931,25.098,2024-07-28 03:00:00
2024-07-28,3:15:00 PM,0,105.897,25.192,2024-07-28 03:15:00
2024-07-28,3:30:00 PM,0,105.899,25.236,2024-07-28 03:30:00
2024-07-28,3:45:00 PM,0,105.89,25.314,2024-07-28 03:45:00
2024-07-28,4:00:00 PM,0,105.853,25.385,2024-07-28 04:00:00
2024-07-28,4:15:00 PM,0,105.839,25.457,2024-07-28 04:15:00
2024-07-28,4:30:00 PM,0,105.803,25.493,2024-07-28 04:30:00
2024-07-28,4:45:00 PM,0,105.791,25.531,2024-07-28 04:45:00
2024-07-28,5:00:00 PM,0,105.782,25.57,2024-07-28 05:00:00
2024-07-28,5:15:00 PM,0,105.754,25.601,2024-07-28 05:15:00
2024-07-28,5:30:00 PM,0,105.81,25.624,2024-07-28 05:30:00
2024-07-28,5:45:00 PM,0,105.915,25.635,2024-07-28 05:45:00
2024-07-28,6:00:00 PM,0,106.088,25.592,2024-07-28 06:00:00
2024-07-28,6:15:00 PM,0,106.132,25.507,2024-07-28 06:15:00
2024-07-28,6:30:00 PM,0,106.109,25.426,2024-07-28 06:30:00
2024-07-28,6:45:00 PM,0,106.191,25.366,2024-07-28 06:45:00
2024-07-28,7:00:00 PM,0,106.221,25.344,2024-07-28 07:00:00
2024-07-28,7:15:00 PM,0,106.448,25.316,2024-07-28 07:15:00
2024-07-28,7:30:00 PM,0,106.813,25.265,2024-07-28 07:30:00
2024-07-28,7:45:00 PM,0,107.326,25.2,2024-07-28 07:45:00
2024-07-28,8:00:00 PM,0,107.805,25.107,2024-07-28 08:00:00
2024-07-28,8:15:00 PM,0,108.18,24.931,2024-07-28 08:15:00
2024-07-28,8:30:00 PM,0,108.562,24.804,2024-07-28 08:30:00
2024-07-28,8:45:00 PM,0,108.859,24.648,2024-07-28 08:45:00
2024-07-28,9:00:00 PM,0,109.298,24.543,2024-07-28 09:00:00
2024-07-28,9:15:00 PM,0,109.717,24.484,2024-07-28 09:15:00
2024-07-28,9:30:00 PM,0,110.023,24.436,2024-07-28 09:30:00
2024-07-28,9:45:00 PM,0,110.277,24.392,2024-07-28 09:45:00
2024-07-28,10:00:00 PM,0,110.538,24.292,2024-07-28 10:00:00
2024-07-28,10:15:00 PM,0,110.789,24.174,2024-07-28 10:15:00
2024-07-28,10:30:00 PM,0,110.987,24.084,2024-07-28 10:30:00
2024-07-28,10:45:00 PM,0,111.12,24.015,2024-07-28 10:45:00
2024-07-28,11:00:00 PM,0,111.204,23.965,2024-07-28 11:00:00
2024-07-28,11:15:00 PM,0,111.173,23.933,2024-07-28 11:15:00
2024-07-28,11:30:00 PM,0,111.106,23.908,2024-07-28 11:30:00
2024-07-28,11:45:00 PM,0,110.997,23.885,2024-07-28 11:45:00
2024-07-29,12:00:00 AM,0,110.853,23.862,2024-07-29 12:00:00
2024-07-29,12:15:00 AM,0,110.608,23.839,2024-07-29 12:15:00
2024-07-29,12:30:00 AM,0,110.413,23.814,2024-07-29 12:30:00
2024-07-29,12:45:00 AM,0,110.147,23.791,2024-07-29 12:45:00
2024-07-29,1:00:00 AM,0,109.976,23.769,2024-07-29 01:00:00
2024-07-29,1:15:00 AM,0,109.723,23.744,2024-07-29 01:15:00
2024-07-29,1:30:00 AM,0,109.487,23.717,2024-07-29 01:30:00
2024-07-29,1:45:00 AM,0,109.319,23.691,2024-07-29 01:45:00
2024-07-29,2:00:00 AM,0,109.149,23.665,2024-07-29 02:00:00
2024-07-29,2:15:00 AM,0,108.979,23.635,2024-07-29 02:15:00
2024-07-29,2:30:00 AM,0,108.809,23.608,2024-07-29 02:30:00
2024-07-29,2:45:00 AM,0,108.7,23.581,2024-07-29 02:45:00
2024-07-29,3:00:00 AM,0,108.618,23.553,2024-07-29 03:00:00
2024-07-29,3:15:00 AM,0,108.469,23.523,2024-07-29 03:15:00
2024-07-29,3:30:00 AM,0,108.368,23.499,2024-07-29 03:30:00
2024-07-29,3:45:00 AM,0,108.268,23.47,2024-07-29 03:45:00
2024-07-29,4:00:00 AM,0,108.172,23.44,2024-07-29 04:00:00
2024-07-29,4:15:00 AM,0,108.089,23.412,2024-07-29 04:15:00
2024-07-29,4:30:00 AM,0,108.034,23.383,2024-07-29 04:30:00
2024-07-29,4:45:00 AM,0,107.971,23.353,2024-07-29 04:45:00
2024-07-29,5:00:00 AM,0,107.916,23.324,2024-07-29 05:00:00
2024-07-29,5:15:00 AM,0,107.865,23.295,2024-07-29 05:15:00
2024-07-29,5:30:00 AM,0,107.823,23.265,2024-07-29 05:30:00
2024-07-29,5:45:00 AM,0,107.759,23.237,2024-07-29 05:45:00
2024-07-29,6:00:00 AM,0,107.7,23.208,2024-07-29 06:00:00
2024-07-29,6:15:00 AM,0,107.673,23.177,2024-07-29 06:15:00
2024-07-29,6:30:00 AM,0,107.629,23.149,2024-07-29 06:30:00
2024-07-29,6:45:00 AM,0,107.59,23.123,2024-07-29 06:45:00
2024-07-29,7:00:00 AM,0,107.565,23.097,2024-07-29 07:00:00
2024-07-29,7:15:00 AM,0,107.536,23.071,2024-07-29 07:15:00
2024-07-29,7:30:00 AM,0,107.517,23.046,2024-07-29 07:30:00
2024-07-29,7:45:00 AM,0,107.482,23.026,2024-07-29 07:45:00
2024-07-29,8:00:00 AM,0,107.449,23.008,2024-07-29 08:00:00
2024-07-29,8:15:00 AM,0,107.421,22.992,2024-07-29 08:15:00
2024-07-29,8:30:00 AM,0,107.373,22.979,2024-07-29 08:30:00
2024-07-29,8:45:00 AM,0,107.364,22.973,2024-07-29 08:45:00
2024-07-29,9:00:00 AM,0,107.315,22.967,2024-07-29 09:00:00
2024-07-29,9:15:00 AM,0,107.261,22.968,2024-07-29 09:15:00
2024-07-29,9:30:00 AM,0,107.214,22.972,2024-07-29 09:30:00
2024-07-29,9:45:00 AM,0,107.194,22.982,2024-07-29 09:45:00
2024-07-29,10:00:00 AM,0,107.175,23.003,2024-07-29 10:00:00
2024-07-29,10:15:00 AM,0,107.116,23.027,2024-07-29 10:15:00
2024-07-29,10:30:00 AM,0,107.093,23.058,2024-07-29 10:30:00
2024-07-29,10:45:00 AM,0,107.075,23.093,2024-07-29 10:45:00
2024-07-29,11:00:00 AM,0,107.061,23.143,2024-07-29 11:00:00
2024-07-29,11:15:00 AM,0,107.046,23.198,2024-07-29 11:15:00
2024-07-29,11:30:00 AM,0,107.022,23.265,2024-07-29 11:30:00
2024-07-29,11:45:00 AM,0,106.984,23.338,2024-07-29 11:45:00
2024-07-29,12:00:00 PM,0,106.958,23.419,2024-07-29 12:00:00
2024-07-29,12:15:00 PM,0,106.936,23.512,2024-07-29 12:15:00
2024-07-29,12:30:00 PM,0,106.871,23.622,2024-07-29 12:30:00
2024-07-29,12:45:00 PM,0,106.839,23.752,2024-07-29 12:45:00
2024-07-29,1:00:00 PM,0,106.761,23.87,2024-07-29 01:00:00
2024-07-29,1:15:00 PM,0,106.719,23.973,2024-07-29 01:15:00
2024-07-29,1:30:00 PM,0,106.664,24.104,2024-07-29 01:30:00
2024-07-29,1:45:00 PM,0,106.62,24.201,2024-07-29 01:45:00
2024-07-29,2:00:00 PM,0,106.546,24.298,2024-07-29 02:00:00
2024-07-29,2:15:00 PM,0,106.547,24.384,2024-07-29 02:15:00
2024-07-29,2:30:00 PM,0,106.533,24.449,2024-07-29 02:30:00
2024-07-29,2:45:00 PM,0,106.451,24.545,2024-07-29 02:45:00
2024-07-29,3:00:00 PM,0,106.419,24.615,2024-07-29 03:00:00
2024-07-29,3:15:00 PM,0,106.374,24.672,2024-07-29 03:15:00
2024-07-29,3:30:00 PM,0,106.359,24.747,2024-07-29 03:30:00
2024-07-29,3:45:00 PM,0,106.277,24.814,2024-07-29 03:45:00
2024-07-29,4:00:00 PM,0,106.272,24.872,2024-07-29 04:00:00
2024-07-29,4:15:00 PM,0,106.242,24.921,2024-07-29 04:15:00
2024-07-29,4:30:00 PM,0,106.21,24.964,2024-07-29 04:30:00
2024-07-29,4:45:00 PM,0,106.207,24.991,2024-07-29 04:45:00
2024-07-29,5:00:00 PM,0,106.193,25.01,2024-07-29 05:00:00
2024-07-29,5:15:00 PM,0,106.16,25.02,2024-07-29 05:15:00
2024-07-29,5:30:00 PM,0,106.132,25.045,2024-07-29 05:30:00
2024-07-29,5:45:00 PM,0,106.095,25.066,2024-07-29 05:45:00
2024-07-29,6:00:00 PM,0,106.084,25.074,2024-07-29 06:00:00
2024-07-29,6:15:00 PM,0,106.086,25.079,2024-07-29 06:15:00
2024-07-29,6:30:00 PM,0,106.051,25.09,2024-07-29 06:30:00
2024-07-29,6:45:00 PM,0,106.069,25.103,2024-07-29 06:45:00
2024-07-29,7:00:00 PM,0,106.125,25.118,2024-07-29 07:00:00
2024-07-29,7:15:00 PM,0,106.086,25.143,2024-07-29 07:15:00
2024-07-29,7:30:00 PM,0,106.053,25.167,2024-07-29 07:30:00
2024-07-29,7:45:00 PM,0,106.054,25.186,2024-07-29 07:45:00
2024-07-29,8:00:00 PM,0,106.027,25.194,2024-07-29 08:00:00
2024-07-29,8:15:00 PM,0,106.01,25.19,2024-07-29 08:15:00
2024-07-29,8:30:00 PM,0,105.994,25.181,2024-07-29 08:30:00
2024-07-29,8:45:00 PM,0,105.998,25.17,2024-07-29 08:45:00
2024-07-29,9:00:00 PM,0,105.996,25.163,2024-07-29 09:00:00
2024-07-29,9:15:00 PM,0,106.004,25.151,2024-07-29 09:15:00
2024-07-29,9:30:00 PM,0,106,25.136,2024-07-29 09:30:00
2024-07-29,9:45:00 PM,0,106.007,25.122,2024-07-29 09:45:00
2024-07-29,10:00:00 PM,0,106.017,25.105,2024-07-29 10:00:00
2024-07-29,10:15:00 PM,0,106.02,25.08,2024-07-29 10:15:00
2024-07-29,10:30:00 PM,0,106.03,25.059,2024-07-29 10:30:00
2024-07-29,10:45:00 PM,0,106.032,25.037,2024-07-29 10:45:00
2024-07-29,11:00:00 PM,0,106.052,25.013,2024-07-29 11:00:00
2024-07-29,11:15:00 PM,0,106.072,24.985,2024-07-29 11:15:00
2024-07-29,11:30:00 PM,0,106.089,24.952,2024-07-29 11:30:00
2024-07-29,11:45:00 PM,0,106.126,24.92,2024-07-29 11:45:00
2024-07-30,12:00:00 AM,0,106.167,24.886,2024-07-30 12:00:00
2024-07-30,12:15:00 AM,0,106.193,24.852,2024-07-30 12:15:00
2024-07-30,12:30:00 AM,0,106.192,24.819,2024-07-30 12:30:00
2024-07-30,12:45:00 AM,0,106.2,24.785,2024-07-30 12:45:00
2024-07-30,1:00:00 AM,0,106.188,24.744,2024-07-30 01:00:00
2024-07-30,1:15:00 AM,0,106.163,24.7,2024-07-30 01:15:00
2024-07-30,1:30:00 AM,0,106.134,24.654,2024-07-30 01:30:00
2024-07-30,1:45:00 AM,0,106.125,24.608,2024-07-30 01:45:00
2024-07-30,2:00:00 AM,0,106.079,24.56,2024-07-30 02:00:00
2024-07-30,2:15:00 AM,0,106.051,24.51,2024-07-30 02:15:00
2024-07-30,2:30:00 AM,0,106.024,24.461,2024-07-30 02:30:00
2024-07-30,2:45:00 AM,0,106.003,24.41,2024-07-30 02:45:00
2024-07-30,3:00:00 AM,0,106.001,24.359,2024-07-30 03:00:00
2024-07-30,3:15:00 AM,0,105.985,24.309,2024-07-30 03:15:00
2024-07-30,3:30:00 AM,0,105.973,24.261,2024-07-30 03:30:00
2024-07-30,3:45:00 AM,0,105.956,24.214,2024-07-30 03:45:00
2024-07-30,4:00:00 AM,0,105.974,24.166,2024-07-30 04:00:00
2024-07-30,4:15:00 AM,0,105.966,24.118,2024-07-30 04:15:00
2024-07-30,4:30:00 AM,0,105.978,24.075,2024-07-30 04:30:00
2024-07-30,4:45:00 AM,0,105.974,24.031,2024-07-30 04:45:00
2024-07-30,5:00:00 AM,0,105.979,23.99,2024-07-30 05:00:00
2024-07-30,5:15:00 AM,0,105.98,23.948,2024-07-30 05:15:00
2024-07-30,5:30:00 AM,0,105.965,23.908,2024-07-30 05:30:00
2024-07-30,5:45:00 AM,0,105.968,23.868,2024-07-30 05:45:00
2024-07-30,6:00:00 AM,0,105.987,23.83,2024-07-30 06:00:00
2024-07-30,6:15:00 AM,0,105.986,23.79,2024-07-30 06:15:00
2024-07-30,6:30:00 AM,0,105.99,23.754,2024-07-30 06:30:00
2024-07-30,6:45:00 AM,0,105.998,23.718,2024-07-30 06:45:00
2024-07-30,7:00:00 AM,0,105.998,23.684,2024-07-30 07:00:00
2024-07-30,7:15:00 AM,0,105.995,23.65,2024-07-30 07:15:00
2024-07-30,7:30:00 AM,0,105.999,23.618,2024-07-30 07:30:00
2024-07-30,7:45:00 AM,0,106.018,23.59,2024-07-30 07:45:00
2024-07-30,8:00:00 AM,0,106.035,23.567,2024-07-30 08:00:00
2024-07-30,8:15:00 AM,0,106.033,23.545,2024-07-30 08:15:00
2024-07-30,8:30:00 AM,0,106.039,23.527,2024-07-30 08:30:00
2024-07-30,8:45:00 AM,0,106.038,23.51,2024-07-30 08:45:00
2024-07-30,9:00:00 AM,0,106.044,23.497,2024-07-30 09:00:00
2024-07-30,9:15:00 AM,0,106.023,23.485,2024-07-30 09:15:00
2024-07-30,9:30:00 AM,0,106.015,23.482,2024-07-30 09:30:00
2024-07-30,9:45:00 AM,0,106.02,23.483,2024-07-30 09:45:00
2024-07-30,10:00:00 AM,0,106.022,23.491,2024-07-30 10:00:00
2024-07-30,10:15:00 AM,0,106.006,23.508,2024-07-30 10:15:00
2024-07-30,10:30:00 AM,0,106.006,23.53,2024-07-30 10:30:00
2024-07-30,10:45:00 AM,0,105.999,23.556,2024-07-30 10:45:00
2024-07-30,11:00:00 AM,0,105.983,23.594,2024-07-30 11:00:00
2024-07-30,11:15:00 AM,0,105.971,23.631,2024-07-30 11:15:00
2024-07-30,11:30:00 AM,0,105.961,23.677,2024-07-30 11:30:00
2024-07-30,11:45:00 AM,0,105.948,23.734,2024-07-30 11:45:00
2024-07-30,12:00:00 PM,0,105.928,23.8,2024-07-30 12:00:00
2024-07-30,12:15:00 PM,0,105.914,23.881,2024-07-30 12:15:00
2024-07-30,12:30:00 PM,0,105.902,23.961,2024-07-30 12:30:00
2024-07-30,12:45:00 PM,0,105.898,24.051,2024-07-30 12:45:00
2024-07-30,1:00:00 PM,0,105.862,24.169,2024-07-30 01:00:00
2024-07-30,1:15:00 PM,0,105.84,24.288,2024-07-30 01:15:00
2024-07-30,1:30:00 PM,0,105.809,24.395,2024-07-30 01:30:00
2024-07-30,1:45:00 PM,0,105.786,24.499,2024-07-30 01:45:00
2024-07-30,2:00:00 PM,0,105.747,24.608,2024-07-30 02:00:00
2024-07-30,2:15:00 PM,0,105.718,24.719,2024-07-30 02:15:00
2024-07-30,2:30:00 PM,0,105.688,24.838,2024-07-30 02:30:00
2024-07-30,2:45:00 PM,0,105.667,24.954,2024-07-30 02:45:00
2024-07-30,3:00:00 PM,0,105.646,25.041,2024-07-30 03:00:00
2024-07-30,3:15:00 PM,0,105.625,25.138,2024-07-30 03:15:00
2024-07-30,3:30:00 PM,0,105.586,25.226,2024-07-30 03:30:00
2024-07-30,3:45:00 PM,0,105.566,25.323,2024-07-30 03:45:00
2024-07-30,4:00:00 PM,0,105.544,25.401,2024-07-30 04:00:00
2024-07-30,4:15:00 PM,0,105.535,25.478,2024-07-30 04:15:00
2024-07-30,4:30:00 PM,0,105.516,25.556,2024-07-30 04:30:00
2024-07-30,4:45:00 PM,0,105.5,25.617,2024-07-30 04:45:00
2024-07-30,5:00:00 PM,0,105.48,25.666,2024-07-30 05:00:00
2024-07-30,5:15:00 PM,0,105.458,25.709,2024-07-30 05:15:00
2024-07-30,5:30:00 PM,0,105.44,25.757,2024-07-30 05:30:00
2024-07-30,5:45:00 PM,0,105.431,25.799,2024-07-30 05:45:00
2024-07-30,6:00:00 PM,0,105.424,25.832,2024-07-30 06:00:00
2024-07-30,6:15:00 PM,0,105.395,25.852,2024-07-30 06:15:00
2024-07-30,6:30:00 PM,0,105.387,25.873,2024-07-30 06:30:00
2024-07-30,6:45:00 PM,0,105.353,25.893,2024-07-30 06:45:00
2024-07-30,7:00:00 PM,0,105.348,25.906,2024-07-30 07:00:00
2024-07-30,7:15:00 PM,0,105.338,25.914,2024-07-30 07:15:00
2024-07-30,7:30:00 PM,0,105.327,25.927,2024-07-30 07:30:00
2024-07-30,7:45:00 PM,0,105.332,25.935,2024-07-30 07:45:00
2024-07-30,8:00:00 PM,0,105.33,25.939,2024-07-30 08:00:00
2024-07-30,8:15:00 PM,0,105.324,25.943,2024-07-30 08:15:00
2024-07-30,8:30:00 PM,0,105.315,25.946,2024-07-30 08:30:00
2024-07-30,8:45:00 PM,0,105.31,25.946,2024-07-30 08:45:00
2024-07-30,9:00:00 PM,0,105.301,25.942,2024-07-30 09:00:00
2024-07-30,9:15:00 PM,0,105.311,25.93,2024-07-30 09:15:00
2024-07-30,9:30:00 PM,0,105.33,25.913,2024-07-30 09:30:00
2024-07-30,9:45:00 PM,0,105.326,25.897,2024-07-30 09:45:00
2024-07-30,10:00:00 PM,0,105.314,25.875,2024-07-30 10:00:00
2024-07-30,10:15:00 PM,0,105.301,25.853,2024-07-30 10:15:00
2024-07-30,10:30:00 PM,0,105.281,25.825,2024-07-30 10:30:00
2024-07-30,10:45:00 PM,0,105.286,25.797,2024-07-30 10:45:00
2024-07-30,11:00:00 PM,0,105.271,25.769,2024-07-30 11:00:00
2024-07-30,11:15:00 PM,0,105.274,25.738,2024-07-30 11:15:00
2024-07-30,11:30:00 PM,0,105.283,25.709,2024-07-30 11:30:00
2024-07-30,11:45:00 PM,0,105.294,25.676,2024-07-30 11:45:00
2024-07-31,12:00:00 AM,0,105.298,25.644,2024-07-31 12:00:00
2024-07-31,12:15:00 AM,0,105.274,25.61,2024-07-31 12:15:00
2024-07-31,12:30:00 AM,0,105.258,25.578,2024-07-31 12:30:00
2024-07-31,12:45:00 AM,0,105.247,25.547,2024-07-31 12:45:00
2024-07-31,1:00:00 AM,0,105.246,25.512,2024-07-31 01:00:00
2024-07-31,1:15:00 AM,0,105.22,25.48,2024-07-31 01:15:00
2024-07-31,1:30:00 AM,0,105.232,25.448,2024-07-31 01:30:00
2024-07-31,1:45:00 AM,0,105.256,25.419,2024-07-31 01:45:00
2024-07-31,2:00:00 AM,0,105.243,25.387,2024-07-31 02:00:00
2024-07-31,2:15:00 AM,0,105.241,25.357,2024-07-31 02:15:00
2024-07-31,2:30:00 AM,0,105.234,25.324,2024-07-31 02:30:00
2024-07-31,2:45:00 AM,0,105.223,25.29,2024-07-31 02:45:00
2024-07-31,3:00:00 AM,0,105.222,25.256,2024-07-31 03:00:00
2024-07-31,3:15:00 AM,0,105.211,25.228,2024-07-31 03:15:00
2024-07-31,3:30:00 AM,0,105.202,25.194,2024-07-31 03:30:00
2024-07-31,3:45:00 AM,0,105.184,25.163,2024-07-31 03:45:00
2024-07-31,4:00:00 AM,0,105.205,25.129,2024-07-31 04:00:00
2024-07-31,4:15:00 AM,0,105.22,25.097,2024-07-31 04:15:00
2024-07-31,4:30:00 AM,0,105.224,25.065,2024-07-31 04:30:00
2024-07-31,4:45:00 AM,0,105.251,25.03,2024-07-31 04:45:00
2024-07-31,5:00:00 AM,0,105.247,25,2024-07-31 05:00:00
2024-07-31,5:15:00 AM,0,105.257,24.966,2024-07-31 05:15:00
2024-07-31,5:30:00 AM,0,105.261,24.933,2024-07-31 05:30:00
2024-07-31,5:45:00 AM,0,105.266,24.897,2024-07-31 05:45:00
2024-07-31,6:00:00 AM,0,105.282,24.86,2024-07-31 06:00:00
2024-07-31,6:15:00 AM,0,105.301,24.824,2024-07-31 06:15:00
2024-07-31,6:30:00 AM,0,105.322,24.789,2024-07-31 06:30:00
2024-07-31,6:45:00 AM,0,105.349,24.755,2024-07-31 06:45:00
2024-07-31,7:00:00 AM,0,105.356,24.721,2024-07-31 07:00:00
2024-07-31,7:15:00 AM,0,105.356,24.685,2024-07-31 07:15:00
2024-07-31,7:30:00 AM,0,105.363,24.656,2024-07-31 07:30:00
2024-07-31,7:45:00 AM,0,105.373,24.623,2024-07-31 07:45:00
2024-07-31,8:00:00 AM,0,105.361,24.592,2024-07-31 08:00:00
2024-07-31,8:15:00 AM,0,105.373,24.567,2024-07-31 08:15:00
2024-07-31,8:30:00 AM,0,105.372,24.542,2024-07-31 08:30:00
2024-07-31,8:45:00 AM,0,105.377,24.524,2024-07-31 08:45:00
2024-07-31,9:00:00 AM,0,105.386,24.505,2024-07-31 09:00:00
2024-07-31,9:15:00 AM,0,105.404,24.491,2024-07-31 09:15:00
2024-07-31,9:30:00 AM,0,105.415,24.476,2024-07-31 09:30:00
2024-07-31,9:45:00 AM,0,105.441,24.467,2024-07-31 09:45:00
2024-07-31,10:00:00 AM,0,105.433,24.466,2024-07-31 10:00:00
2024-07-31,10:15:00 AM,0,105.457,24.474,2024-07-31 10:15:00
2024-07-31,10:30:00 AM,0,105.469,24.485,2024-07-31 10:30:00
2024-07-31,10:45:00 AM,0,105.484,24.501,2024-07-31 10:45:00
2024-07-31,11:00:00 AM,0,105.487,24.52,2024-07-31 11:00:00
2024-07-31,11:15:00 AM,0,105.48,24.546,2024-07-31 11:15:00
2024-07-31,11:30:00 AM,0,105.459,24.578,2024-07-31 11:30:00
2024-07-31,11:45:00 AM,0,105.463,24.619,2024-07-31 11:45:00
2024-07-31,12:00:00 PM,0,105.463,24.665,2024-07-31 12:00:00
2024-07-31,12:15:00 PM,0,105.437,24.706,2024-07-31 12:15:00
2024-07-31,12:30:00 PM,0,105.427,24.765,2024-07-31 12:30:00
2024-07-31,12:45:00 PM,0,105.422,24.831,2024-07-31 12:45:00
2024-07-31,1:00:00 PM,0,105.413,24.921,2024-07-31 01:00:00
2024-07-31,1:15:00 PM,0,105.395,25.018,2024-07-31 01:15:00
2024-07-31,1:30:00 PM,0,105.389,25.101,2024-07-31 01:30:00
2024-07-31,1:45:00 PM,0,105.376,25.196,2024-07-31 01:45:00
2024-07-31,2:00:00 PM,0,105.377,25.282,2024-07-31 02:00:00
2024-07-31,2:15:00 PM,0,105.363,25.404,2024-07-31 02:15:00
2024-07-31,2:30:00 PM,0,105.353,25.472,2024-07-31 02:30:00
2024-07-31,2:45:00 PM,0,105.34,25.541,2024-07-31 02:45:00
2024-07-31,3:00:00 PM,0,105.318,25.632,2024-07-31 03:00:00
2024-07-31,3:15:00 PM,0,105.296,25.699,2024-07-31 03:15:00
2024-07-31,3:30:00 PM,0,105.271,25.774,2024-07-31 03:30:00
2024-07-31,3:45:00 PM,0,105.246,25.837,2024-07-31 03:45:00
2024-07-31,4:00:00 PM,0,105.221,25.9,2024-07-31 04:00:00
2024-07-31,4:15:00 PM,0,105.194,25.97,2024-07-31 04:15:00
2024-07-31,4:30:00 PM,0,105.194,26.033,2024-07-31 04:30:00
2024-07-31,4:45:00 PM,0,105.173,26.096,2024-07-31 04:45:00
2024-07-31,5:00:00 PM,0,105.155,26.147,2024-07-31 05:00:00
2024-07-31,5:15:00 PM,0,105.147,26.189,2024-07-31 05:15:00
2024-07-31,5:30:00 PM,0,105.13,26.225,2024-07-31 05:30:00
2024-07-31,5:45:00 PM,0,105.128,26.257,2024-07-31 05:45:00
2024-07-31,6:00:00 PM,0,105.129,26.285,2024-07-31 06:00:00
2024-07-31,6:15:00 PM,0,105.118,26.308,2024-07-31 06:15:00
2024-07-31,6:30:00 PM,0,105.105,26.328,2024-07-31 06:30:00
2024-07-31,6:45:00 PM,0,105.085,26.347,2024-07-31 06:45:00
2024-07-31,7:00:00 PM,0,105.098,26.362,2024-07-31 07:00:00
2024-07-31,7:15:00 PM,0,105.093,26.371,2024-07-31 07:15:00
2024-07-31,7:30:00 PM,0,105.093,26.376,2024-07-31 07:30:00
2024-07-31,7:45:00 PM,0,105.079,26.378,2024-07-31 07:45:00
2024-07-31,8:00:00 PM,0,105.063,26.376,2024-07-31 08:00:00
2024-07-31,8:15:00 PM,0,105.082,26.372,2024-07-31 08:15:00
2024-07-31,8:30:00 PM,0,105.088,26.365,2024-07-31 08:30:00
2024-07-31,8:45:00 PM,0,105.074,26.357,2024-07-31 08:45:00
2024-07-31,9:00:00 PM,0,105.078,26.348,2024-07-31 09:00:00
2024-07-31,9:15:00 PM,0,105.083,26.339,2024-07-31 09:15:00
2024-07-31,9:30:00 PM,0,105.068,26.326,2024-07-31 09:30:00
2024-07-31,9:45:00 PM,0,105.073,26.312,2024-07-31 09:45:00
2024-07-31,10:00:00 PM,0,105.065,26.297,2024-07-31 10:00:00
2024-07-31,10:15:00 PM,0,105.058,26.279,2024-07-31 10:15:00
2024-07-31,10:30:00 PM,0,105.046,26.261,2024-07-31 10:30:00
2024-07-31,10:45:00 PM,0,105.045,26.237,2024-07-31 10:45:00
2024-07-31,11:00:00 PM,0,105.038,26.212,2024-07-31 11:00:00
2024-07-31,11:15:00 PM,0,105.031,26.183,2024-07-31 11:15:00
2024-07-31,11:30:00 PM,0,105.041,26.15,2024-07-31 11:30:00
2024-07-31,11:45:00 PM,0,105.036,26.117,2024-07-31 11:45:00
2024-08-01,12:00:00 AM,0,105.033,26.082,2024-08-01 12:00:00
2024-08-01,12:15:00 AM,0,105.025,26.044,2024-08-01 12:15:00
2024-08-01,12:30:00 AM,0,105.016,26.007,2024-08-01 12:30:00
2024-08-01,12:45:00 AM,0,105.007,25.969,2024-08-01 12:45:00
2024-08-01,1:00:00 AM,0,104.997,25.93,2024-08-01 01:00:00
2024-08-01,1:15:00 AM,0,104.984,25.889,2024-08-01 01:15:00
2024-08-01,1:30:00 AM,0,104.97,25.849,2024-08-01 01:30:00
2024-08-01,1:45:00 AM,0,104.956,25.809,2024-08-01 01:45:00
2024-08-01,2:00:00 AM,0,104.94,25.771,2024-08-01 02:00:00
2024-08-01,2:15:00 AM,0,104.941,25.729,2024-08-01 02:15:00
2024-08-01,2:30:00 AM,0,104.939,25.69,2024-08-01 02:30:00
2024-08-01,2:45:00 AM,0,104.935,25.652,2024-08-01 02:45:00
2024-08-01,3:00:00 AM,0,104.929,25.611,2024-08-01 03:00:00
2024-08-01,3:15:00 AM,0,104.936,25.57,2024-08-01 03:15:00
2024-08-01,3:30:00 AM,0,104.944,25.533,2024-08-01 03:30:00
2024-08-01,3:45:00 AM,0,104.943,25.498,2024-08-01 03:45:00
2024-08-01,4:00:00 AM,0,104.952,25.459,2024-08-01 04:00:00
2024-08-01,4:15:00 AM,0,104.965,25.425,2024-08-01 04:15:00
2024-08-01,4:30:00 AM,0,104.989,25.39,2024-08-01 04:30:00
2024-08-01,4:45:00 AM,0,105.019,25.356,2024-08-01 04:45:00
2024-08-01,5:00:00 AM,0,105.035,25.321,2024-08-01 05:00:00
2024-08-01,5:15:00 AM,0,105.056,25.286,2024-08-01 05:15:00
2024-08-01,5:30:00 AM,0,105.068,25.252,2024-08-01 05:30:00
2024-08-01,5:45:00 AM,0,105.072,25.219,2024-08-01 05:45:00
2024-08-01,6:00:00 AM,0,105.08,25.188,2024-08-01 06:00:00
2024-08-01,6:15:00 AM,0,105.091,25.157,2024-08-01 06:15:00
2024-08-01,6:30:00 AM,0,105.104,25.125,2024-08-01 06:30:00
2024-08-01,6:45:00 AM,0,105.12,25.09,2024-08-01 06:45:00
2024-08-01,7:00:00 AM,0,105.154,25.062,2024-08-01 07:00:00
2024-08-01,7:15:00 AM,0,105.179,25.032,2024-08-01 07:15:00
2024-08-01,7:30:00 AM,0,105.191,25.006,2024-08-01 07:30:00
2024-08-01,7:45:00 AM,0,105.228,24.981,2024-08-01 07:45:00
2024-08-01,8:00:00 AM,0,105.26,24.959,2024-08-01 08:00:00
2024-08-01,8:15:00 AM,0,105.257,24.94,2024-08-01 08:15:00
2024-08-01,8:30:00 AM,0,105.247,24.922,2024-08-01 08:30:00
2024-08-01,8:45:00 AM,0,105.255,24.909,2024-08-01 08:45:00
2024-08-01,9:00:00 AM,0,105.262,24.896,2024-08-01 09:00:00
2024-08-01,9:15:00 AM,0,105.263,24.889,2024-08-01 09:15:00
2024-08-01,9:30:00 AM,0,105.269,24.884,2024-08-01 09:30:00
2024-08-01,9:45:00 AM,0,105.265,24.884,2024-08-01 09:45:00
2024-08-01,10:00:00 AM,0,105.27,24.89,2024-08-01 10:00:00
2024-08-01,10:15:00 AM,0,105.282,24.907,2024-08-01 10:15:00
2024-08-01,10:30:00 AM,0,105.286,24.923,2024-08-01 10:30:00
2024-08-01,10:45:00 AM,0,105.301,24.948,2024-08-01 10:45:00
2024-08-01,11:00:00 AM,0,105.305,24.969,2024-08-01 11:00:00
2024-08-01,11:15:00 AM,0,105.305,25.001,2024-08-01 11:15:00
2024-08-01,11:30:00 AM,0,105.308,25.033,2024-08-01 11:30:00
2024-08-01,11:45:00 AM,0,105.307,25.077,2024-08-01 11:45:00
2024-08-01,12:00:00 PM,0,105.308,25.123,2024-08-01 12:00:00
2024-08-01,12:15:00 PM,0,105.301,25.169,2024-08-01 12:15:00
2024-08-01,12:30:00 PM,0,105.305,25.224,2024-08-01 12:30:00
2024-08-01,12:45:00 PM,0,105.31,25.284,2024-08-01 12:45:00
2024-08-01,1:00:00 PM,0,105.302,25.34,2024-08-01 01:00:00
2024-08-01,1:15:00 PM,0,105.314,25.417,2024-08-01 01:15:00
2024-08-01,1:30:00 PM,0,105.3,25.465,2024-08-01 01:30:00
2024-08-01,1:45:00 PM,0,105.294,25.565,2024-08-01 01:45:00
2024-08-01,2:00:00 PM,0,105.291,25.648,2024-08-01 02:00:00
2024-08-01,2:15:00 PM,0,105.27,25.725,2024-08-01 02:15:00
2024-08-01,2:30:00 PM,0,105.252,25.832,2024-08-01 02:30:00
2024-08-01,2:45:00 PM,0,105.226,25.928,2024-08-01 02:45:00
2024-08-01,3:00:00 PM,0,105.199,26.007,2024-08-01 03:00:00
2024-08-01,3:15:00 PM,0,105.165,26.1,2024-08-01 03:15:00
2024-08-01,3:30:00 PM,0,105.147,26.183,2024-08-01 03:30:00
2024-08-01,3:45:00 PM,0,105.145,26.257,2024-08-01 03:45:00
2024-08-01,4:00:00 PM,0,105.145,26.33,2024-08-01 04:00:00
2024-08-01,4:15:00 PM,0,105.15,26.384,2024-08-01 04:15:00
2024-08-01,4:30:00 PM,0,105.142,26.431,2024-08-01 04:30:00
2024-08-01,4:45:00 PM,0,105.142,26.489,2024-08-01 04:45:00
2024-08-01,5:00:00 PM,0,105.117,26.529,2024-08-01 05:00:00
2024-08-01,5:15:00 PM,0,105.103,26.567,2024-08-01 05:15:00
2024-08-01,5:30:00 PM,0,105.071,26.601,2024-08-01 05:30:00
2024-08-01,5:45:00 PM,0,105.055,26.63,2024-08-01 05:45:00
2024-08-01,6:00:00 PM,0,105.006,26.656,2024-08-01 06:00:00
2024-08-01,6:15:00 PM,0,104.987,26.671,2024-08-01 06:15:00
2024-08-01,6:30:00 PM,0,104.975,26.685,2024-08-01 06:30:00
2024-08-01,6:45:00 PM,0,104.956,26.694,2024-08-01 06:45:00
2024-08-01,7:00:00 PM,0,104.949,26.7,2024-08-01 07:00:00
2024-08-01,7:15:00 PM,0,104.951,26.706,2024-08-01 07:15:00
2024-08-01,7:30:00 PM,0,104.955,26.706,2024-08-01 07:30:00
2024-08-01,7:45:00 PM,0,104.954,26.708,2024-08-01 07:45:00
2024-08-01,8:00:00 PM,0,104.944,26.7,2024-08-01 08:00:00
2024-08-01,8:15:00 PM,0,104.943,26.686,2024-08-01 08:15:00
2024-08-01,8:30:00 PM,0,104.934,26.664,2024-08-01 08:30:00
2024-08-01,8:45:00 PM,0,104.933,26.647,2024-08-01 08:45:00
2024-08-01,9:00:00 PM,0,104.938,26.626,2024-08-01 09:00:00
2024-08-01,9:15:00 PM,0,104.935,26.607,2024-08-01 09:15:00
2024-08-01,9:30:00 PM,0,104.934,26.581,2024-08-01 09:30:00
2024-08-01,9:45:00 PM,0,104.93,26.559,2024-08-01 09:45:00
2024-08-01,10:00:00 PM,0,104.925,26.532,2024-08-01 10:00:00
2024-08-01,10:15:00 PM,0,104.909,26.507,2024-08-01 10:15:00
2024-08-01,10:30:00 PM,0,104.889,26.481,2024-08-01 10:30:00
2024-08-01,10:45:00 PM,0,104.881,26.45,2024-08-01 10:45:00
2024-08-01,11:00:00 PM,0,104.862,26.416,2024-08-01 11:00:00
2024-08-01,11:15:00 PM,0,104.845,26.381,2024-08-01 11:15:00
2024-08-01,11:30:00 PM,0,104.835,26.343,2024-08-01 11:30:00
2024-08-01,11:45:00 PM,0,104.817,26.3,2024-08-01 11:45:00
2024-08-02,12:00:00 AM,0,104.813,26.256,2024-08-02 12:00:00
2024-08-02,12:15:00 AM,0,104.805,26.207,2024-08-02 12:15:00
2024-08-02,12:30:00 AM,0,104.789,26.158,2024-08-02 12:30:00
2024-08-02,12:45:00 AM,0,104.773,26.107,2024-08-02 12:45:00
2024-08-02,1:00:00 AM,0,104.763,26.058,2024-08-02 01:00:00
2024-08-02,1:15:00 AM,0,104.741,26.002,2024-08-02 01:15:00
2024-08-02,1:30:00 AM,0,104.731,25.948,2024-08-02 01:30:00
2024-08-02,1:45:00 AM,0,104.705,25.89,2024-08-02 01:45:00
2024-08-02,2:00:00 AM,0,104.699,25.836,2024-08-02 02:00:00
2024-08-02,2:15:00 AM,0,104.678,25.778,2024-08-02 02:15:00
2024-08-02,2:30:00 AM,0,104.664,25.721,2024-08-02 02:30:00
2024-08-02,2:45:00 AM,0,104.662,25.663,2024-08-02 02:45:00
2024-08-02,3:00:00 AM,0,104.653,25.605,2024-08-02 03:00:00
2024-08-02,3:15:00 AM,0,104.648,25.545,2024-08-02 03:15:00
2024-08-02,3:30:00 AM,0,104.648,25.487,2024-08-02 03:30:00
2024-08-02,3:45:00 AM,0,104.645,25.426,2024-08-02 03:45:00
2024-08-02,4:00:00 AM,0,104.639,25.365,2024-08-02 04:00:00
2024-08-02,4:15:00 AM,0,104.637,25.301,2024-08-02 04:15:00
2024-08-02,4:30:00 AM,0,104.643,25.239,2024-08-02 04:30:00
2024-08-02,4:45:00 AM,0,104.665,25.18,2024-08-02 04:45:00
2024-08-02,5:00:00 AM,0,104.682,25.121,2024-08-02 05:00:00
2024-08-02,5:15:00 AM,0,104.698,25.061,2024-08-02 05:15:00
2024-08-02,5:30:00 AM,0,104.707,25.001,2024-08-02 05:30:00
2024-08-02,5:45:00 AM,0,104.726,24.943,2024-08-02 05:45:00
2024-08-02,6:00:00 AM,0,104.774,24.886,2024-08-02 06:00:00
2024-08-02,6:15:00 AM,0,104.788,24.825,2024-08-02 06:15:00
2024-08-02,6:30:00 AM,0,104.798,24.77,2024-08-02 06:30:00
2024-08-02,6:45:00 AM,0,104.8,24.716,2024-08-02 06:45:00
2024-08-02,7:00:00 AM,0,104.809,24.662,2024-08-02 07:00:00
2024-08-02,7:15:00 AM,0,104.822,24.617,2024-08-02 07:15:00
2024-08-02,7:30:00 AM,0,104.828,24.57,2024-08-02 07:30:00
2024-08-02,7:45:00 AM,0,104.82,24.53,2024-08-02 07:45:00
2024-08-02,8:00:00 AM,0,104.811,24.496,2024-08-02 08:00:00
2024-08-02,8:15:00 AM,0,104.808,24.464,2024-08-02 08:15:00
2024-08-02,8:30:00 AM,0,104.797,24.443,2024-08-02 08:30:00
2024-08-02,8:45:00 AM,0,104.781,24.424,2024-08-02 08:45:00
2024-08-02,9:00:00 AM,0,104.782,24.411,2024-08-02 09:00:00
2024-08-02,9:15:00 AM,0,104.794,24.404,2024-08-02 09:15:00
2024-08-02,9:30:00 AM,0,104.794,24.406,2024-08-02 09:30:00
2024-08-02,9:45:00 AM,0,104.796,24.407,2024-08-02 09:45:00
2024-08-02,10:00:00 AM,0,104.797,24.417,2024-08-02 10:00:00
2024-08-02,10:15:00 AM,0,104.798,24.435,2024-08-02 10:15:00
2024-08-02,10:30:00 AM,0,104.793,24.454,2024-08-02 10:30:00
2024-08-02,10:45:00 AM,0,104.794,24.478,2024-08-02 10:45:00
2024-08-02,11:00:00 AM,0,104.795,24.503,2024-08-02 11:00:00
2024-08-02,11:15:00 AM,0,104.8,24.537,2024-08-02 11:15:00
2024-08-02,11:30:00 AM,0,104.798,24.568,2024-08-02 11:30:00
2024-08-02,11:45:00 AM,0,104.794,24.613,2024-08-02 11:45:00
2024-08-02,12:00:00 PM,0,104.782,24.661,2024-08-02 12:00:00
2024-08-02,12:15:00 PM,0,104.77,24.716,2024-08-02 12:15:00
2024-08-02,12:30:00 PM,0,104.767,24.781,2024-08-02 12:30:00
2024-08-02,12:45:00 PM,0,104.749,24.858,2024-08-02 12:45:00
2024-08-02,1:00:00 PM,0,104.74,24.937,2024-08-02 01:00:00
2024-08-02,1:15:00 PM,0,104.731,25.027,2024-08-02 01:15:00
2024-08-02,1:30:00 PM,0,104.724,25.11,2024-08-02 01:30:00
2024-08-02,1:45:00 PM,0,104.721,25.192,2024-08-02 01:45:00
2024-08-02,2:00:00 PM,0,104.71,25.273,2024-08-02 02:00:00
2024-08-02,2:15:00 PM,0,104.7,25.355,2024-08-02 02:15:00
2024-08-02,2:30:00 PM,0,104.676,25.431,2024-08-02 02:30:00
2024-08-02,2:45:00 PM,0,104.658,25.526,2024-08-02 02:45:00
2024-08-02,3:00:00 PM,0,104.615,25.6,2024-08-02 03:00:00
2024-08-02,3:15:00 PM,0,104.627,25.677,2024-08-02 03:15:00
2024-08-02,3:30:00 PM,0,104.604,25.748,2024-08-02 03:30:00
2024-08-02,3:45:00 PM,0,104.587,25.818,2024-08-02 03:45:00
2024-08-02,4:00:00 PM,0,104.589,25.893,2024-08-02 04:00:00
2024-08-02,4:15:00 PM,0,104.528,25.954,2024-08-02 04:15:00
2024-08-02,4:30:00 PM,0,104.499,26.011,2024-08-02 04:30:00
2024-08-02,4:45:00 PM,0,104.478,26.071,2024-08-02 04:45:00
2024-08-02,5:00:00 PM,0,104.45,26.122,2024-08-02 05:00:00
2024-08-02,5:15:00 PM,0,104.414,26.17,2024-08-02 05:15:00
2024-08-02,5:30:00 PM,0,104.4,26.224,2024-08-02 05:30:00
2024-08-02,5:45:00 PM,0,104.421,26.265,2024-08-02 05:45:00
2024-08-02,6:00:00 PM,0,104.429,26.293,2024-08-02 06:00:00
2024-08-02,6:15:00 PM,0,104.446,26.327,2024-08-02 06:15:00
2024-08-02,6:30:00 PM,0,104.592,26.35,2024-08-02 06:30:00
2024-08-02,6:45:00 PM,0,104.544,26.346,2024-08-02 06:45:00
2024-08-02,7:00:00 PM,0,104.455,26.314,2024-08-02 07:00:00
2024-08-02,7:15:00 PM,0,104.496,26.291,2024-08-02 07:15:00
2024-08-02,7:30:00 PM,0,104.531,26.263,2024-08-02 07:30:00
2024-08-02,7:45:00 PM,0,104.517,26.227,2024-08-02 07:45:00
2024-08-02,8:00:00 PM,0,104.46,26.182,2024-08-02 08:00:00
2024-08-02,8:15:00 PM,0,104.464,26.143,2024-08-02 08:15:00
2024-08-02,8:30:00 PM,0,104.461,26.108,2024-08-02 08:30:00
2024-08-02,8:45:00 PM,0,104.429,26.076,2024-08-02 08:45:00
2024-08-02,9:00:00 PM,0,104.382,26.041,2024-08-02 09:00:00
2024-08-02,9:15:00 PM,0,104.38,26.006,2024-08-02 09:15:00
2024-08-02,9:30:00 PM,0,104.354,25.971,2024-08-02 09:30:00
2024-08-02,9:45:00 PM,0,104.318,25.936,2024-08-02 09:45:00
2024-08-02,10:00:00 PM,0,104.338,25.899,2024-08-02 10:00:00
2024-08-02,10:15:00 PM,0,104.342,25.852,2024-08-02 10:15:00
2024-08-02,10:30:00 PM,0,104.345,25.808,2024-08-02 10:30:00
2024-08-02,10:45:00 PM,0,104.345,25.763,2024-08-02 10:45:00
2024-08-02,11:00:00 PM,0,104.313,25.723,2024-08-02 11:00:00
2024-08-02,11:15:00 PM,0,104.327,25.679,2024-08-02 11:15:00
2024-08-02,11:30:00 PM,0,104.31,25.631,2024-08-02 11:30:00
2024-08-02,11:45:00 PM,0,104.295,25.582,2024-08-02 11:45:00
2024-08-03,12:00:00 AM,0,104.297,25.539,2024-08-03 12:00:00
2024-08-03,12:15:00 AM,0,104.283,25.496,2024-08-03 12:15:00
2024-08-03,12:30:00 AM,0,104.277,25.449,2024-08-03 12:30:00
2024-08-03,12:45:00 AM,0,104.257,25.4,2024-08-03 12:45:00
2024-08-03,1:00:00 AM,0,104.244,25.345,2024-08-03 01:00:00
2024-08-03,1:15:00 AM,0,104.24,25.293,2024-08-03 01:15:00
2024-08-03,1:30:00 AM,0,104.234,25.241,2024-08-03 01:30:00
2024-08-03,1:45:00 AM,0,104.224,25.189,2024-08-03 01:45:00
2024-08-03,2:00:00 AM,0,104.218,25.139,2024-08-03 02:00:00
2024-08-03,2:15:00 AM,0,104.206,25.093,2024-08-03 02:15:00
2024-08-03,2:30:00 AM,0,104.204,25.045,2024-08-03 02:30:00
2024-08-03,2:45:00 AM,0,104.208,24.997,2024-08-03 02:45:00
2024-08-03,3:00:00 AM,0,104.222,24.945,2024-08-03 03:00:00
2024-08-03,3:15:00 AM,0,104.222,24.895,2024-08-03 03:15:00
2024-08-03,3:30:00 AM,0,104.219,24.846,2024-08-03 03:30:00
2024-08-03,3:45:00 AM,0,104.214,24.796,2024-08-03 03:45:00
2024-08-03,4:00:00 AM,0,104.212,24.746,2024-08-03 04:00:00
2024-08-03,4:15:00 AM,0,104.21,24.698,2024-08-03 04:15:00
2024-08-03,4:30:00 AM,0,104.23,24.654,2024-08-03 04:30:00
2024-08-03,4:45:00 AM,0,104.242,24.607,2024-08-03 04:45:00
2024-08-03,5:00:00 AM,0,104.256,24.562,2024-08-03 05:00:00
2024-08-03,5:15:00 AM,0,104.254,24.518,2024-08-03 05:15:00
2024-08-03,5:30:00 AM,0,104.261,24.478,2024-08-03 05:30:00
2024-08-03,5:45:00 AM,0,104.29,24.438,2024-08-03 05:45:00
2024-08-03,6:00:00 AM,0,104.306,24.395,2024-08-03 06:00:00
2024-08-03,6:15:00 AM,0,104.321,24.355,2024-08-03 06:15:00
2024-08-03,6:30:00 AM,0,104.327,24.319,2024-08-03 06:30:00
2024-08-03,6:45:00 AM,0,104.332,24.28,2024-08-03 06:45:00
2024-08-03,7:00:00 AM,0,104.338,24.246,2024-08-03 07:00:00
2024-08-03,7:15:00 AM,0,104.343,24.214,2024-08-03 07:15:00
2024-08-03,7:30:00 AM,0,104.358,24.182,2024-08-03 07:30:00
2024-08-03,7:45:00 AM,0,104.373,24.155,2024-08-03 07:45:00
2024-08-03,8:00:00 AM,0,104.382,24.133,2024-08-03 08:00:00
2024-08-03,8:15:00 AM,0,104.391,24.115,2024-08-03 08:15:00
2024-08-03,8:30:00 AM,0,104.396,24.099,2024-08-03 08:30:00
2024-08-03,8:45:00 AM,0,104.388,24.093,2024-08-03 08:45:00
2024-08-03,9:00:00 AM,0,104.392,24.091,2024-08-03 09:00:00
2024-08-03,9:15:00 AM,0,104.397,24.096,2024-08-03 09:15:00
2024-08-03,9:30:00 AM,0,104.404,24.1,2024-08-03 09:30:00
2024-08-03,9:45:00 AM,0,104.413,24.107,2024-08-03 09:45:00
2024-08-03,10:00:00 AM,0,104.424,24.118,2024-08-03 10:00:00
2024-08-03,10:15:00 AM,0,104.436,24.147,2024-08-03 10:15:00
2024-08-03,10:30:00 AM,0,104.443,24.166,2024-08-03 10:30:00
2024-08-03,10:45:00 AM,0,104.447,24.192,2024-08-03 10:45:00
2024-08-03,11:00:00 AM,0,104.448,24.221,2024-08-03 11:00:00
2024-08-03,11:15:00 AM,0,104.446,24.259,2024-08-03 11:15:00
2024-08-03,11:30:00 AM,0,104.45,24.298,2024-08-03 11:30:00
2024-08-03,11:45:00 AM,0,104.46,24.347,2024-08-03 11:45:00
2024-08-03,12:00:00 PM,0,104.455,24.386,2024-08-03 12:00:00
2024-08-03,12:15:00 PM,0,104.464,24.45,2024-08-03 12:15:00
2024-08-03,12:30:00 PM,0,104.458,24.503,2024-08-03 12:30:00
2024-08-03,12:45:00 PM,0,104.46,24.578,2024-08-03 12:45:00
2024-08-03,1:00:00 PM,0,104.463,24.655,2024-08-03 01:00:00
2024-08-03,1:15:00 PM,0,104.471,24.743,2024-08-03 01:15:00
2024-08-03,1:30:00 PM,0,104.457,24.808,2024-08-03 01:30:00
2024-08-03,1:45:00 PM,0,104.439,24.838,2024-08-03 01:45:00
2024-08-03,2:00:00 PM,0,104.415,24.909,2024-08-03 02:00:00
2024-08-03,2:15:00 PM,0,104.387,24.994,2024-08-03 02:15:00
2024-08-03,2:30:00 PM,0,104.367,25.053,2024-08-03 02:30:00
2024-08-03,2:45:00 PM,0,104.342,25.103,2024-08-03 02:45:00
2024-08-03,3:00:00 PM,0,104.338,25.189,2024-08-03 03:00:00
2024-08-03,3:15:00 PM,0,104.322,25.232,2024-08-03 03:15:00
2024-08-03,3:30:00 PM,0,104.323,25.281,2024-08-03 03:30:00
2024-08-03,3:45:00 PM,0,104.314,25.359,2024-08-03 03:45:00
2024-08-03,4:00:00 PM,0,104.297,25.408,2024-08-03 04:00:00
2024-08-03,4:15:00 PM,0,104.29,25.46,2024-08-03 04:15:00
2024-08-03,4:30:00 PM,0,104.295,25.512,2024-08-03 04:30:00
2024-08-03,4:45:00 PM,0,104.283,25.562,2024-08-03 04:45:00
2024-08-03,5:00:00 PM,0,104.262,25.611,2024-08-03 05:00:00
2024-08-03,5:15:00 PM,0,104.243,25.652,2024-08-03 05:15:00
2024-08-03,5:30:00 PM,0,104.217,25.69,2024-08-03 05:30:00
2024-08-03,5:45:00 PM,0,104.194,25.723,2024-08-03 05:45:00
2024-08-03,6:00:00 PM,0,104.179,25.749,2024-08-03 06:00:00
2024-08-03,6:15:00 PM,0,104.176,25.774,2024-08-03 06:15:00
2024-08-03,6:30:00 PM,0,104.17,25.797,2024-08-03 06:30:00
2024-08-03,6:45:00 PM,0,104.181,25.817,2024-08-03 06:45:00
2024-08-03,7:00:00 PM,0,104.17,25.833,2024-08-03 07:00:00
2024-08-03,7:15:00 PM,0,104.176,25.846,2024-08-03 07:15:00
2024-08-03,7:30:00 PM,0,104.176,25.86,2024-08-03 07:30:00
2024-08-03,7:45:00 PM,0,104.169,25.866,2024-08-03 07:45:00
2024-08-03,8:00:00 PM,0,104.171,25.869,2024-08-03 08:00:00
2024-08-03,8:15:00 PM,0,104.163,25.865,2024-08-03 08:15:00
2024-08-03,8:30:00 PM,0,104.177,25.855,2024-08-03 08:30:00
2024-08-03,8:45:00 PM,0,104.173,25.837,2024-08-03 08:45:00
2024-08-03,9:00:00 PM,0,104.171,25.817,2024-08-03 09:00:00
2024-08-03,9:15:00 PM,0,104.176,25.791,2024-08-03 09:15:00
2024-08-03,9:30:00 PM,0,104.181,25.766,2024-08-03 09:30:00
2024-08-03,9:45:00 PM,0,104.178,25.741,2024-08-03 09:45:00
2024-08-03,10:00:00 PM,0,104.18,25.713,2024-08-03 10:00:00
2024-08-03,10:15:00 PM,0,104.17,25.687,2024-08-03 10:15:00
2024-08-03,10:30:00 PM,0,104.157,25.656,2024-08-03 10:30:00
2024-08-03,10:45:00 PM,0,104.147,25.631,2024-08-03 10:45:00
2024-08-03,11:00:00 PM,0,104.126,25.603,2024-08-03 11:00:00
2024-08-03,11:15:00 PM,0,104.126,25.572,2024-08-03 11:15:00
2024-08-03,11:30:00 PM,0,104.12,25.543,2024-08-03 11:30:00
2024-08-03,11:45:00 PM,0,104.109,25.506,2024-08-03 11:45:00
2024-08-04,12:00:00 AM,0,104.107,25.472,2024-08-04 12:00:00
2024-08-04,12:15:00 AM,0,104.088,25.436,2024-08-04 12:15:00
2024-08-04,12:30:00 AM,0,104.074,25.394,2024-08-04 12:30:00
2024-08-04,12:45:00 AM,0,104.065,25.355,2024-08-04 12:45:00
2024-08-04,1:00:00 AM,0,104.043,25.31,2024-08-04 01:00:00
2024-08-04,1:15:00 AM,0,104.03,25.266,2024-08-04 01:15:00
2024-08-04,1:30:00 AM,0,104.02,25.217,2024-08-04 01:30:00
2024-08-04,1:45:00 AM,0,104.011,25.172,2024-08-04 01:45:00
2024-08-04,2:00:00 AM,0,104.009,25.122,2024-08-04 02:00:00
2024-08-04,2:15:00 AM,0,104.007,25.075,2024-08-04 02:15:00
2024-08-04,2:30:00 AM,0,103.994,25.027,2024-08-04 02:30:00
2024-08-04,2:45:00 AM,0,103.986,24.976,2024-08-04 02:45:00
2024-08-04,3:00:00 AM,0,103.965,24.925,2024-08-04 03:00:00
2024-08-04,3:15:00 AM,0,103.953,24.875,2024-08-04 03:15:00
2024-08-04,3:30:00 AM,0,103.96,24.824,2024-08-04 03:30:00
2024-08-04,3:45:00 AM,0,103.956,24.773,2024-08-04 03:45:00
2024-08-04,4:00:00 AM,0,103.963,24.721,2024-08-04 04:00:00
2024-08-04,4:15:00 AM,0,103.983,24.672,2024-08-04 04:15:00
2024-08-04,4:30:00 AM,0,103.988,24.622,2024-08-04 04:30:00
2024-08-04,4:45:00 AM,0,104.017,24.575,2024-08-04 04:45:00
2024-08-04,5:00:00 AM,0,104.034,24.525,2024-08-04 05:00:00
2024-08-04,5:15:00 AM,0,104.048,24.473,2024-08-04 05:15:00
2024-08-04,5:30:00 AM,0,104.055,24.425,2024-08-04 05:30:00
2024-08-04,5:45:00 AM,0,104.055,24.38,2024-08-04 05:45:00
2024-08-04,6:00:00 AM,0,104.076,24.33,2024-08-04 06:00:00
2024-08-04,6:15:00 AM,0,104.101,24.28,2024-08-04 06:15:00
2024-08-04,6:30:00 AM,0,104.12,24.236,2024-08-04 06:30:00
2024-08-04,6:45:00 AM,0,104.137,24.191,2024-08-04 06:45:00
2024-08-04,7:00:00 AM,0,104.157,24.153,2024-08-04 07:00:00
2024-08-04,7:15:00 AM,0,104.165,24.11,2024-08-04 07:15:00
2024-08-04,7:30:00 AM,0,104.204,24.075,2024-08-04 07:30:00
2024-08-04,7:45:00 AM,0,104.212,24.043,2024-08-04 07:45:00
2024-08-04,8:00:00 AM,0,104.234,24.015,2024-08-04 08:00:00
2024-08-04,8:15:00 AM,0,104.247,23.993,2024-08-04 08:15:00
2024-08-04,8:30:00 AM,0,104.247,23.978,2024-08-04 08:30:00
2024-08-04,8:45:00 AM,0,104.245,23.971,2024-08-04 08:45:00
2024-08-04,9:00:00 AM,0,104.249,23.967,2024-08-04 09:00:00
2024-08-04,9:15:00 AM,0,104.244,23.973,2024-08-04 09:15:00
2024-08-04,9:30:00 AM,0,104.243,23.986,2024-08-04 09:30:00
2024-08-04,9:45:00 AM,0,104.259,23.999,2024-08-04 09:45:00
2024-08-04,10:00:00 AM,0,104.273,24.017,2024-08-04 10:00:00
2024-08-04,10:15:00 AM,0,104.287,24.055,2024-08-04 10:15:00
2024-08-04,10:30:00 AM,0,104.298,24.083,2024-08-04 10:30:00
2024-08-04,10:45:00 AM,0,104.307,24.123,2024-08-04 10:45:00
2024-08-04,11:00:00 AM,0,104.304,24.157,2024-08-04 11:00:00
2024-08-04,11:15:00 AM,0,104.307,24.202,2024-08-04 11:15:00
2024-08-04,11:30:00 AM,0,104.315,24.237,2024-08-04 11:30:00
2024-08-04,11:45:00 AM,0,104.322,24.287,2024-08-04 11:45:00
2024-08-04,12:00:00 PM,0,104.321,24.331,2024-08-04 12:00:00
2024-08-04,12:15:00 PM,0,104.316,24.359,2024-08-04 12:15:00
2024-08-04,12:30:00 PM,0,104.318,24.439,2024-08-04 12:30:00
2024-08-04,12:45:00 PM,0,104.325,24.51,2024-08-04 12:45:00
2024-08-04,1:00:00 PM,0,104.327,24.587,2024-08-04 01:00:00
2024-08-04,1:15:00 PM,0,104.346,24.719,2024-08-04 01:15:00
2024-08-04,1:30:00 PM,0,104.34,24.772,2024-08-04 01:30:00
2024-08-04,1:45:00 PM,0,104.346,24.869,2024-08-04 01:45:00
2024-08-04,2:00:00 PM,0,104.349,24.932,2024-08-04 02:00:00
2024-08-04,2:15:00 PM,0,104.335,25.004,2024-08-04 02:15:00
2024-08-04,2:30:00 PM,0,104.331,25.061,2024-08-04 02:30:00
2024-08-04,2:45:00 PM,0,104.33,25.163,2024-08-04 02:45:00
2024-08-04,3:00:00 PM,0,104.311,25.206,2024-08-04 03:00:00
2024-08-04,3:15:00 PM,0,104.296,25.248,2024-08-04 03:15:00
2024-08-04,3:30:00 PM,0,104.286,25.341,2024-08-04 03:30:00
2024-08-04,3:45:00 PM,0,104.276,25.413,2024-08-04 03:45:00
2024-08-04,4:00:00 PM,0,104.268,25.459,2024-08-04 04:00:00
2024-08-04,4:15:00 PM,0,104.269,25.502,2024-08-04 04:15:00
2024-08-04,4:30:00 PM,0,104.254,25.567,2024-08-04 04:30:00
2024-08-04,4:45:00 PM,0,104.253,25.615,2024-08-04 04:45:00
2024-08-04,5:00:00 PM,0,104.241,25.649,2024-08-04 05:00:00
2024-08-04,5:15:00 PM,0,104.223,25.694,2024-08-04 05:15:00
2024-08-04,5:30:00 PM,0,104.217,25.744,2024-08-04 05:30:00
2024-08-04,5:45:00 PM,0,104.225,25.782,2024-08-04 05:45:00
2024-08-04,6:00:00 PM,0,104.214,25.814,2024-08-04 06:00:00
2024-08-04,6:15:00 PM,0,104.201,25.849,2024-08-04 06:15:00
2024-08-04,6:30:00 PM,0,104.205,25.876,2024-08-04 06:30:00
2024-08-04,6:45:00 PM,0,104.201,25.901,2024-08-04 06:45:00
2024-08-04,7:00:00 PM,0,104.204,25.924,2024-08-04 07:00:00
2024-08-04,7:15:00 PM,0,104.202,25.942,2024-08-04 07:15:00
2024-08-04,7:30:00 PM,0,104.196,25.959,2024-08-04 07:30:00
2024-08-04,7:45:00 PM,0,104.196,25.969,2024-08-04 07:45:00
2024-08-04,8:00:00 PM,0,104.203,25.977,2024-08-04 08:00:00
2024-08-04,8:15:00 PM,0,104.203,25.981,2024-08-04 08:15:00
2024-08-04,8:30:00 PM,0,104.211,25.978,2024-08-04 08:30:00
2024-08-04,8:45:00 PM,0,104.212,25.967,2024-08-04 08:45:00
2024-08-04,9:00:00 PM,0,104.203,25.952,2024-08-04 09:00:00
2024-08-04,9:15:00 PM,0,104.204,25.939,2024-08-04 09:15:00
2024-08-04,9:30:00 PM,0,104.204,25.919,2024-08-04 09:30:00
2024-08-04,9:45:00 PM,0,104.199,25.899,2024-08-04 09:45:00
2024-08-04,10:00:00 PM,0,104.2,25.872,2024-08-04 10:00:00
2024-08-04,10:15:00 PM,0,104.196,25.845,2024-08-04 10:15:00
2024-08-04,10:30:00 PM,0,104.189,25.816,2024-08-04 10:30:00
2024-08-04,10:45:00 PM,0,104.176,25.789,2024-08-04 10:45:00
2024-08-04,11:00:00 PM,0,104.162,25.756,2024-08-04 11:00:00
2024-08-04,11:15:00 PM,0,104.144,25.728,2024-08-04 11:15:00
2024-08-04,11:30:00 PM,0,104.133,25.696,2024-08-04 11:30:00
2024-08-04,11:45:00 PM,0,104.122,25.666,2024-08-04 11:45:00
2024-08-05,12:00:00 AM,0,104.117,25.632,2024-08-05 12:00:00
2024-08-05,12:15:00 AM,0,104.109,25.599,2024-08-05 12:15:00
2024-08-05,12:30:00 AM,0,104.096,25.567,2024-08-05 12:30:00
2024-08-05,12:45:00 AM,0,104.082,25.533,2024-08-05 12:45:00
2024-08-05,1:00:00 AM,0,104.061,25.497,2024-08-05 01:00:00
2024-08-05,1:15:00 AM,0,104.054,25.465,2024-08-05 01:15:00
2024-08-05,1:30:00 AM,0,104.041,25.432,2024-08-05 01:30:00
2024-08-05,1:45:00 AM,0,104.024,25.392,2024-08-05 01:45:00
2024-08-05,2:00:00 AM,0,104.013,25.356,2024-08-05 02:00:00
2024-08-05,2:15:00 AM,0,104.006,25.323,2024-08-05 02:15:00
2024-08-05,2:30:00 AM,0,103.998,25.286,2024-08-05 02:30:00
2024-08-05,2:45:00 AM,0,103.996,25.248,2024-08-05 02:45:00
2024-08-05,3:00:00 AM,0,103.992,25.21,2024-08-05 03:00:00
2024-08-05,3:15:00 AM,0,103.985,25.168,2024-08-05 03:15:00
2024-08-05,3:30:00 AM,0,103.981,25.123,2024-08-05 03:30:00
2024-08-05,3:45:00 AM,0,103.981,25.08,2024-08-05 03:45:00
2024-08-05,4:00:00 AM,0,103.983,25.034,2024-08-05 04:00:00
2024-08-05,4:15:00 AM,0,103.999,24.988,2024-08-05 04:15:00
2024-08-05,4:30:00 AM,0,104.021,24.941,2024-08-05 04:30:00
2024-08-05,4:45:00 AM,0,104.027,24.893,2024-08-05 04:45:00
2024-08-05,5:00:00 AM,0,104.05,24.848,2024-08-05 05:00:00
2024-08-05,5:15:00 AM,0,104.076,24.802,2024-08-05 05:15:00
2024-08-05,5:30:00 AM,0,104.11,24.761,2024-08-05 05:30:00
2024-08-05,5:45:00 AM,0,104.121,24.716,2024-08-05 05:45:00
2024-08-05,6:00:00 AM,0,104.148,24.671,2024-08-05 06:00:00
2024-08-05,6:15:00 AM,0,104.163,24.627,2024-08-05 06:15:00
2024-08-05,6:30:00 AM,0,104.181,24.583,2024-08-05 06:30:00
2024-08-05,6:45:00 AM,0,104.2,24.543,2024-08-05 06:45:00
2024-08-05,7:00:00 AM,0,104.211,24.506,2024-08-05 07:00:00
2024-08-05,7:15:00 AM,0,104.227,24.469,2024-08-05 07:15:00
2024-08-05,7:30:00 AM,0,104.234,24.437,2024-08-05 07:30:00
2024-08-05,7:45:00 AM,0,104.245,24.409,2024-08-05 07:45:00
2024-08-05,8:00:00 AM,0,104.261,24.386,2024-08-05 08:00:00
2024-08-05,8:15:00 AM,0,104.273,24.363,2024-08-05 08:15:00
2024-08-05,8:30:00 AM,0,104.28,24.348,2024-08-05 08:30:00
2024-08-05,8:45:00 AM,0,104.292,24.341,2024-08-05 08:45:00
2024-08-05,9:00:00 AM,0,104.301,24.339,2024-08-05 09:00:00
2024-08-05,9:15:00 AM,0,104.303,24.345,2024-08-05 09:15:00
2024-08-05,9:30:00 AM,0,104.316,24.354,2024-08-05 09:30:00
2024-08-05,9:45:00 AM,0,104.333,24.37,2024-08-05 09:45:00
2024-08-05,10:00:00 AM,0,104.326,24.39,2024-08-05 10:00:00
2024-08-05,10:15:00 AM,0,104.336,24.421,2024-08-05 10:15:00
2024-08-05,10:30:00 AM,0,104.343,24.449,2024-08-05 10:30:00
2024-08-05,10:45:00 AM,0,104.346,24.483,2024-08-05 10:45:00
2024-08-05,11:00:00 AM,0,104.342,24.513,2024-08-05 11:00:00
2024-08-05,11:15:00 AM,0,104.348,24.555,2024-08-05 11:15:00
2024-08-05,11:30:00 AM,0,104.354,24.602,2024-08-05 11:30:00
2024-08-05,11:45:00 AM,0,104.365,24.653,2024-08-05 11:45:00
2024-08-05,12:00:00 PM,0,104.364,24.689,2024-08-05 12:00:00
2024-08-05,12:15:00 PM,0,104.361,24.747,2024-08-05 12:15:00
2024-08-05,12:30:00 PM,0,104.361,24.816,2024-08-05 12:30:00
2024-08-05,12:45:00 PM,0,104.365,24.889,2024-08-05 12:45:00
2024-08-05,1:00:00 PM,0,104.362,24.978,2024-08-05 01:00:00
2024-08-05,1:15:00 PM,0,104.364,25.082,2024-08-05 01:15:00
2024-08-05,1:30:00 PM,0,104.356,25.165,2024-08-05 01:30:00
2024-08-05,1:45:00 PM,0,104.353,25.242,2024-08-05 01:45:00
2024-08-05,2:00:00 PM,0,104.336,25.286,2024-08-05 02:00:00
2024-08-05,2:15:00 PM,0,104.332,25.349,2024-08-05 02:15:00
2024-08-05,2:30:00 PM,0,104.319,25.401,2024-08-05 02:30:00
2024-08-05,2:45:00 PM,0,104.306,25.464,2024-08-05 02:45:00
2024-08-05,3:00:00 PM,0,104.293,25.517,2024-08-05 03:00:00
2024-08-05,3:15:00 PM,0,104.283,25.577,2024-08-05 03:15:00
2024-08-05,3:30:00 PM,0,104.266,25.622,2024-08-05 03:30:00
2024-08-05,3:45:00 PM,0,104.26,25.677,2024-08-05 03:45:00
2024-08-05,4:00:00 PM,0,104.25,25.746,2024-08-05 04:00:00
2024-08-05,4:15:00 PM,0,104.234,25.807,2024-08-05 04:15:00
2024-08-05,4:30:00 PM,0,104.221,25.871,2024-08-05 04:30:00
2024-08-05,4:45:00 PM,0,104.208,25.932,2024-08-05 04:45:00
2024-08-05,5:00:00 PM,0,104.202,25.979,2024-08-05 05:00:00
2024-08-05,5:15:00 PM,0,104.184,26.019,2024-08-05 05:15:00
2024-08-05,5:30:00 PM,0,104.172,26.06,2024-08-05 05:30:00
2024-08-05,5:45:00 PM,0,104.157,26.103,2024-08-05 05:45:00
2024-08-05,6:00:00 PM,0,104.139,26.146,2024-08-05 06:00:00
2024-08-05,6:15:00 PM,0,104.138,26.185,2024-08-05 06:15:00
2024-08-05,6:30:00 PM,0,104.141,26.221,2024-08-05 06:30:00
2024-08-05,6:45:00 PM,0,104.138,26.258,2024-08-05 06:45:00
2024-08-05,7:00:00 PM,0,104.14,26.285,2024-08-05 07:00:00
2024-08-05,7:15:00 PM,0,104.134,26.305,2024-08-05 07:15:00
2024-08-05,7:30:00 PM,0,104.136,26.32,2024-08-05 07:30:00
2024-08-05,7:45:00 PM,0,104.13,26.333,2024-08-05 07:45:00
2024-08-05,8:00:00 PM,0,104.126,26.339,2024-08-05 08:00:00
2024-08-05,8:15:00 PM,0,104.119,26.34,2024-08-05 08:15:00
2024-08-05,8:30:00 PM,0,104.12,26.337,2024-08-05 08:30:00
2024-08-05,8:45:00 PM,0,104.121,26.326,2024-08-05 08:45:00
2024-08-05,9:00:00 PM,0,104.109,26.308,2024-08-05 09:00:00
2024-08-05,9:15:00 PM,0,104.111,26.285,2024-08-05 09:15:00
2024-08-05,9:30:00 PM,0,104.106,26.261,2024-08-05 09:30:00
2024-08-05,9:45:00 PM,0,104.105,26.235,2024-08-05 09:45:00
2024-08-05,10:00:00 PM,0,104.104,26.21,2024-08-05 10:00:00
2024-08-05,10:15:00 PM,0,104.094,26.181,2024-08-05 10:15:00
2024-08-05,10:30:00 PM,0,104.08,26.156,2024-08-05 10:30:00
2024-08-05,10:45:00 PM,0,104.067,26.127,2024-08-05 10:45:00
2024-08-05,11:00:00 PM,0,104.048,26.098,2024-08-05 11:00:00
2024-08-05,11:15:00 PM,0,104.037,26.067,2024-08-05 11:15:00
2024-08-05,11:30:00 PM,0,104.018,26.034,2024-08-05 11:30:00
2024-08-05,11:45:00 PM,0,104.006,26.001,2024-08-05 11:45:00
2024-08-06,12:00:00 AM,0,103.99,25.966,2024-08-06 12:00:00
2024-08-06,12:15:00 AM,0,103.975,25.929,2024-08-06 12:15:00
2024-08-06,12:30:00 AM,0,103.965,25.89,2024-08-06 12:30:00
2024-08-06,12:45:00 AM,0,103.947,25.848,2024-08-06 12:45:00
2024-08-06,1:00:00 AM,0,103.931,25.807,2024-08-06 01:00:00
2024-08-06,1:15:00 AM,0,103.91,25.764,2024-08-06 01:15:00
2024-08-06,1:30:00 AM,0,103.897,25.717,2024-08-06 01:30:00
2024-08-06,1:45:00 AM,0,103.88,25.67,2024-08-06 01:45:00
2024-08-06,2:00:00 AM,0,103.865,25.625,2024-08-06 02:00:00
2024-08-06,2:15:00 AM,0,103.852,25.58,2024-08-06 02:15:00
2024-08-06,2:30:00 AM,0,103.842,25.533,2024-08-06 02:30:00
2024-08-06,2:45:00 AM,0,103.832,25.487,2024-08-06 02:45:00
2024-08-06,3:00:00 AM,0,103.816,25.438,2024-08-06 03:00:00
2024-08-06,3:15:00 AM,0,103.812,25.39,2024-08-06 03:15:00
2024-08-06,3:30:00 AM,0,103.811,25.34,2024-08-06 03:30:00
2024-08-06,3:45:00 AM,0,103.813,25.294,2024-08-06 03:45:00
2024-08-06,4:00:00 AM,0,103.813,25.24,2024-08-06 04:00:00
2024-08-06,4:15:00 AM,0,103.829,25.189,2024-08-06 04:15:00
2024-08-06,4:30:00 AM,0,103.845,25.14,2024-08-06 04:30:00
2024-08-06,4:45:00 AM,0,103.859,25.089,2024-08-06 04:45:00
2024-08-06,5:00:00 AM,0,103.885,25.037,2024-08-06 05:00:00
2024-08-06,5:15:00 AM,0,103.904,24.984,2024-08-06 05:15:00
2024-08-06,5:30:00 AM,0,103.918,24.936,2024-08-06 05:30:00
2024-08-06,5:45:00 AM,0,103.939,24.885,2024-08-06 05:45:00
2024-08-06,6:00:00 AM,0,103.943,24.836,2024-08-06 06:00:00
2024-08-06,6:15:00 AM,0,103.955,24.788,2024-08-06 06:15:00
2024-08-06,6:30:00 AM,0,103.967,24.734,2024-08-06 06:30:00
2024-08-06,6:45:00 AM,0,103.99,24.686,2024-08-06 06:45:00
2024-08-06,7:00:00 AM,0,104.002,24.639,2024-08-06 07:00:00
2024-08-06,7:15:00 AM,0,104.012,24.595,2024-08-06 07:15:00
2024-08-06,7:30:00 AM,0,104.022,24.557,2024-08-06 07:30:00
2024-08-06,7:45:00 AM,0,104.029,24.52,2024-08-06 07:45:00
2024-08-06,8:00:00 AM,0,104.033,24.491,2024-08-06 08:00:00
2024-08-06,8:15:00 AM,0,104.033,24.464,2024-08-06 08:15:00
2024-08-06,8:30:00 AM,0,104.037,24.446,2024-08-06 08:30:00
2024-08-06,8:45:00 AM,0,104.036,24.432,2024-08-06 08:45:00
2024-08-06,9:00:00 AM,0,104.044,24.425,2024-08-06 09:00:00
2024-08-06,9:15:00 AM,0,104.046,24.426,2024-08-06 09:15:00
2024-08-06,9:30:00 AM,0,104.052,24.432,2024-08-06 09:30:00
2024-08-06,9:45:00 AM,0,104.058,24.441,2024-08-06 09:45:00
2024-08-06,10:00:00 AM,0,104.069,24.455,2024-08-06 10:00:00
2024-08-06,10:15:00 AM,0,104.08,24.487,2024-08-06 10:15:00
2024-08-06,10:30:00 AM,0,104.074,24.512,2024-08-06 10:30:00
2024-08-06,10:45:00 AM,0,104.081,24.547,2024-08-06 10:45:00
2024-08-06,11:00:00 AM,0,104.086,24.578,2024-08-06 11:00:00
2024-08-06,11:15:00 AM,0,104.092,24.62,2024-08-06 11:15:00
2024-08-06,11:30:00 AM,0,104.093,24.668,2024-08-06 11:30:00
2024-08-06,11:45:00 AM,0,104.095,24.729,2024-08-06 11:45:00
2024-08-06,12:00:00 PM,0,104.098,24.8,2024-08-06 12:00:00
2024-08-06,12:15:00 PM,0,104.092,24.85,2024-08-06 12:15:00
2024-08-06,12:30:00 PM,0,104.083,24.907,2024-08-06 12:30:00
2024-08-06,12:45:00 PM,0,104.086,24.979,2024-08-06 12:45:00
2024-08-06,1:00:00 PM,0,104.082,25.043,2024-08-06 01:00:00
2024-08-06,1:15:00 PM,0,104.081,25.155,2024-08-06 01:15:00
2024-08-06,1:30:00 PM,0,104.076,25.208,2024-08-06 01:30:00
2024-08-06,1:45:00 PM,0,104.064,25.31,2024-08-06 01:45:00
2024-08-06,2:00:00 PM,0,104.064,25.396,2024-08-06 02:00:00
2024-08-06,2:15:00 PM,0,104.046,25.443,2024-08-06 02:15:00
2024-08-06,2:30:00 PM,0,104.034,25.519,2024-08-06 02:30:00
2024-08-06,2:45:00 PM,0,104.019,25.601,2024-08-06 02:45:00
2024-08-06,3:00:00 PM,0,104.001,25.667,2024-08-06 03:00:00
2024-08-06,3:15:00 PM,0,103.991,25.73,2024-08-06 03:15:00
2024-08-06,3:30:00 PM,0,103.973,25.79,2024-08-06 03:30:00
2024-08-06,3:45:00 PM,0,103.955,25.856,2024-08-06 03:45:00
2024-08-06,4:00:00 PM,0,103.94,25.919,2024-08-06 04:00:00
2024-08-06,4:15:00 PM,0,103.922,25.978,2024-08-06 04:15:00
2024-08-06,4:30:00 PM,0,103.898,26.038,2024-08-06 04:30:00
2024-08-06,4:45:00 PM,0,103.881,26.087,2024-08-06 04:45:00
2024-08-06,5:00:00 PM,0,103.857,26.126,2024-08-06 05:00:00
2024-08-06,5:15:00 PM,0,103.845,26.159,2024-08-06 05:15:00
2024-08-06,5:30:00 PM,0,103.833,26.196,2024-08-06 05:30:00
2024-08-06,5:45:00 PM,0,103.815,26.23,2024-08-06 05:45:00
2024-08-06,6:00:00 PM,0,103.795,26.263,2024-08-06 06:00:00
2024-08-06,6:15:00 PM,0,103.796,26.295,2024-08-06 06:15:00
2024-08-06,6:30:00 PM,0,103.782,26.322,2024-08-06 06:30:00
2024-08-06,6:45:00 PM,0,103.774,26.345,2024-08-06 06:45:00
2024-08-06,7:00:00 PM,0,103.768,26.366,2024-08-06 07:00:00
2024-08-06,7:15:00 PM,0,103.768,26.386,2024-08-06 07:15:00
2024-08-06,7:30:00 PM,0,103.76,26.398,2024-08-06 07:30:00
2024-08-06,7:45:00 PM,0,103.756,26.409,2024-08-06 07:45:00
2024-08-06,8:00:00 PM,0,103.754,26.415,2024-08-06 08:00:00
2024-08-06,8:15:00 PM,0,103.749,26.419,2024-08-06 08:15:00
2024-08-06,8:30:00 PM,0,103.751,26.412,2024-08-06 08:30:00
2024-08-06,8:45:00 PM,0,103.742,26.399,2024-08-06 08:45:00
2024-08-06,9:00:00 PM,0,103.727,26.387,2024-08-06 09:00:00
2024-08-06,9:15:00 PM,0,103.721,26.364,2024-08-06 09:15:00
2024-08-06,9:30:00 PM,0,103.72,26.338,2024-08-06 09:30:00
2024-08-06,9:45:00 PM,0,103.711,26.31,2024-08-06 09:45:00
2024-08-06,10:00:00 PM,0,103.705,26.277,2024-08-06 10:00:00
2024-08-06,10:15:00 PM,0,103.691,26.242,2024-08-06 10:15:00
2024-08-06,10:30:00 PM,0,103.67,26.204,2024-08-06 10:30:00
2024-08-06,10:45:00 PM,0,103.655,26.165,2024-08-06 10:45:00
2024-08-06,11:00:00 PM,0,103.637,26.128,2024-08-06 11:00:00
2024-08-06,11:15:00 PM,0,103.62,26.091,2024-08-06 11:15:00
2024-08-06,11:30:00 PM,0,103.608,26.052,2024-08-06 11:30:00
2024-08-06,11:45:00 PM,0,103.591,26.015,2024-08-06 11:45:00
2024-08-07,12:00:00 AM,0,103.578,25.975,2024-08-07 12:00:00
2024-08-07,12:15:00 AM,0,103.563,25.932,2024-08-07 12:15:00
2024-08-07,12:30:00 AM,0,103.546,25.888,2024-08-07 12:30:00
2024-08-07,12:45:00 AM,0,103.539,25.847,2024-08-07 12:45:00
2024-08-07,1:00:00 AM,0,103.523,25.804,2024-08-07 01:00:00
2024-08-07,1:15:00 AM,0,103.507,25.763,2024-08-07 01:15:00
2024-08-07,1:30:00 AM,0,103.492,25.717,2024-08-07 01:30:00
2024-08-07,1:45:00 AM,0,103.482,25.674,2024-08-07 01:45:00
2024-08-07,2:00:00 AM,0,103.47,25.628,2024-08-07 02:00:00
2024-08-07,2:15:00 AM,0,103.458,25.578,2024-08-07 02:15:00
2024-08-07,2:30:00 AM,0,103.441,25.532,2024-08-07 02:30:00
2024-08-07,2:45:00 AM,0,103.424,25.481,2024-08-07 02:45:00
2024-08-07,3:00:00 AM,0,103.408,25.43,2024-08-07 03:00:00
2024-08-07,3:15:00 AM,0,103.397,25.375,2024-08-07 03:15:00
2024-08-07,3:30:00 AM,0,103.392,25.32,2024-08-07 03:30:00
2024-08-07,3:45:00 AM,0,103.391,25.264,2024-08-07 03:45:00
2024-08-07,4:00:00 AM,0,103.432,25.208,2024-08-07 04:00:00
2024-08-07,4:15:00 AM,0,103.432,25.152,2024-08-07 04:15:00
2024-08-07,4:30:00 AM,0,103.428,25.095,2024-08-07 04:30:00
2024-08-07,4:45:00 AM,0,103.428,25.038,2024-08-07 04:45:00
2024-08-07,5:00:00 AM,0,103.446,24.978,2024-08-07 05:00:00
2024-08-07,5:15:00 AM,0,103.459,24.924,2024-08-07 05:15:00
2024-08-07,5:30:00 AM,0,103.473,24.866,2024-08-07 05:30:00
2024-08-07,5:45:00 AM,0,103.492,24.806,2024-08-07 05:45:00
2024-08-07,6:00:00 AM,0,103.502,24.75,2024-08-07 06:00:00
2024-08-07,6:15:00 AM,0,103.512,24.69,2024-08-07 06:15:00
2024-08-07,6:30:00 AM,0,103.528,24.632,2024-08-07 06:30:00
2024-08-07,6:45:00 AM,0,103.531,24.576,2024-08-07 06:45:00
2024-08-07,7:00:00 AM,0,103.544,24.524,2024-08-07 07:00:00
2024-08-07,7:15:00 AM,0,103.564,24.472,2024-08-07 07:15:00
2024-08-07,7:30:00 AM,0,103.576,24.427,2024-08-07 07:30:00
2024-08-07,7:45:00 AM,0,103.587,24.384,2024-08-07 07:45:00
2024-08-07,8:00:00 AM,0,103.594,24.346,2024-08-07 08:00:00
2024-08-07,8:15:00 AM,0,103.59,24.315,2024-08-07 08:15:00
2024-08-07,8:30:00 AM,0,103.579,24.291,2024-08-07 08:30:00
2024-08-07,8:45:00 AM,0,103.572,24.277,2024-08-07 08:45:00
2024-08-07,9:00:00 AM,0,103.57,24.266,2024-08-07 09:00:00
2024-08-07,9:15:00 AM,0,103.578,24.266,2024-08-07 09:15:00
2024-08-07,9:30:00 AM,0,103.58,24.269,2024-08-07 09:30:00
2024-08-07,9:45:00 AM,0,103.58,24.275,2024-08-07 09:45:00
2024-08-07,10:00:00 AM,0,103.582,24.291,2024-08-07 10:00:00
2024-08-07,10:15:00 AM,0,103.586,24.32,2024-08-07 10:15:00
2024-08-07,10:30:00 AM,0,103.586,24.343,2024-08-07 10:30:00
2024-08-07,10:45:00 AM,0,103.589,24.377,2024-08-07 10:45:00
2024-08-07,11:00:00 AM,0,103.586,24.41,2024-08-07 11:00:00
2024-08-07,11:15:00 AM,0,103.588,24.452,2024-08-07 11:15:00
2024-08-07,11:30:00 AM,0,103.589,24.498,2024-08-07 11:30:00
2024-08-07,11:45:00 AM,0,103.585,24.557,2024-08-07 11:45:00
2024-08-07,12:00:00 PM,0,103.586,24.628,2024-08-07 12:00:00
2024-08-07,12:15:00 PM,0,103.575,24.695,2024-08-07 12:15:00
2024-08-07,12:30:00 PM,0,103.58,24.766,2024-08-07 12:30:00
2024-08-07,12:45:00 PM,0,103.573,24.849,2024-08-07 12:45:00
2024-08-07,1:00:00 PM,0,103.575,24.954,2024-08-07 01:00:00
2024-08-07,1:15:00 PM,0,103.576,25.069,2024-08-07 01:15:00
2024-08-07,1:30:00 PM,0,103.569,25.146,2024-08-07 01:30:00
2024-08-07,1:45:00 PM,0,103.562,25.197,2024-08-07 01:45:00
2024-08-07,2:00:00 PM,0,103.555,25.285,2024-08-07 02:00:00
2024-08-07,2:15:00 PM,0,103.536,25.368,2024-08-07 02:15:00
2024-08-07,2:30:00 PM,0,103.516,25.412,2024-08-07 02:30:00
2024-08-07,2:45:00 PM,0,103.498,25.498,2024-08-07 02:45:00
2024-08-07,3:00:00 PM,0,103.479,25.566,2024-08-07 03:00:00
2024-08-07,3:15:00 PM,0,103.457,25.622,2024-08-07 03:15:00
2024-08-07,3:30:00 PM,0,103.434,25.689,2024-08-07 03:30:00
2024-08-07,3:45:00 PM,0,103.423,25.752,2024-08-07 03:45:00
2024-08-07,4:00:00 PM,0,103.412,25.813,2024-08-07 04:00:00
2024-08-07,4:15:00 PM,0,103.396,25.877,2024-08-07 04:15:00
2024-08-07,4:30:00 PM,0,103.378,25.942,2024-08-07 04:30:00
2024-08-07,4:45:00 PM,0,103.361,25.999,2024-08-07 04:45:00
2024-08-07,5:00:00 PM,0,103.344,26.043,2024-08-07 05:00:00
2024-08-07,5:15:00 PM,0,103.32,26.085,2024-08-07 05:15:00
2024-08-07,5:30:00 PM,0,103.303,26.123,2024-08-07 05:30:00
2024-08-07,5:45:00 PM,0,103.288,26.16,2024-08-07 05:45:00
2024-08-07,6:00:00 PM,0,103.273,26.197,2024-08-07 06:00:00
2024-08-07,6:15:00 PM,0,103.259,26.231,2024-08-07 06:15:00
2024-08-07,6:30:00 PM,0,103.25,26.266,2024-08-07 06:30:00
2024-08-07,6:45:00 PM,0,103.249,26.299,2024-08-07 06:45:00
2024-08-07,7:00:00 PM,0,103.241,26.325,2024-08-07 07:00:00
2024-08-07,7:15:00 PM,0,103.228,26.353,2024-08-07 07:15:00
2024-08-07,7:30:00 PM,0,103.215,26.377,2024-08-07 07:30:00
2024-08-07,7:45:00 PM,0,103.215,26.398,2024-08-07 07:45:00
2024-08-07,8:00:00 PM,0,103.222,26.415,2024-08-07 08:00:00
2024-08-07,8:15:00 PM,0,103.215,26.431,2024-08-07 08:15:00
2024-08-07,8:30:00 PM,0,103.207,26.443,2024-08-07 08:30:00
2024-08-07,8:45:00 PM,0,103.211,26.449,2024-08-07 08:45:00
2024-08-07,9:00:00 PM,0,103.218,26.448,2024-08-07 09:00:00
2024-08-07,9:15:00 PM,0,103.216,26.446,2024-08-07 09:15:00
2024-08-07,9:30:00 PM,0,103.217,26.436,2024-08-07 09:30:00
2024-08-07,9:45:00 PM,0,103.222,26.422,2024-08-07 09:45:00
2024-08-07,10:00:00 PM,0,103.222,26.406,2024-08-07 10:00:00
2024-08-07,10:15:00 PM,0,103.215,26.387,2024-08-07 10:15:00
2024-08-07,10:30:00 PM,0,103.211,26.363,2024-08-07 10:30:00
2024-08-07,10:45:00 PM,0,103.206,26.343,2024-08-07 10:45:00
2024-08-07,11:00:00 PM,0,103.205,26.318,2024-08-07 11:00:00
2024-08-07,11:15:00 PM,0,103.2,26.294,2024-08-07 11:15:00
2024-08-07,11:30:00 PM,0,103.192,26.273,2024-08-07 11:30:00
2024-08-07,11:45:00 PM,0,103.186,26.253,2024-08-07 11:45:00
2024-08-08,12:00:00 AM,0,103.187,26.231,2024-08-08 12:00:00
2024-08-08,12:15:00 AM,0,103.179,26.212,2024-08-08 12:15:00
2024-08-08,12:30:00 AM,0,103.164,26.191,2024-08-08 12:30:00
2024-08-08,12:45:00 AM,0,103.141,26.161,2024-08-08 12:45:00
2024-08-08,1:00:00 AM,0,103.124,26.135,2024-08-08 01:00:00
2024-08-08,1:15:00 AM,0,103.108,26.103,2024-08-08 01:15:00
2024-08-08,1:30:00 AM,0,103.088,26.066,2024-08-08 01:30:00
2024-08-08,1:45:00 AM,0,103.071,26.027,2024-08-08 01:45:00
2024-08-08,2:00:00 AM,0,103.054,25.988,2024-08-08 02:00:00
2024-08-08,2:15:00 AM,0,103.042,25.948,2024-08-08 02:15:00
2024-08-08,2:30:00 AM,0,103.022,25.903,2024-08-08 02:30:00
2024-08-08,2:45:00 AM,0,103.016,25.857,2024-08-08 02:45:00
2024-08-08,3:00:00 AM,0,103,25.809,2024-08-08 03:00:00
2024-08-08,3:15:00 AM,0,102.989,25.757,2024-08-08 03:15:00
2024-08-08,3:30:00 AM,0,102.98,25.703,2024-08-08 03:30:00
2024-08-08,3:45:00 AM,0,102.977,25.647,2024-08-08 03:45:00
2024-08-08,4:00:00 AM,0,102.963,25.591,2024-08-08 04:00:00
2024-08-08,4:15:00 AM,0,102.953,25.533,2024-08-08 04:15:00
2024-08-08,4:30:00 AM,0,102.962,25.471,2024-08-08 04:30:00
2024-08-08,4:45:00 AM,0,102.976,25.41,2024-08-08 04:45:00
2024-08-08,5:00:00 AM,0,102.99,25.348,2024-08-08 05:00:00
2024-08-08,5:15:00 AM,0,103.004,25.284,2024-08-08 05:15:00
2024-08-08,5:30:00 AM,0,103.026,25.222,2024-08-08 05:30:00
2024-08-08,5:45:00 AM,0,103.034,25.158,2024-08-08 05:45:00
2024-08-08,6:00:00 AM,0,103.053,25.095,2024-08-08 06:00:00
2024-08-08,6:15:00 AM,0,103.076,25.032,2024-08-08 06:15:00
2024-08-08,6:30:00 AM,0,103.094,24.968,2024-08-08 06:30:00
2024-08-08,6:45:00 AM,0,103.103,24.905,2024-08-08 06:45:00
2024-08-08,7:00:00 AM,0,103.126,24.846,2024-08-08 07:00:00
2024-08-08,7:15:00 AM,0,103.152,24.787,2024-08-08 07:15:00
2024-08-08,7:30:00 AM,0,103.181,24.735,2024-08-08 07:30:00
2024-08-08,7:45:00 AM,0,103.203,24.685,2024-08-08 07:45:00
2024-08-08,8:00:00 AM,0,103.212,24.641,2024-08-08 08:00:00
2024-08-08,8:15:00 AM,0,103.224,24.6,2024-08-08 08:15:00
2024-08-08,8:30:00 AM,0,103.218,24.56,2024-08-08 08:30:00
2024-08-08,8:45:00 AM,0,103.211,24.528,2024-08-08 08:45:00
2024-08-08,9:00:00 AM,0,103.222,24.502,2024-08-08 09:00:00
2024-08-08,9:15:00 AM,0,103.224,24.474,2024-08-08 09:15:00
2024-08-08,9:30:00 AM,0,103.229,24.445,2024-08-08 09:30:00
2024-08-08,9:45:00 AM,0,103.231,24.43,2024-08-08 09:45:00
2024-08-08,10:00:00 AM,0,103.24,24.418,2024-08-08 10:00:00
2024-08-08,10:15:00 AM,0,103.255,24.394,2024-08-08 10:15:00
2024-08-08,10:30:00 AM,0,103.265,24.372,2024-08-08 10:30:00
2024-08-08,10:45:00 AM,0,103.283,24.353,2024-08-08 10:45:00
2024-08-08,11:00:00 AM,0,103.293,24.339,2024-08-08 11:00:00
2024-08-08,11:15:00 AM,0,103.287,24.34,2024-08-08 11:15:00
2024-08-08,11:30:00 AM,0,103.286,24.341,2024-08-08 11:30:00
2024-08-08,11:45:00 AM,0,103.278,24.344,2024-08-08 11:45:00
2024-08-08,12:00:00 PM,0,103.286,24.373,2024-08-08 12:00:00
2024-08-08,12:15:00 PM,0,103.3,24.412,2024-08-08 12:15:00
2024-08-08,12:30:00 PM,0,103.298,24.417,2024-08-08 12:30:00
2024-08-08,12:45:00 PM,0,103.302,24.453,2024-08-08 12:45:00
2024-08-08,1:00:00 PM,0,103.311,24.471,2024-08-08 01:00:00
2024-08-08,1:15:00 PM,0,103.312,24.46,2024-08-08 01:15:00
2024-08-08,1:30:00 PM,0,103.321,24.46,2024-08-08 01:30:00
2024-08-08,1:45:00 PM,0,103.323,24.453,2024-08-08 01:45:00
2024-08-08,2:00:00 PM,0,103.331,24.465,2024-08-08 02:00:00
2024-08-08,2:15:00 PM,0,103.336,24.488,2024-08-08 02:15:00
2024-08-08,2:30:00 PM,0,103.336,24.514,2024-08-08 02:30:00
2024-08-08,2:45:00 PM,0,103.343,24.522,2024-08-08 02:45:00
2024-08-08,3:00:00 PM,0,103.345,24.533,2024-08-08 03:00:00
2024-08-08,3:15:00 PM,0,103.345,24.552,2024-08-08 03:15:00
2024-08-08,3:30:00 PM,0,103.348,24.584,2024-08-08 03:30:00
2024-08-08,3:45:00 PM,0,103.354,24.611,2024-08-08 03:45:00
2024-08-08,4:00:00 PM,0,103.356,24.632,2024-08-08 04:00:00
2024-08-08,4:15:00 PM,0,103.355,24.659,2024-08-08 04:15:00
2024-08-08,4:30:00 PM,0,103.358,24.694,2024-08-08 04:30:00
2024-08-08,4:45:00 PM,0,103.348,24.728,2024-08-08 04:45:00
2024-08-08,5:00:00 PM,0,103.348,24.761,2024-08-08 05:00:00
2024-08-08,5:15:00 PM,0,103.353,24.792,2024-08-08 05:15:00
2024-08-08,5:30:00 PM,0,103.34,24.816,2024-08-08 05:30:00
2024-08-08,5:45:00 PM,0,103.337,24.841,2024-08-08 05:45:00
2024-08-08,6:00:00 PM,0,103.325,24.863,2024-08-08 06:00:00
2024-08-08,6:15:00 PM,0,103.318,24.875,2024-08-08 06:15:00
2024-08-08,6:30:00 PM,0,103.312,24.886,2024-08-08 06:30:00
2024-08-08,6:45:00 PM,0,103.312,24.896,2024-08-08 06:45:00
2024-08-08,7:00:00 PM,0,103.317,24.905,2024-08-08 07:00:00
2024-08-08,7:15:00 PM,0,103.322,24.909,2024-08-08 07:15:00
2024-08-08,7:30:00 PM,0,103.33,24.913,2024-08-08 07:30:00
2024-08-08,7:45:00 PM,0,103.337,24.913,2024-08-08 07:45:00
2024-08-08,8:00:00 PM,0,103.34,24.917,2024-08-08 08:00:00
2024-08-08,8:15:00 PM,0,103.342,24.918,2024-08-08 08:15:00
2024-08-08,8:30:00 PM,0,103.349,24.916,2024-08-08 08:30:00
2024-08-08,8:45:00 PM,0,103.361,24.912,2024-08-08 08:45:00
2024-08-08,9:00:00 PM,0,103.397,24.908,2024-08-08 09:00:00
2024-08-08,9:15:00 PM,0,103.413,24.903,2024-08-08 09:15:00
2024-08-08,9:30:00 PM,0,103.432,24.896,2024-08-08 09:30:00
2024-08-08,9:45:00 PM,0,103.447,24.884,2024-08-08 09:45:00
2024-08-08,10:00:00 PM,0,103.45,24.872,2024-08-08 10:00:00
2024-08-08,10:15:00 PM,0,103.453,24.857,2024-08-08 10:15:00
2024-08-08,10:30:00 PM,0,103.442,24.842,2024-08-08 10:30:00
2024-08-08,10:45:00 PM,0,103.441,24.825,2024-08-08 10:45:00
2024-08-08,11:00:00 PM,0,103.445,24.807,2024-08-08 11:00:00
2024-08-08,11:15:00 PM,0,103.44,24.787,2024-08-08 11:15:00
2024-08-08,11:30:00 PM,0,103.448,24.767,2024-08-08 11:30:00
2024-08-08,11:45:00 PM,0,103.458,24.749,2024-08-08 11:45:00
2024-08-09,12:00:00 AM,0,103.451,24.728,2024-08-09 12:00:00
2024-08-09,12:15:00 AM,0,103.448,24.71,2024-08-09 12:15:00
2024-08-09,12:30:00 AM,0,103.444,24.69,2024-08-09 12:30:00
2024-08-09,12:45:00 AM,0,103.439,24.668,2024-08-09 12:45:00
2024-08-09,1:00:00 AM,0,103.427,24.645,2024-08-09 01:00:00
2024-08-09,1:15:00 AM,0,103.423,24.624,2024-08-09 01:15:00
2024-08-09,1:30:00 AM,0,103.429,24.598,2024-08-09 01:30:00
2024-08-09,1:45:00 AM,0,103.418,24.572,2024-08-09 01:45:00
2024-08-09,2:00:00 AM,0,103.412,24.543,2024-08-09 02:00:00
2024-08-09,2:15:00 AM,0,103.417,24.518,2024-08-09 02:15:00
2024-08-09,2:30:00 AM,0,103.42,24.489,2024-08-09 02:30:00
2024-08-09,2:45:00 AM,0,103.416,24.463,2024-08-09 02:45:00
2024-08-09,3:00:00 AM,0,103.43,24.437,2024-08-09 03:00:00
2024-08-09,3:15:00 AM,0,103.454,24.407,2024-08-09 03:15:00
2024-08-09,3:30:00 AM,0,103.467,24.378,2024-08-09 03:30:00
2024-08-09,3:45:00 AM,0,103.472,24.349,2024-08-09 03:45:00
2024-08-09,4:00:00 AM,0,103.486,24.325,2024-08-09 04:00:00
2024-08-09,4:15:00 AM,0,103.497,24.295,2024-08-09 04:15:00
2024-08-09,4:30:00 AM,0,103.498,24.266,2024-08-09 04:30:00
2024-08-09,4:45:00 AM,0,103.508,24.236,2024-08-09 04:45:00
2024-08-09,5:00:00 AM,0,103.529,24.209,2024-08-09 05:00:00
2024-08-09,5:15:00 AM,0,103.549,24.182,2024-08-09 05:15:00
2024-08-09,5:30:00 AM,0,103.564,24.147,2024-08-09 05:30:00
2024-08-09,5:45:00 AM,0,103.613,24.114,2024-08-09 05:45:00
2024-08-09,6:00:00 AM,0,103.636,24.079,2024-08-09 06:00:00
2024-08-09,6:15:00 AM,0,103.65,24.049,2024-08-09 06:15:00
2024-08-09,6:30:00 AM,0,103.662,24.015,2024-08-09 06:30:00
2024-08-09,6:45:00 AM,0,103.708,23.986,2024-08-09 06:45:00
2024-08-09,7:00:00 AM,0,103.746,23.952,2024-08-09 07:00:00
2024-08-09,7:15:00 AM,0,103.768,23.924,2024-08-09 07:15:00
2024-08-09,7:30:00 AM,0,103.778,23.903,2024-08-09 07:30:00
2024-08-09,7:45:00 AM,0,103.828,23.885,2024-08-09 07:45:00
2024-08-09,8:00:00 AM,0,103.841,23.867,2024-08-09 08:00:00
2024-08-09,8:15:00 AM,0,103.857,23.857,2024-08-09 08:15:00
2024-08-09,8:30:00 AM,0,103.859,23.846,2024-08-09 08:30:00
2024-08-09,8:45:00 AM,0,103.868,23.844,2024-08-09 08:45:00
2024-08-09,9:00:00 AM,0,103.867,23.843,2024-08-09 09:00:00
2024-08-09,9:15:00 AM,0,103.873,23.848,2024-08-09 09:15:00
2024-08-09,9:30:00 AM,0,103.887,23.855,2024-08-09 09:30:00
2024-08-09,9:45:00 AM,0,103.89,23.866,2024-08-09 09:45:00
2024-08-09,10:00:00 AM,0,103.898,23.886,2024-08-09 10:00:00
2024-08-09,10:15:00 AM,0,103.918,23.914,2024-08-09 10:15:00
2024-08-09,10:30:00 AM,0,103.912,23.936,2024-08-09 10:30:00
2024-08-09,10:45:00 AM,0,103.925,23.965,2024-08-09 10:45:00
2024-08-09,11:00:00 AM,0,103.927,23.998,2024-08-09 11:00:00
2024-08-09,11:15:00 AM,0,103.93,24.038,2024-08-09 11:15:00
2024-08-09,11:30:00 AM,0,103.934,24.081,2024-08-09 11:30:00
2024-08-09,11:45:00 AM,0,103.939,24.135,2024-08-09 11:45:00
2024-08-09,12:00:00 PM,0,103.944,24.186,2024-08-09 12:00:00
2024-08-09,12:15:00 PM,0,103.942,24.215,2024-08-09 12:15:00
2024-08-09,12:30:00 PM,0,103.954,24.279,2024-08-09 12:30:00
2024-08-09,12:45:00 PM,0,103.963,24.359,2024-08-09 12:45:00
2024-08-09,1:00:00 PM,0,103.98,24.446,2024-08-09 01:00:00
2024-08-09,1:15:00 PM,0,103.997,24.528,2024-08-09 01:15:00
2024-08-09,1:30:00 PM,0,104.005,24.602,2024-08-09 01:30:00
2024-08-09,1:45:00 PM,0,104.012,24.643,2024-08-09 01:45:00
2024-08-09,2:00:00 PM,0,104.014,24.695,2024-08-09 02:00:00
2024-08-09,2:15:00 PM,0,104.017,24.736,2024-08-09 02:15:00
2024-08-09,2:30:00 PM,0,104.009,24.776,2024-08-09 02:30:00
2024-08-09,2:45:00 PM,0,104.01,24.843,2024-08-09 02:45:00
2024-08-09,3:00:00 PM,0,104.011,24.91,2024-08-09 03:00:00
2024-08-09,3:15:00 PM,0,104.005,24.961,2024-08-09 03:15:00
2024-08-09,3:30:00 PM,0,104.013,25.047,2024-08-09 03:30:00
2024-08-09,3:45:00 PM,0,104.012,25.119,2024-08-09 03:45:00
2024-08-09,4:00:00 PM,0,104.015,25.178,2024-08-09 04:00:00
2024-08-09,4:15:00 PM,0,104.021,25.251,2024-08-09 04:15:00
2024-08-09,4:30:00 PM,0,104.022,25.325,2024-08-09 04:30:00
2024-08-09,4:45:00 PM,0,104.014,25.386,2024-08-09 04:45:00
2024-08-09,5:00:00 PM,0,104.005,25.433,2024-08-09 05:00:00
2024-08-09,5:15:00 PM,0,103.999,25.471,2024-08-09 05:15:00
2024-08-09,5:30:00 PM,0,103.992,25.512,2024-08-09 05:30:00
2024-08-09,5:45:00 PM,0,103.98,25.548,2024-08-09 05:45:00
2024-08-09,6:00:00 PM,0,103.994,25.589,2024-08-09 06:00:00
2024-08-09,6:15:00 PM,0,103.989,25.633,2024-08-09 06:15:00
2024-08-09,6:30:00 PM,0,103.987,25.666,2024-08-09 06:30:00
2024-08-09,6:45:00 PM,0,103.986,25.694,2024-08-09 06:45:00
2024-08-09,7:00:00 PM,0,103.981,25.715,2024-08-09 07:00:00
2024-08-09,7:15:00 PM,0,103.982,25.73,2024-08-09 07:15:00
2024-08-09,7:30:00 PM,0,103.976,25.744,2024-08-09 07:30:00
2024-08-09,7:45:00 PM,0,103.981,25.751,2024-08-09 07:45:00
2024-08-09,8:00:00 PM,0,103.989,25.748,2024-08-09 08:00:00
2024-08-09,8:15:00 PM,0,103.991,25.741,2024-08-09 08:15:00
2024-08-09,8:30:00 PM,0,103.995,25.728,2024-08-09 08:30:00
2024-08-09,8:45:00 PM,0,103.988,25.711,2024-08-09 08:45:00
2024-08-09,9:00:00 PM,0,103.985,25.692,2024-08-09 09:00:00
2024-08-09,9:15:00 PM,0,103.974,25.667,2024-08-09 09:15:00
2024-08-09,9:30:00 PM,0,103.974,25.638,2024-08-09 09:30:00
2024-08-09,9:45:00 PM,0,103.967,25.602,2024-08-09 09:45:00
2024-08-09,10:00:00 PM,0,103.96,25.565,2024-08-09 10:00:00
2024-08-09,10:15:00 PM,0,103.95,25.527,2024-08-09 10:15:00
2024-08-09,10:30:00 PM,0,103.931,25.494,2024-08-09 10:30:00
2024-08-09,10:45:00 PM,0,103.923,25.461,2024-08-09 10:45:00
2024-08-09,11:00:00 PM,0,103.911,25.429,2024-08-09 11:00:00
2024-08-09,11:15:00 PM,0,103.905,25.39,2024-08-09 11:15:00
2024-08-09,11:30:00 PM,0,103.902,25.346,2024-08-09 11:30:00
2024-08-09,11:45:00 PM,0,103.897,25.302,2024-08-09 11:45:00
2024-08-10,12:00:00 AM,0,103.888,25.256,2024-08-10 12:00:00
2024-08-10,12:15:00 AM,0,103.911,25.208,2024-08-10 12:15:00
2024-08-10,12:30:00 AM,0,103.904,25.161,2024-08-10 12:30:00
2024-08-10,12:45:00 AM,0,103.906,25.11,2024-08-10 12:45:00
2024-08-10,1:00:00 AM,0,103.91,25.058,2024-08-10 01:00:00
2024-08-10,1:15:00 AM,0,103.917,25.006,2024-08-10 01:15:00
2024-08-10,1:30:00 AM,0,103.918,24.952,2024-08-10 01:30:00
2024-08-10,1:45:00 AM,0,103.903,24.902,2024-08-10 01:45:00
2024-08-10,2:00:00 AM,0,103.904,24.85,2024-08-10 02:00:00
2024-08-10,2:15:00 AM,0,103.898,24.8,2024-08-10 02:15:00
2024-08-10,2:30:00 AM,0,103.903,24.745,2024-08-10 02:30:00
2024-08-10,2:45:00 AM,0,103.904,24.693,2024-08-10 02:45:00
2024-08-10,3:00:00 AM,0,103.905,24.637,2024-08-10 03:00:00
2024-08-10,3:15:00 AM,0,103.896,24.585,2024-08-10 03:15:00
2024-08-10,3:30:00 AM,0,103.91,24.529,2024-08-10 03:30:00
2024-08-10,3:45:00 AM,0,103.919,24.475,2024-08-10 03:45:00
2024-08-10,4:00:00 AM,0,103.936,24.42,2024-08-10 04:00:00
2024-08-10,4:15:00 AM,0,103.952,24.362,2024-08-10 04:15:00
2024-08-10,4:30:00 AM,0,103.962,24.307,2024-08-10 04:30:00
2024-08-10,4:45:00 AM,0,103.98,24.248,2024-08-10 04:45:00
2024-08-10,5:00:00 AM,0,103.991,24.191,2024-08-10 05:00:00
2024-08-10,5:15:00 AM,0,104.018,24.132,2024-08-10 05:15:00
2024-08-10,5:30:00 AM,0,104.028,24.075,2024-08-10 05:30:00
2024-08-10,5:45:00 AM,0,104.033,24.016,2024-08-10 05:45:00
2024-08-10,6:00:00 AM,0,104.065,23.957,2024-08-10 06:00:00
2024-08-10,6:15:00 AM,0,104.074,23.894,2024-08-10 06:15:00
2024-08-10,6:30:00 AM,0,104.091,23.839,2024-08-10 06:30:00
2024-08-10,6:45:00 AM,0,104.112,23.785,2024-08-10 06:45:00
2024-08-10,7:00:00 AM,0,104.138,23.737,2024-08-10 07:00:00
2024-08-10,7:15:00 AM,0,104.139,23.687,2024-08-10 07:15:00
2024-08-10,7:30:00 AM,0,104.152,23.64,2024-08-10 07:30:00
2024-08-10,7:45:00 AM,0,104.171,23.603,2024-08-10 07:45:00
2024-08-10,8:00:00 AM,0,104.189,23.569,2024-08-10 08:00:00
2024-08-10,8:15:00 AM,0,104.198,23.54,2024-08-10 08:15:00
2024-08-10,8:30:00 AM,0,104.217,23.52,2024-08-10 08:30:00
2024-08-10,8:45:00 AM,0,104.234,23.506,2024-08-10 08:45:00
2024-08-10,9:00:00 AM,0,104.253,23.495,2024-08-10 09:00:00
2024-08-10,9:15:00 AM,0,104.27,23.495,2024-08-10 09:15:00
2024-08-10,9:30:00 AM,0,104.286,23.493,2024-08-10 09:30:00
2024-08-10,9:45:00 AM,0,104.304,23.496,2024-08-10 09:45:00
2024-08-10,10:00:00 AM,0,104.314,23.512,2024-08-10 10:00:00
2024-08-10,10:15:00 AM,0,104.329,23.533,2024-08-10 10:15:00
2024-08-10,10:30:00 AM,0,104.337,23.551,2024-08-10 10:30:00
2024-08-10,10:45:00 AM,0,104.344,23.575,2024-08-10 10:45:00
2024-08-10,11:00:00 AM,0,104.347,23.609,2024-08-10 11:00:00
2024-08-10,11:15:00 AM,0,104.353,23.644,2024-08-10 11:15:00
2024-08-10,11:30:00 AM,0,104.352,23.689,2024-08-10 11:30:00
2024-08-10,11:45:00 AM,0,104.351,23.743,2024-08-10 11:45:00
2024-08-10,12:00:00 PM,0,104.359,23.806,2024-08-10 12:00:00
2024-08-10,12:15:00 PM,0,104.363,23.863,2024-08-10 12:15:00
2024-08-10,12:30:00 PM,0,104.362,23.917,2024-08-10 12:30:00
2024-08-10,12:45:00 PM,0,104.354,23.981,2024-08-10 12:45:00
2024-08-10,1:00:00 PM,0,104.355,24.078,2024-08-10 01:00:00
2024-08-10,1:15:00 PM,0,104.365,24.138,2024-08-10 01:15:00
2024-08-10,1:30:00 PM,0,104.362,24.203,2024-08-10 01:30:00
2024-08-10,1:45:00 PM,0,104.37,24.311,2024-08-10 01:45:00
2024-08-10,2:00:00 PM,0,104.361,24.367,2024-08-10 02:00:00
2024-08-10,2:15:00 PM,0,104.351,24.417,2024-08-10 02:15:00
2024-08-10,2:30:00 PM,0,104.351,24.467,2024-08-10 02:30:00
2024-08-10,2:45:00 PM,0,104.332,24.545,2024-08-10 02:45:00
2024-08-10,3:00:00 PM,0,104.322,24.602,2024-08-10 03:00:00
2024-08-10,3:15:00 PM,0,104.323,24.646,2024-08-10 03:15:00
2024-08-10,3:30:00 PM,0,104.311,24.709,2024-08-10 03:30:00
2024-08-10,3:45:00 PM,0,104.308,24.771,2024-08-10 03:45:00
2024-08-10,4:00:00 PM,0,104.298,24.82,2024-08-10 04:00:00
2024-08-10,4:15:00 PM,0,104.299,24.868,2024-08-10 04:15:00
2024-08-10,4:30:00 PM,0,104.297,24.92,2024-08-10 04:30:00
2024-08-10,4:45:00 PM,0,104.292,24.965,2024-08-10 04:45:00
2024-08-10,5:00:00 PM,0,104.275,25,2024-08-10 05:00:00
2024-08-10,5:15:00 PM,0,104.263,25.032,2024-08-10 05:15:00
2024-08-10,5:30:00 PM,0,104.243,25.062,2024-08-10 05:30:00
2024-08-10,5:45:00 PM,0,104.238,25.093,2024-08-10 05:45:00
2024-08-10,6:00:00 PM,0,104.226,25.126,2024-08-10 06:00:00
2024-08-10,6:15:00 PM,0,104.23,25.159,2024-08-10 06:15:00
2024-08-10,6:30:00 PM,0,104.23,25.19,2024-08-10 06:30:00
2024-08-10,6:45:00 PM,0,104.235,25.216,2024-08-10 06:45:00
2024-08-10,7:00:00 PM,0,104.245,25.236,2024-08-10 07:00:00
2024-08-10,7:15:00 PM,0,104.247,25.255,2024-08-10 07:15:00
2024-08-10,7:30:00 PM,0,104.248,25.259,2024-08-10 07:30:00
2024-08-10,7:45:00 PM,0,104.241,25.252,2024-08-10 07:45:00
2024-08-10,8:00:00 PM,0,104.236,25.24,2024-08-10 08:00:00
2024-08-10,8:15:00 PM,0,104.227,25.228,2024-08-10 08:15:00
2024-08-10,8:30:00 PM,0,104.228,25.207,2024-08-10 08:30:00
2024-08-10,8:45:00 PM,0,104.233,25.182,2024-08-10 08:45:00
2024-08-10,9:00:00 PM,0,104.238,25.147,2024-08-10 09:00:00
2024-08-10,9:15:00 PM,0,104.234,25.109,2024-08-10 09:15:00
2024-08-10,9:30:00 PM,0,104.231,25.068,2024-08-10 09:30:00
2024-08-10,9:45:00 PM,0,104.206,25.024,2024-08-10 09:45:00
2024-08-10,10:00:00 PM,0,104.195,24.983,2024-08-10 10:00:00
2024-08-10,10:15:00 PM,0,104.175,24.936,2024-08-10 10:15:00
2024-08-10,10:30:00 PM,0,104.159,24.885,2024-08-10 10:30:00
2024-08-10,10:45:00 PM,0,104.139,24.833,2024-08-10 10:45:00
2024-08-10,11:00:00 PM,0,104.129,24.773,2024-08-10 11:00:00
2024-08-10,11:15:00 PM,0,104.103,24.714,2024-08-10 11:15:00
2024-08-10,11:30:00 PM,0,104.085,24.655,2024-08-10 11:30:00
2024-08-10,11:45:00 PM,0,104.075,24.597,2024-08-10 11:45:00
2024-08-11,12:00:00 AM,0,104.063,24.533,2024-08-11 12:00:00
2024-08-11,12:15:00 AM,0,104.05,24.476,2024-08-11 12:15:00
2024-08-11,12:30:00 AM,0,104.037,24.421,2024-08-11 12:30:00
2024-08-11,12:45:00 AM,0,104.022,24.363,2024-08-11 12:45:00
2024-08-11,1:00:00 AM,0,104.01,24.307,2024-08-11 01:00:00
2024-08-11,1:15:00 AM,0,103.983,24.249,2024-08-11 01:15:00
2024-08-11,1:30:00 AM,0,103.97,24.188,2024-08-11 01:30:00
2024-08-11,1:45:00 AM,0,103.961,24.127,2024-08-11 01:45:00
2024-08-11,2:00:00 AM,0,103.96,24.067,2024-08-11 02:00:00
2024-08-11,2:15:00 AM,0,103.958,24.005,2024-08-11 02:15:00
2024-08-11,2:30:00 AM,0,103.958,23.94,2024-08-11 02:30:00
2024-08-11,2:45:00 AM,0,103.961,23.88,2024-08-11 02:45:00
2024-08-11,3:00:00 AM,0,103.98,23.812,2024-08-11 03:00:00
2024-08-11,3:15:00 AM,0,103.969,23.747,2024-08-11 03:15:00
2024-08-11,3:30:00 AM,0,103.976,23.679,2024-08-11 03:30:00
2024-08-11,3:45:00 AM,0,103.985,23.613,2024-08-11 03:45:00
2024-08-11,4:00:00 AM,0,103.992,23.544,2024-08-11 04:00:00
2024-08-11,4:15:00 AM,0,103.994,23.474,2024-08-11 04:15:00
2024-08-11,4:30:00 AM,0,104.017,23.403,2024-08-11 04:30:00
2024-08-11,4:45:00 AM,0,104.038,23.337,2024-08-11 04:45:00
2024-08-11,5:00:00 AM,0,104.036,23.264,2024-08-11 05:00:00
2024-08-11,5:15:00 AM,0,104.057,23.194,2024-08-11 05:15:00
2024-08-11,5:30:00 AM,0,104.07,23.121,2024-08-11 05:30:00
2024-08-11,5:45:00 AM,0,104.078,23.044,2024-08-11 05:45:00
2024-08-11,6:00:00 AM,0,104.102,22.98,2024-08-11 06:00:00
2024-08-11,6:15:00 AM,0,104.111,22.909,2024-08-11 06:15:00
2024-08-11,6:30:00 AM,0,104.12,22.836,2024-08-11 06:30:00
2024-08-11,6:45:00 AM,0,104.129,22.766,2024-08-11 06:45:00
2024-08-11,7:00:00 AM,0,104.145,22.703,2024-08-11 07:00:00
2024-08-11,7:15:00 AM,0,104.161,22.639,2024-08-11 07:15:00
2024-08-11,7:30:00 AM,0,104.169,22.583,2024-08-11 07:30:00
2024-08-11,7:45:00 AM,0,104.182,22.529,2024-08-11 07:45:00
2024-08-11,8:00:00 AM,0,104.186,22.482,2024-08-11 08:00:00
2024-08-11,8:15:00 AM,0,104.176,22.443,2024-08-11 08:15:00
2024-08-11,8:30:00 AM,0,104.181,22.411,2024-08-11 08:30:00
2024-08-11,8:45:00 AM,0,104.165,22.393,2024-08-11 08:45:00
2024-08-11,9:00:00 AM,0,104.185,22.376,2024-08-11 09:00:00
2024-08-11,9:15:00 AM,0,104.193,22.371,2024-08-11 09:15:00
2024-08-11,9:30:00 AM,0,104.213,22.371,2024-08-11 09:30:00
2024-08-11,9:45:00 AM,0,104.22,22.375,2024-08-11 09:45:00
2024-08-11,10:00:00 AM,0,104.223,22.394,2024-08-11 10:00:00
2024-08-11,10:15:00 AM,0,104.223,22.415,2024-08-11 10:15:00
2024-08-11,10:30:00 AM,0,104.225,22.435,2024-08-11 10:30:00
2024-08-11,10:45:00 AM,0,104.226,22.461,2024-08-11 10:45:00
2024-08-11,11:00:00 AM,0,104.229,22.496,2024-08-11 11:00:00
2024-08-11,11:15:00 AM,0,104.234,22.535,2024-08-11 11:15:00
2024-08-11,11:30:00 AM,0,104.244,22.58,2024-08-11 11:30:00
2024-08-11,11:45:00 AM,0,104.244,22.636,2024-08-11 11:45:00
2024-08-11,12:00:00 PM,0,104.242,22.701,2024-08-11 12:00:00
2024-08-11,12:15:00 PM,0,104.234,22.769,2024-08-11 12:15:00
2024-08-11,12:30:00 PM,0,104.228,22.842,2024-08-11 12:30:00
2024-08-11,12:45:00 PM,0,104.21,22.916,2024-08-11 12:45:00
2024-08-11,1:00:00 PM,0,104.198,23.019,2024-08-11 01:00:00
2024-08-11,1:15:00 PM,0,104.183,23.129,2024-08-11 01:15:00
2024-08-11,1:30:00 PM,0,104.154,23.227,2024-08-11 01:30:00
2024-08-11,1:45:00 PM,0,104.131,23.296,2024-08-11 01:45:00
2024-08-11,2:00:00 PM,0,104.143,23.364,2024-08-11 02:00:00
2024-08-11,2:15:00 PM,0,104.129,23.427,2024-08-11 02:15:00
2024-08-11,2:30:00 PM,0,104.121,23.482,2024-08-11 02:30:00
2024-08-11,2:45:00 PM,0,104.106,23.548,2024-08-11 02:45:00
2024-08-11,3:00:00 PM,0,104.079,23.605,2024-08-11 03:00:00
2024-08-11,3:15:00 PM,0,104.059,23.655,2024-08-11 03:15:00
2024-08-11,3:30:00 PM,0,104.042,23.716,2024-08-11 03:30:00
2024-08-11,3:45:00 PM,0,104.033,23.78,2024-08-11 03:45:00
2024-08-11,4:00:00 PM,0,104.022,23.834,2024-08-11 04:00:00
2024-08-11,4:15:00 PM,0,104.007,23.89,2024-08-11 04:15:00
2024-08-11,4:30:00 PM,0,104.004,23.954,2024-08-11 04:30:00
2024-08-11,4:45:00 PM,0,103.989,24.012,2024-08-11 04:45:00
2024-08-11,5:00:00 PM,0,103.984,24.055,2024-08-11 05:00:00
2024-08-11,5:15:00 PM,0,103.974,24.092,2024-08-11 05:15:00
2024-08-11,5:30:00 PM,0,103.964,24.127,2024-08-11 05:30:00
2024-08-11,5:45:00 PM,0,103.958,24.164,2024-08-11 05:45:00
2024-08-11,6:00:00 PM,0,103.95,24.199,2024-08-11 06:00:00
2024-08-11,6:15:00 PM,0,103.947,24.237,2024-08-11 06:15:00
2024-08-11,6:30:00 PM,0,103.941,24.27,2024-08-11 06:30:00
2024-08-11,6:45:00 PM,0,103.937,24.308,2024-08-11 06:45:00
2024-08-11,7:00:00 PM,0,103.941,24.341,2024-08-11 07:00:00
2024-08-11,7:15:00 PM,0,103.932,24.369,2024-08-11 07:15:00
2024-08-11,7:30:00 PM,0,103.92,24.4,2024-08-11 07:30:00
2024-08-11,7:45:00 PM,0,103.917,24.422,2024-08-11 07:45:00
2024-08-11,8:00:00 PM,0,103.924,24.434,2024-08-11 08:00:00
2024-08-11,8:15:00 PM,0,103.926,24.436,2024-08-11 08:15:00
2024-08-11,8:30:00 PM,0,103.925,24.434,2024-08-11 08:30:00
2024-08-11,8:45:00 PM,0,103.927,24.426,2024-08-11 08:45:00
2024-08-11,9:00:00 PM,0,103.926,24.414,2024-08-11 09:00:00
2024-08-11,9:15:00 PM,0,103.931,24.398,2024-08-11 09:15:00
2024-08-11,9:30:00 PM,0,103.929,24.378,2024-08-11 09:30:00
2024-08-11,9:45:00 PM,0,103.925,24.353,2024-08-11 09:45:00
2024-08-11,10:00:00 PM,0,103.938,24.323,2024-08-11 10:00:00
2024-08-11,10:15:00 PM,0,103.943,24.292,2024-08-11 10:15:00
2024-08-11,10:30:00 PM,0,103.93,24.256,2024-08-11 10:30:00
2024-08-11,10:45:00 PM,0,103.931,24.214,2024-08-11 10:45:00
2024-08-11,11:00:00 PM,0,103.927,24.169,2024-08-11 11:00:00
2024-08-11,11:15:00 PM,0,103.915,24.13,2024-08-11 11:15:00
2024-08-11,11:30:00 PM,0,103.934,24.088,2024-08-11 11:30:00
2024-08-11,11:45:00 PM,0,103.91,24.045,2024-08-11 11:45:00
2024-08-12,12:00:00 AM,0,103.91,24.004,2024-08-12 12:00:00
2024-08-12,12:15:00 AM,0,103.904,23.961,2024-08-12 12:15:00
2024-08-12,12:30:00 AM,0,103.908,23.916,2024-08-12 12:30:00
2024-08-12,12:45:00 AM,0,103.901,23.868,2024-08-12 12:45:00
2024-08-12,1:00:00 AM,0,103.905,23.822,2024-08-12 01:00:00
2024-08-12,1:15:00 AM,0,103.914,23.775,2024-08-12 01:15:00
2024-08-12,1:30:00 AM,0,103.896,23.727,2024-08-12 01:30:00
2024-08-12,1:45:00 AM,0,103.898,23.68,2024-08-12 01:45:00
2024-08-12,2:00:00 AM,0,103.89,23.632,2024-08-12 02:00:00
2024-08-12,2:15:00 AM,0,103.883,23.584,2024-08-12 02:15:00
2024-08-12,2:30:00 AM,0,103.867,23.537,2024-08-12 02:30:00
2024-08-12,2:45:00 AM,0,103.857,23.483,2024-08-12 02:45:00
2024-08-12,3:00:00 AM,0,103.846,23.434,2024-08-12 03:00:00
2024-08-12,3:15:00 AM,0,103.848,23.381,2024-08-12 03:15:00
2024-08-12,3:30:00 AM,0,103.836,23.33,2024-08-12 03:30:00
2024-08-12,3:45:00 AM,0,103.824,23.275,2024-08-12 03:45:00
2024-08-12,4:00:00 AM,0,103.829,23.22,2024-08-12 04:00:00
2024-08-12,4:15:00 AM,0,103.856,23.165,2024-08-12 04:15:00
2024-08-12,4:30:00 AM,0,103.87,23.107,2024-08-12 04:30:00
2024-08-12,4:45:00 AM,0,103.87,23.051,2024-08-12 04:45:00
2024-08-12,5:00:00 AM,0,103.881,22.989,2024-08-12 05:00:00
2024-08-12,5:15:00 AM,0,103.898,22.93,2024-08-12 05:15:00
2024-08-12,5:30:00 AM,0,103.925,22.868,2024-08-12 05:30:00
2024-08-12,5:45:00 AM,0,103.94,22.807,2024-08-12 05:45:00
2024-08-12,6:00:00 AM,0,103.963,22.752,2024-08-12 06:00:00
2024-08-12,6:15:00 AM,0,103.988,22.689,2024-08-12 06:15:00
2024-08-12,6:30:00 AM,0,103.997,22.63,2024-08-12 06:30:00
2024-08-12,6:45:00 AM,0,104.011,22.572,2024-08-12 06:45:00
2024-08-12,7:00:00 AM,0,104.035,22.518,2024-08-12 07:00:00
2024-08-12,7:15:00 AM,0,104.049,22.463,2024-08-12 07:15:00
2024-08-12,7:30:00 AM,0,104.066,22.417,2024-08-12 07:30:00
2024-08-12,7:45:00 AM,0,104.078,22.371,2024-08-12 07:45:00
2024-08-12,8:00:00 AM,0,104.101,22.331,2024-08-12 08:00:00
2024-08-12,8:15:00 AM,0,104.11,22.297,2024-08-12 08:15:00
2024-08-12,8:30:00 AM,0,104.115,22.266,2024-08-12 08:30:00
2024-08-12,8:45:00 AM,0,104.122,22.249,2024-08-12 08:45:00
2024-08-12,9:00:00 AM,0,104.131,22.237,2024-08-12 09:00:00
2024-08-12,9:15:00 AM,0,104.142,22.234,2024-08-12 09:15:00
2024-08-12,9:30:00 AM,0,104.14,22.236,2024-08-12 09:30:00
2024-08-12,9:45:00 AM,0,104.163,22.242,2024-08-12 09:45:00
2024-08-12,10:00:00 AM,0,104.176,22.265,2024-08-12 10:00:00
2024-08-12,10:15:00 AM,0,104.188,22.287,2024-08-12 10:15:00
2024-08-12,10:30:00 AM,0,104.192,22.313,2024-08-12 10:30:00
2024-08-12,10:45:00 AM,0,104.181,22.342,2024-08-12 10:45:00
2024-08-12,11:00:00 AM,0,104.185,22.381,2024-08-12 11:00:00
2024-08-12,11:15:00 AM,0,104.192,22.421,2024-08-12 11:15:00
2024-08-12,11:30:00 AM,0,104.201,22.467,2024-08-12 11:30:00
2024-08-12,11:45:00 AM,0,104.185,22.529,2024-08-12 11:45:00
2024-08-12,12:00:00 PM,0,104.174,22.598,2024-08-12 12:00:00
2024-08-12,12:15:00 PM,0,104.15,22.663,2024-08-12 12:15:00
2024-08-12,12:30:00 PM,0,104.151,22.731,2024-08-12 12:30:00
2024-08-12,12:45:00 PM,0,104.159,22.802,2024-08-12 12:45:00
2024-08-12,1:00:00 PM,0,104.148,22.886,2024-08-12 01:00:00
2024-08-12,1:15:00 PM,0,104.123,22.977,2024-08-12 01:15:00
2024-08-12,1:30:00 PM,0,104.11,23.062,2024-08-12 01:30:00
2024-08-12,1:45:00 PM,0,104.096,23.127,2024-08-12 01:45:00
2024-08-12,2:00:00 PM,0,104.085,23.183,2024-08-12 02:00:00
2024-08-12,2:15:00 PM,0,104.073,23.238,2024-08-12 02:15:00
2024-08-12,2:30:00 PM,0,104.053,23.302,2024-08-12 02:30:00
2024-08-12,2:45:00 PM,0,104.039,23.367,2024-08-12 02:45:00
2024-08-12,3:00:00 PM,0,104.021,23.419,2024-08-12 03:00:00
2024-08-12,3:15:00 PM,0,103.997,23.461,2024-08-12 03:15:00
2024-08-12,3:30:00 PM,0,103.974,23.517,2024-08-12 03:30:00
2024-08-12,3:45:00 PM,0,103.973,23.58,2024-08-12 03:45:00
2024-08-12,4:00:00 PM,0,103.968,23.64,2024-08-12 04:00:00
2024-08-12,4:15:00 PM,0,103.952,23.696,2024-08-12 04:15:00
2024-08-12,4:30:00 PM,0,103.956,23.759,2024-08-12 04:30:00
2024-08-12,4:45:00 PM,0,103.951,23.821,2024-08-12 04:45:00
2024-08-12,5:00:00 PM,0,103.944,23.866,2024-08-12 05:00:00
2024-08-12,5:15:00 PM,0,103.93,23.911,2024-08-12 05:15:00
2024-08-12,5:30:00 PM,0,103.92,23.95,2024-08-12 05:30:00
2024-08-12,5:45:00 PM,0,103.908,23.982,2024-08-12 05:45:00
2024-08-12,6:00:00 PM,0,103.894,24.02,2024-08-12 06:00:00
2024-08-12,6:15:00 PM,0,103.885,24.058,2024-08-12 06:15:00
2024-08-12,6:30:00 PM,0,103.87,24.098,2024-08-12 06:30:00
2024-08-12,6:45:00 PM,0,103.866,24.133,2024-08-12 06:45:00
2024-08-12,7:00:00 PM,0,103.857,24.167,2024-08-12 07:00:00
2024-08-12,7:15:00 PM,0,103.856,24.201,2024-08-12 07:15:00
2024-08-12,7:30:00 PM,0,103.868,24.234,2024-08-12 07:30:00
2024-08-12,7:45:00 PM,0,103.872,24.265,2024-08-12 07:45:00
2024-08-12,8:00:00 PM,0,103.872,24.292,2024-08-12 08:00:00
2024-08-12,8:15:00 PM,0,103.874,24.307,2024-08-12 08:15:00
2024-08-12,8:30:00 PM,0,103.876,24.319,2024-08-12 08:30:00
2024-08-12,8:45:00 PM,0,103.873,24.329,2024-08-12 08:45:00
2024-08-12,9:00:00 PM,0,103.891,24.334,2024-08-12 09:00:00
2024-08-12,9:15:00 PM,0,103.904,24.33,2024-08-12 09:15:00
2024-08-12,9:30:00 PM,0,103.9,24.327,2024-08-12 09:30:00
2024-08-12,9:45:00 PM,0,103.896,24.318,2024-08-12 09:45:00
2024-08-12,10:00:00 PM,0,103.895,24.309,2024-08-12 10:00:00
2024-08-12,10:15:00 PM,0,103.891,24.297,2024-08-12 10:15:00
2024-08-12,10:30:00 PM,0,103.886,24.278,2024-08-12 10:30:00
2024-08-12,10:45:00 PM,0,103.891,24.253,2024-08-12 10:45:00
2024-08-12,11:00:00 PM,0,103.881,24.227,2024-08-12 11:00:00
2024-08-12,11:15:00 PM,0,103.872,24.199,2024-08-12 11:15:00
2024-08-12,11:30:00 PM,0,103.852,24.166,2024-08-12 11:30:00
2024-08-12,11:45:00 PM,0,103.837,24.136,2024-08-12 11:45:00
2024-08-13,12:00:00 AM,0,103.83,24.104,2024-08-13 12:00:00
2024-08-13,12:15:00 AM,0,103.822,24.072,2024-08-13 12:15:00
2024-08-13,12:30:00 AM,0,103.817,24.037,2024-08-13 12:30:00
2024-08-13,12:45:00 AM,0,103.798,24.003,2024-08-13 12:45:00
2024-08-13,1:00:00 AM,0,103.794,23.966,2024-08-13 01:00:00
2024-08-13,1:15:00 AM,0,103.786,23.932,2024-08-13 01:15:00
2024-08-13,1:30:00 AM,0,103.781,23.895,2024-08-13 01:30:00
2024-08-13,1:45:00 AM,0,103.775,23.86,2024-08-13 01:45:00
2024-08-13,2:00:00 AM,0,103.77,23.825,2024-08-13 02:00:00
2024-08-13,2:15:00 AM,0,103.771,23.789,2024-08-13 02:15:00
2024-08-13,2:30:00 AM,0,103.767,23.75,2024-08-13 02:30:00
2024-08-13,2:45:00 AM,0,103.775,23.716,2024-08-13 02:45:00
2024-08-13,3:00:00 AM,0,103.775,23.676,2024-08-13 03:00:00
2024-08-13,3:15:00 AM,0,103.78,23.64,2024-08-13 03:15:00
2024-08-13,3:30:00 AM,0,103.788,23.602,2024-08-13 03:30:00
2024-08-13,3:45:00 AM,0,103.793,23.565,2024-08-13 03:45:00
2024-08-13,4:00:00 AM,0,103.8,23.523,2024-08-13 04:00:00
2024-08-13,4:15:00 AM,0,103.819,23.482,2024-08-13 04:15:00
2024-08-13,4:30:00 AM,0,103.824,23.438,2024-08-13 04:30:00
2024-08-13,4:45:00 AM,0,103.843,23.397,2024-08-13 04:45:00
2024-08-13,5:00:00 AM,0,103.861,23.353,2024-08-13 05:00:00
2024-08-13,5:15:00 AM,0,103.867,23.308,2024-08-13 05:15:00
2024-08-13,5:30:00 AM,0,103.88,23.263,2024-08-13 05:30:00
2024-08-13,5:45:00 AM,0,103.891,23.218,2024-08-13 05:45:00
2024-08-13,6:00:00 AM,0,103.899,23.171,2024-08-13 06:00:00
2024-08-13,6:15:00 AM,0,103.914,23.125,2024-08-13 06:15:00
2024-08-13,6:30:00 AM,0,103.934,23.083,2024-08-13 06:30:00
2024-08-13,6:45:00 AM,0,103.939,23.036,2024-08-13 06:45:00
2024-08-13,7:00:00 AM,0,103.959,22.991,2024-08-13 07:00:00
2024-08-13,7:15:00 AM,0,103.986,22.95,2024-08-13 07:15:00
2024-08-13,7:30:00 AM,0,104.02,22.912,2024-08-13 07:30:00
2024-08-13,7:45:00 AM,0,104.046,22.876,2024-08-13 07:45:00
2024-08-13,8:00:00 AM,0,104.065,22.845,2024-08-13 08:00:00
2024-08-13,8:15:00 AM,0,104.076,22.818,2024-08-13 08:15:00
2024-08-13,8:30:00 AM,0,104.095,22.798,2024-08-13 08:30:00
2024-08-13,8:45:00 AM,0,104.094,22.787,2024-08-13 08:45:00
2024-08-13,9:00:00 AM,0,104.115,22.779,2024-08-13 09:00:00
2024-08-13,9:15:00 AM,0,104.125,22.778,2024-08-13 09:15:00
2024-08-13,9:30:00 AM,0,104.116,22.782,2024-08-13 09:30:00
2024-08-13,9:45:00 AM,0,104.12,22.789,2024-08-13 09:45:00
2024-08-13,10:00:00 AM,0,104.115,22.816,2024-08-13 10:00:00
2024-08-13,10:15:00 AM,0,104.118,22.839,2024-08-13 10:15:00
2024-08-13,10:30:00 AM,0,104.129,22.866,2024-08-13 10:30:00
2024-08-13,10:45:00 AM,0,104.132,22.899,2024-08-13 10:45:00
2024-08-13,11:00:00 AM,0,104.12,22.938,2024-08-13 11:00:00
2024-08-13,11:15:00 AM,0,104.112,22.979,2024-08-13 11:15:00
2024-08-13,11:30:00 AM,0,104.104,23.028,2024-08-13 11:30:00
2024-08-13,11:45:00 AM,0,104.1,23.09,2024-08-13 11:45:00
2024-08-13,12:00:00 PM,0,104.087,23.16,2024-08-13 12:00:00
2024-08-13,12:15:00 PM,0,104.079,23.232,2024-08-13 12:15:00
2024-08-13,12:30:00 PM,0,104.07,23.31,2024-08-13 12:30:00
2024-08-13,12:45:00 PM,0,104.056,23.391,2024-08-13 12:45:00
2024-08-13,1:00:00 PM,0,104.036,23.485,2024-08-13 01:00:00
2024-08-13,1:15:00 PM,0,104.027,23.532,2024-08-13 01:15:00
2024-08-13,1:30:00 PM,0,104.019,23.576,2024-08-13 01:30:00
2024-08-13,1:45:00 PM,0,104.02,23.63,2024-08-13 01:45:00
2024-08-13,2:00:00 PM,0,104.01,23.684,2024-08-13 02:00:00
2024-08-13,2:15:00 PM,0,104.004,23.718,2024-08-13 02:15:00
2024-08-13,2:30:00 PM,0,103.994,23.719,2024-08-13 02:30:00
2024-08-13,2:45:00 PM,0,103.973,23.793,2024-08-13 02:45:00
2024-08-13,3:00:00 PM,0,103.963,23.874,2024-08-13 03:00:00
2024-08-13,3:15:00 PM,0,103.955,23.901,2024-08-13 03:15:00
2024-08-13,3:30:00 PM,0,103.951,23.926,2024-08-13 03:30:00
2024-08-13,3:45:00 PM,0,103.929,23.977,2024-08-13 03:45:00
2024-08-13,4:00:00 PM,0,103.913,24.039,2024-08-13 04:00:00
2024-08-13,4:15:00 PM,0,103.913,24.089,2024-08-13 04:15:00
2024-08-13,4:30:00 PM,0,103.893,24.138,2024-08-13 04:30:00
2024-08-13,4:45:00 PM,0,103.88,24.191,2024-08-13 04:45:00
2024-08-13,5:00:00 PM,0,103.859,24.243,2024-08-13 05:00:00
2024-08-13,5:15:00 PM,0,103.856,24.296,2024-08-13 05:15:00
2024-08-13,5:30:00 PM,0,103.863,24.34,2024-08-13 05:30:00
2024-08-13,5:45:00 PM,0,103.87,24.378,2024-08-13 05:45:00
2024-08-13,6:00:00 PM,0,103.871,24.417,2024-08-13 06:00:00
2024-08-13,6:15:00 PM,0,103.868,24.46,2024-08-13 06:15:00
2024-08-13,6:30:00 PM,0,103.882,24.506,2024-08-13 06:30:00
2024-08-13,6:45:00 PM,0,103.898,24.55,2024-08-13 06:45:00
2024-08-13,7:00:00 PM,0,103.911,24.593,2024-08-13 07:00:00
2024-08-13,7:15:00 PM,0,103.915,24.63,2024-08-13 07:15:00
2024-08-13,7:30:00 PM,0,103.912,24.665,2024-08-13 07:30:00
2024-08-13,7:45:00 PM,0,103.896,24.698,2024-08-13 07:45:00
2024-08-13,8:00:00 PM,0,103.884,24.726,2024-08-13 08:00:00
2024-08-13,8:15:00 PM,0,103.888,24.752,2024-08-13 08:15:00
2024-08-13,8:30:00 PM,0,103.871,24.77,2024-08-13 08:30:00
2024-08-13,8:45:00 PM,0,103.852,24.782,2024-08-13 08:45:00
2024-08-13,9:00:00 PM,0,103.847,24.795,2024-08-13 09:00:00
2024-08-13,9:15:00 PM,0,103.835,24.797,2024-08-13 09:15:00
2024-08-13,9:30:00 PM,0,103.841,24.798,2024-08-13 09:30:00
2024-08-13,9:45:00 PM,0,103.833,24.795,2024-08-13 09:45:00
2024-08-13,10:00:00 PM,0,103.828,24.787,2024-08-13 10:00:00
2024-08-13,10:15:00 PM,0,103.821,24.775,2024-08-13 10:15:00
2024-08-13,10:30:00 PM,0,103.819,24.757,2024-08-13 10:30:00
2024-08-13,10:45:00 PM,0,103.802,24.739,2024-08-13 10:45:00
2024-08-13,11:00:00 PM,0,103.795,24.718,2024-08-13 11:00:00
2024-08-13,11:15:00 PM,0,103.776,24.695,2024-08-13 11:15:00
2024-08-13,11:30:00 PM,0,103.785,24.669,2024-08-13 11:30:00
2024-08-13,11:45:00 PM,0,103.786,24.643,2024-08-13 11:45:00
2024-08-14,12:00:00 AM,0,103.784,24.619,2024-08-14 12:00:00
2024-08-14,12:15:00 AM,0,103.786,24.59,2024-08-14 12:15:00
2024-08-14,12:30:00 AM,0,103.783,24.564,2024-08-14 12:30:00
2024-08-14,12:45:00 AM,0,103.775,24.533,2024-08-14 12:45:00
2024-08-14,1:00:00 AM,0,103.758,24.503,2024-08-14 01:00:00
2024-08-14,1:15:00 AM,0,103.75,24.47,2024-08-14 01:15:00
2024-08-14,1:30:00 AM,0,103.745,24.434,2024-08-14 01:30:00
2024-08-14,1:45:00 AM,0,103.746,24.4,2024-08-14 01:45:00
2024-08-14,2:00:00 AM,0,103.751,24.366,2024-08-14 02:00:00
2024-08-14,2:15:00 AM,0,103.763,24.331,2024-08-14 02:15:00
2024-08-14,2:30:00 AM,0,103.754,24.294,2024-08-14 02:30:00
2024-08-14,2:45:00 AM,0,103.759,24.261,2024-08-14 02:45:00
2024-08-14,3:00:00 AM,0,103.753,24.226,2024-08-14 03:00:00
2024-08-14,3:15:00 AM,0,103.763,24.19,2024-08-14 03:15:00
2024-08-14,3:30:00 AM,0,103.766,24.159,2024-08-14 03:30:00
2024-08-14,3:45:00 AM,0,103.776,24.125,2024-08-14 03:45:00
2024-08-14,4:00:00 AM,0,103.777,24.092,2024-08-14 04:00:00
2024-08-14,4:15:00 AM,0,103.789,24.058,2024-08-14 04:15:00
2024-08-14,4:30:00 AM,0,103.787,24.025,2024-08-14 04:30:00
2024-08-14,4:45:00 AM,0,103.793,23.993,2024-08-14 04:45:00
2024-08-14,5:00:00 AM,0,103.81,23.963,2024-08-14 05:00:00
2024-08-14,5:15:00 AM,0,103.818,23.931,2024-08-14 05:15:00
2024-08-14,5:30:00 AM,0,103.831,23.901,2024-08-14 05:30:00
2024-08-14,5:45:00 AM,0,103.846,23.867,2024-08-14 05:45:00
2024-08-14,6:00:00 AM,0,103.862,23.837,2024-08-14 06:00:00
2024-08-14,6:15:00 AM,0,103.882,23.808,2024-08-14 06:15:00
2024-08-14,6:30:00 AM,0,103.89,23.778,2024-08-14 06:30:00
2024-08-14,6:45:00 AM,0,103.904,23.75,2024-08-14 06:45:00
2024-08-14,7:00:00 AM,0,103.928,23.724,2024-08-14 07:00:00
2024-08-14,7:15:00 AM,0,103.946,23.698,2024-08-14 07:15:00
2024-08-14,7:30:00 AM,0,103.961,23.675,2024-08-14 07:30:00
2024-08-14,7:45:00 AM,0,103.973,23.655,2024-08-14 07:45:00
2024-08-14,8:00:00 AM,0,103.985,23.636,2024-08-14 08:00:00
2024-08-14,8:15:00 AM,0,103.995,23.619,2024-08-14 08:15:00
2024-08-14,8:30:00 AM,0,104.007,23.609,2024-08-14 08:30:00
2024-08-14,8:45:00 AM,0,104.011,23.598,2024-08-14 08:45:00
2024-08-14,9:00:00 AM,0,104.025,23.589,2024-08-14 09:00:00
2024-08-14,9:15:00 AM,0,104.035,23.591,2024-08-14 09:15:00
2024-08-14,9:30:00 AM,0,104.028,23.609,2024-08-14 09:30:00
2024-08-14,9:45:00 AM,0,104.044,23.62,2024-08-14 09:45:00
2024-08-14,10:00:00 AM,0,104.046,23.632,2024-08-14 10:00:00
2024-08-14,10:15:00 AM,0,104.052,23.643,2024-08-14 10:15:00
2024-08-14,10:30:00 AM,0,104.056,23.664,2024-08-14 10:30:00
2024-08-14,10:45:00 AM,0,104.059,23.695,2024-08-14 10:45:00
2024-08-14,11:00:00 AM,0,104.055,23.725,2024-08-14 11:00:00
2024-08-14,11:15:00 AM,0,104.068,23.757,2024-08-14 11:15:00
2024-08-14,11:30:00 AM,0,104.072,23.784,2024-08-14 11:30:00
2024-08-14,11:45:00 AM,0,104.07,23.806,2024-08-14 11:45:00
2024-08-14,12:00:00 PM,0,104.073,23.828,2024-08-14 12:00:00
2024-08-14,12:15:00 PM,0,104.082,23.848,2024-08-14 12:15:00
2024-08-14,12:30:00 PM,0,104.08,23.875,2024-08-14 12:30:00
2024-08-14,12:45:00 PM,0,104.072,23.894,2024-08-14 12:45:00
2024-08-14,1:00:00 PM,0,104.065,23.908,2024-08-14 01:00:00
2024-08-14,1:15:00 PM,0,104.073,23.926,2024-08-14 01:15:00
2024-08-14,1:30:00 PM,0,104.063,23.941,2024-08-14 01:30:00
2024-08-14,1:45:00 PM,0,104.04,23.955,2024-08-14 01:45:00
2024-08-14,2:00:00 PM,0,104.031,23.979,2024-08-14 02:00:00
2024-08-14,2:15:00 PM,0,104.029,24.012,2024-08-14 02:15:00
2024-08-14,2:30:00 PM,0,104.007,24.039,2024-08-14 02:30:00
2024-08-14,2:45:00 PM,0,103.985,24.061,2024-08-14 02:45:00
2024-08-14,3:00:00 PM,0,103.985,24.085,2024-08-14 03:00:00
2024-08-14,3:15:00 PM,0,103.961,24.11,2024-08-14 03:15:00
2024-08-14,3:30:00 PM,0,103.939,24.139,2024-08-14 03:30:00
2024-08-14,3:45:00 PM,0,103.924,24.19,2024-08-14 03:45:00
2024-08-14,4:00:00 PM,0,103.917,24.232,2024-08-14 04:00:00
2024-08-14,4:15:00 PM,0,103.903,24.259,2024-08-14 04:15:00
2024-08-14,4:30:00 PM,0,103.878,24.282,2024-08-14 04:30:00
2024-08-14,4:45:00 PM,0,103.874,24.32,2024-08-14 04:45:00
2024-08-14,5:00:00 PM,0,103.864,24.357,2024-08-14 05:00:00
2024-08-14,5:15:00 PM,0,103.857,24.39,2024-08-14 05:15:00
2024-08-14,5:30:00 PM,0,103.861,24.414,2024-08-14 05:30:00
2024-08-14,5:45:00 PM,0,103.857,24.438,2024-08-14 05:45:00
2024-08-14,6:00:00 PM,0,103.844,24.471,2024-08-14 06:00:00
2024-08-14,6:15:00 PM,0,103.847,24.498,2024-08-14 06:15:00
2024-08-14,6:30:00 PM,0,103.868,24.52,2024-08-14 06:30:00
2024-08-14,6:45:00 PM,0,103.874,24.535,2024-08-14 06:45:00
2024-08-14,7:00:00 PM,0,103.876,24.553,2024-08-14 07:00:00
2024-08-14,7:15:00 PM,0,103.864,24.57,2024-08-14 07:15:00
2024-08-14,7:30:00 PM,0,103.869,24.581,2024-08-14 07:30:00
2024-08-14,7:45:00 PM,0,103.87,24.586,2024-08-14 07:45:00
2024-08-14,8:00:00 PM,0,103.858,24.593,2024-08-14 08:00:00
2024-08-14,8:15:00 PM,0,103.85,24.599,2024-08-14 08:15:00
2024-08-14,8:30:00 PM,0,103.835,24.601,2024-08-14 08:30:00
2024-08-14,8:45:00 PM,0,103.837,24.604,2024-08-14 08:45:00
2024-08-14,9:00:00 PM,0,103.84,24.604,2024-08-14 09:00:00
2024-08-14,9:15:00 PM,0,103.831,24.601,2024-08-14 09:15:00
2024-08-14,9:30:00 PM,0,103.834,24.596,2024-08-14 09:30:00
2024-08-14,9:45:00 PM,0,103.824,24.59,2024-08-14 09:45:00
2024-08-14,10:00:00 PM,0,103.838,24.582,2024-08-14 10:00:00
2024-08-14,10:15:00 PM,0,103.833,24.568,2024-08-14 10:15:00
2024-08-14,10:30:00 PM,0,103.82,24.56,2024-08-14 10:30:00
2024-08-14,10:45:00 PM,0,103.817,24.543,2024-08-14 10:45:00
2024-08-14,11:00:00 PM,0,103.819,24.525,2024-08-14 11:00:00
2024-08-14,11:15:00 PM,0,103.811,24.505,2024-08-14 11:15:00
2024-08-14,11:30:00 PM,0,103.811,24.485,2024-08-14 11:30:00
2024-08-14,11:45:00 PM,0,103.796,24.464,2024-08-14 11:45:00
2024-08-15,12:00:00 AM,0,103.802,24.44,2024-08-15 12:00:00
2024-08-15,12:15:00 AM,0,103.785,24.417,2024-08-15 12:15:00
2024-08-15,12:30:00 AM,0,103.769,24.393,2024-08-15 12:30:00
2024-08-15,12:45:00 AM,0,103.748,24.37,2024-08-15 12:45:00
2024-08-15,1:00:00 AM,0,103.722,24.345,2024-08-15 01:00:00
2024-08-15,1:15:00 AM,0,103.721,24.322,2024-08-15 01:15:00
2024-08-15,1:30:00 AM,0,103.722,24.296,2024-08-15 01:30:00
2024-08-15,1:45:00 AM,0,103.717,24.267,2024-08-15 01:45:00
2024-08-15,2:00:00 AM,0,103.708,24.238,2024-08-15 02:00:00
2024-08-15,2:15:00 AM,0,103.704,24.208,2024-08-15 02:15:00
2024-08-15,2:30:00 AM,0,103.703,24.18,2024-08-15 02:30:00
2024-08-15,2:45:00 AM,0,103.727,24.148,2024-08-15 02:45:00
2024-08-15,3:00:00 AM,0,103.731,24.114,2024-08-15 03:00:00
2024-08-15,3:15:00 AM,0,103.75,24.079,2024-08-15 03:15:00
2024-08-15,3:30:00 AM,0,103.763,24.044,2024-08-15 03:30:00
2024-08-15,3:45:00 AM,0,103.769,24.008,2024-08-15 03:45:00
2024-08-15,4:00:00 AM,0,103.783,23.969,2024-08-15 04:00:00
2024-08-15,4:15:00 AM,0,103.8,23.93,2024-08-15 04:15:00
2024-08-15,4:30:00 AM,0,103.819,23.889,2024-08-15 04:30:00
2024-08-15,4:45:00 AM,0,103.836,23.849,2024-08-15 04:45:00
2024-08-15,5:00:00 AM,0,103.847,23.805,2024-08-15 05:00:00
2024-08-15,5:15:00 AM,0,103.855,23.765,2024-08-15 05:15:00
2024-08-15,5:30:00 AM,0,103.878,23.72,2024-08-15 05:30:00
2024-08-15,5:45:00 AM,0,103.895,23.679,2024-08-15 05:45:00
2024-08-15,6:00:00 AM,0,103.917,23.633,2024-08-15 06:00:00
2024-08-15,6:15:00 AM,0,103.927,23.59,2024-08-15 06:15:00
2024-08-15,6:30:00 AM,0,103.931,23.544,2024-08-15 06:30:00
2024-08-15,6:45:00 AM,0,103.938,23.502,2024-08-15 06:45:00
2024-08-15,7:00:00 AM,0,103.965,23.46,2024-08-15 07:00:00
2024-08-15,7:15:00 AM,0,103.975,23.419,2024-08-15 07:15:00
2024-08-15,7:30:00 AM,0,103.988,23.381,2024-08-15 07:30:00
2024-08-15,7:45:00 AM,0,104.018,23.349,2024-08-15 07:45:00
2024-08-15,8:00:00 AM,0,104.024,23.32,2024-08-15 08:00:00
2024-08-15,8:15:00 AM,0,104.031,23.297,2024-08-15 08:15:00
2024-08-15,8:30:00 AM,0,104.032,23.277,2024-08-15 08:30:00
2024-08-15,8:45:00 AM,0,104.033,23.272,2024-08-15 08:45:00
2024-08-15,9:00:00 AM,0,104.034,23.268,2024-08-15 09:00:00
2024-08-15,9:15:00 AM,0,104.029,23.264,2024-08-15 09:15:00
2024-08-15,9:30:00 AM,0,104.029,23.262,2024-08-15 09:30:00
2024-08-15,9:45:00 AM,0,104.037,23.269,2024-08-15 09:45:00
2024-08-15,10:00:00 AM,0,104.037,23.285,2024-08-15 10:00:00
2024-08-15,10:15:00 AM,0,104.023,23.302,2024-08-15 10:15:00
2024-08-15,10:30:00 AM,0,104.017,23.322,2024-08-15 10:30:00
2024-08-15,10:45:00 AM,0,104.032,23.361,2024-08-15 10:45:00
2024-08-15,11:00:00 AM,0,104.023,23.403,2024-08-15 11:00:00
2024-08-15,11:15:00 AM,0,104.034,23.435,2024-08-15 11:15:00
2024-08-15,11:30:00 AM,0,104.036,23.454,2024-08-15 11:30:00
2024-08-15,11:45:00 AM,0,104.028,23.484,2024-08-15 11:45:00
2024-08-15,12:00:00 PM,0,104.021,23.53,2024-08-15 12:00:00
2024-08-15,12:15:00 PM,0,104.008,23.598,2024-08-15 12:15:00
2024-08-15,12:30:00 PM,0,103.991,23.66,2024-08-15 12:30:00
2024-08-15,12:45:00 PM,0,103.974,23.73,2024-08-15 12:45:00
2024-08-15,1:00:00 PM,0,103.965,23.847,2024-08-15 01:00:00
2024-08-15,1:15:00 PM,0,103.959,23.973,2024-08-15 01:15:00
2024-08-15,1:30:00 PM,0,103.939,24.086,2024-08-15 01:30:00
2024-08-15,1:45:00 PM,0,103.926,24.159,2024-08-15 01:45:00
2024-08-15,2:00:00 PM,0,103.919,24.21,2024-08-15 02:00:00
2024-08-15,2:15:00 PM,0,103.902,24.275,2024-08-15 02:15:00
2024-08-15,2:30:00 PM,0,103.892,24.335,2024-08-15 02:30:00
2024-08-15,2:45:00 PM,0,103.883,24.329,2024-08-15 02:45:00
2024-08-15,3:00:00 PM,0,103.862,24.355,2024-08-15 03:00:00
2024-08-15,3:15:00 PM,0,103.853,24.404,2024-08-15 03:15:00
2024-08-15,3:30:00 PM,0,103.826,24.455,2024-08-15 03:30:00
2024-08-15,3:45:00 PM,0,103.806,24.523,2024-08-15 03:45:00
2024-08-15,4:00:00 PM,0,103.785,24.574,2024-08-15 04:00:00
2024-08-15,4:15:00 PM,0,103.771,24.61,2024-08-15 04:15:00
2024-08-15,4:30:00 PM,0,103.763,24.653,2024-08-15 04:30:00
2024-08-15,4:45:00 PM,0,103.739,24.711,2024-08-15 04:45:00
2024-08-15,5:00:00 PM,0,103.731,24.755,2024-08-15 05:00:00
2024-08-15,5:15:00 PM,0,103.722,24.785,2024-08-15 05:15:00
2024-08-15,5:30:00 PM,0,103.712,24.816,2024-08-15 05:30:00
2024-08-15,5:45:00 PM,0,103.708,24.843,2024-08-15 05:45:00
2024-08-15,6:00:00 PM,0,103.703,24.878,2024-08-15 06:00:00
2024-08-15,6:15:00 PM,0,103.704,24.921,2024-08-15 06:15:00
2024-08-15,6:30:00 PM,0,103.693,24.959,2024-08-15 06:30:00
2024-08-15,6:45:00 PM,0,103.697,24.995,2024-08-15 06:45:00
2024-08-15,7:00:00 PM,0,103.692,25.027,2024-08-15 07:00:00
2024-08-15,7:15:00 PM,0,103.709,25.057,2024-08-15 07:15:00
2024-08-15,7:30:00 PM,0,103.715,25.087,2024-08-15 07:30:00
2024-08-15,7:45:00 PM,0,103.717,25.114,2024-08-15 07:45:00
2024-08-15,8:00:00 PM,0,103.71,25.138,2024-08-15 08:00:00
2024-08-15,8:15:00 PM,0,103.722,25.159,2024-08-15 08:15:00
2024-08-15,8:30:00 PM,0,103.731,25.176,2024-08-15 08:30:00
2024-08-15,8:45:00 PM,0,103.752,25.187,2024-08-15 08:45:00
2024-08-15,9:00:00 PM,0,103.767,25.195,2024-08-15 09:00:00
2024-08-15,9:15:00 PM,0,103.768,25.2,2024-08-15 09:15:00
2024-08-15,9:30:00 PM,0,103.771,25.199,2024-08-15 09:30:00
2024-08-15,9:45:00 PM,0,103.763,25.195,2024-08-15 09:45:00
2024-08-15,10:00:00 PM,0,103.774,25.188,2024-08-15 10:00:00
2024-08-15,10:15:00 PM,0,103.783,25.18,2024-08-15 10:15:00
2024-08-15,10:30:00 PM,0,103.765,25.169,2024-08-15 10:30:00
2024-08-15,10:45:00 PM,0,103.767,25.153,2024-08-15 10:45:00
2024-08-15,11:00:00 PM,0,103.751,25.139,2024-08-15 11:00:00
2024-08-15,11:15:00 PM,0,103.759,25.124,2024-08-15 11:15:00
2024-08-15,11:30:00 PM,0,103.735,25.107,2024-08-15 11:30:00
2024-08-15,11:45:00 PM,0,103.734,25.089,2024-08-15 11:45:00
2024-08-16,12:00:00 AM,0,103.725,25.073,2024-08-16 12:00:00
2024-08-16,12:15:00 AM,0,103.714,25.056,2024-08-16 12:15:00
2024-08-16,12:30:00 AM,0,103.719,25.039,2024-08-16 12:30:00
2024-08-16,12:45:00 AM,0,103.712,25.018,2024-08-16 12:45:00
2024-08-16,1:00:00 AM,0,103.703,24.997,2024-08-16 01:00:00
2024-08-16,1:15:00 AM,0,103.681,24.974,2024-08-16 01:15:00
2024-08-16,1:30:00 AM,0,103.676,24.95,2024-08-16 01:30:00
2024-08-16,1:45:00 AM,0,103.688,24.922,2024-08-16 01:45:00
2024-08-16,2:00:00 AM,0,103.679,24.892,2024-08-16 02:00:00
2024-08-16,2:15:00 AM,0,103.677,24.865,2024-08-16 02:15:00
2024-08-16,2:30:00 AM,0,103.67,24.837,2024-08-16 02:30:00
2024-08-16,2:45:00 AM,0,103.683,24.803,2024-08-16 02:45:00
2024-08-16,3:00:00 AM,0,103.683,24.769,2024-08-16 03:00:00
2024-08-16,3:15:00 AM,0,103.694,24.736,2024-08-16 03:15:00
2024-08-16,3:30:00 AM,0,103.705,24.703,2024-08-16 03:30:00
2024-08-16,3:45:00 AM,0,103.709,24.668,2024-08-16 03:45:00
2024-08-16,4:00:00 AM,0,103.711,24.633,2024-08-16 04:00:00
2024-08-16,4:15:00 AM,0,103.7,24.597,2024-08-16 04:15:00
2024-08-16,4:30:00 AM,0,103.703,24.56,2024-08-16 04:30:00
2024-08-16,4:45:00 AM,0,103.71,24.522,2024-08-16 04:45:00
2024-08-16,5:00:00 AM,0,103.726,24.484,2024-08-16 05:00:00
2024-08-16,5:15:00 AM,0,103.733,24.444,2024-08-16 05:15:00
2024-08-16,5:30:00 AM,0,103.748,24.404,2024-08-16 05:30:00
2024-08-16,5:45:00 AM,0,103.764,24.365,2024-08-16 05:45:00
2024-08-16,6:00:00 AM,0,103.77,24.324,2024-08-16 06:00:00
2024-08-16,6:15:00 AM,0,103.776,24.285,2024-08-16 06:15:00
2024-08-16,6:30:00 AM,0,103.799,24.245,2024-08-16 06:30:00
2024-08-16,6:45:00 AM,0,103.834,24.205,2024-08-16 06:45:00
2024-08-16,7:00:00 AM,0,103.857,24.169,2024-08-16 07:00:00
2024-08-16,7:15:00 AM,0,103.87,24.134,2024-08-16 07:15:00
2024-08-16,7:30:00 AM,0,103.877,24.102,2024-08-16 07:30:00
2024-08-16,7:45:00 AM,0,103.91,24.069,2024-08-16 07:45:00
2024-08-16,8:00:00 AM,0,103.938,24.047,2024-08-16 08:00:00
2024-08-16,8:15:00 AM,0,103.94,24.025,2024-08-16 08:15:00
2024-08-16,8:30:00 AM,0,103.946,24.008,2024-08-16 08:30:00
2024-08-16,8:45:00 AM,0,103.966,23.999,2024-08-16 08:45:00
2024-08-16,9:00:00 AM,0,103.971,23.996,2024-08-16 09:00:00
2024-08-16,9:15:00 AM,0,103.973,23.998,2024-08-16 09:15:00
2024-08-16,9:30:00 AM,0,103.977,24.004,2024-08-16 09:30:00
2024-08-16,9:45:00 AM,0,103.973,24.016,2024-08-16 09:45:00
2024-08-16,10:00:00 AM,0,103.973,24.043,2024-08-16 10:00:00
2024-08-16,10:15:00 AM,0,103.981,24.07,2024-08-16 10:15:00
2024-08-16,10:30:00 AM,0,103.972,24.105,2024-08-16 10:30:00
2024-08-16,10:45:00 AM,0,103.945,24.137,2024-08-16 10:45:00
2024-08-16,11:00:00 AM,0,103.938,24.177,2024-08-16 11:00:00
2024-08-16,11:15:00 AM,0,103.925,24.224,2024-08-16 11:15:00
2024-08-16,11:30:00 AM,0,103.925,24.275,2024-08-16 11:30:00
2024-08-16,11:45:00 AM,0,103.917,24.344,2024-08-16 11:45:00
2024-08-16,12:00:00 PM,0,103.92,24.42,2024-08-16 12:00:00
2024-08-16,12:15:00 PM,0,103.909,24.452,2024-08-16 12:15:00
2024-08-16,12:30:00 PM,0,103.864,24.505,2024-08-16 12:30:00
2024-08-16,12:45:00 PM,0,103.879,24.603,2024-08-16 12:45:00
2024-08-16,1:00:00 PM,0,103.862,24.694,2024-08-16 01:00:00
2024-08-16,1:15:00 PM,0,103.864,24.768,2024-08-16 01:15:00
2024-08-16,1:30:00 PM,0,103.85,24.813,2024-08-16 01:30:00
2024-08-16,1:45:00 PM,0,103.823,24.908,2024-08-16 01:45:00
2024-08-16,2:00:00 PM,0,103.801,24.97,2024-08-16 02:00:00
2024-08-16,2:15:00 PM,0,103.781,25.026,2024-08-16 02:15:00
2024-08-16,2:30:00 PM,0,103.751,24.999,2024-08-16 02:30:00
2024-08-16,2:45:00 PM,0,103.728,25.056,2024-08-16 02:45:00
2024-08-16,3:00:00 PM,0,103.694,25.137,2024-08-16 03:00:00
2024-08-16,3:15:00 PM,0,103.677,25.182,2024-08-16 03:15:00
2024-08-16,3:30:00 PM,0,103.656,25.211,2024-08-16 03:30:00
2024-08-16,3:45:00 PM,0,103.645,25.253,2024-08-16 03:45:00
2024-08-16,4:00:00 PM,0,103.651,25.312,2024-08-16 04:00:00
2024-08-16,4:15:00 PM,0,103.647,25.366,2024-08-16 04:15:00
2024-08-16,4:30:00 PM,0,103.62,25.404,2024-08-16 04:30:00
2024-08-16,4:45:00 PM,0,103.635,25.427,2024-08-16 04:45:00
2024-08-16,5:00:00 PM,0,103.623,25.452,2024-08-16 05:00:00
2024-08-16,5:15:00 PM,0,103.746,25.475,2024-08-16 05:15:00
2024-08-16,5:30:00 PM,0,103.818,25.484,2024-08-16 05:30:00
2024-08-16,5:45:00 PM,0,103.76,25.489,2024-08-16 05:45:00
2024-08-16,6:00:00 PM,0,103.732,25.491,2024-08-16 06:00:00
2024-08-16,6:15:00 PM,0,103.692,25.497,2024-08-16 06:15:00
2024-08-16,6:30:00 PM,0,103.683,25.506,2024-08-16 06:30:00
2024-08-16,6:45:00 PM,0,103.668,25.508,2024-08-16 06:45:00
2024-08-16,7:00:00 PM,0,103.677,25.509,2024-08-16 07:00:00
2024-08-16,7:15:00 PM,0,103.696,25.513,2024-08-16 07:15:00
2024-08-16,7:30:00 PM,0,103.702,25.523,2024-08-16 07:30:00
2024-08-16,7:45:00 PM,0,103.734,25.53,2024-08-16 07:45:00
2024-08-16,8:00:00 PM,0,103.732,25.532,2024-08-16 08:00:00
2024-08-16,8:15:00 PM,0,103.734,25.535,2024-08-16 08:15:00
2024-08-16,8:30:00 PM,0,103.745,25.539,2024-08-16 08:30:00
2024-08-16,8:45:00 PM,0,103.749,25.537,2024-08-16 08:45:00
2024-08-16,9:00:00 PM,0,103.753,25.535,2024-08-16 09:00:00
2024-08-16,9:15:00 PM,0,103.768,25.528,2024-08-16 09:15:00
2024-08-16,9:30:00 PM,0,103.775,25.515,2024-08-16 09:30:00
2024-08-16,9:45:00 PM,0,103.778,25.499,2024-08-16 09:45:00
2024-08-16,10:00:00 PM,0,103.752,25.48,2024-08-16 10:00:00
2024-08-16,10:15:00 PM,0,103.74,25.46,2024-08-16 10:15:00
2024-08-16,10:30:00 PM,0,103.734,25.435,2024-08-16 10:30:00
2024-08-16,10:45:00 PM,0,103.724,25.411,2024-08-16 10:45:00
2024-08-16,11:00:00 PM,0,103.714,25.383,2024-08-16 11:00:00
2024-08-16,11:15:00 PM,0,103.708,25.352,2024-08-16 11:15:00
2024-08-16,11:30:00 PM,0,103.688,25.323,2024-08-16 11:30:00
2024-08-16,11:45:00 PM,0,103.668,25.291,2024-08-16 11:45:00
2024-08-17,12:00:00 AM,0,103.66,25.259,2024-08-17 12:00:00
2024-08-17,12:15:00 AM,0,103.658,25.227,2024-08-17 12:15:00
2024-08-17,12:30:00 AM,0,103.643,25.195,2024-08-17 12:30:00
2024-08-17,12:45:00 AM,0,103.625,25.163,2024-08-17 12:45:00
2024-08-17,1:00:00 AM,0,103.599,25.131,2024-08-17 01:00:00
2024-08-17,1:15:00 AM,0,103.591,25.098,2024-08-17 01:15:00
2024-08-17,1:30:00 AM,0,103.582,25.064,2024-08-17 01:30:00
2024-08-17,1:45:00 AM,0,103.591,25.03,2024-08-17 01:45:00
2024-08-17,2:00:00 AM,0,103.601,24.994,2024-08-17 02:00:00
2024-08-17,2:15:00 AM,0,103.588,24.958,2024-08-17 02:15:00
2024-08-17,2:30:00 AM,0,103.596,24.92,2024-08-17 02:30:00
2024-08-17,2:45:00 AM,0,103.623,24.884,2024-08-17 02:45:00
2024-08-17,3:00:00 AM,0,103.666,24.846,2024-08-17 03:00:00
2024-08-17,3:15:00 AM,0,103.674,24.813,2024-08-17 03:15:00
2024-08-17,3:30:00 AM,0,103.678,24.776,2024-08-17 03:30:00
2024-08-17,3:45:00 AM,0,103.692,24.743,2024-08-17 03:45:00
2024-08-17,4:00:00 AM,0,103.718,24.708,2024-08-17 04:00:00
2024-08-17,4:15:00 AM,0,103.714,24.67,2024-08-17 04:15:00
2024-08-17,4:30:00 AM,0,103.738,24.641,2024-08-17 04:30:00
2024-08-17,4:45:00 AM,0,103.743,24.602,2024-08-17 04:45:00
2024-08-17,5:00:00 AM,0,103.757,24.573,2024-08-17 05:00:00
2024-08-17,5:15:00 AM,0,103.762,24.538,2024-08-17 05:15:00
2024-08-17,5:30:00 AM,0,103.779,24.507,2024-08-17 05:30:00
2024-08-17,5:45:00 AM,0,103.795,24.472,2024-08-17 05:45:00
2024-08-17,6:00:00 AM,0,103.792,24.441,2024-08-17 06:00:00
2024-08-17,6:15:00 AM,0,103.796,24.405,2024-08-17 06:15:00
2024-08-17,6:30:00 AM,0,103.809,24.373,2024-08-17 06:30:00
2024-08-17,6:45:00 AM,0,103.807,24.338,2024-08-17 06:45:00
2024-08-17,7:00:00 AM,0,103.81,24.306,2024-08-17 07:00:00
2024-08-17,7:15:00 AM,0,103.824,24.275,2024-08-17 07:15:00
2024-08-17,7:30:00 AM,0,103.832,24.247,2024-08-17 07:30:00
2024-08-17,7:45:00 AM,0,103.866,24.22,2024-08-17 07:45:00
2024-08-17,8:00:00 AM,0,103.883,24.202,2024-08-17 08:00:00
2024-08-17,8:15:00 AM,0,103.862,24.184,2024-08-17 08:15:00
2024-08-17,8:30:00 AM,0,103.856,24.17,2024-08-17 08:30:00
2024-08-17,8:45:00 AM,0,103.857,24.173,2024-08-17 08:45:00
2024-08-17,9:00:00 AM,0,103.893,24.17,2024-08-17 09:00:00
2024-08-17,9:15:00 AM,0,103.891,24.165,2024-08-17 09:15:00
2024-08-17,9:30:00 AM,0,103.905,24.179,2024-08-17 09:30:00
2024-08-17,9:45:00 AM,0,103.916,24.206,2024-08-17 09:45:00
2024-08-17,10:00:00 AM,0,103.919,24.225,2024-08-17 10:00:00
2024-08-17,10:15:00 AM,0,103.934,24.25,2024-08-17 10:15:00
2024-08-17,10:30:00 AM,0,103.934,24.278,2024-08-17 10:30:00
2024-08-17,10:45:00 AM,0,103.942,24.319,2024-08-17 10:45:00
2024-08-17,11:00:00 AM,0,103.945,24.364,2024-08-17 11:00:00
2024-08-17,11:15:00 AM,0,103.94,24.413,2024-08-17 11:15:00
2024-08-17,11:30:00 AM,0,103.92,24.478,2024-08-17 11:30:00
2024-08-17,11:45:00 AM,0,103.898,24.541,2024-08-17 11:45:00
2024-08-17,12:00:00 PM,0,103.879,24.606,2024-08-17 12:00:00
2024-08-17,12:15:00 PM,0,103.856,24.676,2024-08-17 12:15:00
2024-08-17,12:30:00 PM,0,103.822,24.754,2024-08-17 12:30:00
2024-08-17,12:45:00 PM,0,103.785,24.845,2024-08-17 12:45:00
2024-08-17,1:00:00 PM,0,103.749,24.944,2024-08-17 01:00:00
2024-08-17,1:15:00 PM,0,103.733,25.043,2024-08-17 01:15:00
2024-08-17,1:30:00 PM,0,103.683,25.147,2024-08-17 01:30:00
2024-08-17,1:45:00 PM,0,103.631,25.21,2024-08-17 01:45:00
2024-08-17,2:00:00 PM,0,103.601,25.292,2024-08-17 02:00:00
2024-08-17,2:15:00 PM,0,103.62,25.355,2024-08-17 02:15:00
2024-08-17,2:30:00 PM,0,103.594,25.367,2024-08-17 02:30:00
2024-08-17,2:45:00 PM,0,103.609,25.413,2024-08-17 02:45:00
2024-08-17,3:00:00 PM,0,103.653,25.433,2024-08-17 03:00:00
2024-08-17,3:15:00 PM,0,103.584,25.423,2024-08-17 03:15:00
2024-08-17,3:30:00 PM,0,103.568,25.419,2024-08-17 03:30:00
2024-08-17,3:45:00 PM,0,103.556,25.44,2024-08-17 03:45:00
2024-08-17,4:00:00 PM,0,103.591,25.457,2024-08-17 04:00:00
2024-08-17,4:15:00 PM,0,103.58,25.466,2024-08-17 04:15:00
2024-08-17,4:30:00 PM,0,103.525,25.475,2024-08-17 04:30:00
2024-08-17,4:45:00 PM,0,103.485,25.489,2024-08-17 04:45:00
2024-08-17,5:00:00 PM,0,103.468,25.51,2024-08-17 05:00:00
2024-08-17,5:15:00 PM,0,103.497,25.539,2024-08-17 05:15:00
2024-08-17,5:30:00 PM,0,103.485,25.567,2024-08-17 05:30:00
2024-08-17,5:45:00 PM,0,103.478,25.595,2024-08-17 05:45:00
2024-08-17,6:00:00 PM,0,103.488,25.628,2024-08-17 06:00:00
2024-08-17,6:15:00 PM,0,103.521,25.673,2024-08-17 06:15:00
2024-08-17,6:30:00 PM,0,103.523,25.719,2024-08-17 06:30:00
2024-08-17,6:45:00 PM,0,103.531,25.754,2024-08-17 06:45:00
2024-08-17,7:00:00 PM,0,103.552,25.79,2024-08-17 07:00:00
2024-08-17,7:15:00 PM,0,103.583,25.822,2024-08-17 07:15:00
2024-08-17,7:30:00 PM,0,103.602,25.843,2024-08-17 07:30:00
2024-08-17,7:45:00 PM,0,103.603,25.857,2024-08-17 07:45:00
2024-08-17,8:00:00 PM,0,103.608,25.867,2024-08-17 08:00:00
2024-08-17,8:15:00 PM,0,103.608,25.868,2024-08-17 08:15:00
2024-08-17,8:30:00 PM,0,103.627,25.868,2024-08-17 08:30:00
2024-08-17,8:45:00 PM,0,103.638,25.859,2024-08-17 08:45:00
2024-08-17,9:00:00 PM,0,103.642,25.845,2024-08-17 09:00:00
2024-08-17,9:15:00 PM,0,103.655,25.83,2024-08-17 09:15:00
2024-08-17,9:30:00 PM,0,103.648,25.812,2024-08-17 09:30:00
2024-08-17,9:45:00 PM,0,103.647,25.791,2024-08-17 09:45:00
2024-08-17,10:00:00 PM,0,103.652,25.769,2024-08-17 10:00:00
2024-08-17,10:15:00 PM,0,103.636,25.741,2024-08-17 10:15:00
2024-08-17,10:30:00 PM,0,103.629,25.714,2024-08-17 10:30:00
2024-08-17,10:45:00 PM,0,103.625,25.687,2024-08-17 10:45:00
2024-08-17,11:00:00 PM,0,103.627,25.661,2024-08-17 11:00:00
2024-08-17,11:15:00 PM,0,103.627,25.636,2024-08-17 11:15:00
2024-08-17,11:30:00 PM,0,103.63,25.608,2024-08-17 11:30:00
2024-08-17,11:45:00 PM,0,103.627,25.581,2024-08-17 11:45:00
2024-08-18,12:00:00 AM,0,103.625,25.549,2024-08-18 12:00:00
2024-08-18,12:15:00 AM,0,103.616,25.516,2024-08-18 12:15:00
2024-08-18,12:30:00 AM,0,103.604,25.482,2024-08-18 12:30:00
2024-08-18,12:45:00 AM,0,103.589,25.442,2024-08-18 12:45:00
2024-08-18,1:00:00 AM,0,103.589,25.402,2024-08-18 01:00:00
2024-08-18,1:15:00 AM,0,103.584,25.366,2024-08-18 01:15:00
2024-08-18,1:30:00 AM,0,103.586,25.326,2024-08-18 01:30:00
2024-08-18,1:45:00 AM,0,103.583,25.286,2024-08-18 01:45:00
2024-08-18,2:00:00 AM,0,103.59,25.245,2024-08-18 02:00:00
2024-08-18,2:15:00 AM,0,103.581,25.204,2024-08-18 02:15:00
2024-08-18,2:30:00 AM,0,103.578,25.166,2024-08-18 02:30:00
2024-08-18,2:45:00 AM,0,103.574,25.123,2024-08-18 02:45:00
2024-08-18,3:00:00 AM,0,103.566,25.083,2024-08-18 03:00:00
2024-08-18,3:15:00 AM,0,103.572,25.038,2024-08-18 03:15:00
2024-08-18,3:30:00 AM,0,103.563,24.991,2024-08-18 03:30:00
2024-08-18,3:45:00 AM,0,103.576,24.944,2024-08-18 03:45:00
2024-08-18,4:00:00 AM,0,103.567,24.895,2024-08-18 04:00:00
2024-08-18,4:15:00 AM,0,103.557,24.851,2024-08-18 04:15:00
2024-08-18,4:30:00 AM,0,103.564,24.799,2024-08-18 04:30:00
2024-08-18,4:45:00 AM,0,103.572,24.75,2024-08-18 04:45:00
2024-08-18,5:00:00 AM,0,103.583,24.698,2024-08-18 05:00:00
2024-08-18,5:15:00 AM,0,103.602,24.647,2024-08-18 05:15:00
2024-08-18,5:30:00 AM,0,103.612,24.594,2024-08-18 05:30:00
2024-08-18,5:45:00 AM,0,103.623,24.54,2024-08-18 05:45:00
2024-08-18,6:00:00 AM,0,103.637,24.487,2024-08-18 06:00:00
2024-08-18,6:15:00 AM,0,103.636,24.438,2024-08-18 06:15:00
2024-08-18,6:30:00 AM,0,103.651,24.384,2024-08-18 06:30:00
2024-08-18,6:45:00 AM,0,103.672,24.329,2024-08-18 06:45:00
2024-08-18,7:00:00 AM,0,103.676,24.281,2024-08-18 07:00:00
2024-08-18,7:15:00 AM,0,103.702,24.231,2024-08-18 07:15:00
2024-08-18,7:30:00 AM,0,103.72,24.187,2024-08-18 07:30:00
2024-08-18,7:45:00 AM,0,103.731,24.149,2024-08-18 07:45:00
2024-08-18,8:00:00 AM,0,103.74,24.113,2024-08-18 08:00:00
2024-08-18,8:15:00 AM,0,103.735,24.084,2024-08-18 08:15:00
2024-08-18,8:30:00 AM,0,103.748,24.057,2024-08-18 08:30:00
2024-08-18,8:45:00 AM,0,103.751,24.041,2024-08-18 08:45:00
2024-08-18,9:00:00 AM,0,103.76,24.036,2024-08-18 09:00:00
2024-08-18,9:15:00 AM,0,103.761,24.031,2024-08-18 09:15:00
2024-08-18,9:30:00 AM,0,103.766,24.033,2024-08-18 09:30:00
2024-08-18,9:45:00 AM,0,103.774,24.042,2024-08-18 09:45:00
2024-08-18,10:00:00 AM,0,103.78,24.065,2024-08-18 10:00:00
2024-08-18,10:15:00 AM,0,103.778,24.086,2024-08-18 10:15:00
2024-08-18,10:30:00 AM,0,103.776,24.114,2024-08-18 10:30:00
2024-08-18,10:45:00 AM,0,103.783,24.142,2024-08-18 10:45:00
2024-08-18,11:00:00 AM,0,103.779,24.179,2024-08-18 11:00:00
2024-08-18,11:15:00 AM,0,103.768,24.223,2024-08-18 11:15:00
2024-08-18,11:30:00 AM,0,103.764,24.275,2024-08-18 11:30:00
2024-08-18,11:45:00 AM,0,103.754,24.34,2024-08-18 11:45:00
2024-08-18,12:00:00 PM,0,103.728,24.407,2024-08-18 12:00:00
2024-08-18,12:15:00 PM,0,103.714,24.477,2024-08-18 12:15:00
2024-08-18,12:30:00 PM,0,103.695,24.554,2024-08-18 12:30:00
2024-08-18,12:45:00 PM,0,103.692,24.639,2024-08-18 12:45:00
2024-08-18,1:00:00 PM,0,103.67,24.745,2024-08-18 01:00:00
2024-08-18,1:15:00 PM,0,103.656,24.843,2024-08-18 01:15:00
2024-08-18,1:30:00 PM,0,103.642,24.941,2024-08-18 01:30:00
2024-08-18,1:45:00 PM,0,103.615,25.008,2024-08-18 01:45:00
2024-08-18,2:00:00 PM,0,103.604,25.074,2024-08-18 02:00:00
2024-08-18,2:15:00 PM,0,103.576,25.134,2024-08-18 02:15:00
2024-08-18,2:30:00 PM,0,103.545,25.203,2024-08-18 02:30:00
2024-08-18,2:45:00 PM,0,103.516,25.273,2024-08-18 02:45:00
2024-08-18,3:00:00 PM,0,103.502,25.302,2024-08-18 03:00:00
2024-08-18,3:15:00 PM,0,103.461,25.353,2024-08-18 03:15:00
2024-08-18,3:30:00 PM,0,103.432,25.411,2024-08-18 03:30:00
2024-08-18,3:45:00 PM,0,103.416,25.479,2024-08-18 03:45:00
2024-08-18,4:00:00 PM,0,103.379,25.539,2024-08-18 04:00:00
2024-08-18,4:15:00 PM,0,103.341,25.59,2024-08-18 04:15:00
2024-08-18,4:30:00 PM,0,103.324,25.645,2024-08-18 04:30:00
2024-08-18,4:45:00 PM,0,103.267,25.691,2024-08-18 04:45:00
2024-08-18,5:00:00 PM,0,103.356,25.719,2024-08-18 05:00:00
2024-08-18,5:15:00 PM,0,103.423,25.729,2024-08-18 05:15:00
2024-08-18,5:30:00 PM,0,103.497,25.735,2024-08-18 05:30:00
2024-08-18,5:45:00 PM,0,103.388,25.75,2024-08-18 05:45:00
2024-08-18,6:00:00 PM,0,103.362,25.765,2024-08-18 06:00:00
2024-08-18,6:15:00 PM,0,103.376,25.784,2024-08-18 06:15:00
2024-08-18,6:30:00 PM,0,103.406,25.796,2024-08-18 06:30:00
2024-08-18,6:45:00 PM,0,103.38,25.802,2024-08-18 06:45:00
2024-08-18,7:00:00 PM,0,103.363,25.797,2024-08-18 07:00:00
2024-08-18,7:15:00 PM,0,103.366,25.798,2024-08-18 07:15:00
2024-08-18,7:30:00 PM,0,103.366,25.806,2024-08-18 07:30:00
2024-08-18,7:45:00 PM,0,103.365,25.805,2024-08-18 07:45:00
2024-08-18,8:00:00 PM,0,103.367,25.804,2024-08-18 08:00:00
2024-08-18,8:15:00 PM,0,103.38,25.803,2024-08-18 08:15:00
2024-08-18,8:30:00 PM,0,103.392,25.799,2024-08-18 08:30:00
2024-08-18,8:45:00 PM,0,103.405,25.792,2024-08-18 08:45:00
2024-08-18,9:00:00 PM,0,103.415,25.778,2024-08-18 09:00:00
2024-08-18,9:15:00 PM,0,103.418,25.757,2024-08-18 09:15:00
2024-08-18,9:30:00 PM,0,103.435,25.734,2024-08-18 09:30:00
2024-08-18,9:45:00 PM,0,103.437,25.709,2024-08-18 09:45:00
2024-08-18,10:00:00 PM,0,103.43,25.678,2024-08-18 10:00:00
2024-08-18,10:15:00 PM,0,103.452,25.64,2024-08-18 10:15:00
2024-08-18,10:30:00 PM,0,103.476,25.602,2024-08-18 10:30:00
2024-08-18,10:45:00 PM,0,103.481,25.563,2024-08-18 10:45:00
2024-08-18,11:00:00 PM,0,103.509,25.522,2024-08-18 11:00:00
2024-08-18,11:15:00 PM,0,103.503,25.479,2024-08-18 11:15:00
2024-08-18,11:30:00 PM,0,103.509,25.431,2024-08-18 11:30:00
2024-08-18,11:45:00 PM,0,103.503,25.388,2024-08-18 11:45:00
2024-08-19,12:00:00 AM,0,103.49,25.34,2024-08-19 12:00:00
2024-08-19,12:15:00 AM,0,103.492,25.291,2024-08-19 12:15:00
2024-08-19,12:30:00 AM,0,103.493,25.242,2024-08-19 12:30:00
2024-08-19,12:45:00 AM,0,103.486,25.194,2024-08-19 12:45:00
2024-08-19,1:00:00 AM,0,103.473,25.141,2024-08-19 01:00:00
2024-08-19,1:15:00 AM,0,103.455,25.092,2024-08-19 01:15:00
2024-08-19,1:30:00 AM,0,103.436,25.042,2024-08-19 01:30:00
2024-08-19,1:45:00 AM,0,103.411,24.993,2024-08-19 01:45:00
2024-08-19,2:00:00 AM,0,103.414,24.94,2024-08-19 02:00:00
2024-08-19,2:15:00 AM,0,103.401,24.885,2024-08-19 02:15:00
2024-08-19,2:30:00 AM,0,103.382,24.832,2024-08-19 02:30:00
2024-08-19,2:45:00 AM,0,103.366,24.774,2024-08-19 02:45:00
2024-08-19,3:00:00 AM,0,103.372,24.717,2024-08-19 03:00:00
2024-08-19,3:15:00 AM,0,103.368,24.659,2024-08-19 03:15:00
2024-08-19,3:30:00 AM,0,103.367,24.604,2024-08-19 03:30:00
2024-08-19,3:45:00 AM,0,103.379,24.542,2024-08-19 03:45:00
2024-08-19,4:00:00 AM,0,103.403,24.478,2024-08-19 04:00:00
2024-08-19,4:15:00 AM,0,103.43,24.417,2024-08-19 04:15:00
2024-08-19,4:30:00 AM,0,103.442,24.356,2024-08-19 04:30:00
2024-08-19,4:45:00 AM,0,103.449,24.296,2024-08-19 04:45:00
2024-08-19,5:00:00 AM,0,103.471,24.231,2024-08-19 05:00:00
2024-08-19,5:15:00 AM,0,103.486,24.17,2024-08-19 05:15:00
2024-08-19,5:30:00 AM,0,103.497,24.107,2024-08-19 05:30:00
2024-08-19,5:45:00 AM,0,103.51,24.043,2024-08-19 05:45:00
2024-08-19,6:00:00 AM,0,103.54,23.983,2024-08-19 06:00:00
2024-08-19,6:15:00 AM,0,103.571,23.919,2024-08-19 06:15:00
2024-08-19,6:30:00 AM,0,103.592,23.856,2024-08-19 06:30:00
2024-08-19,6:45:00 AM,0,103.61,23.803,2024-08-19 06:45:00
2024-08-19,7:00:00 AM,0,103.619,23.747,2024-08-19 07:00:00
2024-08-19,7:15:00 AM,0,103.636,23.696,2024-08-19 07:15:00
2024-08-19,7:30:00 AM,0,103.66,23.649,2024-08-19 07:30:00
2024-08-19,7:45:00 AM,0,103.679,23.603,2024-08-19 07:45:00
2024-08-19,8:00:00 AM,0,103.682,23.561,2024-08-19 08:00:00
2024-08-19,8:15:00 AM,0,103.699,23.524,2024-08-19 08:15:00
2024-08-19,8:30:00 AM,0,103.713,23.497,2024-08-19 08:30:00
2024-08-19,8:45:00 AM,0,103.726,23.477,2024-08-19 08:45:00
2024-08-19,9:00:00 AM,0,103.745,23.466,2024-08-19 09:00:00
2024-08-19,9:15:00 AM,0,103.768,23.454,2024-08-19 09:15:00
2024-08-19,9:30:00 AM,0,103.791,23.448,2024-08-19 09:30:00
2024-08-19,9:45:00 AM,0,103.796,23.452,2024-08-19 09:45:00
2024-08-19,10:00:00 AM,0,103.785,23.467,2024-08-19 10:00:00
2024-08-19,10:15:00 AM,0,103.794,23.489,2024-08-19 10:15:00
2024-08-19,10:30:00 AM,0,103.784,23.51,2024-08-19 10:30:00
2024-08-19,10:45:00 AM,0,103.792,23.534,2024-08-19 10:45:00
2024-08-19,11:00:00 AM,0,103.784,23.562,2024-08-19 11:00:00
2024-08-19,11:15:00 AM,0,103.793,23.598,2024-08-19 11:15:00
2024-08-19,11:30:00 AM,0,103.8,23.64,2024-08-19 11:30:00
2024-08-19,11:45:00 AM,0,103.789,23.689,2024-08-19 11:45:00
2024-08-19,12:00:00 PM,0,103.792,23.743,2024-08-19 12:00:00
2024-08-19,12:15:00 PM,0,103.787,23.766,2024-08-19 12:15:00
2024-08-19,12:30:00 PM,0,103.789,23.794,2024-08-19 12:30:00
2024-08-19,12:45:00 PM,0,103.787,23.852,2024-08-19 12:45:00
2024-08-19,1:00:00 PM,0,103.771,23.929,2024-08-19 01:00:00
2024-08-19,1:15:00 PM,0,103.739,23.997,2024-08-19 01:15:00
2024-08-19,1:30:00 PM,0,103.728,24.067,2024-08-19 01:30:00
2024-08-19,1:45:00 PM,0,103.713,24.161,2024-08-19 01:45:00
2024-08-19,2:00:00 PM,0,103.694,24.241,2024-08-19 02:00:00
2024-08-19,2:15:00 PM,0,103.672,24.255,2024-08-19 02:15:00
2024-08-19,2:30:00 PM,0,103.663,24.313,2024-08-19 02:30:00
2024-08-19,2:45:00 PM,0,103.636,24.37,2024-08-19 02:45:00
2024-08-19,3:00:00 PM,0,103.613,24.415,2024-08-19 03:00:00
2024-08-19,3:15:00 PM,0,103.607,24.452,2024-08-19 03:15:00
2024-08-19,3:30:00 PM,0,103.601,24.5,2024-08-19 03:30:00
2024-08-19,3:45:00 PM,0,103.586,24.546,2024-08-19 03:45:00
2024-08-19,4:00:00 PM,0,103.568,24.597,2024-08-19 04:00:00
2024-08-19,4:15:00 PM,0,103.563,24.644,2024-08-19 04:15:00
2024-08-19,4:30:00 PM,0,103.562,24.685,2024-08-19 04:30:00
2024-08-19,4:45:00 PM,0,103.554,24.721,2024-08-19 04:45:00
2024-08-19,5:00:00 PM,0,103.538,24.755,2024-08-19 05:00:00
2024-08-19,5:15:00 PM,0,103.537,24.786,2024-08-19 05:15:00
2024-08-19,5:30:00 PM,0,103.527,24.817,2024-08-19 05:30:00
2024-08-19,5:45:00 PM,0,103.516,24.848,2024-08-19 05:45:00
2024-08-19,6:00:00 PM,0,103.514,24.874,2024-08-19 06:00:00
2024-08-19,6:15:00 PM,0,103.513,24.902,2024-08-19 06:15:00
2024-08-19,6:30:00 PM,0,103.519,24.932,2024-08-19 06:30:00
2024-08-19,6:45:00 PM,0,103.523,24.959,2024-08-19 06:45:00
2024-08-19,7:00:00 PM,0,103.502,24.987,2024-08-19 07:00:00
2024-08-19,7:15:00 PM,0,103.502,25.008,2024-08-19 07:15:00
2024-08-19,7:30:00 PM,0,103.521,25.031,2024-08-19 07:30:00
2024-08-19,7:45:00 PM,0,103.53,25.048,2024-08-19 07:45:00
2024-08-19,8:00:00 PM,0,103.549,25.061,2024-08-19 08:00:00
2024-08-19,8:15:00 PM,0,103.554,25.071,2024-08-19 08:15:00
2024-08-19,8:30:00 PM,0,103.556,25.074,2024-08-19 08:30:00
2024-08-19,8:45:00 PM,0,103.574,25.071,2024-08-19 08:45:00
2024-08-19,9:00:00 PM,0,103.578,25.059,2024-08-19 09:00:00
2024-08-19,9:15:00 PM,0,103.591,25.043,2024-08-19 09:15:00
2024-08-19,9:30:00 PM,0,103.611,25.026,2024-08-19 09:30:00
2024-08-19,9:45:00 PM,0,103.622,25.006,2024-08-19 09:45:00
2024-08-19,10:00:00 PM,0,103.626,24.98,2024-08-19 10:00:00
2024-08-19,10:15:00 PM,0,103.63,24.951,2024-08-19 10:15:00
2024-08-19,10:30:00 PM,0,103.638,24.92,2024-08-19 10:30:00
2024-08-19,10:45:00 PM,0,103.628,24.883,2024-08-19 10:45:00
2024-08-19,11:00:00 PM,0,103.624,24.846,2024-08-19 11:00:00
2024-08-19,11:15:00 PM,0,103.613,24.808,2024-08-19 11:15:00
2024-08-19,11:30:00 PM,0,103.625,24.768,2024-08-19 11:30:00
2024-08-19,11:45:00 PM,0,103.616,24.727,2024-08-19 11:45:00
2024-08-20,12:00:00 AM,0,103.605,24.683,2024-08-20 12:00:00
2024-08-20,12:15:00 AM,0,103.607,24.64,2024-08-20 12:15:00
2024-08-20,12:30:00 AM,0,103.589,24.595,2024-08-20 12:30:00
2024-08-20,12:45:00 AM,0,103.598,24.549,2024-08-20 12:45:00
2024-08-20,1:00:00 AM,0,103.608,24.499,2024-08-20 01:00:00
2024-08-20,1:15:00 AM,0,103.597,24.451,2024-08-20 01:15:00
2024-08-20,1:30:00 AM,0,103.601,24.401,2024-08-20 01:30:00
2024-08-20,1:45:00 AM,0,103.598,24.351,2024-08-20 01:45:00
2024-08-20,2:00:00 AM,0,103.59,24.297,2024-08-20 02:00:00
2024-08-20,2:15:00 AM,0,103.599,24.238,2024-08-20 02:15:00
2024-08-20,2:30:00 AM,0,103.595,24.179,2024-08-20 02:30:00
2024-08-20,2:45:00 AM,0,103.602,24.119,2024-08-20 02:45:00
2024-08-20,3:00:00 AM,0,103.603,24.058,2024-08-20 03:00:00
2024-08-20,3:15:00 AM,0,103.59,23.998,2024-08-20 03:15:00
2024-08-20,3:30:00 AM,0,103.582,23.936,2024-08-20 03:30:00
2024-08-20,3:45:00 AM,0,103.583,23.874,2024-08-20 03:45:00
2024-08-20,4:00:00 AM,0,103.57,23.813,2024-08-20 04:00:00
2024-08-20,4:15:00 AM,0,103.576,23.753,2024-08-20 04:15:00
2024-08-20,4:30:00 AM,0,103.593,23.693,2024-08-20 04:30:00
2024-08-20,4:45:00 AM,0,103.596,23.632,2024-08-20 04:45:00
2024-08-20,5:00:00 AM,0,103.601,23.569,2024-08-20 05:00:00
2024-08-20,5:15:00 AM,0,103.606,23.507,2024-08-20 05:15:00
2024-08-20,5:30:00 AM,0,103.617,23.442,2024-08-20 05:30:00
2024-08-20,5:45:00 AM,0,103.635,23.377,2024-08-20 05:45:00
2024-08-20,6:00:00 AM,0,103.656,23.305,2024-08-20 06:00:00
2024-08-20,6:15:00 AM,0,103.678,23.239,2024-08-20 06:15:00
2024-08-20,6:30:00 AM,0,103.696,23.172,2024-08-20 06:30:00
2024-08-20,6:45:00 AM,0,103.717,23.105,2024-08-20 06:45:00
2024-08-20,7:00:00 AM,0,103.74,23.04,2024-08-20 07:00:00
2024-08-20,7:15:00 AM,0,103.763,22.974,2024-08-20 07:15:00
2024-08-20,7:30:00 AM,0,103.792,22.913,2024-08-20 07:30:00
2024-08-20,7:45:00 AM,0,103.801,22.854,2024-08-20 07:45:00
2024-08-20,8:00:00 AM,0,103.811,22.803,2024-08-20 08:00:00
2024-08-20,8:15:00 AM,0,103.828,22.76,2024-08-20 08:15:00
2024-08-20,8:30:00 AM,0,103.84,22.724,2024-08-20 08:30:00
2024-08-20,8:45:00 AM,0,103.836,22.699,2024-08-20 08:45:00
2024-08-20,9:00:00 AM,0,103.839,22.681,2024-08-20 09:00:00
2024-08-20,9:15:00 AM,0,103.846,22.665,2024-08-20 09:15:00
2024-08-20,9:30:00 AM,0,103.864,22.656,2024-08-20 09:30:00
2024-08-20,9:45:00 AM,0,103.867,22.658,2024-08-20 09:45:00
2024-08-20,10:00:00 AM,0,103.862,22.666,2024-08-20 10:00:00
2024-08-20,10:15:00 AM,0,103.865,22.687,2024-08-20 10:15:00
2024-08-20,10:30:00 AM,0,103.858,22.71,2024-08-20 10:30:00
2024-08-20,10:45:00 AM,0,103.87,22.735,2024-08-20 10:45:00
2024-08-20,11:00:00 AM,0,103.878,22.764,2024-08-20 11:00:00
2024-08-20,11:15:00 AM,0,103.875,22.802,2024-08-20 11:15:00
2024-08-20,11:30:00 AM,0,103.874,22.839,2024-08-20 11:30:00
2024-08-20,11:45:00 AM,0,103.879,22.898,2024-08-20 11:45:00
2024-08-20,12:00:00 PM,0,103.86,22.958,2024-08-20 12:00:00
2024-08-20,12:15:00 PM,0,103.849,23.003,2024-08-20 12:15:00
2024-08-20,12:30:00 PM,0,103.836,23.051,2024-08-20 12:30:00
2024-08-20,12:45:00 PM,0,103.833,23.116,2024-08-20 12:45:00
2024-08-20,1:00:00 PM,0,103.831,23.198,2024-08-20 01:00:00
2024-08-20,1:15:00 PM,0,103.817,23.268,2024-08-20 01:15:00
2024-08-20,1:30:00 PM,0,103.806,23.329,2024-08-20 01:30:00
2024-08-20,1:45:00 PM,0,103.802,23.373,2024-08-20 01:45:00
2024-08-20,2:00:00 PM,0,103.781,23.428,2024-08-20 02:00:00
2024-08-20,2:15:00 PM,0,103.75,23.472,2024-08-20 02:15:00
2024-08-20,2:30:00 PM,0,103.733,23.516,2024-08-20 02:30:00
2024-08-20,2:45:00 PM,0,103.737,23.558,2024-08-20 02:45:00
2024-08-20,3:00:00 PM,0,103.719,23.587,2024-08-20 03:00:00
2024-08-20,3:15:00 PM,0,103.697,23.611,2024-08-20 03:15:00
2024-08-20,3:30:00 PM,0,103.687,23.647,2024-08-20 03:30:00
2024-08-20,3:45:00 PM,0,103.658,23.699,2024-08-20 03:45:00
2024-08-20,4:00:00 PM,0,103.644,23.748,2024-08-20 04:00:00
2024-08-20,4:15:00 PM,0,103.639,23.797,2024-08-20 04:15:00
2024-08-20,4:30:00 PM,0,103.63,23.843,2024-08-20 04:30:00
2024-08-20,4:45:00 PM,0,103.627,23.889,2024-08-20 04:45:00
2024-08-20,5:00:00 PM,0,103.617,23.925,2024-08-20 05:00:00
2024-08-20,5:15:00 PM,0,103.615,23.953,2024-08-20 05:15:00
2024-08-20,5:30:00 PM,0,103.616,23.974,2024-08-20 05:30:00
2024-08-20,5:45:00 PM,0,103.603,23.989,2024-08-20 05:45:00
2024-08-20,6:00:00 PM,0,103.591,24.014,2024-08-20 06:00:00
2024-08-20,6:15:00 PM,0,103.582,24.042,2024-08-20 06:15:00
2024-08-20,6:30:00 PM,0,103.587,24.066,2024-08-20 06:30:00
2024-08-20,6:45:00 PM,0,103.594,24.085,2024-08-20 06:45:00
2024-08-20,7:00:00 PM,0,103.608,24.104,2024-08-20 07:00:00
2024-08-20,7:15:00 PM,0,103.623,24.125,2024-08-20 07:15:00
2024-08-20,7:30:00 PM,0,103.618,24.142,2024-08-20 07:30:00
2024-08-20,7:45:00 PM,0,103.62,24.153,2024-08-20 07:45:00
2024-08-20,8:00:00 PM,0,103.633,24.161,2024-08-20 08:00:00
2024-08-20,8:15:00 PM,0,103.64,24.169,2024-08-20 08:15:00
2024-08-20,8:30:00 PM,0,103.651,24.177,2024-08-20 08:30:00
2024-08-20,8:45:00 PM,0,103.662,24.169,2024-08-20 08:45:00
2024-08-20,9:00:00 PM,0,103.676,24.168,2024-08-20 09:00:00
2024-08-20,9:15:00 PM,0,103.675,24.155,2024-08-20 09:15:00
2024-08-20,9:30:00 PM,0,103.697,24.142,2024-08-20 09:30:00
2024-08-20,9:45:00 PM,0,103.689,24.125,2024-08-20 09:45:00
2024-08-20,10:00:00 PM,0,103.688,24.102,2024-08-20 10:00:00
2024-08-20,10:15:00 PM,0,103.68,24.074,2024-08-20 10:15:00
2024-08-20,10:30:00 PM,0,103.686,24.041,2024-08-20 10:30:00
2024-08-20,10:45:00 PM,0,103.686,24.008,2024-08-20 10:45:00
2024-08-20,11:00:00 PM,0,103.687,23.969,2024-08-20 11:00:00
2024-08-20,11:15:00 PM,0,103.687,23.93,2024-08-20 11:15:00
2024-08-20,11:30:00 PM,0,103.695,23.885,2024-08-20 11:30:00
2024-08-20,11:45:00 PM,0,103.694,23.834,2024-08-20 11:45:00
2024-08-21,12:00:00 AM,0,103.698,23.789,2024-08-21 12:00:00
2024-08-21,12:15:00 AM,0,103.694,23.736,2024-08-21 12:15:00
2024-08-21,12:30:00 AM,0,103.692,23.688,2024-08-21 12:30:00
2024-08-21,12:45:00 AM,0,103.705,23.639,2024-08-21 12:45:00
2024-08-21,1:00:00 AM,0,103.718,23.59,2024-08-21 01:00:00
2024-08-21,1:15:00 AM,0,103.711,23.538,2024-08-21 01:15:00
2024-08-21,1:30:00 AM,0,103.718,23.485,2024-08-21 01:30:00
2024-08-21,1:45:00 AM,0,103.732,23.433,2024-08-21 01:45:00
2024-08-21,2:00:00 AM,0,103.732,23.377,2024-08-21 02:00:00
2024-08-21,2:15:00 AM,0,103.728,23.321,2024-08-21 02:15:00
2024-08-21,2:30:00 AM,0,103.737,23.266,2024-08-21 02:30:00
2024-08-21,2:45:00 AM,0,103.744,23.203,2024-08-21 02:45:00
2024-08-21,3:00:00 AM,0,103.746,23.146,2024-08-21 03:00:00
2024-08-21,3:15:00 AM,0,103.734,23.082,2024-08-21 03:15:00
2024-08-21,3:30:00 AM,0,103.734,23.021,2024-08-21 03:30:00
2024-08-21,3:45:00 AM,0,103.743,22.963,2024-08-21 03:45:00
2024-08-21,4:00:00 AM,0,103.753,22.901,2024-08-21 04:00:00
2024-08-21,4:15:00 AM,0,103.748,22.837,2024-08-21 04:15:00
2024-08-21,4:30:00 AM,0,103.736,22.776,2024-08-21 04:30:00
2024-08-21,4:45:00 AM,0,103.744,22.709,2024-08-21 04:45:00
2024-08-21,5:00:00 AM,0,103.757,22.64,2024-08-21 05:00:00
2024-08-21,5:15:00 AM,0,103.769,22.572,2024-08-21 05:15:00
2024-08-21,5:30:00 AM,0,103.781,22.502,2024-08-21 05:30:00
2024-08-21,5:45:00 AM,0,103.788,22.435,2024-08-21 05:45:00
2024-08-21,6:00:00 AM,0,103.807,22.369,2024-08-21 06:00:00
2024-08-21,6:15:00 AM,0,103.825,22.301,2024-08-21 06:15:00
2024-08-21,6:30:00 AM,0,103.832,22.231,2024-08-21 06:30:00
2024-08-21,6:45:00 AM,0,103.857,22.162,2024-08-21 06:45:00
2024-08-21,7:00:00 AM,0,103.879,22.094,2024-08-21 07:00:00
2024-08-21,7:15:00 AM,0,103.884,22.03,2024-08-21 07:15:00
2024-08-21,7:30:00 AM,0,103.89,21.968,2024-08-21 07:30:00
2024-08-21,7:45:00 AM,0,103.901,21.913,2024-08-21 07:45:00
2024-08-21,8:00:00 AM,0,103.909,21.861,2024-08-21 08:00:00
2024-08-21,8:15:00 AM,0,103.913,21.821,2024-08-21 08:15:00
2024-08-21,8:30:00 AM,0,103.921,21.782,2024-08-21 08:30:00
2024-08-21,8:45:00 AM,0,103.929,21.751,2024-08-21 08:45:00
2024-08-21,9:00:00 AM,0,103.938,21.731,2024-08-21 09:00:00
2024-08-21,9:15:00 AM,0,103.953,21.713,2024-08-21 09:15:00
2024-08-21,9:30:00 AM,0,103.951,21.702,2024-08-21 09:30:00
2024-08-21,9:45:00 AM,0,103.96,21.703,2024-08-21 09:45:00
2024-08-21,10:00:00 AM,0,103.949,21.712,2024-08-21 10:00:00
2024-08-21,10:15:00 AM,0,103.946,21.731,2024-08-21 10:15:00
2024-08-21,10:30:00 AM,0,103.935,21.754,2024-08-21 10:30:00
2024-08-21,10:45:00 AM,0,103.929,21.779,2024-08-21 10:45:00
2024-08-21,11:00:00 AM,0,103.935,21.814,2024-08-21 11:00:00
2024-08-21,11:15:00 AM,0,103.921,21.858,2024-08-21 11:15:00
2024-08-21,11:30:00 AM,0,103.912,21.904,2024-08-21 11:30:00
2024-08-21,11:45:00 AM,0,103.904,21.961,2024-08-21 11:45:00
2024-08-21,12:00:00 PM,0,103.899,22.032,2024-08-21 12:00:00
2024-08-21,12:15:00 PM,0,103.894,22.102,2024-08-21 12:15:00
2024-08-21,12:30:00 PM,0,103.883,22.178,2024-08-21 12:30:00
2024-08-21,12:45:00 PM,0,103.882,22.257,2024-08-21 12:45:00
2024-08-21,1:00:00 PM,0,103.872,22.352,2024-08-21 01:00:00
2024-08-21,1:15:00 PM,0,103.88,22.448,2024-08-21 01:15:00
2024-08-21,1:30:00 PM,0,103.86,22.537,2024-08-21 01:30:00
2024-08-21,1:45:00 PM,0,103.843,22.596,2024-08-21 01:45:00
2024-08-21,2:00:00 PM,0,103.831,22.601,2024-08-21 02:00:00
2024-08-21,2:15:00 PM,0,103.819,22.656,2024-08-21 02:15:00
2024-08-21,2:30:00 PM,0,103.814,22.73,2024-08-21 02:30:00
2024-08-21,2:45:00 PM,0,103.812,22.775,2024-08-21 02:45:00
2024-08-21,3:00:00 PM,0,103.801,22.747,2024-08-21 03:00:00
2024-08-21,3:15:00 PM,0,103.788,22.783,2024-08-21 03:15:00
2024-08-21,3:30:00 PM,0,103.779,22.839,2024-08-21 03:30:00
2024-08-21,3:45:00 PM,0,103.764,22.895,2024-08-21 03:45:00
2024-08-21,4:00:00 PM,0,103.753,22.949,2024-08-21 04:00:00
2024-08-21,4:15:00 PM,0,103.748,23.007,2024-08-21 04:15:00
2024-08-21,4:30:00 PM,0,103.74,23.061,2024-08-21 04:30:00
2024-08-21,4:45:00 PM,0,103.725,23.117,2024-08-21 04:45:00
2024-08-21,5:00:00 PM,0,103.727,23.163,2024-08-21 05:00:00
2024-08-21,5:15:00 PM,0,103.724,23.207,2024-08-21 05:15:00
2024-08-21,5:30:00 PM,0,103.726,23.236,2024-08-21 05:30:00
2024-08-21,5:45:00 PM,0,103.718,23.259,2024-08-21 05:45:00
2024-08-21,6:00:00 PM,0,103.703,23.287,2024-08-21 06:00:00
2024-08-21,6:15:00 PM,0,103.698,23.317,2024-08-21 06:15:00
2024-08-21,6:30:00 PM,0,103.707,23.349,2024-08-21 06:30:00
2024-08-21,6:45:00 PM,0,103.707,23.379,2024-08-21 06:45:00
2024-08-21,7:00:00 PM,0,103.694,23.407,2024-08-21 07:00:00
2024-08-21,7:15:00 PM,0,103.704,23.436,2024-08-21 07:15:00
2024-08-21,7:30:00 PM,0,103.709,23.46,2024-08-21 07:30:00
2024-08-21,7:45:00 PM,0,103.707,23.478,2024-08-21 07:45:00
2024-08-21,8:00:00 PM,0,103.718,23.491,2024-08-21 08:00:00
2024-08-21,8:15:00 PM,0,103.721,23.504,2024-08-21 08:15:00
2024-08-21,8:30:00 PM,0,103.732,23.514,2024-08-21 08:30:00
2024-08-21,8:45:00 PM,0,103.739,23.51,2024-08-21 08:45:00
2024-08-21,9:00:00 PM,0,103.747,23.5,2024-08-21 09:00:00
2024-08-21,9:15:00 PM,0,103.757,23.485,2024-08-21 09:15:00
2024-08-21,9:30:00 PM,0,103.758,23.469,2024-08-21 09:30:00
2024-08-21,9:45:00 PM,0,103.767,23.45,2024-08-21 09:45:00
2024-08-21,10:00:00 PM,0,103.773,23.427,2024-08-21 10:00:00
2024-08-21,10:15:00 PM,0,103.789,23.393,2024-08-21 10:15:00
2024-08-21,10:30:00 PM,0,103.789,23.359,2024-08-21 10:30:00
2024-08-21,10:45:00 PM,0,103.785,23.325,2024-08-21 10:45:00
2024-08-21,11:00:00 PM,0,103.77,23.286,2024-08-21 11:00:00
2024-08-21,11:15:00 PM,0,103.77,23.245,2024-08-21 11:15:00
2024-08-21,11:30:00 PM,0,103.762,23.202,2024-08-21 11:30:00
2024-08-21,11:45:00 PM,0,103.749,23.158,2024-08-21 11:45:00
2024-08-22,12:00:00 AM,0,103.753,23.112,2024-08-22 12:00:00
2024-08-22,12:15:00 AM,0,103.745,23.065,2024-08-22 12:15:00
2024-08-22,12:30:00 AM,0,103.731,23.016,2024-08-22 12:30:00
2024-08-22,12:45:00 AM,0,103.732,22.968,2024-08-22 12:45:00
2024-08-22,1:00:00 AM,0,103.719,22.919,2024-08-22 01:00:00
2024-08-22,1:15:00 AM,0,103.708,22.869,2024-08-22 01:15:00
2024-08-22,1:30:00 AM,0,103.682,22.814,2024-08-22 01:30:00
2024-08-22,1:45:00 AM,0,103.681,22.761,2024-08-22 01:45:00
2024-08-22,2:00:00 AM,0,103.66,22.704,2024-08-22 02:00:00
2024-08-22,2:15:00 AM,0,103.653,22.65,2024-08-22 02:15:00
2024-08-22,2:30:00 AM,0,103.658,22.598,2024-08-22 02:30:00
2024-08-22,2:45:00 AM,0,103.659,22.544,2024-08-22 02:45:00
2024-08-22,3:00:00 AM,0,103.661,22.488,2024-08-22 03:00:00
2024-08-22,3:15:00 AM,0,103.66,22.433,2024-08-22 03:15:00
2024-08-22,3:30:00 AM,0,103.67,22.376,2024-08-22 03:30:00
2024-08-22,3:45:00 AM,0,103.681,22.321,2024-08-22 03:45:00
2024-08-22,4:00:00 AM,0,103.692,22.264,2024-08-22 04:00:00
2024-08-22,4:15:00 AM,0,103.702,22.211,2024-08-22 04:15:00
2024-08-22,4:30:00 AM,0,103.729,22.153,2024-08-22 04:30:00
2024-08-22,4:45:00 AM,0,103.741,22.102,2024-08-22 04:45:00
2024-08-22,5:00:00 AM,0,103.756,22.045,2024-08-22 05:00:00
2024-08-22,5:15:00 AM,0,103.763,21.992,2024-08-22 05:15:00
2024-08-22,5:30:00 AM,0,103.782,21.936,2024-08-22 05:30:00
2024-08-22,5:45:00 AM,0,103.792,21.883,2024-08-22 05:45:00
2024-08-22,6:00:00 AM,0,103.819,21.827,2024-08-22 06:00:00
2024-08-22,6:15:00 AM,0,103.84,21.771,2024-08-22 06:15:00
2024-08-22,6:30:00 AM,0,103.865,21.715,2024-08-22 06:30:00
2024-08-22,6:45:00 AM,0,103.883,21.66,2024-08-22 06:45:00
2024-08-22,7:00:00 AM,0,103.898,21.606,2024-08-22 07:00:00
2024-08-22,7:15:00 AM,0,103.919,21.557,2024-08-22 07:15:00
2024-08-22,7:30:00 AM,0,103.927,21.51,2024-08-22 07:30:00
2024-08-22,7:45:00 AM,0,103.948,21.47,2024-08-22 07:45:00
2024-08-22,8:00:00 AM,0,103.946,21.435,2024-08-22 08:00:00
2024-08-22,8:15:00 AM,0,103.961,21.402,2024-08-22 08:15:00
2024-08-22,8:30:00 AM,0,103.969,21.375,2024-08-22 08:30:00
2024-08-22,8:45:00 AM,0,103.975,21.356,2024-08-22 08:45:00
2024-08-22,9:00:00 AM,0,103.98,21.349,2024-08-22 09:00:00
2024-08-22,9:15:00 AM,0,103.984,21.348,2024-08-22 09:15:00
2024-08-22,9:30:00 AM,0,103.99,21.356,2024-08-22 09:30:00
2024-08-22,9:45:00 AM,0,103.994,21.377,2024-08-22 09:45:00
2024-08-22,10:00:00 AM,0,104.003,21.406,2024-08-22 10:00:00
2024-08-22,10:15:00 AM,0,104.011,21.444,2024-08-22 10:15:00
2024-08-22,10:30:00 AM,0,104.017,21.483,2024-08-22 10:30:00
2024-08-22,10:45:00 AM,0,104.029,21.502,2024-08-22 10:45:00
2024-08-22,11:00:00 AM,0,104.038,21.531,2024-08-22 11:00:00
2024-08-22,11:15:00 AM,0,104.043,21.578,2024-08-22 11:15:00
2024-08-22,11:30:00 AM,0,104.029,21.643,2024-08-22 11:30:00
2024-08-22,11:45:00 AM,0,104.026,21.714,2024-08-22 11:45:00
2024-08-22,12:00:00 PM,0,104.016,21.762,2024-08-22 12:00:00
2024-08-22,12:15:00 PM,0,104.007,21.815,2024-08-22 12:15:00
2024-08-22,12:30:00 PM,0,103.999,21.905,2024-08-22 12:30:00
2024-08-22,12:45:00 PM,0,103.997,21.978,2024-08-22 12:45:00
2024-08-22,1:00:00 PM,0,104.003,22.079,2024-08-22 01:00:00
2024-08-22,1:15:00 PM,0,103.988,22.191,2024-08-22 01:15:00
2024-08-22,1:30:00 PM,0,103.968,22.259,2024-08-22 01:30:00
2024-08-22,1:45:00 PM,0,103.967,22.317,2024-08-22 01:45:00
2024-08-22,2:00:00 PM,0,103.949,22.377,2024-08-22 02:00:00
2024-08-22,2:15:00 PM,0,103.938,22.379,2024-08-22 02:15:00
2024-08-22,2:30:00 PM,0,103.916,22.493,2024-08-22 02:30:00
2024-08-22,2:45:00 PM,0,103.9,22.553,2024-08-22 02:45:00
2024-08-22,3:00:00 PM,0,103.91,22.593,2024-08-22 03:00:00
2024-08-22,3:15:00 PM,0,103.897,22.588,2024-08-22 03:15:00
2024-08-22,3:30:00 PM,0,103.92,22.643,2024-08-22 03:30:00
2024-08-22,3:45:00 PM,0,103.943,22.723,2024-08-22 03:45:00
2024-08-22,4:00:00 PM,0,103.911,22.78,2024-08-22 04:00:00
2024-08-22,4:15:00 PM,0,103.91,22.812,2024-08-22 04:15:00
2024-08-22,4:30:00 PM,0,103.912,22.845,2024-08-22 04:30:00
2024-08-22,4:45:00 PM,0,103.898,22.891,2024-08-22 04:45:00
2024-08-22,5:00:00 PM,0,103.899,22.938,2024-08-22 05:00:00
2024-08-22,5:15:00 PM,0,103.896,22.986,2024-08-22 05:15:00
2024-08-22,5:30:00 PM,0,103.892,23.014,2024-08-22 05:30:00
2024-08-22,5:45:00 PM,0,103.898,23.037,2024-08-22 05:45:00
2024-08-22,6:00:00 PM,0,103.91,23.061,2024-08-22 06:00:00
2024-08-22,6:15:00 PM,0,103.909,23.093,2024-08-22 06:15:00
2024-08-22,6:30:00 PM,0,103.919,23.129,2024-08-22 06:30:00
2024-08-22,6:45:00 PM,0,103.917,23.166,2024-08-22 06:45:00
2024-08-22,7:00:00 PM,0,103.905,23.201,2024-08-22 07:00:00
2024-08-22,7:15:00 PM,0,103.914,23.234,2024-08-22 07:15:00
2024-08-22,7:30:00 PM,0,103.934,23.266,2024-08-22 07:30:00
2024-08-22,7:45:00 PM,0,103.949,23.302,2024-08-22 07:45:00
2024-08-22,8:00:00 PM,0,103.973,23.336,2024-08-22 08:00:00
2024-08-22,8:15:00 PM,0,103.99,23.369,2024-08-22 08:15:00
2024-08-22,8:30:00 PM,0,103.991,23.397,2024-08-22 08:30:00
2024-08-22,8:45:00 PM,0,103.997,23.419,2024-08-22 08:45:00
2024-08-22,9:00:00 PM,0,104.017,23.44,2024-08-22 09:00:00
2024-08-22,9:15:00 PM,0,104.027,23.454,2024-08-22 09:15:00
2024-08-22,9:30:00 PM,0,104.038,23.462,2024-08-22 09:30:00
2024-08-22,9:45:00 PM,0,104.038,23.464,2024-08-22 09:45:00
2024-08-22,10:00:00 PM,0,104.042,23.462,2024-08-22 10:00:00
2024-08-22,10:15:00 PM,0,104.051,23.458,2024-08-22 10:15:00
2024-08-22,10:30:00 PM,0,104.057,23.446,2024-08-22 10:30:00
2024-08-22,10:45:00 PM,0,104.049,23.433,2024-08-22 10:45:00
2024-08-22,11:00:00 PM,0,104.052,23.418,2024-08-22 11:00:00
2024-08-22,11:15:00 PM,0,104.053,23.404,2024-08-22 11:15:00
2024-08-22,11:30:00 PM,0,104.059,23.387,2024-08-22 11:30:00
2024-08-22,11:45:00 PM,0,104.061,23.366,2024-08-22 11:45:00
2024-08-23,12:00:00 AM,0,104.058,23.346,2024-08-23 12:00:00
2024-08-23,12:15:00 AM,0,104.055,23.324,2024-08-23 12:15:00
2024-08-23,12:30:00 AM,0,104.052,23.303,2024-08-23 12:30:00
2024-08-23,12:45:00 AM,0,104.055,23.282,2024-08-23 12:45:00
2024-08-23,1:00:00 AM,0,104.058,23.254,2024-08-23 01:00:00
2024-08-23,1:15:00 AM,0,104.055,23.229,2024-08-23 01:15:00
2024-08-23,1:30:00 AM,0,104.046,23.2,2024-08-23 01:30:00
2024-08-23,1:45:00 AM,0,104.042,23.172,2024-08-23 01:45:00
2024-08-23,2:00:00 AM,0,104.037,23.142,2024-08-23 02:00:00
2024-08-23,2:15:00 AM,0,104.037,23.108,2024-08-23 02:15:00
2024-08-23,2:30:00 AM,0,104.034,23.077,2024-08-23 02:30:00
2024-08-23,2:45:00 AM,0,104.041,23.044,2024-08-23 02:45:00
2024-08-23,3:00:00 AM,0,104.049,23.005,2024-08-23 03:00:00
2024-08-23,3:15:00 AM,0,104.068,22.968,2024-08-23 03:15:00
2024-08-23,3:30:00 AM,0,104.076,22.931,2024-08-23 03:30:00
2024-08-23,3:45:00 AM,0,104.08,22.893,2024-08-23 03:45:00
2024-08-23,4:00:00 AM,0,104.092,22.851,2024-08-23 04:00:00
2024-08-23,4:15:00 AM,0,104.102,22.81,2024-08-23 04:15:00
2024-08-23,4:30:00 AM,0,104.101,22.77,2024-08-23 04:30:00
2024-08-23,4:45:00 AM,0,104.138,22.729,2024-08-23 04:45:00
2024-08-23,5:00:00 AM,0,104.156,22.685,2024-08-23 05:00:00
2024-08-23,5:15:00 AM,0,104.178,22.642,2024-08-23 05:15:00
2024-08-23,5:30:00 AM,0,104.203,22.595,2024-08-23 05:30:00
2024-08-23,5:45:00 AM,0,104.217,22.547,2024-08-23 05:45:00
2024-08-23,6:00:00 AM,0,104.241,22.5,2024-08-23 06:00:00
2024-08-23,6:15:00 AM,0,104.265,22.453,2024-08-23 06:15:00
2024-08-23,6:30:00 AM,0,104.29,22.407,2024-08-23 06:30:00
2024-08-23,6:45:00 AM,0,104.324,22.358,2024-08-23 06:45:00
2024-08-23,7:00:00 AM,0,104.339,22.312,2024-08-23 07:00:00
2024-08-23,7:15:00 AM,0,104.353,22.265,2024-08-23 07:15:00
2024-08-23,7:30:00 AM,0,104.366,22.223,2024-08-23 07:30:00
2024-08-23,7:45:00 AM,0,104.38,22.185,2024-08-23 07:45:00
2024-08-23,8:00:00 AM,0,104.388,22.152,2024-08-23 08:00:00
2024-08-23,8:15:00 AM,0,104.389,22.125,2024-08-23 08:15:00
2024-08-23,8:30:00 AM,0,104.413,22.102,2024-08-23 08:30:00
2024-08-23,8:45:00 AM,0,104.427,22.087,2024-08-23 08:45:00
2024-08-23,9:00:00 AM,0,104.425,22.077,2024-08-23 09:00:00
2024-08-23,9:15:00 AM,0,104.451,22.072,2024-08-23 09:15:00
2024-08-23,9:30:00 AM,0,104.443,22.071,2024-08-23 09:30:00
2024-08-23,9:45:00 AM,0,104.445,22.076,2024-08-23 09:45:00
2024-08-23,10:00:00 AM,0,104.452,22.086,2024-08-23 10:00:00
2024-08-23,10:15:00 AM,0,104.471,22.109,2024-08-23 10:15:00
2024-08-23,10:30:00 AM,0,104.477,22.128,2024-08-23 10:30:00
2024-08-23,10:45:00 AM,0,104.486,22.147,2024-08-23 10:45:00
2024-08-23,11:00:00 AM,0,104.49,22.171,2024-08-23 11:00:00
2024-08-23,11:15:00 AM,0,104.488,22.205,2024-08-23 11:15:00
2024-08-23,11:30:00 AM,0,104.478,22.249,2024-08-23 11:30:00
2024-08-23,11:45:00 AM,0,104.471,22.301,2024-08-23 11:45:00
2024-08-23,12:00:00 PM,0,104.481,22.355,2024-08-23 12:00:00
2024-08-23,12:15:00 PM,0,104.46,22.41,2024-08-23 12:15:00
2024-08-23,12:30:00 PM,0,104.442,22.47,2024-08-23 12:30:00
2024-08-23,12:45:00 PM,0,104.442,22.542,2024-08-23 12:45:00
2024-08-23,1:00:00 PM,0,104.414,22.615,2024-08-23 01:00:00
2024-08-23,1:15:00 PM,0,104.389,22.697,2024-08-23 01:15:00
2024-08-23,1:30:00 PM,0,104.386,22.761,2024-08-23 01:30:00
2024-08-23,1:45:00 PM,0,104.381,22.813,2024-08-23 01:45:00
2024-08-23,2:00:00 PM,0,104.349,22.856,2024-08-23 02:00:00
2024-08-23,2:15:00 PM,0,104.324,22.898,2024-08-23 02:15:00
2024-08-23,2:30:00 PM,0,104.312,22.947,2024-08-23 02:30:00
2024-08-23,2:45:00 PM,0,104.292,22.986,2024-08-23 02:45:00
2024-08-23,3:00:00 PM,0,104.274,23.017,2024-08-23 03:00:00
2024-08-23,3:15:00 PM,0,104.245,23.045,2024-08-23 03:15:00
2024-08-23,3:30:00 PM,0,104.219,23.071,2024-08-23 03:30:00
2024-08-23,3:45:00 PM,0,104.215,23.111,2024-08-23 03:45:00
2024-08-23,4:00:00 PM,0,104.198,23.152,2024-08-23 04:00:00
2024-08-23,4:15:00 PM,0,104.179,23.2,2024-08-23 04:15:00
2024-08-23,4:30:00 PM,0,104.168,23.249,2024-08-23 04:30:00
2024-08-23,4:45:00 PM,0,104.159,23.293,2024-08-23 04:45:00
2024-08-23,5:00:00 PM,0,104.149,23.327,2024-08-23 05:00:00
2024-08-23,5:15:00 PM,0,104.139,23.355,2024-08-23 05:15:00
2024-08-23,5:30:00 PM,0,104.142,23.372,2024-08-23 05:30:00
2024-08-23,5:45:00 PM,0,104.143,23.387,2024-08-23 05:45:00
2024-08-23,6:00:00 PM,0,104.137,23.402,2024-08-23 06:00:00
2024-08-23,6:15:00 PM,0,104.131,23.42,2024-08-23 06:15:00
2024-08-23,6:30:00 PM,0,104.121,23.438,2024-08-23 06:30:00
2024-08-23,6:45:00 PM,0,104.132,23.456,2024-08-23 06:45:00
2024-08-23,7:00:00 PM,0,104.13,23.476,2024-08-23 07:00:00
2024-08-23,7:15:00 PM,0,104.125,23.496,2024-08-23 07:15:00
2024-08-23,7:30:00 PM,0,104.124,23.512,2024-08-23 07:30:00
2024-08-23,7:45:00 PM,0,104.133,23.521,2024-08-23 07:45:00
2024-08-23,8:00:00 PM,0,104.147,23.528,2024-08-23 08:00:00
2024-08-23,8:15:00 PM,0,104.154,23.529,2024-08-23 08:15:00
2024-08-23,8:30:00 PM,0,104.153,23.532,2024-08-23 08:30:00
2024-08-23,8:45:00 PM,0,104.153,23.529,2024-08-23 08:45:00
2024-08-23,9:00:00 PM,0,104.167,23.518,2024-08-23 09:00:00
2024-08-23,9:15:00 PM,0,104.19,23.506,2024-08-23 09:15:00
2024-08-23,9:30:00 PM,0,104.192,23.489,2024-08-23 09:30:00
2024-08-23,9:45:00 PM,0,104.196,23.465,2024-08-23 09:45:00
2024-08-23,10:00:00 PM,0,104.179,23.441,2024-08-23 10:00:00
2024-08-23,10:15:00 PM,0,104.189,23.41,2024-08-23 10:15:00
2024-08-23,10:30:00 PM,0,104.197,23.37,2024-08-23 10:30:00
2024-08-23,10:45:00 PM,0,104.196,23.332,2024-08-23 10:45:00
2024-08-23,11:00:00 PM,0,104.191,23.29,2024-08-23 11:00:00
2024-08-23,11:15:00 PM,0,104.195,23.242,2024-08-23 11:15:00
2024-08-23,11:30:00 PM,0,104.195,23.195,2024-08-23 11:30:00
2024-08-23,11:45:00 PM,0,104.178,23.143,2024-08-23 11:45:00
2024-08-24,12:00:00 AM,0,104.165,23.091,2024-08-24 12:00:00
2024-08-24,12:15:00 AM,0,104.146,23.041,2024-08-24 12:15:00
2024-08-24,12:30:00 AM,0,104.133,22.984,2024-08-24 12:30:00
2024-08-24,12:45:00 AM,0,104.113,22.92,2024-08-24 12:45:00
2024-08-24,1:00:00 AM,0,104.109,22.864,2024-08-24 01:00:00
2024-08-24,1:15:00 AM,0,104.101,22.799,2024-08-24 01:15:00
2024-08-24,1:30:00 AM,0,104.091,22.737,2024-08-24 01:30:00
2024-08-24,1:45:00 AM,0,104.088,22.673,2024-08-24 01:45:00
2024-08-24,2:00:00 AM,0,104.08,22.604,2024-08-24 02:00:00
2024-08-24,2:15:00 AM,0,104.072,22.535,2024-08-24 02:15:00
2024-08-24,2:30:00 AM,0,104.073,22.464,2024-08-24 02:30:00
2024-08-24,2:45:00 AM,0,104.063,22.394,2024-08-24 02:45:00
2024-08-24,3:00:00 AM,0,104.07,22.32,2024-08-24 03:00:00
2024-08-24,3:15:00 AM,0,104.067,22.25,2024-08-24 03:15:00
2024-08-24,3:30:00 AM,0,104.08,22.182,2024-08-24 03:30:00
2024-08-24,3:45:00 AM,0,104.089,22.111,2024-08-24 03:45:00
2024-08-24,4:00:00 AM,0,104.103,22.041,2024-08-24 04:00:00
2024-08-24,4:15:00 AM,0,104.12,21.968,2024-08-24 04:15:00
2024-08-24,4:30:00 AM,0,104.134,21.896,2024-08-24 04:30:00
2024-08-24,4:45:00 AM,0,104.154,21.826,2024-08-24 04:45:00
2024-08-24,5:00:00 AM,0,104.174,21.756,2024-08-24 05:00:00
2024-08-24,5:15:00 AM,0,104.198,21.683,2024-08-24 05:15:00
2024-08-24,5:30:00 AM,0,104.216,21.61,2024-08-24 05:30:00
2024-08-24,5:45:00 AM,0,104.23,21.538,2024-08-24 05:45:00
2024-08-24,6:00:00 AM,0,104.237,21.464,2024-08-24 06:00:00
2024-08-24,6:15:00 AM,0,104.248,21.396,2024-08-24 06:15:00
2024-08-24,6:30:00 AM,0,104.282,21.325,2024-08-24 06:30:00
2024-08-24,6:45:00 AM,0,104.296,21.252,2024-08-24 06:45:00
2024-08-24,7:00:00 AM,0,104.3,21.182,2024-08-24 07:00:00
2024-08-24,7:15:00 AM,0,104.32,21.115,2024-08-24 07:15:00
2024-08-24,7:30:00 AM,0,104.327,21.051,2024-08-24 07:30:00
2024-08-24,7:45:00 AM,0,104.339,20.995,2024-08-24 07:45:00
2024-08-24,8:00:00 AM,0,104.346,20.942,2024-08-24 08:00:00
2024-08-24,8:15:00 AM,0,104.368,20.9,2024-08-24 08:15:00
2024-08-24,8:30:00 AM,0,104.388,20.864,2024-08-24 08:30:00
2024-08-24,8:45:00 AM,0,104.391,20.84,2024-08-24 08:45:00
2024-08-24,9:00:00 AM,0,104.411,20.825,2024-08-24 09:00:00
2024-08-24,9:15:00 AM,0,104.422,20.818,2024-08-24 09:15:00
2024-08-24,9:30:00 AM,0,104.432,20.819,2024-08-24 09:30:00
2024-08-24,9:45:00 AM,0,104.433,20.831,2024-08-24 09:45:00
2024-08-24,10:00:00 AM,0,104.424,20.852,2024-08-24 10:00:00
2024-08-24,10:15:00 AM,0,104.416,20.886,2024-08-24 10:15:00
2024-08-24,10:30:00 AM,0,104.396,20.922,2024-08-24 10:30:00
2024-08-24,10:45:00 AM,0,104.375,20.96,2024-08-24 10:45:00
2024-08-24,11:00:00 AM,0,104.354,21.006,2024-08-24 11:00:00
2024-08-24,11:15:00 AM,0,104.329,21.056,2024-08-24 11:15:00
2024-08-24,11:30:00 AM,0,104.307,21.119,2024-08-24 11:30:00
2024-08-24,11:45:00 AM,0,104.295,21.19,2024-08-24 11:45:00
2024-08-24,12:00:00 PM,0,104.284,21.265,2024-08-24 12:00:00
2024-08-24,12:15:00 PM,0,104.274,21.343,2024-08-24 12:15:00
2024-08-24,12:30:00 PM,0,104.246,21.423,2024-08-24 12:30:00
2024-08-24,12:45:00 PM,0,104.239,21.509,2024-08-24 12:45:00
2024-08-24,1:00:00 PM,0,104.226,21.605,2024-08-24 01:00:00
2024-08-24,1:15:00 PM,0,104.207,21.709,2024-08-24 01:15:00
2024-08-24,1:30:00 PM,0,104.189,21.8,2024-08-24 01:30:00
2024-08-24,1:45:00 PM,0,104.191,21.86,2024-08-24 01:45:00
2024-08-24,2:00:00 PM,0,104.173,21.92,2024-08-24 02:00:00
2024-08-24,2:15:00 PM,0,104.168,21.972,2024-08-24 02:15:00
2024-08-24,2:30:00 PM,0,104.155,22.027,2024-08-24 02:30:00
2024-08-24,2:45:00 PM,0,104.14,22.082,2024-08-24 02:45:00
2024-08-24,3:00:00 PM,0,104.128,22.087,2024-08-24 03:00:00
2024-08-24,3:15:00 PM,0,104.118,22.143,2024-08-24 03:15:00
2024-08-24,3:30:00 PM,0,104.103,22.18,2024-08-24 03:30:00
2024-08-24,3:45:00 PM,0,104.096,22.232,2024-08-24 03:45:00
2024-08-24,4:00:00 PM,0,104.11,22.289,2024-08-24 04:00:00
2024-08-24,4:15:00 PM,0,104.099,22.336,2024-08-24 04:15:00
2024-08-24,4:30:00 PM,0,104.075,22.397,2024-08-24 04:30:00
2024-08-24,4:45:00 PM,0,104.048,22.462,2024-08-24 04:45:00
2024-08-24,5:00:00 PM,0,104.053,22.522,2024-08-24 05:00:00
2024-08-24,5:15:00 PM,0,104.039,22.57,2024-08-24 05:15:00
2024-08-24,5:30:00 PM,0,104.008,22.6,2024-08-24 05:30:00
2024-08-24,5:45:00 PM,0,103.996,22.629,2024-08-24 05:45:00
2024-08-24,6:00:00 PM,0,103.985,22.662,2024-08-24 06:00:00
2024-08-24,6:15:00 PM,0,103.969,22.694,2024-08-24 06:15:00
2024-08-24,6:30:00 PM,0,103.958,22.727,2024-08-24 06:30:00
2024-08-24,6:45:00 PM,0,103.957,22.762,2024-08-24 06:45:00
2024-08-24,7:00:00 PM,0,103.949,22.799,2024-08-24 07:00:00
2024-08-24,7:15:00 PM,0,103.958,22.837,2024-08-24 07:15:00
2024-08-24,7:30:00 PM,0,103.972,22.878,2024-08-24 07:30:00
2024-08-24,7:45:00 PM,0,103.976,22.917,2024-08-24 07:45:00
2024-08-24,8:00:00 PM,0,103.983,22.956,2024-08-24 08:00:00
2024-08-24,8:15:00 PM,0,103.981,22.992,2024-08-24 08:15:00
2024-08-24,8:30:00 PM,0,103.978,23.027,2024-08-24 08:30:00
2024-08-24,8:45:00 PM,0,103.986,23.058,2024-08-24 08:45:00
2024-08-24,9:00:00 PM,0,103.989,23.081,2024-08-24 09:00:00
2024-08-24,9:15:00 PM,0,103.99,23.104,2024-08-24 09:15:00
2024-08-24,9:30:00 PM,0,103.995,23.122,2024-08-24 09:30:00
2024-08-24,9:45:00 PM,0,103.992,23.135,2024-08-24 09:45:00
2024-08-24,10:00:00 PM,0,104.001,23.142,2024-08-24 10:00:00
2024-08-24,10:15:00 PM,0,103.994,23.143,2024-08-24 10:15:00
2024-08-24,10:30:00 PM,0,103.984,23.14,2024-08-24 10:30:00
2024-08-24,10:45:00 PM,0,103.962,23.128,2024-08-24 10:45:00
2024-08-24,11:00:00 PM,0,103.951,23.113,2024-08-24 11:00:00
2024-08-24,11:15:00 PM,0,103.963,23.096,2024-08-24 11:15:00
2024-08-24,11:30:00 PM,0,103.971,23.077,2024-08-24 11:30:00
2024-08-24,11:45:00 PM,0,103.973,23.051,2024-08-24 11:45:00
2024-08-25,12:00:00 AM,0,103.978,23.027,2024-08-25 12:00:00
2024-08-25,12:15:00 AM,0,103.979,22.996,2024-08-25 12:15:00
2024-08-25,12:30:00 AM,0,103.959,22.96,2024-08-25 12:30:00
2024-08-25,12:45:00 AM,0,103.959,22.927,2024-08-25 12:45:00
2024-08-25,1:00:00 AM,0,103.976,22.895,2024-08-25 01:00:00
2024-08-25,1:15:00 AM,0,103.975,22.86,2024-08-25 01:15:00
2024-08-25,1:30:00 AM,0,103.971,22.82,2024-08-25 01:30:00
2024-08-25,1:45:00 AM,0,103.96,22.78,2024-08-25 01:45:00
2024-08-25,2:00:00 AM,0,103.963,22.741,2024-08-25 02:00:00
2024-08-25,2:15:00 AM,0,103.967,22.7,2024-08-25 02:15:00
2024-08-25,2:30:00 AM,0,103.972,22.657,2024-08-25 02:30:00
2024-08-25,2:45:00 AM,0,103.976,22.615,2024-08-25 02:45:00
2024-08-25,3:00:00 AM,0,103.987,22.569,2024-08-25 03:00:00
2024-08-25,3:15:00 AM,0,103.992,22.524,2024-08-25 03:15:00
2024-08-25,3:30:00 AM,0,104.008,22.479,2024-08-25 03:30:00
2024-08-25,3:45:00 AM,0,104.018,22.432,2024-08-25 03:45:00
2024-08-25,4:00:00 AM,0,104.031,22.385,2024-08-25 04:00:00
2024-08-25,4:15:00 AM,0,104.051,22.336,2024-08-25 04:15:00
2024-08-25,4:30:00 AM,0,104.065,22.285,2024-08-25 04:30:00
2024-08-25,4:45:00 AM,0,104.081,22.237,2024-08-25 04:45:00
2024-08-25,5:00:00 AM,0,104.099,22.186,2024-08-25 05:00:00
2024-08-25,5:15:00 AM,0,104.122,22.137,2024-08-25 05:15:00
2024-08-25,5:30:00 AM,0,104.129,22.086,2024-08-25 05:30:00
2024-08-25,5:45:00 AM,0,104.15,22.035,2024-08-25 05:45:00
2024-08-25,6:00:00 AM,0,104.166,21.983,2024-08-25 06:00:00
2024-08-25,6:15:00 AM,0,104.182,21.933,2024-08-25 06:15:00
2024-08-25,6:30:00 AM,0,104.212,21.879,2024-08-25 06:30:00
2024-08-25,6:45:00 AM,0,104.236,21.826,2024-08-25 06:45:00
2024-08-25,7:00:00 AM,0,104.254,21.776,2024-08-25 07:00:00
2024-08-25,7:15:00 AM,0,104.273,21.728,2024-08-25 07:15:00
2024-08-25,7:30:00 AM,0,104.289,21.681,2024-08-25 07:30:00
2024-08-25,7:45:00 AM,0,104.301,21.638,2024-08-25 07:45:00
2024-08-25,8:00:00 AM,0,104.314,21.6,2024-08-25 08:00:00
2024-08-25,8:15:00 AM,0,104.327,21.568,2024-08-25 08:15:00
2024-08-25,8:30:00 AM,0,104.334,21.541,2024-08-25 08:30:00
2024-08-25,8:45:00 AM,0,104.337,21.521,2024-08-25 08:45:00
2024-08-25,9:00:00 AM,0,104.348,21.515,2024-08-25 09:00:00
2024-08-25,9:15:00 AM,0,104.363,21.509,2024-08-25 09:15:00
2024-08-25,9:30:00 AM,0,104.386,21.509,2024-08-25 09:30:00
2024-08-25,9:45:00 AM,0,104.398,21.52,2024-08-25 09:45:00
2024-08-25,10:00:00 AM,0,104.408,21.537,2024-08-25 10:00:00
2024-08-25,10:15:00 AM,0,104.401,21.568,2024-08-25 10:15:00
2024-08-25,10:30:00 AM,0,104.4,21.605,2024-08-25 10:30:00
2024-08-25,10:45:00 AM,0,104.388,21.643,2024-08-25 10:45:00
2024-08-25,11:00:00 AM,0,104.373,21.69,2024-08-25 11:00:00
2024-08-25,11:15:00 AM,0,104.377,21.741,2024-08-25 11:15:00
2024-08-25,11:30:00 AM,0,104.372,21.797,2024-08-25 11:30:00
2024-08-25,11:45:00 AM,0,104.354,21.865,2024-08-25 11:45:00
2024-08-25,12:00:00 PM,0,104.337,21.938,2024-08-25 12:00:00
2024-08-25,12:15:00 PM,0,104.316,22.011,2024-08-25 12:15:00
2024-08-25,12:30:00 PM,0,104.304,22.089,2024-08-25 12:30:00
2024-08-25,12:45:00 PM,0,104.295,22.178,2024-08-25 12:45:00
2024-08-25,1:00:00 PM,0,104.281,22.276,2024-08-25 01:00:00
2024-08-25,1:15:00 PM,0,104.268,22.377,2024-08-25 01:15:00
2024-08-25,1:30:00 PM,0,104.258,22.462,2024-08-25 01:30:00
2024-08-25,1:45:00 PM,0,104.253,22.517,2024-08-25 01:45:00
2024-08-25,2:00:00 PM,0,104.229,22.572,2024-08-25 02:00:00
2024-08-25,2:15:00 PM,0,104.208,22.614,2024-08-25 02:15:00
2024-08-25,2:30:00 PM,0,104.191,22.664,2024-08-25 02:30:00
2024-08-25,2:45:00 PM,0,104.175,22.702,2024-08-25 02:45:00
2024-08-25,3:00:00 PM,0,104.157,22.732,2024-08-25 03:00:00
2024-08-25,3:15:00 PM,0,104.146,22.761,2024-08-25 03:15:00
2024-08-25,3:30:00 PM,0,104.116,22.781,2024-08-25 03:30:00
2024-08-25,3:45:00 PM,0,104.112,22.82,2024-08-25 03:45:00
2024-08-25,4:00:00 PM,0,104.098,22.871,2024-08-25 04:00:00
2024-08-25,4:15:00 PM,0,104.089,22.921,2024-08-25 04:15:00
2024-08-25,4:30:00 PM,0,104.084,22.976,2024-08-25 04:30:00
2024-08-25,4:45:00 PM,0,104.068,23.029,2024-08-25 04:45:00
2024-08-25,5:00:00 PM,0,104.075,23.077,2024-08-25 05:00:00
2024-08-25,5:15:00 PM,0,104.066,23.12,2024-08-25 05:15:00
2024-08-25,5:30:00 PM,0,104.058,23.15,2024-08-25 05:30:00
2024-08-25,5:45:00 PM,0,104.056,23.168,2024-08-25 05:45:00
2024-08-25,6:00:00 PM,0,104.043,23.19,2024-08-25 06:00:00
2024-08-25,6:15:00 PM,0,104.046,23.209,2024-08-25 06:15:00
2024-08-25,6:30:00 PM,0,104.04,23.232,2024-08-25 06:30:00
2024-08-25,6:45:00 PM,0,104.046,23.258,2024-08-25 06:45:00
2024-08-25,7:00:00 PM,0,104.053,23.282,2024-08-25 07:00:00
2024-08-25,7:15:00 PM,0,104.06,23.303,2024-08-25 07:15:00
2024-08-25,7:30:00 PM,0,104.065,23.317,2024-08-25 07:30:00
2024-08-25,7:45:00 PM,0,104.081,23.329,2024-08-25 07:45:00
2024-08-25,8:00:00 PM,0,104.081,23.333,2024-08-25 08:00:00
2024-08-25,8:15:00 PM,0,104.081,23.339,2024-08-25 08:15:00
2024-08-25,8:30:00 PM,0,104.081,23.346,2024-08-25 08:30:00
2024-08-25,8:45:00 PM,0,104.093,23.346,2024-08-25 08:45:00
2024-08-25,9:00:00 PM,0,104.105,23.336,2024-08-25 09:00:00
2024-08-25,9:15:00 PM,0,104.115,23.324,2024-08-25 09:15:00
2024-08-25,9:30:00 PM,0,104.123,23.307,2024-08-25 09:30:00
2024-08-25,9:45:00 PM,0,104.141,23.292,2024-08-25 09:45:00
2024-08-25,10:00:00 PM,0,104.145,23.272,2024-08-25 10:00:00
2024-08-25,10:15:00 PM,0,104.156,23.243,2024-08-25 10:15:00
2024-08-25,10:30:00 PM,0,104.159,23.209,2024-08-25 10:30:00
2024-08-25,10:45:00 PM,0,104.159,23.165,2024-08-25 10:45:00
2024-08-25,11:00:00 PM,0,104.153,23.126,2024-08-25 11:00:00
2024-08-25,11:15:00 PM,0,104.154,23.081,2024-08-25 11:15:00
2024-08-25,11:30:00 PM,0,104.148,23.033,2024-08-25 11:30:00
2024-08-25,11:45:00 PM,0,104.131,22.982,2024-08-25 11:45:00
2024-08-26,12:00:00 AM,0,104.143,22.926,2024-08-26 12:00:00
2024-08-26,12:15:00 AM,0,104.125,22.871,2024-08-26 12:15:00
2024-08-26,12:30:00 AM,0,104.126,22.815,2024-08-26 12:30:00
2024-08-26,12:45:00 AM,0,104.116,22.753,2024-08-26 12:45:00
2024-08-26,1:00:00 AM,0,104.104,22.69,2024-08-26 01:00:00
2024-08-26,1:15:00 AM,0,104.078,22.629,2024-08-26 01:15:00
2024-08-26,1:30:00 AM,0,104.062,22.566,2024-08-26 01:30:00
2024-08-26,1:45:00 AM,0,104.045,22.499,2024-08-26 01:45:00
2024-08-26,2:00:00 AM,0,104.036,22.436,2024-08-26 02:00:00
2024-08-26,2:15:00 AM,0,104.033,22.373,2024-08-26 02:15:00
2024-08-26,2:30:00 AM,0,104.022,22.304,2024-08-26 02:30:00
2024-08-26,2:45:00 AM,0,104.017,22.235,2024-08-26 02:45:00
2024-08-26,3:00:00 AM,0,104.019,22.166,2024-08-26 03:00:00
2024-08-26,3:15:00 AM,0,104.025,22.101,2024-08-26 03:15:00
2024-08-26,3:30:00 AM,0,104.024,22.033,2024-08-26 03:30:00
2024-08-26,3:45:00 AM,0,104.027,21.963,2024-08-26 03:45:00
2024-08-26,4:00:00 AM,0,104.027,21.898,2024-08-26 04:00:00
2024-08-26,4:15:00 AM,0,104.027,21.828,2024-08-26 04:15:00
2024-08-26,4:30:00 AM,0,104.041,21.76,2024-08-26 04:30:00
2024-08-26,4:45:00 AM,0,104.067,21.694,2024-08-26 04:45:00
2024-08-26,5:00:00 AM,0,104.076,21.625,2024-08-26 05:00:00
2024-08-26,5:15:00 AM,0,104.089,21.556,2024-08-26 05:15:00
2024-08-26,5:30:00 AM,0,104.097,21.486,2024-08-26 05:30:00
2024-08-26,5:45:00 AM,0,104.096,21.417,2024-08-26 05:45:00
2024-08-26,6:00:00 AM,0,104.113,21.349,2024-08-26 06:00:00
2024-08-26,6:15:00 AM,0,104.13,21.278,2024-08-26 06:15:00
2024-08-26,6:30:00 AM,0,104.143,21.207,2024-08-26 06:30:00
2024-08-26,6:45:00 AM,0,104.161,21.141,2024-08-26 06:45:00
2024-08-26,7:00:00 AM,0,104.168,21.071,2024-08-26 07:00:00
2024-08-26,7:15:00 AM,0,104.19,21.007,2024-08-26 07:15:00
2024-08-26,7:30:00 AM,0,104.209,20.949,2024-08-26 07:30:00
2024-08-26,7:45:00 AM,0,104.216,20.892,2024-08-26 07:45:00
2024-08-26,8:00:00 AM,0,104.211,20.84,2024-08-26 08:00:00
2024-08-26,8:15:00 AM,0,104.241,20.796,2024-08-26 08:15:00
2024-08-26,8:30:00 AM,0,104.244,20.757,2024-08-26 08:30:00
2024-08-26,8:45:00 AM,0,104.249,20.733,2024-08-26 08:45:00
2024-08-26,9:00:00 AM,0,104.266,20.718,2024-08-26 09:00:00
2024-08-26,9:15:00 AM,0,104.264,20.709,2024-08-26 09:15:00
2024-08-26,9:30:00 AM,0,104.277,20.711,2024-08-26 09:30:00
2024-08-26,9:45:00 AM,0,104.281,20.723,2024-08-26 09:45:00
2024-08-26,10:00:00 AM,0,104.281,20.743,2024-08-26 10:00:00
2024-08-26,10:15:00 AM,0,104.285,20.779,2024-08-26 10:15:00
2024-08-26,10:30:00 AM,0,104.284,20.821,2024-08-26 10:30:00
2024-08-26,10:45:00 AM,0,104.278,20.866,2024-08-26 10:45:00
2024-08-26,11:00:00 AM,0,104.274,20.918,2024-08-26 11:00:00
2024-08-26,11:15:00 AM,0,104.26,20.977,2024-08-26 11:15:00
2024-08-26,11:30:00 AM,0,104.259,21.046,2024-08-26 11:30:00
2024-08-26,11:45:00 AM,0,104.245,21.127,2024-08-26 11:45:00
2024-08-26,12:00:00 PM,0,104.232,21.213,2024-08-26 12:00:00
2024-08-26,12:15:00 PM,0,104.23,21.302,2024-08-26 12:15:00
2024-08-26,12:30:00 PM,0,104.221,21.393,2024-08-26 12:30:00
2024-08-26,12:45:00 PM,0,104.201,21.489,2024-08-26 12:45:00
2024-08-26,1:00:00 PM,0,104.18,21.604,2024-08-26 01:00:00
2024-08-26,1:15:00 PM,0,104.182,21.702,2024-08-26 01:15:00
2024-08-26,1:30:00 PM,0,104.167,21.795,2024-08-26 01:30:00
2024-08-26,1:45:00 PM,0,104.145,21.866,2024-08-26 01:45:00
2024-08-26,2:00:00 PM,0,104.126,21.933,2024-08-26 02:00:00
2024-08-26,2:15:00 PM,0,104.105,21.978,2024-08-26 02:15:00
2024-08-26,2:30:00 PM,0,104.081,22.036,2024-08-26 02:30:00
2024-08-26,2:45:00 PM,0,104.06,22.082,2024-08-26 02:45:00
2024-08-26,3:00:00 PM,0,104.047,22.118,2024-08-26 03:00:00
2024-08-26,3:15:00 PM,0,104.026,22.158,2024-08-26 03:15:00
2024-08-26,3:30:00 PM,0,104.013,22.184,2024-08-26 03:30:00
2024-08-26,3:45:00 PM,0,104.004,22.229,2024-08-26 03:45:00
2024-08-26,4:00:00 PM,0,103.993,22.275,2024-08-26 04:00:00
2024-08-26,4:15:00 PM,0,103.975,22.329,2024-08-26 04:15:00
2024-08-26,4:30:00 PM,0,103.959,22.39,2024-08-26 04:30:00
2024-08-26,4:45:00 PM,0,103.94,22.454,2024-08-26 04:45:00
2024-08-26,5:00:00 PM,0,103.93,22.514,2024-08-26 05:00:00
2024-08-26,5:15:00 PM,0,103.911,22.567,2024-08-26 05:15:00
2024-08-26,5:30:00 PM,0,103.911,22.609,2024-08-26 05:30:00
2024-08-26,5:45:00 PM,0,103.913,22.642,2024-08-26 05:45:00
2024-08-26,6:00:00 PM,0,103.916,22.668,2024-08-26 06:00:00
2024-08-26,6:15:00 PM,0,103.907,22.698,2024-08-26 06:15:00
2024-08-26,6:30:00 PM,0,103.901,22.729,2024-08-26 06:30:00
2024-08-26,6:45:00 PM,0,103.895,22.761,2024-08-26 06:45:00
2024-08-26,7:00:00 PM,0,103.885,22.793,2024-08-26 07:00:00
2024-08-26,7:15:00 PM,0,103.896,22.824,2024-08-26 07:15:00
2024-08-26,7:30:00 PM,0,103.908,22.853,2024-08-26 07:30:00
2024-08-26,7:45:00 PM,0,103.921,22.886,2024-08-26 07:45:00
2024-08-26,8:00:00 PM,0,103.924,22.915,2024-08-26 08:00:00
2024-08-26,8:15:00 PM,0,103.934,22.945,2024-08-26 08:15:00
2024-08-26,8:30:00 PM,0,103.953,22.97,2024-08-26 08:30:00
2024-08-26,8:45:00 PM,0,103.95,22.998,2024-08-26 08:45:00
2024-08-26,9:00:00 PM,0,103.961,23.024,2024-08-26 09:00:00
2024-08-26,9:15:00 PM,0,103.971,23.048,2024-08-26 09:15:00
2024-08-26,9:30:00 PM,0,103.974,23.067,2024-08-26 09:30:00
2024-08-26,9:45:00 PM,0,103.978,23.082,2024-08-26 09:45:00
2024-08-26,10:00:00 PM,0,103.971,23.095,2024-08-26 10:00:00
2024-08-26,10:15:00 PM,0,103.971,23.098,2024-08-26 10:15:00
2024-08-26,10:30:00 PM,0,103.974,23.095,2024-08-26 10:30:00
2024-08-26,10:45:00 PM,0,103.965,23.09,2024-08-26 10:45:00
2024-08-26,11:00:00 PM,0,103.976,23.074,2024-08-26 11:00:00
2024-08-26,11:15:00 PM,0,103.973,23.056,2024-08-26 11:15:00
2024-08-26,11:30:00 PM,0,103.966,23.03,2024-08-26 11:30:00
2024-08-26,11:45:00 PM,0,103.955,23,2024-08-26 11:45:00
2024-08-27,12:00:00 AM,0,103.941,22.969,2024-08-27 12:00:00
2024-08-27,12:15:00 AM,0,103.941,22.932,2024-08-27 12:15:00
2024-08-27,12:30:00 AM,0,103.928,22.893,2024-08-27 12:30:00
2024-08-27,12:45:00 AM,0,103.917,22.856,2024-08-27 12:45:00
2024-08-27,1:00:00 AM,0,103.902,22.813,2024-08-27 01:00:00
2024-08-27,1:15:00 AM,0,103.887,22.768,2024-08-27 01:15:00
2024-08-27,1:30:00 AM,0,103.867,22.723,2024-08-27 01:30:00
2024-08-27,1:45:00 AM,0,103.859,22.676,2024-08-27 01:45:00
2024-08-27,2:00:00 AM,0,103.842,22.631,2024-08-27 02:00:00
2024-08-27,2:15:00 AM,0,103.839,22.581,2024-08-27 02:15:00
2024-08-27,2:30:00 AM,0,103.831,22.53,2024-08-27 02:30:00
2024-08-27,2:45:00 AM,0,103.821,22.483,2024-08-27 02:45:00
2024-08-27,3:00:00 AM,0,103.804,22.432,2024-08-27 03:00:00
2024-08-27,3:15:00 AM,0,103.786,22.38,2024-08-27 03:15:00
2024-08-27,3:30:00 AM,0,103.777,22.333,2024-08-27 03:30:00
2024-08-27,3:45:00 AM,0,103.77,22.28,2024-08-27 03:45:00
2024-08-27,4:00:00 AM,0,103.779,22.23,2024-08-27 04:00:00
2024-08-27,4:15:00 AM,0,103.784,22.18,2024-08-27 04:15:00
2024-08-27,4:30:00 AM,0,103.786,22.13,2024-08-27 04:30:00
2024-08-27,4:45:00 AM,0,103.793,22.077,2024-08-27 04:45:00
2024-08-27,5:00:00 AM,0,103.81,22.023,2024-08-27 05:00:00
2024-08-27,5:15:00 AM,0,103.825,21.973,2024-08-27 05:15:00
2024-08-27,5:30:00 AM,0,103.855,21.923,2024-08-27 05:30:00
2024-08-27,5:45:00 AM,0,103.859,21.875,2024-08-27 05:45:00
2024-08-27,6:00:00 AM,0,103.876,21.822,2024-08-27 06:00:00
2024-08-27,6:15:00 AM,0,103.89,21.771,2024-08-27 06:15:00
2024-08-27,6:30:00 AM,0,103.92,21.722,2024-08-27 06:30:00
2024-08-27,6:45:00 AM,0,103.949,21.669,2024-08-27 06:45:00
2024-08-27,7:00:00 AM,0,103.973,21.62,2024-08-27 07:00:00
2024-08-27,7:15:00 AM,0,103.984,21.575,2024-08-27 07:15:00
2024-08-27,7:30:00 AM,0,103.992,21.534,2024-08-27 07:30:00
2024-08-27,7:45:00 AM,0,104.001,21.499,2024-08-27 07:45:00
2024-08-27,8:00:00 AM,0,104.008,21.466,2024-08-27 08:00:00
2024-08-27,8:15:00 AM,0,104.033,21.433,2024-08-27 08:15:00
2024-08-27,8:30:00 AM,0,104.04,21.407,2024-08-27 08:30:00
2024-08-27,8:45:00 AM,0,104.043,21.388,2024-08-27 08:45:00
2024-08-27,9:00:00 AM,0,104.054,21.376,2024-08-27 09:00:00
2024-08-27,9:15:00 AM,0,104.049,21.37,2024-08-27 09:15:00
2024-08-27,9:30:00 AM,0,104.06,21.369,2024-08-27 09:30:00
2024-08-27,9:45:00 AM,0,104.052,21.37,2024-08-27 09:45:00
2024-08-27,10:00:00 AM,0,104.063,21.385,2024-08-27 10:00:00
2024-08-27,10:15:00 AM,0,104.086,21.406,2024-08-27 10:15:00
2024-08-27,10:30:00 AM,0,104.094,21.427,2024-08-27 10:30:00
2024-08-27,10:45:00 AM,0,104.082,21.455,2024-08-27 10:45:00
2024-08-27,11:00:00 AM,0,104.063,21.502,2024-08-27 11:00:00
2024-08-27,11:15:00 AM,0,104.066,21.561,2024-08-27 11:15:00
2024-08-27,11:30:00 AM,0,104.055,21.625,2024-08-27 11:30:00
2024-08-27,11:45:00 AM,0,104.053,21.696,2024-08-27 11:45:00
2024-08-27,12:00:00 PM,0,104.03,21.768,2024-08-27 12:00:00
2024-08-27,12:15:00 PM,0,104.022,21.834,2024-08-27 12:15:00
2024-08-27,12:30:00 PM,0,103.999,21.909,2024-08-27 12:30:00
2024-08-27,12:45:00 PM,0,103.983,22.012,2024-08-27 12:45:00
2024-08-27,1:00:00 PM,0,103.968,22.12,2024-08-27 01:00:00
2024-08-27,1:15:00 PM,0,103.966,22.228,2024-08-27 01:15:00
2024-08-27,1:30:00 PM,0,103.957,22.314,2024-08-27 01:30:00
2024-08-27,1:45:00 PM,0,103.942,22.369,2024-08-27 01:45:00
2024-08-27,2:00:00 PM,0,103.929,22.45,2024-08-27 02:00:00
2024-08-27,2:15:00 PM,0,103.903,22.511,2024-08-27 02:15:00
2024-08-27,2:30:00 PM,0,103.888,22.573,2024-08-27 02:30:00
2024-08-27,2:45:00 PM,0,103.86,22.609,2024-08-27 02:45:00
2024-08-27,3:00:00 PM,0,103.843,22.648,2024-08-27 03:00:00
2024-08-27,3:15:00 PM,0,103.813,22.687,2024-08-27 03:15:00
2024-08-27,3:30:00 PM,0,103.813,22.713,2024-08-27 03:30:00
2024-08-27,3:45:00 PM,0,103.794,22.759,2024-08-27 03:45:00
2024-08-27,4:00:00 PM,0,103.781,22.805,2024-08-27 04:00:00
2024-08-27,4:15:00 PM,0,103.764,22.855,2024-08-27 04:15:00
2024-08-27,4:30:00 PM,0,103.748,22.914,2024-08-27 04:30:00
2024-08-27,4:45:00 PM,0,103.753,22.975,2024-08-27 04:45:00
2024-08-27,5:00:00 PM,0,103.75,23.032,2024-08-27 05:00:00
2024-08-27,5:15:00 PM,0,103.743,23.079,2024-08-27 05:15:00
2024-08-27,5:30:00 PM,0,103.747,23.116,2024-08-27 05:30:00
2024-08-27,5:45:00 PM,0,103.752,23.147,2024-08-27 05:45:00
2024-08-27,6:00:00 PM,0,103.742,23.175,2024-08-27 06:00:00
2024-08-27,6:15:00 PM,0,103.749,23.202,2024-08-27 06:15:00
2024-08-27,6:30:00 PM,0,103.756,23.223,2024-08-27 06:30:00
2024-08-27,6:45:00 PM,0,103.739,23.249,2024-08-27 06:45:00
2024-08-27,7:00:00 PM,0,103.752,23.276,2024-08-27 07:00:00
2024-08-27,7:15:00 PM,0,103.757,23.304,2024-08-27 07:15:00
2024-08-27,7:30:00 PM,0,103.761,23.334,2024-08-27 07:30:00
2024-08-27,7:45:00 PM,0,103.773,23.361,2024-08-27 07:45:00
2024-08-27,8:00:00 PM,0,103.788,23.397,2024-08-27 08:00:00
2024-08-27,8:15:00 PM,0,103.784,23.428,2024-08-27 08:15:00
2024-08-27,8:30:00 PM,0,103.776,23.463,2024-08-27 08:30:00
2024-08-27,8:45:00 PM,0,103.786,23.493,2024-08-27 08:45:00
2024-08-27,9:00:00 PM,0,103.803,23.518,2024-08-27 09:00:00
2024-08-27,9:15:00 PM,0,103.811,23.542,2024-08-27 09:15:00
2024-08-27,9:30:00 PM,0,103.806,23.566,2024-08-27 09:30:00
2024-08-27,9:45:00 PM,0,103.801,23.582,2024-08-27 09:45:00
2024-08-27,10:00:00 PM,0,103.802,23.591,2024-08-27 10:00:00
2024-08-27,10:15:00 PM,0,103.797,23.597,2024-08-27 10:15:00
2024-08-27,10:30:00 PM,0,103.782,23.6,2024-08-27 10:30:00
2024-08-27,10:45:00 PM,0,103.777,23.6,2024-08-27 10:45:00
2024-08-27,11:00:00 PM,0,103.776,23.595,2024-08-27 11:00:00
2024-08-27,11:15:00 PM,0,103.77,23.583,2024-08-27 11:15:00
2024-08-27,11:30:00 PM,0,103.75,23.566,2024-08-27 11:30:00
2024-08-27,11:45:00 PM,0,103.733,23.55,2024-08-27 11:45:00
2024-08-28,12:00:00 AM,0,103.742,23.534,2024-08-28 12:00:00
2024-08-28,12:15:00 AM,0,103.748,23.513,2024-08-28 12:15:00
2024-08-28,12:30:00 AM,0,103.752,23.485,2024-08-28 12:30:00
2024-08-28,12:45:00 AM,0,103.751,23.459,2024-08-28 12:45:00
2024-08-28,1:00:00 AM,0,103.741,23.435,2024-08-28 01:00:00
2024-08-28,1:15:00 AM,0,103.704,23.41,2024-08-28 01:15:00
2024-08-28,1:30:00 AM,0,103.7,23.382,2024-08-28 01:30:00
2024-08-28,1:45:00 AM,0,103.7,23.351,2024-08-28 01:45:00
2024-08-28,2:00:00 AM,0,103.699,23.318,2024-08-28 02:00:00
2024-08-28,2:15:00 AM,0,103.693,23.288,2024-08-28 02:15:00
2024-08-28,2:30:00 AM,0,103.685,23.252,2024-08-28 02:30:00
2024-08-28,2:45:00 AM,0,103.705,23.22,2024-08-28 02:45:00
2024-08-28,3:00:00 AM,0,103.709,23.184,2024-08-28 03:00:00
2024-08-28,3:15:00 AM,0,103.698,23.148,2024-08-28 03:15:00
2024-08-28,3:30:00 AM,0,103.704,23.113,2024-08-28 03:30:00
2024-08-28,3:45:00 AM,0,103.708,23.075,2024-08-28 03:45:00
2024-08-28,4:00:00 AM,0,103.715,23.041,2024-08-28 04:00:00
2024-08-28,4:15:00 AM,0,103.733,23.002,2024-08-28 04:15:00
2024-08-28,4:30:00 AM,0,103.743,22.965,2024-08-28 04:30:00
2024-08-28,4:45:00 AM,0,103.749,22.929,2024-08-28 04:45:00
2024-08-28,5:00:00 AM,0,103.761,22.899,2024-08-28 05:00:00
2024-08-28,5:15:00 AM,0,103.775,22.864,2024-08-28 05:15:00
2024-08-28,5:30:00 AM,0,103.805,22.832,2024-08-28 05:30:00
2024-08-28,5:45:00 AM,0,103.828,22.802,2024-08-28 05:45:00
2024-08-28,6:00:00 AM,0,103.844,22.773,2024-08-28 06:00:00
2024-08-28,6:15:00 AM,0,103.845,22.745,2024-08-28 06:15:00
2024-08-28,6:30:00 AM,0,103.852,22.71,2024-08-28 06:30:00
2024-08-28,6:45:00 AM,0,103.875,22.678,2024-08-28 06:45:00
2024-08-28,7:00:00 AM,0,103.893,22.646,2024-08-28 07:00:00
2024-08-28,7:15:00 AM,0,103.902,22.618,2024-08-28 07:15:00
2024-08-28,7:30:00 AM,0,103.917,22.597,2024-08-28 07:30:00
2024-08-28,7:45:00 AM,0,103.918,22.575,2024-08-28 07:45:00
2024-08-28,8:00:00 AM,0,103.942,22.557,2024-08-28 08:00:00
2024-08-28,8:15:00 AM,0,103.924,22.542,2024-08-28 08:15:00
2024-08-28,8:30:00 AM,0,103.93,22.526,2024-08-28 08:30:00
2024-08-28,8:45:00 AM,0,103.943,22.52,2024-08-28 08:45:00
2024-08-28,9:00:00 AM,0,103.934,22.52,2024-08-28 09:00:00
2024-08-28,9:15:00 AM,0,103.938,22.523,2024-08-28 09:15:00
2024-08-28,9:30:00 AM,0,103.954,22.529,2024-08-28 09:30:00
2024-08-28,9:45:00 AM,0,103.944,22.543,2024-08-28 09:45:00
2024-08-28,10:00:00 AM,0,103.944,22.564,2024-08-28 10:00:00
2024-08-28,10:15:00 AM,0,103.953,22.594,2024-08-28 10:15:00
2024-08-28,10:30:00 AM,0,103.947,22.635,2024-08-28 10:30:00
2024-08-28,10:45:00 AM,0,103.939,22.683,2024-08-28 10:45:00
2024-08-28,11:00:00 AM,0,103.937,22.741,2024-08-28 11:00:00
2024-08-28,11:15:00 AM,0,103.923,22.79,2024-08-28 11:15:00
2024-08-28,11:30:00 AM,0,103.911,22.833,2024-08-28 11:30:00
2024-08-28,11:45:00 AM,0,103.901,22.901,2024-08-28 11:45:00
2024-08-28,12:00:00 PM,0,103.885,22.97,2024-08-28 12:00:00
2024-08-28,12:15:00 PM,0,103.881,23.032,2024-08-28 12:15:00
2024-08-28,12:30:00 PM,0,103.872,23.105,2024-08-28 12:30:00
2024-08-28,12:45:00 PM,0,103.855,23.183,2024-08-28 12:45:00
2024-08-28,1:00:00 PM,0,103.846,23.301,2024-08-28 01:00:00
2024-08-28,1:15:00 PM,0,103.836,23.354,2024-08-28 01:15:00
2024-08-28,1:30:00 PM,0,103.818,23.452,2024-08-28 01:30:00
2024-08-28,1:45:00 PM,0,103.806,23.548,2024-08-28 01:45:00
2024-08-28,2:00:00 PM,0,103.792,23.616,2024-08-28 02:00:00
2024-08-28,2:15:00 PM,0,103.754,23.694,2024-08-28 02:15:00
2024-08-28,2:30:00 PM,0,103.726,23.702,2024-08-28 02:30:00
2024-08-28,2:45:00 PM,0,103.701,23.741,2024-08-28 02:45:00
2024-08-28,3:00:00 PM,0,103.657,23.765,2024-08-28 03:00:00
2024-08-28,3:15:00 PM,0,103.656,23.844,2024-08-28 03:15:00
2024-08-28,3:30:00 PM,0,103.655,23.87,2024-08-28 03:30:00
2024-08-28,3:45:00 PM,0,103.624,23.879,2024-08-28 03:45:00
2024-08-28,4:00:00 PM,0,103.621,23.906,2024-08-28 04:00:00
2024-08-28,4:15:00 PM,0,103.61,23.966,2024-08-28 04:15:00
2024-08-28,4:30:00 PM,0,103.611,24.029,2024-08-28 04:30:00
2024-08-28,4:45:00 PM,0,103.599,24.075,2024-08-28 04:45:00
2024-08-28,5:00:00 PM,0,103.59,24.104,2024-08-28 05:00:00
2024-08-28,5:15:00 PM,0,103.609,24.13,2024-08-28 05:15:00
2024-08-28,5:30:00 PM,0,103.624,24.158,2024-08-28 05:30:00
2024-08-28,5:45:00 PM,0,103.655,24.184,2024-08-28 05:45:00
2024-08-28,6:00:00 PM,0,103.642,24.213,2024-08-28 06:00:00
2024-08-28,6:15:00 PM,0,103.67,24.238,2024-08-28 06:15:00
2024-08-28,6:30:00 PM,0,103.682,24.256,2024-08-28 06:30:00
2024-08-28,6:45:00 PM,0,103.688,24.276,2024-08-28 06:45:00
2024-08-28,7:00:00 PM,0,103.719,24.299,2024-08-28 07:00:00
2024-08-28,7:15:00 PM,0,103.746,24.324,2024-08-28 07:15:00
2024-08-28,7:30:00 PM,0,103.762,24.352,2024-08-28 07:30:00
2024-08-28,7:45:00 PM,0,103.756,24.383,2024-08-28 07:45:00
2024-08-28,8:00:00 PM,0,103.718,24.413,2024-08-28 08:00:00
2024-08-28,8:15:00 PM,0,103.715,24.443,2024-08-28 08:15:00
2024-08-28,8:30:00 PM,0,103.724,24.47,2024-08-28 08:30:00
2024-08-28,8:45:00 PM,0,103.751,24.494,2024-08-28 08:45:00
2024-08-28,9:00:00 PM,0,103.793,24.517,2024-08-28 09:00:00
2024-08-28,9:15:00 PM,0,103.793,24.54,2024-08-28 09:15:00
2024-08-28,9:30:00 PM,0,103.797,24.56,2024-08-28 09:30:00
2024-08-28,9:45:00 PM,0,103.827,24.576,2024-08-28 09:45:00
2024-08-28,10:00:00 PM,0,103.844,24.589,2024-08-28 10:00:00
2024-08-28,10:15:00 PM,0,103.822,24.593,2024-08-28 10:15:00
2024-08-28,10:30:00 PM,0,103.793,24.589,2024-08-28 10:30:00
2024-08-28,10:45:00 PM,0,103.814,24.581,2024-08-28 10:45:00
2024-08-28,11:00:00 PM,0,103.813,24.571,2024-08-28 11:00:00
2024-08-28,11:15:00 PM,0,103.834,24.559,2024-08-28 11:15:00
2024-08-28,11:30:00 PM,0,103.844,24.541,2024-08-28 11:30:00
2024-08-28,11:45:00 PM,0,103.83,24.523,2024-08-28 11:45:00
2024-08-29,12:00:00 AM,0,103.822,24.503,2024-08-29 12:00:00
2024-08-29,12:15:00 AM,0,103.809,24.482,2024-08-29 12:15:00
2024-08-29,12:30:00 AM,0,103.792,24.455,2024-08-29 12:30:00
2024-08-29,12:45:00 AM,0,103.786,24.434,2024-08-29 12:45:00
2024-08-29,1:00:00 AM,0,103.765,24.406,2024-08-29 01:00:00
2024-08-29,1:15:00 AM,0,103.773,24.381,2024-08-29 01:15:00
2024-08-29,1:30:00 AM,0,103.764,24.359,2024-08-29 01:30:00
2024-08-29,1:45:00 AM,0,103.75,24.332,2024-08-29 01:45:00
2024-08-29,2:00:00 AM,0,103.734,24.307,2024-08-29 02:00:00
2024-08-29,2:15:00 AM,0,103.743,24.281,2024-08-29 02:15:00
2024-08-29,2:30:00 AM,0,103.735,24.254,2024-08-29 02:30:00
2024-08-29,2:45:00 AM,0,103.757,24.229,2024-08-29 02:45:00
2024-08-29,3:00:00 AM,0,103.76,24.206,2024-08-29 03:00:00
2024-08-29,3:15:00 AM,0,103.752,24.18,2024-08-29 03:15:00
2024-08-29,3:30:00 AM,0,103.732,24.15,2024-08-29 03:30:00
2024-08-29,3:45:00 AM,0,103.734,24.124,2024-08-29 03:45:00
2024-08-29,4:00:00 AM,0,103.741,24.095,2024-08-29 04:00:00
2024-08-29,4:15:00 AM,0,103.753,24.066,2024-08-29 04:15:00
2024-08-29,4:30:00 AM,0,103.756,24.035,2024-08-29 04:30:00
2024-08-29,4:45:00 AM,0,103.766,24.003,2024-08-29 04:45:00
2024-08-29,5:00:00 AM,0,103.784,23.974,2024-08-29 05:00:00
2024-08-29,5:15:00 AM,0,103.769,23.944,2024-08-29 05:15:00
2024-08-29,5:30:00 AM,0,103.773,23.914,2024-08-29 05:30:00
2024-08-29,5:45:00 AM,0,103.786,23.885,2024-08-29 05:45:00
2024-08-29,6:00:00 AM,0,103.804,23.853,2024-08-29 06:00:00
2024-08-29,6:15:00 AM,0,103.824,23.823,2024-08-29 06:15:00
2024-08-29,6:30:00 AM,0,103.84,23.788,2024-08-29 06:30:00
2024-08-29,6:45:00 AM,0,103.874,23.756,2024-08-29 06:45:00
2024-08-29,7:00:00 AM,0,103.911,23.725,2024-08-29 07:00:00
2024-08-29,7:15:00 AM,0,103.934,23.696,2024-08-29 07:15:00
2024-08-29,7:30:00 AM,0,103.938,23.669,2024-08-29 07:30:00
2024-08-29,7:45:00 AM,0,103.943,23.644,2024-08-29 07:45:00
2024-08-29,8:00:00 AM,0,103.977,23.625,2024-08-29 08:00:00
2024-08-29,8:15:00 AM,0,103.985,23.609,2024-08-29 08:15:00
2024-08-29,8:30:00 AM,0,104.012,23.592,2024-08-29 08:30:00
2024-08-29,8:45:00 AM,0,104.017,23.587,2024-08-29 08:45:00
2024-08-29,9:00:00 AM,0,104.027,23.59,2024-08-29 09:00:00
2024-08-29,9:15:00 AM,0,104.032,23.596,2024-08-29 09:15:00
2024-08-29,9:30:00 AM,0,104.042,23.608,2024-08-29 09:30:00
2024-08-29,9:45:00 AM,0,104.039,23.628,2024-08-29 09:45:00
2024-08-29,10:00:00 AM,0,104.053,23.649,2024-08-29 10:00:00
2024-08-29,10:15:00 AM,0,104.054,23.678,2024-08-29 10:15:00
2024-08-29,10:30:00 AM,0,104.058,23.713,2024-08-29 10:30:00
2024-08-29,10:45:00 AM,0,104.044,23.751,2024-08-29 10:45:00
2024-08-29,11:00:00 AM,0,104.041,23.794,2024-08-29 11:00:00
2024-08-29,11:15:00 AM,0,104.033,23.841,2024-08-29 11:15:00
2024-08-29,11:30:00 AM,0,104.031,23.901,2024-08-29 11:30:00
2024-08-29,11:45:00 AM,0,104.006,23.972,2024-08-29 11:45:00
2024-08-29,12:00:00 PM,0,103.991,24.042,2024-08-29 12:00:00
2024-08-29,12:15:00 PM,0,103.979,24.122,2024-08-29 12:15:00
2024-08-29,12:30:00 PM,0,103.962,24.195,2024-08-29 12:30:00
2024-08-29,12:45:00 PM,0,103.944,24.28,2024-08-29 12:45:00
2024-08-29,1:00:00 PM,0,103.941,24.362,2024-08-29 01:00:00
2024-08-29,1:15:00 PM,0,103.917,24.377,2024-08-29 01:15:00
2024-08-29,1:30:00 PM,0,103.911,24.4,2024-08-29 01:30:00
2024-08-29,1:45:00 PM,0,103.891,24.449,2024-08-29 01:45:00
2024-08-29,2:00:00 PM,0,103.858,24.514,2024-08-29 02:00:00
2024-08-29,2:15:00 PM,0,103.834,24.539,2024-08-29 02:15:00
2024-08-29,2:30:00 PM,0,103.805,24.576,2024-08-29 02:30:00
2024-08-29,2:45:00 PM,0,103.772,24.622,2024-08-29 02:45:00
2024-08-29,3:00:00 PM,0,103.756,24.652,2024-08-29 03:00:00
2024-08-29,3:15:00 PM,0,103.764,24.683,2024-08-29 03:15:00
2024-08-29,3:30:00 PM,0,103.745,24.739,2024-08-29 03:30:00
2024-08-29,3:45:00 PM,0,103.725,24.806,2024-08-29 03:45:00
2024-08-29,4:00:00 PM,0,103.71,24.856,2024-08-29 04:00:00
2024-08-29,4:15:00 PM,0,103.723,24.886,2024-08-29 04:15:00
2024-08-29,4:30:00 PM,0,103.74,24.92,2024-08-29 04:30:00
2024-08-29,4:45:00 PM,0,103.739,24.967,2024-08-29 04:45:00
2024-08-29,5:00:00 PM,0,103.742,25.012,2024-08-29 05:00:00
2024-08-29,5:15:00 PM,0,103.755,25.045,2024-08-29 05:15:00
2024-08-29,5:30:00 PM,0,103.746,25.063,2024-08-29 05:30:00
2024-08-29,5:45:00 PM,0,103.74,25.08,2024-08-29 05:45:00
2024-08-29,6:00:00 PM,0,103.743,25.1,2024-08-29 06:00:00
2024-08-29,6:15:00 PM,0,103.733,25.118,2024-08-29 06:15:00
2024-08-29,6:30:00 PM,0,103.752,25.139,2024-08-29 06:30:00
2024-08-29,6:45:00 PM,0,103.762,25.161,2024-08-29 06:45:00
2024-08-29,7:00:00 PM,0,103.762,25.183,2024-08-29 07:00:00
2024-08-29,7:15:00 PM,0,103.764,25.209,2024-08-29 07:15:00
2024-08-29,7:30:00 PM,0,103.79,25.234,2024-08-29 07:30:00
2024-08-29,7:45:00 PM,0,103.809,25.261,2024-08-29 07:45:00
2024-08-29,8:00:00 PM,0,103.811,25.29,2024-08-29 08:00:00
2024-08-29,8:15:00 PM,0,103.799,25.318,2024-08-29 08:15:00
2024-08-29,8:30:00 PM,0,103.803,25.343,2024-08-29 08:30:00
2024-08-29,8:45:00 PM,0,103.81,25.364,2024-08-29 08:45:00
2024-08-29,9:00:00 PM,0,103.859,25.387,2024-08-29 09:00:00
2024-08-29,9:15:00 PM,0,103.974,25.406,2024-08-29 09:15:00
2024-08-29,9:30:00 PM,0,103.959,25.419,2024-08-29 09:30:00
2024-08-29,9:45:00 PM,0,103.974,25.427,2024-08-29 09:45:00
2024-08-29,10:00:00 PM,0,103.913,25.436,2024-08-29 10:00:00
2024-08-29,10:15:00 PM,0,103.948,25.436,2024-08-29 10:15:00
2024-08-29,10:30:00 PM,0,103.934,25.429,2024-08-29 10:30:00
2024-08-29,10:45:00 PM,0,103.947,25.41,2024-08-29 10:45:00
2024-08-29,11:00:00 PM,0,103.896,25.392,2024-08-29 11:00:00
2024-08-29,11:15:00 PM,0,103.873,25.382,2024-08-29 11:15:00
2024-08-29,11:30:00 PM,0,103.83,25.371,2024-08-29 11:30:00
2024-08-29,11:45:00 PM,0,103.814,25.353,2024-08-29 11:45:00
2024-08-30,12:00:00 AM,0,103.842,25.323,2024-08-30 12:00:00
2024-08-30,12:15:00 AM,0,103.851,25.29,2024-08-30 12:15:00
2024-08-30,12:30:00 AM,0,103.824,25.258,2024-08-30 12:30:00
2024-08-30,12:45:00 AM,0,103.83,25.223,2024-08-30 12:45:00
2024-08-30,1:00:00 AM,0,103.832,25.184,2024-08-30 01:00:00
2024-08-30,1:15:00 AM,0,103.835,25.144,2024-08-30 01:15:00
2024-08-30,1:30:00 AM,0,103.825,25.098,2024-08-30 01:30:00
2024-08-30,1:45:00 AM,0,103.83,25.053,2024-08-30 01:45:00
2024-08-30,2:00:00 AM,0,103.823,25.005,2024-08-30 02:00:00
2024-08-30,2:15:00 AM,0,103.809,24.959,2024-08-30 02:15:00
2024-08-30,2:30:00 AM,0,103.786,24.913,2024-08-30 02:30:00
2024-08-30,2:45:00 AM,0,103.798,24.864,2024-08-30 02:45:00
2024-08-30,3:00:00 AM,0,103.814,24.816,2024-08-30 03:00:00
2024-08-30,3:15:00 AM,0,103.809,24.769,2024-08-30 03:15:00
2024-08-30,3:30:00 AM,0,103.802,24.72,2024-08-30 03:30:00
2024-08-30,3:45:00 AM,0,103.818,24.67,2024-08-30 03:45:00
2024-08-30,4:00:00 AM,0,103.813,24.621,2024-08-30 04:00:00
2024-08-30,4:15:00 AM,0,103.796,24.572,2024-08-30 04:15:00
2024-08-30,4:30:00 AM,0,103.804,24.521,2024-08-30 04:30:00
2024-08-30,4:45:00 AM,0,103.808,24.475,2024-08-30 04:45:00
2024-08-30,5:00:00 AM,0,103.81,24.423,2024-08-30 05:00:00
2024-08-30,5:15:00 AM,0,103.793,24.377,2024-08-30 05:15:00
2024-08-30,5:30:00 AM,0,103.784,24.327,2024-08-30 05:30:00
2024-08-30,5:45:00 AM,0,103.804,24.281,2024-08-30 05:45:00
2024-08-30,6:00:00 AM,0,103.843,24.232,2024-08-30 06:00:00
2024-08-30,6:15:00 AM,0,103.875,24.184,2024-08-30 06:15:00
2024-08-30,6:30:00 AM,0,103.9,24.139,2024-08-30 06:30:00
2024-08-30,6:45:00 AM,0,103.893,24.094,2024-08-30 06:45:00
2024-08-30,7:00:00 AM,0,103.906,24.048,2024-08-30 07:00:00
2024-08-30,7:15:00 AM,0,103.919,24.005,2024-08-30 07:15:00
2024-08-30,7:30:00 AM,0,103.948,23.963,2024-08-30 07:30:00
2024-08-30,7:45:00 AM,0,103.952,23.928,2024-08-30 07:45:00
2024-08-30,8:00:00 AM,0,103.967,23.894,2024-08-30 08:00:00
2024-08-30,8:15:00 AM,0,103.988,23.865,2024-08-30 08:15:00
2024-08-30,8:30:00 AM,0,103.98,23.84,2024-08-30 08:30:00
2024-08-30,8:45:00 AM,0,103.99,23.823,2024-08-30 08:45:00
2024-08-30,9:00:00 AM,0,104.009,23.814,2024-08-30 09:00:00
2024-08-30,9:15:00 AM,0,104.007,23.808,2024-08-30 09:15:00
2024-08-30,9:30:00 AM,0,104.018,23.808,2024-08-30 09:30:00
2024-08-30,9:45:00 AM,0,104.022,23.814,2024-08-30 09:45:00
2024-08-30,10:00:00 AM,0,104.01,23.831,2024-08-30 10:00:00
2024-08-30,10:15:00 AM,0,104.014,23.855,2024-08-30 10:15:00
2024-08-30,10:30:00 AM,0,104.014,23.883,2024-08-30 10:30:00
2024-08-30,10:45:00 AM,0,104.01,23.911,2024-08-30 10:45:00
2024-08-30,11:00:00 AM,0,104.006,23.949,2024-08-30 11:00:00
2024-08-30,11:15:00 AM,0,103.983,23.992,2024-08-30 11:15:00
2024-08-30,11:30:00 AM,0,103.996,24.041,2024-08-30 11:30:00
2024-08-30,11:45:00 AM,0,103.985,24.075,2024-08-30 11:45:00
2024-08-30,12:00:00 PM,0,103.974,24.085,2024-08-30 12:00:00
2024-08-30,12:15:00 PM,0,103.964,24.131,2024-08-30 12:15:00
2024-08-30,12:30:00 PM,0,103.943,24.187,2024-08-30 12:30:00
2024-08-30,12:45:00 PM,0,103.933,24.265,2024-08-30 12:45:00
2024-08-30,1:00:00 PM,0,103.924,24.335,2024-08-30 01:00:00
2024-08-30,1:15:00 PM,0,103.921,24.412,2024-08-30 01:15:00
2024-08-30,1:30:00 PM,0,103.891,24.458,2024-08-30 01:30:00
2024-08-30,1:45:00 PM,0,103.878,24.542,2024-08-30 01:45:00
2024-08-30,2:00:00 PM,0,103.863,24.572,2024-08-30 02:00:00
2024-08-30,2:15:00 PM,0,103.825,24.554,2024-08-30 02:15:00
2024-08-30,2:30:00 PM,0,103.804,24.625,2024-08-30 02:30:00
2024-08-30,2:45:00 PM,0,103.782,24.689,2024-08-30 02:45:00
2024-08-30,3:00:00 PM,0,103.747,24.707,2024-08-30 03:00:00
2024-08-30,3:15:00 PM,0,103.732,24.708,2024-08-30 03:15:00
2024-08-30,3:30:00 PM,0,103.717,24.71,2024-08-30 03:30:00
2024-08-30,3:45:00 PM,0,103.718,24.734,2024-08-30 03:45:00
2024-08-30,4:00:00 PM,0,103.7,24.757,2024-08-30 04:00:00
2024-08-30,4:15:00 PM,0,103.697,24.787,2024-08-30 04:15:00
2024-08-30,4:30:00 PM,0,103.675,24.817,2024-08-30 04:30:00
2024-08-30,4:45:00 PM,0,103.649,24.848,2024-08-30 04:45:00
2024-08-30,5:00:00 PM,0,103.636,24.87,2024-08-30 05:00:00
2024-08-30,5:15:00 PM,0,103.641,24.893,2024-08-30 05:15:00
2024-08-30,5:30:00 PM,0,103.645,24.909,2024-08-30 05:30:00
2024-08-30,5:45:00 PM,0,103.658,24.924,2024-08-30 05:45:00
2024-08-30,6:00:00 PM,0,103.665,24.939,2024-08-30 06:00:00
2024-08-30,6:15:00 PM,0,103.683,24.95,2024-08-30 06:15:00
2024-08-30,6:30:00 PM,0,103.696,24.963,2024-08-30 06:30:00
2024-08-30,6:45:00 PM,0,103.708,24.974,2024-08-30 06:45:00
2024-08-30,7:00:00 PM,0,103.714,24.985,2024-08-30 07:00:00
2024-08-30,7:15:00 PM,0,103.728,24.997,2024-08-30 07:15:00
2024-08-30,7:30:00 PM,0,103.739,25.013,2024-08-30 07:30:00
2024-08-30,7:45:00 PM,0,103.732,25.031,2024-08-30 07:45:00
2024-08-30,8:00:00 PM,0,103.742,25.046,2024-08-30 08:00:00
2024-08-30,8:15:00 PM,0,103.757,25.064,2024-08-30 08:15:00
2024-08-30,8:30:00 PM,0,103.793,25.078,2024-08-30 08:30:00
2024-08-30,8:45:00 PM,0,103.811,25.089,2024-08-30 08:45:00
2024-08-30,9:00:00 PM,0,103.826,25.101,2024-08-30 09:00:00
2024-08-30,9:15:00 PM,0,103.826,25.106,2024-08-30 09:15:00
2024-08-30,9:30:00 PM,0,103.84,25.107,2024-08-30 09:30:00
2024-08-30,9:45:00 PM,0,103.837,25.106,2024-08-30 09:45:00
2024-08-30,10:00:00 PM,0,103.843,25.103,2024-08-30 10:00:00
2024-08-30,10:15:00 PM,0,103.837,25.099,2024-08-30 10:15:00
2024-08-30,10:30:00 PM,0,103.825,25.09,2024-08-30 10:30:00
2024-08-30,10:45:00 PM,0,103.818,25.084,2024-08-30 10:45:00
2024-08-30,11:00:00 PM,0,103.821,25.074,2024-08-30 11:00:00
2024-08-30,11:15:00 PM,0,103.813,25.059,2024-08-30 11:15:00
2024-08-30,11:30:00 PM,0,103.822,25.041,2024-08-30 11:30:00
2024-08-30,11:45:00 PM,0,103.812,25.021,2024-08-30 11:45:00
2024-08-31,12:00:00 AM,0,103.806,25.002,2024-08-31 12:00:00
2024-08-31,12:15:00 AM,0,103.797,24.98,2024-08-31 12:15:00
2024-08-31,12:30:00 AM,0,103.794,24.955,2024-08-31 12:30:00
2024-08-31,12:45:00 AM,0,103.795,24.932,2024-08-31 12:45:00
2024-08-31,1:00:00 AM,0,103.776,24.91,2024-08-31 01:00:00
2024-08-31,1:15:00 AM,0,103.763,24.884,2024-08-31 01:15:00
2024-08-31,1:30:00 AM,0,103.742,24.856,2024-08-31 01:30:00
2024-08-31,1:45:00 AM,0,103.734,24.828,2024-08-31 01:45:00
2024-08-31,2:00:00 AM,0,103.732,24.799,2024-08-31 02:00:00
2024-08-31,2:15:00 AM,0,103.737,24.772,2024-08-31 02:15:00
2024-08-31,2:30:00 AM,0,103.731,24.746,2024-08-31 02:30:00
2024-08-31,2:45:00 AM,0,103.717,24.715,2024-08-31 02:45:00
2024-08-31,3:00:00 AM,0,103.721,24.684,2024-08-31 03:00:00
2024-08-31,3:15:00 AM,0,103.732,24.654,2024-08-31 03:15:00
2024-08-31,3:30:00 AM,0,103.727,24.626,2024-08-31 03:30:00
2024-08-31,3:45:00 AM,0,103.714,24.594,2024-08-31 03:45:00
2024-08-31,4:00:00 AM,0,103.702,24.562,2024-08-31 04:00:00
2024-08-31,4:15:00 AM,0,103.693,24.528,2024-08-31 04:15:00
2024-08-31,4:30:00 AM,0,103.697,24.494,2024-08-31 04:30:00
2024-08-31,4:45:00 AM,0,103.685,24.462,2024-08-31 04:45:00
2024-08-31,5:00:00 AM,0,103.661,24.427,2024-08-31 05:00:00
2024-08-31,5:15:00 AM,0,103.667,24.39,2024-08-31 05:15:00
2024-08-31,5:30:00 AM,0,103.672,24.353,2024-08-31 05:30:00
2024-08-31,5:45:00 AM,0,103.672,24.315,2024-08-31 05:45:00
2024-08-31,6:00:00 AM,0,103.682,24.277,2024-08-31 06:00:00
2024-08-31,6:15:00 AM,0,103.7,24.239,2024-08-31 06:15:00
2024-08-31,6:30:00 AM,0,103.718,24.202,2024-08-31 06:30:00
2024-08-31,6:45:00 AM,0,103.726,24.16,2024-08-31 06:45:00
2024-08-31,7:00:00 AM,0,103.737,24.126,2024-08-31 07:00:00
2024-08-31,7:15:00 AM,0,103.752,24.087,2024-08-31 07:15:00
2024-08-31,7:30:00 AM,0,103.775,24.055,2024-08-31 07:30:00
2024-08-31,7:45:00 AM,0,103.801,24.022,2024-08-31 07:45:00
2024-08-31,8:00:00 AM,0,103.823,23.992,2024-08-31 08:00:00
2024-08-31,8:15:00 AM,0,103.834,23.966,2024-08-31 08:15:00
2024-08-31,8:30:00 AM,0,103.85,23.945,2024-08-31 08:30:00
2024-08-31,8:45:00 AM,0,103.852,23.935,2024-08-31 08:45:00
2024-08-31,9:00:00 AM,0,103.857,23.926,2024-08-31 09:00:00
2024-08-31,9:15:00 AM,0,103.872,23.921,2024-08-31 09:15:00
2024-08-31,9:30:00 AM,0,103.881,23.925,2024-08-31 09:30:00
2024-08-31,9:45:00 AM,0,103.884,23.942,2024-08-31 09:45:00
2024-08-31,10:00:00 AM,0,103.892,23.959,2024-08-31 10:00:00
2024-08-31,10:15:00 AM,0,103.901,23.984,2024-08-31 10:15:00
2024-08-31,10:30:00 AM,0,103.911,24.011,2024-08-31 10:30:00
2024-08-31,10:45:00 AM,0,103.907,24.026,2024-08-31 10:45:00
2024-08-31,11:00:00 AM,0,103.914,24.045,2024-08-31 11:00:00
2024-08-31,11:15:00 AM,0,103.914,24.065,2024-08-31 11:15:00
2024-08-31,11:30:00 AM,0,103.916,24.09,2024-08-31 11:30:00
2024-08-31,11:45:00 AM,0,103.917,24.109,2024-08-31 11:45:00
2024-08-31,12:00:00 PM,0,103.908,24.123,2024-08-31 12:00:00
2024-08-31,12:15:00 PM,0,103.899,24.126,2024-08-31 12:15:00
2024-08-31,12:30:00 PM,0,103.893,24.13,2024-08-31 12:30:00
2024-08-31,12:45:00 PM,0,103.875,24.14,2024-08-31 12:45:00
2024-08-31,1:00:00 PM,0,103.839,24.151,2024-08-31 01:00:00
2024-08-31,1:15:00 PM,0,103.84,24.175,2024-08-31 01:15:00
2024-08-31,1:30:00 PM,0,103.847,24.169,2024-08-31 01:30:00
2024-08-31,1:45:00 PM,0,103.879,24.159,2024-08-31 01:45:00
2024-08-31,2:00:00 PM,0,103.923,24.142,2024-08-31 02:00:00
2024-08-31,2:15:00 PM,0,103.913,24.105,2024-08-31 02:15:00
2024-08-31,2:30:00 PM,0,103.876,24.081,2024-08-31 02:30:00
2024-08-31,2:45:00 PM,0,103.884,24.076,2024-08-31 02:45:00
2024-08-31,3:00:00 PM,0,103.896,24.062,2024-08-31 03:00:00
2024-08-31,3:15:00 PM,0,103.902,24.051,2024-08-31 03:15:00
2024-08-31,3:30:00 PM,0,103.905,24.043,2024-08-31 03:30:00
2024-08-31,3:45:00 PM,0,103.878,24.043,2024-08-31 03:45:00
2024-08-31,4:00:00 PM,0,103.862,24.043,2024-08-31 04:00:00
2024-08-31,4:15:00 PM,0,103.82,24.041,2024-08-31 04:15:00
2024-08-31,4:30:00 PM,0,103.789,24.036,2024-08-31 04:30:00
2024-08-31,4:45:00 PM,0,103.792,24.033,2024-08-31 04:45:00
2024-08-31,5:00:00 PM,0,103.786,24.037,2024-08-31 05:00:00
2024-08-31,5:15:00 PM,0,103.8,24.048,2024-08-31 05:15:00
2024-08-31,5:30:00 PM,0,103.802,24.064,2024-08-31 05:30:00
2024-08-31,5:45:00 PM,0,103.827,24.073,2024-08-31 05:45:00
2024-08-31,6:00:00 PM,0,103.853,24.089,2024-08-31 06:00:00
2024-08-31,6:15:00 PM,0,103.866,24.103,2024-08-31 06:15:00
2024-08-31,6:30:00 PM,0,103.968,24.121,2024-08-31 06:30:00
2024-08-31,6:45:00 PM,0,104.415,24.144,2024-08-31 06:45:00
2024-08-31,7:00:00 PM,0,104.946,24.183,2024-08-31 07:00:00
2024-08-31,7:15:00 PM,0,105.27,24.239,2024-08-31 07:15:00
2024-08-31,7:30:00 PM,0,105.468,24.316,2024-08-31 07:30:00
2024-08-31,7:45:00 PM,0,105.61,24.489,2024-08-31 07:45:00
2024-08-31,8:00:00 PM,0,105.714,24.519,2024-08-31 08:00:00
2024-08-31,8:15:00 PM,0,105.8,24.347,2024-08-31 08:15:00
2024-08-31,8:30:00 PM,0,105.874,24.141,2024-08-31 08:30:00
2024-08-31,8:45:00 PM,0,105.884,23.992,2024-08-31 08:45:00
2024-08-31,9:00:00 PM,0,105.883,23.917,2024-08-31 09:00:00
2024-08-31,9:15:00 PM,0,105.85,23.891,2024-08-31 09:15:00
2024-08-31,9:30:00 PM,0,105.812,23.883,2024-08-31 09:30:00
2024-08-31,9:45:00 PM,0,105.801,23.87,2024-08-31 09:45:00
2024-08-31,10:00:00 PM,0,105.729,23.853,2024-08-31 10:00:00
2024-08-31,10:15:00 PM,0,105.696,23.827,2024-08-31 10:15:00
2024-08-31,10:30:00 PM,0,105.674,23.803,2024-08-31 10:30:00
2024-08-31,10:45:00 PM,0,105.623,23.778,2024-08-31 10:45:00
2024-08-31,11:00:00 PM,0,105.591,23.755,2024-08-31 11:00:00
2024-08-31,11:15:00 PM,0,105.536,23.733,2024-08-31 11:15:00
2024-08-31,11:30:00 PM,0,105.489,23.714,2024-08-31 11:30:00
2024-08-31,11:45:00 PM,0,105.438,23.695,2024-08-31 11:45:00
2024-09-01,12:00:00 AM,0,105.384,23.674,2024-09-01 12:00:00
2024-09-01,12:15:00 AM,0,105.314,23.655,2024-09-01 12:15:00
2024-09-01,12:30:00 AM,0,105.279,23.635,2024-09-01 12:30:00
2024-09-01,12:45:00 AM,0,105.224,23.616,2024-09-01 12:45:00
2024-09-01,1:00:00 AM,0,105.178,23.599,2024-09-01 01:00:00
2024-09-01,1:15:00 AM,0,105.141,23.577,2024-09-01 01:15:00
2024-09-01,1:30:00 AM,0,105.111,23.555,2024-09-01 01:30:00
2024-09-01,1:45:00 AM,0,105.069,23.536,2024-09-01 01:45:00
2024-09-01,2:00:00 AM,0,105.059,23.513,2024-09-01 02:00:00
2024-09-01,2:15:00 AM,0,105.034,23.495,2024-09-01 02:15:00
2024-09-01,2:30:00 AM,0,104.992,23.473,2024-09-01 02:30:00
2024-09-01,2:45:00 AM,0,104.973,23.451,2024-09-01 02:45:00
2024-09-01,3:00:00 AM,0,104.956,23.427,2024-09-01 03:00:00
2024-09-01,3:15:00 AM,0,104.93,23.405,2024-09-01 03:15:00
2024-09-01,3:30:00 AM,0,104.912,23.38,2024-09-01 03:30:00
2024-09-01,3:45:00 AM,0,104.897,23.356,2024-09-01 03:45:00
2024-09-01,4:00:00 AM,0,104.879,23.331,2024-09-01 04:00:00
2024-09-01,4:15:00 AM,0,104.875,23.306,2024-09-01 04:15:00
2024-09-01,4:30:00 AM,0,104.865,23.282,2024-09-01 04:30:00
2024-09-01,4:45:00 AM,0,104.848,23.258,2024-09-01 04:45:00
2024-09-01,5:00:00 AM,0,104.829,23.231,2024-09-01 05:00:00
2024-09-01,5:15:00 AM,0,104.822,23.206,2024-09-01 05:15:00
2024-09-01,5:30:00 AM,0,104.805,23.18,2024-09-01 05:30:00
2024-09-01,5:45:00 AM,0,104.796,23.154,2024-09-01 05:45:00
2024-09-01,6:00:00 AM,0,104.8,23.128,2024-09-01 06:00:00
2024-09-01,6:15:00 AM,0,104.769,23.101,2024-09-01 06:15:00
2024-09-01,6:30:00 AM,0,104.752,23.073,2024-09-01 06:30:00
2024-09-01,6:45:00 AM,0,104.745,23.047,2024-09-01 06:45:00
2024-09-01,7:00:00 AM,0,104.749,23.021,2024-09-01 07:00:00
2024-09-01,7:15:00 AM,0,104.734,22.998,2024-09-01 07:15:00
2024-09-01,7:30:00 AM,0,104.72,22.975,2024-09-01 07:30:00
2024-09-01,7:45:00 AM,0,104.723,22.957,2024-09-01 07:45:00
2024-09-01,8:00:00 AM,0,104.709,22.94,2024-09-01 08:00:00
2024-09-01,8:15:00 AM,0,104.714,22.925,2024-09-01 08:15:00
2024-09-01,8:30:00 AM,0,104.698,22.914,2024-09-01 08:30:00
2024-09-01,8:45:00 AM,0,104.689,22.906,2024-09-01 08:45:00
2024-09-01,9:00:00 AM,0,104.691,22.902,2024-09-01 09:00:00
2024-09-01,9:15:00 AM,0,104.69,22.905,2024-09-01 09:15:00
2024-09-01,9:30:00 AM,0,104.678,22.91,2024-09-01 09:30:00
2024-09-01,9:45:00 AM,0,104.673,22.918,2024-09-01 09:45:00
2024-09-01,10:00:00 AM,0,104.662,22.929,2024-09-01 10:00:00
2024-09-01,10:15:00 AM,0,104.666,22.944,2024-09-01 10:15:00
2024-09-01,10:30:00 AM,0,104.642,22.958,2024-09-01 10:30:00
2024-09-01,10:45:00 AM,0,104.628,22.983,2024-09-01 10:45:00
2024-09-01,11:00:00 AM,0,104.612,23.017,2024-09-01 11:00:00
2024-09-01,11:15:00 AM,0,104.584,23.045,2024-09-01 11:15:00
2024-09-01,11:30:00 AM,0,104.55,23.093,2024-09-01 11:30:00
2024-09-01,11:45:00 AM,0,104.529,23.154,2024-09-01 11:45:00
2024-09-01,12:00:00 PM,0,104.51,23.192,2024-09-01 12:00:00
2024-09-01,12:15:00 PM,0,104.495,23.248,2024-09-01 12:15:00
2024-09-01,12:30:00 PM,0,104.464,23.31,2024-09-01 12:30:00
2024-09-01,12:45:00 PM,0,104.428,23.378,2024-09-01 12:45:00
2024-09-01,1:00:00 PM,0,104.4,23.459,2024-09-01 01:00:00
2024-09-01,1:15:00 PM,0,104.387,23.539,2024-09-01 01:15:00
2024-09-01,1:30:00 PM,0,104.371,23.613,2024-09-01 01:30:00
2024-09-01,1:45:00 PM,0,104.343,23.671,2024-09-01 01:45:00
2024-09-01,2:00:00 PM,0,104.312,23.721,2024-09-01 02:00:00
2024-09-01,2:15:00 PM,0,104.289,23.777,2024-09-01 02:15:00
2024-09-01,2:30:00 PM,0,104.26,23.842,2024-09-01 02:30:00
2024-09-01,2:45:00 PM,0,104.226,23.919,2024-09-01 02:45:00
2024-09-01,3:00:00 PM,0,104.186,24.005,2024-09-01 03:00:00
2024-09-01,3:15:00 PM,0,104.162,24.088,2024-09-01 03:15:00
2024-09-01,3:30:00 PM,0,104.126,24.159,2024-09-01 03:30:00
2024-09-01,3:45:00 PM,0,104.103,24.243,2024-09-01 03:45:00
2024-09-01,4:00:00 PM,0,104.072,24.327,2024-09-01 04:00:00
2024-09-01,4:15:00 PM,0,104.061,24.415,2024-09-01 04:15:00
2024-09-01,4:30:00 PM,0,104.054,24.49,2024-09-01 04:30:00
2024-09-01,4:45:00 PM,0,104.045,24.568,2024-09-01 04:45:00
2024-09-01,5:00:00 PM,0,104.033,24.642,2024-09-01 05:00:00
2024-09-01,5:15:00 PM,0,104.019,24.715,2024-09-01 05:15:00
2024-09-01,5:30:00 PM,0,104.017,24.782,2024-09-01 05:30:00
2024-09-01,5:45:00 PM,0,104.016,24.842,2024-09-01 05:45:00
2024-09-01,6:00:00 PM,0,104.021,24.896,2024-09-01 06:00:00
2024-09-01,6:15:00 PM,0,104.015,24.936,2024-09-01 06:15:00
2024-09-01,6:30:00 PM,0,104.029,24.974,2024-09-01 06:30:00
2024-09-01,6:45:00 PM,0,104.03,25.011,2024-09-01 06:45:00
2024-09-01,7:00:00 PM,0,104.012,25.047,2024-09-01 07:00:00
2024-09-01,7:15:00 PM,0,104.016,25.077,2024-09-01 07:15:00
2024-09-01,7:30:00 PM,0,104.005,25.099,2024-09-01 07:30:00
2024-09-01,7:45:00 PM,0,104.032,25.111,2024-09-01 07:45:00
2024-09-01,8:00:00 PM,0,104.059,25.117,2024-09-01 08:00:00
2024-09-01,8:15:00 PM,0,104.072,25.117,2024-09-01 08:15:00
2024-09-01,8:30:00 PM,0,104.069,25.11,2024-09-01 08:30:00
2024-09-01,8:45:00 PM,0,104.054,25.1,2024-09-01 08:45:00
2024-09-01,9:00:00 PM,0,104.057,25.087,2024-09-01 09:00:00
2024-09-01,9:15:00 PM,0,104.048,25.073,2024-09-01 09:15:00
2024-09-01,9:30:00 PM,0,104.051,25.057,2024-09-01 09:30:00
2024-09-01,9:45:00 PM,0,104.033,25.041,2024-09-01 09:45:00
2024-09-01,10:00:00 PM,0,104.033,25.022,2024-09-01 10:00:00
2024-09-01,10:15:00 PM,0,104.017,24.999,2024-09-01 10:15:00
2024-09-01,10:30:00 PM,0,104.018,24.976,2024-09-01 10:30:00
2024-09-01,10:45:00 PM,0,104.025,24.944,2024-09-01 10:45:00
2024-09-01,11:00:00 PM,0,104.007,24.916,2024-09-01 11:00:00
2024-09-01,11:15:00 PM,0,103.996,24.877,2024-09-01 11:15:00
2024-09-01,11:30:00 PM,0,104,24.84,2024-09-01 11:30:00
2024-09-01,11:45:00 PM,0,103.98,24.802,2024-09-01 11:45:00
2024-09-02,12:00:00 AM,0,103.982,24.758,2024-09-02 12:00:00
2024-09-02,12:15:00 AM,0,103.968,24.717,2024-09-02 12:15:00
2024-09-02,12:30:00 AM,0,103.941,24.671,2024-09-02 12:30:00
2024-09-02,12:45:00 AM,0,103.938,24.626,2024-09-02 12:45:00
2024-09-02,1:00:00 AM,0,103.936,24.58,2024-09-02 01:00:00
2024-09-02,1:15:00 AM,0,103.933,24.532,2024-09-02 01:15:00
2024-09-02,1:30:00 AM,0,103.921,24.486,2024-09-02 01:30:00
2024-09-02,1:45:00 AM,0,103.906,24.44,2024-09-02 01:45:00
2024-09-02,2:00:00 AM,0,103.899,24.392,2024-09-02 02:00:00
2024-09-02,2:15:00 AM,0,103.906,24.344,2024-09-02 02:15:00
2024-09-02,2:30:00 AM,0,103.896,24.299,2024-09-02 02:30:00
2024-09-02,2:45:00 AM,0,103.896,24.251,2024-09-02 02:45:00
2024-09-02,3:00:00 AM,0,103.895,24.201,2024-09-02 03:00:00
2024-09-02,3:15:00 AM,0,103.899,24.151,2024-09-02 03:15:00
2024-09-02,3:30:00 AM,0,103.888,24.102,2024-09-02 03:30:00
2024-09-02,3:45:00 AM,0,103.885,24.046,2024-09-02 03:45:00
2024-09-02,4:00:00 AM,0,103.885,23.995,2024-09-02 04:00:00
2024-09-02,4:15:00 AM,0,103.878,23.947,2024-09-02 04:15:00
2024-09-02,4:30:00 AM,0,103.871,23.893,2024-09-02 04:30:00
2024-09-02,4:45:00 AM,0,103.882,23.841,2024-09-02 04:45:00
2024-09-02,5:00:00 AM,0,103.885,23.79,2024-09-02 05:00:00
2024-09-02,5:15:00 AM,0,103.88,23.738,2024-09-02 05:15:00
2024-09-02,5:30:00 AM,0,103.907,23.686,2024-09-02 05:30:00
2024-09-02,5:45:00 AM,0,103.911,23.638,2024-09-02 05:45:00
2024-09-02,6:00:00 AM,0,103.92,23.587,2024-09-02 06:00:00
2024-09-02,6:15:00 AM,0,103.939,23.534,2024-09-02 06:15:00
2024-09-02,6:30:00 AM,0,103.956,23.483,2024-09-02 06:30:00
2024-09-02,6:45:00 AM,0,103.973,23.434,2024-09-02 06:45:00
2024-09-02,7:00:00 AM,0,103.989,23.386,2024-09-02 07:00:00
2024-09-02,7:15:00 AM,0,104.011,23.34,2024-09-02 07:15:00
2024-09-02,7:30:00 AM,0,104.011,23.296,2024-09-02 07:30:00
2024-09-02,7:45:00 AM,0,104.027,23.259,2024-09-02 07:45:00
2024-09-02,8:00:00 AM,0,104.035,23.221,2024-09-02 08:00:00
2024-09-02,8:15:00 AM,0,104.043,23.192,2024-09-02 08:15:00
2024-09-02,8:30:00 AM,0,104.057,23.168,2024-09-02 08:30:00
2024-09-02,8:45:00 AM,0,104.055,23.151,2024-09-02 08:45:00
2024-09-02,9:00:00 AM,0,104.073,23.14,2024-09-02 09:00:00
2024-09-02,9:15:00 AM,0,104.072,23.135,2024-09-02 09:15:00
2024-09-02,9:30:00 AM,0,104.084,23.134,2024-09-02 09:30:00
2024-09-02,9:45:00 AM,0,104.104,23.144,2024-09-02 09:45:00
2024-09-02,10:00:00 AM,0,104.09,23.155,2024-09-02 10:00:00
2024-09-02,10:15:00 AM,0,104.092,23.174,2024-09-02 10:15:00
2024-09-02,10:30:00 AM,0,104.089,23.194,2024-09-02 10:30:00
2024-09-02,10:45:00 AM,0,104.089,23.222,2024-09-02 10:45:00
2024-09-02,11:00:00 AM,0,104.074,23.258,2024-09-02 11:00:00
2024-09-02,11:15:00 AM,0,104.065,23.3,2024-09-02 11:15:00
2024-09-02,11:30:00 AM,0,104.049,23.354,2024-09-02 11:30:00
2024-09-02,11:45:00 AM,0,104.047,23.407,2024-09-02 11:45:00
2024-09-02,12:00:00 PM,0,104.049,23.462,2024-09-02 12:00:00
2024-09-02,12:15:00 PM,0,104.035,23.523,2024-09-02 12:15:00
2024-09-02,12:30:00 PM,0,104.026,23.594,2024-09-02 12:30:00
2024-09-02,12:45:00 PM,0,104.004,23.667,2024-09-02 12:45:00
2024-09-02,1:00:00 PM,0,103.987,23.744,2024-09-02 01:00:00
2024-09-02,1:15:00 PM,0,103.98,23.806,2024-09-02 01:15:00
2024-09-02,1:30:00 PM,0,103.969,23.862,2024-09-02 01:30:00
2024-09-02,1:45:00 PM,0,103.955,23.918,2024-09-02 01:45:00
2024-09-02,2:00:00 PM,0,103.938,23.974,2024-09-02 02:00:00
2024-09-02,2:15:00 PM,0,103.925,24.029,2024-09-02 02:15:00
2024-09-02,2:30:00 PM,0,103.905,24.08,2024-09-02 02:30:00
2024-09-02,2:45:00 PM,0,103.871,24.122,2024-09-02 02:45:00
2024-09-02,3:00:00 PM,0,103.853,24.18,2024-09-02 03:00:00
2024-09-02,3:15:00 PM,0,103.83,24.225,2024-09-02 03:15:00
2024-09-02,3:30:00 PM,0,103.812,24.263,2024-09-02 03:30:00
2024-09-02,3:45:00 PM,0,103.802,24.325,2024-09-02 03:45:00
2024-09-02,4:00:00 PM,0,103.79,24.383,2024-09-02 04:00:00
2024-09-02,4:15:00 PM,0,103.788,24.444,2024-09-02 04:15:00
2024-09-02,4:30:00 PM,0,103.769,24.505,2024-09-02 04:30:00
2024-09-02,4:45:00 PM,0,103.767,24.568,2024-09-02 04:45:00
2024-09-02,5:00:00 PM,0,103.744,24.623,2024-09-02 05:00:00
2024-09-02,5:15:00 PM,0,103.729,24.676,2024-09-02 05:15:00
2024-09-02,5:30:00 PM,0,103.723,24.726,2024-09-02 05:30:00
2024-09-02,5:45:00 PM,0,103.72,24.77,2024-09-02 05:45:00
2024-09-02,6:00:00 PM,0,103.726,24.821,2024-09-02 06:00:00
2024-09-02,6:15:00 PM,0,103.727,24.869,2024-09-02 06:15:00
2024-09-02,6:30:00 PM,0,103.736,24.912,2024-09-02 06:30:00
2024-09-02,6:45:00 PM,0,103.741,24.952,2024-09-02 06:45:00
2024-09-02,7:00:00 PM,0,103.75,24.995,2024-09-02 07:00:00
2024-09-02,7:15:00 PM,0,103.751,25.032,2024-09-02 07:15:00
2024-09-02,7:30:00 PM,0,103.749,25.061,2024-09-02 07:30:00
2024-09-02,7:45:00 PM,0,103.751,25.08,2024-09-02 07:45:00
2024-09-02,8:00:00 PM,0,103.753,25.091,2024-09-02 08:00:00
2024-09-02,8:15:00 PM,0,103.774,25.091,2024-09-02 08:15:00
2024-09-02,8:30:00 PM,0,103.781,25.082,2024-09-02 08:30:00
2024-09-02,8:45:00 PM,0,103.799,25.068,2024-09-02 08:45:00
2024-09-02,9:00:00 PM,0,103.807,25.047,2024-09-02 09:00:00
2024-09-02,9:15:00 PM,0,103.816,25.019,2024-09-02 09:15:00
2024-09-02,9:30:00 PM,0,103.82,24.989,2024-09-02 09:30:00
2024-09-02,9:45:00 PM,0,103.828,24.961,2024-09-02 09:45:00
2024-09-02,10:00:00 PM,0,103.83,24.932,2024-09-02 10:00:00
2024-09-02,10:15:00 PM,0,103.827,24.903,2024-09-02 10:15:00
2024-09-02,10:30:00 PM,0,103.828,24.871,2024-09-02 10:30:00
2024-09-02,10:45:00 PM,0,103.828,24.839,2024-09-02 10:45:00
2024-09-02,11:00:00 PM,0,103.813,24.8,2024-09-02 11:00:00
2024-09-02,11:15:00 PM,0,103.808,24.762,2024-09-02 11:15:00
2024-09-02,11:30:00 PM,0,103.806,24.728,2024-09-02 11:30:00
2024-09-02,11:45:00 PM,0,103.81,24.698,2024-09-02 11:45:00
2024-09-03,12:00:00 AM,0,103.812,24.657,2024-09-03 12:00:00
2024-09-03,12:15:00 AM,0,103.812,24.616,2024-09-03 12:15:00
2024-09-03,12:30:00 AM,0,103.801,24.572,2024-09-03 12:30:00
2024-09-03,12:45:00 AM,0,103.798,24.523,2024-09-03 12:45:00
2024-09-03,1:00:00 AM,0,103.782,24.471,2024-09-03 01:00:00
2024-09-03,1:15:00 AM,0,103.787,24.418,2024-09-03 01:15:00
2024-09-03,1:30:00 AM,0,103.78,24.367,2024-09-03 01:30:00
2024-09-03,1:45:00 AM,0,103.776,24.316,2024-09-03 01:45:00
2024-09-03,2:00:00 AM,0,103.77,24.26,2024-09-03 02:00:00
2024-09-03,2:15:00 AM,0,103.765,24.202,2024-09-03 02:15:00
2024-09-03,2:30:00 AM,0,103.764,24.144,2024-09-03 02:30:00
2024-09-03,2:45:00 AM,0,103.757,24.087,2024-09-03 02:45:00
2024-09-03,3:00:00 AM,0,103.746,24.03,2024-09-03 03:00:00
2024-09-03,3:15:00 AM,0,103.748,23.969,2024-09-03 03:15:00
2024-09-03,3:30:00 AM,0,103.754,23.912,2024-09-03 03:30:00
2024-09-03,3:45:00 AM,0,103.751,23.85,2024-09-03 03:45:00
2024-09-03,4:00:00 AM,0,103.751,23.789,2024-09-03 04:00:00
2024-09-03,4:15:00 AM,0,103.741,23.727,2024-09-03 04:15:00
2024-09-03,4:30:00 AM,0,103.752,23.668,2024-09-03 04:30:00
2024-09-03,4:45:00 AM,0,103.757,23.611,2024-09-03 04:45:00
2024-09-03,5:00:00 AM,0,103.769,23.553,2024-09-03 05:00:00
2024-09-03,5:15:00 AM,0,103.769,23.495,2024-09-03 05:15:00
2024-09-03,5:30:00 AM,0,103.776,23.436,2024-09-03 05:30:00
2024-09-03,5:45:00 AM,0,103.792,23.378,2024-09-03 05:45:00
2024-09-03,6:00:00 AM,0,103.808,23.32,2024-09-03 06:00:00
2024-09-03,6:15:00 AM,0,103.821,23.266,2024-09-03 06:15:00
2024-09-03,6:30:00 AM,0,103.841,23.213,2024-09-03 06:30:00
2024-09-03,6:45:00 AM,0,103.873,23.16,2024-09-03 06:45:00
2024-09-03,7:00:00 AM,0,103.885,23.108,2024-09-03 07:00:00
2024-09-03,7:15:00 AM,0,103.905,23.063,2024-09-03 07:15:00
2024-09-03,7:30:00 AM,0,103.921,23.017,2024-09-03 07:30:00
2024-09-03,7:45:00 AM,0,103.924,22.978,2024-09-03 07:45:00
2024-09-03,8:00:00 AM,0,103.941,22.943,2024-09-03 08:00:00
2024-09-03,8:15:00 AM,0,103.954,22.908,2024-09-03 08:15:00
2024-09-03,8:30:00 AM,0,103.972,22.882,2024-09-03 08:30:00
2024-09-03,8:45:00 AM,0,103.984,22.863,2024-09-03 08:45:00
2024-09-03,9:00:00 AM,0,103.988,22.853,2024-09-03 09:00:00
2024-09-03,9:15:00 AM,0,104.001,22.85,2024-09-03 09:15:00
2024-09-03,9:30:00 AM,0,103.997,22.855,2024-09-03 09:30:00
2024-09-03,9:45:00 AM,0,103.99,22.87,2024-09-03 09:45:00
2024-09-03,10:00:00 AM,0,103.985,22.888,2024-09-03 10:00:00
2024-09-03,10:15:00 AM,0,103.992,22.915,2024-09-03 10:15:00
2024-09-03,10:30:00 AM,0,103.992,22.947,2024-09-03 10:30:00
2024-09-03,10:45:00 AM,0,103.994,22.989,2024-09-03 10:45:00
2024-09-03,11:00:00 AM,0,103.991,23.035,2024-09-03 11:00:00
2024-09-03,11:15:00 AM,0,103.991,23.094,2024-09-03 11:15:00
2024-09-03,11:30:00 AM,0,103.986,23.164,2024-09-03 11:30:00
2024-09-03,11:45:00 AM,0,103.972,23.238,2024-09-03 11:45:00
2024-09-03,12:00:00 PM,0,103.973,23.304,2024-09-03 12:00:00
2024-09-03,12:15:00 PM,0,103.962,23.373,2024-09-03 12:15:00
2024-09-03,12:30:00 PM,0,103.951,23.454,2024-09-03 12:30:00
2024-09-03,12:45:00 PM,0,103.953,23.544,2024-09-03 12:45:00
2024-09-03,1:00:00 PM,0,103.933,23.627,2024-09-03 01:00:00
2024-09-03,1:15:00 PM,0,103.924,23.657,2024-09-03 01:15:00
2024-09-03,1:30:00 PM,0,103.902,23.726,2024-09-03 01:30:00
2024-09-03,1:45:00 PM,0,103.901,23.737,2024-09-03 01:45:00
2024-09-03,2:00:00 PM,0,103.888,23.801,2024-09-03 02:00:00
2024-09-03,2:15:00 PM,0,103.862,23.795,2024-09-03 02:15:00
2024-09-03,2:30:00 PM,0,103.852,23.84,2024-09-03 02:30:00
2024-09-03,2:45:00 PM,0,103.847,23.874,2024-09-03 02:45:00
2024-09-03,3:00:00 PM,0,103.818,23.938,2024-09-03 03:00:00
2024-09-03,3:15:00 PM,0,103.794,23.989,2024-09-03 03:15:00
2024-09-03,3:30:00 PM,0,103.783,24.035,2024-09-03 03:30:00
2024-09-03,3:45:00 PM,0,103.788,24.074,2024-09-03 03:45:00
2024-09-03,4:00:00 PM,0,103.768,24.123,2024-09-03 04:00:00
2024-09-03,4:15:00 PM,0,103.785,24.189,2024-09-03 04:15:00
2024-09-03,4:30:00 PM,0,103.787,24.238,2024-09-03 04:30:00
2024-09-03,4:45:00 PM,0,103.811,24.272,2024-09-03 04:45:00
2024-09-03,5:00:00 PM,0,103.81,24.31,2024-09-03 05:00:00
2024-09-03,5:15:00 PM,0,103.809,24.364,2024-09-03 05:15:00
2024-09-03,5:30:00 PM,0,103.818,24.415,2024-09-03 05:30:00
2024-09-03,5:45:00 PM,0,103.819,24.455,2024-09-03 05:45:00
2024-09-03,6:00:00 PM,0,103.834,24.487,2024-09-03 06:00:00
2024-09-03,6:15:00 PM,0,103.849,24.525,2024-09-03 06:15:00
2024-09-03,6:30:00 PM,0,103.838,24.568,2024-09-03 06:30:00
2024-09-03,6:45:00 PM,0,103.841,24.608,2024-09-03 06:45:00
2024-09-03,7:00:00 PM,0,103.847,24.643,2024-09-03 07:00:00
2024-09-03,7:15:00 PM,0,103.868,24.677,2024-09-03 07:15:00
2024-09-03,7:30:00 PM,0,103.892,24.712,2024-09-03 07:30:00
2024-09-03,7:45:00 PM,0,103.91,24.751,2024-09-03 07:45:00
2024-09-03,8:00:00 PM,0,103.919,24.785,2024-09-03 08:00:00
2024-09-03,8:15:00 PM,0,103.948,24.818,2024-09-03 08:15:00
2024-09-03,8:30:00 PM,0,103.986,24.845,2024-09-03 08:30:00
2024-09-03,8:45:00 PM,0,104.028,24.87,2024-09-03 08:45:00
2024-09-03,9:00:00 PM,0,104.053,24.89,2024-09-03 09:00:00
2024-09-03,9:15:00 PM,0,104.053,24.907,2024-09-03 09:15:00
2024-09-03,9:30:00 PM,0,104.06,24.919,2024-09-03 09:30:00
2024-09-03,9:45:00 PM,0,104.074,24.923,2024-09-03 09:45:00
2024-09-03,10:00:00 PM,0,104.082,24.922,2024-09-03 10:00:00
2024-09-03,10:15:00 PM,0,104.096,24.918,2024-09-03 10:15:00
2024-09-03,10:30:00 PM,0,104.102,24.91,2024-09-03 10:30:00
2024-09-03,10:45:00 PM,0,104.097,24.9,2024-09-03 10:45:00
2024-09-03,11:00:00 PM,0,104.09,24.89,2024-09-03 11:00:00
2024-09-03,11:15:00 PM,0,104.109,24.871,2024-09-03 11:15:00
2024-09-03,11:30:00 PM,0,104.109,24.856,2024-09-03 11:30:00
2024-09-03,11:45:00 PM,0,104.092,24.84,2024-09-03 11:45:00
2024-09-04,12:00:00 AM,0,104.096,24.821,2024-09-04 12:00:00
2024-09-04,12:15:00 AM,0,104.082,24.797,2024-09-04 12:15:00
2024-09-04,12:30:00 AM,0,104.053,24.775,2024-09-04 12:30:00
2024-09-04,12:45:00 AM,0,104.051,24.748,2024-09-04 12:45:00
2024-09-04,1:00:00 AM,0,104.048,24.72,2024-09-04 01:00:00
2024-09-04,1:15:00 AM,0,104.039,24.694,2024-09-04 01:15:00
2024-09-04,1:30:00 AM,0,104.03,24.662,2024-09-04 01:30:00
2024-09-04,1:45:00 AM,0,104.042,24.636,2024-09-04 01:45:00
2024-09-04,2:00:00 AM,0,104.028,24.602,2024-09-04 02:00:00
2024-09-04,2:15:00 AM,0,104.042,24.572,2024-09-04 02:15:00
2024-09-04,2:30:00 AM,0,104.046,24.539,2024-09-04 02:30:00
2024-09-04,2:45:00 AM,0,104.045,24.507,2024-09-04 02:45:00
2024-09-04,3:00:00 AM,0,104.05,24.475,2024-09-04 03:00:00
2024-09-04,3:15:00 AM,0,104.051,24.434,2024-09-04 03:15:00
2024-09-04,3:30:00 AM,0,104.048,24.397,2024-09-04 03:30:00
2024-09-04,3:45:00 AM,0,104.045,24.356,2024-09-04 03:45:00
2024-09-04,4:00:00 AM,0,104.054,24.313,2024-09-04 04:00:00
2024-09-04,4:15:00 AM,0,104.064,24.271,2024-09-04 04:15:00
2024-09-04,4:30:00 AM,0,104.071,24.224,2024-09-04 04:30:00
2024-09-04,4:45:00 AM,0,104.098,24.174,2024-09-04 04:45:00
2024-09-04,5:00:00 AM,0,104.118,24.126,2024-09-04 05:00:00
2024-09-04,5:15:00 AM,0,104.113,24.072,2024-09-04 05:15:00
2024-09-04,5:30:00 AM,0,104.136,24.023,2024-09-04 05:30:00
2024-09-04,5:45:00 AM,0,104.159,23.969,2024-09-04 05:45:00
2024-09-04,6:00:00 AM,0,104.18,23.917,2024-09-04 06:00:00
2024-09-04,6:15:00 AM,0,104.196,23.866,2024-09-04 06:15:00
2024-09-04,6:30:00 AM,0,104.193,23.811,2024-09-04 06:30:00
2024-09-04,6:45:00 AM,0,104.208,23.757,2024-09-04 06:45:00
2024-09-04,7:00:00 AM,0,104.233,23.704,2024-09-04 07:00:00
2024-09-04,7:15:00 AM,0,104.257,23.65,2024-09-04 07:15:00
2024-09-04,7:30:00 AM,0,104.296,23.604,2024-09-04 07:30:00
2024-09-04,7:45:00 AM,0,104.303,23.559,2024-09-04 07:45:00
2024-09-04,8:00:00 AM,0,104.294,23.513,2024-09-04 08:00:00
2024-09-04,8:15:00 AM,0,104.311,23.474,2024-09-04 08:15:00
2024-09-04,8:30:00 AM,0,104.333,23.437,2024-09-04 08:30:00
2024-09-04,8:45:00 AM,0,104.346,23.399,2024-09-04 08:45:00
2024-09-04,9:00:00 AM,0,104.358,23.357,2024-09-04 09:00:00
2024-09-04,9:15:00 AM,0,104.36,23.323,2024-09-04 09:15:00
2024-09-04,9:30:00 AM,0,104.365,23.291,2024-09-04 09:30:00
2024-09-04,9:45:00 AM,0,104.37,23.265,2024-09-04 09:45:00
2024-09-04,10:00:00 AM,0,104.373,23.243,2024-09-04 10:00:00
2024-09-04,10:15:00 AM,0,104.383,23.23,2024-09-04 10:15:00
2024-09-04,10:30:00 AM,0,104.38,23.214,2024-09-04 10:30:00
2024-09-04,10:45:00 AM,0,104.395,23.211,2024-09-04 10:45:00
2024-09-04,11:00:00 AM,0,104.397,23.228,2024-09-04 11:00:00
2024-09-04,11:15:00 AM,0,104.391,23.251,2024-09-04 11:15:00
2024-09-04,11:30:00 AM,0,104.373,23.257,2024-09-04 11:30:00
2024-09-04,11:45:00 AM,0,104.368,23.279,2024-09-04 11:45:00
2024-09-04,12:00:00 PM,0,104.367,23.315,2024-09-04 12:00:00
2024-09-04,12:15:00 PM,0,104.36,23.365,2024-09-04 12:15:00
2024-09-04,12:30:00 PM,0,104.355,23.397,2024-09-04 12:30:00
2024-09-04,12:45:00 PM,0,104.348,23.447,2024-09-04 12:45:00
2024-09-04,1:00:00 PM,0,104.329,23.516,2024-09-04 01:00:00
2024-09-04,1:15:00 PM,0,104.332,23.538,2024-09-04 01:15:00
2024-09-04,1:30:00 PM,0,104.296,23.539,2024-09-04 01:30:00
2024-09-04,1:45:00 PM,0,104.289,23.544,2024-09-04 01:45:00
2024-09-04,2:00:00 PM,0,104.271,23.525,2024-09-04 02:00:00
2024-09-04,2:15:00 PM,0,104.246,23.509,2024-09-04 02:15:00
2024-09-04,2:30:00 PM,0,104.214,23.502,2024-09-04 02:30:00
2024-09-04,2:45:00 PM,0,104.18,23.522,2024-09-04 02:45:00
2024-09-04,3:00:00 PM,0,104.171,23.545,2024-09-04 03:00:00
2024-09-04,3:15:00 PM,0,104.15,23.552,2024-09-04 03:15:00
2024-09-04,3:30:00 PM,0,104.127,23.564,2024-09-04 03:30:00
2024-09-04,3:45:00 PM,0,104.115,23.589,2024-09-04 03:45:00
2024-09-04,4:00:00 PM,0,104.095,23.613,2024-09-04 04:00:00
2024-09-04,4:15:00 PM,0,104.072,23.642,2024-09-04 04:15:00
2024-09-04,4:30:00 PM,0,104.064,23.666,2024-09-04 04:30:00
2024-09-04,4:45:00 PM,0,104.057,23.695,2024-09-04 04:45:00
2024-09-04,5:00:00 PM,0,104.051,23.726,2024-09-04 05:00:00
2024-09-04,5:15:00 PM,0,104.052,23.748,2024-09-04 05:15:00
2024-09-04,5:30:00 PM,0,104.059,23.764,2024-09-04 05:30:00
2024-09-04,5:45:00 PM,0,104.071,23.78,2024-09-04 05:45:00
2024-09-04,6:00:00 PM,0,104.06,23.796,2024-09-04 06:00:00
2024-09-04,6:15:00 PM,0,104.071,23.81,2024-09-04 06:15:00
2024-09-04,6:30:00 PM,0,104.077,23.826,2024-09-04 06:30:00
2024-09-04,6:45:00 PM,0,104.081,23.839,2024-09-04 06:45:00
2024-09-04,7:00:00 PM,0,104.078,23.85,2024-09-04 07:00:00
2024-09-04,7:15:00 PM,0,104.084,23.859,2024-09-04 07:15:00
2024-09-04,7:30:00 PM,0,104.088,23.872,2024-09-04 07:30:00
2024-09-04,7:45:00 PM,0,104.081,23.878,2024-09-04 07:45:00
2024-09-04,8:00:00 PM,0,104.094,23.876,2024-09-04 08:00:00
2024-09-04,8:15:00 PM,0,104.092,23.875,2024-09-04 08:15:00
2024-09-04,8:30:00 PM,0,104.119,23.872,2024-09-04 08:30:00
2024-09-04,8:45:00 PM,0,104.135,23.865,2024-09-04 08:45:00
2024-09-04,9:00:00 PM,0,104.147,23.853,2024-09-04 09:00:00
2024-09-04,9:15:00 PM,0,104.17,23.838,2024-09-04 09:15:00
2024-09-04,9:30:00 PM,0,104.176,23.827,2024-09-04 09:30:00
2024-09-04,9:45:00 PM,0,104.199,23.815,2024-09-04 09:45:00
2024-09-04,10:00:00 PM,0,104.197,23.803,2024-09-04 10:00:00
2024-09-04,10:15:00 PM,0,104.185,23.787,2024-09-04 10:15:00
2024-09-04,10:30:00 PM,0,104.19,23.773,2024-09-04 10:30:00
2024-09-04,10:45:00 PM,0,104.177,23.757,2024-09-04 10:45:00
2024-09-04,11:00:00 PM,0,104.175,23.744,2024-09-04 11:00:00
2024-09-04,11:15:00 PM,0,104.164,23.73,2024-09-04 11:15:00
2024-09-04,11:30:00 PM,0,104.162,23.721,2024-09-04 11:30:00
2024-09-04,11:45:00 PM,0,104.155,23.703,2024-09-04 11:45:00
2024-09-05,12:00:00 AM,0,104.141,23.681,2024-09-05 12:00:00
2024-09-05,12:15:00 AM,0,104.141,23.652,2024-09-05 12:15:00
2024-09-05,12:30:00 AM,0,104.132,23.616,2024-09-05 12:30:00
2024-09-05,12:45:00 AM,0,104.12,23.582,2024-09-05 12:45:00
2024-09-05,1:00:00 AM,0,104.113,23.547,2024-09-05 01:00:00
2024-09-05,1:15:00 AM,0,104.093,23.503,2024-09-05 01:15:00
2024-09-05,1:30:00 AM,0,104.076,23.461,2024-09-05 01:30:00
2024-09-05,1:45:00 AM,0,104.067,23.418,2024-09-05 01:45:00
2024-09-05,2:00:00 AM,0,104.059,23.375,2024-09-05 02:00:00
2024-09-05,2:15:00 AM,0,104.063,23.33,2024-09-05 02:15:00
2024-09-05,2:30:00 AM,0,104.057,23.285,2024-09-05 02:30:00
2024-09-05,2:45:00 AM,0,104.047,23.242,2024-09-05 02:45:00
2024-09-05,3:00:00 AM,0,104.054,23.2,2024-09-05 03:00:00
2024-09-05,3:15:00 AM,0,104.045,23.159,2024-09-05 03:15:00
2024-09-05,3:30:00 AM,0,104.048,23.12,2024-09-05 03:30:00
2024-09-05,3:45:00 AM,0,104.046,23.08,2024-09-05 03:45:00
2024-09-05,4:00:00 AM,0,104.04,23.041,2024-09-05 04:00:00
2024-09-05,4:15:00 AM,0,104.05,23.01,2024-09-05 04:15:00
2024-09-05,4:30:00 AM,0,104.064,22.978,2024-09-05 04:30:00
2024-09-05,4:45:00 AM,0,104.061,22.943,2024-09-05 04:45:00
2024-09-05,5:00:00 AM,0,104.05,22.912,2024-09-05 05:00:00
2024-09-05,5:15:00 AM,0,104.043,22.882,2024-09-05 05:15:00
2024-09-05,5:30:00 AM,0,104.049,22.852,2024-09-05 05:30:00
2024-09-05,5:45:00 AM,0,104.071,22.823,2024-09-05 05:45:00
2024-09-05,6:00:00 AM,0,104.097,22.794,2024-09-05 06:00:00
2024-09-05,6:15:00 AM,0,104.127,22.767,2024-09-05 06:15:00
2024-09-05,6:30:00 AM,0,104.138,22.742,2024-09-05 06:30:00
2024-09-05,6:45:00 AM,0,104.14,22.718,2024-09-05 06:45:00
2024-09-05,7:00:00 AM,0,104.141,22.688,2024-09-05 07:00:00
2024-09-05,7:15:00 AM,0,104.165,22.664,2024-09-05 07:15:00
2024-09-05,7:30:00 AM,0,104.189,22.638,2024-09-05 07:30:00
2024-09-05,7:45:00 AM,0,104.184,22.618,2024-09-05 07:45:00
2024-09-05,8:00:00 AM,0,104.196,22.598,2024-09-05 08:00:00
2024-09-05,8:15:00 AM,0,104.203,22.587,2024-09-05 08:15:00
2024-09-05,8:30:00 AM,0,104.22,22.575,2024-09-05 08:30:00
2024-09-05,8:45:00 AM,0,104.217,22.563,2024-09-05 08:45:00
2024-09-05,9:00:00 AM,0,104.218,22.561,2024-09-05 09:00:00
2024-09-05,9:15:00 AM,0,104.221,22.557,2024-09-05 09:15:00
2024-09-05,9:30:00 AM,0,104.219,22.555,2024-09-05 09:30:00
2024-09-05,9:45:00 AM,0,104.221,22.557,2024-09-05 09:45:00
2024-09-05,10:00:00 AM,0,104.214,22.557,2024-09-05 10:00:00
2024-09-05,10:15:00 AM,0,104.183,22.562,2024-09-05 10:15:00
2024-09-05,10:30:00 AM,0,104.178,22.57,2024-09-05 10:30:00
2024-09-05,10:45:00 AM,0,104.18,22.577,2024-09-05 10:45:00
2024-09-05,11:00:00 AM,0,104.17,22.591,2024-09-05 11:00:00
2024-09-05,11:15:00 AM,0,104.175,22.61,2024-09-05 11:15:00
2024-09-05,11:30:00 AM,0,104.18,22.632,2024-09-05 11:30:00
2024-09-05,11:45:00 AM,0,104.159,22.662,2024-09-05 11:45:00
2024-09-05,12:00:00 PM,0,104.142,22.691,2024-09-05 12:00:00
2024-09-05,12:15:00 PM,0,104.139,22.716,2024-09-05 12:15:00
2024-09-05,12:30:00 PM,0,104.123,22.737,2024-09-05 12:30:00
2024-09-05,12:45:00 PM,0,104.111,22.756,2024-09-05 12:45:00
2024-09-05,1:00:00 PM,0,104.097,22.786,2024-09-05 01:00:00
2024-09-05,1:15:00 PM,0,104.083,22.814,2024-09-05 01:15:00
2024-09-05,1:30:00 PM,0,104.074,22.84,2024-09-05 01:30:00
2024-09-05,1:45:00 PM,0,104.051,22.867,2024-09-05 01:45:00
2024-09-05,2:00:00 PM,0,104.038,22.886,2024-09-05 02:00:00
2024-09-05,2:15:00 PM,0,104.015,22.909,2024-09-05 02:15:00
2024-09-05,2:30:00 PM,0,103.995,22.926,2024-09-05 02:30:00
2024-09-05,2:45:00 PM,0,103.999,22.939,2024-09-05 02:45:00
2024-09-05,3:00:00 PM,0,103.988,22.959,2024-09-05 03:00:00
2024-09-05,3:15:00 PM,0,103.972,22.992,2024-09-05 03:15:00
2024-09-05,3:30:00 PM,0,103.954,23.017,2024-09-05 03:30:00
2024-09-05,3:45:00 PM,0,103.961,23.039,2024-09-05 03:45:00
2024-09-05,4:00:00 PM,0,103.963,23.056,2024-09-05 04:00:00
2024-09-05,4:15:00 PM,0,103.959,23.078,2024-09-05 04:15:00
2024-09-05,4:30:00 PM,0,103.966,23.103,2024-09-05 04:30:00
2024-09-05,4:45:00 PM,0,103.957,23.124,2024-09-05 04:45:00
2024-09-05,5:00:00 PM,0,103.967,23.146,2024-09-05 05:00:00
2024-09-05,5:15:00 PM,0,103.961,23.166,2024-09-05 05:15:00
2024-09-05,5:30:00 PM,0,103.95,23.188,2024-09-05 05:30:00
2024-09-05,5:45:00 PM,0,103.942,23.205,2024-09-05 05:45:00
2024-09-05,6:00:00 PM,0,103.953,23.222,2024-09-05 06:00:00
2024-09-05,6:15:00 PM,0,103.968,23.24,2024-09-05 06:15:00
2024-09-05,6:30:00 PM,0,103.965,23.257,2024-09-05 06:30:00
2024-09-05,6:45:00 PM,0,103.976,23.275,2024-09-05 06:45:00
2024-09-05,7:00:00 PM,0,103.976,23.289,2024-09-05 07:00:00
2024-09-05,7:15:00 PM,0,103.977,23.304,2024-09-05 07:15:00
2024-09-05,7:30:00 PM,0,103.98,23.323,2024-09-05 07:30:00
2024-09-05,7:45:00 PM,0,103.988,23.338,2024-09-05 07:45:00
2024-09-05,8:00:00 PM,0,103.993,23.352,2024-09-05 08:00:00
2024-09-05,8:15:00 PM,0,104.014,23.365,2024-09-05 08:15:00
2024-09-05,8:30:00 PM,0,104.02,23.377,2024-09-05 08:30:00
2024-09-05,8:45:00 PM,0,104.02,23.387,2024-09-05 08:45:00
2024-09-05,9:00:00 PM,0,104.008,23.394,2024-09-05 09:00:00
2024-09-05,9:15:00 PM,0,104.009,23.401,2024-09-05 09:15:00
2024-09-05,9:30:00 PM,0,104.011,23.409,2024-09-05 09:30:00
2024-09-05,9:45:00 PM,0,104.009,23.413,2024-09-05 09:45:00
2024-09-05,10:00:00 PM,0,104.009,23.418,2024-09-05 10:00:00
2024-09-05,10:15:00 PM,0,104,23.421,2024-09-05 10:15:00
2024-09-05,10:30:00 PM,0,103.991,23.426,2024-09-05 10:30:00
2024-09-05,10:45:00 PM,0,103.986,23.429,2024-09-05 10:45:00
2024-09-05,11:00:00 PM,0,103.981,23.429,2024-09-05 11:00:00
2024-09-05,11:15:00 PM,0,103.977,23.431,2024-09-05 11:15:00
2024-09-05,11:30:00 PM,0,103.975,23.43,2024-09-05 11:30:00
2024-09-05,11:45:00 PM,0,103.968,23.431,2024-09-05 11:45:00
2024-09-06,12:00:00 AM,0,103.958,23.427,2024-09-06 12:00:00
2024-09-06,12:15:00 AM,0,103.951,23.42,2024-09-06 12:15:00
2024-09-06,12:30:00 AM,0,103.929,23.415,2024-09-06 12:30:00
2024-09-06,12:45:00 AM,0,103.929,23.408,2024-09-06 12:45:00
2024-09-06,1:00:00 AM,0,103.919,23.395,2024-09-06 01:00:00
2024-09-06,1:15:00 AM,0,103.907,23.378,2024-09-06 01:15:00
2024-09-06,1:30:00 AM,0,103.882,23.363,2024-09-06 01:30:00
2024-09-06,1:45:00 AM,0,103.859,23.349,2024-09-06 01:45:00
2024-09-06,2:00:00 AM,0,103.846,23.335,2024-09-06 02:00:00
2024-09-06,2:15:00 AM,0,103.823,23.323,2024-09-06 02:15:00
2024-09-06,2:30:00 AM,0,103.82,23.308,2024-09-06 02:30:00
2024-09-06,2:45:00 AM,0,103.816,23.293,2024-09-06 02:45:00
2024-09-06,3:00:00 AM,0,103.812,23.276,2024-09-06 03:00:00
2024-09-06,3:15:00 AM,0,103.799,23.257,2024-09-06 03:15:00
2024-09-06,3:30:00 AM,0,103.789,23.235,2024-09-06 03:30:00
2024-09-06,3:45:00 AM,0,103.792,23.215,2024-09-06 03:45:00
2024-09-06,4:00:00 AM,0,103.8,23.19,2024-09-06 04:00:00
2024-09-06,4:15:00 AM,0,103.801,23.167,2024-09-06 04:15:00
2024-09-06,4:30:00 AM,0,103.795,23.142,2024-09-06 04:30:00
2024-09-06,4:45:00 AM,0,103.803,23.114,2024-09-06 04:45:00
2024-09-06,5:00:00 AM,0,103.809,23.084,2024-09-06 05:00:00
2024-09-06,5:15:00 AM,0,103.815,23.05,2024-09-06 05:15:00
2024-09-06,5:30:00 AM,0,103.83,23.018,2024-09-06 05:30:00
2024-09-06,5:45:00 AM,0,103.843,22.985,2024-09-06 05:45:00
2024-09-06,6:00:00 AM,0,103.861,22.95,2024-09-06 06:00:00
2024-09-06,6:15:00 AM,0,103.877,22.921,2024-09-06 06:15:00
2024-09-06,6:30:00 AM,0,103.894,22.891,2024-09-06 06:30:00
2024-09-06,6:45:00 AM,0,103.911,22.862,2024-09-06 06:45:00
2024-09-06,7:00:00 AM,0,103.915,22.836,2024-09-06 07:00:00
2024-09-06,7:15:00 AM,0,103.929,22.805,2024-09-06 07:15:00
2024-09-06,7:30:00 AM,0,103.921,22.78,2024-09-06 07:30:00
2024-09-06,7:45:00 AM,0,103.922,22.754,2024-09-06 07:45:00
2024-09-06,8:00:00 AM,0,103.923,22.73,2024-09-06 08:00:00
2024-09-06,8:15:00 AM,0,103.926,22.705,2024-09-06 08:15:00
2024-09-06,8:30:00 AM,0,103.933,22.679,2024-09-06 08:30:00
2024-09-06,8:45:00 AM,0,103.935,22.652,2024-09-06 08:45:00
2024-09-06,9:00:00 AM,0,103.944,22.626,2024-09-06 09:00:00
2024-09-06,9:15:00 AM,0,103.945,22.603,2024-09-06 09:15:00
2024-09-06,9:30:00 AM,0,103.968,22.582,2024-09-06 09:30:00
2024-09-06,9:45:00 AM,0,103.978,22.559,2024-09-06 09:45:00
2024-09-06,10:00:00 AM,0,103.994,22.537,2024-09-06 10:00:00
2024-09-06,10:15:00 AM,0,104.015,22.519,2024-09-06 10:15:00
2024-09-06,10:30:00 AM,0,104.023,22.503,2024-09-06 10:30:00
2024-09-06,10:45:00 AM,0,104.023,22.492,2024-09-06 10:45:00
2024-09-06,11:00:00 AM,0,104.025,22.478,2024-09-06 11:00:00
2024-09-06,11:15:00 AM,0,104.021,22.47,2024-09-06 11:15:00
2024-09-06,11:30:00 AM,0,104.029,22.461,2024-09-06 11:30:00
2024-09-06,11:45:00 AM,0,104.015,22.453,2024-09-06 11:45:00
2024-09-06,12:00:00 PM,0,104.006,22.45,2024-09-06 12:00:00
2024-09-06,12:15:00 PM,0,103.992,22.449,2024-09-06 12:15:00
2024-09-06,12:30:00 PM,0,103.981,22.451,2024-09-06 12:30:00
2024-09-06,12:45:00 PM,0,103.972,22.461,2024-09-06 12:45:00
2024-09-06,1:00:00 PM,0,103.971,22.478,2024-09-06 01:00:00
2024-09-06,1:15:00 PM,0,103.977,22.485,2024-09-06 01:15:00
2024-09-06,1:30:00 PM,0,103.972,22.489,2024-09-06 01:30:00
2024-09-06,1:45:00 PM,0,103.963,22.507,2024-09-06 01:45:00
2024-09-06,2:00:00 PM,0,103.948,22.517,2024-09-06 02:00:00
2024-09-06,2:15:00 PM,0,103.943,22.523,2024-09-06 02:15:00
2024-09-06,2:30:00 PM,0,103.928,22.53,2024-09-06 02:30:00
2024-09-06,2:45:00 PM,0,103.92,22.537,2024-09-06 02:45:00
2024-09-06,3:00:00 PM,0,103.911,22.544,2024-09-06 03:00:00
2024-09-06,3:15:00 PM,0,103.911,22.552,2024-09-06 03:15:00
2024-09-06,3:30:00 PM,0,103.913,22.558,2024-09-06 03:30:00
2024-09-06,3:45:00 PM,0,103.908,22.565,2024-09-06 03:45:00
2024-09-06,4:00:00 PM,0,103.908,22.572,2024-09-06 04:00:00
2024-09-06,4:15:00 PM,0,103.914,22.575,2024-09-06 04:15:00
2024-09-06,4:30:00 PM,0,103.915,22.583,2024-09-06 04:30:00
2024-09-06,4:45:00 PM,0,103.906,22.589,2024-09-06 04:45:00
2024-09-06,5:00:00 PM,0,103.906,22.598,2024-09-06 05:00:00
2024-09-06,5:15:00 PM,0,103.897,22.608,2024-09-06 05:15:00
2024-09-06,5:30:00 PM,0,103.894,22.62,2024-09-06 05:30:00
2024-09-06,5:45:00 PM,0,103.901,22.634,2024-09-06 05:45:00
2024-09-06,6:00:00 PM,0,103.914,22.647,2024-09-06 06:00:00
2024-09-06,6:15:00 PM,0,103.934,22.659,2024-09-06 06:15:00
2024-09-06,6:30:00 PM,0,103.947,22.668,2024-09-06 06:30:00
2024-09-06,6:45:00 PM,0,103.959,22.683,2024-09-06 06:45:00
2024-09-06,7:00:00 PM,0,103.957,22.69,2024-09-06 07:00:00
2024-09-06,7:15:00 PM,0,103.971,22.695,2024-09-06 07:15:00
2024-09-06,7:30:00 PM,0,103.963,22.699,2024-09-06 07:30:00
2024-09-06,7:45:00 PM,0,103.977,22.703,2024-09-06 07:45:00
2024-09-06,8:00:00 PM,0,103.977,22.705,2024-09-06 08:00:00
2024-09-06,8:15:00 PM,0,103.976,22.706,2024-09-06 08:15:00
2024-09-06,8:30:00 PM,0,103.949,22.704,2024-09-06 08:30:00
2024-09-06,8:45:00 PM,0,103.921,22.697,2024-09-06 08:45:00
2024-09-06,9:00:00 PM,0,103.916,22.693,2024-09-06 09:00:00
2024-09-06,9:15:00 PM,0,103.927,22.683,2024-09-06 09:15:00
2024-09-06,9:30:00 PM,0,103.886,22.674,2024-09-06 09:30:00
2024-09-06,9:45:00 PM,0,103.884,22.664,2024-09-06 09:45:00
2024-09-06,10:00:00 PM,0,103.856,22.651,2024-09-06 10:00:00
2024-09-06,10:15:00 PM,0,103.881,22.639,2024-09-06 10:15:00
2024-09-06,10:30:00 PM,0,103.891,22.625,2024-09-06 10:30:00
2024-09-06,10:45:00 PM,0,103.86,22.612,2024-09-06 10:45:00
2024-09-06,11:00:00 PM,0,103.889,22.601,2024-09-06 11:00:00
2024-09-06,11:15:00 PM,0,103.897,22.586,2024-09-06 11:15:00
2024-09-06,11:30:00 PM,0,103.886,22.571,2024-09-06 11:30:00
2024-09-06,11:45:00 PM,0,103.894,22.557,2024-09-06 11:45:00
2024-09-07,12:00:00 AM,0,103.877,22.543,2024-09-07 12:00:00
2024-09-07,12:15:00 AM,0,103.897,22.531,2024-09-07 12:15:00
2024-09-07,12:30:00 AM,0,103.917,22.516,2024-09-07 12:30:00
2024-09-07,12:45:00 AM,0,103.895,22.502,2024-09-07 12:45:00
2024-09-07,1:00:00 AM,0,103.907,22.486,2024-09-07 01:00:00
2024-09-07,1:15:00 AM,0,103.866,22.471,2024-09-07 01:15:00
2024-09-07,1:30:00 AM,0,103.874,22.452,2024-09-07 01:30:00
2024-09-07,1:45:00 AM,0,103.874,22.434,2024-09-07 01:45:00
2024-09-07,2:00:00 AM,0,103.845,22.419,2024-09-07 02:00:00
2024-09-07,2:15:00 AM,0,103.844,22.399,2024-09-07 02:15:00
2024-09-07,2:30:00 AM,0,103.836,22.376,2024-09-07 02:30:00
2024-09-07,2:45:00 AM,0,103.811,22.355,2024-09-07 02:45:00
2024-09-07,3:00:00 AM,0,103.821,22.33,2024-09-07 03:00:00
2024-09-07,3:15:00 AM,0,103.822,22.307,2024-09-07 03:15:00
2024-09-07,3:30:00 AM,0,103.824,22.28,2024-09-07 03:30:00
2024-09-07,3:45:00 AM,0,103.806,22.254,2024-09-07 03:45:00
2024-09-07,4:00:00 AM,0,103.834,22.223,2024-09-07 04:00:00
2024-09-07,4:15:00 AM,0,103.836,22.193,2024-09-07 04:15:00
2024-09-07,4:30:00 AM,0,103.851,22.16,2024-09-07 04:30:00
2024-09-07,4:45:00 AM,0,103.86,22.132,2024-09-07 04:45:00
2024-09-07,5:00:00 AM,0,103.853,22.099,2024-09-07 05:00:00
2024-09-07,5:15:00 AM,0,103.856,22.067,2024-09-07 05:15:00
2024-09-07,5:30:00 AM,0,103.851,22.034,2024-09-07 05:30:00
2024-09-07,5:45:00 AM,0,103.869,22.003,2024-09-07 05:45:00
2024-09-07,6:00:00 AM,0,103.879,21.975,2024-09-07 06:00:00
2024-09-07,6:15:00 AM,0,103.87,21.946,2024-09-07 06:15:00
2024-09-07,6:30:00 AM,0,103.883,21.917,2024-09-07 06:30:00
2024-09-07,6:45:00 AM,0,103.879,21.887,2024-09-07 06:45:00
2024-09-07,7:00:00 AM,0,103.888,21.859,2024-09-07 07:00:00
2024-09-07,7:15:00 AM,0,103.897,21.832,2024-09-07 07:15:00
2024-09-07,7:30:00 AM,0,103.899,21.807,2024-09-07 07:30:00
2024-09-07,7:45:00 AM,0,103.909,21.786,2024-09-07 07:45:00
2024-09-07,8:00:00 AM,0,103.922,21.762,2024-09-07 08:00:00
2024-09-07,8:15:00 AM,0,103.932,21.739,2024-09-07 08:15:00
2024-09-07,8:30:00 AM,0,103.939,21.723,2024-09-07 08:30:00
2024-09-07,8:45:00 AM,0,103.944,21.712,2024-09-07 08:45:00
2024-09-07,9:00:00 AM,0,103.957,21.707,2024-09-07 09:00:00
2024-09-07,9:15:00 AM,0,103.955,21.704,2024-09-07 09:15:00
2024-09-07,9:30:00 AM,0,103.945,21.709,2024-09-07 09:30:00
2024-09-07,9:45:00 AM,0,103.951,21.718,2024-09-07 09:45:00
2024-09-07,10:00:00 AM,0,103.979,21.74,2024-09-07 10:00:00
2024-09-07,10:15:00 AM,0,103.984,21.761,2024-09-07 10:15:00
2024-09-07,10:30:00 AM,0,103.982,21.788,2024-09-07 10:30:00
2024-09-07,10:45:00 AM,0,103.992,21.816,2024-09-07 10:45:00
2024-09-07,11:00:00 AM,0,103.99,21.852,2024-09-07 11:00:00
2024-09-07,11:15:00 AM,0,103.979,21.871,2024-09-07 11:15:00
2024-09-07,11:30:00 AM,0,103.977,21.897,2024-09-07 11:30:00
2024-09-07,11:45:00 AM,0,103.989,21.927,2024-09-07 11:45:00
2024-09-07,12:00:00 PM,0,103.993,21.959,2024-09-07 12:00:00
2024-09-07,12:15:00 PM,0,103.995,22.002,2024-09-07 12:15:00
2024-09-07,12:30:00 PM,0,103.978,22.026,2024-09-07 12:30:00
2024-09-07,12:45:00 PM,0,103.95,22.067,2024-09-07 12:45:00
2024-09-07,1:00:00 PM,0,103.925,22.124,2024-09-07 01:00:00
2024-09-07,1:15:00 PM,0,103.897,22.136,2024-09-07 01:15:00
2024-09-07,1:30:00 PM,0,103.876,22.193,2024-09-07 01:30:00
2024-09-07,1:45:00 PM,0,103.874,22.235,2024-09-07 01:45:00
2024-09-07,2:00:00 PM,0,103.849,22.295,2024-09-07 02:00:00
2024-09-07,2:15:00 PM,0,103.844,22.313,2024-09-07 02:15:00
2024-09-07,2:30:00 PM,0,103.828,22.373,2024-09-07 02:30:00
2024-09-07,2:45:00 PM,0,103.835,22.38,2024-09-07 02:45:00
2024-09-07,3:00:00 PM,0,103.798,22.424,2024-09-07 03:00:00
2024-09-07,3:15:00 PM,0,103.798,22.467,2024-09-07 03:15:00
2024-09-07,3:30:00 PM,0,103.784,22.492,2024-09-07 03:30:00
2024-09-07,3:45:00 PM,0,103.745,22.549,2024-09-07 03:45:00
2024-09-07,4:00:00 PM,0,103.741,22.606,2024-09-07 04:00:00
2024-09-07,4:15:00 PM,0,103.744,22.654,2024-09-07 04:15:00
2024-09-07,4:30:00 PM,0,103.734,22.698,2024-09-07 04:30:00
2024-09-07,4:45:00 PM,0,103.734,22.74,2024-09-07 04:45:00
2024-09-07,5:00:00 PM,0,103.742,22.788,2024-09-07 05:00:00
2024-09-07,5:15:00 PM,0,103.738,22.825,2024-09-07 05:15:00
2024-09-07,5:30:00 PM,0,103.736,22.852,2024-09-07 05:30:00
2024-09-07,5:45:00 PM,0,103.728,22.89,2024-09-07 05:45:00
2024-09-07,6:00:00 PM,0,103.725,22.931,2024-09-07 06:00:00
2024-09-07,6:15:00 PM,0,103.716,22.964,2024-09-07 06:15:00
2024-09-07,6:30:00 PM,0,103.705,22.994,2024-09-07 06:30:00
2024-09-07,6:45:00 PM,0,103.709,23.026,2024-09-07 06:45:00
2024-09-07,7:00:00 PM,0,103.718,23.05,2024-09-07 07:00:00
2024-09-07,7:15:00 PM,0,103.723,23.069,2024-09-07 07:15:00
2024-09-07,7:30:00 PM,0,103.724,23.081,2024-09-07 07:30:00
2024-09-07,7:45:00 PM,0,103.731,23.088,2024-09-07 07:45:00
2024-09-07,8:00:00 PM,0,103.743,23.094,2024-09-07 08:00:00
2024-09-07,8:15:00 PM,0,103.769,23.094,2024-09-07 08:15:00
2024-09-07,8:30:00 PM,0,103.782,23.086,2024-09-07 08:30:00
2024-09-07,8:45:00 PM,0,103.788,23.076,2024-09-07 08:45:00
2024-09-07,9:00:00 PM,0,103.802,23.056,2024-09-07 09:00:00
2024-09-07,9:15:00 PM,0,103.799,23.037,2024-09-07 09:15:00
2024-09-07,9:30:00 PM,0,103.811,23.014,2024-09-07 09:30:00
2024-09-07,9:45:00 PM,0,103.823,22.981,2024-09-07 09:45:00
2024-09-07,10:00:00 PM,0,103.846,22.943,2024-09-07 10:00:00
2024-09-07,10:15:00 PM,0,103.859,22.905,2024-09-07 10:15:00
2024-09-07,10:30:00 PM,0,103.867,22.86,2024-09-07 10:30:00
2024-09-07,10:45:00 PM,0,103.875,22.809,2024-09-07 10:45:00
2024-09-07,11:00:00 PM,0,103.872,22.75,2024-09-07 11:00:00
2024-09-07,11:15:00 PM,0,103.867,22.694,2024-09-07 11:15:00
2024-09-07,11:30:00 PM,0,103.867,22.636,2024-09-07 11:30:00
2024-09-07,11:45:00 PM,0,103.874,22.579,2024-09-07 11:45:00
2024-09-08,12:00:00 AM,0,103.873,22.515,2024-09-08 12:00:00
2024-09-08,12:15:00 AM,0,103.861,22.455,2024-09-08 12:15:00
2024-09-08,12:30:00 AM,0,103.864,22.383,2024-09-08 12:30:00
2024-09-08,12:45:00 AM,0,103.858,22.317,2024-09-08 12:45:00
2024-09-08,1:00:00 AM,0,103.85,22.243,2024-09-08 01:00:00
2024-09-08,1:15:00 AM,0,103.831,22.169,2024-09-08 01:15:00
2024-09-08,1:30:00 AM,0,103.82,22.093,2024-09-08 01:30:00
2024-09-08,1:45:00 AM,0,103.823,22.025,2024-09-08 01:45:00
2024-09-08,2:00:00 AM,0,103.825,21.955,2024-09-08 02:00:00
2024-09-08,2:15:00 AM,0,103.808,21.885,2024-09-08 02:15:00
2024-09-08,2:30:00 AM,0,103.803,21.808,2024-09-08 02:30:00
2024-09-08,2:45:00 AM,0,103.809,21.724,2024-09-08 02:45:00
2024-09-08,3:00:00 AM,0,103.82,21.641,2024-09-08 03:00:00
2024-09-08,3:15:00 AM,0,103.818,21.557,2024-09-08 03:15:00
2024-09-08,3:30:00 AM,0,103.811,21.472,2024-09-08 03:30:00
2024-09-08,3:45:00 AM,0,103.805,21.377,2024-09-08 03:45:00
2024-09-08,4:00:00 AM,0,103.804,21.282,2024-09-08 04:00:00
2024-09-08,4:15:00 AM,0,103.8,21.195,2024-09-08 04:15:00
2024-09-08,4:30:00 AM,0,103.811,21.109,2024-09-08 04:30:00
2024-09-08,4:45:00 AM,0,103.808,21.016,2024-09-08 04:45:00
2024-09-08,5:00:00 AM,0,103.809,20.926,2024-09-08 05:00:00
2024-09-08,5:15:00 AM,0,103.822,20.833,2024-09-08 05:15:00
2024-09-08,5:30:00 AM,0,103.835,20.743,2024-09-08 05:30:00
2024-09-08,5:45:00 AM,0,103.833,20.654,2024-09-08 05:45:00
2024-09-08,6:00:00 AM,0,103.843,20.57,2024-09-08 06:00:00
2024-09-08,6:15:00 AM,0,103.853,20.488,2024-09-08 06:15:00
2024-09-08,6:30:00 AM,0,103.869,20.405,2024-09-08 06:30:00
2024-09-08,6:45:00 AM,0,103.885,20.321,2024-09-08 06:45:00
2024-09-08,7:00:00 AM,0,103.909,20.239,2024-09-08 07:00:00
2024-09-08,7:15:00 AM,0,103.939,20.164,2024-09-08 07:15:00
2024-09-08,7:30:00 AM,0,103.958,20.093,2024-09-08 07:30:00
2024-09-08,7:45:00 AM,0,103.971,20.029,2024-09-08 07:45:00
2024-09-08,8:00:00 AM,0,103.981,19.971,2024-09-08 08:00:00
2024-09-08,8:15:00 AM,0,103.988,19.919,2024-09-08 08:15:00
2024-09-08,8:30:00 AM,0,103.979,19.872,2024-09-08 08:30:00
2024-09-08,8:45:00 AM,0,103.99,19.833,2024-09-08 08:45:00
2024-09-08,9:00:00 AM,0,104.006,19.804,2024-09-08 09:00:00
2024-09-08,9:15:00 AM,0,104.009,19.779,2024-09-08 09:15:00
2024-09-08,9:30:00 AM,0,104.007,19.765,2024-09-08 09:30:00
2024-09-08,9:45:00 AM,0,104.01,19.758,2024-09-08 09:45:00
2024-09-08,10:00:00 AM,0,104.001,19.761,2024-09-08 10:00:00
2024-09-08,10:15:00 AM,0,104.004,19.771,2024-09-08 10:15:00
2024-09-08,10:30:00 AM,0,104.003,19.78,2024-09-08 10:30:00
2024-09-08,10:45:00 AM,0,104.01,19.801,2024-09-08 10:45:00
2024-09-08,11:00:00 AM,0,104.005,19.832,2024-09-08 11:00:00
2024-09-08,11:15:00 AM,0,104.004,19.878,2024-09-08 11:15:00
2024-09-08,11:30:00 AM,0,103.985,19.939,2024-09-08 11:30:00
2024-09-08,11:45:00 AM,0,103.978,19.997,2024-09-08 11:45:00
2024-09-08,12:00:00 PM,0,103.971,20.052,2024-09-08 12:00:00
2024-09-08,12:15:00 PM,0,103.963,20.115,2024-09-08 12:15:00
2024-09-08,12:30:00 PM,0,103.945,20.191,2024-09-08 12:30:00
2024-09-08,12:45:00 PM,0,103.933,20.269,2024-09-08 12:45:00
2024-09-08,1:00:00 PM,0,103.915,20.351,2024-09-08 01:00:00
2024-09-08,1:15:00 PM,0,103.892,20.41,2024-09-08 01:15:00
2024-09-08,1:30:00 PM,0,103.878,20.459,2024-09-08 01:30:00
2024-09-08,1:45:00 PM,0,103.867,20.51,2024-09-08 01:45:00
2024-09-08,2:00:00 PM,0,103.848,20.567,2024-09-08 02:00:00
2024-09-08,2:15:00 PM,0,103.824,20.609,2024-09-08 02:15:00
2024-09-08,2:30:00 PM,0,103.803,20.652,2024-09-08 02:30:00
2024-09-08,2:45:00 PM,0,103.786,20.693,2024-09-08 02:45:00
2024-09-08,3:00:00 PM,0,103.772,20.739,2024-09-08 03:00:00
2024-09-08,3:15:00 PM,0,103.755,20.78,2024-09-08 03:15:00
2024-09-08,3:30:00 PM,0,103.743,20.827,2024-09-08 03:30:00
2024-09-08,3:45:00 PM,0,103.737,20.895,2024-09-08 03:45:00
2024-09-08,4:00:00 PM,0,103.729,20.962,2024-09-08 04:00:00
2024-09-08,4:15:00 PM,0,103.727,21.03,2024-09-08 04:15:00
2024-09-08,4:30:00 PM,0,103.713,21.083,2024-09-08 04:30:00
2024-09-08,4:45:00 PM,0,103.712,21.144,2024-09-08 04:45:00
2024-09-08,5:00:00 PM,0,103.708,21.194,2024-09-08 05:00:00
2024-09-08,5:15:00 PM,0,103.7,21.237,2024-09-08 05:15:00
2024-09-08,5:30:00 PM,0,103.696,21.274,2024-09-08 05:30:00
2024-09-08,5:45:00 PM,0,103.694,21.308,2024-09-08 05:45:00
2024-09-08,6:00:00 PM,0,103.692,21.349,2024-09-08 06:00:00
2024-09-08,6:15:00 PM,0,103.687,21.386,2024-09-08 06:15:00
2024-09-08,6:30:00 PM,0,103.689,21.422,2024-09-08 06:30:00
2024-09-08,6:45:00 PM,0,103.706,21.456,2024-09-08 06:45:00
2024-09-08,7:00:00 PM,0,103.721,21.485,2024-09-08 07:00:00
2024-09-08,7:15:00 PM,0,103.731,21.514,2024-09-08 07:15:00
2024-09-08,7:30:00 PM,0,103.732,21.535,2024-09-08 07:30:00
2024-09-08,7:45:00 PM,0,103.749,21.554,2024-09-08 07:45:00
2024-09-08,8:00:00 PM,0,103.763,21.564,2024-09-08 08:00:00
2024-09-08,8:15:00 PM,0,103.781,21.564,2024-09-08 08:15:00
2024-09-08,8:30:00 PM,0,103.799,21.553,2024-09-08 08:30:00
2024-09-08,8:45:00 PM,0,103.832,21.538,2024-09-08 08:45:00
2024-09-08,9:00:00 PM,0,103.853,21.522,2024-09-08 09:00:00
2024-09-08,9:15:00 PM,0,103.86,21.504,2024-09-08 09:15:00
2024-09-08,9:30:00 PM,0,103.867,21.48,2024-09-08 09:30:00
2024-09-08,9:45:00 PM,0,103.873,21.453,2024-09-08 09:45:00
2024-09-08,10:00:00 PM,0,103.866,21.418,2024-09-08 10:00:00
2024-09-08,10:15:00 PM,0,103.861,21.381,2024-09-08 10:15:00
2024-09-08,10:30:00 PM,0,103.852,21.342,2024-09-08 10:30:00
2024-09-08,10:45:00 PM,0,103.847,21.301,2024-09-08 10:45:00
2024-09-08,11:00:00 PM,0,103.842,21.258,2024-09-08 11:00:00
2024-09-08,11:15:00 PM,0,103.832,21.215,2024-09-08 11:15:00
2024-09-08,11:30:00 PM,0,103.826,21.171,2024-09-08 11:30:00
2024-09-08,11:45:00 PM,0,103.827,21.124,2024-09-08 11:45:00
2024-09-09,12:00:00 AM,0,103.812,21.076,2024-09-09 12:00:00
2024-09-09,12:15:00 AM,0,103.816,21.026,2024-09-09 12:15:00
2024-09-09,12:30:00 AM,0,103.819,20.973,2024-09-09 12:30:00
2024-09-09,12:45:00 AM,0,103.813,20.923,2024-09-09 12:45:00
2024-09-09,1:00:00 AM,0,103.802,20.867,2024-09-09 01:00:00
2024-09-09,1:15:00 AM,0,103.794,20.813,2024-09-09 01:15:00
2024-09-09,1:30:00 AM,0,103.788,20.752,2024-09-09 01:30:00
2024-09-09,1:45:00 AM,0,103.787,20.694,2024-09-09 01:45:00
2024-09-09,2:00:00 AM,0,103.788,20.631,2024-09-09 02:00:00
2024-09-09,2:15:00 AM,0,103.798,20.572,2024-09-09 02:15:00
2024-09-09,2:30:00 AM,0,103.793,20.511,2024-09-09 02:30:00
2024-09-09,2:45:00 AM,0,103.792,20.447,2024-09-09 02:45:00
2024-09-09,3:00:00 AM,0,103.787,20.387,2024-09-09 03:00:00
2024-09-09,3:15:00 AM,0,103.775,20.322,2024-09-09 03:15:00
2024-09-09,3:30:00 AM,0,103.782,20.263,2024-09-09 03:30:00
2024-09-09,3:45:00 AM,0,103.792,20.203,2024-09-09 03:45:00
2024-09-09,4:00:00 AM,0,103.797,20.149,2024-09-09 04:00:00
2024-09-09,4:15:00 AM,0,103.804,20.088,2024-09-09 04:15:00
2024-09-09,4:30:00 AM,0,103.797,20.03,2024-09-09 04:30:00
2024-09-09,4:45:00 AM,0,103.799,19.971,2024-09-09 04:45:00
2024-09-09,5:00:00 AM,0,103.795,19.913,2024-09-09 05:00:00
2024-09-09,5:15:00 AM,0,103.809,19.854,2024-09-09 05:15:00
2024-09-09,5:30:00 AM,0,103.819,19.802,2024-09-09 05:30:00
2024-09-09,5:45:00 AM,0,103.83,19.752,2024-09-09 05:45:00
2024-09-09,6:00:00 AM,0,103.853,19.701,2024-09-09 06:00:00
2024-09-09,6:15:00 AM,0,103.863,19.647,2024-09-09 06:15:00
2024-09-09,6:30:00 AM,0,103.879,19.596,2024-09-09 06:30:00
2024-09-09,6:45:00 AM,0,103.908,19.548,2024-09-09 06:45:00
2024-09-09,7:00:00 AM,0,103.923,19.498,2024-09-09 07:00:00
2024-09-09,7:15:00 AM,0,103.946,19.45,2024-09-09 07:15:00
2024-09-09,7:30:00 AM,0,103.969,19.403,2024-09-09 07:30:00
2024-09-09,7:45:00 AM,0,103.984,19.361,2024-09-09 07:45:00
2024-09-09,8:00:00 AM,0,103.991,19.324,2024-09-09 08:00:00
2024-09-09,8:15:00 AM,0,103.993,19.298,2024-09-09 08:15:00
2024-09-09,8:30:00 AM,0,104.005,19.277,2024-09-09 08:30:00
2024-09-09,8:45:00 AM,0,104.017,19.264,2024-09-09 08:45:00
2024-09-09,9:00:00 AM,0,104.017,19.26,2024-09-09 09:00:00
2024-09-09,9:15:00 AM,0,104.038,19.266,2024-09-09 09:15:00
2024-09-09,9:30:00 AM,0,104.045,19.276,2024-09-09 09:30:00
2024-09-09,9:45:00 AM,0,104.066,19.303,2024-09-09 09:45:00
2024-09-09,10:00:00 AM,0,104.073,19.334,2024-09-09 10:00:00
2024-09-09,10:15:00 AM,0,104.075,19.372,2024-09-09 10:15:00
2024-09-09,10:30:00 AM,0,104.067,19.415,2024-09-09 10:30:00
2024-09-09,10:45:00 AM,0,104.063,19.469,2024-09-09 10:45:00
2024-09-09,11:00:00 AM,0,104.051,19.533,2024-09-09 11:00:00
2024-09-09,11:15:00 AM,0,104.052,19.61,2024-09-09 11:15:00
2024-09-09,11:30:00 AM,0,104.044,19.707,2024-09-09 11:30:00
2024-09-09,11:45:00 AM,0,104.034,19.798,2024-09-09 11:45:00
2024-09-09,12:00:00 PM,0,104.026,19.88,2024-09-09 12:00:00
2024-09-09,12:15:00 PM,0,104.009,19.97,2024-09-09 12:15:00
2024-09-09,12:30:00 PM,0,104.005,20.067,2024-09-09 12:30:00
2024-09-09,12:45:00 PM,0,103.997,20.176,2024-09-09 12:45:00
2024-09-09,1:00:00 PM,0,103.986,20.283,2024-09-09 01:00:00
2024-09-09,1:15:00 PM,0,103.971,20.338,2024-09-09 01:15:00
2024-09-09,1:30:00 PM,0,103.959,20.387,2024-09-09 01:30:00
2024-09-09,1:45:00 PM,0,103.953,20.484,2024-09-09 01:45:00
2024-09-09,2:00:00 PM,0,103.943,20.543,2024-09-09 02:00:00
2024-09-09,2:15:00 PM,0,103.943,20.611,2024-09-09 02:15:00
2024-09-09,2:30:00 PM,0,103.921,20.619,2024-09-09 02:30:00
2024-09-09,2:45:00 PM,0,103.92,20.669,2024-09-09 02:45:00
2024-09-09,3:00:00 PM,0,103.899,20.74,2024-09-09 03:00:00
2024-09-09,3:15:00 PM,0,103.888,20.775,2024-09-09 03:15:00
2024-09-09,3:30:00 PM,0,103.864,20.828,2024-09-09 03:30:00
2024-09-09,3:45:00 PM,0,103.857,20.902,2024-09-09 03:45:00
2024-09-09,4:00:00 PM,0,103.85,20.985,2024-09-09 04:00:00
2024-09-09,4:15:00 PM,0,103.842,21.056,2024-09-09 04:15:00
2024-09-09,4:30:00 PM,0,103.833,21.131,2024-09-09 04:30:00
2024-09-09,4:45:00 PM,0,103.84,21.216,2024-09-09 04:45:00
2024-09-09,5:00:00 PM,0,103.846,21.285,2024-09-09 05:00:00
2024-09-09,5:15:00 PM,0,103.835,21.333,2024-09-09 05:15:00
2024-09-09,5:30:00 PM,0,103.822,21.383,2024-09-09 05:30:00
2024-09-09,5:45:00 PM,0,103.821,21.439,2024-09-09 05:45:00
2024-09-09,6:00:00 PM,0,103.829,21.499,2024-09-09 06:00:00
2024-09-09,6:15:00 PM,0,103.835,21.557,2024-09-09 06:15:00
2024-09-09,6:30:00 PM,0,103.832,21.609,2024-09-09 06:30:00
2024-09-09,6:45:00 PM,0,103.837,21.66,2024-09-09 06:45:00
2024-09-09,7:00:00 PM,0,103.843,21.709,2024-09-09 07:00:00
2024-09-09,7:15:00 PM,0,103.846,21.762,2024-09-09 07:15:00
2024-09-09,7:30:00 PM,0,103.848,21.811,2024-09-09 07:30:00
2024-09-09,7:45:00 PM,0,103.864,21.861,2024-09-09 07:45:00
2024-09-09,8:00:00 PM,0,103.87,21.907,2024-09-09 08:00:00
2024-09-09,8:15:00 PM,0,103.884,21.944,2024-09-09 08:15:00
2024-09-09,8:30:00 PM,0,103.901,21.981,2024-09-09 08:30:00
2024-09-09,8:45:00 PM,0,103.911,22.014,2024-09-09 08:45:00
2024-09-09,9:00:00 PM,0,103.917,22.037,2024-09-09 09:00:00
2024-09-09,9:15:00 PM,0,103.921,22.056,2024-09-09 09:15:00
2024-09-09,9:30:00 PM,0,103.924,22.068,2024-09-09 09:30:00
2024-09-09,9:45:00 PM,0,103.922,22.081,2024-09-09 09:45:00
2024-09-09,10:00:00 PM,0,103.92,22.08,2024-09-09 10:00:00
2024-09-09,10:15:00 PM,0,103.919,22.078,2024-09-09 10:15:00
2024-09-09,10:30:00 PM,0,103.92,22.072,2024-09-09 10:30:00
2024-09-09,10:45:00 PM,0,103.918,22.063,2024-09-09 10:45:00
2024-09-09,11:00:00 PM,0,103.913,22.046,2024-09-09 11:00:00
2024-09-09,11:15:00 PM,0,103.901,22.03,2024-09-09 11:15:00
2024-09-09,11:30:00 PM,0,103.891,22.012,2024-09-09 11:30:00
2024-09-09,11:45:00 PM,0,103.888,21.995,2024-09-09 11:45:00
2024-09-10,12:00:00 AM,0,103.876,21.972,2024-09-10 12:00:00
2024-09-10,12:15:00 AM,0,103.865,21.95,2024-09-10 12:15:00
2024-09-10,12:30:00 AM,0,103.858,21.925,2024-09-10 12:30:00
2024-09-10,12:45:00 AM,0,103.855,21.897,2024-09-10 12:45:00
2024-09-10,1:00:00 AM,0,103.837,21.87,2024-09-10 01:00:00
2024-09-10,1:15:00 AM,0,103.813,21.838,2024-09-10 01:15:00
2024-09-10,1:30:00 AM,0,103.802,21.804,2024-09-10 01:30:00
2024-09-10,1:45:00 AM,0,103.79,21.769,2024-09-10 01:45:00
2024-09-10,2:00:00 AM,0,103.792,21.733,2024-09-10 02:00:00
2024-09-10,2:15:00 AM,0,103.785,21.694,2024-09-10 02:15:00
2024-09-10,2:30:00 AM,0,103.775,21.652,2024-09-10 02:30:00
2024-09-10,2:45:00 AM,0,103.753,21.612,2024-09-10 02:45:00
2024-09-10,3:00:00 AM,0,103.734,21.568,2024-09-10 03:00:00
2024-09-10,3:15:00 AM,0,103.727,21.522,2024-09-10 03:15:00
2024-09-10,3:30:00 AM,0,103.723,21.476,2024-09-10 03:30:00
2024-09-10,3:45:00 AM,0,103.721,21.43,2024-09-10 03:45:00
2024-09-10,4:00:00 AM,0,103.735,21.381,2024-09-10 04:00:00
2024-09-10,4:15:00 AM,0,103.749,21.331,2024-09-10 04:15:00
2024-09-10,4:30:00 AM,0,103.747,21.281,2024-09-10 04:30:00
2024-09-10,4:45:00 AM,0,103.764,21.23,2024-09-10 04:45:00
2024-09-10,5:00:00 AM,0,103.781,21.179,2024-09-10 05:00:00
2024-09-10,5:15:00 AM,0,103.784,21.127,2024-09-10 05:15:00
2024-09-10,5:30:00 AM,0,103.799,21.07,2024-09-10 05:30:00
2024-09-10,5:45:00 AM,0,103.799,21.019,2024-09-10 05:45:00
2024-09-10,6:00:00 AM,0,103.807,20.959,2024-09-10 06:00:00
2024-09-10,6:15:00 AM,0,103.828,20.91,2024-09-10 06:15:00
2024-09-10,6:30:00 AM,0,103.851,20.855,2024-09-10 06:30:00
2024-09-10,6:45:00 AM,0,103.875,20.803,2024-09-10 06:45:00
2024-09-10,7:00:00 AM,0,103.898,20.747,2024-09-10 07:00:00
2024-09-10,7:15:00 AM,0,103.916,20.698,2024-09-10 07:15:00
2024-09-10,7:30:00 AM,0,103.918,20.649,2024-09-10 07:30:00
2024-09-10,7:45:00 AM,0,103.941,20.603,2024-09-10 07:45:00
2024-09-10,8:00:00 AM,0,103.941,20.563,2024-09-10 08:00:00
2024-09-10,8:15:00 AM,0,103.954,20.531,2024-09-10 08:15:00
2024-09-10,8:30:00 AM,0,103.971,20.505,2024-09-10 08:30:00
2024-09-10,8:45:00 AM,0,103.979,20.487,2024-09-10 08:45:00
2024-09-10,9:00:00 AM,0,103.975,20.471,2024-09-10 09:00:00
2024-09-10,9:15:00 AM,0,103.997,20.47,2024-09-10 09:15:00
2024-09-10,9:30:00 AM,0,104.001,20.476,2024-09-10 09:30:00
2024-09-10,9:45:00 AM,0,104.018,20.493,2024-09-10 09:45:00
2024-09-10,10:00:00 AM,0,104.003,20.516,2024-09-10 10:00:00
2024-09-10,10:15:00 AM,0,103.984,20.542,2024-09-10 10:15:00
2024-09-10,10:30:00 AM,0,103.97,20.573,2024-09-10 10:30:00
2024-09-10,10:45:00 AM,0,103.972,20.616,2024-09-10 10:45:00
2024-09-10,11:00:00 AM,0,103.959,20.665,2024-09-10 11:00:00
2024-09-10,11:15:00 AM,0,103.946,20.731,2024-09-10 11:15:00
2024-09-10,11:30:00 AM,0,103.933,20.808,2024-09-10 11:30:00
2024-09-10,11:45:00 AM,0,103.931,20.882,2024-09-10 11:45:00
2024-09-10,12:00:00 PM,0,103.925,20.957,2024-09-10 12:00:00
2024-09-10,12:15:00 PM,0,103.908,21.02,2024-09-10 12:15:00
2024-09-10,12:30:00 PM,0,103.885,21.08,2024-09-10 12:30:00
2024-09-10,12:45:00 PM,0,103.868,21.136,2024-09-10 12:45:00
2024-09-10,1:00:00 PM,0,103.845,21.198,2024-09-10 01:00:00
2024-09-10,1:15:00 PM,0,103.819,21.258,2024-09-10 01:15:00
2024-09-10,1:30:00 PM,0,103.814,21.293,2024-09-10 01:30:00
2024-09-10,1:45:00 PM,0,103.808,21.298,2024-09-10 01:45:00
2024-09-10,2:00:00 PM,0,103.79,21.352,2024-09-10 02:00:00
2024-09-10,2:15:00 PM,0,103.784,21.387,2024-09-10 02:15:00
2024-09-10,2:30:00 PM,0,103.765,21.41,2024-09-10 02:30:00
2024-09-10,2:45:00 PM,0,103.751,21.452,2024-09-10 02:45:00
2024-09-10,3:00:00 PM,0,103.743,21.49,2024-09-10 03:00:00
2024-09-10,3:15:00 PM,0,103.726,21.524,2024-09-10 03:15:00
2024-09-10,3:30:00 PM,0,103.731,21.558,2024-09-10 03:30:00
2024-09-10,3:45:00 PM,0,103.715,21.598,2024-09-10 03:45:00
2024-09-10,4:00:00 PM,0,103.719,21.643,2024-09-10 04:00:00
2024-09-10,4:15:00 PM,0,103.728,21.689,2024-09-10 04:15:00
2024-09-10,4:30:00 PM,0,103.74,21.734,2024-09-10 04:30:00
2024-09-10,4:45:00 PM,0,103.74,21.779,2024-09-10 04:45:00
2024-09-10,5:00:00 PM,0,103.737,21.823,2024-09-10 05:00:00
2024-09-10,5:15:00 PM,0,103.718,21.86,2024-09-10 05:15:00
2024-09-10,5:30:00 PM,0,103.718,21.898,2024-09-10 05:30:00
2024-09-10,5:45:00 PM,0,103.724,21.93,2024-09-10 05:45:00
2024-09-10,6:00:00 PM,0,103.724,21.962,2024-09-10 06:00:00
2024-09-10,6:15:00 PM,0,103.721,21.997,2024-09-10 06:15:00
2024-09-10,6:30:00 PM,0,103.714,22.031,2024-09-10 06:30:00
2024-09-10,6:45:00 PM,0,103.726,22.066,2024-09-10 06:45:00
2024-09-10,7:00:00 PM,0,103.728,22.103,2024-09-10 07:00:00
2024-09-10,7:15:00 PM,0,103.723,22.139,2024-09-10 07:15:00
2024-09-10,7:30:00 PM,0,103.73,22.171,2024-09-10 07:30:00
2024-09-10,7:45:00 PM,0,103.729,22.208,2024-09-10 07:45:00
2024-09-10,8:00:00 PM,0,103.732,22.241,2024-09-10 08:00:00
2024-09-10,8:15:00 PM,0,103.715,22.272,2024-09-10 08:15:00
2024-09-10,8:30:00 PM,0,103.712,22.299,2024-09-10 08:30:00
2024-09-10,8:45:00 PM,0,103.726,22.321,2024-09-10 08:45:00
2024-09-10,9:00:00 PM,0,103.721,22.34,2024-09-10 09:00:00
2024-09-10,9:15:00 PM,0,103.737,22.35,2024-09-10 09:15:00
2024-09-10,9:30:00 PM,0,103.732,22.359,2024-09-10 09:30:00
2024-09-10,9:45:00 PM,0,103.733,22.364,2024-09-10 09:45:00
2024-09-10,10:00:00 PM,0,103.724,22.365,2024-09-10 10:00:00
2024-09-10,10:15:00 PM,0,103.723,22.362,2024-09-10 10:15:00
2024-09-10,10:30:00 PM,0,103.717,22.358,2024-09-10 10:30:00
2024-09-10,10:45:00 PM,0,103.727,22.348,2024-09-10 10:45:00
2024-09-10,11:00:00 PM,0,103.717,22.332,2024-09-10 11:00:00
2024-09-10,11:15:00 PM,0,103.694,22.318,2024-09-10 11:15:00
2024-09-10,11:30:00 PM,0,103.702,22.3,2024-09-10 11:30:00
2024-09-10,11:45:00 PM,0,103.686,22.282,2024-09-10 11:45:00
2024-09-11,12:00:00 AM,0,103.66,22.259,2024-09-11 12:00:00
2024-09-11,12:15:00 AM,0,103.662,22.238,2024-09-11 12:15:00
2024-09-11,12:30:00 AM,0,103.656,22.213,2024-09-11 12:30:00
2024-09-11,12:45:00 AM,0,103.645,22.185,2024-09-11 12:45:00
2024-09-11,1:00:00 AM,0,103.638,22.156,2024-09-11 01:00:00
2024-09-11,1:15:00 AM,0,103.64,22.128,2024-09-11 01:15:00
2024-09-11,1:30:00 AM,0,103.642,22.097,2024-09-11 01:30:00
2024-09-11,1:45:00 AM,0,103.635,22.063,2024-09-11 01:45:00
2024-09-11,2:00:00 AM,0,103.634,22.032,2024-09-11 02:00:00
2024-09-11,2:15:00 AM,0,103.624,21.996,2024-09-11 02:15:00
2024-09-11,2:30:00 AM,0,103.597,21.963,2024-09-11 02:30:00
2024-09-11,2:45:00 AM,0,103.574,21.926,2024-09-11 02:45:00
2024-09-11,3:00:00 AM,0,103.574,21.89,2024-09-11 03:00:00
2024-09-11,3:15:00 AM,0,103.562,21.852,2024-09-11 03:15:00
2024-09-11,3:30:00 AM,0,103.556,21.811,2024-09-11 03:30:00
2024-09-11,3:45:00 AM,0,103.575,21.774,2024-09-11 03:45:00
2024-09-11,4:00:00 AM,0,103.565,21.732,2024-09-11 04:00:00
2024-09-11,4:15:00 AM,0,103.523,21.691,2024-09-11 04:15:00
2024-09-11,4:30:00 AM,0,103.56,21.65,2024-09-11 04:30:00
2024-09-11,4:45:00 AM,0,103.55,21.61,2024-09-11 04:45:00
2024-09-11,5:00:00 AM,0,103.538,21.565,2024-09-11 05:00:00
2024-09-11,5:15:00 AM,0,103.553,21.521,2024-09-11 05:15:00
2024-09-11,5:30:00 AM,0,103.583,21.474,2024-09-11 05:30:00
2024-09-11,5:45:00 AM,0,103.596,21.433,2024-09-11 05:45:00
2024-09-11,6:00:00 AM,0,103.594,21.39,2024-09-11 06:00:00
2024-09-11,6:15:00 AM,0,103.635,21.346,2024-09-11 06:15:00
2024-09-11,6:30:00 AM,0,103.629,21.307,2024-09-11 06:30:00
2024-09-11,6:45:00 AM,0,103.621,21.268,2024-09-11 06:45:00
2024-09-11,7:00:00 AM,0,103.63,21.225,2024-09-11 07:00:00
2024-09-11,7:15:00 AM,0,103.64,21.192,2024-09-11 07:15:00
2024-09-11,7:30:00 AM,0,103.649,21.16,2024-09-11 07:30:00
2024-09-11,7:45:00 AM,0,103.657,21.133,2024-09-11 07:45:00
2024-09-11,8:00:00 AM,0,103.666,21.108,2024-09-11 08:00:00
2024-09-11,8:15:00 AM,0,103.685,21.088,2024-09-11 08:15:00
2024-09-11,8:30:00 AM,0,103.699,21.074,2024-09-11 08:30:00
2024-09-11,8:45:00 AM,0,103.722,21.06,2024-09-11 08:45:00
2024-09-11,9:00:00 AM,0,103.746,21.05,2024-09-11 09:00:00
2024-09-11,9:15:00 AM,0,103.76,21.045,2024-09-11 09:15:00
2024-09-11,9:30:00 AM,0,103.742,21.039,2024-09-11 09:30:00
2024-09-11,9:45:00 AM,0,103.73,21.038,2024-09-11 09:45:00
2024-09-11,10:00:00 AM,0,103.728,21.043,2024-09-11 10:00:00
2024-09-11,10:15:00 AM,0,103.712,21.054,2024-09-11 10:15:00
2024-09-11,10:30:00 AM,0,103.719,21.069,2024-09-11 10:30:00
2024-09-11,10:45:00 AM,0,103.72,21.09,2024-09-11 10:45:00
2024-09-11,11:00:00 AM,0,103.717,21.112,2024-09-11 11:00:00
2024-09-11,11:15:00 AM,0,103.719,21.133,2024-09-11 11:15:00
2024-09-11,11:30:00 AM,0,103.721,21.153,2024-09-11 11:30:00
2024-09-11,11:45:00 AM,0,103.717,21.173,2024-09-11 11:45:00
2024-09-11,12:00:00 PM,0,103.702,21.197,2024-09-11 12:00:00
2024-09-11,12:15:00 PM,0,103.697,21.226,2024-09-11 12:15:00
2024-09-11,12:30:00 PM,0,103.683,21.259,2024-09-11 12:30:00
2024-09-11,12:45:00 PM,0,103.667,21.295,2024-09-11 12:45:00
2024-09-11,1:00:00 PM,0,103.639,21.329,2024-09-11 01:00:00
2024-09-11,1:15:00 PM,0,103.601,21.361,2024-09-11 01:15:00
2024-09-11,1:30:00 PM,0,103.586,21.392,2024-09-11 01:30:00
2024-09-11,1:45:00 PM,0,103.578,21.428,2024-09-11 01:45:00
2024-09-11,2:00:00 PM,0,103.584,21.474,2024-09-11 02:00:00
2024-09-11,2:15:00 PM,0,103.564,21.508,2024-09-11 02:15:00
2024-09-11,2:30:00 PM,0,103.57,21.53,2024-09-11 02:30:00
2024-09-11,2:45:00 PM,0,103.576,21.556,2024-09-11 02:45:00
2024-09-11,3:00:00 PM,0,103.574,21.581,2024-09-11 03:00:00
2024-09-11,3:15:00 PM,0,103.568,21.607,2024-09-11 03:15:00
2024-09-11,3:30:00 PM,0,103.558,21.629,2024-09-11 03:30:00
2024-09-11,3:45:00 PM,0,103.551,21.65,2024-09-11 03:45:00
2024-09-11,4:00:00 PM,0,103.532,21.674,2024-09-11 04:00:00
2024-09-11,4:15:00 PM,0,103.518,21.697,2024-09-11 04:15:00
2024-09-11,4:30:00 PM,0,103.516,21.72,2024-09-11 04:30:00
2024-09-11,4:45:00 PM,0,103.52,21.741,2024-09-11 04:45:00
2024-09-11,5:00:00 PM,0,103.516,21.761,2024-09-11 05:00:00
2024-09-11,5:15:00 PM,0,103.504,21.779,2024-09-11 05:15:00
2024-09-11,5:30:00 PM,0,103.497,21.798,2024-09-11 05:30:00
2024-09-11,5:45:00 PM,0,103.49,21.819,2024-09-11 05:45:00
2024-09-11,6:00:00 PM,0,103.493,21.837,2024-09-11 06:00:00
2024-09-11,6:15:00 PM,0,103.489,21.85,2024-09-11 06:15:00
2024-09-11,6:30:00 PM,0,103.489,21.867,2024-09-11 06:30:00
2024-09-11,6:45:00 PM,0,103.469,21.885,2024-09-11 06:45:00
2024-09-11,7:00:00 PM,0,103.448,21.901,2024-09-11 07:00:00
2024-09-11,7:15:00 PM,0,103.418,21.916,2024-09-11 07:15:00
2024-09-11,7:30:00 PM,0,103.416,21.928,2024-09-11 07:30:00
2024-09-11,7:45:00 PM,0,103.408,21.938,2024-09-11 07:45:00
2024-09-11,8:00:00 PM,0,103.433,21.946,2024-09-11 08:00:00
2024-09-11,8:15:00 PM,0,103.442,21.951,2024-09-11 08:15:00
2024-09-11,8:30:00 PM,0,103.446,21.954,2024-09-11 08:30:00
2024-09-11,8:45:00 PM,0,103.482,21.958,2024-09-11 08:45:00
2024-09-11,9:00:00 PM,0,103.48,21.954,2024-09-11 09:00:00
2024-09-11,9:15:00 PM,0,103.452,21.946,2024-09-11 09:15:00
2024-09-11,9:30:00 PM,0,103.42,21.936,2024-09-11 09:30:00
2024-09-11,9:45:00 PM,0,103.382,21.921,2024-09-11 09:45:00
2024-09-11,10:00:00 PM,0,103.383,21.908,2024-09-11 10:00:00
2024-09-11,10:15:00 PM,0,103.345,21.895,2024-09-11 10:15:00
2024-09-11,10:30:00 PM,0,103.3,21.881,2024-09-11 10:30:00
2024-09-11,10:45:00 PM,0,103.246,21.862,2024-09-11 10:45:00
2024-09-11,11:00:00 PM,0,103.228,21.839,2024-09-11 11:00:00
2024-09-11,11:15:00 PM,0,103.326,21.822,2024-09-11 11:15:00
2024-09-11,11:30:00 PM,0,103.268,21.804,2024-09-11 11:30:00
2024-09-11,11:45:00 PM,0,103.325,21.786,2024-09-11 11:45:00
2024-09-12,12:00:00 AM,0,103.354,21.766,2024-09-12 12:00:00
2024-09-12,12:15:00 AM,0,103.352,21.745,2024-09-12 12:15:00
2024-09-12,12:30:00 AM,0,103.31,21.724,2024-09-12 12:30:00
2024-09-12,12:45:00 AM,0,103.255,21.702,2024-09-12 12:45:00
2024-09-12,1:00:00 AM,0,103.23,21.683,2024-09-12 01:00:00
2024-09-12,1:15:00 AM,0,103.205,21.659,2024-09-12 01:15:00
2024-09-12,1:30:00 AM,0,103.165,21.637,2024-09-12 01:30:00
2024-09-12,1:45:00 AM,0,103.149,21.615,2024-09-12 01:45:00
2024-09-12,2:00:00 AM,0,103.155,21.593,2024-09-12 02:00:00
2024-09-12,2:15:00 AM,0,103.158,21.572,2024-09-12 02:15:00
2024-09-12,2:30:00 AM,0,103.138,21.549,2024-09-12 02:30:00
2024-09-12,2:45:00 AM,0,103.129,21.527,2024-09-12 02:45:00
2024-09-12,3:00:00 AM,0,103.112,21.511,2024-09-12 03:00:00
2024-09-12,3:15:00 AM,0,103.127,21.491,2024-09-12 03:15:00
2024-09-12,3:30:00 AM,0,103.103,21.472,2024-09-12 03:30:00
2024-09-12,3:45:00 AM,0,103.066,21.455,2024-09-12 03:45:00
2024-09-12,4:00:00 AM,0,103.145,21.437,2024-09-12 04:00:00
2024-09-12,4:15:00 AM,0,103.168,21.421,2024-09-12 04:15:00
2024-09-12,4:30:00 AM,0,103.11,21.405,2024-09-12 04:30:00
2024-09-12,4:45:00 AM,0,103.142,21.384,2024-09-12 04:45:00
2024-09-12,5:00:00 AM,0,103.139,21.364,2024-09-12 05:00:00
2024-09-12,5:15:00 AM,0,103.171,21.349,2024-09-12 05:15:00
2024-09-12,5:30:00 AM,0,103.183,21.333,2024-09-12 05:30:00
2024-09-12,5:45:00 AM,0,103.199,21.317,2024-09-12 05:45:00
2024-09-12,6:00:00 AM,0,103.194,21.303,2024-09-12 06:00:00
2024-09-12,6:15:00 AM,0,103.258,21.287,2024-09-12 06:15:00
2024-09-12,6:30:00 AM,0,103.218,21.27,2024-09-12 06:30:00
2024-09-12,6:45:00 AM,0,103.26,21.255,2024-09-12 06:45:00
2024-09-12,7:00:00 AM,0,103.297,21.242,2024-09-12 07:00:00
2024-09-12,7:15:00 AM,0,103.291,21.23,2024-09-12 07:15:00
2024-09-12,7:30:00 AM,0,103.277,21.218,2024-09-12 07:30:00
2024-09-12,7:45:00 AM,0,103.259,21.211,2024-09-12 07:45:00
2024-09-12,8:00:00 AM,0,103.332,21.203,2024-09-12 08:00:00
2024-09-12,8:15:00 AM,0,103.358,21.19,2024-09-12 08:15:00
2024-09-12,8:30:00 AM,0,103.409,21.186,2024-09-12 08:30:00
2024-09-12,8:45:00 AM,0,103.418,21.178,2024-09-12 08:45:00
2024-09-12,9:00:00 AM,0,103.446,21.173,2024-09-12 09:00:00
2024-09-12,9:15:00 AM,0,103.481,21.171,2024-09-12 09:15:00
2024-09-12,9:30:00 AM,0,103.498,21.172,2024-09-12 09:30:00
2024-09-12,9:45:00 AM,0,103.519,21.179,2024-09-12 09:45:00
2024-09-12,10:00:00 AM,0,103.575,21.185,2024-09-12 10:00:00
2024-09-12,10:15:00 AM,0,103.655,21.191,2024-09-12 10:15:00
2024-09-12,10:30:00 AM,0,103.685,21.202,2024-09-12 10:30:00
2024-09-12,10:45:00 AM,0,103.714,21.213,2024-09-12 10:45:00
2024-09-12,11:00:00 AM,0,103.793,21.224,2024-09-12 11:00:00
2024-09-12,11:15:00 AM,0,103.826,21.236,2024-09-12 11:15:00
2024-09-12,11:30:00 AM,0,103.862,21.244,2024-09-12 11:30:00
2024-09-12,11:45:00 AM,0,103.948,21.252,2024-09-12 11:45:00
2024-09-12,12:00:00 PM,0,103.982,21.26,2024-09-12 12:00:00
2024-09-12,12:15:00 PM,0,104.054,21.271,2024-09-12 12:15:00
2024-09-12,12:30:00 PM,0,104.073,21.284,2024-09-12 12:30:00
2024-09-12,12:45:00 PM,0,104.078,21.298,2024-09-12 12:45:00
2024-09-12,1:00:00 PM,0,104.125,21.306,2024-09-12 01:00:00
2024-09-12,1:15:00 PM,0,104.137,21.315,2024-09-12 01:15:00
2024-09-12,1:30:00 PM,0,104.138,21.321,2024-09-12 01:30:00
2024-09-12,1:45:00 PM,0,104.188,21.33,2024-09-12 01:45:00
2024-09-12,2:00:00 PM,0,104.255,21.333,2024-09-12 02:00:00
2024-09-12,2:15:00 PM,0,104.29,21.339,2024-09-12 02:15:00
2024-09-12,2:30:00 PM,0,104.311,21.343,2024-09-12 02:30:00
2024-09-12,2:45:00 PM,0,104.433,21.363,2024-09-12 02:45:00
2024-09-12,3:00:00 PM,0,104.607,21.381,2024-09-12 03:00:00
2024-09-12,3:15:00 PM,0,104.708,21.423,2024-09-12 03:15:00
2024-09-12,3:30:00 PM,0,104.787,21.437,2024-09-12 03:30:00
2024-09-12,3:45:00 PM,0,104.833,21.465,2024-09-12 03:45:00
2024-09-12,4:00:00 PM,0,104.915,21.486,2024-09-12 04:00:00
2024-09-12,4:15:00 PM,0,105.137,21.516,2024-09-12 04:15:00
2024-09-12,4:30:00 PM,0,105.467,21.539,2024-09-12 04:30:00
2024-09-12,4:45:00 PM,0,105.846,21.574,2024-09-12 04:45:00
2024-09-12,5:00:00 PM,0,106.252,21.63,2024-09-12 05:00:00
2024-09-12,5:15:00 PM,0,106.609,21.676,2024-09-12 05:15:00
2024-09-12,5:30:00 PM,0,106.926,21.719,2024-09-12 05:30:00
2024-09-12,5:45:00 PM,0,107.149,21.746,2024-09-12 05:45:00
2024-09-12,6:00:00 PM,0,107.362,21.81,2024-09-12 06:00:00
2024-09-12,6:15:00 PM,0,107.477,21.863,2024-09-12 06:15:00
2024-09-12,6:30:00 PM,0,107.646,21.873,2024-09-12 06:30:00
2024-09-12,6:45:00 PM,0,107.737,21.885,2024-09-12 06:45:00
2024-09-12,7:00:00 PM,0,107.846,21.899,2024-09-12 07:00:00
2024-09-12,7:15:00 PM,0,107.932,21.915,2024-09-12 07:15:00
2024-09-12,7:30:00 PM,0,108.011,21.924,2024-09-12 07:30:00
2024-09-12,7:45:00 PM,0,108.123,21.929,2024-09-12 07:45:00
2024-09-12,8:00:00 PM,0,108.132,21.93,2024-09-12 08:00:00
2024-09-12,8:15:00 PM,0,108.158,21.934,2024-09-12 08:15:00
2024-09-12,8:30:00 PM,0,108.197,21.934,2024-09-12 08:30:00
2024-09-12,8:45:00 PM,0,108.163,21.941,2024-09-12 08:45:00
2024-09-12,9:00:00 PM,0,108.059,21.947,2024-09-12 09:00:00
2024-09-12,9:15:00 PM,0,107.932,21.954,2024-09-12 09:15:00
2024-09-12,9:30:00 PM,0,107.782,21.959,2024-09-12 09:30:00
2024-09-12,9:45:00 PM,0,107.607,21.963,2024-09-12 09:45:00
2024-09-12,10:00:00 PM,0,107.462,21.965,2024-09-12 10:00:00
2024-09-12,10:15:00 PM,0,107.322,21.967,2024-09-12 10:15:00
2024-09-12,10:30:00 PM,0,107.159,21.969,2024-09-12 10:30:00
2024-09-12,10:45:00 PM,0,107.019,21.97,2024-09-12 10:45:00
2024-09-12,11:00:00 PM,0,106.864,21.976,2024-09-12 11:00:00
2024-09-12,11:15:00 PM,0,106.74,21.977,2024-09-12 11:15:00
2024-09-12,11:30:00 PM,0,106.622,21.98,2024-09-12 11:30:00
2024-09-12,11:45:00 PM,0,106.535,21.981,2024-09-12 11:45:00
2024-09-13,12:00:00 AM,0,106.419,21.985,2024-09-13 12:00:00
2024-09-13,12:15:00 AM,0,106.353,21.987,2024-09-13 12:15:00
2024-09-13,12:30:00 AM,0,106.263,21.987,2024-09-13 12:30:00
2024-09-13,12:45:00 AM,0,106.16,21.992,2024-09-13 12:45:00
2024-09-13,1:00:00 AM,0,106.092,21.994,2024-09-13 01:00:00
2024-09-13,1:15:00 AM,0,106.011,21.995,2024-09-13 01:15:00
2024-09-13,1:30:00 AM,0,105.95,21.998,2024-09-13 01:30:00
2024-09-13,1:45:00 AM,0,105.869,21.998,2024-09-13 01:45:00
2024-09-13,2:00:00 AM,0,105.799,22.001,2024-09-13 02:00:00
2024-09-13,2:15:00 AM,0,105.743,22.001,2024-09-13 02:15:00
2024-09-13,2:30:00 AM,0,105.686,22.006,2024-09-13 02:30:00
2024-09-13,2:45:00 AM,0,105.622,22.006,2024-09-13 02:45:00
2024-09-13,3:00:00 AM,0,105.576,22.007,2024-09-13 03:00:00
2024-09-13,3:15:00 AM,0,105.534,22.005,2024-09-13 03:15:00
2024-09-13,3:30:00 AM,0,105.466,22.006,2024-09-13 03:30:00
2024-09-13,3:45:00 AM,0,105.426,22.006,2024-09-13 03:45:00
2024-09-13,4:00:00 AM,0,105.387,22.004,2024-09-13 04:00:00
2024-09-13,4:15:00 AM,0,105.35,22.002,2024-09-13 04:15:00
2024-09-13,4:30:00 AM,0,105.349,22.001,2024-09-13 04:30:00
2024-09-13,4:45:00 AM,0,105.316,22,2024-09-13 04:45:00
2024-09-13,5:00:00 AM,0,105.268,21.998,2024-09-13 05:00:00
2024-09-13,5:15:00 AM,0,105.244,21.996,2024-09-13 05:15:00
2024-09-13,5:30:00 AM,0,105.204,21.992,2024-09-13 05:30:00
2024-09-13,5:45:00 AM,0,105.178,21.991,2024-09-13 05:45:00
2024-09-13,6:00:00 AM,0,105.145,21.986,2024-09-13 06:00:00
2024-09-13,6:15:00 AM,0,105.13,21.983,2024-09-13 06:15:00
2024-09-13,6:30:00 AM,0,105.096,21.982,2024-09-13 06:30:00
2024-09-13,6:45:00 AM,0,105.098,21.981,2024-09-13 06:45:00
2024-09-13,7:00:00 AM,0,105.101,21.979,2024-09-13 07:00:00
2024-09-13,7:15:00 AM,0,105.082,21.976,2024-09-13 07:15:00
2024-09-13,7:30:00 AM,0,105.092,21.974,2024-09-13 07:30:00
2024-09-13,7:45:00 AM,0,105.065,21.972,2024-09-13 07:45:00
2024-09-13,8:00:00 AM,0,105.059,21.974,2024-09-13 08:00:00
2024-09-13,8:15:00 AM,0,105.033,21.976,2024-09-13 08:15:00
2024-09-13,8:30:00 AM,0,104.997,21.976,2024-09-13 08:30:00
2024-09-13,8:45:00 AM,0,104.978,21.979,2024-09-13 08:45:00
2024-09-13,9:00:00 AM,0,104.949,21.984,2024-09-13 09:00:00
2024-09-13,9:15:00 AM,0,104.933,21.993,2024-09-13 09:15:00
2024-09-13,9:30:00 AM,0,104.931,22.005,2024-09-13 09:30:00
2024-09-13,9:45:00 AM,0,104.913,22.02,2024-09-13 09:45:00
2024-09-13,10:00:00 AM,0,104.917,22.029,2024-09-13 10:00:00
2024-09-13,10:15:00 AM,0,104.907,22.045,2024-09-13 10:15:00
2024-09-13,10:30:00 AM,0,104.907,22.061,2024-09-13 10:30:00
2024-09-13,10:45:00 AM,0,104.887,22.086,2024-09-13 10:45:00
2024-09-13,11:00:00 AM,0,104.882,22.111,2024-09-13 11:00:00
2024-09-13,11:15:00 AM,0,104.867,22.141,2024-09-13 11:15:00
2024-09-13,11:30:00 AM,0,104.826,22.166,2024-09-13 11:30:00
2024-09-13,11:45:00 AM,0,104.789,22.192,2024-09-13 11:45:00
2024-09-13,12:00:00 PM,0,104.76,22.223,2024-09-13 12:00:00
2024-09-13,12:15:00 PM,0,104.725,22.261,2024-09-13 12:15:00
2024-09-13,12:30:00 PM,0,104.672,22.317,2024-09-13 12:30:00
2024-09-13,12:45:00 PM,0,104.626,22.385,2024-09-13 12:45:00
2024-09-13,1:00:00 PM,0,104.593,22.444,2024-09-13 01:00:00
2024-09-13,1:15:00 PM,0,104.559,22.504,2024-09-13 01:15:00
2024-09-13,1:30:00 PM,0,104.553,22.566,2024-09-13 01:30:00
2024-09-13,1:45:00 PM,0,104.526,22.612,2024-09-13 01:45:00
2024-09-13,2:00:00 PM,0,104.485,22.653,2024-09-13 02:00:00
2024-09-13,2:15:00 PM,0,104.463,22.684,2024-09-13 02:15:00
2024-09-13,2:30:00 PM,0,104.447,22.727,2024-09-13 02:30:00
2024-09-13,2:45:00 PM,0,104.432,22.776,2024-09-13 02:45:00
2024-09-13,3:00:00 PM,0,104.428,22.824,2024-09-13 03:00:00
2024-09-13,3:15:00 PM,0,104.394,22.869,2024-09-13 03:15:00
2024-09-13,3:30:00 PM,0,104.363,22.928,2024-09-13 03:30:00
2024-09-13,3:45:00 PM,0,104.332,22.977,2024-09-13 03:45:00
2024-09-13,4:00:00 PM,0,104.36,23.033,2024-09-13 04:00:00
2024-09-13,4:15:00 PM,0,104.369,23.079,2024-09-13 04:15:00
2024-09-13,4:30:00 PM,0,104.402,23.124,2024-09-13 04:30:00
2024-09-13,4:45:00 PM,0,104.46,23.163,2024-09-13 04:45:00
2024-09-13,5:00:00 PM,0,104.456,23.194,2024-09-13 05:00:00
2024-09-13,5:15:00 PM,0,104.449,23.223,2024-09-13 05:15:00
2024-09-13,5:30:00 PM,0,104.444,23.253,2024-09-13 05:30:00
2024-09-13,5:45:00 PM,0,104.458,23.292,2024-09-13 05:45:00
2024-09-13,6:00:00 PM,0,104.432,23.32,2024-09-13 06:00:00
2024-09-13,6:15:00 PM,0,104.453,23.347,2024-09-13 06:15:00
2024-09-13,6:30:00 PM,0,104.463,23.367,2024-09-13 06:30:00
2024-09-13,6:45:00 PM,0,104.488,23.387,2024-09-13 06:45:00
2024-09-13,7:00:00 PM,0,104.466,23.403,2024-09-13 07:00:00
2024-09-13,7:15:00 PM,0,104.474,23.405,2024-09-13 07:15:00
2024-09-13,7:30:00 PM,0,104.471,23.409,2024-09-13 07:30:00
2024-09-13,7:45:00 PM,0,104.477,23.405,2024-09-13 07:45:00
2024-09-13,8:00:00 PM,0,104.495,23.403,2024-09-13 08:00:00
2024-09-13,8:15:00 PM,0,104.501,23.401,2024-09-13 08:15:00
2024-09-13,8:30:00 PM,0,104.512,23.388,2024-09-13 08:30:00
2024-09-13,8:45:00 PM,0,104.497,23.367,2024-09-13 08:45:00
2024-09-13,9:00:00 PM,0,104.505,23.345,2024-09-13 09:00:00
2024-09-13,9:15:00 PM,0,104.52,23.322,2024-09-13 09:15:00
2024-09-13,9:30:00 PM,0,104.51,23.297,2024-09-13 09:30:00
2024-09-13,9:45:00 PM,0,104.53,23.274,2024-09-13 09:45:00
2024-09-13,10:00:00 PM,0,104.545,23.249,2024-09-13 10:00:00
2024-09-13,10:15:00 PM,0,104.551,23.217,2024-09-13 10:15:00
2024-09-13,10:30:00 PM,0,104.571,23.183,2024-09-13 10:30:00
2024-09-13,10:45:00 PM,0,104.595,23.147,2024-09-13 10:45:00
2024-09-13,11:00:00 PM,0,104.612,23.11,2024-09-13 11:00:00
2024-09-13,11:15:00 PM,0,104.621,23.072,2024-09-13 11:15:00
2024-09-13,11:30:00 PM,0,104.612,23.038,2024-09-13 11:30:00
2024-09-13,11:45:00 PM,0,104.624,23.001,2024-09-13 11:45:00
2024-09-14,12:00:00 AM,0,104.64,22.971,2024-09-14 12:00:00
2024-09-14,12:15:00 AM,0,104.645,22.937,2024-09-14 12:15:00
2024-09-14,12:30:00 AM,0,104.66,22.904,2024-09-14 12:30:00
2024-09-14,12:45:00 AM,0,104.685,22.866,2024-09-14 12:45:00
2024-09-14,1:00:00 AM,0,104.718,22.818,2024-09-14 01:00:00
2024-09-14,1:15:00 AM,0,104.752,22.775,2024-09-14 01:15:00
2024-09-14,1:30:00 AM,0,104.776,22.722,2024-09-14 01:30:00
2024-09-14,1:45:00 AM,0,104.788,22.698,2024-09-14 01:45:00
2024-09-14,2:00:00 AM,0,104.77,22.67,2024-09-14 02:00:00
2024-09-14,2:15:00 AM,0,104.785,22.656,2024-09-14 02:15:00
2024-09-14,2:30:00 AM,0,104.811,22.638,2024-09-14 02:30:00
2024-09-14,2:45:00 AM,0,104.809,22.62,2024-09-14 02:45:00
2024-09-14,3:00:00 AM,0,104.811,22.6,2024-09-14 03:00:00
2024-09-14,3:15:00 AM,0,104.79,22.58,2024-09-14 03:15:00
2024-09-14,3:30:00 AM,0,104.839,22.561,2024-09-14 03:30:00
2024-09-14,3:45:00 AM,0,104.83,22.543,2024-09-14 03:45:00
2024-09-14,4:00:00 AM,0,104.854,22.522,2024-09-14 04:00:00
2024-09-14,4:15:00 AM,0,104.86,22.501,2024-09-14 04:15:00
2024-09-14,4:30:00 AM,0,104.874,22.483,2024-09-14 04:30:00
2024-09-14,4:45:00 AM,0,104.9,22.463,2024-09-14 04:45:00
2024-09-14,5:00:00 AM,0,104.906,22.441,2024-09-14 05:00:00
2024-09-14,5:15:00 AM,0,104.925,22.419,2024-09-14 05:15:00
2024-09-14,5:30:00 AM,0,104.92,22.393,2024-09-14 05:30:00
2024-09-14,5:45:00 AM,0,104.954,22.37,2024-09-14 05:45:00
2024-09-14,6:00:00 AM,0,104.967,22.345,2024-09-14 06:00:00
2024-09-14,6:15:00 AM,0,104.968,22.317,2024-09-14 06:15:00
2024-09-14,6:30:00 AM,0,104.983,22.291,2024-09-14 06:30:00
2024-09-14,6:45:00 AM,0,105.006,22.261,2024-09-14 06:45:00
2024-09-14,7:00:00 AM,0,105.02,22.234,2024-09-14 07:00:00
2024-09-14,7:15:00 AM,0,105.043,22.205,2024-09-14 07:15:00
2024-09-14,7:30:00 AM,0,105.046,22.179,2024-09-14 07:30:00
2024-09-14,7:45:00 AM,0,105.044,22.153,2024-09-14 07:45:00
2024-09-14,8:00:00 AM,0,105.034,22.128,2024-09-14 08:00:00
2024-09-14,8:15:00 AM,0,105.04,22.109,2024-09-14 08:15:00
2024-09-14,8:30:00 AM,0,105.04,22.089,2024-09-14 08:30:00
2024-09-14,8:45:00 AM,0,105.039,22.074,2024-09-14 08:45:00
2024-09-14,9:00:00 AM,0,105.043,22.059,2024-09-14 09:00:00
2024-09-14,9:15:00 AM,0,105.04,22.052,2024-09-14 09:15:00
2024-09-14,9:30:00 AM,0,105.037,22.045,2024-09-14 09:30:00
2024-09-14,9:45:00 AM,0,105.034,22.041,2024-09-14 09:45:00
2024-09-14,10:00:00 AM,0,105.032,22.037,2024-09-14 10:00:00
2024-09-14,10:15:00 AM,0,105.017,22.037,2024-09-14 10:15:00
2024-09-14,10:30:00 AM,0,104.995,22.035,2024-09-14 10:30:00
2024-09-14,10:45:00 AM,0,104.977,22.049,2024-09-14 10:45:00
2024-09-14,11:00:00 AM,0,104.958,22.077,2024-09-14 11:00:00
2024-09-14,11:15:00 AM,0,104.961,22.122,2024-09-14 11:15:00
2024-09-14,11:30:00 AM,0,104.941,22.126,2024-09-14 11:30:00
2024-09-14,11:45:00 AM,0,104.924,22.125,2024-09-14 11:45:00
2024-09-14,12:00:00 PM,0,104.905,22.137,2024-09-14 12:00:00
2024-09-14,12:15:00 PM,0,104.876,22.165,2024-09-14 12:15:00
2024-09-14,12:30:00 PM,0,104.865,22.206,2024-09-14 12:30:00
2024-09-14,12:45:00 PM,0,104.845,22.248,2024-09-14 12:45:00
2024-09-14,1:00:00 PM,0,104.83,22.291,2024-09-14 01:00:00
2024-09-14,1:15:00 PM,0,104.812,22.33,2024-09-14 01:15:00
2024-09-14,1:30:00 PM,0,104.799,22.372,2024-09-14 01:30:00
2024-09-14,1:45:00 PM,0,104.771,22.408,2024-09-14 01:45:00
2024-09-14,2:00:00 PM,0,104.747,22.448,2024-09-14 02:00:00
2024-09-14,2:15:00 PM,0,104.713,22.498,2024-09-14 02:15:00
2024-09-14,2:30:00 PM,0,104.688,22.539,2024-09-14 02:30:00
2024-09-14,2:45:00 PM,0,104.658,22.581,2024-09-14 02:45:00
2024-09-14,3:00:00 PM,0,104.658,22.627,2024-09-14 03:00:00
2024-09-14,3:15:00 PM,0,104.673,22.663,2024-09-14 03:15:00
2024-09-14,3:30:00 PM,0,104.667,22.691,2024-09-14 03:30:00
2024-09-14,3:45:00 PM,0,104.675,22.711,2024-09-14 03:45:00
2024-09-14,4:00:00 PM,0,104.662,22.735,2024-09-14 04:00:00
2024-09-14,4:15:00 PM,0,104.639,22.762,2024-09-14 04:15:00
2024-09-14,4:30:00 PM,0,104.622,22.783,2024-09-14 04:30:00
2024-09-14,4:45:00 PM,0,104.626,22.809,2024-09-14 04:45:00
2024-09-14,5:00:00 PM,0,104.653,22.834,2024-09-14 05:00:00
2024-09-14,5:15:00 PM,0,104.732,22.861,2024-09-14 05:15:00
2024-09-14,5:30:00 PM,0,104.86,22.886,2024-09-14 05:30:00
2024-09-14,5:45:00 PM,0,105.001,22.905,2024-09-14 05:45:00
2024-09-14,6:00:00 PM,0,105.108,22.922,2024-09-14 06:00:00
2024-09-14,6:15:00 PM,0,105.206,22.936,2024-09-14 06:15:00
2024-09-14,6:30:00 PM,0,105.295,22.956,2024-09-14 06:30:00
2024-09-14,6:45:00 PM,0,105.387,22.97,2024-09-14 06:45:00
2024-09-14,7:00:00 PM,0,105.47,22.971,2024-09-14 07:00:00
2024-09-14,7:15:00 PM,0,105.569,22.961,2024-09-14 07:15:00
2024-09-14,7:30:00 PM,0,105.63,22.938,2024-09-14 07:30:00
2024-09-14,7:45:00 PM,0,105.71,22.903,2024-09-14 07:45:00
2024-09-14,8:00:00 PM,0,105.801,22.862,2024-09-14 08:00:00
2024-09-14,8:15:00 PM,0,105.874,22.815,2024-09-14 08:15:00
2024-09-14,8:30:00 PM,0,105.939,22.767,2024-09-14 08:30:00
2024-09-14,8:45:00 PM,0,106.004,22.714,2024-09-14 08:45:00
2024-09-14,9:00:00 PM,0,106.056,22.661,2024-09-14 09:00:00
2024-09-14,9:15:00 PM,0,106.08,22.616,2024-09-14 09:15:00
2024-09-14,9:30:00 PM,0,106.074,22.577,2024-09-14 09:30:00
2024-09-14,9:45:00 PM,0,106.086,22.545,2024-09-14 09:45:00
2024-09-14,10:00:00 PM,0,106.067,22.521,2024-09-14 10:00:00
2024-09-14,10:15:00 PM,0,106.011,22.506,2024-09-14 10:15:00
2024-09-14,10:30:00 PM,0,105.954,22.488,2024-09-14 10:30:00
2024-09-14,10:45:00 PM,0,105.941,22.474,2024-09-14 10:45:00
2024-09-14,11:00:00 PM,0,105.915,22.461,2024-09-14 11:00:00
2024-09-14,11:15:00 PM,0,105.851,22.448,2024-09-14 11:15:00
2024-09-14,11:30:00 PM,0,105.805,22.432,2024-09-14 11:30:00
2024-09-14,11:45:00 PM,0,105.738,22.416,2024-09-14 11:45:00
2024-09-15,12:00:00 AM,0,105.689,22.402,2024-09-15 12:00:00
2024-09-15,12:15:00 AM,0,105.648,22.388,2024-09-15 12:15:00
2024-09-15,12:30:00 AM,0,105.597,22.376,2024-09-15 12:30:00
2024-09-15,12:45:00 AM,0,105.561,22.365,2024-09-15 12:45:00
2024-09-15,1:00:00 AM,0,105.518,22.352,2024-09-15 01:00:00
2024-09-15,1:15:00 AM,0,105.459,22.342,2024-09-15 01:15:00
2024-09-15,1:30:00 AM,0,105.438,22.332,2024-09-15 01:30:00
2024-09-15,1:45:00 AM,0,105.389,22.32,2024-09-15 01:45:00
2024-09-15,2:00:00 AM,0,105.349,22.307,2024-09-15 02:00:00
2024-09-15,2:15:00 AM,0,105.312,22.297,2024-09-15 02:15:00
2024-09-15,2:30:00 AM,0,105.289,22.282,2024-09-15 02:30:00
2024-09-15,2:45:00 AM,0,105.254,22.272,2024-09-15 02:45:00
2024-09-15,3:00:00 AM,0,105.224,22.261,2024-09-15 03:00:00
2024-09-15,3:15:00 AM,0,105.172,22.25,2024-09-15 03:15:00
2024-09-15,3:30:00 AM,0,105.14,22.236,2024-09-15 03:30:00
2024-09-15,3:45:00 AM,0,105.11,22.225,2024-09-15 03:45:00
2024-09-15,4:00:00 AM,0,105.104,22.214,2024-09-15 04:00:00
2024-09-15,4:15:00 AM,0,105.084,22.203,2024-09-15 04:15:00
2024-09-15,4:30:00 AM,0,105.083,22.191,2024-09-15 04:30:00
2024-09-15,4:45:00 AM,0,105.072,22.179,2024-09-15 04:45:00
2024-09-15,5:00:00 AM,0,105.072,22.169,2024-09-15 05:00:00
2024-09-15,5:15:00 AM,0,105.065,22.159,2024-09-15 05:15:00
2024-09-15,5:30:00 AM,0,105.06,22.151,2024-09-15 05:30:00
2024-09-15,5:45:00 AM,0,105.065,22.143,2024-09-15 05:45:00
2024-09-15,6:00:00 AM,0,105.065,22.135,2024-09-15 06:00:00
2024-09-15,6:15:00 AM,0,105.064,22.125,2024-09-15 06:15:00
2024-09-15,6:30:00 AM,0,105.063,22.117,2024-09-15 06:30:00
2024-09-15,6:45:00 AM,0,105.066,22.107,2024-09-15 06:45:00
2024-09-15,7:00:00 AM,0,105.065,22.099,2024-09-15 07:00:00
2024-09-15,7:15:00 AM,0,105.075,22.094,2024-09-15 07:15:00
2024-09-15,7:30:00 AM,0,105.067,22.085,2024-09-15 07:30:00
2024-09-15,7:45:00 AM,0,105.054,22.075,2024-09-15 07:45:00
2024-09-15,8:00:00 AM,0,105.065,22.069,2024-09-15 08:00:00
2024-09-15,8:15:00 AM,0,105.065,22.062,2024-09-15 08:15:00
2024-09-15,8:30:00 AM,0,105.067,22.056,2024-09-15 08:30:00
2024-09-15,8:45:00 AM,0,105.062,22.048,2024-09-15 08:45:00
2024-09-15,9:00:00 AM,0,105.056,22.042,2024-09-15 09:00:00
2024-09-15,9:15:00 AM,0,105.057,22.039,2024-09-15 09:15:00
2024-09-15,9:30:00 AM,0,105.055,22.03,2024-09-15 09:30:00
2024-09-15,9:45:00 AM,0,105.064,22.03,2024-09-15 09:45:00
2024-09-15,10:00:00 AM,0,105.066,22.022,2024-09-15 10:00:00
2024-09-15,10:15:00 AM,0,105.057,22.022,2024-09-15 10:15:00
2024-09-15,10:30:00 AM,0,105.049,22.026,2024-09-15 10:30:00
2024-09-15,10:45:00 AM,0,105.054,22.03,2024-09-15 10:45:00
2024-09-15,11:00:00 AM,0,105.042,22.03,2024-09-15 11:00:00
2024-09-15,11:15:00 AM,0,105.035,22.038,2024-09-15 11:15:00
2024-09-15,11:30:00 AM,0,105.02,22.041,2024-09-15 11:30:00
2024-09-15,11:45:00 AM,0,105.006,22.048,2024-09-15 11:45:00
2024-09-15,12:00:00 PM,0,104.992,22.054,2024-09-15 12:00:00
2024-09-15,12:15:00 PM,0,104.98,22.057,2024-09-15 12:15:00
2024-09-15,12:30:00 PM,0,104.969,22.056,2024-09-15 12:30:00
2024-09-15,12:45:00 PM,0,104.936,22.069,2024-09-15 12:45:00
2024-09-15,1:00:00 PM,0,104.904,22.091,2024-09-15 01:00:00
2024-09-15,1:15:00 PM,0,104.877,22.113,2024-09-15 01:15:00
2024-09-15,1:30:00 PM,0,104.863,22.135,2024-09-15 01:30:00
2024-09-15,1:45:00 PM,0,104.84,22.155,2024-09-15 01:45:00
2024-09-15,2:00:00 PM,0,104.816,22.171,2024-09-15 02:00:00
2024-09-15,2:15:00 PM,0,104.789,22.192,2024-09-15 02:15:00
2024-09-15,2:30:00 PM,0,104.789,22.209,2024-09-15 02:30:00
2024-09-15,2:45:00 PM,0,104.765,22.228,2024-09-15 02:45:00
2024-09-15,3:00:00 PM,0,104.764,22.242,2024-09-15 03:00:00
2024-09-15,3:15:00 PM,0,104.748,22.258,2024-09-15 03:15:00
2024-09-15,3:30:00 PM,0,104.736,22.278,2024-09-15 03:30:00
2024-09-15,3:45:00 PM,0,104.713,22.301,2024-09-15 03:45:00
2024-09-15,4:00:00 PM,0,104.718,22.323,2024-09-15 04:00:00
2024-09-15,4:15:00 PM,0,104.723,22.339,2024-09-15 04:15:00
2024-09-15,4:30:00 PM,0,104.727,22.353,2024-09-15 04:30:00
2024-09-15,4:45:00 PM,0,104.737,22.364,2024-09-15 04:45:00
2024-09-15,5:00:00 PM,0,104.723,22.373,2024-09-15 05:00:00
2024-09-15,5:15:00 PM,0,104.721,22.388,2024-09-15 05:15:00
2024-09-15,5:30:00 PM,0,104.698,22.397,2024-09-15 05:30:00
2024-09-15,5:45:00 PM,0,104.696,22.403,2024-09-15 05:45:00
2024-09-15,6:00:00 PM,0,104.701,22.408,2024-09-15 06:00:00
2024-09-15,6:15:00 PM,0,104.685,22.41,2024-09-15 06:15:00
2024-09-15,6:30:00 PM,0,104.676,22.415,2024-09-15 06:30:00
2024-09-15,6:45:00 PM,0,104.67,22.42,2024-09-15 06:45:00
2024-09-15,7:00:00 PM,0,104.672,22.42,2024-09-15 07:00:00
2024-09-15,7:15:00 PM,0,104.674,22.423,2024-09-15 07:15:00
2024-09-15,7:30:00 PM,0,104.682,22.422,2024-09-15 07:30:00
2024-09-15,7:45:00 PM,0,104.69,22.416,2024-09-15 07:45:00
2024-09-15,8:00:00 PM,0,104.696,22.414,2024-09-15 08:00:00
2024-09-15,8:15:00 PM,0,104.726,22.406,2024-09-15 08:15:00
2024-09-15,8:30:00 PM,0,104.796,22.392,2024-09-15 08:30:00
2024-09-15,8:45:00 PM,0,104.829,22.369,2024-09-15 08:45:00
2024-09-15,9:00:00 PM,0,104.895,22.354,2024-09-15 09:00:00
2024-09-15,9:15:00 PM,0,104.914,22.332,2024-09-15 09:15:00
2024-09-15,9:30:00 PM,0,104.922,22.326,2024-09-15 09:30:00
2024-09-15,9:45:00 PM,0,104.976,22.32,2024-09-15 09:45:00
2024-09-15,10:00:00 PM,0,105.071,22.309,2024-09-15 10:00:00
2024-09-15,10:15:00 PM,0,105.203,22.295,2024-09-15 10:15:00
2024-09-15,10:30:00 PM,0,105.322,22.28,2024-09-15 10:30:00
2024-09-15,10:45:00 PM,0,105.414,22.259,2024-09-15 10:45:00
2024-09-15,11:00:00 PM,0,105.486,22.242,2024-09-15 11:00:00
2024-09-15,11:15:00 PM,0,105.579,22.226,2024-09-15 11:15:00
2024-09-15,11:30:00 PM,0,105.672,22.213,2024-09-15 11:30:00
2024-09-15,11:45:00 PM,0,105.747,22.198,2024-09-15 11:45:00
2024-09-16,12:00:00 AM,0,105.842,22.181,2024-09-16 12:00:00
2024-09-16,12:15:00 AM,0,105.945,22.16,2024-09-16 12:15:00
2024-09-16,12:30:00 AM,0,106.066,22.138,2024-09-16 12:30:00
2024-09-16,12:45:00 AM,0,106.192,22.12,2024-09-16 12:45:00
2024-09-16,1:00:00 AM,0,106.324,22.098,2024-09-16 01:00:00
2024-09-16,1:15:00 AM,0,106.422,22.074,2024-09-16 01:15:00
2024-09-16,1:30:00 AM,0,106.518,22.048,2024-09-16 01:30:00
2024-09-16,1:45:00 AM,0,106.584,22.027,2024-09-16 01:45:00
2024-09-16,2:00:00 AM,0,106.625,22.005,2024-09-16 02:00:00
2024-09-16,2:15:00 AM,0,106.632,21.988,2024-09-16 02:15:00
2024-09-16,2:30:00 AM,0,106.648,21.969,2024-09-16 02:30:00
2024-09-16,2:45:00 AM,0,106.633,21.956,2024-09-16 02:45:00
2024-09-16,3:00:00 AM,0,106.615,21.942,2024-09-16 03:00:00
2024-09-16,3:15:00 AM,0,106.592,21.929,2024-09-16 03:15:00
2024-09-16,3:30:00 AM,0,106.558,21.918,2024-09-16 03:30:00
2024-09-16,3:45:00 AM,0,106.524,21.908,2024-09-16 03:45:00
2024-09-16,4:00:00 AM,0,106.478,21.896,2024-09-16 04:00:00
2024-09-16,4:15:00 AM,0,106.418,21.885,2024-09-16 04:15:00
2024-09-16,4:30:00 AM,0,106.38,21.871,2024-09-16 04:30:00
2024-09-16,4:45:00 AM,0,106.332,21.862,2024-09-16 04:45:00
2024-09-16,5:00:00 AM,0,106.288,21.85,2024-09-16 05:00:00
2024-09-16,5:15:00 AM,0,106.245,21.839,2024-09-16 05:15:00
2024-09-16,5:30:00 AM,0,106.188,21.83,2024-09-16 05:30:00
2024-09-16,5:45:00 AM,0,106.129,21.817,2024-09-16 05:45:00
2024-09-16,6:00:00 AM,0,106.112,21.802,2024-09-16 06:00:00
2024-09-16,6:15:00 AM,0,106.079,21.787,2024-09-16 06:15:00
2024-09-16,6:30:00 AM,0,106.073,21.773,2024-09-16 06:30:00
2024-09-16,6:45:00 AM,0,106.026,21.758,2024-09-16 06:45:00
2024-09-16,7:00:00 AM,0,106.003,21.744,2024-09-16 07:00:00
2024-09-16,7:15:00 AM,0,105.945,21.731,2024-09-16 07:15:00
2024-09-16,7:30:00 AM,0,105.917,21.719,2024-09-16 07:30:00
2024-09-16,7:45:00 AM,0,105.881,21.709,2024-09-16 07:45:00
2024-09-16,8:00:00 AM,0,105.869,21.7,2024-09-16 08:00:00
2024-09-16,8:15:00 AM,0,105.865,21.691,2024-09-16 08:15:00
2024-09-16,8:30:00 AM,0,105.867,21.681,2024-09-16 08:30:00
2024-09-16,8:45:00 AM,0,105.83,21.676,2024-09-16 08:45:00
2024-09-16,9:00:00 AM,0,105.787,21.67,2024-09-16 09:00:00
2024-09-16,9:15:00 AM,0,105.773,21.673,2024-09-16 09:15:00
2024-09-16,9:30:00 AM,0,105.735,21.676,2024-09-16 09:30:00
2024-09-16,9:45:00 AM,0,105.708,21.681,2024-09-16 09:45:00
2024-09-16,10:00:00 AM,0,105.667,21.687,2024-09-16 10:00:00
2024-09-16,10:15:00 AM,0,105.631,21.703,2024-09-16 10:15:00
2024-09-16,10:30:00 AM,0,105.604,21.719,2024-09-16 10:30:00
2024-09-16,10:45:00 AM,0,105.603,21.731,2024-09-16 10:45:00
