Date,Time,ms,LEVEL,TEMPERATURE,DateTime
2024-06-18,08:00:00 am,0,100.859,25.08,2024-06-18 08:00:00
2024-06-18,08:15:00 am,0,100.849,25.109,2024-06-18 08:15:00
2024-06-18,08:30:00 am,0,100.872,25.124,2024-06-18 08:30:00
2024-06-18,08:45:00 am,0,100.971,25.141,2024-06-18 08:45:00
2024-06-18,09:00:00 am,0,103.682,23.085,2024-06-18 09:00:00
2024-06-18,09:15:00 am,0,103.698,22.451,2024-06-18 09:15:00
2024-06-18,09:30:00 am,0,103.707,22.424,2024-06-18 09:30:00
2024-06-18,09:45:00 am,0,103.71,22.426,2024-06-18 09:45:00
2024-06-18,10:00:00 am,0,103.715,22.442,2024-06-18 10:00:00
2024-06-18,10:15:00 am,0,103.717,22.467,2024-06-18 10:15:00
2024-06-18,10:30:00 am,0,103.721,22.493,2024-06-18 10:30:00
2024-06-18,10:45:00 am,0,103.718,22.537,2024-06-18 10:45:00
2024-06-18,11:00:00 am,0,103.716,22.57,2024-06-18 11:00:00
2024-06-18,11:15:00 am,0,103.718,22.611,2024-06-18 11:15:00
2024-06-18,11:30:00 am,0,103.721,22.673,2024-06-18 11:30:00
2024-06-18,11:45:00 am,0,103.72,22.725,2024-06-18 11:45:00
2024-06-18,12:00:00 pm,0,103.727,22.773,2024-06-18 12:00:00
2024-06-18,12:15:00 pm,0,103.735,22.838,2024-06-18 12:15:00
2024-06-18,12:30:00 pm,0,103.736,22.908,2024-06-18 12:30:00
2024-06-18,12:45:00 pm,0,103.72,23.01,2024-06-18 12:45:00
2024-06-18,01:00:00 pm,0,103.726,23.115,2024-06-18 01:00:00
2024-06-18,01:15:00 pm,0,103.7,23.207,2024-06-18 01:15:00
2024-06-18,01:30:00 pm,0,103.694,23.313,2024-06-18 01:30:00
2024-06-18,01:45:00 pm,0,103.682,23.414,2024-06-18 01:45:00
2024-06-18,02:00:00 pm,0,103.678,23.493,2024-06-18 02:00:00
2024-06-18,02:15:00 pm,0,103.672,23.543,2024-06-18 02:15:00
2024-06-18,02:30:00 pm,0,103.66,23.589,2024-06-18 02:30:00
2024-06-18,02:45:00 pm,0,103.655,23.627,2024-06-18 02:45:00
2024-06-18,03:00:00 pm,0,103.632,23.683,2024-06-18 03:00:00
2024-06-18,03:15:00 pm,0,103.619,23.754,2024-06-18 03:15:00
2024-06-18,03:30:00 pm,0,103.61,23.819,2024-06-18 03:30:00
2024-06-18,03:45:00 pm,0,103.6,23.874,2024-06-18 03:45:00
2024-06-18,04:00:00 pm,0,103.59,23.922,2024-06-18 04:00:00
2024-06-18,04:15:00 pm,0,103.572,23.961,2024-06-18 04:15:00
2024-06-18,04:30:00 pm,0,103.556,24,2024-06-18 04:30:00
2024-06-18,04:45:00 pm,0,103.546,24.044,2024-06-18 04:45:00
2024-06-18,05:00:00 pm,0,103.54,24.092,2024-06-18 05:00:00
2024-06-18,05:15:00 pm,0,103.53,24.137,2024-06-18 05:15:00
2024-06-18,05:30:00 pm,0,103.521,24.174,2024-06-18 05:30:00
2024-06-18,05:45:00 pm,0,103.51,24.206,2024-06-18 05:45:00
2024-06-18,06:00:00 pm,0,103.509,24.237,2024-06-18 06:00:00
2024-06-18,06:15:00 pm,0,103.507,24.262,2024-06-18 06:15:00
2024-06-18,06:30:00 pm,0,103.513,24.29,2024-06-18 06:30:00
2024-06-18,06:45:00 pm,0,103.517,24.313,2024-06-18 06:45:00
2024-06-18,07:00:00 pm,0,103.519,24.334,2024-06-18 07:00:00
2024-06-18,07:15:00 pm,0,103.521,24.348,2024-06-18 07:15:00
2024-06-18,07:30:00 pm,0,103.52,24.36,2024-06-18 07:30:00
2024-06-18,07:45:00 pm,0,103.515,24.367,2024-06-18 07:45:00
2024-06-18,08:00:00 pm,0,103.513,24.372,2024-06-18 08:00:00
2024-06-18,08:15:00 pm,0,103.51,24.371,2024-06-18 08:15:00
2024-06-18,08:30:00 pm,0,103.513,24.361,2024-06-18 08:30:00
2024-06-18,08:45:00 pm,0,103.505,24.343,2024-06-18 08:45:00
2024-06-18,09:00:00 pm,0,103.502,24.317,2024-06-18 09:00:00
2024-06-18,09:15:00 pm,0,103.492,24.288,2024-06-18 09:15:00
2024-06-18,09:30:00 pm,0,103.484,24.258,2024-06-18 09:30:00
2024-06-18,09:45:00 pm,0,103.476,24.224,2024-06-18 09:45:00
2024-06-18,10:00:00 pm,0,103.465,24.186,2024-06-18 10:00:00
2024-06-18,10:15:00 pm,0,103.464,24.144,2024-06-18 10:15:00
2024-06-18,10:30:00 pm,0,103.471,24.105,2024-06-18 10:30:00
2024-06-18,10:45:00 pm,0,103.469,24.064,2024-06-18 10:45:00
2024-06-18,11:00:00 pm,0,103.466,24.018,2024-06-18 11:00:00
2024-06-18,11:15:00 pm,0,103.463,23.97,2024-06-18 11:15:00
2024-06-18,11:30:00 pm,0,103.466,23.922,2024-06-18 11:30:00
2024-06-18,11:45:00 pm,0,103.458,23.872,2024-06-18 11:45:00
2024-06-19,12:00:00 am,0,103.456,23.82,2024-06-19 12:00:00
2024-06-19,12:15:00 am,0,103.463,23.766,2024-06-19 12:15:00
2024-06-19,12:30:00 am,0,103.469,23.706,2024-06-19 12:30:00
2024-06-19,12:45:00 am,0,103.459,23.647,2024-06-19 12:45:00
2024-06-19,01:00:00 am,0,103.464,23.589,2024-06-19 01:00:00
2024-06-19,01:15:00 am,0,103.456,23.529,2024-06-19 01:15:00
2024-06-19,01:30:00 am,0,103.462,23.472,2024-06-19 01:30:00
2024-06-19,01:45:00 am,0,103.459,23.414,2024-06-19 01:45:00
2024-06-19,02:00:00 am,0,103.469,23.354,2024-06-19 02:00:00
2024-06-19,02:15:00 am,0,103.478,23.294,2024-06-19 02:15:00
2024-06-19,02:30:00 am,0,103.482,23.229,2024-06-19 02:30:00
2024-06-19,02:45:00 am,0,103.499,23.164,2024-06-19 02:45:00
2024-06-19,03:00:00 am,0,103.5,23.093,2024-06-19 03:00:00
2024-06-19,03:15:00 am,0,103.505,23.025,2024-06-19 03:15:00
2024-06-19,03:30:00 am,0,103.513,22.964,2024-06-19 03:30:00
2024-06-19,03:45:00 am,0,103.514,22.902,2024-06-19 03:45:00
2024-06-19,04:00:00 am,0,103.524,22.839,2024-06-19 04:00:00
2024-06-19,04:15:00 am,0,103.542,22.788,2024-06-19 04:15:00
2024-06-19,04:30:00 am,0,103.564,22.736,2024-06-19 04:30:00
2024-06-19,04:45:00 am,0,103.593,22.678,2024-06-19 04:45:00
2024-06-19,05:00:00 am,0,103.598,22.615,2024-06-19 05:00:00
2024-06-19,05:15:00 am,0,103.624,22.553,2024-06-19 05:15:00
2024-06-19,05:30:00 am,0,103.671,22.496,2024-06-19 05:30:00
2024-06-19,05:45:00 am,0,103.696,22.443,2024-06-19 05:45:00
2024-06-19,06:00:00 am,0,103.704,22.39,2024-06-19 06:00:00
2024-06-19,06:15:00 am,0,103.708,22.341,2024-06-19 06:15:00
2024-06-19,06:30:00 am,0,103.717,22.293,2024-06-19 06:30:00
2024-06-19,06:45:00 am,0,103.743,22.252,2024-06-19 06:45:00
2024-06-19,07:00:00 am,0,103.753,22.211,2024-06-19 07:00:00
2024-06-19,07:15:00 am,0,103.768,22.174,2024-06-19 07:15:00
2024-06-19,07:30:00 am,0,103.793,22.14,2024-06-19 07:30:00
2024-06-19,07:45:00 am,0,103.815,22.116,2024-06-19 07:45:00
2024-06-19,08:00:00 am,0,103.814,22.097,2024-06-19 08:00:00
2024-06-19,08:15:00 am,0,103.834,22.085,2024-06-19 08:15:00
2024-06-19,08:30:00 am,0,103.835,22.079,2024-06-19 08:30:00
2024-06-19,08:45:00 am,0,103.836,22.09,2024-06-19 08:45:00
2024-06-19,09:00:00 am,0,103.837,22.109,2024-06-19 09:00:00
2024-06-19,09:15:00 am,0,103.844,22.139,2024-06-19 09:15:00
2024-06-19,09:30:00 am,0,103.843,22.16,2024-06-19 09:30:00
2024-06-19,09:45:00 am,0,103.847,22.182,2024-06-19 09:45:00
2024-06-19,10:00:00 am,0,103.853,22.208,2024-06-19 10:00:00
2024-06-19,10:15:00 am,0,103.861,22.243,2024-06-19 10:15:00
2024-06-19,10:30:00 am,0,103.872,22.286,2024-06-19 10:30:00
2024-06-19,10:45:00 am,0,103.878,22.327,2024-06-19 10:45:00
2024-06-19,11:00:00 am,0,103.884,22.374,2024-06-19 11:00:00
2024-06-19,11:15:00 am,0,103.89,22.416,2024-06-19 11:15:00
2024-06-19,11:30:00 am,0,103.898,22.464,2024-06-19 11:30:00
2024-06-19,11:45:00 am,0,103.904,22.517,2024-06-19 11:45:00
2024-06-19,12:00:00 pm,0,103.911,22.573,2024-06-19 12:00:00
2024-06-19,12:15:00 pm,0,103.92,22.63,2024-06-19 12:15:00
2024-06-19,12:30:00 pm,0,103.926,22.69,2024-06-19 12:30:00
2024-06-19,12:45:00 pm,0,103.938,22.78,2024-06-19 12:45:00
2024-06-19,01:00:00 pm,0,103.946,22.889,2024-06-19 01:00:00
2024-06-19,01:15:00 pm,0,103.933,22.993,2024-06-19 01:15:00
2024-06-19,01:30:00 pm,0,103.936,23.1,2024-06-19 01:30:00
2024-06-19,01:45:00 pm,0,103.929,23.176,2024-06-19 01:45:00
2024-06-19,02:00:00 pm,0,103.913,23.242,2024-06-19 02:00:00
2024-06-19,02:15:00 pm,0,103.907,23.305,2024-06-19 02:15:00
2024-06-19,02:30:00 pm,0,103.895,23.358,2024-06-19 02:30:00
2024-06-19,02:45:00 pm,0,103.882,23.403,2024-06-19 02:45:00
2024-06-19,03:00:00 pm,0,103.865,23.46,2024-06-19 03:00:00
2024-06-19,03:15:00 pm,0,103.848,23.524,2024-06-19 03:15:00
2024-06-19,03:30:00 pm,0,103.841,23.587,2024-06-19 03:30:00
2024-06-19,03:45:00 pm,0,103.834,23.64,2024-06-19 03:45:00
2024-06-19,04:00:00 pm,0,103.821,23.676,2024-06-19 04:00:00
2024-06-19,04:15:00 pm,0,103.807,23.713,2024-06-19 04:15:00
2024-06-19,04:30:00 pm,0,103.802,23.745,2024-06-19 04:30:00
2024-06-19,04:45:00 pm,0,103.798,23.783,2024-06-19 04:45:00
2024-06-19,05:00:00 pm,0,103.793,23.826,2024-06-19 05:00:00
2024-06-19,05:15:00 pm,0,103.777,23.874,2024-06-19 05:15:00
2024-06-19,05:30:00 pm,0,103.782,23.922,2024-06-19 05:30:00
2024-06-19,05:45:00 pm,0,103.778,23.969,2024-06-19 05:45:00
2024-06-19,06:00:00 pm,0,103.786,24.01,2024-06-19 06:00:00
2024-06-19,06:15:00 pm,0,103.782,24.044,2024-06-19 06:15:00
2024-06-19,06:30:00 pm,0,103.79,24.08,2024-06-19 06:30:00
2024-06-19,06:45:00 pm,0,103.796,24.113,2024-06-19 06:45:00
2024-06-19,07:00:00 pm,0,103.801,24.141,2024-06-19 07:00:00
2024-06-19,07:15:00 pm,0,103.799,24.147,2024-06-19 07:15:00
2024-06-19,07:30:00 pm,0,103.805,24.151,2024-06-19 07:30:00
2024-06-19,07:45:00 pm,0,103.809,24.148,2024-06-19 07:45:00
2024-06-19,08:00:00 pm,0,103.805,24.135,2024-06-19 08:00:00
2024-06-19,08:15:00 pm,0,103.8,24.116,2024-06-19 08:15:00
2024-06-19,08:30:00 pm,0,103.789,24.088,2024-06-19 08:30:00
2024-06-19,08:45:00 pm,0,103.784,24.058,2024-06-19 08:45:00
2024-06-19,09:00:00 pm,0,103.784,24.018,2024-06-19 09:00:00
2024-06-19,09:15:00 pm,0,103.791,23.967,2024-06-19 09:15:00
2024-06-19,09:30:00 pm,0,103.791,23.915,2024-06-19 09:30:00
2024-06-19,09:45:00 pm,0,103.781,23.862,2024-06-19 09:45:00
2024-06-19,10:00:00 pm,0,103.779,23.807,2024-06-19 10:00:00
2024-06-19,10:15:00 pm,0,103.787,23.746,2024-06-19 10:15:00
2024-06-19,10:30:00 pm,0,103.775,23.682,2024-06-19 10:30:00
2024-06-19,10:45:00 pm,0,103.763,23.615,2024-06-19 10:45:00
2024-06-19,11:00:00 pm,0,103.768,23.55,2024-06-19 11:00:00
2024-06-19,11:15:00 pm,0,103.762,23.48,2024-06-19 11:15:00
2024-06-19,11:30:00 pm,0,103.746,23.406,2024-06-19 11:30:00
2024-06-19,11:45:00 pm,0,103.736,23.333,2024-06-19 11:45:00
2024-06-20,12:00:00 am,0,103.724,23.256,2024-06-20 12:00:00
2024-06-20,12:15:00 am,0,103.738,23.178,2024-06-20 12:15:00
2024-06-20,12:30:00 am,0,103.727,23.1,2024-06-20 12:30:00
2024-06-20,12:45:00 am,0,103.722,23.021,2024-06-20 12:45:00
2024-06-20,01:00:00 am,0,103.698,22.942,2024-06-20 01:00:00
2024-06-20,01:15:00 am,0,103.674,22.864,2024-06-20 01:15:00
2024-06-20,01:30:00 am,0,103.684,22.782,2024-06-20 01:30:00
2024-06-20,01:45:00 am,0,103.705,22.698,2024-06-20 01:45:00
2024-06-20,02:00:00 am,0,103.704,22.615,2024-06-20 02:00:00
2024-06-20,02:15:00 am,0,103.707,22.54,2024-06-20 02:15:00
2024-06-20,02:30:00 am,0,103.699,22.461,2024-06-20 02:30:00
2024-06-20,02:45:00 am,0,103.742,22.387,2024-06-20 02:45:00
2024-06-20,03:00:00 am,0,103.722,22.31,2024-06-20 03:00:00
2024-06-20,03:15:00 am,0,103.708,22.232,2024-06-20 03:15:00
2024-06-20,03:30:00 am,0,103.763,22.161,2024-06-20 03:30:00
2024-06-20,03:45:00 am,0,103.79,22.087,2024-06-20 03:45:00
2024-06-20,04:00:00 am,0,103.818,22.015,2024-06-20 04:00:00
2024-06-20,04:15:00 am,0,103.844,21.943,2024-06-20 04:15:00
2024-06-20,04:30:00 am,0,103.867,21.869,2024-06-20 04:30:00
2024-06-20,04:45:00 am,0,103.881,21.803,2024-06-20 04:45:00
2024-06-20,05:00:00 am,0,103.915,21.741,2024-06-20 05:00:00
2024-06-20,05:15:00 am,0,103.931,21.679,2024-06-20 05:15:00
2024-06-20,05:30:00 am,0,103.965,21.618,2024-06-20 05:30:00
2024-06-20,05:45:00 am,0,103.951,21.555,2024-06-20 05:45:00
2024-06-20,06:00:00 am,0,103.939,21.492,2024-06-20 06:00:00
2024-06-20,06:15:00 am,0,103.922,21.426,2024-06-20 06:15:00
2024-06-20,06:30:00 am,0,103.902,21.365,2024-06-20 06:30:00
2024-06-20,06:45:00 am,0,103.885,21.309,2024-06-20 06:45:00
2024-06-20,07:00:00 am,0,103.882,21.257,2024-06-20 07:00:00
2024-06-20,07:15:00 am,0,103.967,21.219,2024-06-20 07:15:00
2024-06-20,07:30:00 am,0,104.007,21.185,2024-06-20 07:30:00
2024-06-20,07:45:00 am,0,104.029,21.161,2024-06-20 07:45:00
2024-06-20,08:00:00 am,0,104.063,21.148,2024-06-20 08:00:00
2024-06-20,08:15:00 am,0,104.075,21.139,2024-06-20 08:15:00
2024-06-20,08:30:00 am,0,104.102,21.145,2024-06-20 08:30:00
2024-06-20,08:45:00 am,0,104.126,21.161,2024-06-20 08:45:00
2024-06-20,09:00:00 am,0,104.118,21.185,2024-06-20 09:00:00
2024-06-20,09:15:00 am,0,104.121,21.215,2024-06-20 09:15:00
2024-06-20,09:30:00 am,0,104.113,21.258,2024-06-20 09:30:00
2024-06-20,09:45:00 am,0,104.13,21.312,2024-06-20 09:45:00
2024-06-20,10:00:00 am,0,104.14,21.374,2024-06-20 10:00:00
2024-06-20,10:15:00 am,0,104.148,21.437,2024-06-20 10:15:00
2024-06-20,10:30:00 am,0,104.14,21.504,2024-06-20 10:30:00
2024-06-20,10:45:00 am,0,104.135,21.577,2024-06-20 10:45:00
2024-06-20,11:00:00 am,0,104.142,21.665,2024-06-20 11:00:00
2024-06-20,11:15:00 am,0,104.133,21.751,2024-06-20 11:15:00
2024-06-20,11:30:00 am,0,104.126,21.844,2024-06-20 11:30:00
2024-06-20,11:45:00 am,0,104.124,21.942,2024-06-20 11:45:00
2024-06-20,12:00:00 pm,0,104.119,22.046,2024-06-20 12:00:00
2024-06-20,12:15:00 pm,0,104.085,22.119,2024-06-20 12:15:00
2024-06-20,12:30:00 pm,0,104.098,22.229,2024-06-20 12:30:00
2024-06-20,12:45:00 pm,0,104.129,22.357,2024-06-20 12:45:00
2024-06-20,01:00:00 pm,0,104.139,22.452,2024-06-20 01:00:00
2024-06-20,01:15:00 pm,0,104.157,22.547,2024-06-20 01:15:00
2024-06-20,01:30:00 pm,0,104.173,22.664,2024-06-20 01:30:00
2024-06-20,01:45:00 pm,0,104.186,22.777,2024-06-20 01:45:00
2024-06-20,02:00:00 pm,0,104.168,22.874,2024-06-20 02:00:00
2024-06-20,02:15:00 pm,0,104.142,22.947,2024-06-20 02:15:00
2024-06-20,02:30:00 pm,0,104.129,23.017,2024-06-20 02:30:00
2024-06-20,02:45:00 pm,0,104.117,23.094,2024-06-20 02:45:00
2024-06-20,03:00:00 pm,0,104.11,23.164,2024-06-20 03:00:00
2024-06-20,03:15:00 pm,0,104.085,23.226,2024-06-20 03:15:00
2024-06-20,03:30:00 pm,0,104.076,23.311,2024-06-20 03:30:00
2024-06-20,03:45:00 pm,0,104.06,23.404,2024-06-20 03:45:00
2024-06-20,04:00:00 pm,0,104.032,23.484,2024-06-20 04:00:00
2024-06-20,04:15:00 pm,0,104.011,23.558,2024-06-20 04:15:00
2024-06-20,04:30:00 pm,0,103.987,23.628,2024-06-20 04:30:00
2024-06-20,04:45:00 pm,0,103.97,23.686,2024-06-20 04:45:00
2024-06-20,05:00:00 pm,0,103.965,23.743,2024-06-20 05:00:00
2024-06-20,05:15:00 pm,0,103.947,23.791,2024-06-20 05:15:00
2024-06-20,05:30:00 pm,0,103.933,23.844,2024-06-20 05:30:00
2024-06-20,05:45:00 pm,0,103.882,23.902,2024-06-20 05:45:00
2024-06-20,06:00:00 pm,0,103.879,23.956,2024-06-20 06:00:00
2024-06-20,06:15:00 pm,0,103.876,24.004,2024-06-20 06:15:00
2024-06-20,06:30:00 pm,0,103.87,24.043,2024-06-20 06:30:00
2024-06-20,06:45:00 pm,0,103.865,24.074,2024-06-20 06:45:00
2024-06-20,07:00:00 pm,0,103.875,24.104,2024-06-20 07:00:00
2024-06-20,07:15:00 pm,0,103.873,24.135,2024-06-20 07:15:00
2024-06-20,07:30:00 pm,0,103.875,24.162,2024-06-20 07:30:00
2024-06-20,07:45:00 pm,0,103.871,24.183,2024-06-20 07:45:00
2024-06-20,08:00:00 pm,0,103.872,24.206,2024-06-20 08:00:00
2024-06-20,08:15:00 pm,0,103.873,24.228,2024-06-20 08:15:00
2024-06-20,08:30:00 pm,0,103.876,24.244,2024-06-20 08:30:00
2024-06-20,08:45:00 pm,0,103.882,24.253,2024-06-20 08:45:00
2024-06-20,09:00:00 pm,0,103.877,24.254,2024-06-20 09:00:00
2024-06-20,09:15:00 pm,0,103.881,24.246,2024-06-20 09:15:00
2024-06-20,09:30:00 pm,0,103.894,24.231,2024-06-20 09:30:00
2024-06-20,09:45:00 pm,0,103.894,24.208,2024-06-20 09:45:00
2024-06-20,10:00:00 pm,0,103.898,24.182,2024-06-20 10:00:00
2024-06-20,10:15:00 pm,0,103.907,24.151,2024-06-20 10:15:00
2024-06-20,10:30:00 pm,0,103.914,24.116,2024-06-20 10:30:00
2024-06-20,10:45:00 pm,0,103.9,24.077,2024-06-20 10:45:00
2024-06-20,11:00:00 pm,0,103.886,24.036,2024-06-20 11:00:00
2024-06-20,11:15:00 pm,0,103.883,23.988,2024-06-20 11:15:00
2024-06-20,11:30:00 pm,0,103.885,23.938,2024-06-20 11:30:00
2024-06-20,11:45:00 pm,0,103.892,23.88,2024-06-20 11:45:00
2024-06-21,12:00:00 am,0,103.887,23.819,2024-06-21 12:00:00
2024-06-21,12:15:00 am,0,103.875,23.753,2024-06-21 12:15:00
2024-06-21,12:30:00 am,0,103.872,23.687,2024-06-21 12:30:00
2024-06-21,12:45:00 am,0,103.869,23.62,2024-06-21 12:45:00
2024-06-21,01:00:00 am,0,103.868,23.554,2024-06-21 01:00:00
2024-06-21,01:15:00 am,0,103.863,23.481,2024-06-21 01:15:00
2024-06-21,01:30:00 am,0,103.853,23.411,2024-06-21 01:30:00
2024-06-21,01:45:00 am,0,103.844,23.336,2024-06-21 01:45:00
2024-06-21,02:00:00 am,0,103.83,23.263,2024-06-21 02:00:00
2024-06-21,02:15:00 am,0,103.821,23.187,2024-06-21 02:15:00
2024-06-21,02:30:00 am,0,103.817,23.111,2024-06-21 02:30:00
2024-06-21,02:45:00 am,0,103.832,23.038,2024-06-21 02:45:00
2024-06-21,03:00:00 am,0,103.832,22.96,2024-06-21 03:00:00
2024-06-21,03:15:00 am,0,103.824,22.882,2024-06-21 03:15:00
2024-06-21,03:30:00 am,0,103.842,22.802,2024-06-21 03:30:00
2024-06-21,03:45:00 am,0,103.836,22.724,2024-06-21 03:45:00
2024-06-21,04:00:00 am,0,103.842,22.644,2024-06-21 04:00:00
2024-06-21,04:15:00 am,0,103.858,22.561,2024-06-21 04:15:00
2024-06-21,04:30:00 am,0,103.873,22.482,2024-06-21 04:30:00
2024-06-21,04:45:00 am,0,103.902,22.404,2024-06-21 04:45:00
2024-06-21,05:00:00 am,0,103.887,22.323,2024-06-21 05:00:00
2024-06-21,05:15:00 am,0,103.883,22.245,2024-06-21 05:15:00
2024-06-21,05:30:00 am,0,103.872,22.166,2024-06-21 05:30:00
2024-06-21,05:45:00 am,0,103.855,22.088,2024-06-21 05:45:00
2024-06-21,06:00:00 am,0,103.828,22.01,2024-06-21 06:00:00
2024-06-21,06:15:00 am,0,103.811,21.937,2024-06-21 06:15:00
2024-06-21,06:30:00 am,0,103.801,21.863,2024-06-21 06:30:00
2024-06-21,06:45:00 am,0,103.873,21.795,2024-06-21 06:45:00
2024-06-21,07:00:00 am,0,103.895,21.734,2024-06-21 07:00:00
2024-06-21,07:15:00 am,0,103.919,21.682,2024-06-21 07:15:00
2024-06-21,07:30:00 am,0,103.923,21.636,2024-06-21 07:30:00
2024-06-21,07:45:00 am,0,103.925,21.6,2024-06-21 07:45:00
2024-06-21,08:00:00 am,0,103.945,21.571,2024-06-21 08:00:00
2024-06-21,08:15:00 am,0,103.97,21.556,2024-06-21 08:15:00
2024-06-21,08:30:00 am,0,103.978,21.548,2024-06-21 08:30:00
2024-06-21,08:45:00 am,0,103.986,21.554,2024-06-21 08:45:00
2024-06-21,09:00:00 am,0,103.994,21.571,2024-06-21 09:00:00
2024-06-21,09:15:00 am,0,103.988,21.594,2024-06-21 09:15:00
2024-06-21,09:30:00 am,0,103.986,21.633,2024-06-21 09:30:00
2024-06-21,09:45:00 am,0,103.976,21.684,2024-06-21 09:45:00
2024-06-21,10:00:00 am,0,103.968,21.738,2024-06-21 10:00:00
2024-06-21,10:15:00 am,0,103.965,21.788,2024-06-21 10:15:00
2024-06-21,10:30:00 am,0,103.953,21.841,2024-06-21 10:30:00
2024-06-21,10:45:00 am,0,103.952,21.907,2024-06-21 10:45:00
2024-06-21,11:00:00 am,0,103.949,21.983,2024-06-21 11:00:00
2024-06-21,11:15:00 am,0,103.938,22.06,2024-06-21 11:15:00
2024-06-21,11:30:00 am,0,103.916,22.142,2024-06-21 11:30:00
2024-06-21,11:45:00 am,0,103.904,22.243,2024-06-21 11:45:00
2024-06-21,12:00:00 pm,0,103.903,22.358,2024-06-21 12:00:00
2024-06-21,12:15:00 pm,0,103.894,22.448,2024-06-21 12:15:00
2024-06-21,12:30:00 pm,0,103.915,22.581,2024-06-21 12:30:00
2024-06-21,12:45:00 pm,0,103.938,22.71,2024-06-21 12:45:00
2024-06-21,01:00:00 pm,0,103.958,22.83,2024-06-21 01:00:00
2024-06-21,01:15:00 pm,0,103.978,22.978,2024-06-21 01:15:00
2024-06-21,01:30:00 pm,0,103.977,23.12,2024-06-21 01:30:00
2024-06-21,01:45:00 pm,0,103.942,23.262,2024-06-21 01:45:00
2024-06-21,02:00:00 pm,0,103.923,23.409,2024-06-21 02:00:00
2024-06-21,02:15:00 pm,0,103.833,23.553,2024-06-21 02:15:00
2024-06-21,02:30:00 pm,0,103.804,23.698,2024-06-21 02:30:00
2024-06-21,02:45:00 pm,0,103.8,23.834,2024-06-21 02:45:00
2024-06-21,03:00:00 pm,0,103.779,23.943,2024-06-21 03:00:00
2024-06-21,03:15:00 pm,0,103.766,24.046,2024-06-21 03:15:00
2024-06-21,03:30:00 pm,0,103.746,24.144,2024-06-21 03:30:00
2024-06-21,03:45:00 pm,0,103.739,24.245,2024-06-21 03:45:00
2024-06-21,04:00:00 pm,0,103.721,24.331,2024-06-21 04:00:00
2024-06-21,04:15:00 pm,0,103.705,24.407,2024-06-21 04:15:00
2024-06-21,04:30:00 pm,0,103.67,24.477,2024-06-21 04:30:00
2024-06-21,04:45:00 pm,0,103.581,24.553,2024-06-21 04:45:00
2024-06-21,05:00:00 pm,0,103.544,24.611,2024-06-21 05:00:00
2024-06-21,05:15:00 pm,0,103.511,24.668,2024-06-21 05:15:00
2024-06-21,05:30:00 pm,0,103.495,24.724,2024-06-21 05:30:00
2024-06-21,05:45:00 pm,0,103.478,24.78,2024-06-21 05:45:00
2024-06-21,06:00:00 pm,0,103.469,24.833,2024-06-21 06:00:00
2024-06-21,06:15:00 pm,0,103.464,24.877,2024-06-21 06:15:00
2024-06-21,06:30:00 pm,0,103.458,24.916,2024-06-21 06:30:00
2024-06-21,06:45:00 pm,0,103.448,24.949,2024-06-21 06:45:00
2024-06-21,07:00:00 pm,0,103.444,24.975,2024-06-21 07:00:00
2024-06-21,07:15:00 pm,0,103.444,24.999,2024-06-21 07:15:00
2024-06-21,07:30:00 pm,0,103.446,25.022,2024-06-21 07:30:00
2024-06-21,07:45:00 pm,0,103.447,25.04,2024-06-21 07:45:00
2024-06-21,08:00:00 pm,0,103.446,25.057,2024-06-21 08:00:00
2024-06-21,08:15:00 pm,0,103.452,25.071,2024-06-21 08:15:00
2024-06-21,08:30:00 pm,0,103.462,25.073,2024-06-21 08:30:00
2024-06-21,08:45:00 pm,0,103.47,25.062,2024-06-21 08:45:00
2024-06-21,09:00:00 pm,0,103.461,25.037,2024-06-21 09:00:00
2024-06-21,09:15:00 pm,0,103.474,24.999,2024-06-21 09:15:00
2024-06-21,09:30:00 pm,0,103.477,24.959,2024-06-21 09:30:00
2024-06-21,09:45:00 pm,0,103.481,24.916,2024-06-21 09:45:00
2024-06-21,10:00:00 pm,0,103.489,24.867,2024-06-21 10:00:00
2024-06-21,10:15:00 pm,0,103.487,24.813,2024-06-21 10:15:00
2024-06-21,10:30:00 pm,0,103.504,24.76,2024-06-21 10:30:00
2024-06-21,10:45:00 pm,0,103.509,24.7,2024-06-21 10:45:00
2024-06-21,11:00:00 pm,0,103.513,24.637,2024-06-21 11:00:00
2024-06-21,11:15:00 pm,0,103.515,24.576,2024-06-21 11:15:00
2024-06-21,11:30:00 pm,0,103.517,24.505,2024-06-21 11:30:00
2024-06-21,11:45:00 pm,0,103.511,24.428,2024-06-21 11:45:00
2024-06-22,12:00:00 am,0,103.514,24.347,2024-06-22 12:00:00
2024-06-22,12:15:00 am,0,103.505,24.266,2024-06-22 12:15:00
2024-06-22,12:30:00 am,0,103.493,24.179,2024-06-22 12:30:00
2024-06-22,12:45:00 am,0,103.494,24.096,2024-06-22 12:45:00
2024-06-22,01:00:00 am,0,103.483,24.009,2024-06-22 01:00:00
2024-06-22,01:15:00 am,0,103.481,23.919,2024-06-22 01:15:00
2024-06-22,01:30:00 am,0,103.472,23.831,2024-06-22 01:30:00
2024-06-22,01:45:00 am,0,103.467,23.738,2024-06-22 01:45:00
2024-06-22,02:00:00 am,0,103.462,23.646,2024-06-22 02:00:00
2024-06-22,02:15:00 am,0,103.46,23.55,2024-06-22 02:15:00
2024-06-22,02:30:00 am,0,103.458,23.459,2024-06-22 02:30:00
2024-06-22,02:45:00 am,0,103.465,23.366,2024-06-22 02:45:00
2024-06-22,03:00:00 am,0,103.463,23.277,2024-06-22 03:00:00
2024-06-22,03:15:00 am,0,103.468,23.183,2024-06-22 03:15:00
2024-06-22,03:30:00 am,0,103.47,23.093,2024-06-22 03:30:00
2024-06-22,03:45:00 am,0,103.481,23.004,2024-06-22 03:45:00
2024-06-22,04:00:00 am,0,103.477,22.913,2024-06-22 04:00:00
2024-06-22,04:15:00 am,0,103.487,22.827,2024-06-22 04:15:00
2024-06-22,04:30:00 am,0,103.495,22.74,2024-06-22 04:30:00
2024-06-22,04:45:00 am,0,103.524,22.654,2024-06-22 04:45:00
2024-06-22,05:00:00 am,0,103.5,22.566,2024-06-22 05:00:00
2024-06-22,05:15:00 am,0,103.483,22.48,2024-06-22 05:15:00
2024-06-22,05:30:00 am,0,103.456,22.396,2024-06-22 05:30:00
2024-06-22,05:45:00 am,0,103.453,22.317,2024-06-22 05:45:00
2024-06-22,06:00:00 am,0,103.442,22.229,2024-06-22 06:00:00
2024-06-22,06:15:00 am,0,103.435,22.149,2024-06-22 06:15:00
2024-06-22,06:30:00 am,0,103.44,22.07,2024-06-22 06:30:00
2024-06-22,06:45:00 am,0,103.476,22.002,2024-06-22 06:45:00
2024-06-22,07:00:00 am,0,103.503,21.937,2024-06-22 07:00:00
2024-06-22,07:15:00 am,0,103.512,21.889,2024-06-22 07:15:00
2024-06-22,07:30:00 am,0,103.522,21.848,2024-06-22 07:30:00
2024-06-22,07:45:00 am,0,103.515,21.813,2024-06-22 07:45:00
2024-06-22,08:00:00 am,0,103.516,21.789,2024-06-22 08:00:00
2024-06-22,08:15:00 am,0,103.535,21.772,2024-06-22 08:15:00
2024-06-22,08:30:00 am,0,103.537,21.765,2024-06-22 08:30:00
2024-06-22,08:45:00 am,0,103.542,21.774,2024-06-22 08:45:00
2024-06-22,09:00:00 am,0,103.543,21.793,2024-06-22 09:00:00
2024-06-22,09:15:00 am,0,103.537,21.817,2024-06-22 09:15:00
2024-06-22,09:30:00 am,0,103.539,21.853,2024-06-22 09:30:00
2024-06-22,09:45:00 am,0,103.537,21.899,2024-06-22 09:45:00
2024-06-22,10:00:00 am,0,103.53,21.951,2024-06-22 10:00:00
2024-06-22,10:15:00 am,0,103.53,22.001,2024-06-22 10:15:00
2024-06-22,10:30:00 am,0,103.528,22.064,2024-06-22 10:30:00
2024-06-22,10:45:00 am,0,103.533,22.137,2024-06-22 10:45:00
2024-06-22,11:00:00 am,0,103.528,22.217,2024-06-22 11:00:00
2024-06-22,11:15:00 am,0,103.522,22.294,2024-06-22 11:15:00
2024-06-22,11:30:00 am,0,103.514,22.354,2024-06-22 11:30:00
2024-06-22,11:45:00 am,0,103.492,22.428,2024-06-22 11:45:00
2024-06-22,12:00:00 pm,0,103.485,22.543,2024-06-22 12:00:00
2024-06-22,12:15:00 pm,0,103.479,22.673,2024-06-22 12:15:00
2024-06-22,12:30:00 pm,0,103.481,22.802,2024-06-22 12:30:00
2024-06-22,12:45:00 pm,0,103.514,22.937,2024-06-22 12:45:00
2024-06-22,01:00:00 pm,0,103.535,23.088,2024-06-22 01:00:00
2024-06-22,01:15:00 pm,0,103.552,23.228,2024-06-22 01:15:00
2024-06-22,01:30:00 pm,0,103.54,23.346,2024-06-22 01:30:00
2024-06-22,01:45:00 pm,0,103.519,23.497,2024-06-22 01:45:00
2024-06-22,02:00:00 pm,0,103.503,23.669,2024-06-22 02:00:00
2024-06-22,02:15:00 pm,0,103.407,23.844,2024-06-22 02:15:00
2024-06-22,02:30:00 pm,0,103.396,24.001,2024-06-22 02:30:00
2024-06-22,02:45:00 pm,0,103.385,24.136,2024-06-22 02:45:00
2024-06-22,03:00:00 pm,0,103.368,24.235,2024-06-22 03:00:00
2024-06-22,03:15:00 pm,0,103.353,24.334,2024-06-22 03:15:00
2024-06-22,03:30:00 pm,0,103.292,24.437,2024-06-22 03:30:00
2024-06-22,03:45:00 pm,0,103.281,24.538,2024-06-22 03:45:00
2024-06-22,04:00:00 pm,0,103.277,24.634,2024-06-22 04:00:00
2024-06-22,04:15:00 pm,0,103.267,24.721,2024-06-22 04:15:00
2024-06-22,04:30:00 pm,0,103.242,24.794,2024-06-22 04:30:00
2024-06-22,04:45:00 pm,0,103.226,24.857,2024-06-22 04:45:00
2024-06-22,05:00:00 pm,0,103.212,24.912,2024-06-22 05:00:00
2024-06-22,05:15:00 pm,0,103.194,24.975,2024-06-22 05:15:00
2024-06-22,05:30:00 pm,0,103.187,25.04,2024-06-22 05:30:00
2024-06-22,05:45:00 pm,0,103.181,25.108,2024-06-22 05:45:00
2024-06-22,06:00:00 pm,0,103.176,25.162,2024-06-22 06:00:00
2024-06-22,06:15:00 pm,0,103.167,25.208,2024-06-22 06:15:00
2024-06-22,06:30:00 pm,0,103.16,25.25,2024-06-22 06:30:00
2024-06-22,06:45:00 pm,0,103.153,25.285,2024-06-22 06:45:00
2024-06-22,07:00:00 pm,0,103.158,25.313,2024-06-22 07:00:00
2024-06-22,07:15:00 pm,0,103.156,25.339,2024-06-22 07:15:00
2024-06-22,07:30:00 pm,0,103.051,25.36,2024-06-22 07:30:00
2024-06-22,07:45:00 pm,0,103.03,25.377,2024-06-22 07:45:00
2024-06-22,08:00:00 pm,0,103.02,25.391,2024-06-22 08:00:00
2024-06-22,08:15:00 pm,0,103.016,25.398,2024-06-22 08:15:00
2024-06-22,08:30:00 pm,0,103.029,25.395,2024-06-22 08:30:00
2024-06-22,08:45:00 pm,0,103.036,25.382,2024-06-22 08:45:00
2024-06-22,09:00:00 pm,0,103.05,25.353,2024-06-22 09:00:00
2024-06-22,09:15:00 pm,0,103.059,25.313,2024-06-22 09:15:00
2024-06-22,09:30:00 pm,0,103.067,25.264,2024-06-22 09:30:00
2024-06-22,09:45:00 pm,0,103.085,25.208,2024-06-22 09:45:00
2024-06-22,10:00:00 pm,0,103.096,25.152,2024-06-22 10:00:00
2024-06-22,10:15:00 pm,0,103.101,25.091,2024-06-22 10:15:00
2024-06-22,10:30:00 pm,0,103.106,25.024,2024-06-22 10:30:00
2024-06-22,10:45:00 pm,0,103.102,24.957,2024-06-22 10:45:00
2024-06-22,11:00:00 pm,0,103.105,24.888,2024-06-22 11:00:00
2024-06-22,11:15:00 pm,0,103.094,24.815,2024-06-22 11:15:00
2024-06-22,11:30:00 pm,0,103.095,24.74,2024-06-22 11:30:00
2024-06-22,11:45:00 pm,0,103.085,24.662,2024-06-22 11:45:00
2024-06-23,12:00:00 am,0,103.086,24.582,2024-06-23 12:00:00
2024-06-23,12:15:00 am,0,103.088,24.495,2024-06-23 12:15:00
2024-06-23,12:30:00 am,0,103.101,24.409,2024-06-23 12:30:00
2024-06-23,12:45:00 am,0,103.073,24.318,2024-06-23 12:45:00
2024-06-23,01:00:00 am,0,103.053,24.225,2024-06-23 01:00:00
2024-06-23,01:15:00 am,0,103.047,24.131,2024-06-23 01:15:00
2024-06-23,01:30:00 am,0,103.031,24.032,2024-06-23 01:30:00
2024-06-23,01:45:00 am,0,103.015,23.935,2024-06-23 01:45:00
2024-06-23,02:00:00 am,0,103.029,23.84,2024-06-23 02:00:00
2024-06-23,02:15:00 am,0,103.003,23.746,2024-06-23 02:15:00
2024-06-23,02:30:00 am,0,102.99,23.648,2024-06-23 02:30:00
2024-06-23,02:45:00 am,0,102.999,23.548,2024-06-23 02:45:00
2024-06-23,03:00:00 am,0,103,23.451,2024-06-23 03:00:00
2024-06-23,03:15:00 am,0,102.991,23.353,2024-06-23 03:15:00
2024-06-23,03:30:00 am,0,102.979,23.258,2024-06-23 03:30:00
2024-06-23,03:45:00 am,0,102.977,23.157,2024-06-23 03:45:00
2024-06-23,04:00:00 am,0,102.999,23.062,2024-06-23 04:00:00
2024-06-23,04:15:00 am,0,102.985,22.967,2024-06-23 04:15:00
2024-06-23,04:30:00 am,0,102.96,22.873,2024-06-23 04:30:00
2024-06-23,04:45:00 am,0,102.988,22.778,2024-06-23 04:45:00
2024-06-23,05:00:00 am,0,102.977,22.687,2024-06-23 05:00:00
2024-06-23,05:15:00 am,0,102.982,22.595,2024-06-23 05:15:00
2024-06-23,05:30:00 am,0,102.987,22.507,2024-06-23 05:30:00
2024-06-23,05:45:00 am,0,103.002,22.419,2024-06-23 05:45:00
2024-06-23,06:00:00 am,0,103.007,22.328,2024-06-23 06:00:00
2024-06-23,06:15:00 am,0,103.016,22.244,2024-06-23 06:15:00
2024-06-23,06:30:00 am,0,103.022,22.16,2024-06-23 06:30:00
2024-06-23,06:45:00 am,0,103.027,22.086,2024-06-23 06:45:00
2024-06-23,07:00:00 am,0,103.043,22.018,2024-06-23 07:00:00
2024-06-23,07:15:00 am,0,103.051,21.958,2024-06-23 07:15:00
2024-06-23,07:30:00 am,0,103.06,21.906,2024-06-23 07:30:00
2024-06-23,07:45:00 am,0,103.114,21.868,2024-06-23 07:45:00
2024-06-23,08:00:00 am,0,103.114,21.838,2024-06-23 08:00:00
2024-06-23,08:15:00 am,0,103.113,21.822,2024-06-23 08:15:00
2024-06-23,08:30:00 am,0,103.119,21.815,2024-06-23 08:30:00
2024-06-23,08:45:00 am,0,103.124,21.825,2024-06-23 08:45:00
2024-06-23,09:00:00 am,0,103.126,21.847,2024-06-23 09:00:00
2024-06-23,09:15:00 am,0,103.137,21.878,2024-06-23 09:15:00
2024-06-23,09:30:00 am,0,103.149,21.918,2024-06-23 09:30:00
2024-06-23,09:45:00 am,0,103.158,21.975,2024-06-23 09:45:00
2024-06-23,10:00:00 am,0,103.177,22.035,2024-06-23 10:00:00
2024-06-23,10:15:00 am,0,103.19,22.096,2024-06-23 10:15:00
2024-06-23,10:30:00 am,0,103.205,22.165,2024-06-23 10:30:00
2024-06-23,10:45:00 am,0,103.224,22.248,2024-06-23 10:45:00
2024-06-23,11:00:00 am,0,103.247,22.337,2024-06-23 11:00:00
2024-06-23,11:15:00 am,0,103.262,22.434,2024-06-23 11:15:00
2024-06-23,11:30:00 am,0,103.283,22.532,2024-06-23 11:30:00
2024-06-23,11:45:00 am,0,103.299,22.648,2024-06-23 11:45:00
2024-06-23,12:00:00 pm,0,103.299,22.78,2024-06-23 12:00:00
2024-06-23,12:15:00 pm,0,103.284,22.902,2024-06-23 12:15:00
2024-06-23,12:30:00 pm,0,103.263,23.039,2024-06-23 12:30:00
2024-06-23,12:45:00 pm,0,103.166,23.192,2024-06-23 12:45:00
2024-06-23,01:00:00 pm,0,103.164,23.308,2024-06-23 01:00:00
2024-06-23,01:15:00 pm,0,103.153,23.439,2024-06-23 01:15:00
2024-06-23,01:30:00 pm,0,103.123,23.589,2024-06-23 01:30:00
2024-06-23,01:45:00 pm,0,103.116,23.763,2024-06-23 01:45:00
2024-06-23,02:00:00 pm,0,103.099,23.928,2024-06-23 02:00:00
2024-06-23,02:15:00 pm,0,103.087,24.089,2024-06-23 02:15:00
2024-06-23,02:30:00 pm,0,103.069,24.243,2024-06-23 02:30:00
2024-06-23,02:45:00 pm,0,103.054,24.384,2024-06-23 02:45:00
2024-06-23,03:00:00 pm,0,103.03,24.493,2024-06-23 03:00:00
2024-06-23,03:15:00 pm,0,102.92,24.586,2024-06-23 03:15:00
2024-06-23,03:30:00 pm,0,102.879,24.685,2024-06-23 03:30:00
2024-06-23,03:45:00 pm,0,102.858,24.75,2024-06-23 03:45:00
2024-06-23,04:00:00 pm,0,102.846,24.816,2024-06-23 04:00:00
2024-06-23,04:15:00 pm,0,102.829,24.886,2024-06-23 04:15:00
2024-06-23,04:30:00 pm,0,102.814,24.956,2024-06-23 04:30:00
2024-06-23,04:45:00 pm,0,102.791,25.023,2024-06-23 04:45:00
2024-06-23,05:00:00 pm,0,102.777,25.083,2024-06-23 05:00:00
2024-06-23,05:15:00 pm,0,102.76,25.137,2024-06-23 05:15:00
2024-06-23,05:30:00 pm,0,102.752,25.186,2024-06-23 05:30:00
2024-06-23,05:45:00 pm,0,102.726,25.241,2024-06-23 05:45:00
2024-06-23,06:00:00 pm,0,102.719,25.288,2024-06-23 06:00:00
2024-06-23,06:15:00 pm,0,102.723,25.332,2024-06-23 06:15:00
2024-06-23,06:30:00 pm,0,102.725,25.374,2024-06-23 06:30:00
2024-06-23,06:45:00 pm,0,102.722,25.406,2024-06-23 06:45:00
2024-06-23,07:00:00 pm,0,102.726,25.432,2024-06-23 07:00:00
2024-06-23,07:15:00 pm,0,102.721,25.454,2024-06-23 07:15:00
2024-06-23,07:30:00 pm,0,102.719,25.473,2024-06-23 07:30:00
2024-06-23,07:45:00 pm,0,102.717,25.493,2024-06-23 07:45:00
2024-06-23,08:00:00 pm,0,102.713,25.512,2024-06-23 08:00:00
2024-06-23,08:15:00 pm,0,102.708,25.529,2024-06-23 08:15:00
2024-06-23,08:30:00 pm,0,102.709,25.54,2024-06-23 08:30:00
2024-06-23,08:45:00 pm,0,102.715,25.541,2024-06-23 08:45:00
2024-06-23,09:00:00 pm,0,102.721,25.534,2024-06-23 09:00:00
2024-06-23,09:15:00 pm,0,102.73,25.512,2024-06-23 09:15:00
2024-06-23,09:30:00 pm,0,102.736,25.484,2024-06-23 09:30:00
2024-06-23,09:45:00 pm,0,102.738,25.453,2024-06-23 09:45:00
2024-06-23,10:00:00 pm,0,102.742,25.413,2024-06-23 10:00:00
2024-06-23,10:15:00 pm,0,102.745,25.374,2024-06-23 10:15:00
2024-06-23,10:30:00 pm,0,102.752,25.328,2024-06-23 10:30:00
2024-06-23,10:45:00 pm,0,102.76,25.285,2024-06-23 10:45:00
2024-06-23,11:00:00 pm,0,102.76,25.236,2024-06-23 11:00:00
2024-06-23,11:15:00 pm,0,102.77,25.183,2024-06-23 11:15:00
2024-06-23,11:30:00 pm,0,102.782,25.133,2024-06-23 11:30:00
2024-06-23,11:45:00 pm,0,102.784,25.079,2024-06-23 11:45:00
2024-06-24,12:00:00 am,0,102.783,25.022,2024-06-24 12:00:00
2024-06-24,12:15:00 am,0,102.776,24.966,2024-06-24 12:15:00
2024-06-24,12:30:00 am,0,102.772,24.909,2024-06-24 12:30:00
2024-06-24,12:45:00 am,0,102.77,24.855,2024-06-24 12:45:00
2024-06-24,01:00:00 am,0,102.756,24.8,2024-06-24 01:00:00
2024-06-24,01:15:00 am,0,102.752,24.751,2024-06-24 01:15:00
2024-06-24,01:30:00 am,0,102.75,24.697,2024-06-24 01:30:00
2024-06-24,01:45:00 am,0,102.756,24.645,2024-06-24 01:45:00
2024-06-24,02:00:00 am,0,102.752,24.595,2024-06-24 02:00:00
2024-06-24,02:15:00 am,0,102.754,24.546,2024-06-24 02:15:00
2024-06-24,02:30:00 am,0,102.755,24.499,2024-06-24 02:30:00
2024-06-24,02:45:00 am,0,102.745,24.455,2024-06-24 02:45:00
2024-06-24,03:00:00 am,0,102.746,24.409,2024-06-24 03:00:00
2024-06-24,03:15:00 am,0,102.746,24.363,2024-06-24 03:15:00
2024-06-24,03:30:00 am,0,102.748,24.316,2024-06-24 03:30:00
2024-06-24,03:45:00 am,0,102.754,24.269,2024-06-24 03:45:00
2024-06-24,04:00:00 am,0,102.753,24.229,2024-06-24 04:00:00
2024-06-24,04:15:00 am,0,102.741,24.189,2024-06-24 04:15:00
2024-06-24,04:30:00 am,0,102.761,24.145,2024-06-24 04:30:00
2024-06-24,04:45:00 am,0,102.816,24.107,2024-06-24 04:45:00
2024-06-24,05:00:00 am,0,102.915,24.061,2024-06-24 05:00:00
2024-06-24,05:15:00 am,0,102.961,24.007,2024-06-24 05:15:00
2024-06-24,05:30:00 am,0,102.982,23.951,2024-06-24 05:30:00
2024-06-24,05:45:00 am,0,103.083,23.912,2024-06-24 05:45:00
2024-06-24,06:00:00 am,0,103.104,23.886,2024-06-24 06:00:00
2024-06-24,06:15:00 am,0,103.061,23.861,2024-06-24 06:15:00
2024-06-24,06:30:00 am,0,103.104,23.831,2024-06-24 06:30:00
2024-06-24,06:45:00 am,0,103.185,23.802,2024-06-24 06:45:00
2024-06-24,07:00:00 am,0,103.262,23.775,2024-06-24 07:00:00
2024-06-24,07:15:00 am,0,103.323,23.751,2024-06-24 07:15:00
2024-06-24,07:30:00 am,0,103.346,23.719,2024-06-24 07:30:00
2024-06-24,07:45:00 am,0,103.392,23.687,2024-06-24 07:45:00
2024-06-24,08:00:00 am,0,103.438,23.654,2024-06-24 08:00:00
2024-06-24,08:15:00 am,0,103.511,23.621,2024-06-24 08:15:00
2024-06-24,08:30:00 am,0,103.61,23.588,2024-06-24 08:30:00
2024-06-24,08:45:00 am,0,103.723,23.553,2024-06-24 08:45:00
2024-06-24,09:00:00 am,0,103.846,23.515,2024-06-24 09:00:00
2024-06-24,09:15:00 am,0,103.848,23.456,2024-06-24 09:15:00
2024-06-24,09:30:00 am,0,103.876,23.388,2024-06-24 09:30:00
2024-06-24,09:45:00 am,0,103.983,23.322,2024-06-24 09:45:00
2024-06-24,10:00:00 am,0,104.077,23.296,2024-06-24 10:00:00
2024-06-24,10:15:00 am,0,104.142,23.346,2024-06-24 10:15:00
2024-06-24,10:30:00 am,0,104.228,23.441,2024-06-24 10:30:00
2024-06-24,10:45:00 am,0,104.247,23.54,2024-06-24 10:45:00
2024-06-24,11:00:00 am,0,104.26,23.636,2024-06-24 11:00:00
2024-06-24,11:15:00 am,0,104.257,23.717,2024-06-24 11:15:00
2024-06-24,11:30:00 am,0,104.256,23.825,2024-06-24 11:30:00
2024-06-24,11:45:00 am,0,104.221,23.931,2024-06-24 11:45:00
2024-06-24,12:00:00 pm,0,104.169,24.033,2024-06-24 12:00:00
2024-06-24,12:15:00 pm,0,104.051,24.152,2024-06-24 12:15:00
2024-06-24,12:30:00 pm,0,104.016,24.28,2024-06-24 12:30:00
2024-06-24,12:45:00 pm,0,103.966,24.429,2024-06-24 12:45:00
2024-06-24,01:00:00 pm,0,103.922,24.571,2024-06-24 01:00:00
2024-06-24,01:15:00 pm,0,103.888,24.725,2024-06-24 01:15:00
2024-06-24,01:30:00 pm,0,103.853,24.845,2024-06-24 01:30:00
2024-06-24,01:45:00 pm,0,103.815,24.973,2024-06-24 01:45:00
2024-06-24,02:00:00 pm,0,103.763,25.106,2024-06-24 02:00:00
2024-06-24,02:15:00 pm,0,103.737,25.251,2024-06-24 02:15:00
2024-06-24,02:30:00 pm,0,103.579,25.402,2024-06-24 02:30:00
2024-06-24,02:45:00 pm,0,103.533,25.536,2024-06-24 02:45:00
2024-06-24,03:00:00 pm,0,103.49,25.66,2024-06-24 03:00:00
2024-06-24,03:15:00 pm,0,103.444,25.794,2024-06-24 03:15:00
2024-06-24,03:30:00 pm,0,103.408,25.908,2024-06-24 03:30:00
2024-06-24,03:45:00 pm,0,103.378,26.011,2024-06-24 03:45:00
2024-06-24,04:00:00 pm,0,103.347,26.098,2024-06-24 04:00:00
2024-06-24,04:15:00 pm,0,103.314,26.181,2024-06-24 04:15:00
2024-06-24,04:30:00 pm,0,103.3,26.251,2024-06-24 04:30:00
2024-06-24,04:45:00 pm,0,103.287,26.319,2024-06-24 04:45:00
2024-06-24,05:00:00 pm,0,103.259,26.378,2024-06-24 05:00:00
2024-06-24,05:15:00 pm,0,103.241,26.438,2024-06-24 05:15:00
2024-06-24,05:30:00 pm,0,103.199,26.497,2024-06-24 05:30:00
2024-06-24,05:45:00 pm,0,103.167,26.544,2024-06-24 05:45:00
2024-06-24,06:00:00 pm,0,103.153,26.579,2024-06-24 06:00:00
2024-06-24,06:15:00 pm,0,103.12,26.602,2024-06-24 06:15:00
2024-06-24,06:30:00 pm,0,103.082,26.622,2024-06-24 06:30:00
2024-06-24,06:45:00 pm,0,103.067,26.637,2024-06-24 06:45:00
2024-06-24,07:00:00 pm,0,103.06,26.648,2024-06-24 07:00:00
2024-06-24,07:15:00 pm,0,103.067,26.649,2024-06-24 07:15:00
2024-06-24,07:30:00 pm,0,103.063,26.647,2024-06-24 07:30:00
2024-06-24,07:45:00 pm,0,103.062,26.638,2024-06-24 07:45:00
2024-06-24,08:00:00 pm,0,103.037,26.623,2024-06-24 08:00:00
2024-06-24,08:15:00 pm,0,103.025,26.602,2024-06-24 08:15:00
2024-06-24,08:30:00 pm,0,103.021,26.576,2024-06-24 08:30:00
2024-06-24,08:45:00 pm,0,103.032,26.542,2024-06-24 08:45:00
2024-06-24,09:00:00 pm,0,103.026,26.496,2024-06-24 09:00:00
2024-06-24,09:15:00 pm,0,103.031,26.443,2024-06-24 09:15:00
2024-06-24,09:30:00 pm,0,103.024,26.381,2024-06-24 09:30:00
2024-06-24,09:45:00 pm,0,103.028,26.312,2024-06-24 09:45:00
2024-06-24,10:00:00 pm,0,103.033,26.237,2024-06-24 10:00:00
2024-06-24,10:15:00 pm,0,103.041,26.16,2024-06-24 10:15:00
2024-06-24,10:30:00 pm,0,103.046,26.08,2024-06-24 10:30:00
2024-06-24,10:45:00 pm,0,103.059,26.003,2024-06-24 10:45:00
2024-06-24,11:00:00 pm,0,103.064,25.923,2024-06-24 11:00:00
2024-06-24,11:15:00 pm,0,103.073,25.838,2024-06-24 11:15:00
2024-06-24,11:30:00 pm,0,103.079,25.752,2024-06-24 11:30:00
2024-06-24,11:45:00 pm,0,103.088,25.666,2024-06-24 11:45:00
2024-06-25,12:00:00 am,0,103.086,25.58,2024-06-25 12:00:00
2024-06-25,12:15:00 am,0,103.083,25.492,2024-06-25 12:15:00
2024-06-25,12:30:00 am,0,103.088,25.405,2024-06-25 12:30:00
2024-06-25,12:45:00 am,0,103.079,25.318,2024-06-25 12:45:00
2024-06-25,01:00:00 am,0,103.075,25.229,2024-06-25 01:00:00
2024-06-25,01:15:00 am,0,103.074,25.142,2024-06-25 01:15:00
2024-06-25,01:30:00 am,0,103.072,25.051,2024-06-25 01:30:00
2024-06-25,01:45:00 am,0,103.067,24.963,2024-06-25 01:45:00
2024-06-25,02:00:00 am,0,103.056,24.873,2024-06-25 02:00:00
2024-06-25,02:15:00 am,0,103.047,24.782,2024-06-25 02:15:00
2024-06-25,02:30:00 am,0,103.044,24.693,2024-06-25 02:30:00
2024-06-25,02:45:00 am,0,103.041,24.604,2024-06-25 02:45:00
2024-06-25,03:00:00 am,0,103.038,24.514,2024-06-25 03:00:00
2024-06-25,03:15:00 am,0,103.05,24.424,2024-06-25 03:15:00
2024-06-25,03:30:00 am,0,103.046,24.339,2024-06-25 03:30:00
2024-06-25,03:45:00 am,0,103.039,24.252,2024-06-25 03:45:00
2024-06-25,04:00:00 am,0,103.042,24.163,2024-06-25 04:00:00
2024-06-25,04:15:00 am,0,103.044,24.076,2024-06-25 04:15:00
2024-06-25,04:30:00 am,0,103.064,23.988,2024-06-25 04:30:00
2024-06-25,04:45:00 am,0,103.063,23.902,2024-06-25 04:45:00
2024-06-25,05:00:00 am,0,103.05,23.816,2024-06-25 05:00:00
2024-06-25,05:15:00 am,0,103.055,23.732,2024-06-25 05:15:00
2024-06-25,05:30:00 am,0,103.057,23.641,2024-06-25 05:30:00
2024-06-25,05:45:00 am,0,103.078,23.56,2024-06-25 05:45:00
2024-06-25,06:00:00 am,0,103.097,23.478,2024-06-25 06:00:00
2024-06-25,06:15:00 am,0,103.111,23.398,2024-06-25 06:15:00
2024-06-25,06:30:00 am,0,103.121,23.317,2024-06-25 06:30:00
2024-06-25,06:45:00 am,0,103.131,23.243,2024-06-25 06:45:00
2024-06-25,07:00:00 am,0,103.133,23.173,2024-06-25 07:00:00
2024-06-25,07:15:00 am,0,103.146,23.112,2024-06-25 07:15:00
2024-06-25,07:30:00 am,0,103.154,23.061,2024-06-25 07:30:00
2024-06-25,07:45:00 am,0,103.172,23.018,2024-06-25 07:45:00
2024-06-25,08:00:00 am,0,103.165,22.982,2024-06-25 08:00:00
2024-06-25,08:15:00 am,0,103.15,22.957,2024-06-25 08:15:00
2024-06-25,08:30:00 am,0,103.162,22.943,2024-06-25 08:30:00
2024-06-25,08:45:00 am,0,103.17,22.94,2024-06-25 08:45:00
2024-06-25,09:00:00 am,0,103.17,22.949,2024-06-25 09:00:00
2024-06-25,09:15:00 am,0,103.173,22.964,2024-06-25 09:15:00
2024-06-25,09:30:00 am,0,103.171,22.99,2024-06-25 09:30:00
2024-06-25,09:45:00 am,0,103.179,23.031,2024-06-25 09:45:00
2024-06-25,10:00:00 am,0,103.177,23.077,2024-06-25 10:00:00
2024-06-25,10:15:00 am,0,103.175,23.116,2024-06-25 10:15:00
2024-06-25,10:30:00 am,0,103.182,23.165,2024-06-25 10:30:00
2024-06-25,10:45:00 am,0,103.177,23.23,2024-06-25 10:45:00
2024-06-25,11:00:00 am,0,103.182,23.306,2024-06-25 11:00:00
2024-06-25,11:15:00 am,0,103.185,23.384,2024-06-25 11:15:00
2024-06-25,11:30:00 am,0,103.187,23.466,2024-06-25 11:30:00
2024-06-25,11:45:00 am,0,103.185,23.563,2024-06-25 11:45:00
2024-06-25,12:00:00 pm,0,103.167,23.671,2024-06-25 12:00:00
2024-06-25,12:15:00 pm,0,103.154,23.79,2024-06-25 12:15:00
2024-06-25,12:30:00 pm,0,103.145,23.926,2024-06-25 12:30:00
2024-06-25,12:45:00 pm,0,103.138,24.072,2024-06-25 12:45:00
2024-06-25,01:00:00 pm,0,103.169,24.224,2024-06-25 01:00:00
2024-06-25,01:15:00 pm,0,103.203,24.389,2024-06-25 01:15:00
2024-06-25,01:30:00 pm,0,103.236,24.552,2024-06-25 01:30:00
2024-06-25,01:45:00 pm,0,103.244,24.715,2024-06-25 01:45:00
2024-06-25,02:00:00 pm,0,103.24,24.863,2024-06-25 02:00:00
2024-06-25,02:15:00 pm,0,103.223,25.018,2024-06-25 02:15:00
2024-06-25,02:30:00 pm,0,103.127,25.169,2024-06-25 02:30:00
2024-06-25,02:45:00 pm,0,103.104,25.304,2024-06-25 02:45:00
2024-06-25,03:00:00 pm,0,103.099,25.417,2024-06-25 03:00:00
2024-06-25,03:15:00 pm,0,103.075,25.536,2024-06-25 03:15:00
2024-06-25,03:30:00 pm,0,103.058,25.637,2024-06-25 03:30:00
2024-06-25,03:45:00 pm,0,103.041,25.734,2024-06-25 03:45:00
2024-06-25,04:00:00 pm,0,103.029,25.815,2024-06-25 04:00:00
2024-06-25,04:15:00 pm,0,103.027,25.885,2024-06-25 04:15:00
2024-06-25,04:30:00 pm,0,102.998,25.958,2024-06-25 04:30:00
2024-06-25,04:45:00 pm,0,102.981,26.03,2024-06-25 04:45:00
2024-06-25,05:00:00 pm,0,102.949,26.102,2024-06-25 05:00:00
2024-06-25,05:15:00 pm,0,102.939,26.17,2024-06-25 05:15:00
2024-06-25,05:30:00 pm,0,102.93,26.232,2024-06-25 05:30:00
2024-06-25,05:45:00 pm,0,102.908,26.295,2024-06-25 05:45:00
2024-06-25,06:00:00 pm,0,102.81,26.344,2024-06-25 06:00:00
2024-06-25,06:15:00 pm,0,102.8,26.383,2024-06-25 06:15:00
2024-06-25,06:30:00 pm,0,102.794,26.418,2024-06-25 06:30:00
2024-06-25,06:45:00 pm,0,102.788,26.445,2024-06-25 06:45:00
2024-06-25,07:00:00 pm,0,102.795,26.468,2024-06-25 07:00:00
2024-06-25,07:15:00 pm,0,102.802,26.49,2024-06-25 07:15:00
2024-06-25,07:30:00 pm,0,102.805,26.51,2024-06-25 07:30:00
2024-06-25,07:45:00 pm,0,102.804,26.526,2024-06-25 07:45:00
2024-06-25,08:00:00 pm,0,102.804,26.537,2024-06-25 08:00:00
2024-06-25,08:15:00 pm,0,102.79,26.544,2024-06-25 08:15:00
2024-06-25,08:30:00 pm,0,102.798,26.543,2024-06-25 08:30:00
2024-06-25,08:45:00 pm,0,102.8,26.526,2024-06-25 08:45:00
2024-06-25,09:00:00 pm,0,102.803,26.495,2024-06-25 09:00:00
2024-06-25,09:15:00 pm,0,102.813,26.451,2024-06-25 09:15:00
2024-06-25,09:30:00 pm,0,102.825,26.401,2024-06-25 09:30:00
2024-06-25,09:45:00 pm,0,102.834,26.346,2024-06-25 09:45:00
2024-06-25,10:00:00 pm,0,102.837,26.284,2024-06-25 10:00:00
2024-06-25,10:15:00 pm,0,102.851,26.222,2024-06-25 10:15:00
2024-06-25,10:30:00 pm,0,102.856,26.156,2024-06-25 10:30:00
2024-06-25,10:45:00 pm,0,102.835,26.087,2024-06-25 10:45:00
2024-06-25,11:00:00 pm,0,102.809,26.012,2024-06-25 11:00:00
2024-06-25,11:15:00 pm,0,102.787,25.933,2024-06-25 11:15:00
2024-06-25,11:30:00 pm,0,102.76,25.853,2024-06-25 11:30:00
2024-06-25,11:45:00 pm,0,102.738,25.773,2024-06-25 11:45:00
2024-06-26,12:00:00 am,0,102.713,25.686,2024-06-26 12:00:00
2024-06-26,12:15:00 am,0,102.784,25.604,2024-06-26 12:15:00
2024-06-26,12:30:00 am,0,102.77,25.515,2024-06-26 12:30:00
2024-06-26,12:45:00 am,0,102.758,25.426,2024-06-26 12:45:00
2024-06-26,01:00:00 am,0,102.76,25.335,2024-06-26 01:00:00
2024-06-26,01:15:00 am,0,102.76,25.247,2024-06-26 01:15:00
2024-06-26,01:30:00 am,0,102.753,25.159,2024-06-26 01:30:00
2024-06-26,01:45:00 am,0,102.751,25.067,2024-06-26 01:45:00
2024-06-26,02:00:00 am,0,102.736,24.978,2024-06-26 02:00:00
2024-06-26,02:15:00 am,0,102.734,24.887,2024-06-26 02:15:00
2024-06-26,02:30:00 am,0,102.734,24.79,2024-06-26 02:30:00
2024-06-26,02:45:00 am,0,102.733,24.697,2024-06-26 02:45:00
2024-06-26,03:00:00 am,0,102.741,24.609,2024-06-26 03:00:00
2024-06-26,03:15:00 am,0,102.725,24.519,2024-06-26 03:15:00
2024-06-26,03:30:00 am,0,102.714,24.436,2024-06-26 03:30:00
2024-06-26,03:45:00 am,0,102.708,24.353,2024-06-26 03:45:00
2024-06-26,04:00:00 am,0,102.706,24.268,2024-06-26 04:00:00
2024-06-26,04:15:00 am,0,102.7,24.186,2024-06-26 04:15:00
2024-06-26,04:30:00 am,0,102.697,24.105,2024-06-26 04:30:00
2024-06-26,04:45:00 am,0,102.693,24.024,2024-06-26 04:45:00
2024-06-26,05:00:00 am,0,102.7,23.942,2024-06-26 05:00:00
2024-06-26,05:15:00 am,0,102.701,23.864,2024-06-26 05:15:00
2024-06-26,05:30:00 am,0,102.693,23.789,2024-06-26 05:30:00
2024-06-26,05:45:00 am,0,102.711,23.709,2024-06-26 05:45:00
2024-06-26,06:00:00 am,0,102.714,23.634,2024-06-26 06:00:00
2024-06-26,06:15:00 am,0,102.726,23.558,2024-06-26 06:15:00
2024-06-26,06:30:00 am,0,102.732,23.49,2024-06-26 06:30:00
2024-06-26,06:45:00 am,0,102.738,23.425,2024-06-26 06:45:00
2024-06-26,07:00:00 am,0,102.743,23.365,2024-06-26 07:00:00
2024-06-26,07:15:00 am,0,102.743,23.312,2024-06-26 07:15:00
2024-06-26,07:30:00 am,0,102.751,23.268,2024-06-26 07:30:00
2024-06-26,07:45:00 am,0,102.759,23.231,2024-06-26 07:45:00
2024-06-26,08:00:00 am,0,102.756,23.204,2024-06-26 08:00:00
2024-06-26,08:15:00 am,0,102.756,23.186,2024-06-26 08:15:00
2024-06-26,08:30:00 am,0,102.762,23.176,2024-06-26 08:30:00
2024-06-26,08:45:00 am,0,102.769,23.183,2024-06-26 08:45:00
2024-06-26,09:00:00 am,0,102.778,23.194,2024-06-26 09:00:00
2024-06-26,09:15:00 am,0,102.791,23.216,2024-06-26 09:15:00
2024-06-26,09:30:00 am,0,102.793,23.247,2024-06-26 09:30:00
2024-06-26,09:45:00 am,0,102.808,23.298,2024-06-26 09:45:00
2024-06-26,10:00:00 am,0,102.808,23.354,2024-06-26 10:00:00
2024-06-26,10:15:00 am,0,102.822,23.409,2024-06-26 10:15:00
2024-06-26,10:30:00 am,0,102.833,23.472,2024-06-26 10:30:00
2024-06-26,10:45:00 am,0,102.852,23.546,2024-06-26 10:45:00
2024-06-26,11:00:00 am,0,102.868,23.632,2024-06-26 11:00:00
2024-06-26,11:15:00 am,0,102.887,23.721,2024-06-26 11:15:00
2024-06-26,11:30:00 am,0,102.9,23.816,2024-06-26 11:30:00
2024-06-26,11:45:00 am,0,102.904,23.927,2024-06-26 11:45:00
2024-06-26,12:00:00 pm,0,102.873,24.045,2024-06-26 12:00:00
2024-06-26,12:15:00 pm,0,102.835,24.166,2024-06-26 12:15:00
2024-06-26,12:30:00 pm,0,102.727,24.302,2024-06-26 12:30:00
2024-06-26,12:45:00 pm,0,102.689,24.435,2024-06-26 12:45:00
2024-06-26,01:00:00 pm,0,102.649,24.585,2024-06-26 01:00:00
2024-06-26,01:15:00 pm,0,102.605,24.737,2024-06-26 01:15:00
2024-06-26,01:30:00 pm,0,102.603,24.894,2024-06-26 01:30:00
2024-06-26,01:45:00 pm,0,102.618,25.055,2024-06-26 01:45:00
2024-06-26,02:00:00 pm,0,102.613,25.183,2024-06-26 02:00:00
2024-06-26,02:15:00 pm,0,102.626,25.281,2024-06-26 02:15:00
2024-06-26,02:30:00 pm,0,102.622,25.387,2024-06-26 02:30:00
2024-06-26,02:45:00 pm,0,102.632,25.478,2024-06-26 02:45:00
2024-06-26,03:00:00 pm,0,102.628,25.545,2024-06-26 03:00:00
2024-06-26,03:15:00 pm,0,102.626,25.598,2024-06-26 03:15:00
2024-06-26,03:30:00 pm,0,102.618,25.64,2024-06-26 03:30:00
2024-06-26,03:45:00 pm,0,102.604,25.678,2024-06-26 03:45:00
2024-06-26,04:00:00 pm,0,102.559,25.702,2024-06-26 04:00:00
2024-06-26,04:15:00 pm,0,102.519,25.716,2024-06-26 04:15:00
2024-06-26,04:30:00 pm,0,102.538,25.74,2024-06-26 04:30:00
2024-06-26,04:45:00 pm,0,102.533,25.77,2024-06-26 04:45:00
2024-06-26,05:00:00 pm,0,102.521,25.803,2024-06-26 05:00:00
2024-06-26,05:15:00 pm,0,102.51,25.832,2024-06-26 05:15:00
2024-06-26,05:30:00 pm,0,102.486,25.858,2024-06-26 05:30:00
2024-06-26,05:45:00 pm,0,102.468,25.879,2024-06-26 05:45:00
2024-06-26,06:00:00 pm,0,102.438,25.902,2024-06-26 06:00:00
2024-06-26,06:15:00 pm,0,102.466,25.923,2024-06-26 06:15:00
2024-06-26,06:30:00 pm,0,102.495,25.943,2024-06-26 06:30:00
2024-06-26,06:45:00 pm,0,102.497,25.954,2024-06-26 06:45:00
2024-06-26,07:00:00 pm,0,102.52,25.964,2024-06-26 07:00:00
2024-06-26,07:15:00 pm,0,102.503,25.966,2024-06-26 07:15:00
2024-06-26,07:30:00 pm,0,102.489,25.956,2024-06-26 07:30:00
2024-06-26,07:45:00 pm,0,102.476,25.938,2024-06-26 07:45:00
2024-06-26,08:00:00 pm,0,102.448,25.912,2024-06-26 08:00:00
2024-06-26,08:15:00 pm,0,102.432,25.889,2024-06-26 08:15:00
2024-06-26,08:30:00 pm,0,102.451,25.862,2024-06-26 08:30:00
2024-06-26,08:45:00 pm,0,102.459,25.83,2024-06-26 08:45:00
2024-06-26,09:00:00 pm,0,102.471,25.794,2024-06-26 09:00:00
2024-06-26,09:15:00 pm,0,102.482,25.76,2024-06-26 09:15:00
2024-06-26,09:30:00 pm,0,102.504,25.719,2024-06-26 09:30:00
2024-06-26,09:45:00 pm,0,102.506,25.673,2024-06-26 09:45:00
2024-06-26,10:00:00 pm,0,102.489,25.622,2024-06-26 10:00:00
2024-06-26,10:15:00 pm,0,102.474,25.564,2024-06-26 10:15:00
2024-06-26,10:30:00 pm,0,102.46,25.511,2024-06-26 10:30:00
2024-06-26,10:45:00 pm,0,102.442,25.452,2024-06-26 10:45:00
2024-06-26,11:00:00 pm,0,102.41,25.392,2024-06-26 11:00:00
2024-06-26,11:15:00 pm,0,102.386,25.331,2024-06-26 11:15:00
2024-06-26,11:30:00 pm,0,102.357,25.269,2024-06-26 11:30:00
2024-06-26,11:45:00 pm,0,102.349,25.207,2024-06-26 11:45:00
2024-06-27,12:00:00 am,0,102.327,25.143,2024-06-27 12:00:00
2024-06-27,12:15:00 am,0,102.294,25.078,2024-06-27 12:15:00
2024-06-27,12:30:00 am,0,102.274,25.012,2024-06-27 12:30:00
2024-06-27,12:45:00 am,0,102.341,24.947,2024-06-27 12:45:00
2024-06-27,01:00:00 am,0,102.32,24.881,2024-06-27 01:00:00
2024-06-27,01:15:00 am,0,102.3,24.815,2024-06-27 01:15:00
2024-06-27,01:30:00 am,0,102.291,24.75,2024-06-27 01:30:00
2024-06-27,01:45:00 am,0,102.275,24.688,2024-06-27 01:45:00
2024-06-27,02:00:00 am,0,102.254,24.629,2024-06-27 02:00:00
2024-06-27,02:15:00 am,0,102.294,24.573,2024-06-27 02:15:00
2024-06-27,02:30:00 am,0,102.287,24.519,2024-06-27 02:30:00
2024-06-27,02:45:00 am,0,102.447,24.463,2024-06-27 02:45:00
2024-06-27,03:00:00 am,0,102.714,24.32,2024-06-27 03:00:00
2024-06-27,03:15:00 am,0,102.779,24.168,2024-06-27 03:15:00
2024-06-27,03:30:00 am,0,102.868,24.081,2024-06-27 03:30:00
2024-06-27,03:45:00 am,0,103.127,23.993,2024-06-27 03:45:00
2024-06-27,04:00:00 am,0,103.388,23.905,2024-06-27 04:00:00
2024-06-27,04:15:00 am,0,103.53,23.845,2024-06-27 04:15:00
2024-06-27,04:30:00 am,0,103.652,23.797,2024-06-27 04:30:00
2024-06-27,04:45:00 am,0,103.763,23.715,2024-06-27 04:45:00
2024-06-27,05:00:00 am,0,103.779,23.618,2024-06-27 05:00:00
2024-06-27,05:15:00 am,0,103.817,23.553,2024-06-27 05:15:00
2024-06-27,05:30:00 am,0,103.941,23.503,2024-06-27 05:30:00
2024-06-27,05:45:00 am,0,104.077,23.443,2024-06-27 05:45:00
2024-06-27,06:00:00 am,0,104.21,23.396,2024-06-27 06:00:00
2024-06-27,06:15:00 am,0,104.387,23.333,2024-06-27 06:15:00
2024-06-27,06:30:00 am,0,104.527,23.23,2024-06-27 06:30:00
2024-06-27,06:45:00 am,0,104.593,23.123,2024-06-27 06:45:00
2024-06-27,07:00:00 am,0,104.572,23.05,2024-06-27 07:00:00
2024-06-27,07:15:00 am,0,104.564,23.006,2024-06-27 07:15:00
2024-06-27,07:30:00 am,0,104.58,22.982,2024-06-27 07:30:00
2024-06-27,07:45:00 am,0,104.614,22.951,2024-06-27 07:45:00
2024-06-27,08:00:00 am,0,104.691,22.915,2024-06-27 08:00:00
2024-06-27,08:15:00 am,0,104.735,22.875,2024-06-27 08:15:00
2024-06-27,08:30:00 am,0,104.728,22.832,2024-06-27 08:30:00
2024-06-27,08:45:00 am,0,104.697,22.796,2024-06-27 08:45:00
2024-06-27,09:00:00 am,0,104.666,22.77,2024-06-27 09:00:00
2024-06-27,09:15:00 am,0,104.634,22.757,2024-06-27 09:15:00
2024-06-27,09:30:00 am,0,104.602,22.756,2024-06-27 09:30:00
2024-06-27,09:45:00 am,0,104.572,22.769,2024-06-27 09:45:00
2024-06-27,10:00:00 am,0,104.551,22.789,2024-06-27 10:00:00
2024-06-27,10:15:00 am,0,104.521,22.81,2024-06-27 10:15:00
2024-06-27,10:30:00 am,0,104.467,22.831,2024-06-27 10:30:00
2024-06-27,10:45:00 am,0,104.413,22.851,2024-06-27 10:45:00
2024-06-27,11:00:00 am,0,104.36,22.881,2024-06-27 11:00:00
2024-06-27,11:15:00 am,0,104.215,22.916,2024-06-27 11:15:00
2024-06-27,11:30:00 am,0,104.172,22.959,2024-06-27 11:30:00
2024-06-27,11:45:00 am,0,104.111,23.016,2024-06-27 11:45:00
2024-06-27,12:00:00 pm,0,104.049,23.062,2024-06-27 12:00:00
2024-06-27,12:15:00 pm,0,103.978,23.12,2024-06-27 12:15:00
2024-06-27,12:30:00 pm,0,103.941,23.194,2024-06-27 12:30:00
2024-06-27,12:45:00 pm,0,103.893,23.265,2024-06-27 12:45:00
2024-06-27,01:00:00 pm,0,103.843,23.359,2024-06-27 01:00:00
2024-06-27,01:15:00 pm,0,103.799,23.453,2024-06-27 01:15:00
2024-06-27,01:30:00 pm,0,103.754,23.555,2024-06-27 01:30:00
2024-06-27,01:45:00 pm,0,103.666,23.667,2024-06-27 01:45:00
2024-06-27,02:00:00 pm,0,103.625,23.813,2024-06-27 02:00:00
2024-06-27,02:15:00 pm,0,103.574,23.934,2024-06-27 02:15:00
2024-06-27,02:30:00 pm,0,103.548,24.069,2024-06-27 02:30:00
2024-06-27,02:45:00 pm,0,103.517,24.173,2024-06-27 02:45:00
2024-06-27,03:00:00 pm,0,103.484,24.284,2024-06-27 03:00:00
2024-06-27,03:15:00 pm,0,103.45,24.362,2024-06-27 03:15:00
2024-06-27,03:30:00 pm,0,103.414,24.453,2024-06-27 03:30:00
2024-06-27,03:45:00 pm,0,103.351,24.555,2024-06-27 03:45:00
2024-06-27,04:00:00 pm,0,103.333,24.644,2024-06-27 04:00:00
2024-06-27,04:15:00 pm,0,103.321,24.749,2024-06-27 04:15:00
2024-06-27,04:30:00 pm,0,103.3,24.843,2024-06-27 04:30:00
2024-06-27,04:45:00 pm,0,103.263,24.921,2024-06-27 04:45:00
2024-06-27,05:00:00 pm,0,103.252,24.999,2024-06-27 05:00:00
2024-06-27,05:15:00 pm,0,103.235,25.087,2024-06-27 05:15:00
2024-06-27,05:30:00 pm,0,103.209,25.165,2024-06-27 05:30:00
2024-06-27,05:45:00 pm,0,103.195,25.227,2024-06-27 05:45:00
2024-06-27,06:00:00 pm,0,103.19,25.27,2024-06-27 06:00:00
2024-06-27,06:15:00 pm,0,103.182,25.305,2024-06-27 06:15:00
2024-06-27,06:30:00 pm,0,103.162,25.339,2024-06-27 06:30:00
2024-06-27,06:45:00 pm,0,103.145,25.373,2024-06-27 06:45:00
2024-06-27,07:00:00 pm,0,103.148,25.397,2024-06-27 07:00:00
2024-06-27,07:15:00 pm,0,103.125,25.41,2024-06-27 07:15:00
2024-06-27,07:30:00 pm,0,103.142,25.419,2024-06-27 07:30:00
2024-06-27,07:45:00 pm,0,103.141,25.427,2024-06-27 07:45:00
2024-06-27,08:00:00 pm,0,103.137,25.429,2024-06-27 08:00:00
2024-06-27,08:15:00 pm,0,103.131,25.427,2024-06-27 08:15:00
2024-06-27,08:30:00 pm,0,103.132,25.419,2024-06-27 08:30:00
2024-06-27,08:45:00 pm,0,103.125,25.398,2024-06-27 08:45:00
2024-06-27,09:00:00 pm,0,103.128,25.374,2024-06-27 09:00:00
2024-06-27,09:15:00 pm,0,103.134,25.345,2024-06-27 09:15:00
2024-06-27,09:30:00 pm,0,103.137,25.312,2024-06-27 09:30:00
2024-06-27,09:45:00 pm,0,103.14,25.275,2024-06-27 09:45:00
2024-06-27,10:00:00 pm,0,103.152,25.229,2024-06-27 10:00:00
2024-06-27,10:15:00 pm,0,103.175,25.181,2024-06-27 10:15:00
2024-06-27,10:30:00 pm,0,103.18,25.132,2024-06-27 10:30:00
2024-06-27,10:45:00 pm,0,103.172,25.081,2024-06-27 10:45:00
2024-06-27,11:00:00 pm,0,103.16,25.025,2024-06-27 11:00:00
2024-06-27,11:15:00 pm,0,103.14,24.97,2024-06-27 11:15:00
2024-06-27,11:30:00 pm,0,103.125,24.918,2024-06-27 11:30:00
2024-06-27,11:45:00 pm,0,103.121,24.859,2024-06-27 11:45:00
2024-06-28,12:00:00 am,0,103.127,24.802,2024-06-28 12:00:00
2024-06-28,12:15:00 am,0,103.11,24.742,2024-06-28 12:15:00
2024-06-28,12:30:00 am,0,103.097,24.684,2024-06-28 12:30:00
2024-06-28,12:45:00 am,0,103.065,24.624,2024-06-28 12:45:00
2024-06-28,01:00:00 am,0,103.057,24.56,2024-06-28 01:00:00
2024-06-28,01:15:00 am,0,103.048,24.497,2024-06-28 01:15:00
2024-06-28,01:30:00 am,0,103.018,24.432,2024-06-28 01:30:00
2024-06-28,01:45:00 am,0,103.035,24.363,2024-06-28 01:45:00
2024-06-28,02:00:00 am,0,103.016,24.298,2024-06-28 02:00:00
2024-06-28,02:15:00 am,0,102.995,24.237,2024-06-28 02:15:00
2024-06-28,02:30:00 am,0,102.973,24.18,2024-06-28 02:30:00
2024-06-28,02:45:00 am,0,102.95,24.118,2024-06-28 02:45:00
2024-06-28,03:00:00 am,0,102.93,24.053,2024-06-28 03:00:00
2024-06-28,03:15:00 am,0,102.911,23.992,2024-06-28 03:15:00
2024-06-28,03:30:00 am,0,102.894,23.931,2024-06-28 03:30:00
2024-06-28,03:45:00 am,0,102.876,23.863,2024-06-28 03:45:00
2024-06-28,04:00:00 am,0,102.926,23.8,2024-06-28 04:00:00
2024-06-28,04:15:00 am,0,102.96,23.74,2024-06-28 04:15:00
2024-06-28,04:30:00 am,0,102.98,23.682,2024-06-28 04:30:00
2024-06-28,04:45:00 am,0,103.011,23.622,2024-06-28 04:45:00
2024-06-28,05:00:00 am,0,103.025,23.562,2024-06-28 05:00:00
2024-06-28,05:15:00 am,0,103.047,23.505,2024-06-28 05:15:00
2024-06-28,05:30:00 am,0,103.042,23.446,2024-06-28 05:30:00
2024-06-28,05:45:00 am,0,103.03,23.39,2024-06-28 05:45:00
2024-06-28,06:00:00 am,0,103.048,23.338,2024-06-28 06:00:00
2024-06-28,06:15:00 am,0,103.065,23.293,2024-06-28 06:15:00
2024-06-28,06:30:00 am,0,103.091,23.249,2024-06-28 06:30:00
2024-06-28,06:45:00 am,0,103.105,23.209,2024-06-28 06:45:00
2024-06-28,07:00:00 am,0,103.125,23.177,2024-06-28 07:00:00
2024-06-28,07:15:00 am,0,103.133,23.151,2024-06-28 07:15:00
2024-06-28,07:30:00 am,0,103.151,23.131,2024-06-28 07:30:00
2024-06-28,07:45:00 am,0,103.15,23.11,2024-06-28 07:45:00
2024-06-28,08:00:00 am,0,103.149,23.101,2024-06-28 08:00:00
2024-06-28,08:15:00 am,0,103.163,23.096,2024-06-28 08:15:00
2024-06-28,08:30:00 am,0,103.162,23.094,2024-06-28 08:30:00
2024-06-28,08:45:00 am,0,103.166,23.102,2024-06-28 08:45:00
2024-06-28,09:00:00 am,0,103.172,23.117,2024-06-28 09:00:00
2024-06-28,09:15:00 am,0,103.174,23.136,2024-06-28 09:15:00
2024-06-28,09:30:00 am,0,103.18,23.16,2024-06-28 09:30:00
2024-06-28,09:45:00 am,0,103.182,23.199,2024-06-28 09:45:00
2024-06-28,10:00:00 am,0,103.193,23.244,2024-06-28 10:00:00
2024-06-28,10:15:00 am,0,103.21,23.285,2024-06-28 10:15:00
2024-06-28,10:30:00 am,0,103.223,23.34,2024-06-28 10:30:00
2024-06-28,10:45:00 am,0,103.23,23.4,2024-06-28 10:45:00
2024-06-28,11:00:00 am,0,103.241,23.466,2024-06-28 11:00:00
2024-06-28,11:15:00 am,0,103.246,23.521,2024-06-28 11:15:00
2024-06-28,11:30:00 am,0,103.24,23.563,2024-06-28 11:30:00
2024-06-28,11:45:00 am,0,103.245,23.613,2024-06-28 11:45:00
2024-06-28,12:00:00 pm,0,103.256,23.672,2024-06-28 12:00:00
2024-06-28,12:15:00 pm,0,103.264,23.737,2024-06-28 12:15:00
2024-06-28,12:30:00 pm,0,103.262,23.853,2024-06-28 12:30:00
2024-06-28,12:45:00 pm,0,103.25,24,2024-06-28 12:45:00
2024-06-28,01:00:00 pm,0,103.249,24.128,2024-06-28 01:00:00
2024-06-28,01:15:00 pm,0,103.22,24.196,2024-06-28 01:15:00
2024-06-28,01:30:00 pm,0,103.134,24.32,2024-06-28 01:30:00
2024-06-28,01:45:00 pm,0,103.13,24.47,2024-06-28 01:45:00
2024-06-28,02:00:00 pm,0,103.117,24.598,2024-06-28 02:00:00
2024-06-28,02:15:00 pm,0,103.099,24.711,2024-06-28 02:15:00
2024-06-28,02:30:00 pm,0,103.091,24.816,2024-06-28 02:30:00
2024-06-28,02:45:00 pm,0,103.087,24.902,2024-06-28 02:45:00
2024-06-28,03:00:00 pm,0,103.069,24.978,2024-06-28 03:00:00
2024-06-28,03:15:00 pm,0,103.042,25.085,2024-06-28 03:15:00
2024-06-28,03:30:00 pm,0,103,25.159,2024-06-28 03:30:00
2024-06-28,03:45:00 pm,0,103.004,25.195,2024-06-28 03:45:00
2024-06-28,04:00:00 pm,0,103.006,25.225,2024-06-28 04:00:00
2024-06-28,04:15:00 pm,0,103.038,25.267,2024-06-28 04:15:00
2024-06-28,04:30:00 pm,0,103.031,25.314,2024-06-28 04:30:00
2024-06-28,04:45:00 pm,0,103.023,25.371,2024-06-28 04:45:00
2024-06-28,05:00:00 pm,0,103.022,25.44,2024-06-28 05:00:00
2024-06-28,05:15:00 pm,0,103.011,25.496,2024-06-28 05:15:00
2024-06-28,05:30:00 pm,0,102.98,25.538,2024-06-28 05:30:00
2024-06-28,05:45:00 pm,0,102.97,25.567,2024-06-28 05:45:00
2024-06-28,06:00:00 pm,0,102.975,25.597,2024-06-28 06:00:00
2024-06-28,06:15:00 pm,0,102.974,25.63,2024-06-28 06:15:00
2024-06-28,06:30:00 pm,0,102.999,25.658,2024-06-28 06:30:00
2024-06-28,06:45:00 pm,0,103.009,25.681,2024-06-28 06:45:00
2024-06-28,07:00:00 pm,0,103.004,25.7,2024-06-28 07:00:00
2024-06-28,07:15:00 pm,0,103.002,25.712,2024-06-28 07:15:00
2024-06-28,07:30:00 pm,0,103.014,25.722,2024-06-28 07:30:00
2024-06-28,07:45:00 pm,0,103.045,25.728,2024-06-28 07:45:00
2024-06-28,08:00:00 pm,0,103.089,25.728,2024-06-28 08:00:00
2024-06-28,08:15:00 pm,0,103.102,25.734,2024-06-28 08:15:00
2024-06-28,08:30:00 pm,0,103.108,25.731,2024-06-28 08:30:00
2024-06-28,08:45:00 pm,0,103.124,25.722,2024-06-28 08:45:00
2024-06-28,09:00:00 pm,0,103.122,25.709,2024-06-28 09:00:00
2024-06-28,09:15:00 pm,0,103.131,25.69,2024-06-28 09:15:00
2024-06-28,09:30:00 pm,0,103.139,25.667,2024-06-28 09:30:00
2024-06-28,09:45:00 pm,0,103.143,25.643,2024-06-28 09:45:00
2024-06-28,10:00:00 pm,0,103.138,25.615,2024-06-28 10:00:00
2024-06-28,10:15:00 pm,0,103.126,25.578,2024-06-28 10:15:00
2024-06-28,10:30:00 pm,0,103.11,25.542,2024-06-28 10:30:00
2024-06-28,10:45:00 pm,0,103.107,25.502,2024-06-28 10:45:00
2024-06-28,11:00:00 pm,0,103.089,25.467,2024-06-28 11:00:00
2024-06-28,11:15:00 pm,0,103.083,25.429,2024-06-28 11:15:00
2024-06-28,11:30:00 pm,0,103.079,25.387,2024-06-28 11:30:00
2024-06-28,11:45:00 pm,0,103.076,25.347,2024-06-28 11:45:00
2024-06-29,12:00:00 am,0,103.074,25.307,2024-06-29 12:00:00
2024-06-29,12:15:00 am,0,103.057,25.267,2024-06-29 12:15:00
2024-06-29,12:30:00 am,0,103.123,25.225,2024-06-29 12:30:00
2024-06-29,12:45:00 am,0,103.11,25.185,2024-06-29 12:45:00
2024-06-29,01:00:00 am,0,103.111,25.14,2024-06-29 01:00:00
2024-06-29,01:15:00 am,0,103.106,25.096,2024-06-29 01:15:00
2024-06-29,01:30:00 am,0,103.094,25.049,2024-06-29 01:30:00
2024-06-29,01:45:00 am,0,103.087,25.002,2024-06-29 01:45:00
2024-06-29,02:00:00 am,0,103.086,24.954,2024-06-29 02:00:00
2024-06-29,02:15:00 am,0,103.083,24.907,2024-06-29 02:15:00
2024-06-29,02:30:00 am,0,103.092,24.86,2024-06-29 02:30:00
2024-06-29,02:45:00 am,0,103.108,24.814,2024-06-29 02:45:00
2024-06-29,03:00:00 am,0,103.127,24.77,2024-06-29 03:00:00
2024-06-29,03:15:00 am,0,103.15,24.729,2024-06-29 03:15:00
2024-06-29,03:30:00 am,0,103.167,24.69,2024-06-29 03:30:00
2024-06-29,03:45:00 am,0,103.189,24.653,2024-06-29 03:45:00
2024-06-29,04:00:00 am,0,103.2,24.617,2024-06-29 04:00:00
2024-06-29,04:15:00 am,0,103.213,24.578,2024-06-29 04:15:00
2024-06-29,04:30:00 am,0,103.244,24.541,2024-06-29 04:30:00
2024-06-29,04:45:00 am,0,103.273,24.504,2024-06-29 04:45:00
2024-06-29,05:00:00 am,0,103.296,24.472,2024-06-29 05:00:00
2024-06-29,05:15:00 am,0,103.332,24.442,2024-06-29 05:15:00
2024-06-29,05:30:00 am,0,103.355,24.41,2024-06-29 05:30:00
2024-06-29,05:45:00 am,0,103.37,24.381,2024-06-29 05:45:00
2024-06-29,06:00:00 am,0,103.394,24.35,2024-06-29 06:00:00
2024-06-29,06:15:00 am,0,103.416,24.323,2024-06-29 06:15:00
2024-06-29,06:30:00 am,0,103.433,24.296,2024-06-29 06:30:00
2024-06-29,06:45:00 am,0,103.453,24.272,2024-06-29 06:45:00
2024-06-29,07:00:00 am,0,103.466,24.249,2024-06-29 07:00:00
2024-06-29,07:15:00 am,0,103.474,24.228,2024-06-29 07:15:00
2024-06-29,07:30:00 am,0,103.477,24.211,2024-06-29 07:30:00
2024-06-29,07:45:00 am,0,103.49,24.197,2024-06-29 07:45:00
2024-06-29,08:00:00 am,0,103.501,24.186,2024-06-29 08:00:00
2024-06-29,08:15:00 am,0,103.509,24.174,2024-06-29 08:15:00
2024-06-29,08:30:00 am,0,103.52,24.164,2024-06-29 08:30:00
2024-06-29,08:45:00 am,0,103.531,24.164,2024-06-29 08:45:00
2024-06-29,09:00:00 am,0,103.532,24.162,2024-06-29 09:00:00
2024-06-29,09:15:00 am,0,103.538,24.161,2024-06-29 09:15:00
2024-06-29,09:30:00 am,0,103.545,24.155,2024-06-29 09:30:00
2024-06-29,09:45:00 am,0,103.543,24.154,2024-06-29 09:45:00
2024-06-29,10:00:00 am,0,103.553,24.15,2024-06-29 10:00:00
2024-06-29,10:15:00 am,0,103.554,24.151,2024-06-29 10:15:00
2024-06-29,10:30:00 am,0,103.574,24.17,2024-06-29 10:30:00
2024-06-29,10:45:00 am,0,103.59,24.187,2024-06-29 10:45:00
2024-06-29,11:00:00 am,0,103.593,24.202,2024-06-29 11:00:00
2024-06-29,11:15:00 am,0,103.694,24.212,2024-06-29 11:15:00
2024-06-29,11:30:00 am,0,103.925,24.239,2024-06-29 11:30:00
2024-06-29,11:45:00 am,0,104.024,24.252,2024-06-29 11:45:00
2024-06-29,12:00:00 pm,0,104.036,24.237,2024-06-29 12:00:00
2024-06-29,12:15:00 pm,0,104.037,24.226,2024-06-29 12:15:00
2024-06-29,12:30:00 pm,0,104.15,24.219,2024-06-29 12:30:00
2024-06-29,12:45:00 pm,0,104.186,24.214,2024-06-29 12:45:00
2024-06-29,01:00:00 pm,0,104.196,24.217,2024-06-29 01:00:00
2024-06-29,01:15:00 pm,0,104.225,24.227,2024-06-29 01:15:00
2024-06-29,01:30:00 pm,0,104.23,24.244,2024-06-29 01:30:00
2024-06-29,01:45:00 pm,0,104.237,24.278,2024-06-29 01:45:00
2024-06-29,02:00:00 pm,0,104.251,24.303,2024-06-29 02:00:00
2024-06-29,02:15:00 pm,0,104.265,24.326,2024-06-29 02:15:00
2024-06-29,02:30:00 pm,0,104.283,24.36,2024-06-29 02:30:00
2024-06-29,02:45:00 pm,0,104.303,24.376,2024-06-29 02:45:00
2024-06-29,03:00:00 pm,0,104.32,24.375,2024-06-29 03:00:00
2024-06-29,03:15:00 pm,0,104.349,24.371,2024-06-29 03:15:00
2024-06-29,03:30:00 pm,0,104.385,24.391,2024-06-29 03:30:00
2024-06-29,03:45:00 pm,0,104.435,24.431,2024-06-29 03:45:00
2024-06-29,04:00:00 pm,0,104.508,24.468,2024-06-29 04:00:00
2024-06-29,04:15:00 pm,0,104.533,24.527,2024-06-29 04:15:00
2024-06-29,04:30:00 pm,0,104.539,24.6,2024-06-29 04:30:00
2024-06-29,04:45:00 pm,0,104.532,24.669,2024-06-29 04:45:00
2024-06-29,05:00:00 pm,0,104.53,24.731,2024-06-29 05:00:00
2024-06-29,05:15:00 pm,0,104.522,24.79,2024-06-29 05:15:00
2024-06-29,05:30:00 pm,0,104.509,24.847,2024-06-29 05:30:00
2024-06-29,05:45:00 pm,0,104.494,24.885,2024-06-29 05:45:00
2024-06-29,06:00:00 pm,0,104.467,24.908,2024-06-29 06:00:00
2024-06-29,06:15:00 pm,0,104.452,24.92,2024-06-29 06:15:00
2024-06-29,06:30:00 pm,0,104.427,24.927,2024-06-29 06:30:00
2024-06-29,06:45:00 pm,0,104.413,24.932,2024-06-29 06:45:00
2024-06-29,07:00:00 pm,0,104.402,24.929,2024-06-29 07:00:00
2024-06-29,07:15:00 pm,0,104.388,24.927,2024-06-29 07:15:00
2024-06-29,07:30:00 pm,0,104.376,24.925,2024-06-29 07:30:00
2024-06-29,07:45:00 pm,0,104.367,24.919,2024-06-29 07:45:00
2024-06-29,08:00:00 pm,0,104.339,24.911,2024-06-29 08:00:00
2024-06-29,08:15:00 pm,0,104.305,24.895,2024-06-29 08:15:00
2024-06-29,08:30:00 pm,0,104.268,24.881,2024-06-29 08:30:00
2024-06-29,08:45:00 pm,0,104.251,24.863,2024-06-29 08:45:00
2024-06-29,09:00:00 pm,0,104.253,24.848,2024-06-29 09:00:00
2024-06-29,09:15:00 pm,0,104.249,24.826,2024-06-29 09:15:00
2024-06-29,09:30:00 pm,0,104.252,24.806,2024-06-29 09:30:00
2024-06-29,09:45:00 pm,0,104.246,24.783,2024-06-29 09:45:00
2024-06-29,10:00:00 pm,0,104.243,24.758,2024-06-29 10:00:00
2024-06-29,10:15:00 pm,0,104.257,24.731,2024-06-29 10:15:00
2024-06-29,10:30:00 pm,0,104.258,24.701,2024-06-29 10:30:00
2024-06-29,10:45:00 pm,0,104.285,24.674,2024-06-29 10:45:00
2024-06-29,11:00:00 pm,0,104.283,24.64,2024-06-29 11:00:00
2024-06-29,11:15:00 pm,0,104.281,24.604,2024-06-29 11:15:00
2024-06-29,11:30:00 pm,0,104.29,24.568,2024-06-29 11:30:00
2024-06-29,11:45:00 pm,0,104.295,24.53,2024-06-29 11:45:00
2024-06-30,12:00:00 am,0,104.276,24.493,2024-06-30 12:00:00
2024-06-30,12:15:00 am,0,104.259,24.453,2024-06-30 12:15:00
2024-06-30,12:30:00 am,0,104.24,24.413,2024-06-30 12:30:00
2024-06-30,12:45:00 am,0,104.22,24.373,2024-06-30 12:45:00
2024-06-30,01:00:00 am,0,104.211,24.332,2024-06-30 01:00:00
2024-06-30,01:15:00 am,0,104.201,24.287,2024-06-30 01:15:00
2024-06-30,01:30:00 am,0,104.182,24.244,2024-06-30 01:30:00
2024-06-30,01:45:00 am,0,104.158,24.202,2024-06-30 01:45:00
2024-06-30,02:00:00 am,0,104.146,24.16,2024-06-30 02:00:00
2024-06-30,02:15:00 am,0,104.124,24.114,2024-06-30 02:15:00
2024-06-30,02:30:00 am,0,104.098,24.071,2024-06-30 02:30:00
2024-06-30,02:45:00 am,0,104.092,24.028,2024-06-30 02:45:00
2024-06-30,03:00:00 am,0,104.062,23.982,2024-06-30 03:00:00
2024-06-30,03:15:00 am,0,104.039,23.942,2024-06-30 03:15:00
2024-06-30,03:30:00 am,0,104.013,23.899,2024-06-30 03:30:00
2024-06-30,03:45:00 am,0,103.995,23.853,2024-06-30 03:45:00
2024-06-30,04:00:00 am,0,103.984,23.811,2024-06-30 04:00:00
2024-06-30,04:15:00 am,0,103.964,23.766,2024-06-30 04:15:00
2024-06-30,04:30:00 am,0,103.943,23.722,2024-06-30 04:30:00
2024-06-30,04:45:00 am,0,103.92,23.671,2024-06-30 04:45:00
2024-06-30,05:00:00 am,0,103.911,23.624,2024-06-30 05:00:00
2024-06-30,05:15:00 am,0,103.967,23.577,2024-06-30 05:15:00
2024-06-30,05:30:00 am,0,103.971,23.533,2024-06-30 05:30:00
2024-06-30,05:45:00 am,0,103.968,23.488,2024-06-30 05:45:00
2024-06-30,06:00:00 am,0,103.966,23.44,2024-06-30 06:00:00
2024-06-30,06:15:00 am,0,103.963,23.397,2024-06-30 06:15:00
2024-06-30,06:30:00 am,0,103.974,23.355,2024-06-30 06:30:00
2024-06-30,06:45:00 am,0,103.987,23.316,2024-06-30 06:45:00
2024-06-30,07:00:00 am,0,104.011,23.278,2024-06-30 07:00:00
2024-06-30,07:15:00 am,0,104.024,23.249,2024-06-30 07:15:00
2024-06-30,07:30:00 am,0,104.03,23.221,2024-06-30 07:30:00
2024-06-30,07:45:00 am,0,104.023,23.205,2024-06-30 07:45:00
2024-06-30,08:00:00 am,0,104.032,23.188,2024-06-30 08:00:00
2024-06-30,08:15:00 am,0,104.031,23.178,2024-06-30 08:15:00
2024-06-30,08:30:00 am,0,104.05,23.175,2024-06-30 08:30:00
2024-06-30,08:45:00 am,0,104.053,23.179,2024-06-30 08:45:00
2024-06-30,09:00:00 am,0,104.041,23.193,2024-06-30 09:00:00
2024-06-30,09:15:00 am,0,104.039,23.21,2024-06-30 09:15:00
2024-06-30,09:30:00 am,0,104.04,23.244,2024-06-30 09:30:00
2024-06-30,09:45:00 am,0,104.051,23.289,2024-06-30 09:45:00
2024-06-30,10:00:00 am,0,104.063,23.34,2024-06-30 10:00:00
2024-06-30,10:15:00 am,0,104.071,23.391,2024-06-30 10:15:00
2024-06-30,10:30:00 am,0,104.081,23.451,2024-06-30 10:30:00
2024-06-30,10:45:00 am,0,104.093,23.534,2024-06-30 10:45:00
2024-06-30,11:00:00 am,0,104.112,23.607,2024-06-30 11:00:00
2024-06-30,11:15:00 am,0,104.122,23.678,2024-06-30 11:15:00
2024-06-30,11:30:00 am,0,104.141,23.766,2024-06-30 11:30:00
2024-06-30,11:45:00 am,0,104.156,23.844,2024-06-30 11:45:00
2024-06-30,12:00:00 pm,0,104.164,23.953,2024-06-30 12:00:00
2024-06-30,12:15:00 pm,0,104.14,24.063,2024-06-30 12:15:00
2024-06-30,12:30:00 pm,0,104.126,24.194,2024-06-30 12:30:00
2024-06-30,12:45:00 pm,0,104.011,24.314,2024-06-30 12:45:00
2024-06-30,01:00:00 pm,0,103.986,24.471,2024-06-30 01:00:00
2024-06-30,01:15:00 pm,0,103.941,24.628,2024-06-30 01:15:00
2024-06-30,01:30:00 pm,0,103.885,24.792,2024-06-30 01:30:00
2024-06-30,01:45:00 pm,0,103.868,24.934,2024-06-30 01:45:00
2024-06-30,02:00:00 pm,0,103.836,25.039,2024-06-30 02:00:00
2024-06-30,02:15:00 pm,0,103.815,25.142,2024-06-30 02:15:00
2024-06-30,02:30:00 pm,0,103.795,25.261,2024-06-30 02:30:00
2024-06-30,02:45:00 pm,0,103.771,25.381,2024-06-30 02:45:00
2024-06-30,03:00:00 pm,0,103.737,25.472,2024-06-30 03:00:00
2024-06-30,03:15:00 pm,0,103.697,25.568,2024-06-30 03:15:00
2024-06-30,03:30:00 pm,0,103.669,25.671,2024-06-30 03:30:00
2024-06-30,03:45:00 pm,0,103.639,25.77,2024-06-30 03:45:00
2024-06-30,04:00:00 pm,0,103.609,25.85,2024-06-30 04:00:00
2024-06-30,04:15:00 pm,0,103.598,25.908,2024-06-30 04:15:00
2024-06-30,04:30:00 pm,0,103.6,25.972,2024-06-30 04:30:00
2024-06-30,04:45:00 pm,0,103.621,26.046,2024-06-30 04:45:00
2024-06-30,05:00:00 pm,0,103.612,26.115,2024-06-30 05:00:00
2024-06-30,05:15:00 pm,0,103.601,26.177,2024-06-30 05:15:00
2024-06-30,05:30:00 pm,0,103.578,26.227,2024-06-30 05:30:00
2024-06-30,05:45:00 pm,0,103.575,26.278,2024-06-30 05:45:00
2024-06-30,06:00:00 pm,0,103.572,26.318,2024-06-30 06:00:00
2024-06-30,06:15:00 pm,0,103.579,26.359,2024-06-30 06:15:00
2024-06-30,06:30:00 pm,0,103.556,26.394,2024-06-30 06:30:00
2024-06-30,06:45:00 pm,0,103.549,26.414,2024-06-30 06:45:00
2024-06-30,07:00:00 pm,0,103.545,26.426,2024-06-30 07:00:00
2024-06-30,07:15:00 pm,0,103.537,26.437,2024-06-30 07:15:00
2024-06-30,07:30:00 pm,0,103.548,26.448,2024-06-30 07:30:00
2024-06-30,07:45:00 pm,0,103.562,26.455,2024-06-30 07:45:00
2024-06-30,08:00:00 pm,0,103.549,26.457,2024-06-30 08:00:00
2024-06-30,08:15:00 pm,0,103.56,26.45,2024-06-30 08:15:00
2024-06-30,08:30:00 pm,0,103.554,26.435,2024-06-30 08:30:00
2024-06-30,08:45:00 pm,0,103.555,26.413,2024-06-30 08:45:00
2024-06-30,09:00:00 pm,0,103.558,26.39,2024-06-30 09:00:00
2024-06-30,09:15:00 pm,0,103.55,26.358,2024-06-30 09:15:00
2024-06-30,09:30:00 pm,0,103.549,26.321,2024-06-30 09:30:00
2024-06-30,09:45:00 pm,0,103.558,26.276,2024-06-30 09:45:00
2024-06-30,10:00:00 pm,0,103.55,26.229,2024-06-30 10:00:00
2024-06-30,10:15:00 pm,0,103.55,26.179,2024-06-30 10:15:00
2024-06-30,10:30:00 pm,0,103.554,26.122,2024-06-30 10:30:00
2024-06-30,10:45:00 pm,0,103.566,26.064,2024-06-30 10:45:00
2024-06-30,11:00:00 pm,0,103.555,26.001,2024-06-30 11:00:00
2024-06-30,11:15:00 pm,0,103.542,25.941,2024-06-30 11:15:00
2024-06-30,11:30:00 pm,0,103.517,25.874,2024-06-30 11:30:00
2024-06-30,11:45:00 pm,0,103.489,25.808,2024-06-30 11:45:00
2024-07-01,12:00:00 am,0,103.471,25.74,2024-07-01 12:00:00
2024-07-01,12:15:00 am,0,103.472,25.671,2024-07-01 12:15:00
2024-07-01,12:30:00 am,0,103.463,25.598,2024-07-01 12:30:00
2024-07-01,12:45:00 am,0,103.439,25.526,2024-07-01 12:45:00
2024-07-01,01:00:00 am,0,103.425,25.455,2024-07-01 01:00:00
2024-07-01,01:15:00 am,0,103.407,25.384,2024-07-01 01:15:00
2024-07-01,01:30:00 am,0,103.406,25.313,2024-07-01 01:30:00
2024-07-01,01:45:00 am,0,103.382,25.24,2024-07-01 01:45:00
2024-07-01,02:00:00 am,0,103.362,25.173,2024-07-01 02:00:00
2024-07-01,02:15:00 am,0,103.336,25.107,2024-07-01 02:15:00
2024-07-01,02:30:00 am,0,103.326,25.041,2024-07-01 02:30:00
2024-07-01,02:45:00 am,0,103.302,24.973,2024-07-01 02:45:00
2024-07-01,03:00:00 am,0,103.278,24.901,2024-07-01 03:00:00
2024-07-01,03:15:00 am,0,103.26,24.833,2024-07-01 03:15:00
2024-07-01,03:30:00 am,0,103.245,24.761,2024-07-01 03:30:00
2024-07-01,03:45:00 am,0,103.236,24.691,2024-07-01 03:45:00
2024-07-01,04:00:00 am,0,103.313,24.623,2024-07-01 04:00:00
2024-07-01,04:15:00 am,0,103.311,24.559,2024-07-01 04:15:00
2024-07-01,04:30:00 am,0,103.307,24.49,2024-07-01 04:30:00
2024-07-01,04:45:00 am,0,103.318,24.429,2024-07-01 04:45:00
2024-07-01,05:00:00 am,0,103.33,24.365,2024-07-01 05:00:00
2024-07-01,05:15:00 am,0,103.341,24.304,2024-07-01 05:15:00
2024-07-01,05:30:00 am,0,103.351,24.242,2024-07-01 05:30:00
2024-07-01,05:45:00 am,0,103.354,24.179,2024-07-01 05:45:00
2024-07-01,06:00:00 am,0,103.34,24.117,2024-07-01 06:00:00
2024-07-01,06:15:00 am,0,103.37,24.064,2024-07-01 06:15:00
2024-07-01,06:30:00 am,0,103.378,24.013,2024-07-01 06:30:00
2024-07-01,06:45:00 am,0,103.367,23.964,2024-07-01 06:45:00
2024-07-01,07:00:00 am,0,103.389,23.914,2024-07-01 07:00:00
2024-07-01,07:15:00 am,0,103.385,23.872,2024-07-01 07:15:00
2024-07-01,07:30:00 am,0,103.402,23.838,2024-07-01 07:30:00
2024-07-01,07:45:00 am,0,103.407,23.807,2024-07-01 07:45:00
2024-07-01,08:00:00 am,0,103.42,23.782,2024-07-01 08:00:00
2024-07-01,08:15:00 am,0,103.425,23.764,2024-07-01 08:15:00
2024-07-01,08:30:00 am,0,103.427,23.756,2024-07-01 08:30:00
2024-07-01,08:45:00 am,0,103.427,23.759,2024-07-01 08:45:00
2024-07-01,09:00:00 am,0,103.43,23.768,2024-07-01 09:00:00
2024-07-01,09:15:00 am,0,103.426,23.779,2024-07-01 09:15:00
2024-07-01,09:30:00 am,0,103.433,23.801,2024-07-01 09:30:00
2024-07-01,09:45:00 am,0,103.437,23.836,2024-07-01 09:45:00
2024-07-01,10:00:00 am,0,103.443,23.874,2024-07-01 10:00:00
2024-07-01,10:15:00 am,0,103.445,23.91,2024-07-01 10:15:00
2024-07-01,10:30:00 am,0,103.449,23.958,2024-07-01 10:30:00
2024-07-01,10:45:00 am,0,103.457,24.016,2024-07-01 10:45:00
2024-07-01,11:00:00 am,0,103.469,24.086,2024-07-01 11:00:00
2024-07-01,11:15:00 am,0,103.489,24.164,2024-07-01 11:15:00
2024-07-01,11:30:00 am,0,103.507,24.252,2024-07-01 11:30:00
2024-07-01,11:45:00 am,0,103.528,24.354,2024-07-01 11:45:00
2024-07-01,12:00:00 pm,0,103.552,24.453,2024-07-01 12:00:00
2024-07-01,12:15:00 pm,0,103.556,24.553,2024-07-01 12:15:00
2024-07-01,12:30:00 pm,0,103.539,24.656,2024-07-01 12:30:00
2024-07-01,12:45:00 pm,0,103.529,24.777,2024-07-01 12:45:00
2024-07-01,01:00:00 pm,0,103.442,24.916,2024-07-01 01:00:00
2024-07-01,01:15:00 pm,0,103.424,25.064,2024-07-01 01:15:00
2024-07-01,01:30:00 pm,0,103.411,25.201,2024-07-01 01:30:00
2024-07-01,01:45:00 pm,0,103.385,25.348,2024-07-01 01:45:00
2024-07-01,02:00:00 pm,0,103.365,25.474,2024-07-01 02:00:00
2024-07-01,02:15:00 pm,0,103.361,25.598,2024-07-01 02:15:00
2024-07-01,02:30:00 pm,0,103.349,25.727,2024-07-01 02:30:00
2024-07-01,02:45:00 pm,0,103.333,25.837,2024-07-01 02:45:00
2024-07-01,03:00:00 pm,0,103.275,25.93,2024-07-01 03:00:00
2024-07-01,03:15:00 pm,0,103.292,26.034,2024-07-01 03:15:00
2024-07-01,03:30:00 pm,0,103.302,26.119,2024-07-01 03:30:00
2024-07-01,03:45:00 pm,0,103.304,26.193,2024-07-01 03:45:00
2024-07-01,04:00:00 pm,0,103.285,26.25,2024-07-01 04:00:00
2024-07-01,04:15:00 pm,0,103.269,26.304,2024-07-01 04:15:00
2024-07-01,04:30:00 pm,0,103.239,26.353,2024-07-01 04:30:00
2024-07-01,04:45:00 pm,0,103.22,26.41,2024-07-01 04:45:00
2024-07-01,05:00:00 pm,0,103.119,26.453,2024-07-01 05:00:00
2024-07-01,05:15:00 pm,0,103.115,26.492,2024-07-01 05:15:00
2024-07-01,05:30:00 pm,0,103.106,26.526,2024-07-01 05:30:00
2024-07-01,05:45:00 pm,0,103.105,26.559,2024-07-01 05:45:00
2024-07-01,06:00:00 pm,0,103.121,26.586,2024-07-01 06:00:00
2024-07-01,06:15:00 pm,0,103.12,26.616,2024-07-01 06:15:00
2024-07-01,06:30:00 pm,0,103.121,26.64,2024-07-01 06:30:00
2024-07-01,06:45:00 pm,0,103.134,26.653,2024-07-01 06:45:00
2024-07-01,07:00:00 pm,0,103.139,26.658,2024-07-01 07:00:00
2024-07-01,07:15:00 pm,0,103.141,26.652,2024-07-01 07:15:00
2024-07-01,07:30:00 pm,0,103.13,26.638,2024-07-01 07:30:00
2024-07-01,07:45:00 pm,0,103.122,26.613,2024-07-01 07:45:00
2024-07-01,08:00:00 pm,0,103.11,26.583,2024-07-01 08:00:00
2024-07-01,08:15:00 pm,0,103.114,26.542,2024-07-01 08:15:00
2024-07-01,08:30:00 pm,0,103.123,26.482,2024-07-01 08:30:00
2024-07-01,08:45:00 pm,0,103.132,26.406,2024-07-01 08:45:00
2024-07-01,09:00:00 pm,0,103.121,26.324,2024-07-01 09:00:00
2024-07-01,09:15:00 pm,0,103.102,26.24,2024-07-01 09:15:00
2024-07-01,09:30:00 pm,0,103.083,26.156,2024-07-01 09:30:00
2024-07-01,09:45:00 pm,0,103.057,26.073,2024-07-01 09:45:00
2024-07-01,10:00:00 pm,0,103.034,25.989,2024-07-01 10:00:00
2024-07-01,10:15:00 pm,0,103.015,25.897,2024-07-01 10:15:00
2024-07-01,10:30:00 pm,0,103.073,25.805,2024-07-01 10:30:00
2024-07-01,10:45:00 pm,0,103.072,25.713,2024-07-01 10:45:00
2024-07-01,11:00:00 pm,0,103.072,25.622,2024-07-01 11:00:00
2024-07-01,11:15:00 pm,0,103.06,25.528,2024-07-01 11:15:00
2024-07-01,11:30:00 pm,0,103.047,25.427,2024-07-01 11:30:00
2024-07-01,11:45:00 pm,0,103.032,25.326,2024-07-01 11:45:00
2024-07-02,12:00:00 am,0,103.033,25.223,2024-07-02 12:00:00
2024-07-02,12:15:00 am,0,103.022,25.124,2024-07-02 12:15:00
2024-07-02,12:30:00 am,0,103.021,25.019,2024-07-02 12:30:00
2024-07-02,12:45:00 am,0,103.036,24.915,2024-07-02 12:45:00
2024-07-02,01:00:00 am,0,103.05,24.81,2024-07-02 01:00:00
2024-07-02,01:15:00 am,0,103.05,24.71,2024-07-02 01:15:00
2024-07-02,01:30:00 am,0,103.032,24.606,2024-07-02 01:30:00
2024-07-02,01:45:00 am,0,103.024,24.503,2024-07-02 01:45:00
2024-07-02,02:00:00 am,0,103.006,24.405,2024-07-02 02:00:00
2024-07-02,02:15:00 am,0,103.004,24.307,2024-07-02 02:15:00
2024-07-02,02:30:00 am,0,102.999,24.208,2024-07-02 02:30:00
2024-07-02,02:45:00 am,0,102.998,24.106,2024-07-02 02:45:00
2024-07-02,03:00:00 am,0,102.991,24.007,2024-07-02 03:00:00
2024-07-02,03:15:00 am,0,102.983,23.911,2024-07-02 03:15:00
2024-07-02,03:30:00 am,0,102.993,23.816,2024-07-02 03:30:00
2024-07-02,03:45:00 am,0,102.996,23.719,2024-07-02 03:45:00
2024-07-02,04:00:00 am,0,103.006,23.626,2024-07-02 04:00:00
2024-07-02,04:15:00 am,0,103.031,23.533,2024-07-02 04:15:00
2024-07-02,04:30:00 am,0,103.041,23.441,2024-07-02 04:30:00
2024-07-02,04:45:00 am,0,103.063,23.347,2024-07-02 04:45:00
2024-07-02,05:00:00 am,0,103.081,23.257,2024-07-02 05:00:00
2024-07-02,05:15:00 am,0,103.093,23.165,2024-07-02 05:15:00
2024-07-02,05:30:00 am,0,103.124,23.077,2024-07-02 05:30:00
2024-07-02,05:45:00 am,0,103.144,22.985,2024-07-02 05:45:00
2024-07-02,06:00:00 am,0,103.157,22.899,2024-07-02 06:00:00
2024-07-02,06:15:00 am,0,103.174,22.814,2024-07-02 06:15:00
2024-07-02,06:30:00 am,0,103.193,22.734,2024-07-02 06:30:00
2024-07-02,06:45:00 am,0,103.21,22.66,2024-07-02 06:45:00
2024-07-02,07:00:00 am,0,103.222,22.589,2024-07-02 07:00:00
2024-07-02,07:15:00 am,0,103.233,22.53,2024-07-02 07:15:00
2024-07-02,07:30:00 am,0,103.254,22.486,2024-07-02 07:30:00
2024-07-02,07:45:00 am,0,103.262,22.451,2024-07-02 07:45:00
2024-07-02,08:00:00 am,0,103.262,22.425,2024-07-02 08:00:00
2024-07-02,08:15:00 am,0,103.266,22.404,2024-07-02 08:15:00
2024-07-02,08:30:00 am,0,103.291,22.395,2024-07-02 08:30:00
2024-07-02,08:45:00 am,0,103.312,22.4,2024-07-02 08:45:00
2024-07-02,09:00:00 am,0,103.325,22.416,2024-07-02 09:00:00
2024-07-02,09:15:00 am,0,103.34,22.444,2024-07-02 09:15:00
2024-07-02,09:30:00 am,0,103.352,22.483,2024-07-02 09:30:00
2024-07-02,09:45:00 am,0,103.36,22.548,2024-07-02 09:45:00
2024-07-02,10:00:00 am,0,103.37,22.605,2024-07-02 10:00:00
2024-07-02,10:15:00 am,0,103.381,22.673,2024-07-02 10:15:00
2024-07-02,10:30:00 am,0,103.402,22.755,2024-07-02 10:30:00
2024-07-02,10:45:00 am,0,103.421,22.841,2024-07-02 10:45:00
2024-07-02,11:00:00 am,0,103.437,22.927,2024-07-02 11:00:00
2024-07-02,11:15:00 am,0,103.457,23.015,2024-07-02 11:15:00
2024-07-02,11:30:00 am,0,103.481,23.1,2024-07-02 11:30:00
2024-07-02,11:45:00 am,0,103.493,23.186,2024-07-02 11:45:00
2024-07-02,12:00:00 pm,0,103.524,23.296,2024-07-02 12:00:00
2024-07-02,12:15:00 pm,0,103.537,23.425,2024-07-02 12:15:00
2024-07-02,12:30:00 pm,0,103.528,23.55,2024-07-02 12:30:00
2024-07-02,12:45:00 pm,0,103.517,23.715,2024-07-02 12:45:00
2024-07-02,01:00:00 pm,0,103.421,23.885,2024-07-02 01:00:00
2024-07-02,01:15:00 pm,0,103.408,24.054,2024-07-02 01:15:00
2024-07-02,01:30:00 pm,0,103.406,24.225,2024-07-02 01:30:00
2024-07-02,01:45:00 pm,0,103.385,24.388,2024-07-02 01:45:00
2024-07-02,02:00:00 pm,0,103.366,24.547,2024-07-02 02:00:00
2024-07-02,02:15:00 pm,0,103.351,24.691,2024-07-02 02:15:00
2024-07-02,02:30:00 pm,0,103.334,24.796,2024-07-02 02:30:00
2024-07-02,02:45:00 pm,0,103.332,24.914,2024-07-02 02:45:00
2024-07-02,03:00:00 pm,0,103.321,25.045,2024-07-02 03:00:00
2024-07-02,03:15:00 pm,0,103.284,25.181,2024-07-02 03:15:00
2024-07-02,03:30:00 pm,0,103.271,25.291,2024-07-02 03:30:00
2024-07-02,03:45:00 pm,0,103.264,25.373,2024-07-02 03:45:00
2024-07-02,04:00:00 pm,0,103.232,25.443,2024-07-02 04:00:00
2024-07-02,04:15:00 pm,0,103.248,25.524,2024-07-02 04:15:00
2024-07-02,04:30:00 pm,0,103.271,25.61,2024-07-02 04:30:00
2024-07-02,04:45:00 pm,0,103.288,25.7,2024-07-02 04:45:00
2024-07-02,05:00:00 pm,0,103.29,25.779,2024-07-02 05:00:00
2024-07-02,05:15:00 pm,0,103.289,25.851,2024-07-02 05:15:00
2024-07-02,05:30:00 pm,0,103.293,25.917,2024-07-02 05:30:00
2024-07-02,05:45:00 pm,0,103.292,25.986,2024-07-02 05:45:00
2024-07-02,06:00:00 pm,0,103.287,26.053,2024-07-02 06:00:00
2024-07-02,06:15:00 pm,0,103.277,26.109,2024-07-02 06:15:00
2024-07-02,06:30:00 pm,0,103.271,26.161,2024-07-02 06:30:00
2024-07-02,06:45:00 pm,0,103.187,26.203,2024-07-02 06:45:00
2024-07-02,07:00:00 pm,0,103.181,26.238,2024-07-02 07:00:00
2024-07-02,07:15:00 pm,0,103.187,26.27,2024-07-02 07:15:00
2024-07-02,07:30:00 pm,0,103.206,26.303,2024-07-02 07:30:00
2024-07-02,07:45:00 pm,0,103.215,26.329,2024-07-02 07:45:00
2024-07-02,08:00:00 pm,0,103.214,26.355,2024-07-02 08:00:00
2024-07-02,08:15:00 pm,0,103.216,26.379,2024-07-02 08:15:00
2024-07-02,08:30:00 pm,0,103.212,26.397,2024-07-02 08:30:00
2024-07-02,08:45:00 pm,0,103.215,26.409,2024-07-02 08:45:00
2024-07-02,09:00:00 pm,0,103.232,26.417,2024-07-02 09:00:00
2024-07-02,09:15:00 pm,0,103.253,26.421,2024-07-02 09:15:00
2024-07-02,09:30:00 pm,0,103.26,26.417,2024-07-02 09:30:00
2024-07-02,09:45:00 pm,0,103.268,26.408,2024-07-02 09:45:00
2024-07-02,10:00:00 pm,0,103.272,26.402,2024-07-02 10:00:00
2024-07-02,10:15:00 pm,0,103.276,26.382,2024-07-02 10:15:00
2024-07-02,10:30:00 pm,0,103.274,26.365,2024-07-02 10:30:00
2024-07-02,10:45:00 pm,0,103.288,26.341,2024-07-02 10:45:00
2024-07-02,11:00:00 pm,0,103.284,26.314,2024-07-02 11:00:00
2024-07-02,11:15:00 pm,0,103.285,26.281,2024-07-02 11:15:00
2024-07-02,11:30:00 pm,0,103.277,26.237,2024-07-02 11:30:00
2024-07-02,11:45:00 pm,0,103.268,26.194,2024-07-02 11:45:00
2024-07-03,12:00:00 am,0,103.258,26.15,2024-07-03 12:00:00
2024-07-03,12:15:00 am,0,103.247,26.105,2024-07-03 12:15:00
2024-07-03,12:30:00 am,0,103.233,26.056,2024-07-03 12:30:00
2024-07-03,12:45:00 am,0,103.214,26.006,2024-07-03 12:45:00
2024-07-03,01:00:00 am,0,103.199,25.953,2024-07-03 01:00:00
2024-07-03,01:15:00 am,0,103.174,25.9,2024-07-03 01:15:00
2024-07-03,01:30:00 am,0,103.157,25.846,2024-07-03 01:30:00
2024-07-03,01:45:00 am,0,103.154,25.792,2024-07-03 01:45:00
2024-07-03,02:00:00 am,0,103.238,25.735,2024-07-03 02:00:00
2024-07-03,02:15:00 am,0,103.23,25.678,2024-07-03 02:15:00
2024-07-03,02:30:00 am,0,103.228,25.622,2024-07-03 02:30:00
2024-07-03,02:45:00 am,0,103.224,25.564,2024-07-03 02:45:00
2024-07-03,03:00:00 am,0,103.236,25.502,2024-07-03 03:00:00
2024-07-03,03:15:00 am,0,103.229,25.442,2024-07-03 03:15:00
2024-07-03,03:30:00 am,0,103.254,25.383,2024-07-03 03:30:00
2024-07-03,03:45:00 am,0,103.26,25.324,2024-07-03 03:45:00
2024-07-03,04:00:00 am,0,103.263,25.267,2024-07-03 04:00:00
2024-07-03,04:15:00 am,0,103.282,25.208,2024-07-03 04:15:00
2024-07-03,04:30:00 am,0,103.298,25.153,2024-07-03 04:30:00
2024-07-03,04:45:00 am,0,103.3,25.097,2024-07-03 04:45:00
2024-07-03,05:00:00 am,0,103.314,25.043,2024-07-03 05:00:00
2024-07-03,05:15:00 am,0,103.316,24.993,2024-07-03 05:15:00
2024-07-03,05:30:00 am,0,103.331,24.94,2024-07-03 05:30:00
2024-07-03,05:45:00 am,0,103.354,24.89,2024-07-03 05:45:00
2024-07-03,06:00:00 am,0,103.383,24.847,2024-07-03 06:00:00
2024-07-03,06:15:00 am,0,103.413,24.804,2024-07-03 06:15:00
2024-07-03,06:30:00 am,0,103.439,24.762,2024-07-03 06:30:00
2024-07-03,06:45:00 am,0,103.431,24.726,2024-07-03 06:45:00
2024-07-03,07:00:00 am,0,103.429,24.691,2024-07-03 07:00:00
2024-07-03,07:15:00 am,0,103.428,24.661,2024-07-03 07:15:00
2024-07-03,07:30:00 am,0,103.461,24.634,2024-07-03 07:30:00
2024-07-03,07:45:00 am,0,103.465,24.615,2024-07-03 07:45:00
2024-07-03,08:00:00 am,0,103.473,24.601,2024-07-03 08:00:00
2024-07-03,08:15:00 am,0,103.483,24.591,2024-07-03 08:15:00
2024-07-03,08:30:00 am,0,103.496,24.585,2024-07-03 08:30:00
2024-07-03,08:45:00 am,0,103.515,24.582,2024-07-03 08:45:00
2024-07-03,09:00:00 am,0,103.518,24.583,2024-07-03 09:00:00
2024-07-03,09:15:00 am,0,103.519,24.591,2024-07-03 09:15:00
2024-07-03,09:30:00 am,0,103.527,24.608,2024-07-03 09:30:00
2024-07-03,09:45:00 am,0,103.536,24.641,2024-07-03 09:45:00
2024-07-03,10:00:00 am,0,103.544,24.674,2024-07-03 10:00:00
2024-07-03,10:15:00 am,0,103.562,24.696,2024-07-03 10:15:00
2024-07-03,10:30:00 am,0,103.566,24.713,2024-07-03 10:30:00
2024-07-03,10:45:00 am,0,103.564,24.727,2024-07-03 10:45:00
2024-07-03,11:00:00 am,0,103.578,24.781,2024-07-03 11:00:00
2024-07-03,11:15:00 am,0,103.583,24.814,2024-07-03 11:15:00
2024-07-03,11:30:00 am,0,103.59,24.849,2024-07-03 11:30:00
2024-07-03,11:45:00 am,0,103.598,24.907,2024-07-03 11:45:00
2024-07-03,12:00:00 pm,0,103.614,24.982,2024-07-03 12:00:00
2024-07-03,12:15:00 pm,0,103.62,25.047,2024-07-03 12:15:00
2024-07-03,12:30:00 pm,0,103.636,25.111,2024-07-03 12:30:00
2024-07-03,12:45:00 pm,0,103.643,25.174,2024-07-03 12:45:00
2024-07-03,01:00:00 pm,0,103.641,25.202,2024-07-03 01:00:00
2024-07-03,01:15:00 pm,0,103.65,25.278,2024-07-03 01:15:00
2024-07-03,01:30:00 pm,0,103.644,25.391,2024-07-03 01:30:00
2024-07-03,01:45:00 pm,0,103.609,25.525,2024-07-03 01:45:00
2024-07-03,02:00:00 pm,0,103.569,25.659,2024-07-03 02:00:00
2024-07-03,02:15:00 pm,0,103.459,25.758,2024-07-03 02:15:00
2024-07-03,02:30:00 pm,0,103.444,25.853,2024-07-03 02:30:00
2024-07-03,02:45:00 pm,0,103.417,25.946,2024-07-03 02:45:00
2024-07-03,03:00:00 pm,0,103.398,26.019,2024-07-03 03:00:00
2024-07-03,03:15:00 pm,0,103.366,26.12,2024-07-03 03:15:00
2024-07-03,03:30:00 pm,0,103.353,26.219,2024-07-03 03:30:00
2024-07-03,03:45:00 pm,0,103.313,26.302,2024-07-03 03:45:00
2024-07-03,04:00:00 pm,0,103.262,26.369,2024-07-03 04:00:00
2024-07-03,04:15:00 pm,0,103.238,26.432,2024-07-03 04:15:00
2024-07-03,04:30:00 pm,0,103.246,26.49,2024-07-03 04:30:00
2024-07-03,04:45:00 pm,0,103.248,26.539,2024-07-03 04:45:00
2024-07-03,05:00:00 pm,0,103.257,26.588,2024-07-03 05:00:00
2024-07-03,05:15:00 pm,0,103.254,26.642,2024-07-03 05:15:00
2024-07-03,05:30:00 pm,0,103.25,26.693,2024-07-03 05:30:00
2024-07-03,05:45:00 pm,0,103.231,26.747,2024-07-03 05:45:00
2024-07-03,06:00:00 pm,0,103.229,26.799,2024-07-03 06:00:00
2024-07-03,06:15:00 pm,0,103.227,26.843,2024-07-03 06:15:00
2024-07-03,06:30:00 pm,0,103.23,26.88,2024-07-03 06:30:00
2024-07-03,06:45:00 pm,0,103.236,26.913,2024-07-03 06:45:00
2024-07-03,07:00:00 pm,0,103.226,26.938,2024-07-03 07:00:00
2024-07-03,07:15:00 pm,0,103.225,26.961,2024-07-03 07:15:00
2024-07-03,07:30:00 pm,0,103.22,26.983,2024-07-03 07:30:00
2024-07-03,07:45:00 pm,0,103.202,26.999,2024-07-03 07:45:00
2024-07-03,08:00:00 pm,0,103.208,27.013,2024-07-03 08:00:00
2024-07-03,08:15:00 pm,0,103.24,27.021,2024-07-03 08:15:00
2024-07-03,08:30:00 pm,0,103.249,27.029,2024-07-03 08:30:00
2024-07-03,08:45:00 pm,0,103.25,27.029,2024-07-03 08:45:00
2024-07-03,09:00:00 pm,0,103.252,27.024,2024-07-03 09:00:00
2024-07-03,09:15:00 pm,0,103.256,27.009,2024-07-03 09:15:00
2024-07-03,09:30:00 pm,0,103.268,26.991,2024-07-03 09:30:00
2024-07-03,09:45:00 pm,0,103.286,26.963,2024-07-03 09:45:00
2024-07-03,10:00:00 pm,0,103.304,26.933,2024-07-03 10:00:00
2024-07-03,10:15:00 pm,0,103.322,26.896,2024-07-03 10:15:00
2024-07-03,10:30:00 pm,0,103.324,26.853,2024-07-03 10:30:00
2024-07-03,10:45:00 pm,0,103.33,26.812,2024-07-03 10:45:00
2024-07-03,11:00:00 pm,0,103.312,26.767,2024-07-03 11:00:00
2024-07-03,11:15:00 pm,0,103.302,26.715,2024-07-03 11:15:00
2024-07-03,11:30:00 pm,0,103.276,26.654,2024-07-03 11:30:00
2024-07-03,11:45:00 pm,0,103.246,26.591,2024-07-03 11:45:00
2024-07-04,12:00:00 am,0,103.212,26.527,2024-07-04 12:00:00
2024-07-04,12:15:00 am,0,103.2,26.46,2024-07-04 12:15:00
2024-07-04,12:30:00 am,0,103.196,26.396,2024-07-04 12:30:00
2024-07-04,12:45:00 am,0,103.174,26.328,2024-07-04 12:45:00
2024-07-04,01:00:00 am,0,103.149,26.261,2024-07-04 01:00:00
2024-07-04,01:15:00 am,0,103.125,26.196,2024-07-04 01:15:00
2024-07-04,01:30:00 am,0,103.1,26.126,2024-07-04 01:30:00
2024-07-04,01:45:00 am,0,103.073,26.058,2024-07-04 01:45:00
2024-07-04,02:00:00 am,0,103.053,25.986,2024-07-04 02:00:00
2024-07-04,02:15:00 am,0,103.108,25.917,2024-07-04 02:15:00
2024-07-04,02:30:00 am,0,103.084,25.85,2024-07-04 02:30:00
2024-07-04,02:45:00 am,0,103.066,25.779,2024-07-04 02:45:00
2024-07-04,03:00:00 am,0,103.062,25.708,2024-07-04 03:00:00
2024-07-04,03:15:00 am,0,103.073,25.636,2024-07-04 03:15:00
2024-07-04,03:30:00 am,0,103.058,25.567,2024-07-04 03:30:00
2024-07-04,03:45:00 am,0,103.071,25.502,2024-07-04 03:45:00
2024-07-04,04:00:00 am,0,103.067,25.435,2024-07-04 04:00:00
2024-07-04,04:15:00 am,0,103.052,25.37,2024-07-04 04:15:00
2024-07-04,04:30:00 am,0,103.049,25.308,2024-07-04 04:30:00
2024-07-04,04:45:00 am,0,103.05,25.243,2024-07-04 04:45:00
2024-07-04,05:00:00 am,0,103.054,25.181,2024-07-04 05:00:00
2024-07-04,05:15:00 am,0,103.057,25.126,2024-07-04 05:15:00
2024-07-04,05:30:00 am,0,103.056,25.071,2024-07-04 05:30:00
2024-07-04,05:45:00 am,0,103.059,25.014,2024-07-04 05:45:00
2024-07-04,06:00:00 am,0,103.076,24.958,2024-07-04 06:00:00
2024-07-04,06:15:00 am,0,103.13,24.902,2024-07-04 06:15:00
2024-07-04,06:30:00 am,0,103.123,24.852,2024-07-04 06:30:00
2024-07-04,06:45:00 am,0,103.127,24.804,2024-07-04 06:45:00
2024-07-04,07:00:00 am,0,103.136,24.758,2024-07-04 07:00:00
2024-07-04,07:15:00 am,0,103.211,24.717,2024-07-04 07:15:00
2024-07-04,07:30:00 am,0,103.211,24.688,2024-07-04 07:30:00
2024-07-04,07:45:00 am,0,103.22,24.665,2024-07-04 07:45:00
2024-07-04,08:00:00 am,0,103.217,24.65,2024-07-04 08:00:00
2024-07-04,08:15:00 am,0,103.217,24.64,2024-07-04 08:15:00
2024-07-04,08:30:00 am,0,103.229,24.636,2024-07-04 08:30:00
2024-07-04,08:45:00 am,0,103.247,24.632,2024-07-04 08:45:00
2024-07-04,09:00:00 am,0,103.255,24.636,2024-07-04 09:00:00
2024-07-04,09:15:00 am,0,103.268,24.637,2024-07-04 09:15:00
2024-07-04,09:30:00 am,0,103.275,24.653,2024-07-04 09:30:00
2024-07-04,09:45:00 am,0,103.278,24.661,2024-07-04 09:45:00
2024-07-04,10:00:00 am,0,103.286,24.687,2024-07-04 10:00:00
2024-07-04,10:15:00 am,0,103.289,24.717,2024-07-04 10:15:00
2024-07-04,10:30:00 am,0,103.293,24.755,2024-07-04 10:30:00
2024-07-04,10:45:00 am,0,103.296,24.781,2024-07-04 10:45:00
2024-07-04,11:00:00 am,0,103.299,24.801,2024-07-04 11:00:00
2024-07-04,11:15:00 am,0,103.296,24.834,2024-07-04 11:15:00
2024-07-04,11:30:00 am,0,103.301,24.892,2024-07-04 11:30:00
2024-07-04,11:45:00 am,0,103.306,24.95,2024-07-04 11:45:00
2024-07-04,12:00:00 pm,0,103.319,25.032,2024-07-04 12:00:00
2024-07-04,12:15:00 pm,0,103.325,25.088,2024-07-04 12:15:00
2024-07-04,12:30:00 pm,0,103.33,25.16,2024-07-04 12:30:00
2024-07-04,12:45:00 pm,0,103.309,25.249,2024-07-04 12:45:00
2024-07-04,01:00:00 pm,0,103.294,25.351,2024-07-04 01:00:00
2024-07-04,01:15:00 pm,0,103.267,25.471,2024-07-04 01:15:00
2024-07-04,01:30:00 pm,0,103.215,25.545,2024-07-04 01:30:00
2024-07-04,01:45:00 pm,0,103.175,25.635,2024-07-04 01:45:00
2024-07-04,02:00:00 pm,0,103.164,25.746,2024-07-04 02:00:00
2024-07-04,02:15:00 pm,0,103.14,25.831,2024-07-04 02:15:00
2024-07-04,02:30:00 pm,0,103.137,25.939,2024-07-04 02:30:00
2024-07-04,02:45:00 pm,0,103.042,26.049,2024-07-04 02:45:00
2024-07-04,03:00:00 pm,0,103.038,26.131,2024-07-04 03:00:00
2024-07-04,03:15:00 pm,0,103.017,26.217,2024-07-04 03:15:00
2024-07-04,03:30:00 pm,0,103.028,26.31,2024-07-04 03:30:00
2024-07-04,03:45:00 pm,0,103.017,26.397,2024-07-04 03:45:00
2024-07-04,04:00:00 pm,0,103.005,26.479,2024-07-04 04:00:00
2024-07-04,04:15:00 pm,0,103.002,26.517,2024-07-04 04:15:00
2024-07-04,04:30:00 pm,0,102.982,26.554,2024-07-04 04:30:00
2024-07-04,04:45:00 pm,0,102.993,26.595,2024-07-04 04:45:00
2024-07-04,05:00:00 pm,0,102.869,26.659,2024-07-04 05:00:00
2024-07-04,05:15:00 pm,0,102.871,26.724,2024-07-04 05:15:00
2024-07-04,05:30:00 pm,0,102.894,26.777,2024-07-04 05:30:00
2024-07-04,05:45:00 pm,0,102.899,26.831,2024-07-04 05:45:00
2024-07-04,06:00:00 pm,0,102.913,26.878,2024-07-04 06:00:00
2024-07-04,06:15:00 pm,0,102.937,26.919,2024-07-04 06:15:00
2024-07-04,06:30:00 pm,0,102.933,26.957,2024-07-04 06:30:00
2024-07-04,06:45:00 pm,0,102.921,26.996,2024-07-04 06:45:00
2024-07-04,07:00:00 pm,0,102.919,27.032,2024-07-04 07:00:00
2024-07-04,07:15:00 pm,0,102.936,27.059,2024-07-04 07:15:00
2024-07-04,07:30:00 pm,0,102.925,27.082,2024-07-04 07:30:00
2024-07-04,07:45:00 pm,0,102.918,27.095,2024-07-04 07:45:00
2024-07-04,08:00:00 pm,0,102.926,27.108,2024-07-04 08:00:00
2024-07-04,08:15:00 pm,0,102.944,27.117,2024-07-04 08:15:00
2024-07-04,08:30:00 pm,0,102.946,27.119,2024-07-04 08:30:00
2024-07-04,08:45:00 pm,0,102.944,27.117,2024-07-04 08:45:00
2024-07-04,09:00:00 pm,0,102.942,27.112,2024-07-04 09:00:00
2024-07-04,09:15:00 pm,0,102.951,27.104,2024-07-04 09:15:00
2024-07-04,09:30:00 pm,0,102.967,27.09,2024-07-04 09:30:00
2024-07-04,09:45:00 pm,0,102.964,27.07,2024-07-04 09:45:00
2024-07-04,10:00:00 pm,0,102.965,27.051,2024-07-04 10:00:00
2024-07-04,10:15:00 pm,0,102.964,27.026,2024-07-04 10:15:00
2024-07-04,10:30:00 pm,0,102.963,26.992,2024-07-04 10:30:00
2024-07-04,10:45:00 pm,0,102.955,26.957,2024-07-04 10:45:00
2024-07-04,11:00:00 pm,0,102.942,26.914,2024-07-04 11:00:00
2024-07-04,11:15:00 pm,0,102.935,26.867,2024-07-04 11:15:00
2024-07-04,11:30:00 pm,0,102.914,26.818,2024-07-04 11:30:00
2024-07-04,11:45:00 pm,0,102.889,26.766,2024-07-04 11:45:00
2024-07-05,12:00:00 am,0,102.863,26.708,2024-07-05 12:00:00
2024-07-05,12:15:00 am,0,102.832,26.651,2024-07-05 12:15:00
2024-07-05,12:30:00 am,0,102.802,26.591,2024-07-05 12:30:00
2024-07-05,12:45:00 am,0,102.776,26.531,2024-07-05 12:45:00
2024-07-05,01:00:00 am,0,102.758,26.474,2024-07-05 01:00:00
2024-07-05,01:15:00 am,0,102.747,26.42,2024-07-05 01:15:00
2024-07-05,01:30:00 am,0,102.727,26.359,2024-07-05 01:30:00
2024-07-05,01:45:00 am,0,102.712,26.303,2024-07-05 01:45:00
2024-07-05,02:00:00 am,0,102.692,26.243,2024-07-05 02:00:00
2024-07-05,02:15:00 am,0,102.671,26.181,2024-07-05 02:15:00
2024-07-05,02:30:00 am,0,102.649,26.121,2024-07-05 02:30:00
2024-07-05,02:45:00 am,0,102.719,26.058,2024-07-05 02:45:00
2024-07-05,03:00:00 am,0,102.714,25.997,2024-07-05 03:00:00
2024-07-05,03:15:00 am,0,102.733,25.934,2024-07-05 03:15:00
2024-07-05,03:30:00 am,0,102.735,25.871,2024-07-05 03:30:00
2024-07-05,03:45:00 am,0,102.736,25.812,2024-07-05 03:45:00
2024-07-05,04:00:00 am,0,102.731,25.751,2024-07-05 04:00:00
2024-07-05,04:15:00 am,0,102.717,25.689,2024-07-05 04:15:00
2024-07-05,04:30:00 am,0,102.712,25.63,2024-07-05 04:30:00
2024-07-05,04:45:00 am,0,102.711,25.571,2024-07-05 04:45:00
2024-07-05,05:00:00 am,0,102.708,25.508,2024-07-05 05:00:00
2024-07-05,05:15:00 am,0,102.732,25.455,2024-07-05 05:15:00
2024-07-05,05:30:00 am,0,102.747,25.404,2024-07-05 05:30:00
2024-07-05,05:45:00 am,0,102.783,25.356,2024-07-05 05:45:00
2024-07-05,06:00:00 am,0,102.781,25.308,2024-07-05 06:00:00
2024-07-05,06:15:00 am,0,102.79,25.26,2024-07-05 06:15:00
2024-07-05,06:30:00 am,0,102.83,25.21,2024-07-05 06:30:00
2024-07-05,06:45:00 am,0,102.847,25.161,2024-07-05 06:45:00
2024-07-05,07:00:00 am,0,102.862,25.116,2024-07-05 07:00:00
2024-07-05,07:15:00 am,0,102.863,25.078,2024-07-05 07:15:00
2024-07-05,07:30:00 am,0,102.894,25.044,2024-07-05 07:30:00
2024-07-05,07:45:00 am,0,102.917,25.018,2024-07-05 07:45:00
2024-07-05,08:00:00 am,0,102.909,24.997,2024-07-05 08:00:00
2024-07-05,08:15:00 am,0,102.898,24.98,2024-07-05 08:15:00
2024-07-05,08:30:00 am,0,102.899,24.967,2024-07-05 08:30:00
2024-07-05,08:45:00 am,0,102.898,24.958,2024-07-05 08:45:00
2024-07-05,09:00:00 am,0,102.895,24.954,2024-07-05 09:00:00
2024-07-05,09:15:00 am,0,102.895,24.956,2024-07-05 09:15:00
2024-07-05,09:30:00 am,0,102.9,24.958,2024-07-05 09:30:00
2024-07-05,09:45:00 am,0,102.894,24.952,2024-07-05 09:45:00
2024-07-05,10:00:00 am,0,102.902,24.947,2024-07-05 10:00:00
2024-07-05,10:15:00 am,0,102.896,24.945,2024-07-05 10:15:00
2024-07-05,10:30:00 am,0,102.888,24.944,2024-07-05 10:30:00
2024-07-05,10:45:00 am,0,102.895,24.947,2024-07-05 10:45:00
2024-07-05,11:00:00 am,0,102.904,24.963,2024-07-05 11:00:00
2024-07-05,11:15:00 am,0,102.891,24.991,2024-07-05 11:15:00
2024-07-05,11:30:00 am,0,102.904,25.024,2024-07-05 11:30:00
2024-07-05,11:45:00 am,0,102.896,25.069,2024-07-05 11:45:00
2024-07-05,12:00:00 pm,0,102.898,25.113,2024-07-05 12:00:00
2024-07-05,12:15:00 pm,0,102.895,25.17,2024-07-05 12:15:00
2024-07-05,12:30:00 pm,0,102.916,25.241,2024-07-05 12:30:00
2024-07-05,12:45:00 pm,0,102.928,25.325,2024-07-05 12:45:00
2024-07-05,01:00:00 pm,0,102.96,25.414,2024-07-05 01:00:00
2024-07-05,01:15:00 pm,0,102.953,25.502,2024-07-05 01:15:00
2024-07-05,01:30:00 pm,0,102.936,25.606,2024-07-05 01:30:00
2024-07-05,01:45:00 pm,0,102.916,25.73,2024-07-05 01:45:00
2024-07-05,02:00:00 pm,0,102.887,25.834,2024-07-05 02:00:00
2024-07-05,02:15:00 pm,0,102.778,25.935,2024-07-05 02:15:00
2024-07-05,02:30:00 pm,0,102.812,26.018,2024-07-05 02:30:00
2024-07-05,02:45:00 pm,0,102.806,26.071,2024-07-05 02:45:00
2024-07-05,03:00:00 pm,0,102.787,26.092,2024-07-05 03:00:00
2024-07-05,03:15:00 pm,0,102.815,26.096,2024-07-05 03:15:00
2024-07-05,03:30:00 pm,0,102.803,26.117,2024-07-05 03:30:00
2024-07-05,03:45:00 pm,0,102.786,26.156,2024-07-05 03:45:00
2024-07-05,04:00:00 pm,0,102.772,26.203,2024-07-05 04:00:00
2024-07-05,04:15:00 pm,0,102.801,26.256,2024-07-05 04:15:00
2024-07-05,04:30:00 pm,0,102.775,26.305,2024-07-05 04:30:00
2024-07-05,04:45:00 pm,0,102.784,26.346,2024-07-05 04:45:00
2024-07-05,05:00:00 pm,0,102.807,26.374,2024-07-05 05:00:00
2024-07-05,05:15:00 pm,0,102.824,26.406,2024-07-05 05:15:00
2024-07-05,05:30:00 pm,0,102.777,26.439,2024-07-05 05:30:00
2024-07-05,05:45:00 pm,0,102.779,26.471,2024-07-05 05:45:00
2024-07-05,06:00:00 pm,0,102.776,26.502,2024-07-05 06:00:00
2024-07-05,06:15:00 pm,0,102.751,26.528,2024-07-05 06:15:00
2024-07-05,06:30:00 pm,0,102.749,26.542,2024-07-05 06:30:00
2024-07-05,06:45:00 pm,0,102.762,26.554,2024-07-05 06:45:00
2024-07-05,07:00:00 pm,0,102.833,26.558,2024-07-05 07:00:00
2024-07-05,07:15:00 pm,0,102.917,26.558,2024-07-05 07:15:00
2024-07-05,07:30:00 pm,0,102.956,26.555,2024-07-05 07:30:00
2024-07-05,07:45:00 pm,0,102.97,26.542,2024-07-05 07:45:00
2024-07-05,08:00:00 pm,0,102.952,26.522,2024-07-05 08:00:00
2024-07-05,08:15:00 pm,0,102.958,26.498,2024-07-05 08:15:00
2024-07-05,08:30:00 pm,0,102.968,26.473,2024-07-05 08:30:00
2024-07-05,08:45:00 pm,0,102.956,26.435,2024-07-05 08:45:00
2024-07-05,09:00:00 pm,0,102.953,26.39,2024-07-05 09:00:00
2024-07-05,09:15:00 pm,0,102.964,26.345,2024-07-05 09:15:00
2024-07-05,09:30:00 pm,0,102.95,26.299,2024-07-05 09:30:00
2024-07-05,09:45:00 pm,0,102.916,26.255,2024-07-05 09:45:00
2024-07-05,10:00:00 pm,0,102.903,26.212,2024-07-05 10:00:00
2024-07-05,10:15:00 pm,0,102.889,26.168,2024-07-05 10:15:00
2024-07-05,10:30:00 pm,0,102.88,26.12,2024-07-05 10:30:00
2024-07-05,10:45:00 pm,0,102.853,26.066,2024-07-05 10:45:00
2024-07-05,11:00:00 pm,0,102.815,26.014,2024-07-05 11:00:00
2024-07-05,11:15:00 pm,0,102.8,25.959,2024-07-05 11:15:00
2024-07-05,11:30:00 pm,0,102.775,25.904,2024-07-05 11:30:00
2024-07-05,11:45:00 pm,0,102.756,25.849,2024-07-05 11:45:00
2024-07-06,12:00:00 am,0,102.797,25.792,2024-07-06 12:00:00
2024-07-06,12:15:00 am,0,102.782,25.733,2024-07-06 12:15:00
2024-07-06,12:30:00 am,0,102.759,25.673,2024-07-06 12:30:00
2024-07-06,12:45:00 am,0,102.778,25.62,2024-07-06 12:45:00
2024-07-06,01:00:00 am,0,102.79,25.564,2024-07-06 01:00:00
2024-07-06,01:15:00 am,0,102.813,25.511,2024-07-06 01:15:00
2024-07-06,01:30:00 am,0,102.847,25.459,2024-07-06 01:30:00
2024-07-06,01:45:00 am,0,102.867,25.407,2024-07-06 01:45:00
2024-07-06,02:00:00 am,0,102.869,25.356,2024-07-06 02:00:00
2024-07-06,02:15:00 am,0,102.866,25.309,2024-07-06 02:15:00
2024-07-06,02:30:00 am,0,102.854,25.269,2024-07-06 02:30:00
2024-07-06,02:45:00 am,0,102.842,25.226,2024-07-06 02:45:00
2024-07-06,03:00:00 am,0,102.82,25.186,2024-07-06 03:00:00
2024-07-06,03:15:00 am,0,102.806,25.143,2024-07-06 03:15:00
2024-07-06,03:30:00 am,0,102.785,25.096,2024-07-06 03:30:00
2024-07-06,03:45:00 am,0,102.781,25.052,2024-07-06 03:45:00
2024-07-06,04:00:00 am,0,102.822,25.008,2024-07-06 04:00:00
2024-07-06,04:15:00 am,0,102.819,24.968,2024-07-06 04:15:00
2024-07-06,04:30:00 am,0,102.815,24.93,2024-07-06 04:30:00
2024-07-06,04:45:00 am,0,102.806,24.892,2024-07-06 04:45:00
2024-07-06,05:00:00 am,0,102.807,24.858,2024-07-06 05:00:00
2024-07-06,05:15:00 am,0,102.812,24.822,2024-07-06 05:15:00
2024-07-06,05:30:00 am,0,102.819,24.787,2024-07-06 05:30:00
2024-07-06,05:45:00 am,0,102.84,24.755,2024-07-06 05:45:00
2024-07-06,06:00:00 am,0,102.846,24.722,2024-07-06 06:00:00
2024-07-06,06:15:00 am,0,102.879,24.692,2024-07-06 06:15:00
2024-07-06,06:30:00 am,0,102.883,24.663,2024-07-06 06:30:00
2024-07-06,06:45:00 am,0,102.863,24.638,2024-07-06 06:45:00
2024-07-06,07:00:00 am,0,102.855,24.612,2024-07-06 07:00:00
2024-07-06,07:15:00 am,0,102.876,24.588,2024-07-06 07:15:00
2024-07-06,07:30:00 am,0,102.878,24.571,2024-07-06 07:30:00
2024-07-06,07:45:00 am,0,102.89,24.556,2024-07-06 07:45:00
2024-07-06,08:00:00 am,0,102.909,24.543,2024-07-06 08:00:00
2024-07-06,08:15:00 am,0,102.941,24.538,2024-07-06 08:15:00
2024-07-06,08:30:00 am,0,102.944,24.538,2024-07-06 08:30:00
2024-07-06,08:45:00 am,0,102.952,24.542,2024-07-06 08:45:00
2024-07-06,09:00:00 am,0,102.957,24.55,2024-07-06 09:00:00
2024-07-06,09:15:00 am,0,102.953,24.56,2024-07-06 09:15:00
2024-07-06,09:30:00 am,0,102.956,24.58,2024-07-06 09:30:00
2024-07-06,09:45:00 am,0,102.973,24.625,2024-07-06 09:45:00
2024-07-06,10:00:00 am,0,102.994,24.656,2024-07-06 10:00:00
2024-07-06,10:15:00 am,0,103.009,24.687,2024-07-06 10:15:00
2024-07-06,10:30:00 am,0,103.024,24.72,2024-07-06 10:30:00
2024-07-06,10:45:00 am,0,103.037,24.742,2024-07-06 10:45:00
2024-07-06,11:00:00 am,0,103.051,24.767,2024-07-06 11:00:00
2024-07-06,11:15:00 am,0,103.055,24.798,2024-07-06 11:15:00
2024-07-06,11:30:00 am,0,103.062,24.859,2024-07-06 11:30:00
2024-07-06,11:45:00 am,0,103.057,24.9,2024-07-06 11:45:00
2024-07-06,12:00:00 pm,0,103.059,24.963,2024-07-06 12:00:00
2024-07-06,12:15:00 pm,0,103.091,25.068,2024-07-06 12:15:00
2024-07-06,12:30:00 pm,0,103.106,25.144,2024-07-06 12:30:00
2024-07-06,12:45:00 pm,0,103.112,25.168,2024-07-06 12:45:00
2024-07-06,01:00:00 pm,0,103.106,25.193,2024-07-06 01:00:00
2024-07-06,01:15:00 pm,0,103.107,25.228,2024-07-06 01:15:00
2024-07-06,01:30:00 pm,0,103.124,25.267,2024-07-06 01:30:00
2024-07-06,01:45:00 pm,0,103.253,25.323,2024-07-06 01:45:00
2024-07-06,02:00:00 pm,0,103.495,25.363,2024-07-06 02:00:00
2024-07-06,02:15:00 pm,0,103.538,25.361,2024-07-06 02:15:00
2024-07-06,02:30:00 pm,0,103.54,25.349,2024-07-06 02:30:00
2024-07-06,02:45:00 pm,0,103.554,25.358,2024-07-06 02:45:00
2024-07-06,03:00:00 pm,0,103.688,25.39,2024-07-06 03:00:00
2024-07-06,03:15:00 pm,0,103.75,25.434,2024-07-06 03:15:00
2024-07-06,03:30:00 pm,0,103.756,25.469,2024-07-06 03:30:00
2024-07-06,03:45:00 pm,0,103.757,25.487,2024-07-06 03:45:00
2024-07-06,04:00:00 pm,0,103.743,25.488,2024-07-06 04:00:00
2024-07-06,04:15:00 pm,0,103.752,25.476,2024-07-06 04:15:00
2024-07-06,04:30:00 pm,0,103.828,25.464,2024-07-06 04:30:00
2024-07-06,04:45:00 pm,0,103.904,25.458,2024-07-06 04:45:00
2024-07-06,05:00:00 pm,0,103.965,25.451,2024-07-06 05:00:00
2024-07-06,05:15:00 pm,0,104.038,25.425,2024-07-06 05:15:00
2024-07-06,05:30:00 pm,0,104.215,25.366,2024-07-06 05:30:00
2024-07-06,05:45:00 pm,0,104.382,25.3,2024-07-06 05:45:00
2024-07-06,06:00:00 pm,0,104.476,25.288,2024-07-06 06:00:00
2024-07-06,06:15:00 pm,0,104.487,25.295,2024-07-06 06:15:00
2024-07-06,06:30:00 pm,0,104.472,25.298,2024-07-06 06:30:00
2024-07-06,06:45:00 pm,0,104.449,25.289,2024-07-06 06:45:00
2024-07-06,07:00:00 pm,0,104.409,25.253,2024-07-06 07:00:00
2024-07-06,07:15:00 pm,0,104.373,25.207,2024-07-06 07:15:00
2024-07-06,07:30:00 pm,0,104.315,25.145,2024-07-06 07:30:00
2024-07-06,07:45:00 pm,0,104.272,25.081,2024-07-06 07:45:00
2024-07-06,08:00:00 pm,0,104.227,25.015,2024-07-06 08:00:00
2024-07-06,08:15:00 pm,0,104.19,24.952,2024-07-06 08:15:00
2024-07-06,08:30:00 pm,0,104.154,24.891,2024-07-06 08:30:00
2024-07-06,08:45:00 pm,0,104.117,24.836,2024-07-06 08:45:00
2024-07-06,09:00:00 pm,0,104.09,24.786,2024-07-06 09:00:00
2024-07-06,09:15:00 pm,0,104.062,24.736,2024-07-06 09:15:00
2024-07-06,09:30:00 pm,0,104.045,24.691,2024-07-06 09:30:00
2024-07-06,09:45:00 pm,0,104.015,24.647,2024-07-06 09:45:00
2024-07-06,10:00:00 pm,0,103.984,24.609,2024-07-06 10:00:00
2024-07-06,10:15:00 pm,0,103.968,24.568,2024-07-06 10:15:00
2024-07-06,10:30:00 pm,0,103.948,24.53,2024-07-06 10:30:00
2024-07-06,10:45:00 pm,0,103.923,24.494,2024-07-06 10:45:00
2024-07-06,11:00:00 pm,0,103.897,24.456,2024-07-06 11:00:00
2024-07-06,11:15:00 pm,0,103.861,24.42,2024-07-06 11:15:00
2024-07-06,11:30:00 pm,0,103.845,24.388,2024-07-06 11:30:00
2024-07-06,11:45:00 pm,0,103.833,24.354,2024-07-06 11:45:00
2024-07-07,12:00:00 am,0,103.801,24.324,2024-07-07 12:00:00
2024-07-07,12:15:00 am,0,103.792,24.291,2024-07-07 12:15:00
2024-07-07,12:30:00 am,0,103.773,24.262,2024-07-07 12:30:00
2024-07-07,12:45:00 am,0,103.742,24.233,2024-07-07 12:45:00
2024-07-07,01:00:00 am,0,103.725,24.205,2024-07-07 01:00:00
2024-07-07,01:15:00 am,0,103.709,24.177,2024-07-07 01:15:00
2024-07-07,01:30:00 am,0,103.687,24.149,2024-07-07 01:30:00
2024-07-07,01:45:00 am,0,103.667,24.12,2024-07-07 01:45:00
2024-07-07,02:00:00 am,0,103.638,24.093,2024-07-07 02:00:00
2024-07-07,02:15:00 am,0,103.627,24.067,2024-07-07 02:15:00
2024-07-07,02:30:00 am,0,103.614,24.039,2024-07-07 02:30:00
2024-07-07,02:45:00 am,0,103.597,24.014,2024-07-07 02:45:00
2024-07-07,03:00:00 am,0,103.574,23.987,2024-07-07 03:00:00
2024-07-07,03:15:00 am,0,103.557,23.959,2024-07-07 03:15:00
2024-07-07,03:30:00 am,0,103.544,23.934,2024-07-07 03:30:00
2024-07-07,03:45:00 am,0,103.532,23.907,2024-07-07 03:45:00
2024-07-07,04:00:00 am,0,103.517,23.882,2024-07-07 04:00:00
2024-07-07,04:15:00 am,0,103.501,23.854,2024-07-07 04:15:00
2024-07-07,04:30:00 am,0,103.488,23.825,2024-07-07 04:30:00
2024-07-07,04:45:00 am,0,103.476,23.796,2024-07-07 04:45:00
2024-07-07,05:00:00 am,0,103.474,23.771,2024-07-07 05:00:00
2024-07-07,05:15:00 am,0,103.472,23.741,2024-07-07 05:15:00
2024-07-07,05:30:00 am,0,103.518,23.712,2024-07-07 05:30:00
2024-07-07,05:45:00 am,0,103.524,23.68,2024-07-07 05:45:00
2024-07-07,06:00:00 am,0,103.536,23.654,2024-07-07 06:00:00
2024-07-07,06:15:00 am,0,103.53,23.627,2024-07-07 06:15:00
2024-07-07,06:30:00 am,0,103.515,23.601,2024-07-07 06:30:00
2024-07-07,06:45:00 am,0,103.504,23.574,2024-07-07 06:45:00
2024-07-07,07:00:00 am,0,103.5,23.55,2024-07-07 07:00:00
2024-07-07,07:15:00 am,0,103.493,23.531,2024-07-07 07:15:00
2024-07-07,07:30:00 am,0,103.493,23.516,2024-07-07 07:30:00
2024-07-07,07:45:00 am,0,103.484,23.5,2024-07-07 07:45:00
2024-07-07,08:00:00 am,0,103.474,23.489,2024-07-07 08:00:00
2024-07-07,08:15:00 am,0,103.473,23.48,2024-07-07 08:15:00
2024-07-07,08:30:00 am,0,103.473,23.477,2024-07-07 08:30:00
2024-07-07,08:45:00 am,0,103.469,23.481,2024-07-07 08:45:00
2024-07-07,09:00:00 am,0,103.462,23.49,2024-07-07 09:00:00
2024-07-07,09:15:00 am,0,103.464,23.504,2024-07-07 09:15:00
2024-07-07,09:30:00 am,0,103.454,23.526,2024-07-07 09:30:00
2024-07-07,09:45:00 am,0,103.462,23.558,2024-07-07 09:45:00
2024-07-07,10:00:00 am,0,103.474,23.588,2024-07-07 10:00:00
2024-07-07,10:15:00 am,0,103.471,23.619,2024-07-07 10:15:00
2024-07-07,10:30:00 am,0,103.483,23.669,2024-07-07 10:30:00
2024-07-07,10:45:00 am,0,103.496,23.731,2024-07-07 10:45:00
2024-07-07,11:00:00 am,0,103.505,23.798,2024-07-07 11:00:00
2024-07-07,11:15:00 am,0,103.523,23.863,2024-07-07 11:15:00
2024-07-07,11:30:00 am,0,103.549,23.948,2024-07-07 11:30:00
2024-07-07,11:45:00 am,0,103.572,24.032,2024-07-07 11:45:00
2024-07-07,12:00:00 pm,0,103.592,24.119,2024-07-07 12:00:00
2024-07-07,12:15:00 pm,0,103.606,24.192,2024-07-07 12:15:00
2024-07-07,12:30:00 pm,0,103.62,24.274,2024-07-07 12:30:00
2024-07-07,12:45:00 pm,0,103.624,24.362,2024-07-07 12:45:00
2024-07-07,01:00:00 pm,0,103.618,24.492,2024-07-07 01:00:00
2024-07-07,01:15:00 pm,0,103.602,24.577,2024-07-07 01:15:00
2024-07-07,01:30:00 pm,0,103.584,24.659,2024-07-07 01:30:00
2024-07-07,01:45:00 pm,0,103.564,24.721,2024-07-07 01:45:00
2024-07-07,02:00:00 pm,0,103.547,24.787,2024-07-07 02:00:00
2024-07-07,02:15:00 pm,0,103.467,24.878,2024-07-07 02:15:00
2024-07-07,02:30:00 pm,0,103.468,25,2024-07-07 02:30:00
2024-07-07,02:45:00 pm,0,103.458,25.106,2024-07-07 02:45:00
2024-07-07,03:00:00 pm,0,103.437,25.177,2024-07-07 03:00:00
2024-07-07,03:15:00 pm,0,103.422,25.239,2024-07-07 03:15:00
2024-07-07,03:30:00 pm,0,103.403,25.302,2024-07-07 03:30:00
2024-07-07,03:45:00 pm,0,103.386,25.377,2024-07-07 03:45:00
2024-07-07,04:00:00 pm,0,103.358,25.462,2024-07-07 04:00:00
2024-07-07,04:15:00 pm,0,103.344,25.555,2024-07-07 04:15:00
2024-07-07,04:30:00 pm,0,103.325,25.627,2024-07-07 04:30:00
2024-07-07,04:45:00 pm,0,103.313,25.69,2024-07-07 04:45:00
2024-07-07,05:00:00 pm,0,103.307,25.746,2024-07-07 05:00:00
2024-07-07,05:15:00 pm,0,103.304,25.792,2024-07-07 05:15:00
2024-07-07,05:30:00 pm,0,103.297,25.841,2024-07-07 05:30:00
2024-07-07,05:45:00 pm,0,103.278,25.884,2024-07-07 05:45:00
2024-07-07,06:00:00 pm,0,103.276,25.923,2024-07-07 06:00:00
2024-07-07,06:15:00 pm,0,103.282,25.954,2024-07-07 06:15:00
2024-07-07,06:30:00 pm,0,103.281,25.983,2024-07-07 06:30:00
2024-07-07,06:45:00 pm,0,103.272,26.012,2024-07-07 06:45:00
2024-07-07,07:00:00 pm,0,103.276,26.033,2024-07-07 07:00:00
2024-07-07,07:15:00 pm,0,103.278,26.049,2024-07-07 07:15:00
2024-07-07,07:30:00 pm,0,103.292,26.064,2024-07-07 07:30:00
2024-07-07,07:45:00 pm,0,103.296,26.076,2024-07-07 07:45:00
2024-07-07,08:00:00 pm,0,103.326,26.081,2024-07-07 08:00:00
2024-07-07,08:15:00 pm,0,103.315,26.086,2024-07-07 08:15:00
2024-07-07,08:30:00 pm,0,103.32,26.085,2024-07-07 08:30:00
2024-07-07,08:45:00 pm,0,103.325,26.084,2024-07-07 08:45:00
2024-07-07,09:00:00 pm,0,103.322,26.073,2024-07-07 09:00:00
2024-07-07,09:15:00 pm,0,103.317,26.062,2024-07-07 09:15:00
2024-07-07,09:30:00 pm,0,103.322,26.046,2024-07-07 09:30:00
2024-07-07,09:45:00 pm,0,103.323,26.028,2024-07-07 09:45:00
2024-07-07,10:00:00 pm,0,103.322,26.007,2024-07-07 10:00:00
2024-07-07,10:15:00 pm,0,103.312,25.983,2024-07-07 10:15:00
2024-07-07,10:30:00 pm,0,103.306,25.955,2024-07-07 10:30:00
2024-07-07,10:45:00 pm,0,103.295,25.922,2024-07-07 10:45:00
2024-07-07,11:00:00 pm,0,103.299,25.89,2024-07-07 11:00:00
2024-07-07,11:15:00 pm,0,103.304,25.853,2024-07-07 11:15:00
2024-07-07,11:30:00 pm,0,103.297,25.811,2024-07-07 11:30:00
2024-07-07,11:45:00 pm,0,103.287,25.766,2024-07-07 11:45:00
2024-07-08,12:00:00 am,0,103.293,25.727,2024-07-08 12:00:00
2024-07-08,12:15:00 am,0,103.301,25.679,2024-07-08 12:15:00
2024-07-08,12:30:00 am,0,103.298,25.63,2024-07-08 12:30:00
2024-07-08,12:45:00 am,0,103.281,25.581,2024-07-08 12:45:00
2024-07-08,01:00:00 am,0,103.276,25.532,2024-07-08 01:00:00
2024-07-08,01:15:00 am,0,103.265,25.48,2024-07-08 01:15:00
2024-07-08,01:30:00 am,0,103.265,25.429,2024-07-08 01:30:00
2024-07-08,01:45:00 am,0,103.277,25.382,2024-07-08 01:45:00
2024-07-08,02:00:00 am,0,103.272,25.332,2024-07-08 02:00:00
2024-07-08,02:15:00 am,0,103.283,25.284,2024-07-08 02:15:00
2024-07-08,02:30:00 am,0,103.281,25.232,2024-07-08 02:30:00
2024-07-08,02:45:00 am,0,103.278,25.182,2024-07-08 02:45:00
2024-07-08,03:00:00 am,0,103.274,25.131,2024-07-08 03:00:00
2024-07-08,03:15:00 am,0,103.263,25.08,2024-07-08 03:15:00
2024-07-08,03:30:00 am,0,103.262,25.033,2024-07-08 03:30:00
2024-07-08,03:45:00 am,0,103.263,24.982,2024-07-08 03:45:00
2024-07-08,04:00:00 am,0,103.269,24.935,2024-07-08 04:00:00
2024-07-08,04:15:00 am,0,103.264,24.883,2024-07-08 04:15:00
2024-07-08,04:30:00 am,0,103.262,24.833,2024-07-08 04:30:00
2024-07-08,04:45:00 am,0,103.266,24.779,2024-07-08 04:45:00
2024-07-08,05:00:00 am,0,103.269,24.728,2024-07-08 05:00:00
2024-07-08,05:15:00 am,0,103.263,24.677,2024-07-08 05:15:00
2024-07-08,05:30:00 am,0,103.265,24.624,2024-07-08 05:30:00
2024-07-08,05:45:00 am,0,103.257,24.573,2024-07-08 05:45:00
2024-07-08,06:00:00 am,0,103.248,24.522,2024-07-08 06:00:00
2024-07-08,06:15:00 am,0,103.241,24.471,2024-07-08 06:15:00
2024-07-08,06:30:00 am,0,103.228,24.418,2024-07-08 06:30:00
2024-07-08,06:45:00 am,0,103.22,24.37,2024-07-08 06:45:00
2024-07-08,07:00:00 am,0,103.226,24.326,2024-07-08 07:00:00
2024-07-08,07:15:00 am,0,103.296,24.286,2024-07-08 07:15:00
2024-07-08,07:30:00 am,0,103.295,24.253,2024-07-08 07:30:00
2024-07-08,07:45:00 am,0,103.305,24.223,2024-07-08 07:45:00
2024-07-08,08:00:00 am,0,103.308,24.197,2024-07-08 08:00:00
2024-07-08,08:15:00 am,0,103.307,24.178,2024-07-08 08:15:00
2024-07-08,08:30:00 am,0,103.329,24.165,2024-07-08 08:30:00
2024-07-08,08:45:00 am,0,103.341,24.162,2024-07-08 08:45:00
2024-07-08,09:00:00 am,0,103.339,24.166,2024-07-08 09:00:00
2024-07-08,09:15:00 am,0,103.334,24.173,2024-07-08 09:15:00
2024-07-08,09:30:00 am,0,103.329,24.188,2024-07-08 09:30:00
2024-07-08,09:45:00 am,0,103.334,24.223,2024-07-08 09:45:00
2024-07-08,10:00:00 am,0,103.329,24.253,2024-07-08 10:00:00
2024-07-08,10:15:00 am,0,103.335,24.278,2024-07-08 10:15:00
2024-07-08,10:30:00 am,0,103.339,24.317,2024-07-08 10:30:00
2024-07-08,10:45:00 am,0,103.348,24.361,2024-07-08 10:45:00
2024-07-08,11:00:00 am,0,103.361,24.414,2024-07-08 11:00:00
2024-07-08,11:15:00 am,0,103.376,24.48,2024-07-08 11:15:00
2024-07-08,11:30:00 am,0,103.383,24.527,2024-07-08 11:30:00
2024-07-08,11:45:00 am,0,103.392,24.592,2024-07-08 11:45:00
2024-07-08,12:00:00 pm,0,103.411,24.704,2024-07-08 12:00:00
2024-07-08,12:15:00 pm,0,103.429,24.806,2024-07-08 12:15:00
2024-07-08,12:30:00 pm,0,103.436,24.894,2024-07-08 12:30:00
2024-07-08,12:45:00 pm,0,103.43,25.011,2024-07-08 12:45:00
2024-07-08,01:00:00 pm,0,103.425,25.126,2024-07-08 01:00:00
2024-07-08,01:15:00 pm,0,103.411,25.207,2024-07-08 01:15:00
2024-07-08,01:30:00 pm,0,103.384,25.286,2024-07-08 01:30:00
2024-07-08,01:45:00 pm,0,103.288,25.402,2024-07-08 01:45:00
2024-07-08,02:00:00 pm,0,103.272,25.535,2024-07-08 02:00:00
2024-07-08,02:15:00 pm,0,103.251,25.665,2024-07-08 02:15:00
2024-07-08,02:30:00 pm,0,103.257,25.777,2024-07-08 02:30:00
2024-07-08,02:45:00 pm,0,103.222,25.873,2024-07-08 02:45:00
2024-07-08,03:00:00 pm,0,103.203,25.942,2024-07-08 03:00:00
2024-07-08,03:15:00 pm,0,103.195,26.016,2024-07-08 03:15:00
2024-07-08,03:30:00 pm,0,103.181,26.084,2024-07-08 03:30:00
2024-07-08,03:45:00 pm,0,103.139,26.153,2024-07-08 03:45:00
2024-07-08,04:00:00 pm,0,103.148,26.217,2024-07-08 04:00:00
2024-07-08,04:15:00 pm,0,103.111,26.271,2024-07-08 04:15:00
2024-07-08,04:30:00 pm,0,103.12,26.318,2024-07-08 04:30:00
2024-07-08,04:45:00 pm,0,103.097,26.367,2024-07-08 04:45:00
2024-07-08,05:00:00 pm,0,103.106,26.402,2024-07-08 05:00:00
2024-07-08,05:15:00 pm,0,103.167,26.427,2024-07-08 05:15:00
2024-07-08,05:30:00 pm,0,103.34,26.408,2024-07-08 05:30:00
2024-07-08,05:45:00 pm,0,103.387,26.353,2024-07-08 05:45:00
2024-07-08,06:00:00 pm,0,103.459,26.291,2024-07-08 06:00:00
2024-07-08,06:15:00 pm,0,103.487,26.263,2024-07-08 06:15:00
2024-07-08,06:30:00 pm,0,103.642,26.257,2024-07-08 06:30:00
2024-07-08,06:45:00 pm,0,103.71,26.275,2024-07-08 06:45:00
2024-07-08,07:00:00 pm,0,103.712,26.282,2024-07-08 07:00:00
2024-07-08,07:15:00 pm,0,103.713,26.283,2024-07-08 07:15:00
2024-07-08,07:30:00 pm,0,103.733,26.25,2024-07-08 07:30:00
2024-07-08,07:45:00 pm,0,103.784,26.173,2024-07-08 07:45:00
2024-07-08,08:00:00 pm,0,103.842,26.081,2024-07-08 08:00:00
2024-07-08,08:15:00 pm,0,103.835,26.007,2024-07-08 08:15:00
2024-07-08,08:30:00 pm,0,103.83,25.913,2024-07-08 08:30:00
2024-07-08,08:45:00 pm,0,103.907,25.779,2024-07-08 08:45:00
2024-07-08,09:00:00 pm,0,104,25.669,2024-07-08 09:00:00
2024-07-08,09:15:00 pm,0,104.145,25.608,2024-07-08 09:15:00
2024-07-08,09:30:00 pm,0,104.291,25.586,2024-07-08 09:30:00
2024-07-08,09:45:00 pm,0,104.378,25.588,2024-07-08 09:45:00
2024-07-08,10:00:00 pm,0,104.41,25.582,2024-07-08 10:00:00
2024-07-08,10:15:00 pm,0,104.384,25.554,2024-07-08 10:15:00
2024-07-08,10:30:00 pm,0,104.344,25.492,2024-07-08 10:30:00
2024-07-08,10:45:00 pm,0,104.323,25.411,2024-07-08 10:45:00
2024-07-08,11:00:00 pm,0,104.307,25.319,2024-07-08 11:00:00
2024-07-08,11:15:00 pm,0,104.276,25.222,2024-07-08 11:15:00
2024-07-08,11:30:00 pm,0,104.259,25.12,2024-07-08 11:30:00
2024-07-08,11:45:00 pm,0,104.215,25.023,2024-07-08 11:45:00
2024-07-09,12:00:00 am,0,104.196,24.931,2024-07-09 12:00:00
2024-07-09,12:15:00 am,0,104.142,24.846,2024-07-09 12:15:00
2024-07-09,12:30:00 am,0,104.089,24.771,2024-07-09 12:30:00
2024-07-09,12:45:00 am,0,104.041,24.7,2024-07-09 12:45:00
2024-07-09,01:00:00 am,0,104.001,24.636,2024-07-09 01:00:00
2024-07-09,01:15:00 am,0,103.953,24.576,2024-07-09 01:15:00
2024-07-09,01:30:00 am,0,103.916,24.517,2024-07-09 01:30:00
2024-07-09,01:45:00 am,0,103.881,24.468,2024-07-09 01:45:00
2024-07-09,02:00:00 am,0,103.841,24.415,2024-07-09 02:00:00
2024-07-09,02:15:00 am,0,103.818,24.372,2024-07-09 02:15:00
2024-07-09,02:30:00 am,0,103.789,24.329,2024-07-09 02:30:00
2024-07-09,02:45:00 am,0,103.752,24.286,2024-07-09 02:45:00
2024-07-09,03:00:00 am,0,103.727,24.248,2024-07-09 03:00:00
2024-07-09,03:15:00 am,0,103.705,24.209,2024-07-09 03:15:00
2024-07-09,03:30:00 am,0,103.683,24.171,2024-07-09 03:30:00
2024-07-09,03:45:00 am,0,103.667,24.137,2024-07-09 03:45:00
2024-07-09,04:00:00 am,0,103.637,24.101,2024-07-09 04:00:00
2024-07-09,04:15:00 am,0,103.618,24.069,2024-07-09 04:15:00
2024-07-09,04:30:00 am,0,103.6,24.035,2024-07-09 04:30:00
2024-07-09,04:45:00 am,0,103.575,24.002,2024-07-09 04:45:00
2024-07-09,05:00:00 am,0,103.549,23.971,2024-07-09 05:00:00
2024-07-09,05:15:00 am,0,103.534,23.945,2024-07-09 05:15:00
2024-07-09,05:30:00 am,0,103.518,23.918,2024-07-09 05:30:00
2024-07-09,05:45:00 am,0,103.498,23.894,2024-07-09 05:45:00
2024-07-09,06:00:00 am,0,103.491,23.871,2024-07-09 06:00:00
2024-07-09,06:15:00 am,0,103.473,23.85,2024-07-09 06:15:00
2024-07-09,06:30:00 am,0,103.468,23.826,2024-07-09 06:30:00
2024-07-09,06:45:00 am,0,103.449,23.806,2024-07-09 06:45:00
2024-07-09,07:00:00 am,0,103.436,23.793,2024-07-09 07:00:00
2024-07-09,07:15:00 am,0,103.43,23.783,2024-07-09 07:15:00
2024-07-09,07:30:00 am,0,103.43,23.775,2024-07-09 07:30:00
2024-07-09,07:45:00 am,0,103.475,23.774,2024-07-09 07:45:00
2024-07-09,08:00:00 am,0,103.486,23.772,2024-07-09 08:00:00
2024-07-09,08:15:00 am,0,103.484,23.783,2024-07-09 08:15:00
2024-07-09,08:30:00 am,0,103.484,23.792,2024-07-09 08:30:00
2024-07-09,08:45:00 am,0,103.479,23.807,2024-07-09 08:45:00
2024-07-09,09:00:00 am,0,103.476,23.836,2024-07-09 09:00:00
2024-07-09,09:15:00 am,0,103.468,23.868,2024-07-09 09:15:00
2024-07-09,09:30:00 am,0,103.469,23.896,2024-07-09 09:30:00
2024-07-09,09:45:00 am,0,103.476,23.937,2024-07-09 09:45:00
2024-07-09,10:00:00 am,0,103.485,23.982,2024-07-09 10:00:00
2024-07-09,10:15:00 am,0,103.486,24.028,2024-07-09 10:15:00
2024-07-09,10:30:00 am,0,103.49,24.088,2024-07-09 10:30:00
2024-07-09,10:45:00 am,0,103.495,24.135,2024-07-09 10:45:00
2024-07-09,11:00:00 am,0,103.491,24.166,2024-07-09 11:00:00
2024-07-09,11:15:00 am,0,103.494,24.197,2024-07-09 11:15:00
2024-07-09,11:30:00 am,0,103.489,24.27,2024-07-09 11:30:00
2024-07-09,11:45:00 am,0,103.495,24.353,2024-07-09 11:45:00
2024-07-09,12:00:00 pm,0,103.467,24.451,2024-07-09 12:00:00
2024-07-09,12:15:00 pm,0,103.435,24.556,2024-07-09 12:15:00
2024-07-09,12:30:00 pm,0,103.41,24.652,2024-07-09 12:30:00
2024-07-09,12:45:00 pm,0,103.299,24.758,2024-07-09 12:45:00
2024-07-09,01:00:00 pm,0,103.289,24.89,2024-07-09 01:00:00
2024-07-09,01:15:00 pm,0,103.289,25.021,2024-07-09 01:15:00
2024-07-09,01:30:00 pm,0,103.278,25.103,2024-07-09 01:30:00
2024-07-09,01:45:00 pm,0,103.249,25.215,2024-07-09 01:45:00
2024-07-09,02:00:00 pm,0,103.206,25.347,2024-07-09 02:00:00
2024-07-09,02:15:00 pm,0,103.23,25.497,2024-07-09 02:15:00
2024-07-09,02:30:00 pm,0,103.211,25.639,2024-07-09 02:30:00
2024-07-09,02:45:00 pm,0,103.188,25.744,2024-07-09 02:45:00
2024-07-09,03:00:00 pm,0,103.199,25.824,2024-07-09 03:00:00
2024-07-09,03:15:00 pm,0,103.191,25.885,2024-07-09 03:15:00
2024-07-09,03:30:00 pm,0,103.183,25.952,2024-07-09 03:30:00
2024-07-09,03:45:00 pm,0,103.199,26.011,2024-07-09 03:45:00
2024-07-09,04:00:00 pm,0,103.208,26.065,2024-07-09 04:00:00
2024-07-09,04:15:00 pm,0,103.184,26.122,2024-07-09 04:15:00
2024-07-09,04:30:00 pm,0,103.15,26.173,2024-07-09 04:30:00
2024-07-09,04:45:00 pm,0,103.151,26.217,2024-07-09 04:45:00
2024-07-09,05:00:00 pm,0,103.141,26.252,2024-07-09 05:00:00
2024-07-09,05:15:00 pm,0,103.147,26.293,2024-07-09 05:15:00
2024-07-09,05:30:00 pm,0,103.16,26.331,2024-07-09 05:30:00
2024-07-09,05:45:00 pm,0,103.157,26.358,2024-07-09 05:45:00
2024-07-09,06:00:00 pm,0,103.152,26.38,2024-07-09 06:00:00
2024-07-09,06:15:00 pm,0,103.148,26.397,2024-07-09 06:15:00
2024-07-09,06:30:00 pm,0,103.164,26.41,2024-07-09 06:30:00
2024-07-09,06:45:00 pm,0,103.166,26.418,2024-07-09 06:45:00
2024-07-09,07:00:00 pm,0,103.16,26.427,2024-07-09 07:00:00
2024-07-09,07:15:00 pm,0,103.162,26.435,2024-07-09 07:15:00
2024-07-09,07:30:00 pm,0,103.159,26.436,2024-07-09 07:30:00
2024-07-09,07:45:00 pm,0,103.153,26.429,2024-07-09 07:45:00
2024-07-09,08:00:00 pm,0,103.162,26.417,2024-07-09 08:00:00
2024-07-09,08:15:00 pm,0,103.165,26.401,2024-07-09 08:15:00
2024-07-09,08:30:00 pm,0,103.178,26.386,2024-07-09 08:30:00
2024-07-09,08:45:00 pm,0,103.179,26.365,2024-07-09 08:45:00
2024-07-09,09:00:00 pm,0,103.187,26.344,2024-07-09 09:00:00
2024-07-09,09:15:00 pm,0,103.206,26.315,2024-07-09 09:15:00
2024-07-09,09:30:00 pm,0,103.229,26.289,2024-07-09 09:30:00
2024-07-09,09:45:00 pm,0,103.251,26.253,2024-07-09 09:45:00
2024-07-09,10:00:00 pm,0,103.272,26.215,2024-07-09 10:00:00
2024-07-09,10:15:00 pm,0,103.299,26.167,2024-07-09 10:15:00
2024-07-09,10:30:00 pm,0,103.288,26.097,2024-07-09 10:30:00
2024-07-09,10:45:00 pm,0,103.281,26.018,2024-07-09 10:45:00
2024-07-09,11:00:00 pm,0,103.259,25.926,2024-07-09 11:00:00
2024-07-09,11:15:00 pm,0,103.255,25.821,2024-07-09 11:15:00
2024-07-09,11:30:00 pm,0,103.255,25.718,2024-07-09 11:30:00
2024-07-09,11:45:00 pm,0,103.258,25.615,2024-07-09 11:45:00
2024-07-10,12:00:00 am,0,103.27,25.508,2024-07-10 12:00:00
2024-07-10,12:15:00 am,0,103.264,25.406,2024-07-10 12:15:00
2024-07-10,12:30:00 am,0,103.262,25.304,2024-07-10 12:30:00
2024-07-10,12:45:00 am,0,103.269,25.207,2024-07-10 12:45:00
2024-07-10,01:00:00 am,0,103.261,25.11,2024-07-10 01:00:00
2024-07-10,01:15:00 am,0,103.265,25.013,2024-07-10 01:15:00
2024-07-10,01:30:00 am,0,103.262,24.919,2024-07-10 01:30:00
2024-07-10,01:45:00 am,0,103.24,24.826,2024-07-10 01:45:00
2024-07-10,02:00:00 am,0,103.245,24.726,2024-07-10 02:00:00
2024-07-10,02:15:00 am,0,103.24,24.633,2024-07-10 02:15:00
2024-07-10,02:30:00 am,0,103.245,24.537,2024-07-10 02:30:00
2024-07-10,02:45:00 am,0,103.212,24.442,2024-07-10 02:45:00
2024-07-10,03:00:00 am,0,103.193,24.351,2024-07-10 03:00:00
2024-07-10,03:15:00 am,0,103.169,24.257,2024-07-10 03:15:00
2024-07-10,03:30:00 am,0,103.14,24.169,2024-07-10 03:30:00
2024-07-10,03:45:00 am,0,103.193,24.078,2024-07-10 03:45:00
2024-07-10,04:00:00 am,0,103.208,23.988,2024-07-10 04:00:00
2024-07-10,04:15:00 am,0,103.215,23.899,2024-07-10 04:15:00
2024-07-10,04:30:00 am,0,103.228,23.813,2024-07-10 04:30:00
2024-07-10,04:45:00 am,0,103.236,23.728,2024-07-10 04:45:00
2024-07-10,05:00:00 am,0,103.246,23.643,2024-07-10 05:00:00
2024-07-10,05:15:00 am,0,103.272,23.561,2024-07-10 05:15:00
2024-07-10,05:30:00 am,0,103.269,23.476,2024-07-10 05:30:00
2024-07-10,05:45:00 am,0,103.288,23.398,2024-07-10 05:45:00
2024-07-10,06:00:00 am,0,103.313,23.317,2024-07-10 06:00:00
2024-07-10,06:15:00 am,0,103.325,23.236,2024-07-10 06:15:00
2024-07-10,06:30:00 am,0,103.349,23.157,2024-07-10 06:30:00
2024-07-10,06:45:00 am,0,103.352,23.082,2024-07-10 06:45:00
2024-07-10,07:00:00 am,0,103.352,23.013,2024-07-10 07:00:00
2024-07-10,07:15:00 am,0,103.347,22.952,2024-07-10 07:15:00
2024-07-10,07:30:00 am,0,103.356,22.898,2024-07-10 07:30:00
2024-07-10,07:45:00 am,0,103.374,22.852,2024-07-10 07:45:00
2024-07-10,08:00:00 am,0,103.389,22.819,2024-07-10 08:00:00
2024-07-10,08:15:00 am,0,103.401,22.798,2024-07-10 08:15:00
2024-07-10,08:30:00 am,0,103.408,22.78,2024-07-10 08:30:00
2024-07-10,08:45:00 am,0,103.411,22.777,2024-07-10 08:45:00
2024-07-10,09:00:00 am,0,103.418,22.781,2024-07-10 09:00:00
2024-07-10,09:15:00 am,0,103.434,22.789,2024-07-10 09:15:00
2024-07-10,09:30:00 am,0,103.433,22.804,2024-07-10 09:30:00
2024-07-10,09:45:00 am,0,103.437,22.844,2024-07-10 09:45:00
2024-07-10,10:00:00 am,0,103.44,22.867,2024-07-10 10:00:00
2024-07-10,10:15:00 am,0,103.453,22.894,2024-07-10 10:15:00
2024-07-10,10:30:00 am,0,103.456,22.931,2024-07-10 10:30:00
2024-07-10,10:45:00 am,0,103.456,22.973,2024-07-10 10:45:00
2024-07-10,11:00:00 am,0,103.47,23.044,2024-07-10 11:00:00
2024-07-10,11:15:00 am,0,103.482,23.116,2024-07-10 11:15:00
2024-07-10,11:30:00 am,0,103.488,23.2,2024-07-10 11:30:00
2024-07-10,11:45:00 am,0,103.503,23.281,2024-07-10 11:45:00
2024-07-10,12:00:00 pm,0,103.519,23.367,2024-07-10 12:00:00
2024-07-10,12:15:00 pm,0,103.532,23.467,2024-07-10 12:15:00
2024-07-10,12:30:00 pm,0,103.549,23.574,2024-07-10 12:30:00
2024-07-10,12:45:00 pm,0,103.547,23.684,2024-07-10 12:45:00
2024-07-10,01:00:00 pm,0,103.539,23.812,2024-07-10 01:00:00
2024-07-10,01:15:00 pm,0,103.524,23.952,2024-07-10 01:15:00
2024-07-10,01:30:00 pm,0,103.503,24.094,2024-07-10 01:30:00
2024-07-10,01:45:00 pm,0,103.427,24.184,2024-07-10 01:45:00
2024-07-10,02:00:00 pm,0,103.421,24.257,2024-07-10 02:00:00
2024-07-10,02:15:00 pm,0,103.406,24.363,2024-07-10 02:15:00
2024-07-10,02:30:00 pm,0,103.389,24.467,2024-07-10 02:30:00
2024-07-10,02:45:00 pm,0,103.373,24.565,2024-07-10 02:45:00
2024-07-10,03:00:00 pm,0,103.369,24.654,2024-07-10 03:00:00
2024-07-10,03:15:00 pm,0,103.345,24.741,2024-07-10 03:15:00
2024-07-10,03:30:00 pm,0,103.337,24.82,2024-07-10 03:30:00
2024-07-10,03:45:00 pm,0,103.329,24.906,2024-07-10 03:45:00
2024-07-10,04:00:00 pm,0,103.319,24.982,2024-07-10 04:00:00
2024-07-10,04:15:00 pm,0,103.303,25.042,2024-07-10 04:15:00
2024-07-10,04:30:00 pm,0,103.296,25.101,2024-07-10 04:30:00
2024-07-10,04:45:00 pm,0,103.293,25.169,2024-07-10 04:45:00
2024-07-10,05:00:00 pm,0,103.28,25.224,2024-07-10 05:00:00
2024-07-10,05:15:00 pm,0,103.276,25.275,2024-07-10 05:15:00
2024-07-10,05:30:00 pm,0,103.27,25.325,2024-07-10 05:30:00
2024-07-10,05:45:00 pm,0,103.272,25.375,2024-07-10 05:45:00
2024-07-10,06:00:00 pm,0,103.257,25.415,2024-07-10 06:00:00
2024-07-10,06:15:00 pm,0,103.252,25.447,2024-07-10 06:15:00
2024-07-10,06:30:00 pm,0,103.248,25.474,2024-07-10 06:30:00
2024-07-10,06:45:00 pm,0,103.248,25.496,2024-07-10 06:45:00
2024-07-10,07:00:00 pm,0,103.242,25.508,2024-07-10 07:00:00
2024-07-10,07:15:00 pm,0,103.247,25.519,2024-07-10 07:15:00
2024-07-10,07:30:00 pm,0,103.241,25.528,2024-07-10 07:30:00
2024-07-10,07:45:00 pm,0,103.24,25.526,2024-07-10 07:45:00
2024-07-10,08:00:00 pm,0,103.244,25.523,2024-07-10 08:00:00
2024-07-10,08:15:00 pm,0,103.245,25.506,2024-07-10 08:15:00
2024-07-10,08:30:00 pm,0,103.241,25.479,2024-07-10 08:30:00
2024-07-10,08:45:00 pm,0,103.248,25.446,2024-07-10 08:45:00
2024-07-10,09:00:00 pm,0,103.243,25.408,2024-07-10 09:00:00
2024-07-10,09:15:00 pm,0,103.235,25.359,2024-07-10 09:15:00
2024-07-10,09:30:00 pm,0,103.239,25.306,2024-07-10 09:30:00
2024-07-10,09:45:00 pm,0,103.24,25.252,2024-07-10 09:45:00
2024-07-10,10:00:00 pm,0,103.232,25.196,2024-07-10 10:00:00
2024-07-10,10:15:00 pm,0,103.235,25.136,2024-07-10 10:15:00
2024-07-10,10:30:00 pm,0,103.233,25.076,2024-07-10 10:30:00
2024-07-10,10:45:00 pm,0,103.237,25.015,2024-07-10 10:45:00
2024-07-10,11:00:00 pm,0,103.242,24.952,2024-07-10 11:00:00
2024-07-10,11:15:00 pm,0,103.242,24.888,2024-07-10 11:15:00
2024-07-10,11:30:00 pm,0,103.234,24.821,2024-07-10 11:30:00
2024-07-10,11:45:00 pm,0,103.231,24.751,2024-07-10 11:45:00
2024-07-11,12:00:00 am,0,103.243,24.681,2024-07-11 12:00:00
2024-07-11,12:15:00 am,0,103.239,24.611,2024-07-11 12:15:00
2024-07-11,12:30:00 am,0,103.234,24.539,2024-07-11 12:30:00
2024-07-11,12:45:00 am,0,103.235,24.461,2024-07-11 12:45:00
2024-07-11,01:00:00 am,0,103.225,24.385,2024-07-11 01:00:00
2024-07-11,01:15:00 am,0,103.223,24.312,2024-07-11 01:15:00
2024-07-11,01:30:00 am,0,103.214,24.236,2024-07-11 01:30:00
2024-07-11,01:45:00 am,0,103.204,24.156,2024-07-11 01:45:00
2024-07-11,02:00:00 am,0,103.206,24.079,2024-07-11 02:00:00
2024-07-11,02:15:00 am,0,103.212,24,2024-07-11 02:15:00
2024-07-11,02:30:00 am,0,103.208,23.917,2024-07-11 02:30:00
2024-07-11,02:45:00 am,0,103.214,23.834,2024-07-11 02:45:00
2024-07-11,03:00:00 am,0,103.218,23.757,2024-07-11 03:00:00
2024-07-11,03:15:00 am,0,103.19,23.674,2024-07-11 03:15:00
2024-07-11,03:30:00 am,0,103.166,23.589,2024-07-11 03:30:00
2024-07-11,03:45:00 am,0,103.15,23.509,2024-07-11 03:45:00
2024-07-11,04:00:00 am,0,103.136,23.431,2024-07-11 04:00:00
2024-07-11,04:15:00 am,0,103.181,23.348,2024-07-11 04:15:00
2024-07-11,04:30:00 am,0,103.211,23.266,2024-07-11 04:30:00
2024-07-11,04:45:00 am,0,103.22,23.185,2024-07-11 04:45:00
2024-07-11,05:00:00 am,0,103.234,23.107,2024-07-11 05:00:00
2024-07-11,05:15:00 am,0,103.242,23.028,2024-07-11 05:15:00
2024-07-11,05:30:00 am,0,103.258,22.947,2024-07-11 05:30:00
2024-07-11,05:45:00 am,0,103.254,22.87,2024-07-11 05:45:00
2024-07-11,06:00:00 am,0,103.259,22.798,2024-07-11 06:00:00
2024-07-11,06:15:00 am,0,103.258,22.723,2024-07-11 06:15:00
2024-07-11,06:30:00 am,0,103.271,22.649,2024-07-11 06:30:00
2024-07-11,06:45:00 am,0,103.29,22.582,2024-07-11 06:45:00
2024-07-11,07:00:00 am,0,103.297,22.526,2024-07-11 07:00:00
2024-07-11,07:15:00 am,0,103.316,22.47,2024-07-11 07:15:00
2024-07-11,07:30:00 am,0,103.31,22.426,2024-07-11 07:30:00
2024-07-11,07:45:00 am,0,103.322,22.389,2024-07-11 07:45:00
2024-07-11,08:00:00 am,0,103.307,22.362,2024-07-11 08:00:00
2024-07-11,08:15:00 am,0,103.312,22.345,2024-07-11 08:15:00
2024-07-11,08:30:00 am,0,103.318,22.342,2024-07-11 08:30:00
2024-07-11,08:45:00 am,0,103.332,22.345,2024-07-11 08:45:00
2024-07-11,09:00:00 am,0,103.34,22.36,2024-07-11 09:00:00
2024-07-11,09:15:00 am,0,103.344,22.385,2024-07-11 09:15:00
2024-07-11,09:30:00 am,0,103.351,22.415,2024-07-11 09:30:00
2024-07-11,09:45:00 am,0,103.359,22.473,2024-07-11 09:45:00
2024-07-11,10:00:00 am,0,103.37,22.523,2024-07-11 10:00:00
2024-07-11,10:15:00 am,0,103.382,22.569,2024-07-11 10:15:00
2024-07-11,10:30:00 am,0,103.399,22.633,2024-07-11 10:30:00
2024-07-11,10:45:00 am,0,103.406,22.702,2024-07-11 10:45:00
2024-07-11,11:00:00 am,0,103.43,22.786,2024-07-11 11:00:00
2024-07-11,11:15:00 am,0,103.444,22.869,2024-07-11 11:15:00
2024-07-11,11:30:00 am,0,103.46,22.94,2024-07-11 11:30:00
2024-07-11,11:45:00 am,0,103.485,23.042,2024-07-11 11:45:00
2024-07-11,12:00:00 pm,0,103.507,23.153,2024-07-11 12:00:00
2024-07-11,12:15:00 pm,0,103.532,23.265,2024-07-11 12:15:00
2024-07-11,12:30:00 pm,0,103.535,23.37,2024-07-11 12:30:00
2024-07-11,12:45:00 pm,0,103.518,23.488,2024-07-11 12:45:00
2024-07-11,01:00:00 pm,0,103.506,23.578,2024-07-11 01:00:00
2024-07-11,01:15:00 pm,0,103.478,23.699,2024-07-11 01:15:00
2024-07-11,01:30:00 pm,0,103.405,23.883,2024-07-11 01:30:00
2024-07-11,01:45:00 pm,0,103.39,24.062,2024-07-11 01:45:00
2024-07-11,02:00:00 pm,0,103.377,24.22,2024-07-11 02:00:00
2024-07-11,02:15:00 pm,0,103.354,24.368,2024-07-11 02:15:00
2024-07-11,02:30:00 pm,0,103.343,24.498,2024-07-11 02:30:00
2024-07-11,02:45:00 pm,0,103.331,24.602,2024-07-11 02:45:00
2024-07-11,03:00:00 pm,0,103.32,24.692,2024-07-11 03:00:00
2024-07-11,03:15:00 pm,0,103.305,24.792,2024-07-11 03:15:00
2024-07-11,03:30:00 pm,0,103.295,24.884,2024-07-11 03:30:00
2024-07-11,03:45:00 pm,0,103.296,24.974,2024-07-11 03:45:00
2024-07-11,04:00:00 pm,0,103.297,25.053,2024-07-11 04:00:00
2024-07-11,04:15:00 pm,0,103.285,25.123,2024-07-11 04:15:00
2024-07-11,04:30:00 pm,0,103.263,25.185,2024-07-11 04:30:00
2024-07-11,04:45:00 pm,0,103.251,25.243,2024-07-11 04:45:00
2024-07-11,05:00:00 pm,0,103.243,25.302,2024-07-11 05:00:00
2024-07-11,05:15:00 pm,0,103.241,25.36,2024-07-11 05:15:00
2024-07-11,05:30:00 pm,0,103.231,25.413,2024-07-11 05:30:00
2024-07-11,05:45:00 pm,0,103.226,25.46,2024-07-11 05:45:00
2024-07-11,06:00:00 pm,0,103.229,25.51,2024-07-11 06:00:00
2024-07-11,06:15:00 pm,0,103.23,25.556,2024-07-11 06:15:00
2024-07-11,06:30:00 pm,0,103.233,25.585,2024-07-11 06:30:00
2024-07-11,06:45:00 pm,0,103.234,25.607,2024-07-11 06:45:00
2024-07-11,07:00:00 pm,0,103.237,25.62,2024-07-11 07:00:00
2024-07-11,07:15:00 pm,0,103.244,25.631,2024-07-11 07:15:00
2024-07-11,07:30:00 pm,0,103.251,25.645,2024-07-11 07:30:00
2024-07-11,07:45:00 pm,0,103.248,25.655,2024-07-11 07:45:00
2024-07-11,08:00:00 pm,0,103.248,25.664,2024-07-11 08:00:00
2024-07-11,08:15:00 pm,0,103.25,25.666,2024-07-11 08:15:00
2024-07-11,08:30:00 pm,0,103.244,25.656,2024-07-11 08:30:00
2024-07-11,08:45:00 pm,0,103.238,25.628,2024-07-11 08:45:00
2024-07-11,09:00:00 pm,0,103.239,25.595,2024-07-11 09:00:00
2024-07-11,09:15:00 pm,0,103.24,25.555,2024-07-11 09:15:00
2024-07-11,09:30:00 pm,0,103.249,25.508,2024-07-11 09:30:00
2024-07-11,09:45:00 pm,0,103.255,25.458,2024-07-11 09:45:00
2024-07-11,10:00:00 pm,0,103.255,25.401,2024-07-11 10:00:00
2024-07-11,10:15:00 pm,0,103.258,25.347,2024-07-11 10:15:00
2024-07-11,10:30:00 pm,0,103.258,25.283,2024-07-11 10:30:00
2024-07-11,10:45:00 pm,0,103.256,25.22,2024-07-11 10:45:00
2024-07-11,11:00:00 pm,0,103.251,25.148,2024-07-11 11:00:00
2024-07-11,11:15:00 pm,0,103.252,25.077,2024-07-11 11:15:00
2024-07-11,11:30:00 pm,0,103.247,25.003,2024-07-11 11:30:00
2024-07-11,11:45:00 pm,0,103.241,24.927,2024-07-11 11:45:00
2024-07-12,12:00:00 am,0,103.222,24.85,2024-07-12 12:00:00
2024-07-12,12:15:00 am,0,103.21,24.765,2024-07-12 12:15:00
2024-07-12,12:30:00 am,0,103.188,24.679,2024-07-12 12:30:00
2024-07-12,12:45:00 am,0,103.184,24.59,2024-07-12 12:45:00
2024-07-12,01:00:00 am,0,103.181,24.506,2024-07-12 01:00:00
2024-07-12,01:15:00 am,0,103.177,24.42,2024-07-12 01:15:00
2024-07-12,01:30:00 am,0,103.175,24.335,2024-07-12 01:30:00
2024-07-12,01:45:00 am,0,103.174,24.251,2024-07-12 01:45:00
2024-07-12,02:00:00 am,0,103.179,24.163,2024-07-12 02:00:00
2024-07-12,02:15:00 am,0,103.165,24.075,2024-07-12 02:15:00
2024-07-12,02:30:00 am,0,103.164,23.989,2024-07-12 02:30:00
2024-07-12,02:45:00 am,0,103.171,23.904,2024-07-12 02:45:00
2024-07-12,03:00:00 am,0,103.174,23.816,2024-07-12 03:00:00
2024-07-12,03:15:00 am,0,103.187,23.728,2024-07-12 03:15:00
2024-07-12,03:30:00 am,0,103.201,23.643,2024-07-12 03:30:00
2024-07-12,03:45:00 am,0,103.209,23.56,2024-07-12 03:45:00
2024-07-12,04:00:00 am,0,103.22,23.477,2024-07-12 04:00:00
2024-07-12,04:15:00 am,0,103.206,23.392,2024-07-12 04:15:00
2024-07-12,04:30:00 am,0,103.191,23.308,2024-07-12 04:30:00
2024-07-12,04:45:00 am,0,103.219,23.222,2024-07-12 04:45:00
2024-07-12,05:00:00 am,0,103.24,23.141,2024-07-12 05:00:00
2024-07-12,05:15:00 am,0,103.284,23.053,2024-07-12 05:15:00
2024-07-12,05:30:00 am,0,103.28,22.971,2024-07-12 05:30:00
2024-07-12,05:45:00 am,0,103.288,22.89,2024-07-12 05:45:00
2024-07-12,06:00:00 am,0,103.299,22.81,2024-07-12 06:00:00
2024-07-12,06:15:00 am,0,103.314,22.73,2024-07-12 06:15:00
2024-07-12,06:30:00 am,0,103.316,22.651,2024-07-12 06:30:00
2024-07-12,06:45:00 am,0,103.33,22.576,2024-07-12 06:45:00
2024-07-12,07:00:00 am,0,103.348,22.507,2024-07-12 07:00:00
2024-07-12,07:15:00 am,0,103.36,22.449,2024-07-12 07:15:00
2024-07-12,07:30:00 am,0,103.379,22.399,2024-07-12 07:30:00
2024-07-12,07:45:00 am,0,103.392,22.357,2024-07-12 07:45:00
2024-07-12,08:00:00 am,0,103.395,22.328,2024-07-12 08:00:00
2024-07-12,08:15:00 am,0,103.411,22.309,2024-07-12 08:15:00
2024-07-12,08:30:00 am,0,103.431,22.302,2024-07-12 08:30:00
2024-07-12,08:45:00 am,0,103.444,22.307,2024-07-12 08:45:00
2024-07-12,09:00:00 am,0,103.457,22.322,2024-07-12 09:00:00
2024-07-12,09:15:00 am,0,103.467,22.346,2024-07-12 09:15:00
2024-07-12,09:30:00 am,0,103.487,22.38,2024-07-12 09:30:00
2024-07-12,09:45:00 am,0,103.499,22.442,2024-07-12 09:45:00
2024-07-12,10:00:00 am,0,103.513,22.492,2024-07-12 10:00:00
2024-07-12,10:15:00 am,0,103.523,22.534,2024-07-12 10:15:00
2024-07-12,10:30:00 am,0,103.536,22.594,2024-07-12 10:30:00
2024-07-12,10:45:00 am,0,103.55,22.663,2024-07-12 10:45:00
2024-07-12,11:00:00 am,0,103.57,22.744,2024-07-12 11:00:00
2024-07-12,11:15:00 am,0,103.586,22.826,2024-07-12 11:15:00
2024-07-12,11:30:00 am,0,103.61,22.914,2024-07-12 11:30:00
2024-07-12,11:45:00 am,0,103.631,23.021,2024-07-12 11:45:00
2024-07-12,12:00:00 pm,0,103.658,23.145,2024-07-12 12:00:00
2024-07-12,12:15:00 pm,0,103.681,23.266,2024-07-12 12:15:00
2024-07-12,12:30:00 pm,0,103.682,23.404,2024-07-12 12:30:00
2024-07-12,12:45:00 pm,0,103.68,23.546,2024-07-12 12:45:00
2024-07-12,01:00:00 pm,0,103.667,23.696,2024-07-12 01:00:00
2024-07-12,01:15:00 pm,0,103.57,23.858,2024-07-12 01:15:00
2024-07-12,01:30:00 pm,0,103.562,24.018,2024-07-12 01:30:00
2024-07-12,01:45:00 pm,0,103.56,24.183,2024-07-12 01:45:00
2024-07-12,02:00:00 pm,0,103.551,24.332,2024-07-12 02:00:00
2024-07-12,02:15:00 pm,0,103.529,24.474,2024-07-12 02:15:00
2024-07-12,02:30:00 pm,0,103.516,24.606,2024-07-12 02:30:00
2024-07-12,02:45:00 pm,0,103.508,24.724,2024-07-12 02:45:00
2024-07-12,03:00:00 pm,0,103.481,24.838,2024-07-12 03:00:00
2024-07-12,03:15:00 pm,0,103.466,24.949,2024-07-12 03:15:00
2024-07-12,03:30:00 pm,0,103.456,25.054,2024-07-12 03:30:00
2024-07-12,03:45:00 pm,0,103.438,25.156,2024-07-12 03:45:00
2024-07-12,04:00:00 pm,0,103.419,25.237,2024-07-12 04:00:00
2024-07-12,04:15:00 pm,0,103.409,25.314,2024-07-12 04:15:00
2024-07-12,04:30:00 pm,0,103.402,25.385,2024-07-12 04:30:00
2024-07-12,04:45:00 pm,0,103.392,25.456,2024-07-12 04:45:00
2024-07-12,05:00:00 pm,0,103.391,25.523,2024-07-12 05:00:00
2024-07-12,05:15:00 pm,0,103.394,25.582,2024-07-12 05:15:00
2024-07-12,05:30:00 pm,0,103.381,25.637,2024-07-12 05:30:00
2024-07-12,05:45:00 pm,0,103.277,25.699,2024-07-12 05:45:00
2024-07-12,06:00:00 pm,0,103.292,25.751,2024-07-12 06:00:00
2024-07-12,06:15:00 pm,0,103.305,25.797,2024-07-12 06:15:00
2024-07-12,06:30:00 pm,0,103.317,25.833,2024-07-12 06:30:00
2024-07-12,06:45:00 pm,0,103.329,25.858,2024-07-12 06:45:00
2024-07-12,07:00:00 pm,0,103.34,25.873,2024-07-12 07:00:00
2024-07-12,07:15:00 pm,0,103.346,25.884,2024-07-12 07:15:00
2024-07-12,07:30:00 pm,0,103.355,25.892,2024-07-12 07:30:00
2024-07-12,07:45:00 pm,0,103.36,25.898,2024-07-12 07:45:00
2024-07-12,08:00:00 pm,0,103.366,25.895,2024-07-12 08:00:00
2024-07-12,08:15:00 pm,0,103.366,25.885,2024-07-12 08:15:00
2024-07-12,08:30:00 pm,0,103.359,25.864,2024-07-12 08:30:00
2024-07-12,08:45:00 pm,0,103.353,25.838,2024-07-12 08:45:00
2024-07-12,09:00:00 pm,0,103.348,25.803,2024-07-12 09:00:00
2024-07-12,09:15:00 pm,0,103.34,25.757,2024-07-12 09:15:00
2024-07-12,09:30:00 pm,0,103.329,25.705,2024-07-12 09:30:00
2024-07-12,09:45:00 pm,0,103.324,25.65,2024-07-12 09:45:00
2024-07-12,10:00:00 pm,0,103.316,25.597,2024-07-12 10:00:00
2024-07-12,10:15:00 pm,0,103.365,25.55,2024-07-12 10:15:00
2024-07-12,10:30:00 pm,0,103.373,25.5,2024-07-12 10:30:00
2024-07-12,10:45:00 pm,0,103.37,25.447,2024-07-12 10:45:00
2024-07-12,11:00:00 pm,0,103.374,25.386,2024-07-12 11:00:00
2024-07-12,11:15:00 pm,0,103.392,25.33,2024-07-12 11:15:00
2024-07-12,11:30:00 pm,0,103.386,25.275,2024-07-12 11:30:00
2024-07-12,11:45:00 pm,0,103.384,25.216,2024-07-12 11:45:00
2024-07-13,12:00:00 am,0,103.385,25.146,2024-07-13 12:00:00
2024-07-13,12:15:00 am,0,103.369,25.076,2024-07-13 12:15:00
2024-07-13,12:30:00 am,0,103.378,25.002,2024-07-13 12:30:00
2024-07-13,12:45:00 am,0,103.382,24.923,2024-07-13 12:45:00
2024-07-13,01:00:00 am,0,103.364,24.839,2024-07-13 01:00:00
2024-07-13,01:15:00 am,0,103.352,24.758,2024-07-13 01:15:00
2024-07-13,01:30:00 am,0,103.354,24.676,2024-07-13 01:30:00
2024-07-13,01:45:00 am,0,103.342,24.591,2024-07-13 01:45:00
2024-07-13,02:00:00 am,0,103.338,24.503,2024-07-13 02:00:00
2024-07-13,02:15:00 am,0,103.334,24.415,2024-07-13 02:15:00
2024-07-13,02:30:00 am,0,103.357,24.329,2024-07-13 02:30:00
2024-07-13,02:45:00 am,0,103.36,24.239,2024-07-13 02:45:00
2024-07-13,03:00:00 am,0,103.354,24.146,2024-07-13 03:00:00
2024-07-13,03:15:00 am,0,103.37,24.057,2024-07-13 03:15:00
2024-07-13,03:30:00 am,0,103.382,23.965,2024-07-13 03:30:00
2024-07-13,03:45:00 am,0,103.393,23.875,2024-07-13 03:45:00
2024-07-13,04:00:00 am,0,103.389,23.785,2024-07-13 04:00:00
2024-07-13,04:15:00 am,0,103.41,23.697,2024-07-13 04:15:00
2024-07-13,04:30:00 am,0,103.418,23.613,2024-07-13 04:30:00
2024-07-13,04:45:00 am,0,103.441,23.527,2024-07-13 04:45:00
2024-07-13,05:00:00 am,0,103.456,23.438,2024-07-13 05:00:00
2024-07-13,05:15:00 am,0,103.484,23.35,2024-07-13 05:15:00
2024-07-13,05:30:00 am,0,103.504,23.268,2024-07-13 05:30:00
2024-07-13,05:45:00 am,0,103.527,23.182,2024-07-13 05:45:00
2024-07-13,06:00:00 am,0,103.544,23.103,2024-07-13 06:00:00
2024-07-13,06:15:00 am,0,103.552,23.023,2024-07-13 06:15:00
2024-07-13,06:30:00 am,0,103.564,22.946,2024-07-13 06:30:00
2024-07-13,06:45:00 am,0,103.577,22.873,2024-07-13 06:45:00
2024-07-13,07:00:00 am,0,103.594,22.807,2024-07-13 07:00:00
2024-07-13,07:15:00 am,0,103.602,22.749,2024-07-13 07:15:00
2024-07-13,07:30:00 am,0,103.626,22.699,2024-07-13 07:30:00
2024-07-13,07:45:00 am,0,103.644,22.663,2024-07-13 07:45:00
2024-07-13,08:00:00 am,0,103.65,22.632,2024-07-13 08:00:00
2024-07-13,08:15:00 am,0,103.675,22.616,2024-07-13 08:15:00
2024-07-13,08:30:00 am,0,103.685,22.603,2024-07-13 08:30:00
2024-07-13,08:45:00 am,0,103.693,22.608,2024-07-13 08:45:00
2024-07-13,09:00:00 am,0,103.701,22.624,2024-07-13 09:00:00
2024-07-13,09:15:00 am,0,103.696,22.647,2024-07-13 09:15:00
2024-07-13,09:30:00 am,0,103.702,22.678,2024-07-13 09:30:00
2024-07-13,09:45:00 am,0,103.715,22.737,2024-07-13 09:45:00
2024-07-13,10:00:00 am,0,103.725,22.791,2024-07-13 10:00:00
2024-07-13,10:15:00 am,0,103.731,22.833,2024-07-13 10:15:00
2024-07-13,10:30:00 am,0,103.739,22.89,2024-07-13 10:30:00
2024-07-13,10:45:00 am,0,103.754,22.956,2024-07-13 10:45:00
2024-07-13,11:00:00 am,0,103.766,23.033,2024-07-13 11:00:00
2024-07-13,11:15:00 am,0,103.782,23.117,2024-07-13 11:15:00
2024-07-13,11:30:00 am,0,103.798,23.203,2024-07-13 11:30:00
2024-07-13,11:45:00 am,0,103.82,23.304,2024-07-13 11:45:00
2024-07-13,12:00:00 pm,0,103.842,23.414,2024-07-13 12:00:00
2024-07-13,12:15:00 pm,0,103.844,23.511,2024-07-13 12:15:00
2024-07-13,12:30:00 pm,0,103.837,23.613,2024-07-13 12:30:00
2024-07-13,12:45:00 pm,0,103.832,23.759,2024-07-13 12:45:00
2024-07-13,01:00:00 pm,0,103.815,23.907,2024-07-13 01:00:00
2024-07-13,01:15:00 pm,0,103.714,24.062,2024-07-13 01:15:00
2024-07-13,01:30:00 pm,0,103.716,24.221,2024-07-13 01:30:00
2024-07-13,01:45:00 pm,0,103.708,24.392,2024-07-13 01:45:00
2024-07-13,02:00:00 pm,0,103.7,24.553,2024-07-13 02:00:00
2024-07-13,02:15:00 pm,0,103.691,24.702,2024-07-13 02:15:00
2024-07-13,02:30:00 pm,0,103.691,24.844,2024-07-13 02:30:00
2024-07-13,02:45:00 pm,0,103.632,24.977,2024-07-13 02:45:00
2024-07-13,03:00:00 pm,0,103.604,25.099,2024-07-13 03:00:00
2024-07-13,03:15:00 pm,0,103.585,25.211,2024-07-13 03:15:00
2024-07-13,03:30:00 pm,0,103.562,25.309,2024-07-13 03:30:00
2024-07-13,03:45:00 pm,0,103.533,25.41,2024-07-13 03:45:00
2024-07-13,04:00:00 pm,0,103.482,25.489,2024-07-13 04:00:00
2024-07-13,04:15:00 pm,0,103.47,25.563,2024-07-13 04:15:00
2024-07-13,04:30:00 pm,0,103.443,25.631,2024-07-13 04:30:00
2024-07-13,04:45:00 pm,0,103.443,25.698,2024-07-13 04:45:00
2024-07-13,05:00:00 pm,0,103.43,25.753,2024-07-13 05:00:00
2024-07-13,05:15:00 pm,0,103.43,25.808,2024-07-13 05:15:00
2024-07-13,05:30:00 pm,0,103.444,25.86,2024-07-13 05:30:00
2024-07-13,05:45:00 pm,0,103.448,25.907,2024-07-13 05:45:00
2024-07-13,06:00:00 pm,0,103.455,25.951,2024-07-13 06:00:00
2024-07-13,06:15:00 pm,0,103.455,25.99,2024-07-13 06:15:00
2024-07-13,06:30:00 pm,0,103.453,26.023,2024-07-13 06:30:00
2024-07-13,06:45:00 pm,0,103.455,26.053,2024-07-13 06:45:00
2024-07-13,07:00:00 pm,0,103.439,26.075,2024-07-13 07:00:00
2024-07-13,07:15:00 pm,0,103.433,26.09,2024-07-13 07:15:00
2024-07-13,07:30:00 pm,0,103.435,26.106,2024-07-13 07:30:00
2024-07-13,07:45:00 pm,0,103.441,26.114,2024-07-13 07:45:00
2024-07-13,08:00:00 pm,0,103.457,26.122,2024-07-13 08:00:00
2024-07-13,08:15:00 pm,0,103.458,26.124,2024-07-13 08:15:00
2024-07-13,08:30:00 pm,0,103.462,26.116,2024-07-13 08:30:00
2024-07-13,08:45:00 pm,0,103.466,26.094,2024-07-13 08:45:00
2024-07-13,09:00:00 pm,0,103.466,26.063,2024-07-13 09:00:00
2024-07-13,09:15:00 pm,0,103.47,26.022,2024-07-13 09:15:00
2024-07-13,09:30:00 pm,0,103.471,25.984,2024-07-13 09:30:00
2024-07-13,09:45:00 pm,0,103.482,25.94,2024-07-13 09:45:00
2024-07-13,10:00:00 pm,0,103.503,25.893,2024-07-13 10:00:00
2024-07-13,10:15:00 pm,0,103.514,25.842,2024-07-13 10:15:00
2024-07-13,10:30:00 pm,0,103.51,25.787,2024-07-13 10:30:00
2024-07-13,10:45:00 pm,0,103.504,25.729,2024-07-13 10:45:00
2024-07-13,11:00:00 pm,0,103.503,25.674,2024-07-13 11:00:00
2024-07-13,11:15:00 pm,0,103.488,25.61,2024-07-13 11:15:00
2024-07-13,11:30:00 pm,0,103.499,25.544,2024-07-13 11:30:00
2024-07-13,11:45:00 pm,0,103.492,25.474,2024-07-13 11:45:00
2024-07-14,12:00:00 am,0,103.481,25.4,2024-07-14 12:00:00
2024-07-14,12:15:00 am,0,103.459,25.327,2024-07-14 12:15:00
2024-07-14,12:30:00 am,0,103.435,25.25,2024-07-14 12:30:00
2024-07-14,12:45:00 am,0,103.41,25.172,2024-07-14 12:45:00
2024-07-14,01:00:00 am,0,103.396,25.098,2024-07-14 01:00:00
2024-07-14,01:15:00 am,0,103.362,25.023,2024-07-14 01:15:00
2024-07-14,01:30:00 am,0,103.342,24.943,2024-07-14 01:30:00
2024-07-14,01:45:00 am,0,103.362,24.867,2024-07-14 01:45:00
2024-07-14,02:00:00 am,0,103.357,24.791,2024-07-14 02:00:00
2024-07-14,02:15:00 am,0,103.347,24.714,2024-07-14 02:15:00
2024-07-14,02:30:00 am,0,103.344,24.639,2024-07-14 02:30:00
2024-07-14,02:45:00 am,0,103.333,24.562,2024-07-14 02:45:00
2024-07-14,03:00:00 am,0,103.324,24.487,2024-07-14 03:00:00
2024-07-14,03:15:00 am,0,103.32,24.41,2024-07-14 03:15:00
2024-07-14,03:30:00 am,0,103.318,24.335,2024-07-14 03:30:00
2024-07-14,03:45:00 am,0,103.33,24.257,2024-07-14 03:45:00
2024-07-14,04:00:00 am,0,103.328,24.181,2024-07-14 04:00:00
2024-07-14,04:15:00 am,0,103.344,24.103,2024-07-14 04:15:00
2024-07-14,04:30:00 am,0,103.337,24.025,2024-07-14 04:30:00
2024-07-14,04:45:00 am,0,103.336,23.951,2024-07-14 04:45:00
2024-07-14,05:00:00 am,0,103.358,23.879,2024-07-14 05:00:00
2024-07-14,05:15:00 am,0,103.367,23.807,2024-07-14 05:15:00
2024-07-14,05:30:00 am,0,103.38,23.738,2024-07-14 05:30:00
2024-07-14,05:45:00 am,0,103.402,23.667,2024-07-14 05:45:00
2024-07-14,06:00:00 am,0,103.404,23.599,2024-07-14 06:00:00
2024-07-14,06:15:00 am,0,103.445,23.534,2024-07-14 06:15:00
2024-07-14,06:30:00 am,0,103.46,23.471,2024-07-14 06:30:00
2024-07-14,06:45:00 am,0,103.482,23.412,2024-07-14 06:45:00
2024-07-14,07:00:00 am,0,103.5,23.358,2024-07-14 07:00:00
2024-07-14,07:15:00 am,0,103.502,23.309,2024-07-14 07:15:00
2024-07-14,07:30:00 am,0,103.522,23.274,2024-07-14 07:30:00
2024-07-14,07:45:00 am,0,103.524,23.247,2024-07-14 07:45:00
2024-07-14,08:00:00 am,0,103.525,23.228,2024-07-14 08:00:00
2024-07-14,08:15:00 am,0,103.528,23.219,2024-07-14 08:15:00
2024-07-14,08:30:00 am,0,103.526,23.22,2024-07-14 08:30:00
2024-07-14,08:45:00 am,0,103.527,23.222,2024-07-14 08:45:00
2024-07-14,09:00:00 am,0,103.527,23.239,2024-07-14 09:00:00
2024-07-14,09:15:00 am,0,103.532,23.264,2024-07-14 09:15:00
2024-07-14,09:30:00 am,0,103.535,23.29,2024-07-14 09:30:00
2024-07-14,09:45:00 am,0,103.537,23.344,2024-07-14 09:45:00
2024-07-14,10:00:00 am,0,103.55,23.393,2024-07-14 10:00:00
2024-07-14,10:15:00 am,0,103.561,23.438,2024-07-14 10:15:00
2024-07-14,10:30:00 am,0,103.57,23.483,2024-07-14 10:30:00
2024-07-14,10:45:00 am,0,103.581,23.524,2024-07-14 10:45:00
2024-07-14,11:00:00 am,0,103.588,23.575,2024-07-14 11:00:00
2024-07-14,11:15:00 am,0,103.597,23.657,2024-07-14 11:15:00
2024-07-14,11:30:00 am,0,103.619,23.756,2024-07-14 11:30:00
2024-07-14,11:45:00 am,0,103.64,23.868,2024-07-14 11:45:00
2024-07-14,12:00:00 pm,0,103.658,23.983,2024-07-14 12:00:00
2024-07-14,12:15:00 pm,0,103.667,24.097,2024-07-14 12:15:00
2024-07-14,12:30:00 pm,0,103.654,24.218,2024-07-14 12:30:00
2024-07-14,12:45:00 pm,0,103.642,24.34,2024-07-14 12:45:00
2024-07-14,01:00:00 pm,0,103.617,24.438,2024-07-14 01:00:00
2024-07-14,01:15:00 pm,0,103.528,24.576,2024-07-14 01:15:00
2024-07-14,01:30:00 pm,0,103.486,24.737,2024-07-14 01:30:00
2024-07-14,01:45:00 pm,0,103.462,24.909,2024-07-14 01:45:00
2024-07-14,02:00:00 pm,0,103.409,25.059,2024-07-14 02:00:00
2024-07-14,02:15:00 pm,0,103.395,25.194,2024-07-14 02:15:00
2024-07-14,02:30:00 pm,0,103.366,25.329,2024-07-14 02:30:00
2024-07-14,02:45:00 pm,0,103.358,25.454,2024-07-14 02:45:00
2024-07-14,03:00:00 pm,0,103.317,25.569,2024-07-14 03:00:00
2024-07-14,03:15:00 pm,0,103.289,25.656,2024-07-14 03:15:00
2024-07-14,03:30:00 pm,0,103.312,25.717,2024-07-14 03:30:00
2024-07-14,03:45:00 pm,0,103.299,25.767,2024-07-14 03:45:00
2024-07-14,04:00:00 pm,0,103.301,25.808,2024-07-14 04:00:00
2024-07-14,04:15:00 pm,0,103.296,25.844,2024-07-14 04:15:00
2024-07-14,04:30:00 pm,0,103.312,25.877,2024-07-14 04:30:00
2024-07-14,04:45:00 pm,0,103.325,25.918,2024-07-14 04:45:00
2024-07-14,05:00:00 pm,0,103.346,25.96,2024-07-14 05:00:00
2024-07-14,05:15:00 pm,0,103.352,25.997,2024-07-14 05:15:00
2024-07-14,05:30:00 pm,0,103.329,26.013,2024-07-14 05:30:00
2024-07-14,05:45:00 pm,0,103.315,26.022,2024-07-14 05:45:00
2024-07-14,06:00:00 pm,0,103.298,26.027,2024-07-14 06:00:00
2024-07-14,06:15:00 pm,0,103.296,26.031,2024-07-14 06:15:00
2024-07-14,06:30:00 pm,0,103.315,26.041,2024-07-14 06:30:00
2024-07-14,06:45:00 pm,0,103.326,26.054,2024-07-14 06:45:00
2024-07-14,07:00:00 pm,0,103.311,26.063,2024-07-14 07:00:00
2024-07-14,07:15:00 pm,0,103.308,26.07,2024-07-14 07:15:00
2024-07-14,07:30:00 pm,0,103.284,26.068,2024-07-14 07:30:00
2024-07-14,07:45:00 pm,0,103.282,26.057,2024-07-14 07:45:00
2024-07-14,08:00:00 pm,0,103.284,26.04,2024-07-14 08:00:00
2024-07-14,08:15:00 pm,0,103.269,26.019,2024-07-14 08:15:00
2024-07-14,08:30:00 pm,0,103.269,25.99,2024-07-14 08:30:00
2024-07-14,08:45:00 pm,0,103.274,25.957,2024-07-14 08:45:00
2024-07-14,09:00:00 pm,0,103.285,25.92,2024-07-14 09:00:00
2024-07-14,09:15:00 pm,0,103.288,25.88,2024-07-14 09:15:00
2024-07-14,09:30:00 pm,0,103.274,25.838,2024-07-14 09:30:00
2024-07-14,09:45:00 pm,0,103.268,25.796,2024-07-14 09:45:00
2024-07-14,10:00:00 pm,0,103.284,25.75,2024-07-14 10:00:00
2024-07-14,10:15:00 pm,0,103.301,25.7,2024-07-14 10:15:00
2024-07-14,10:30:00 pm,0,103.31,25.654,2024-07-14 10:30:00
2024-07-14,10:45:00 pm,0,103.317,25.611,2024-07-14 10:45:00
2024-07-14,11:00:00 pm,0,103.32,25.566,2024-07-14 11:00:00
2024-07-14,11:15:00 pm,0,103.316,25.517,2024-07-14 11:15:00
2024-07-14,11:30:00 pm,0,103.312,25.467,2024-07-14 11:30:00
2024-07-14,11:45:00 pm,0,103.312,25.418,2024-07-14 11:45:00
2024-07-15,12:00:00 am,0,103.312,25.368,2024-07-15 12:00:00
2024-07-15,12:15:00 am,0,103.294,25.319,2024-07-15 12:15:00
2024-07-15,12:30:00 am,0,103.277,25.272,2024-07-15 12:30:00
2024-07-15,12:45:00 am,0,103.257,25.223,2024-07-15 12:45:00
2024-07-15,01:00:00 am,0,103.242,25.171,2024-07-15 01:00:00
2024-07-15,01:15:00 am,0,103.219,25.125,2024-07-15 01:15:00
2024-07-15,01:30:00 am,0,103.211,25.076,2024-07-15 01:30:00
2024-07-15,01:45:00 am,0,103.182,25.023,2024-07-15 01:45:00
2024-07-15,02:00:00 am,0,103.165,24.975,2024-07-15 02:00:00
2024-07-15,02:15:00 am,0,103.143,24.922,2024-07-15 02:15:00
2024-07-15,02:30:00 am,0,103.124,24.868,2024-07-15 02:30:00
2024-07-15,02:45:00 am,0,103.102,24.816,2024-07-15 02:45:00
2024-07-15,03:00:00 am,0,103.089,24.757,2024-07-15 03:00:00
2024-07-15,03:15:00 am,0,103.115,24.7,2024-07-15 03:15:00
2024-07-15,03:30:00 am,0,103.131,24.641,2024-07-15 03:30:00
2024-07-15,03:45:00 am,0,103.134,24.591,2024-07-15 03:45:00
2024-07-15,04:00:00 am,0,103.15,24.54,2024-07-15 04:00:00
2024-07-15,04:15:00 am,0,103.183,24.487,2024-07-15 04:15:00
2024-07-15,04:30:00 am,0,103.178,24.43,2024-07-15 04:30:00
2024-07-15,04:45:00 am,0,103.193,24.374,2024-07-15 04:45:00
2024-07-15,05:00:00 am,0,103.207,24.318,2024-07-15 05:00:00
2024-07-15,05:15:00 am,0,103.22,24.261,2024-07-15 05:15:00
2024-07-15,05:30:00 am,0,103.232,24.207,2024-07-15 05:30:00
2024-07-15,05:45:00 am,0,103.227,24.151,2024-07-15 05:45:00
2024-07-15,06:00:00 am,0,103.251,24.095,2024-07-15 06:00:00
2024-07-15,06:15:00 am,0,103.259,24.04,2024-07-15 06:15:00
2024-07-15,06:30:00 am,0,103.27,23.984,2024-07-15 06:30:00
2024-07-15,06:45:00 am,0,103.28,23.933,2024-07-15 06:45:00
2024-07-15,07:00:00 am,0,103.3,23.888,2024-07-15 07:00:00
2024-07-15,07:15:00 am,0,103.297,23.851,2024-07-15 07:15:00
2024-07-15,07:30:00 am,0,103.311,23.826,2024-07-15 07:30:00
2024-07-15,07:45:00 am,0,103.308,23.806,2024-07-15 07:45:00
2024-07-15,08:00:00 am,0,103.333,23.797,2024-07-15 08:00:00
2024-07-15,08:15:00 am,0,103.335,23.795,2024-07-15 08:15:00
2024-07-15,08:30:00 am,0,103.355,23.793,2024-07-15 08:30:00
2024-07-15,08:45:00 am,0,103.35,23.793,2024-07-15 08:45:00
2024-07-15,09:00:00 am,0,103.356,23.796,2024-07-15 09:00:00
2024-07-15,09:15:00 am,0,103.368,23.808,2024-07-15 09:15:00
2024-07-15,09:30:00 am,0,103.379,23.818,2024-07-15 09:30:00
2024-07-15,09:45:00 am,0,103.395,23.854,2024-07-15 09:45:00
2024-07-15,10:00:00 am,0,103.395,23.882,2024-07-15 10:00:00
2024-07-15,10:15:00 am,0,103.391,23.901,2024-07-15 10:15:00
2024-07-15,10:30:00 am,0,103.392,23.941,2024-07-15 10:30:00
2024-07-15,10:45:00 am,0,103.398,23.993,2024-07-15 10:45:00
2024-07-15,11:00:00 am,0,103.407,24.055,2024-07-15 11:00:00
2024-07-15,11:15:00 am,0,103.407,24.128,2024-07-15 11:15:00
2024-07-15,11:30:00 am,0,103.416,24.196,2024-07-15 11:30:00
2024-07-15,11:45:00 am,0,103.422,24.284,2024-07-15 11:45:00
2024-07-15,12:00:00 pm,0,103.427,24.368,2024-07-15 12:00:00
2024-07-15,12:15:00 pm,0,103.422,24.452,2024-07-15 12:15:00
2024-07-15,12:30:00 pm,0,103.406,24.536,2024-07-15 12:30:00
2024-07-15,12:45:00 pm,0,103.392,24.659,2024-07-15 12:45:00
2024-07-15,01:00:00 pm,0,103.375,24.737,2024-07-15 01:00:00
2024-07-15,01:15:00 pm,0,103.265,24.832,2024-07-15 01:15:00
2024-07-15,01:30:00 pm,0,103.248,24.943,2024-07-15 01:30:00
2024-07-15,01:45:00 pm,0,103.235,25.007,2024-07-15 01:45:00
2024-07-15,02:00:00 pm,0,103.239,25.056,2024-07-15 02:00:00
2024-07-15,02:15:00 pm,0,103.185,25.132,2024-07-15 02:15:00
2024-07-15,02:30:00 pm,0,103.151,25.207,2024-07-15 02:30:00
2024-07-15,02:45:00 pm,0,103.136,25.269,2024-07-15 02:45:00
2024-07-15,03:00:00 pm,0,103.127,25.307,2024-07-15 03:00:00
2024-07-15,03:15:00 pm,0,103.132,25.356,2024-07-15 03:15:00
2024-07-15,03:30:00 pm,0,103.077,25.412,2024-07-15 03:30:00
2024-07-15,03:45:00 pm,0,103.061,25.501,2024-07-15 03:45:00
2024-07-15,04:00:00 pm,0,103.073,25.59,2024-07-15 04:00:00
2024-07-15,04:15:00 pm,0,103.08,25.671,2024-07-15 04:15:00
2024-07-15,04:30:00 pm,0,103.075,25.754,2024-07-15 04:30:00
2024-07-15,04:45:00 pm,0,103.058,25.801,2024-07-15 04:45:00
2024-07-15,05:00:00 pm,0,103.061,25.817,2024-07-15 05:00:00
2024-07-15,05:15:00 pm,0,103.076,25.826,2024-07-15 05:15:00
2024-07-15,05:30:00 pm,0,103.103,25.838,2024-07-15 05:30:00
2024-07-15,05:45:00 pm,0,103.11,25.857,2024-07-15 05:45:00
2024-07-15,06:00:00 pm,0,103.115,25.868,2024-07-15 06:00:00
2024-07-15,06:15:00 pm,0,103.1,25.877,2024-07-15 06:15:00
2024-07-15,06:30:00 pm,0,103.084,25.865,2024-07-15 06:30:00
2024-07-15,06:45:00 pm,0,103.107,25.83,2024-07-15 06:45:00
2024-07-15,07:00:00 pm,0,103.104,25.781,2024-07-15 07:00:00
2024-07-15,07:15:00 pm,0,103.064,25.729,2024-07-15 07:15:00
2024-07-15,07:30:00 pm,0,103.036,25.679,2024-07-15 07:30:00
2024-07-15,07:45:00 pm,0,103.054,25.629,2024-07-15 07:45:00
2024-07-15,08:00:00 pm,0,103.087,25.58,2024-07-15 08:00:00
2024-07-15,08:15:00 pm,0,103.096,25.533,2024-07-15 08:15:00
2024-07-15,08:30:00 pm,0,103.089,25.484,2024-07-15 08:30:00
2024-07-15,08:45:00 pm,0,103.083,25.433,2024-07-15 08:45:00
2024-07-15,09:00:00 pm,0,103.077,25.377,2024-07-15 09:00:00
2024-07-15,09:15:00 pm,0,103.052,25.323,2024-07-15 09:15:00
2024-07-15,09:30:00 pm,0,103.042,25.267,2024-07-15 09:30:00
2024-07-15,09:45:00 pm,0,103.023,25.21,2024-07-15 09:45:00
2024-07-15,10:00:00 pm,0,103.04,25.152,2024-07-15 10:00:00
2024-07-15,10:15:00 pm,0,103.074,25.09,2024-07-15 10:15:00
2024-07-15,10:30:00 pm,0,103.072,25.026,2024-07-15 10:30:00
2024-07-15,10:45:00 pm,0,103.091,24.962,2024-07-15 10:45:00
2024-07-15,11:00:00 pm,0,103.082,24.894,2024-07-15 11:00:00
2024-07-15,11:15:00 pm,0,103.089,24.828,2024-07-15 11:15:00
2024-07-15,11:30:00 pm,0,103.116,24.761,2024-07-15 11:30:00
2024-07-15,11:45:00 pm,0,103.114,24.698,2024-07-15 11:45:00
2024-07-16,12:00:00 am,0,103.105,24.637,2024-07-16 12:00:00
2024-07-16,12:15:00 am,0,103.083,24.569,2024-07-16 12:15:00
2024-07-16,12:30:00 am,0,103.101,24.502,2024-07-16 12:30:00
2024-07-16,12:45:00 am,0,103.104,24.436,2024-07-16 12:45:00
2024-07-16,01:00:00 am,0,103.103,24.372,2024-07-16 01:00:00
2024-07-16,01:15:00 am,0,103.109,24.306,2024-07-16 01:15:00
2024-07-16,01:30:00 am,0,103.095,24.243,2024-07-16 01:30:00
2024-07-16,01:45:00 am,0,103.079,24.181,2024-07-16 01:45:00
2024-07-16,02:00:00 am,0,103.059,24.118,2024-07-16 02:00:00
2024-07-16,02:15:00 am,0,103.037,24.059,2024-07-16 02:15:00
2024-07-16,02:30:00 am,0,103.012,24.001,2024-07-16 02:30:00
2024-07-16,02:45:00 am,0,102.991,23.945,2024-07-16 02:45:00
2024-07-16,03:00:00 am,0,102.969,23.888,2024-07-16 03:00:00
2024-07-16,03:15:00 am,0,102.957,23.833,2024-07-16 03:15:00
2024-07-16,03:30:00 am,0,102.983,23.774,2024-07-16 03:30:00
2024-07-16,03:45:00 am,0,102.99,23.718,2024-07-16 03:45:00
2024-07-16,04:00:00 am,0,103.021,23.667,2024-07-16 04:00:00
2024-07-16,04:15:00 am,0,103.039,23.614,2024-07-16 04:15:00
2024-07-16,04:30:00 am,0,103.035,23.564,2024-07-16 04:30:00
2024-07-16,04:45:00 am,0,103.045,23.516,2024-07-16 04:45:00
2024-07-16,05:00:00 am,0,103.048,23.469,2024-07-16 05:00:00
2024-07-16,05:15:00 am,0,103.079,23.42,2024-07-16 05:15:00
2024-07-16,05:30:00 am,0,103.089,23.371,2024-07-16 05:30:00
2024-07-16,05:45:00 am,0,103.096,23.326,2024-07-16 05:45:00
2024-07-16,06:00:00 am,0,103.082,23.283,2024-07-16 06:00:00
2024-07-16,06:15:00 am,0,103.072,23.241,2024-07-16 06:15:00
2024-07-16,06:30:00 am,0,103.058,23.192,2024-07-16 06:30:00
2024-07-16,06:45:00 am,0,103.077,23.148,2024-07-16 06:45:00
2024-07-16,07:00:00 am,0,103.089,23.109,2024-07-16 07:00:00
2024-07-16,07:15:00 am,0,103.095,23.075,2024-07-16 07:15:00
2024-07-16,07:30:00 am,0,103.103,23.046,2024-07-16 07:30:00
2024-07-16,07:45:00 am,0,103.105,23.025,2024-07-16 07:45:00
2024-07-16,08:00:00 am,0,103.118,23.015,2024-07-16 08:00:00
2024-07-16,08:15:00 am,0,103.132,23.016,2024-07-16 08:15:00
2024-07-16,08:30:00 am,0,103.129,23.022,2024-07-16 08:30:00
2024-07-16,08:45:00 am,0,103.14,23.038,2024-07-16 08:45:00
2024-07-16,09:00:00 am,0,103.152,23.06,2024-07-16 09:00:00
2024-07-16,09:15:00 am,0,103.15,23.087,2024-07-16 09:15:00
2024-07-16,09:30:00 am,0,103.158,23.122,2024-07-16 09:30:00
2024-07-16,09:45:00 am,0,103.173,23.18,2024-07-16 09:45:00
2024-07-16,10:00:00 am,0,103.187,23.227,2024-07-16 10:00:00
2024-07-16,10:15:00 am,0,103.197,23.273,2024-07-16 10:15:00
2024-07-16,10:30:00 am,0,103.208,23.323,2024-07-16 10:30:00
2024-07-16,10:45:00 am,0,103.215,23.394,2024-07-16 10:45:00
2024-07-16,11:00:00 am,0,103.227,23.471,2024-07-16 11:00:00
2024-07-16,11:15:00 am,0,103.239,23.545,2024-07-16 11:15:00
2024-07-16,11:30:00 am,0,103.248,23.633,2024-07-16 11:30:00
2024-07-16,11:45:00 am,0,103.266,23.747,2024-07-16 11:45:00
2024-07-16,12:00:00 pm,0,103.288,23.87,2024-07-16 12:00:00
2024-07-16,12:15:00 pm,0,103.285,23.982,2024-07-16 12:15:00
2024-07-16,12:30:00 pm,0,103.287,24.106,2024-07-16 12:30:00
2024-07-16,12:45:00 pm,0,103.273,24.182,2024-07-16 12:45:00
2024-07-16,01:00:00 pm,0,103.243,24.25,2024-07-16 01:00:00
2024-07-16,01:15:00 pm,0,103.138,24.38,2024-07-16 01:15:00
2024-07-16,01:30:00 pm,0,103.115,24.536,2024-07-16 01:30:00
2024-07-16,01:45:00 pm,0,103.112,24.722,2024-07-16 01:45:00
2024-07-16,02:00:00 pm,0,103.074,24.872,2024-07-16 02:00:00
2024-07-16,02:15:00 pm,0,103.079,25.009,2024-07-16 02:15:00
2024-07-16,02:30:00 pm,0,103.155,25.122,2024-07-16 02:30:00
2024-07-16,02:45:00 pm,0,103.132,25.172,2024-07-16 02:45:00
2024-07-16,03:00:00 pm,0,103.114,25.16,2024-07-16 03:00:00
2024-07-16,03:15:00 pm,0,103.109,25.151,2024-07-16 03:15:00
2024-07-16,03:30:00 pm,0,103.025,25.163,2024-07-16 03:30:00
2024-07-16,03:45:00 pm,0,103.016,25.234,2024-07-16 03:45:00
2024-07-16,04:00:00 pm,0,102.986,25.317,2024-07-16 04:00:00
2024-07-16,04:15:00 pm,0,103,25.396,2024-07-16 04:15:00
2024-07-16,04:30:00 pm,0,102.99,25.465,2024-07-16 04:30:00
2024-07-16,04:45:00 pm,0,102.96,25.52,2024-07-16 04:45:00
2024-07-16,05:00:00 pm,0,102.949,25.556,2024-07-16 05:00:00
2024-07-16,05:15:00 pm,0,103.002,25.587,2024-07-16 05:15:00
2024-07-16,05:30:00 pm,0,103.076,25.617,2024-07-16 05:30:00
2024-07-16,05:45:00 pm,0,103.103,25.645,2024-07-16 05:45:00
2024-07-16,06:00:00 pm,0,103.1,25.65,2024-07-16 06:00:00
2024-07-16,06:15:00 pm,0,103.059,25.636,2024-07-16 06:15:00
2024-07-16,06:30:00 pm,0,103.055,25.606,2024-07-16 06:30:00
2024-07-16,06:45:00 pm,0,103.044,25.581,2024-07-16 06:45:00
2024-07-16,07:00:00 pm,0,103.034,25.56,2024-07-16 07:00:00
2024-07-16,07:15:00 pm,0,103.028,25.545,2024-07-16 07:15:00
2024-07-16,07:30:00 pm,0,103.011,25.528,2024-07-16 07:30:00
2024-07-16,07:45:00 pm,0,103.011,25.509,2024-07-16 07:45:00
2024-07-16,08:00:00 pm,0,102.996,25.485,2024-07-16 08:00:00
2024-07-16,08:15:00 pm,0,102.984,25.46,2024-07-16 08:15:00
2024-07-16,08:30:00 pm,0,102.98,25.434,2024-07-16 08:30:00
2024-07-16,08:45:00 pm,0,102.97,25.409,2024-07-16 08:45:00
2024-07-16,09:00:00 pm,0,102.958,25.379,2024-07-16 09:00:00
2024-07-16,09:15:00 pm,0,102.958,25.344,2024-07-16 09:15:00
2024-07-16,09:30:00 pm,0,102.951,25.307,2024-07-16 09:30:00
2024-07-16,09:45:00 pm,0,102.969,25.264,2024-07-16 09:45:00
2024-07-16,10:00:00 pm,0,102.988,25.212,2024-07-16 10:00:00
2024-07-16,10:15:00 pm,0,102.985,25.162,2024-07-16 10:15:00
2024-07-16,10:30:00 pm,0,102.97,25.104,2024-07-16 10:30:00
2024-07-16,10:45:00 pm,0,102.957,25.052,2024-07-16 10:45:00
2024-07-16,11:00:00 pm,0,102.969,25,2024-07-16 11:00:00
2024-07-16,11:15:00 pm,0,102.986,24.947,2024-07-16 11:15:00
2024-07-16,11:30:00 pm,0,103.007,24.898,2024-07-16 11:30:00
2024-07-16,11:45:00 pm,0,103.044,24.846,2024-07-16 11:45:00
2024-07-17,12:00:00 am,0,103.061,24.801,2024-07-17 12:00:00
2024-07-17,12:15:00 am,0,103.055,24.746,2024-07-17 12:15:00
2024-07-17,12:30:00 am,0,103.048,24.697,2024-07-17 12:30:00
2024-07-17,12:45:00 am,0,103.037,24.644,2024-07-17 12:45:00
2024-07-17,01:00:00 am,0,103.019,24.591,2024-07-17 01:00:00
2024-07-17,01:15:00 am,0,103.008,24.54,2024-07-17 01:15:00
2024-07-17,01:30:00 am,0,103.004,24.493,2024-07-17 01:30:00
2024-07-17,01:45:00 am,0,102.989,24.449,2024-07-17 01:45:00
2024-07-17,02:00:00 am,0,102.963,24.407,2024-07-17 02:00:00
2024-07-17,02:15:00 am,0,102.946,24.365,2024-07-17 02:15:00
2024-07-17,02:30:00 am,0,102.942,24.319,2024-07-17 02:30:00
2024-07-17,02:45:00 am,0,102.946,24.272,2024-07-17 02:45:00
2024-07-17,03:00:00 am,0,102.971,24.226,2024-07-17 03:00:00
2024-07-17,03:15:00 am,0,102.987,24.182,2024-07-17 03:15:00
2024-07-17,03:30:00 am,0,103.001,24.141,2024-07-17 03:30:00
2024-07-17,03:45:00 am,0,103.004,24.1,2024-07-17 03:45:00
2024-07-17,04:00:00 am,0,103.005,24.055,2024-07-17 04:00:00
2024-07-17,04:15:00 am,0,102.987,24.009,2024-07-17 04:15:00
2024-07-17,04:30:00 am,0,102.982,23.965,2024-07-17 04:30:00
2024-07-17,04:45:00 am,0,102.97,23.921,2024-07-17 04:45:00
2024-07-17,05:00:00 am,0,102.963,23.874,2024-07-17 05:00:00
2024-07-17,05:15:00 am,0,103.017,23.824,2024-07-17 05:15:00
2024-07-17,05:30:00 am,0,103.039,23.776,2024-07-17 05:30:00
2024-07-17,05:45:00 am,0,103.051,23.725,2024-07-17 05:45:00
2024-07-17,06:00:00 am,0,103.071,23.675,2024-07-17 06:00:00
2024-07-17,06:15:00 am,0,103.081,23.625,2024-07-17 06:15:00
2024-07-17,06:30:00 am,0,103.099,23.577,2024-07-17 06:30:00
2024-07-17,06:45:00 am,0,103.124,23.531,2024-07-17 06:45:00
2024-07-17,07:00:00 am,0,103.129,23.49,2024-07-17 07:00:00
2024-07-17,07:15:00 am,0,103.138,23.45,2024-07-17 07:15:00
2024-07-17,07:30:00 am,0,103.154,23.423,2024-07-17 07:30:00
2024-07-17,07:45:00 am,0,103.186,23.401,2024-07-17 07:45:00
2024-07-17,08:00:00 am,0,103.187,23.389,2024-07-17 08:00:00
2024-07-17,08:15:00 am,0,103.187,23.384,2024-07-17 08:15:00
2024-07-17,08:30:00 am,0,103.18,23.387,2024-07-17 08:30:00
2024-07-17,08:45:00 am,0,103.18,23.395,2024-07-17 08:45:00
2024-07-17,09:00:00 am,0,103.189,23.408,2024-07-17 09:00:00
2024-07-17,09:15:00 am,0,103.198,23.424,2024-07-17 09:15:00
2024-07-17,09:30:00 am,0,103.217,23.447,2024-07-17 09:30:00
2024-07-17,09:45:00 am,0,103.224,23.494,2024-07-17 09:45:00
2024-07-17,10:00:00 am,0,103.23,23.539,2024-07-17 10:00:00
2024-07-17,10:15:00 am,0,103.241,23.59,2024-07-17 10:15:00
2024-07-17,10:30:00 am,0,103.256,23.659,2024-07-17 10:30:00
2024-07-17,10:45:00 am,0,103.278,23.732,2024-07-17 10:45:00
2024-07-17,11:00:00 am,0,103.286,23.806,2024-07-17 11:00:00
2024-07-17,11:15:00 am,0,103.303,23.894,2024-07-17 11:15:00
2024-07-17,11:30:00 am,0,103.314,23.992,2024-07-17 11:30:00
2024-07-17,11:45:00 am,0,103.317,24.056,2024-07-17 11:45:00
2024-07-17,12:00:00 pm,0,103.304,24.135,2024-07-17 12:00:00
2024-07-17,12:15:00 pm,0,103.286,24.243,2024-07-17 12:15:00
2024-07-17,12:30:00 pm,0,103.278,24.378,2024-07-17 12:30:00
2024-07-17,12:45:00 pm,0,103.291,24.479,2024-07-17 12:45:00
2024-07-17,01:00:00 pm,0,103.485,24.49,2024-07-17 01:00:00
2024-07-17,01:15:00 pm,0,103.505,24.392,2024-07-17 01:15:00
2024-07-17,01:30:00 pm,0,103.529,24.311,2024-07-17 01:30:00
2024-07-17,01:45:00 pm,0,103.52,24.292,2024-07-17 01:45:00
2024-07-17,02:00:00 pm,0,103.512,24.335,2024-07-17 02:00:00
2024-07-17,02:15:00 pm,0,103.618,24.479,2024-07-17 02:15:00
2024-07-17,02:30:00 pm,0,103.684,24.57,2024-07-17 02:30:00
2024-07-17,02:45:00 pm,0,103.745,24.674,2024-07-17 02:45:00
2024-07-17,03:00:00 pm,0,103.788,24.764,2024-07-17 03:00:00
2024-07-17,03:15:00 pm,0,103.888,24.799,2024-07-17 03:15:00
2024-07-17,03:30:00 pm,0,103.963,24.803,2024-07-17 03:30:00
2024-07-17,03:45:00 pm,0,104.038,24.816,2024-07-17 03:45:00
2024-07-17,04:00:00 pm,0,104.105,24.813,2024-07-17 04:00:00
2024-07-17,04:15:00 pm,0,104.086,24.771,2024-07-17 04:15:00
2024-07-17,04:30:00 pm,0,104.036,24.734,2024-07-17 04:30:00
2024-07-17,04:45:00 pm,0,104.014,24.699,2024-07-17 04:45:00
2024-07-17,05:00:00 pm,0,103.997,24.703,2024-07-17 05:00:00
2024-07-17,05:15:00 pm,0,103.996,24.746,2024-07-17 05:15:00
2024-07-17,05:30:00 pm,0,104.031,24.824,2024-07-17 05:30:00
2024-07-17,05:45:00 pm,0,104.061,24.933,2024-07-17 05:45:00
2024-07-17,06:00:00 pm,0,104.102,25.044,2024-07-17 06:00:00
2024-07-17,06:15:00 pm,0,104.118,25.141,2024-07-17 06:15:00
2024-07-17,06:30:00 pm,0,104.112,25.221,2024-07-17 06:30:00
2024-07-17,06:45:00 pm,0,104.121,25.282,2024-07-17 06:45:00
2024-07-17,07:00:00 pm,0,104.099,25.325,2024-07-17 07:00:00
2024-07-17,07:15:00 pm,0,104.071,25.353,2024-07-17 07:15:00
2024-07-17,07:30:00 pm,0,104.028,25.372,2024-07-17 07:30:00
2024-07-17,07:45:00 pm,0,103.972,25.374,2024-07-17 07:45:00
2024-07-17,08:00:00 pm,0,103.946,25.369,2024-07-17 08:00:00
2024-07-17,08:15:00 pm,0,103.931,25.353,2024-07-17 08:15:00
2024-07-17,08:30:00 pm,0,103.919,25.329,2024-07-17 08:30:00
2024-07-17,08:45:00 pm,0,103.908,25.298,2024-07-17 08:45:00
2024-07-17,09:00:00 pm,0,103.868,25.257,2024-07-17 09:00:00
2024-07-17,09:15:00 pm,0,103.826,25.213,2024-07-17 09:15:00
2024-07-17,09:30:00 pm,0,103.812,25.167,2024-07-17 09:30:00
2024-07-17,09:45:00 pm,0,103.797,25.117,2024-07-17 09:45:00
2024-07-17,10:00:00 pm,0,103.783,25.068,2024-07-17 10:00:00
2024-07-17,10:15:00 pm,0,103.762,25.019,2024-07-17 10:15:00
2024-07-17,10:30:00 pm,0,103.739,24.966,2024-07-17 10:30:00
2024-07-17,10:45:00 pm,0,103.748,24.91,2024-07-17 10:45:00
2024-07-17,11:00:00 pm,0,103.744,24.854,2024-07-17 11:00:00
2024-07-17,11:15:00 pm,0,103.746,24.799,2024-07-17 11:15:00
2024-07-17,11:30:00 pm,0,103.745,24.738,2024-07-17 11:30:00
2024-07-17,11:45:00 pm,0,103.739,24.679,2024-07-17 11:45:00
2024-07-18,12:00:00 am,0,103.723,24.618,2024-07-18 12:00:00
2024-07-18,12:15:00 am,0,103.701,24.553,2024-07-18 12:15:00
2024-07-18,12:30:00 am,0,103.67,24.489,2024-07-18 12:30:00
2024-07-18,12:45:00 am,0,103.633,24.425,2024-07-18 12:45:00
2024-07-18,01:00:00 am,0,103.609,24.362,2024-07-18 01:00:00
2024-07-18,01:15:00 am,0,103.587,24.296,2024-07-18 01:15:00
2024-07-18,01:30:00 am,0,103.573,24.227,2024-07-18 01:30:00
2024-07-18,01:45:00 am,0,103.56,24.159,2024-07-18 01:45:00
2024-07-18,02:00:00 am,0,103.541,24.096,2024-07-18 02:00:00
2024-07-18,02:15:00 am,0,103.508,24.038,2024-07-18 02:15:00
2024-07-18,02:30:00 am,0,103.481,23.982,2024-07-18 02:30:00
2024-07-18,02:45:00 am,0,103.45,23.926,2024-07-18 02:45:00
2024-07-18,03:00:00 am,0,103.419,23.868,2024-07-18 03:00:00
2024-07-18,03:15:00 am,0,103.403,23.814,2024-07-18 03:15:00
2024-07-18,03:30:00 am,0,103.393,23.763,2024-07-18 03:30:00
2024-07-18,03:45:00 am,0,103.372,23.713,2024-07-18 03:45:00
2024-07-18,04:00:00 am,0,103.363,23.663,2024-07-18 04:00:00
2024-07-18,04:15:00 am,0,103.383,23.616,2024-07-18 04:15:00
2024-07-18,04:30:00 am,0,103.37,23.572,2024-07-18 04:30:00
2024-07-18,04:45:00 am,0,103.357,23.527,2024-07-18 04:45:00
2024-07-18,05:00:00 am,0,103.347,23.486,2024-07-18 05:00:00
2024-07-18,05:15:00 am,0,103.342,23.447,2024-07-18 05:15:00
2024-07-18,05:30:00 am,0,103.366,23.406,2024-07-18 05:30:00
2024-07-18,05:45:00 am,0,103.402,23.371,2024-07-18 05:45:00
2024-07-18,06:00:00 am,0,103.407,23.332,2024-07-18 06:00:00
2024-07-18,06:15:00 am,0,103.41,23.295,2024-07-18 06:15:00
2024-07-18,06:30:00 am,0,103.423,23.259,2024-07-18 06:30:00
2024-07-18,06:45:00 am,0,103.436,23.224,2024-07-18 06:45:00
2024-07-18,07:00:00 am,0,103.434,23.189,2024-07-18 07:00:00
2024-07-18,07:15:00 am,0,103.441,23.157,2024-07-18 07:15:00
2024-07-18,07:30:00 am,0,103.443,23.13,2024-07-18 07:30:00
2024-07-18,07:45:00 am,0,103.468,23.106,2024-07-18 07:45:00
2024-07-18,08:00:00 am,0,103.463,23.088,2024-07-18 08:00:00
2024-07-18,08:15:00 am,0,103.463,23.079,2024-07-18 08:15:00
2024-07-18,08:30:00 am,0,103.49,23.073,2024-07-18 08:30:00
2024-07-18,08:45:00 am,0,103.506,23.076,2024-07-18 08:45:00
2024-07-18,09:00:00 am,0,103.502,23.088,2024-07-18 09:00:00
2024-07-18,09:15:00 am,0,103.513,23.105,2024-07-18 09:15:00
2024-07-18,09:30:00 am,0,103.519,23.129,2024-07-18 09:30:00
2024-07-18,09:45:00 am,0,103.523,23.169,2024-07-18 09:45:00
2024-07-18,10:00:00 am,0,103.525,23.203,2024-07-18 10:00:00
2024-07-18,10:15:00 am,0,103.523,23.237,2024-07-18 10:15:00
2024-07-18,10:30:00 am,0,103.526,23.28,2024-07-18 10:30:00
2024-07-18,10:45:00 am,0,103.527,23.339,2024-07-18 10:45:00
2024-07-18,11:00:00 am,0,103.536,23.409,2024-07-18 11:00:00
2024-07-18,11:15:00 am,0,103.547,23.477,2024-07-18 11:15:00
2024-07-18,11:30:00 am,0,103.56,23.554,2024-07-18 11:30:00
2024-07-18,11:45:00 am,0,103.579,23.646,2024-07-18 11:45:00
2024-07-18,12:00:00 pm,0,103.595,23.749,2024-07-18 12:00:00
2024-07-18,12:15:00 pm,0,103.603,23.849,2024-07-18 12:15:00
2024-07-18,12:30:00 pm,0,103.586,23.973,2024-07-18 12:30:00
2024-07-18,12:45:00 pm,0,103.563,24.095,2024-07-18 12:45:00
2024-07-18,01:00:00 pm,0,103.54,24.213,2024-07-18 01:00:00
2024-07-18,01:15:00 pm,0,103.429,24.342,2024-07-18 01:15:00
2024-07-18,01:30:00 pm,0,103.413,24.478,2024-07-18 01:30:00
2024-07-18,01:45:00 pm,0,103.403,24.604,2024-07-18 01:45:00
2024-07-18,02:00:00 pm,0,103.399,24.696,2024-07-18 02:00:00
2024-07-18,02:15:00 pm,0,103.391,24.787,2024-07-18 02:15:00
2024-07-18,02:30:00 pm,0,103.377,24.885,2024-07-18 02:30:00
2024-07-18,02:45:00 pm,0,103.341,24.988,2024-07-18 02:45:00
2024-07-18,03:00:00 pm,0,103.323,25.094,2024-07-18 03:00:00
2024-07-18,03:15:00 pm,0,103.302,25.192,2024-07-18 03:15:00
2024-07-18,03:30:00 pm,0,103.278,25.296,2024-07-18 03:30:00
2024-07-18,03:45:00 pm,0,103.26,25.386,2024-07-18 03:45:00
2024-07-18,04:00:00 pm,0,103.251,25.44,2024-07-18 04:00:00
2024-07-18,04:15:00 pm,0,103.278,25.483,2024-07-18 04:15:00
2024-07-18,04:30:00 pm,0,103.337,25.514,2024-07-18 04:30:00
2024-07-18,04:45:00 pm,0,103.363,25.498,2024-07-18 04:45:00
2024-07-18,05:00:00 pm,0,103.414,25.4,2024-07-18 05:00:00
2024-07-18,05:15:00 pm,0,103.544,25.301,2024-07-18 05:15:00
2024-07-18,05:30:00 pm,0,103.516,25.255,2024-07-18 05:30:00
2024-07-18,05:45:00 pm,0,103.502,25.239,2024-07-18 05:45:00
2024-07-18,06:00:00 pm,0,103.508,25.238,2024-07-18 06:00:00
2024-07-18,06:15:00 pm,0,103.513,25.244,2024-07-18 06:15:00
2024-07-18,06:30:00 pm,0,103.519,25.25,2024-07-18 06:30:00
2024-07-18,06:45:00 pm,0,103.522,25.258,2024-07-18 06:45:00
2024-07-18,07:00:00 pm,0,103.525,25.261,2024-07-18 07:00:00
2024-07-18,07:15:00 pm,0,103.513,25.25,2024-07-18 07:15:00
2024-07-18,07:30:00 pm,0,103.52,25.224,2024-07-18 07:30:00
2024-07-18,07:45:00 pm,0,103.528,25.185,2024-07-18 07:45:00
2024-07-18,08:00:00 pm,0,103.514,25.145,2024-07-18 08:00:00
2024-07-18,08:15:00 pm,0,103.522,25.107,2024-07-18 08:15:00
2024-07-18,08:30:00 pm,0,103.53,25.073,2024-07-18 08:30:00
2024-07-18,08:45:00 pm,0,103.531,25.039,2024-07-18 08:45:00
2024-07-18,09:00:00 pm,0,103.525,24.997,2024-07-18 09:00:00
2024-07-18,09:15:00 pm,0,103.512,24.955,2024-07-18 09:15:00
2024-07-18,09:30:00 pm,0,103.51,24.913,2024-07-18 09:30:00
2024-07-18,09:45:00 pm,0,103.49,24.87,2024-07-18 09:45:00
2024-07-18,10:00:00 pm,0,103.478,24.826,2024-07-18 10:00:00
2024-07-18,10:15:00 pm,0,103.474,24.783,2024-07-18 10:15:00
2024-07-18,10:30:00 pm,0,103.475,24.736,2024-07-18 10:30:00
2024-07-18,10:45:00 pm,0,103.478,24.691,2024-07-18 10:45:00
2024-07-18,11:00:00 pm,0,103.466,24.646,2024-07-18 11:00:00
2024-07-18,11:15:00 pm,0,103.465,24.599,2024-07-18 11:15:00
2024-07-18,11:30:00 pm,0,103.479,24.549,2024-07-18 11:30:00
2024-07-18,11:45:00 pm,0,103.48,24.497,2024-07-18 11:45:00
2024-07-19,12:00:00 am,0,103.506,24.447,2024-07-19 12:00:00
2024-07-19,12:15:00 am,0,103.506,24.396,2024-07-19 12:15:00
2024-07-19,12:30:00 am,0,103.503,24.343,2024-07-19 12:30:00
2024-07-19,12:45:00 am,0,103.474,24.29,2024-07-19 12:45:00
2024-07-19,01:00:00 am,0,103.457,24.242,2024-07-19 01:00:00
2024-07-19,01:15:00 am,0,103.449,24.192,2024-07-19 01:15:00
2024-07-19,01:30:00 am,0,103.444,24.141,2024-07-19 01:30:00
2024-07-19,01:45:00 am,0,103.43,24.093,2024-07-19 01:45:00
2024-07-19,02:00:00 am,0,103.437,24.046,2024-07-19 02:00:00
2024-07-19,02:15:00 am,0,103.453,24.001,2024-07-19 02:15:00
2024-07-19,02:30:00 am,0,103.443,23.957,2024-07-19 02:30:00
2024-07-19,02:45:00 am,0,103.428,23.915,2024-07-19 02:45:00
2024-07-19,03:00:00 am,0,103.413,23.875,2024-07-19 03:00:00
2024-07-19,03:15:00 am,0,103.403,23.833,2024-07-19 03:15:00
2024-07-19,03:30:00 am,0,103.387,23.796,2024-07-19 03:30:00
2024-07-19,03:45:00 am,0,103.371,23.757,2024-07-19 03:45:00
2024-07-19,04:00:00 am,0,103.357,23.717,2024-07-19 04:00:00
2024-07-19,04:15:00 am,0,103.35,23.678,2024-07-19 04:15:00
2024-07-19,04:30:00 am,0,103.341,23.637,2024-07-19 04:30:00
2024-07-19,04:45:00 am,0,103.325,23.597,2024-07-19 04:45:00
2024-07-19,05:00:00 am,0,103.318,23.558,2024-07-19 05:00:00
2024-07-19,05:15:00 am,0,103.313,23.521,2024-07-19 05:15:00
2024-07-19,05:30:00 am,0,103.351,23.481,2024-07-19 05:30:00
2024-07-19,05:45:00 am,0,103.353,23.446,2024-07-19 05:45:00
2024-07-19,06:00:00 am,0,103.364,23.41,2024-07-19 06:00:00
2024-07-19,06:15:00 am,0,103.369,23.376,2024-07-19 06:15:00
2024-07-19,06:30:00 am,0,103.37,23.342,2024-07-19 06:30:00
2024-07-19,06:45:00 am,0,103.39,23.314,2024-07-19 06:45:00
2024-07-19,07:00:00 am,0,103.41,23.286,2024-07-19 07:00:00
2024-07-19,07:15:00 am,0,103.431,23.261,2024-07-19 07:15:00
2024-07-19,07:30:00 am,0,103.448,23.242,2024-07-19 07:30:00
2024-07-19,07:45:00 am,0,103.47,23.22,2024-07-19 07:45:00
2024-07-19,08:00:00 am,0,103.481,23.209,2024-07-19 08:00:00
2024-07-19,08:15:00 am,0,103.489,23.197,2024-07-19 08:15:00
2024-07-19,08:30:00 am,0,103.483,23.19,2024-07-19 08:30:00
2024-07-19,08:45:00 am,0,103.476,23.184,2024-07-19 08:45:00
2024-07-19,09:00:00 am,0,103.478,23.181,2024-07-19 09:00:00
2024-07-19,09:15:00 am,0,103.474,23.189,2024-07-19 09:15:00
2024-07-19,09:30:00 am,0,103.471,23.199,2024-07-19 09:30:00
2024-07-19,09:45:00 am,0,103.468,23.202,2024-07-19 09:45:00
2024-07-19,10:00:00 am,0,103.473,23.217,2024-07-19 10:00:00
2024-07-19,10:15:00 am,0,103.48,23.226,2024-07-19 10:15:00
2024-07-19,10:30:00 am,0,103.485,23.235,2024-07-19 10:30:00
2024-07-19,10:45:00 am,0,103.513,23.238,2024-07-19 10:45:00
2024-07-19,11:00:00 am,0,103.522,23.246,2024-07-19 11:00:00
2024-07-19,11:15:00 am,0,103.528,23.257,2024-07-19 11:15:00
2024-07-19,11:30:00 am,0,103.525,23.267,2024-07-19 11:30:00
2024-07-19,11:45:00 am,0,103.528,23.284,2024-07-19 11:45:00
2024-07-19,12:00:00 pm,0,103.526,23.312,2024-07-19 12:00:00
2024-07-19,12:15:00 pm,0,103.529,23.365,2024-07-19 12:15:00
2024-07-19,12:30:00 pm,0,103.537,23.43,2024-07-19 12:30:00
2024-07-19,12:45:00 pm,0,103.542,23.503,2024-07-19 12:45:00
2024-07-19,01:00:00 pm,0,103.547,23.561,2024-07-19 01:00:00
2024-07-19,01:15:00 pm,0,103.554,23.635,2024-07-19 01:15:00
2024-07-19,01:30:00 pm,0,103.549,23.699,2024-07-19 01:30:00
2024-07-19,01:45:00 pm,0,103.55,23.774,2024-07-19 01:45:00
2024-07-19,02:00:00 pm,0,103.546,23.87,2024-07-19 02:00:00
2024-07-19,02:15:00 pm,0,103.529,23.963,2024-07-19 02:15:00
2024-07-19,02:30:00 pm,0,103.508,24.062,2024-07-19 02:30:00
2024-07-19,02:45:00 pm,0,103.48,24.141,2024-07-19 02:45:00
2024-07-19,03:00:00 pm,0,103.447,24.209,2024-07-19 03:00:00
2024-07-19,03:15:00 pm,0,103.461,24.276,2024-07-19 03:15:00
2024-07-19,03:30:00 pm,0,103.389,24.353,2024-07-19 03:30:00
2024-07-19,03:45:00 pm,0,103.392,24.442,2024-07-19 03:45:00
2024-07-19,04:00:00 pm,0,103.398,24.514,2024-07-19 04:00:00
2024-07-19,04:15:00 pm,0,103.394,24.575,2024-07-19 04:15:00
2024-07-19,04:30:00 pm,0,103.381,24.623,2024-07-19 04:30:00
2024-07-19,04:45:00 pm,0,103.392,24.669,2024-07-19 04:45:00
2024-07-19,05:00:00 pm,0,103.368,24.716,2024-07-19 05:00:00
2024-07-19,05:15:00 pm,0,103.353,24.764,2024-07-19 05:15:00
2024-07-19,05:30:00 pm,0,103.349,24.807,2024-07-19 05:30:00
2024-07-19,05:45:00 pm,0,103.392,24.831,2024-07-19 05:45:00
2024-07-19,06:00:00 pm,0,103.451,24.832,2024-07-19 06:00:00
2024-07-19,06:15:00 pm,0,103.486,24.818,2024-07-19 06:15:00
2024-07-19,06:30:00 pm,0,103.518,24.808,2024-07-19 06:30:00
2024-07-19,06:45:00 pm,0,103.544,24.801,2024-07-19 06:45:00
2024-07-19,07:00:00 pm,0,103.603,24.806,2024-07-19 07:00:00
2024-07-19,07:15:00 pm,0,103.773,24.82,2024-07-19 07:15:00
2024-07-19,07:30:00 pm,0,103.909,24.842,2024-07-19 07:30:00
2024-07-19,07:45:00 pm,0,103.932,24.857,2024-07-19 07:45:00
2024-07-19,08:00:00 pm,0,103.929,24.844,2024-07-19 08:00:00
2024-07-19,08:15:00 pm,0,103.902,24.773,2024-07-19 08:15:00
2024-07-19,08:30:00 pm,0,103.839,24.675,2024-07-19 08:30:00
2024-07-19,08:45:00 pm,0,103.851,24.59,2024-07-19 08:45:00
2024-07-19,09:00:00 pm,0,103.846,24.532,2024-07-19 09:00:00
2024-07-19,09:15:00 pm,0,103.851,24.493,2024-07-19 09:15:00
2024-07-19,09:30:00 pm,0,103.868,24.461,2024-07-19 09:30:00
2024-07-19,09:45:00 pm,0,103.89,24.434,2024-07-19 09:45:00
2024-07-19,10:00:00 pm,0,103.992,24.391,2024-07-19 10:00:00
2024-07-19,10:15:00 pm,0,104.12,24.324,2024-07-19 10:15:00
2024-07-19,10:30:00 pm,0,104.235,24.271,2024-07-19 10:30:00
2024-07-19,10:45:00 pm,0,104.334,24.22,2024-07-19 10:45:00
2024-07-19,11:00:00 pm,0,104.356,24.18,2024-07-19 11:00:00
2024-07-19,11:15:00 pm,0,104.362,24.133,2024-07-19 11:15:00
2024-07-19,11:30:00 pm,0,104.369,24.071,2024-07-19 11:30:00
2024-07-19,11:45:00 pm,0,104.339,24.006,2024-07-19 11:45:00
2024-07-20,12:00:00 am,0,104.296,23.93,2024-07-20 12:00:00
2024-07-20,12:15:00 am,0,104.258,23.848,2024-07-20 12:15:00
2024-07-20,12:30:00 am,0,104.222,23.768,2024-07-20 12:30:00
2024-07-20,12:45:00 am,0,104.206,23.686,2024-07-20 12:45:00
2024-07-20,01:00:00 am,0,104.167,23.608,2024-07-20 01:00:00
2024-07-20,01:15:00 am,0,104.125,23.529,2024-07-20 01:15:00
2024-07-20,01:30:00 am,0,104.087,23.454,2024-07-20 01:30:00
2024-07-20,01:45:00 am,0,104.05,23.382,2024-07-20 01:45:00
2024-07-20,02:00:00 am,0,104.017,23.316,2024-07-20 02:00:00
2024-07-20,02:15:00 am,0,104.012,23.252,2024-07-20 02:15:00
2024-07-20,02:30:00 am,0,103.974,23.191,2024-07-20 02:30:00
2024-07-20,02:45:00 am,0,103.938,23.133,2024-07-20 02:45:00
2024-07-20,03:00:00 am,0,103.901,23.079,2024-07-20 03:00:00
2024-07-20,03:15:00 am,0,103.87,23.03,2024-07-20 03:15:00
2024-07-20,03:30:00 am,0,103.849,22.981,2024-07-20 03:30:00
2024-07-20,03:45:00 am,0,103.832,22.932,2024-07-20 03:45:00
2024-07-20,04:00:00 am,0,103.841,22.889,2024-07-20 04:00:00
2024-07-20,04:15:00 am,0,103.839,22.849,2024-07-20 04:15:00
2024-07-20,04:30:00 am,0,103.819,22.813,2024-07-20 04:30:00
2024-07-20,04:45:00 am,0,103.803,22.776,2024-07-20 04:45:00
2024-07-20,05:00:00 am,0,103.788,22.744,2024-07-20 05:00:00
2024-07-20,05:15:00 am,0,103.792,22.711,2024-07-20 05:15:00
2024-07-20,05:30:00 am,0,103.786,22.683,2024-07-20 05:30:00
2024-07-20,05:45:00 am,0,103.85,22.651,2024-07-20 05:45:00
2024-07-20,06:00:00 am,0,103.912,22.607,2024-07-20 06:00:00
2024-07-20,06:15:00 am,0,103.894,22.567,2024-07-20 06:15:00
2024-07-20,06:30:00 am,0,103.954,22.544,2024-07-20 06:30:00
2024-07-20,06:45:00 am,0,104.09,22.511,2024-07-20 06:45:00
2024-07-20,07:00:00 am,0,104.233,22.482,2024-07-20 07:00:00
2024-07-20,07:15:00 am,0,104.323,22.465,2024-07-20 07:15:00
2024-07-20,07:30:00 am,0,104.459,22.445,2024-07-20 07:30:00
2024-07-20,07:45:00 am,0,104.53,22.419,2024-07-20 07:45:00
2024-07-20,08:00:00 am,0,104.572,22.394,2024-07-20 08:00:00
2024-07-20,08:15:00 am,0,104.589,22.38,2024-07-20 08:15:00
2024-07-20,08:30:00 am,0,104.648,22.367,2024-07-20 08:30:00
2024-07-20,08:45:00 am,0,104.709,22.357,2024-07-20 08:45:00
2024-07-20,09:00:00 am,0,104.857,22.343,2024-07-20 09:00:00
2024-07-20,09:15:00 am,0,105.029,22.315,2024-07-20 09:15:00
2024-07-20,09:30:00 am,0,105.194,22.285,2024-07-20 09:30:00
2024-07-20,09:45:00 am,0,105.329,22.253,2024-07-20 09:45:00
2024-07-20,10:00:00 am,0,105.392,22.23,2024-07-20 10:00:00
2024-07-20,10:15:00 am,0,105.401,22.219,2024-07-20 10:15:00
2024-07-20,10:30:00 am,0,105.386,22.216,2024-07-20 10:30:00
2024-07-20,10:45:00 am,0,105.381,22.221,2024-07-20 10:45:00
2024-07-20,11:00:00 am,0,105.371,22.227,2024-07-20 11:00:00
2024-07-20,11:15:00 am,0,105.347,22.238,2024-07-20 11:15:00
2024-07-20,11:30:00 am,0,105.33,22.267,2024-07-20 11:30:00
2024-07-20,11:45:00 am,0,105.321,22.302,2024-07-20 11:45:00
2024-07-20,12:00:00 pm,0,105.312,22.345,2024-07-20 12:00:00
2024-07-20,12:15:00 pm,0,105.304,22.403,2024-07-20 12:15:00
2024-07-20,12:30:00 pm,0,105.302,22.47,2024-07-20 12:30:00
2024-07-20,12:45:00 pm,0,105.276,22.525,2024-07-20 12:45:00
2024-07-20,01:00:00 pm,0,105.232,22.606,2024-07-20 01:00:00
2024-07-20,01:15:00 pm,0,105.179,22.7,2024-07-20 01:15:00
2024-07-20,01:30:00 pm,0,105.11,22.79,2024-07-20 01:30:00
2024-07-20,01:45:00 pm,0,105.051,22.898,2024-07-20 01:45:00
2024-07-20,02:00:00 pm,0,104.94,23.031,2024-07-20 02:00:00
2024-07-20,02:15:00 pm,0,104.916,23.149,2024-07-20 02:15:00
2024-07-20,02:30:00 pm,0,104.874,23.252,2024-07-20 02:30:00
2024-07-20,02:45:00 pm,0,104.887,23.395,2024-07-20 02:45:00
2024-07-20,03:00:00 pm,0,104.854,23.52,2024-07-20 03:00:00
2024-07-20,03:15:00 pm,0,104.843,23.637,2024-07-20 03:15:00
2024-07-20,03:30:00 pm,0,104.785,23.763,2024-07-20 03:30:00
2024-07-20,03:45:00 pm,0,104.725,23.915,2024-07-20 03:45:00
2024-07-20,04:00:00 pm,0,104.665,24.045,2024-07-20 04:00:00
2024-07-20,04:15:00 pm,0,104.629,24.155,2024-07-20 04:15:00
2024-07-20,04:30:00 pm,0,104.47,24.255,2024-07-20 04:30:00
2024-07-20,04:45:00 pm,0,104.437,24.331,2024-07-20 04:45:00
2024-07-20,05:00:00 pm,0,104.377,24.409,2024-07-20 05:00:00
2024-07-20,05:15:00 pm,0,104.316,24.49,2024-07-20 05:15:00
2024-07-20,05:30:00 pm,0,104.296,24.566,2024-07-20 05:30:00
2024-07-20,05:45:00 pm,0,104.281,24.637,2024-07-20 05:45:00
2024-07-20,06:00:00 pm,0,104.247,24.693,2024-07-20 06:00:00
2024-07-20,06:15:00 pm,0,104.218,24.747,2024-07-20 06:15:00
2024-07-20,06:30:00 pm,0,104.18,24.796,2024-07-20 06:30:00
2024-07-20,06:45:00 pm,0,104.183,24.836,2024-07-20 06:45:00
2024-07-20,07:00:00 pm,0,104.177,24.867,2024-07-20 07:00:00
2024-07-20,07:15:00 pm,0,104.178,24.893,2024-07-20 07:15:00
2024-07-20,07:30:00 pm,0,104.183,24.919,2024-07-20 07:30:00
2024-07-20,07:45:00 pm,0,104.155,24.935,2024-07-20 07:45:00
2024-07-20,08:00:00 pm,0,104.137,24.944,2024-07-20 08:00:00
2024-07-20,08:15:00 pm,0,104.128,24.945,2024-07-20 08:15:00
2024-07-20,08:30:00 pm,0,104.121,24.942,2024-07-20 08:30:00
2024-07-20,08:45:00 pm,0,104.102,24.935,2024-07-20 08:45:00
2024-07-20,09:00:00 pm,0,104.095,24.92,2024-07-20 09:00:00
2024-07-20,09:15:00 pm,0,104.079,24.907,2024-07-20 09:15:00
2024-07-20,09:30:00 pm,0,104.077,24.888,2024-07-20 09:30:00
2024-07-20,09:45:00 pm,0,104.075,24.866,2024-07-20 09:45:00
2024-07-20,10:00:00 pm,0,104.071,24.841,2024-07-20 10:00:00
2024-07-20,10:15:00 pm,0,104.06,24.806,2024-07-20 10:15:00
2024-07-20,10:30:00 pm,0,104.061,24.77,2024-07-20 10:30:00
2024-07-20,10:45:00 pm,0,104.052,24.73,2024-07-20 10:45:00
2024-07-20,11:00:00 pm,0,104.042,24.688,2024-07-20 11:00:00
2024-07-20,11:15:00 pm,0,104.038,24.644,2024-07-20 11:15:00
2024-07-20,11:30:00 pm,0,104.036,24.599,2024-07-20 11:30:00
2024-07-20,11:45:00 pm,0,104.027,24.55,2024-07-20 11:45:00
2024-07-21,12:00:00 am,0,104.01,24.505,2024-07-21 12:00:00
2024-07-21,12:15:00 am,0,103.985,24.458,2024-07-21 12:15:00
2024-07-21,12:30:00 am,0,103.979,24.409,2024-07-21 12:30:00
2024-07-21,12:45:00 am,0,103.978,24.362,2024-07-21 12:45:00
2024-07-21,01:00:00 am,0,103.963,24.312,2024-07-21 01:00:00
2024-07-21,01:15:00 am,0,103.949,24.262,2024-07-21 01:15:00
2024-07-21,01:30:00 am,0,103.924,24.217,2024-07-21 01:30:00
2024-07-21,01:45:00 am,0,103.929,24.171,2024-07-21 01:45:00
2024-07-21,02:00:00 am,0,103.928,24.124,2024-07-21 02:00:00
2024-07-21,02:15:00 am,0,103.913,24.079,2024-07-21 02:15:00
2024-07-21,02:30:00 am,0,103.892,24.034,2024-07-21 02:30:00
2024-07-21,02:45:00 am,0,103.886,23.99,2024-07-21 02:45:00
2024-07-21,03:00:00 am,0,103.877,23.945,2024-07-21 03:00:00
2024-07-21,03:15:00 am,0,103.867,23.905,2024-07-21 03:15:00
2024-07-21,03:30:00 am,0,103.828,23.863,2024-07-21 03:30:00
2024-07-21,03:45:00 am,0,103.822,23.82,2024-07-21 03:45:00
2024-07-21,04:00:00 am,0,103.826,23.778,2024-07-21 04:00:00
2024-07-21,04:15:00 am,0,103.83,23.736,2024-07-21 04:15:00
2024-07-21,04:30:00 am,0,103.852,23.693,2024-07-21 04:30:00
2024-07-21,04:45:00 am,0,103.852,23.654,2024-07-21 04:45:00
2024-07-21,05:00:00 am,0,103.844,23.619,2024-07-21 05:00:00
2024-07-21,05:15:00 am,0,103.848,23.579,2024-07-21 05:15:00
2024-07-21,05:30:00 am,0,103.849,23.544,2024-07-21 05:30:00
2024-07-21,05:45:00 am,0,103.851,23.51,2024-07-21 05:45:00
2024-07-21,06:00:00 am,0,103.849,23.478,2024-07-21 06:00:00
2024-07-21,06:15:00 am,0,103.838,23.446,2024-07-21 06:15:00
2024-07-21,06:30:00 am,0,103.851,23.415,2024-07-21 06:30:00
2024-07-21,06:45:00 am,0,103.852,23.388,2024-07-21 06:45:00
2024-07-21,07:00:00 am,0,103.852,23.36,2024-07-21 07:00:00
2024-07-21,07:15:00 am,0,103.869,23.335,2024-07-21 07:15:00
2024-07-21,07:30:00 am,0,103.869,23.313,2024-07-21 07:30:00
2024-07-21,07:45:00 am,0,103.881,23.298,2024-07-21 07:45:00
2024-07-21,08:00:00 am,0,103.872,23.282,2024-07-21 08:00:00
2024-07-21,08:15:00 am,0,103.878,23.271,2024-07-21 08:15:00
2024-07-21,08:30:00 am,0,103.873,23.264,2024-07-21 08:30:00
2024-07-21,08:45:00 am,0,103.863,23.259,2024-07-21 08:45:00
2024-07-21,09:00:00 am,0,103.855,23.258,2024-07-21 09:00:00
2024-07-21,09:15:00 am,0,103.851,23.263,2024-07-21 09:15:00
2024-07-21,09:30:00 am,0,103.852,23.272,2024-07-21 09:30:00
2024-07-21,09:45:00 am,0,103.848,23.281,2024-07-21 09:45:00
2024-07-21,10:00:00 am,0,103.86,23.287,2024-07-21 10:00:00
2024-07-21,10:15:00 am,0,103.988,23.323,2024-07-21 10:15:00
2024-07-21,10:30:00 am,0,104.365,23.43,2024-07-21 10:30:00
2024-07-21,10:45:00 am,0,104.601,23.473,2024-07-21 10:45:00
2024-07-21,11:00:00 am,0,104.732,23.472,2024-07-21 11:00:00
2024-07-21,11:15:00 am,0,105.027,23.488,2024-07-21 11:15:00
2024-07-21,11:30:00 am,0,105.149,23.516,2024-07-21 11:30:00
2024-07-21,11:45:00 am,0,105.241,23.564,2024-07-21 11:45:00
2024-07-21,12:00:00 pm,0,105.4,23.64,2024-07-21 12:00:00
2024-07-21,12:15:00 pm,0,105.383,23.663,2024-07-21 12:15:00
2024-07-21,12:30:00 pm,0,105.337,23.626,2024-07-21 12:30:00
2024-07-21,12:45:00 pm,0,105.293,23.644,2024-07-21 12:45:00
2024-07-21,01:00:00 pm,0,105.303,23.706,2024-07-21 01:00:00
2024-07-21,01:15:00 pm,0,105.349,23.762,2024-07-21 01:15:00
2024-07-21,01:30:00 pm,0,105.428,23.813,2024-07-21 01:30:00
2024-07-21,01:45:00 pm,0,105.492,23.88,2024-07-21 01:45:00
2024-07-21,02:00:00 pm,0,105.507,23.956,2024-07-21 02:00:00
2024-07-21,02:15:00 pm,0,105.534,24.006,2024-07-21 02:15:00
2024-07-21,02:30:00 pm,0,105.512,24.033,2024-07-21 02:30:00
2024-07-21,02:45:00 pm,0,105.486,24.049,2024-07-21 02:45:00
2024-07-21,03:00:00 pm,0,105.445,24.066,2024-07-21 03:00:00
2024-07-21,03:15:00 pm,0,105.418,24.065,2024-07-21 03:15:00
2024-07-21,03:30:00 pm,0,105.373,24.061,2024-07-21 03:30:00
2024-07-21,03:45:00 pm,0,105.331,24.062,2024-07-21 03:45:00
2024-07-21,04:00:00 pm,0,105.322,24.068,2024-07-21 04:00:00
2024-07-21,04:15:00 pm,0,105.244,24.082,2024-07-21 04:15:00
2024-07-21,04:30:00 pm,0,105.218,24.1,2024-07-21 04:30:00
2024-07-21,04:45:00 pm,0,105.203,24.122,2024-07-21 04:45:00
2024-07-21,05:00:00 pm,0,105.163,24.135,2024-07-21 05:00:00
2024-07-21,05:15:00 pm,0,105.053,24.141,2024-07-21 05:15:00
2024-07-21,05:30:00 pm,0,105.026,24.144,2024-07-21 05:30:00
2024-07-21,05:45:00 pm,0,105.033,24.14,2024-07-21 05:45:00
2024-07-21,06:00:00 pm,0,105.023,24.125,2024-07-21 06:00:00
2024-07-21,06:15:00 pm,0,104.991,24.111,2024-07-21 06:15:00
2024-07-21,06:30:00 pm,0,104.832,24.088,2024-07-21 06:30:00
2024-07-21,06:45:00 pm,0,104.774,24.06,2024-07-21 06:45:00
2024-07-21,07:00:00 pm,0,104.79,24.013,2024-07-21 07:00:00
2024-07-21,07:15:00 pm,0,104.802,23.962,2024-07-21 07:15:00
2024-07-21,07:30:00 pm,0,104.779,23.91,2024-07-21 07:30:00
2024-07-21,07:45:00 pm,0,104.755,23.86,2024-07-21 07:45:00
2024-07-21,08:00:00 pm,0,104.686,23.813,2024-07-21 08:00:00
2024-07-21,08:15:00 pm,0,104.627,23.764,2024-07-21 08:15:00
2024-07-21,08:30:00 pm,0,104.643,23.714,2024-07-21 08:30:00
2024-07-21,08:45:00 pm,0,104.665,23.664,2024-07-21 08:45:00
2024-07-21,09:00:00 pm,0,104.655,23.612,2024-07-21 09:00:00
2024-07-21,09:15:00 pm,0,104.663,23.565,2024-07-21 09:15:00
2024-07-21,09:30:00 pm,0,104.654,23.52,2024-07-21 09:30:00
2024-07-21,09:45:00 pm,0,104.653,23.477,2024-07-21 09:45:00
2024-07-21,10:00:00 pm,0,104.639,23.437,2024-07-21 10:00:00
2024-07-21,10:15:00 pm,0,104.63,23.392,2024-07-21 10:15:00
2024-07-21,10:30:00 pm,0,104.63,23.347,2024-07-21 10:30:00
2024-07-21,10:45:00 pm,0,104.655,23.305,2024-07-21 10:45:00
2024-07-21,11:00:00 pm,0,104.639,23.263,2024-07-21 11:00:00
2024-07-21,11:15:00 pm,0,104.622,23.223,2024-07-21 11:15:00
2024-07-21,11:30:00 pm,0,104.588,23.178,2024-07-21 11:30:00
2024-07-21,11:45:00 pm,0,104.573,23.136,2024-07-21 11:45:00
2024-07-22,12:00:00 am,0,104.578,23.095,2024-07-22 12:00:00
2024-07-22,12:15:00 am,0,104.541,23.052,2024-07-22 12:15:00
2024-07-22,12:30:00 am,0,104.517,23.008,2024-07-22 12:30:00
2024-07-22,12:45:00 am,0,104.498,22.965,2024-07-22 12:45:00
2024-07-22,01:00:00 am,0,104.503,22.924,2024-07-22 01:00:00
2024-07-22,01:15:00 am,0,104.473,22.881,2024-07-22 01:15:00
2024-07-22,01:30:00 am,0,104.444,22.842,2024-07-22 01:30:00
2024-07-22,01:45:00 am,0,104.41,22.799,2024-07-22 01:45:00
2024-07-22,02:00:00 am,0,104.377,22.757,2024-07-22 02:00:00
2024-07-22,02:15:00 am,0,104.354,22.717,2024-07-22 02:15:00
2024-07-22,02:30:00 am,0,104.339,22.675,2024-07-22 02:30:00
2024-07-22,02:45:00 am,0,104.306,22.631,2024-07-22 02:45:00
2024-07-22,03:00:00 am,0,104.285,22.586,2024-07-22 03:00:00
2024-07-22,03:15:00 am,0,104.255,22.544,2024-07-22 03:15:00
2024-07-22,03:30:00 am,0,104.242,22.501,2024-07-22 03:30:00
2024-07-22,03:45:00 am,0,104.227,22.459,2024-07-22 03:45:00
2024-07-22,04:00:00 am,0,104.211,22.415,2024-07-22 04:00:00
2024-07-22,04:15:00 am,0,104.204,22.373,2024-07-22 04:15:00
2024-07-22,04:30:00 am,0,104.205,22.331,2024-07-22 04:30:00
2024-07-22,04:45:00 am,0,104.2,22.292,2024-07-22 04:45:00
2024-07-22,05:00:00 am,0,104.187,22.26,2024-07-22 05:00:00
2024-07-22,05:15:00 am,0,104.177,22.228,2024-07-22 05:15:00
2024-07-22,05:30:00 am,0,104.17,22.202,2024-07-22 05:30:00
2024-07-22,05:45:00 am,0,104.175,22.178,2024-07-22 05:45:00
2024-07-22,06:00:00 am,0,104.164,22.153,2024-07-22 06:00:00
2024-07-22,06:15:00 am,0,104.142,22.132,2024-07-22 06:15:00
2024-07-22,06:30:00 am,0,104.137,22.118,2024-07-22 06:30:00
2024-07-22,06:45:00 am,0,104.134,22.103,2024-07-22 06:45:00
2024-07-22,07:00:00 am,0,104.136,22.093,2024-07-22 07:00:00
2024-07-22,07:15:00 am,0,104.129,22.086,2024-07-22 07:15:00
2024-07-22,07:30:00 am,0,104.139,22.084,2024-07-22 07:30:00
2024-07-22,07:45:00 am,0,104.141,22.088,2024-07-22 07:45:00
2024-07-22,08:00:00 am,0,104.142,22.091,2024-07-22 08:00:00
2024-07-22,08:15:00 am,0,104.145,22.099,2024-07-22 08:15:00
2024-07-22,08:30:00 am,0,104.186,22.112,2024-07-22 08:30:00
2024-07-22,08:45:00 am,0,104.186,22.132,2024-07-22 08:45:00
2024-07-22,09:00:00 am,0,104.18,22.149,2024-07-22 09:00:00
2024-07-22,09:15:00 am,0,104.181,22.172,2024-07-22 09:15:00
2024-07-22,09:30:00 am,0,104.192,22.198,2024-07-22 09:30:00
2024-07-22,09:45:00 am,0,104.203,22.224,2024-07-22 09:45:00
2024-07-22,10:00:00 am,0,104.216,22.253,2024-07-22 10:00:00
2024-07-22,10:15:00 am,0,104.215,22.284,2024-07-22 10:15:00
2024-07-22,10:30:00 am,0,104.219,22.316,2024-07-22 10:30:00
2024-07-22,10:45:00 am,0,104.222,22.345,2024-07-22 10:45:00
2024-07-22,11:00:00 am,0,104.23,22.373,2024-07-22 11:00:00
2024-07-22,11:15:00 am,0,104.228,22.415,2024-07-22 11:15:00
2024-07-22,11:30:00 am,0,104.236,22.458,2024-07-22 11:30:00
2024-07-22,11:45:00 am,0,104.24,22.514,2024-07-22 11:45:00
2024-07-22,12:00:00 pm,0,104.246,22.572,2024-07-22 12:00:00
2024-07-22,12:15:00 pm,0,104.247,22.648,2024-07-22 12:15:00
2024-07-22,12:30:00 pm,0,104.245,22.722,2024-07-22 12:30:00
2024-07-22,12:45:00 pm,0,104.239,22.789,2024-07-22 12:45:00
2024-07-22,01:00:00 pm,0,104.239,22.883,2024-07-22 01:00:00
2024-07-22,01:15:00 pm,0,104.219,23.004,2024-07-22 01:15:00
2024-07-22,01:30:00 pm,0,104.177,23.112,2024-07-22 01:30:00
2024-07-22,01:45:00 pm,0,104.154,23.225,2024-07-22 01:45:00
2024-07-22,02:00:00 pm,0,104.14,23.346,2024-07-22 02:00:00
2024-07-22,02:15:00 pm,0,104.046,23.467,2024-07-22 02:15:00
2024-07-22,02:30:00 pm,0,104.034,23.609,2024-07-22 02:30:00
2024-07-22,02:45:00 pm,0,104.008,23.726,2024-07-22 02:45:00
2024-07-22,03:00:00 pm,0,103.973,23.816,2024-07-22 03:00:00
2024-07-22,03:15:00 pm,0,103.95,23.928,2024-07-22 03:15:00
2024-07-22,03:30:00 pm,0,103.928,24.051,2024-07-22 03:30:00
2024-07-22,03:45:00 pm,0,103.937,24.174,2024-07-22 03:45:00
2024-07-22,04:00:00 pm,0,103.93,24.274,2024-07-22 04:00:00
2024-07-22,04:15:00 pm,0,103.924,24.369,2024-07-22 04:15:00
2024-07-22,04:30:00 pm,0,103.909,24.455,2024-07-22 04:30:00
2024-07-22,04:45:00 pm,0,103.902,24.546,2024-07-22 04:45:00
2024-07-22,05:00:00 pm,0,103.885,24.632,2024-07-22 05:00:00
2024-07-22,05:15:00 pm,0,103.887,24.706,2024-07-22 05:15:00
2024-07-22,05:30:00 pm,0,103.858,24.767,2024-07-22 05:30:00
2024-07-22,05:45:00 pm,0,103.774,24.822,2024-07-22 05:45:00
2024-07-22,06:00:00 pm,0,103.796,24.875,2024-07-22 06:00:00
2024-07-22,06:15:00 pm,0,103.8,24.93,2024-07-22 06:15:00
2024-07-22,06:30:00 pm,0,103.81,24.975,2024-07-22 06:30:00
2024-07-22,06:45:00 pm,0,103.822,25.011,2024-07-22 06:45:00
2024-07-22,07:00:00 pm,0,103.827,25.043,2024-07-22 07:00:00
2024-07-22,07:15:00 pm,0,103.798,25.071,2024-07-22 07:15:00
2024-07-22,07:30:00 pm,0,103.798,25.094,2024-07-22 07:30:00
2024-07-22,07:45:00 pm,0,103.796,25.107,2024-07-22 07:45:00
2024-07-22,08:00:00 pm,0,103.801,25.111,2024-07-22 08:00:00
2024-07-22,08:15:00 pm,0,103.796,25.11,2024-07-22 08:15:00
2024-07-22,08:30:00 pm,0,103.829,25.098,2024-07-22 08:30:00
2024-07-22,08:45:00 pm,0,103.853,25.079,2024-07-22 08:45:00
2024-07-22,09:00:00 pm,0,103.854,25.06,2024-07-22 09:00:00
2024-07-22,09:15:00 pm,0,103.859,25.028,2024-07-22 09:15:00
2024-07-22,09:30:00 pm,0,103.856,24.992,2024-07-22 09:30:00
2024-07-22,09:45:00 pm,0,103.865,24.957,2024-07-22 09:45:00
2024-07-22,10:00:00 pm,0,103.854,24.919,2024-07-22 10:00:00
2024-07-22,10:15:00 pm,0,103.859,24.874,2024-07-22 10:15:00
2024-07-22,10:30:00 pm,0,103.856,24.827,2024-07-22 10:30:00
2024-07-22,10:45:00 pm,0,103.843,24.778,2024-07-22 10:45:00
2024-07-22,11:00:00 pm,0,103.864,24.726,2024-07-22 11:00:00
2024-07-22,11:15:00 pm,0,103.871,24.676,2024-07-22 11:15:00
2024-07-22,11:30:00 pm,0,103.872,24.627,2024-07-22 11:30:00
2024-07-22,11:45:00 pm,0,103.862,24.577,2024-07-22 11:45:00
2024-07-23,12:00:00 am,0,103.85,24.527,2024-07-23 12:00:00
2024-07-23,12:15:00 am,0,103.837,24.474,2024-07-23 12:15:00
2024-07-23,12:30:00 am,0,103.838,24.424,2024-07-23 12:30:00
2024-07-23,12:45:00 am,0,103.822,24.375,2024-07-23 12:45:00
2024-07-23,01:00:00 am,0,103.812,24.323,2024-07-23 01:00:00
2024-07-23,01:15:00 am,0,103.816,24.269,2024-07-23 01:15:00
2024-07-23,01:30:00 am,0,103.799,24.213,2024-07-23 01:30:00
2024-07-23,01:45:00 am,0,103.779,24.161,2024-07-23 01:45:00
2024-07-23,02:00:00 am,0,103.777,24.108,2024-07-23 02:00:00
2024-07-23,02:15:00 am,0,103.764,24.057,2024-07-23 02:15:00
2024-07-23,02:30:00 am,0,103.756,24.003,2024-07-23 02:30:00
2024-07-23,02:45:00 am,0,103.768,23.953,2024-07-23 02:45:00
2024-07-23,03:00:00 am,0,103.782,23.903,2024-07-23 03:00:00
2024-07-23,03:15:00 am,0,103.79,23.851,2024-07-23 03:15:00
2024-07-23,03:30:00 am,0,103.795,23.802,2024-07-23 03:30:00
2024-07-23,03:45:00 am,0,103.805,23.756,2024-07-23 03:45:00
2024-07-23,04:00:00 am,0,103.812,23.71,2024-07-23 04:00:00
2024-07-23,04:15:00 am,0,103.815,23.663,2024-07-23 04:15:00
2024-07-23,04:30:00 am,0,103.82,23.618,2024-07-23 04:30:00
2024-07-23,04:45:00 am,0,103.838,23.577,2024-07-23 04:45:00
2024-07-23,05:00:00 am,0,103.852,23.534,2024-07-23 05:00:00
2024-07-23,05:15:00 am,0,103.854,23.494,2024-07-23 05:15:00
2024-07-23,05:30:00 am,0,103.86,23.455,2024-07-23 05:30:00
2024-07-23,05:45:00 am,0,103.861,23.416,2024-07-23 05:45:00
2024-07-23,06:00:00 am,0,103.855,23.381,2024-07-23 06:00:00
2024-07-23,06:15:00 am,0,103.845,23.346,2024-07-23 06:15:00
2024-07-23,06:30:00 am,0,103.873,23.312,2024-07-23 06:30:00
2024-07-23,06:45:00 am,0,103.892,23.285,2024-07-23 06:45:00
2024-07-23,07:00:00 am,0,103.888,23.255,2024-07-23 07:00:00
2024-07-23,07:15:00 am,0,103.893,23.23,2024-07-23 07:15:00
2024-07-23,07:30:00 am,0,103.888,23.21,2024-07-23 07:30:00
2024-07-23,07:45:00 am,0,103.884,23.193,2024-07-23 07:45:00
2024-07-23,08:00:00 am,0,103.887,23.182,2024-07-23 08:00:00
2024-07-23,08:15:00 am,0,103.891,23.171,2024-07-23 08:15:00
2024-07-23,08:30:00 am,0,103.895,23.164,2024-07-23 08:30:00
2024-07-23,08:45:00 am,0,103.897,23.162,2024-07-23 08:45:00
2024-07-23,09:00:00 am,0,103.893,23.16,2024-07-23 09:00:00
2024-07-23,09:15:00 am,0,103.892,23.158,2024-07-23 09:15:00
2024-07-23,09:30:00 am,0,103.897,23.163,2024-07-23 09:30:00
2024-07-23,09:45:00 am,0,103.909,23.177,2024-07-23 09:45:00
2024-07-23,10:00:00 am,0,103.914,23.198,2024-07-23 10:00:00
2024-07-23,10:15:00 am,0,103.922,23.223,2024-07-23 10:15:00
2024-07-23,10:30:00 am,0,103.938,23.249,2024-07-23 10:30:00
2024-07-23,10:45:00 am,0,103.948,23.284,2024-07-23 10:45:00
2024-07-23,11:00:00 am,0,103.963,23.339,2024-07-23 11:00:00
2024-07-23,11:15:00 am,0,103.963,23.386,2024-07-23 11:15:00
2024-07-23,11:30:00 am,0,103.963,23.428,2024-07-23 11:30:00
2024-07-23,11:45:00 am,0,103.976,23.483,2024-07-23 11:45:00
2024-07-23,12:00:00 pm,0,103.983,23.541,2024-07-23 12:00:00
2024-07-23,12:15:00 pm,0,103.991,23.598,2024-07-23 12:15:00
2024-07-23,12:30:00 pm,0,103.995,23.677,2024-07-23 12:30:00
2024-07-23,12:45:00 pm,0,103.999,23.755,2024-07-23 12:45:00
2024-07-23,01:00:00 pm,0,103.993,23.819,2024-07-23 01:00:00
2024-07-23,01:15:00 pm,0,103.994,23.928,2024-07-23 01:15:00
2024-07-23,01:30:00 pm,0,103.989,24.056,2024-07-23 01:30:00
2024-07-23,01:45:00 pm,0,103.965,24.149,2024-07-23 01:45:00
2024-07-23,02:00:00 pm,0,103.945,24.268,2024-07-23 02:00:00
2024-07-23,02:15:00 pm,0,103.94,24.406,2024-07-23 02:15:00
2024-07-23,02:30:00 pm,0,103.861,24.535,2024-07-23 02:30:00
2024-07-23,02:45:00 pm,0,103.828,24.635,2024-07-23 02:45:00
2024-07-23,03:00:00 pm,0,103.83,24.744,2024-07-23 03:00:00
2024-07-23,03:15:00 pm,0,103.859,24.81,2024-07-23 03:15:00
2024-07-23,03:30:00 pm,0,103.918,24.836,2024-07-23 03:30:00
2024-07-23,03:45:00 pm,0,103.89,24.86,2024-07-23 03:45:00
2024-07-23,04:00:00 pm,0,103.843,24.898,2024-07-23 04:00:00
2024-07-23,04:15:00 pm,0,103.842,24.94,2024-07-23 04:15:00
2024-07-23,04:30:00 pm,0,103.897,24.99,2024-07-23 04:30:00
2024-07-23,04:45:00 pm,0,103.918,25.034,2024-07-23 04:45:00
2024-07-23,05:00:00 pm,0,103.947,25.066,2024-07-23 05:00:00
2024-07-23,05:15:00 pm,0,103.99,25.094,2024-07-23 05:15:00
2024-07-23,05:30:00 pm,0,104.04,25.098,2024-07-23 05:30:00
2024-07-23,05:45:00 pm,0,104.08,25.085,2024-07-23 05:45:00
2024-07-23,06:00:00 pm,0,104.077,25.042,2024-07-23 06:00:00
2024-07-23,06:15:00 pm,0,104.075,25.003,2024-07-23 06:15:00
2024-07-23,06:30:00 pm,0,104.09,24.98,2024-07-23 06:30:00
2024-07-23,06:45:00 pm,0,104.162,24.962,2024-07-23 06:45:00
2024-07-23,07:00:00 pm,0,104.245,24.955,2024-07-23 07:00:00
2024-07-23,07:15:00 pm,0,104.281,24.941,2024-07-23 07:15:00
2024-07-23,07:30:00 pm,0,104.305,24.93,2024-07-23 07:30:00
2024-07-23,07:45:00 pm,0,104.297,24.915,2024-07-23 07:45:00
2024-07-23,08:00:00 pm,0,104.289,24.883,2024-07-23 08:00:00
2024-07-23,08:15:00 pm,0,104.286,24.835,2024-07-23 08:15:00
2024-07-23,08:30:00 pm,0,104.282,24.783,2024-07-23 08:30:00
2024-07-23,08:45:00 pm,0,104.277,24.729,2024-07-23 08:45:00
2024-07-23,09:00:00 pm,0,104.292,24.688,2024-07-23 09:00:00
2024-07-23,09:15:00 pm,0,104.347,24.65,2024-07-23 09:15:00
2024-07-23,09:30:00 pm,0,104.363,24.611,2024-07-23 09:30:00
2024-07-23,09:45:00 pm,0,104.401,24.568,2024-07-23 09:45:00
2024-07-23,10:00:00 pm,0,104.401,24.514,2024-07-23 10:00:00
2024-07-23,10:15:00 pm,0,104.414,24.46,2024-07-23 10:15:00
2024-07-23,10:30:00 pm,0,104.416,24.404,2024-07-23 10:30:00
2024-07-23,10:45:00 pm,0,104.408,24.354,2024-07-23 10:45:00
2024-07-23,11:00:00 pm,0,104.393,24.301,2024-07-23 11:00:00
2024-07-23,11:15:00 pm,0,104.414,24.25,2024-07-23 11:15:00
2024-07-23,11:30:00 pm,0,104.414,24.202,2024-07-23 11:30:00
2024-07-23,11:45:00 pm,0,104.403,24.155,2024-07-23 11:45:00
2024-07-24,12:00:00 am,0,104.394,24.11,2024-07-24 12:00:00
2024-07-24,12:15:00 am,0,104.396,24.066,2024-07-24 12:15:00
2024-07-24,12:30:00 am,0,104.384,24.017,2024-07-24 12:30:00
2024-07-24,12:45:00 am,0,104.363,23.968,2024-07-24 12:45:00
2024-07-24,01:00:00 am,0,104.338,23.918,2024-07-24 01:00:00
2024-07-24,01:15:00 am,0,104.32,23.874,2024-07-24 01:15:00
2024-07-24,01:30:00 am,0,104.297,23.828,2024-07-24 01:30:00
2024-07-24,01:45:00 am,0,104.265,23.777,2024-07-24 01:45:00
2024-07-24,02:00:00 am,0,104.256,23.731,2024-07-24 02:00:00
2024-07-24,02:15:00 am,0,104.234,23.687,2024-07-24 02:15:00
2024-07-24,02:30:00 am,0,104.222,23.639,2024-07-24 02:30:00
2024-07-24,02:45:00 am,0,104.222,23.594,2024-07-24 02:45:00
2024-07-24,03:00:00 am,0,104.239,23.552,2024-07-24 03:00:00
2024-07-24,03:15:00 am,0,104.261,23.511,2024-07-24 03:15:00
2024-07-24,03:30:00 am,0,104.286,23.467,2024-07-24 03:30:00
2024-07-24,03:45:00 am,0,104.291,23.426,2024-07-24 03:45:00
2024-07-24,04:00:00 am,0,104.292,23.387,2024-07-24 04:00:00
2024-07-24,04:15:00 am,0,104.28,23.35,2024-07-24 04:15:00
2024-07-24,04:30:00 am,0,104.274,23.314,2024-07-24 04:30:00
2024-07-24,04:45:00 am,0,104.274,23.278,2024-07-24 04:45:00
2024-07-24,05:00:00 am,0,104.267,23.243,2024-07-24 05:00:00
2024-07-24,05:15:00 am,0,104.269,23.21,2024-07-24 05:15:00
2024-07-24,05:30:00 am,0,104.275,23.179,2024-07-24 05:30:00
2024-07-24,05:45:00 am,0,104.282,23.148,2024-07-24 05:45:00
2024-07-24,06:00:00 am,0,104.281,23.117,2024-07-24 06:00:00
2024-07-24,06:15:00 am,0,104.294,23.087,2024-07-24 06:15:00
2024-07-24,06:30:00 am,0,104.305,23.056,2024-07-24 06:30:00
2024-07-24,06:45:00 am,0,104.317,23.029,2024-07-24 06:45:00
2024-07-24,07:00:00 am,0,104.325,23.007,2024-07-24 07:00:00
2024-07-24,07:15:00 am,0,104.327,22.983,2024-07-24 07:15:00
2024-07-24,07:30:00 am,0,104.326,22.964,2024-07-24 07:30:00
2024-07-24,07:45:00 am,0,104.333,22.947,2024-07-24 07:45:00
2024-07-24,08:00:00 am,0,104.34,22.933,2024-07-24 08:00:00
2024-07-24,08:15:00 am,0,104.344,22.924,2024-07-24 08:15:00
2024-07-24,08:30:00 am,0,104.351,22.916,2024-07-24 08:30:00
2024-07-24,08:45:00 am,0,104.357,22.91,2024-07-24 08:45:00
2024-07-24,09:00:00 am,0,104.363,22.904,2024-07-24 09:00:00
2024-07-24,09:15:00 am,0,104.362,22.896,2024-07-24 09:15:00
2024-07-24,09:30:00 am,0,104.359,22.891,2024-07-24 09:30:00
2024-07-24,09:45:00 am,0,104.358,22.894,2024-07-24 09:45:00
2024-07-24,10:00:00 am,0,104.362,22.899,2024-07-24 10:00:00
2024-07-24,10:15:00 am,0,104.362,22.904,2024-07-24 10:15:00
2024-07-24,10:30:00 am,0,104.373,22.915,2024-07-24 10:30:00
2024-07-24,10:45:00 am,0,104.37,22.931,2024-07-24 10:45:00
2024-07-24,11:00:00 am,0,104.364,22.945,2024-07-24 11:00:00
2024-07-24,11:15:00 am,0,104.365,22.963,2024-07-24 11:15:00
2024-07-24,11:30:00 am,0,104.362,22.983,2024-07-24 11:30:00
2024-07-24,11:45:00 am,0,104.365,22.99,2024-07-24 11:45:00
2024-07-24,12:00:00 pm,0,104.364,22.993,2024-07-24 12:00:00
2024-07-24,12:15:00 pm,0,104.374,23.009,2024-07-24 12:15:00
2024-07-24,12:30:00 pm,0,104.389,23.026,2024-07-24 12:30:00
2024-07-24,12:45:00 pm,0,104.409,23.05,2024-07-24 12:45:00
2024-07-24,01:00:00 pm,0,104.477,23.072,2024-07-24 01:00:00
2024-07-24,01:15:00 pm,0,104.56,23.093,2024-07-24 01:15:00
2024-07-24,01:30:00 pm,0,104.663,23.119,2024-07-24 01:30:00
2024-07-24,01:45:00 pm,0,104.752,23.149,2024-07-24 01:45:00
2024-07-24,02:00:00 pm,0,104.812,23.175,2024-07-24 02:00:00
2024-07-24,02:15:00 pm,0,104.908,23.205,2024-07-24 02:15:00
2024-07-24,02:30:00 pm,0,105,23.24,2024-07-24 02:30:00
2024-07-24,02:45:00 pm,0,105.066,23.276,2024-07-24 02:45:00
2024-07-24,03:00:00 pm,0,105.09,23.305,2024-07-24 03:00:00
2024-07-24,03:15:00 pm,0,105.119,23.326,2024-07-24 03:15:00
2024-07-24,03:30:00 pm,0,105.175,23.353,2024-07-24 03:30:00
2024-07-24,03:45:00 pm,0,105.26,23.374,2024-07-24 03:45:00
2024-07-24,04:00:00 pm,0,105.27,23.376,2024-07-24 04:00:00
2024-07-24,04:15:00 pm,0,105.331,23.376,2024-07-24 04:15:00
2024-07-24,04:30:00 pm,0,105.366,23.386,2024-07-24 04:30:00
2024-07-24,04:45:00 pm,0,105.402,23.402,2024-07-24 04:45:00
2024-07-24,05:00:00 pm,0,105.455,23.426,2024-07-24 05:00:00
2024-07-24,05:15:00 pm,0,105.498,23.458,2024-07-24 05:15:00
2024-07-24,05:30:00 pm,0,105.51,23.486,2024-07-24 05:30:00
2024-07-24,05:45:00 pm,0,105.506,23.507,2024-07-24 05:45:00
2024-07-24,06:00:00 pm,0,105.491,23.523,2024-07-24 06:00:00
2024-07-24,06:15:00 pm,0,105.485,23.53,2024-07-24 06:15:00
2024-07-24,06:30:00 pm,0,105.462,23.533,2024-07-24 06:30:00
2024-07-24,06:45:00 pm,0,105.43,23.526,2024-07-24 06:45:00
2024-07-24,07:00:00 pm,0,105.403,23.512,2024-07-24 07:00:00
2024-07-24,07:15:00 pm,0,105.381,23.498,2024-07-24 07:15:00
2024-07-24,07:30:00 pm,0,105.349,23.477,2024-07-24 07:30:00
2024-07-24,07:45:00 pm,0,105.325,23.457,2024-07-24 07:45:00
2024-07-24,08:00:00 pm,0,105.307,23.44,2024-07-24 08:00:00
2024-07-24,08:15:00 pm,0,105.288,23.423,2024-07-24 08:15:00
2024-07-24,08:30:00 pm,0,105.262,23.403,2024-07-24 08:30:00
2024-07-24,08:45:00 pm,0,105.245,23.384,2024-07-24 08:45:00
2024-07-24,09:00:00 pm,0,105.24,23.363,2024-07-24 09:00:00
2024-07-24,09:15:00 pm,0,105.231,23.345,2024-07-24 09:15:00
2024-07-24,09:30:00 pm,0,105.209,23.326,2024-07-24 09:30:00
2024-07-24,09:45:00 pm,0,105.202,23.308,2024-07-24 09:45:00
2024-07-24,10:00:00 pm,0,105.182,23.287,2024-07-24 10:00:00
2024-07-24,10:15:00 pm,0,105.164,23.269,2024-07-24 10:15:00
2024-07-24,10:30:00 pm,0,105.153,23.255,2024-07-24 10:30:00
2024-07-24,10:45:00 pm,0,105.147,23.237,2024-07-24 10:45:00
2024-07-24,11:00:00 pm,0,105.142,23.223,2024-07-24 11:00:00
2024-07-24,11:15:00 pm,0,105.133,23.204,2024-07-24 11:15:00
2024-07-24,11:30:00 pm,0,105.12,23.187,2024-07-24 11:30:00
2024-07-24,11:45:00 pm,0,105.098,23.17,2024-07-24 11:45:00
2024-07-25,12:00:00 am,0,105.084,23.154,2024-07-25 12:00:00
2024-07-25,12:15:00 am,0,105.064,23.136,2024-07-25 12:15:00
2024-07-25,12:30:00 am,0,105.042,23.122,2024-07-25 12:30:00
2024-07-25,12:45:00 am,0,105.028,23.106,2024-07-25 12:45:00
2024-07-25,01:00:00 am,0,105.016,23.086,2024-07-25 01:00:00
2024-07-25,01:15:00 am,0,104.995,23.066,2024-07-25 01:15:00
2024-07-25,01:30:00 am,0,104.971,23.05,2024-07-25 01:30:00
2024-07-25,01:45:00 am,0,104.953,23.032,2024-07-25 01:45:00
2024-07-25,02:00:00 am,0,104.93,23.012,2024-07-25 02:00:00
2024-07-25,02:15:00 am,0,104.912,22.992,2024-07-25 02:15:00
2024-07-25,02:30:00 am,0,104.899,22.974,2024-07-25 02:30:00
2024-07-25,02:45:00 am,0,104.885,22.957,2024-07-25 02:45:00
2024-07-25,03:00:00 am,0,104.867,22.94,2024-07-25 03:00:00
2024-07-25,03:15:00 am,0,104.852,22.92,2024-07-25 03:15:00
2024-07-25,03:30:00 am,0,104.839,22.905,2024-07-25 03:30:00
2024-07-25,03:45:00 am,0,104.842,22.886,2024-07-25 03:45:00
2024-07-25,04:00:00 am,0,104.829,22.872,2024-07-25 04:00:00
2024-07-25,04:15:00 am,0,104.823,22.856,2024-07-25 04:15:00
2024-07-25,04:30:00 am,0,104.816,22.842,2024-07-25 04:30:00
2024-07-25,04:45:00 am,0,104.812,22.829,2024-07-25 04:45:00
2024-07-25,05:00:00 am,0,104.806,22.816,2024-07-25 05:00:00
2024-07-25,05:15:00 am,0,104.794,22.802,2024-07-25 05:15:00
2024-07-25,05:30:00 am,0,104.788,22.789,2024-07-25 05:30:00
2024-07-25,05:45:00 am,0,104.781,22.774,2024-07-25 05:45:00
2024-07-25,06:00:00 am,0,104.78,22.759,2024-07-25 06:00:00
2024-07-25,06:15:00 am,0,104.783,22.745,2024-07-25 06:15:00
2024-07-25,06:30:00 am,0,104.787,22.73,2024-07-25 06:30:00
2024-07-25,06:45:00 am,0,104.797,22.72,2024-07-25 06:45:00
2024-07-25,07:00:00 am,0,104.805,22.711,2024-07-25 07:00:00
2024-07-25,07:15:00 am,0,104.808,22.702,2024-07-25 07:15:00
2024-07-25,07:30:00 am,0,104.813,22.692,2024-07-25 07:30:00
2024-07-25,07:45:00 am,0,104.81,22.684,2024-07-25 07:45:00
2024-07-25,08:00:00 am,0,104.809,22.675,2024-07-25 08:00:00
2024-07-25,08:15:00 am,0,104.811,22.669,2024-07-25 08:15:00
2024-07-25,08:30:00 am,0,104.815,22.664,2024-07-25 08:30:00
2024-07-25,08:45:00 am,0,104.815,22.663,2024-07-25 08:45:00
2024-07-25,09:00:00 am,0,104.821,22.662,2024-07-25 09:00:00
2024-07-25,09:15:00 am,0,104.825,22.665,2024-07-25 09:15:00
2024-07-25,09:30:00 am,0,104.832,22.669,2024-07-25 09:30:00
2024-07-25,09:45:00 am,0,104.838,22.678,2024-07-25 09:45:00
2024-07-25,10:00:00 am,0,104.84,22.691,2024-07-25 10:00:00
2024-07-25,10:15:00 am,0,104.844,22.707,2024-07-25 10:15:00
2024-07-25,10:30:00 am,0,104.848,22.726,2024-07-25 10:30:00
2024-07-25,10:45:00 am,0,104.844,22.743,2024-07-25 10:45:00
2024-07-25,11:00:00 am,0,104.851,22.77,2024-07-25 11:00:00
2024-07-25,11:15:00 am,0,104.854,22.803,2024-07-25 11:15:00
2024-07-25,11:30:00 am,0,104.852,22.846,2024-07-25 11:30:00
2024-07-25,11:45:00 am,0,104.841,22.88,2024-07-25 11:45:00
2024-07-25,12:00:00 pm,0,104.833,22.915,2024-07-25 12:00:00
2024-07-25,12:15:00 pm,0,104.825,22.955,2024-07-25 12:15:00
2024-07-25,12:30:00 pm,0,104.813,23.018,2024-07-25 12:30:00
2024-07-25,12:45:00 pm,0,104.803,23.113,2024-07-25 12:45:00
2024-07-25,01:00:00 pm,0,104.788,23.178,2024-07-25 01:00:00
2024-07-25,01:15:00 pm,0,104.778,23.233,2024-07-25 01:15:00
2024-07-25,01:30:00 pm,0,104.753,23.31,2024-07-25 01:30:00
2024-07-25,01:45:00 pm,0,104.727,23.415,2024-07-25 01:45:00
2024-07-25,02:00:00 pm,0,104.637,23.516,2024-07-25 02:00:00
2024-07-25,02:15:00 pm,0,104.61,23.599,2024-07-25 02:15:00
2024-07-25,02:30:00 pm,0,104.606,23.684,2024-07-25 02:30:00
2024-07-25,02:45:00 pm,0,104.584,23.777,2024-07-25 02:45:00
2024-07-25,03:00:00 pm,0,104.557,23.89,2024-07-25 03:00:00
2024-07-25,03:15:00 pm,0,104.54,24.016,2024-07-25 03:15:00
2024-07-25,03:30:00 pm,0,104.517,24.125,2024-07-25 03:30:00
2024-07-25,03:45:00 pm,0,104.521,24.21,2024-07-25 03:45:00
2024-07-25,04:00:00 pm,0,104.508,24.286,2024-07-25 04:00:00
2024-07-25,04:15:00 pm,0,104.508,24.361,2024-07-25 04:15:00
2024-07-25,04:30:00 pm,0,104.505,24.444,2024-07-25 04:30:00
2024-07-25,04:45:00 pm,0,104.498,24.516,2024-07-25 04:45:00
2024-07-25,05:00:00 pm,0,104.493,24.564,2024-07-25 05:00:00
2024-07-25,05:15:00 pm,0,104.457,24.625,2024-07-25 05:15:00
2024-07-25,05:30:00 pm,0,104.442,24.676,2024-07-25 05:30:00
2024-07-25,05:45:00 pm,0,104.425,24.714,2024-07-25 05:45:00
2024-07-25,06:00:00 pm,0,104.354,24.75,2024-07-25 06:00:00
2024-07-25,06:15:00 pm,0,104.338,24.777,2024-07-25 06:15:00
2024-07-25,06:30:00 pm,0,104.334,24.802,2024-07-25 06:30:00
2024-07-25,06:45:00 pm,0,104.291,24.825,2024-07-25 06:45:00
2024-07-25,07:00:00 pm,0,104.282,24.843,2024-07-25 07:00:00
2024-07-25,07:15:00 pm,0,104.29,24.854,2024-07-25 07:15:00
2024-07-25,07:30:00 pm,0,104.294,24.858,2024-07-25 07:30:00
2024-07-25,07:45:00 pm,0,104.312,24.851,2024-07-25 07:45:00
2024-07-25,08:00:00 pm,0,104.333,24.835,2024-07-25 08:00:00
2024-07-25,08:15:00 pm,0,104.346,24.818,2024-07-25 08:15:00
2024-07-25,08:30:00 pm,0,104.351,24.792,2024-07-25 08:30:00
2024-07-25,08:45:00 pm,0,104.336,24.761,2024-07-25 08:45:00
2024-07-25,09:00:00 pm,0,104.32,24.723,2024-07-25 09:00:00
2024-07-25,09:15:00 pm,0,104.301,24.68,2024-07-25 09:15:00
2024-07-25,09:30:00 pm,0,104.295,24.633,2024-07-25 09:30:00
2024-07-25,09:45:00 pm,0,104.312,24.586,2024-07-25 09:45:00
2024-07-25,10:00:00 pm,0,104.311,24.535,2024-07-25 10:00:00
2024-07-25,10:15:00 pm,0,104.302,24.478,2024-07-25 10:15:00
2024-07-25,10:30:00 pm,0,104.286,24.418,2024-07-25 10:30:00
2024-07-25,10:45:00 pm,0,104.264,24.359,2024-07-25 10:45:00
2024-07-25,11:00:00 pm,0,104.252,24.303,2024-07-25 11:00:00
2024-07-25,11:15:00 pm,0,104.239,24.243,2024-07-25 11:15:00
2024-07-25,11:30:00 pm,0,104.213,24.179,2024-07-25 11:30:00
2024-07-25,11:45:00 pm,0,104.209,24.114,2024-07-25 11:45:00
2024-07-26,12:00:00 am,0,104.189,24.048,2024-07-26 12:00:00
2024-07-26,12:15:00 am,0,104.186,23.981,2024-07-26 12:15:00
2024-07-26,12:30:00 am,0,104.165,23.914,2024-07-26 12:30:00
2024-07-26,12:45:00 am,0,104.162,23.848,2024-07-26 12:45:00
2024-07-26,01:00:00 am,0,104.161,23.779,2024-07-26 01:00:00
2024-07-26,01:15:00 am,0,104.151,23.712,2024-07-26 01:15:00
2024-07-26,01:30:00 am,0,104.145,23.644,2024-07-26 01:30:00
2024-07-26,01:45:00 am,0,104.144,23.579,2024-07-26 01:45:00
2024-07-26,02:00:00 am,0,104.133,23.514,2024-07-26 02:00:00
2024-07-26,02:15:00 am,0,104.131,23.451,2024-07-26 02:15:00
2024-07-26,02:30:00 am,0,104.124,23.386,2024-07-26 02:30:00
2024-07-26,02:45:00 am,0,104.108,23.321,2024-07-26 02:45:00
2024-07-26,03:00:00 am,0,104.108,23.259,2024-07-26 03:00:00
2024-07-26,03:15:00 am,0,104.099,23.197,2024-07-26 03:15:00
2024-07-26,03:30:00 am,0,104.092,23.137,2024-07-26 03:30:00
2024-07-26,03:45:00 am,0,104.092,23.082,2024-07-26 03:45:00
2024-07-26,04:00:00 am,0,104.09,23.026,2024-07-26 04:00:00
2024-07-26,04:15:00 am,0,104.101,22.975,2024-07-26 04:15:00
2024-07-26,04:30:00 am,0,104.099,22.928,2024-07-26 04:30:00
2024-07-26,04:45:00 am,0,104.101,22.883,2024-07-26 04:45:00
2024-07-26,05:00:00 am,0,104.101,22.842,2024-07-26 05:00:00
2024-07-26,05:15:00 am,0,104.103,22.803,2024-07-26 05:15:00
2024-07-26,05:30:00 am,0,104.09,22.762,2024-07-26 05:30:00
2024-07-26,05:45:00 am,0,104.092,22.728,2024-07-26 05:45:00
2024-07-26,06:00:00 am,0,104.109,22.694,2024-07-26 06:00:00
2024-07-26,06:15:00 am,0,104.113,22.663,2024-07-26 06:15:00
2024-07-26,06:30:00 am,0,104.124,22.635,2024-07-26 06:30:00
2024-07-26,06:45:00 am,0,104.136,22.608,2024-07-26 06:45:00
2024-07-26,07:00:00 am,0,104.144,22.58,2024-07-26 07:00:00
2024-07-26,07:15:00 am,0,104.149,22.555,2024-07-26 07:15:00
2024-07-26,07:30:00 am,0,104.164,22.54,2024-07-26 07:30:00
2024-07-26,07:45:00 am,0,104.163,22.529,2024-07-26 07:45:00
2024-07-26,08:00:00 am,0,104.18,22.524,2024-07-26 08:00:00
2024-07-26,08:15:00 am,0,104.187,22.515,2024-07-26 08:15:00
2024-07-26,08:30:00 am,0,104.198,22.514,2024-07-26 08:30:00
2024-07-26,08:45:00 am,0,104.206,22.519,2024-07-26 08:45:00
2024-07-26,09:00:00 am,0,104.213,22.531,2024-07-26 09:00:00
2024-07-26,09:15:00 am,0,104.213,22.546,2024-07-26 09:15:00
2024-07-26,09:30:00 am,0,104.215,22.562,2024-07-26 09:30:00
2024-07-26,09:45:00 am,0,104.22,22.575,2024-07-26 09:45:00
2024-07-26,10:00:00 am,0,104.211,22.589,2024-07-26 10:00:00
2024-07-26,10:15:00 am,0,104.209,22.603,2024-07-26 10:15:00
2024-07-26,10:30:00 am,0,104.214,22.622,2024-07-26 10:30:00
2024-07-26,10:45:00 am,0,104.23,22.654,2024-07-26 10:45:00
2024-07-26,11:00:00 am,0,104.222,22.685,2024-07-26 11:00:00
2024-07-26,11:15:00 am,0,104.219,22.715,2024-07-26 11:15:00
2024-07-26,11:30:00 am,0,104.211,22.75,2024-07-26 11:30:00
2024-07-26,11:45:00 am,0,104.199,22.797,2024-07-26 11:45:00
2024-07-26,12:00:00 pm,0,104.19,22.842,2024-07-26 12:00:00
2024-07-26,12:15:00 pm,0,104.18,22.887,2024-07-26 12:15:00
2024-07-26,12:30:00 pm,0,104.173,22.944,2024-07-26 12:30:00
2024-07-26,12:45:00 pm,0,104.153,23.006,2024-07-26 12:45:00
2024-07-26,01:00:00 pm,0,104.122,23.061,2024-07-26 01:00:00
2024-07-26,01:15:00 pm,0,104.107,23.15,2024-07-26 01:15:00
2024-07-26,01:30:00 pm,0,104.096,23.234,2024-07-26 01:30:00
2024-07-26,01:45:00 pm,0,104.067,23.319,2024-07-26 01:45:00
2024-07-26,02:00:00 pm,0,104.052,23.426,2024-07-26 02:00:00
2024-07-26,02:15:00 pm,0,104.013,23.505,2024-07-26 02:15:00
2024-07-26,02:30:00 pm,0,103.997,23.59,2024-07-26 02:30:00
2024-07-26,02:45:00 pm,0,103.98,23.688,2024-07-26 02:45:00
2024-07-26,03:00:00 pm,0,103.896,23.793,2024-07-26 03:00:00
2024-07-26,03:15:00 pm,0,103.879,23.895,2024-07-26 03:15:00
2024-07-26,03:30:00 pm,0,103.859,24.001,2024-07-26 03:30:00
2024-07-26,03:45:00 pm,0,103.859,24.089,2024-07-26 03:45:00
2024-07-26,04:00:00 pm,0,103.834,24.161,2024-07-26 04:00:00
2024-07-26,04:15:00 pm,0,103.818,24.245,2024-07-26 04:15:00
2024-07-26,04:30:00 pm,0,103.816,24.339,2024-07-26 04:30:00
2024-07-26,04:45:00 pm,0,103.819,24.417,2024-07-26 04:45:00
2024-07-26,05:00:00 pm,0,103.799,24.486,2024-07-26 05:00:00
2024-07-26,05:15:00 pm,0,103.791,24.56,2024-07-26 05:15:00
2024-07-26,05:30:00 pm,0,103.798,24.629,2024-07-26 05:30:00
2024-07-26,05:45:00 pm,0,103.779,24.682,2024-07-26 05:45:00
2024-07-26,06:00:00 pm,0,103.762,24.723,2024-07-26 06:00:00
2024-07-26,06:15:00 pm,0,103.719,24.765,2024-07-26 06:15:00
2024-07-26,06:30:00 pm,0,103.713,24.807,2024-07-26 06:30:00
2024-07-26,06:45:00 pm,0,103.729,24.848,2024-07-26 06:45:00
2024-07-26,07:00:00 pm,0,103.742,24.889,2024-07-26 07:00:00
2024-07-26,07:15:00 pm,0,103.756,24.925,2024-07-26 07:15:00
2024-07-26,07:30:00 pm,0,103.759,24.955,2024-07-26 07:30:00
2024-07-26,07:45:00 pm,0,103.743,24.982,2024-07-26 07:45:00
2024-07-26,08:00:00 pm,0,103.73,25.006,2024-07-26 08:00:00
2024-07-26,08:15:00 pm,0,103.722,25.026,2024-07-26 08:15:00
2024-07-26,08:30:00 pm,0,103.727,25.043,2024-07-26 08:30:00
2024-07-26,08:45:00 pm,0,103.725,25.055,2024-07-26 08:45:00
2024-07-26,09:00:00 pm,0,103.717,25.061,2024-07-26 09:00:00
2024-07-26,09:15:00 pm,0,103.708,25.06,2024-07-26 09:15:00
2024-07-26,09:30:00 pm,0,103.711,25.052,2024-07-26 09:30:00
2024-07-26,09:45:00 pm,0,103.716,25.04,2024-07-26 09:45:00
2024-07-26,10:00:00 pm,0,103.715,25.021,2024-07-26 10:00:00
2024-07-26,10:15:00 pm,0,103.695,24.997,2024-07-26 10:15:00
2024-07-26,10:30:00 pm,0,103.686,24.971,2024-07-26 10:30:00
2024-07-26,10:45:00 pm,0,103.682,24.94,2024-07-26 10:45:00
2024-07-26,11:00:00 pm,0,103.661,24.908,2024-07-26 11:00:00
2024-07-26,11:15:00 pm,0,103.646,24.871,2024-07-26 11:15:00
2024-07-26,11:30:00 pm,0,103.629,24.832,2024-07-26 11:30:00
2024-07-26,11:45:00 pm,0,103.614,24.793,2024-07-26 11:45:00
2024-07-27,12:00:00 am,0,103.622,24.753,2024-07-27 12:00:00
2024-07-27,12:15:00 am,0,103.616,24.712,2024-07-27 12:15:00
2024-07-27,12:30:00 am,0,103.615,24.667,2024-07-27 12:30:00
2024-07-27,12:45:00 am,0,103.616,24.623,2024-07-27 12:45:00
2024-07-27,01:00:00 am,0,103.609,24.577,2024-07-27 01:00:00
2024-07-27,01:15:00 am,0,103.602,24.531,2024-07-27 01:15:00
2024-07-27,01:30:00 am,0,103.591,24.486,2024-07-27 01:30:00
2024-07-27,01:45:00 am,0,103.582,24.441,2024-07-27 01:45:00
2024-07-27,02:00:00 am,0,103.574,24.393,2024-07-27 02:00:00
2024-07-27,02:15:00 am,0,103.579,24.35,2024-07-27 02:15:00
2024-07-27,02:30:00 am,0,103.578,24.304,2024-07-27 02:30:00
2024-07-27,02:45:00 am,0,103.597,24.259,2024-07-27 02:45:00
2024-07-27,03:00:00 am,0,103.585,24.213,2024-07-27 03:00:00
2024-07-27,03:15:00 am,0,103.598,24.169,2024-07-27 03:15:00
2024-07-27,03:30:00 am,0,103.605,24.122,2024-07-27 03:30:00
2024-07-27,03:45:00 am,0,103.616,24.079,2024-07-27 03:45:00
2024-07-27,04:00:00 am,0,103.629,24.037,2024-07-27 04:00:00
2024-07-27,04:15:00 am,0,103.634,23.994,2024-07-27 04:15:00
2024-07-27,04:30:00 am,0,103.63,23.954,2024-07-27 04:30:00
2024-07-27,04:45:00 am,0,103.641,23.913,2024-07-27 04:45:00
2024-07-27,05:00:00 am,0,103.654,23.873,2024-07-27 05:00:00
2024-07-27,05:15:00 am,0,103.66,23.833,2024-07-27 05:15:00
2024-07-27,05:30:00 am,0,103.664,23.793,2024-07-27 05:30:00
2024-07-27,05:45:00 am,0,103.664,23.756,2024-07-27 05:45:00
2024-07-27,06:00:00 am,0,103.648,23.717,2024-07-27 06:00:00
2024-07-27,06:15:00 am,0,103.645,23.683,2024-07-27 06:15:00
2024-07-27,06:30:00 am,0,103.643,23.648,2024-07-27 06:30:00
2024-07-27,06:45:00 am,0,103.64,23.616,2024-07-27 06:45:00
2024-07-27,07:00:00 am,0,103.635,23.584,2024-07-27 07:00:00
2024-07-27,07:15:00 am,0,103.637,23.555,2024-07-27 07:15:00
2024-07-27,07:30:00 am,0,103.64,23.527,2024-07-27 07:30:00
2024-07-27,07:45:00 am,0,103.637,23.507,2024-07-27 07:45:00
2024-07-27,08:00:00 am,0,103.649,23.481,2024-07-27 08:00:00
2024-07-27,08:15:00 am,0,103.714,23.464,2024-07-27 08:15:00
2024-07-27,08:30:00 am,0,103.707,23.446,2024-07-27 08:30:00
2024-07-27,08:45:00 am,0,103.715,23.432,2024-07-27 08:45:00
2024-07-27,09:00:00 am,0,103.717,23.42,2024-07-27 09:00:00
2024-07-27,09:15:00 am,0,103.713,23.413,2024-07-27 09:15:00
2024-07-27,09:30:00 am,0,103.712,23.412,2024-07-27 09:30:00
2024-07-27,09:45:00 am,0,103.723,23.419,2024-07-27 09:45:00
2024-07-27,10:00:00 am,0,103.718,23.428,2024-07-27 10:00:00
2024-07-27,10:15:00 am,0,103.724,23.451,2024-07-27 10:15:00
2024-07-27,10:30:00 am,0,103.726,23.481,2024-07-27 10:30:00
2024-07-27,10:45:00 am,0,103.729,23.515,2024-07-27 10:45:00
2024-07-27,11:00:00 am,0,103.738,23.554,2024-07-27 11:00:00
2024-07-27,11:15:00 am,0,103.75,23.609,2024-07-27 11:15:00
2024-07-27,11:30:00 am,0,103.752,23.643,2024-07-27 11:30:00
2024-07-27,11:45:00 am,0,103.754,23.677,2024-07-27 11:45:00
2024-07-27,12:00:00 pm,0,103.762,23.732,2024-07-27 12:00:00
2024-07-27,12:15:00 pm,0,103.778,23.821,2024-07-27 12:15:00
2024-07-27,12:30:00 pm,0,103.787,23.923,2024-07-27 12:30:00
2024-07-27,12:45:00 pm,0,103.79,23.985,2024-07-27 12:45:00
2024-07-27,01:00:00 pm,0,103.795,24.085,2024-07-27 01:00:00
2024-07-27,01:15:00 pm,0,103.793,24.157,2024-07-27 01:15:00
2024-07-27,01:30:00 pm,0,103.788,24.253,2024-07-27 01:30:00
2024-07-27,01:45:00 pm,0,103.762,24.323,2024-07-27 01:45:00
2024-07-27,02:00:00 pm,0,103.741,24.399,2024-07-27 02:00:00
2024-07-27,02:15:00 pm,0,103.736,24.489,2024-07-27 02:15:00
2024-07-27,02:30:00 pm,0,103.72,24.588,2024-07-27 02:30:00
2024-07-27,02:45:00 pm,0,103.706,24.695,2024-07-27 02:45:00
2024-07-27,03:00:00 pm,0,103.664,24.783,2024-07-27 03:00:00
2024-07-27,03:15:00 pm,0,103.652,24.835,2024-07-27 03:15:00
2024-07-27,03:30:00 pm,0,103.566,24.89,2024-07-27 03:30:00
2024-07-27,03:45:00 pm,0,103.584,24.976,2024-07-27 03:45:00
2024-07-27,04:00:00 pm,0,103.562,25.08,2024-07-27 04:00:00
2024-07-27,04:15:00 pm,0,103.531,25.184,2024-07-27 04:15:00
2024-07-27,04:30:00 pm,0,103.521,25.267,2024-07-27 04:30:00
2024-07-27,04:45:00 pm,0,103.511,25.335,2024-07-27 04:45:00
2024-07-27,05:00:00 pm,0,103.51,25.397,2024-07-27 05:00:00
2024-07-27,05:15:00 pm,0,103.516,25.47,2024-07-27 05:15:00
2024-07-27,05:30:00 pm,0,103.518,25.528,2024-07-27 05:30:00
2024-07-27,05:45:00 pm,0,103.523,25.568,2024-07-27 05:45:00
2024-07-27,06:00:00 pm,0,103.52,25.601,2024-07-27 06:00:00
2024-07-27,06:15:00 pm,0,103.506,25.629,2024-07-27 06:15:00
2024-07-27,06:30:00 pm,0,103.529,25.657,2024-07-27 06:30:00
2024-07-27,06:45:00 pm,0,103.54,25.689,2024-07-27 06:45:00
2024-07-27,07:00:00 pm,0,103.557,25.719,2024-07-27 07:00:00
2024-07-27,07:15:00 pm,0,103.562,25.743,2024-07-27 07:15:00
2024-07-27,07:30:00 pm,0,103.574,25.763,2024-07-27 07:30:00
2024-07-27,07:45:00 pm,0,103.596,25.781,2024-07-27 07:45:00
2024-07-27,08:00:00 pm,0,103.595,25.792,2024-07-27 08:00:00
2024-07-27,08:15:00 pm,0,103.578,25.805,2024-07-27 08:15:00
2024-07-27,08:30:00 pm,0,103.559,25.81,2024-07-27 08:30:00
2024-07-27,08:45:00 pm,0,103.61,25.815,2024-07-27 08:45:00
2024-07-27,09:00:00 pm,0,103.673,25.792,2024-07-27 09:00:00
2024-07-27,09:15:00 pm,0,103.775,25.728,2024-07-27 09:15:00
2024-07-27,09:30:00 pm,0,103.809,25.676,2024-07-27 09:30:00
2024-07-27,09:45:00 pm,0,103.841,25.64,2024-07-27 09:45:00
2024-07-27,10:00:00 pm,0,103.836,25.612,2024-07-27 10:00:00
2024-07-27,10:15:00 pm,0,103.848,25.578,2024-07-27 10:15:00
2024-07-27,10:30:00 pm,0,103.862,25.532,2024-07-27 10:30:00
2024-07-27,10:45:00 pm,0,103.872,25.484,2024-07-27 10:45:00
2024-07-27,11:00:00 pm,0,103.881,25.438,2024-07-27 11:00:00
2024-07-27,11:15:00 pm,0,103.891,25.384,2024-07-27 11:15:00
2024-07-27,11:30:00 pm,0,103.874,25.326,2024-07-27 11:30:00
2024-07-27,11:45:00 pm,0,103.875,25.266,2024-07-27 11:45:00
2024-07-28,12:00:00 am,0,103.878,25.202,2024-07-28 12:00:00
2024-07-28,12:15:00 am,0,103.887,25.136,2024-07-28 12:15:00
2024-07-28,12:30:00 am,0,103.891,25.07,2024-07-28 12:30:00
2024-07-28,12:45:00 am,0,103.877,25.009,2024-07-28 12:45:00
2024-07-28,01:00:00 am,0,103.865,24.946,2024-07-28 01:00:00
2024-07-28,01:15:00 am,0,103.847,24.881,2024-07-28 01:15:00
2024-07-28,01:30:00 am,0,103.827,24.816,2024-07-28 01:30:00
2024-07-28,01:45:00 am,0,103.817,24.751,2024-07-28 01:45:00
2024-07-28,02:00:00 am,0,103.821,24.688,2024-07-28 02:00:00
2024-07-28,02:15:00 am,0,103.816,24.631,2024-07-28 02:15:00
2024-07-28,02:30:00 am,0,103.805,24.573,2024-07-28 02:30:00
2024-07-28,02:45:00 am,0,103.812,24.518,2024-07-28 02:45:00
2024-07-28,03:00:00 am,0,103.816,24.467,2024-07-28 03:00:00
2024-07-28,03:15:00 am,0,103.824,24.419,2024-07-28 03:15:00
2024-07-28,03:30:00 am,0,103.807,24.365,2024-07-28 03:30:00
2024-07-28,03:45:00 am,0,103.799,24.312,2024-07-28 03:45:00
2024-07-28,04:00:00 am,0,103.789,24.265,2024-07-28 04:00:00
2024-07-28,04:15:00 am,0,103.784,24.22,2024-07-28 04:15:00
2024-07-28,04:30:00 am,0,103.782,24.177,2024-07-28 04:30:00
2024-07-28,04:45:00 am,0,103.776,24.13,2024-07-28 04:45:00
2024-07-28,05:00:00 am,0,103.768,24.091,2024-07-28 05:00:00
2024-07-28,05:15:00 am,0,103.764,24.055,2024-07-28 05:15:00
2024-07-28,05:30:00 am,0,103.762,24.015,2024-07-28 05:30:00
2024-07-28,05:45:00 am,0,103.806,23.974,2024-07-28 05:45:00
2024-07-28,06:00:00 am,0,103.836,23.937,2024-07-28 06:00:00
2024-07-28,06:15:00 am,0,103.836,23.904,2024-07-28 06:15:00
2024-07-28,06:30:00 am,0,103.837,23.87,2024-07-28 06:30:00
2024-07-28,06:45:00 am,0,103.841,23.843,2024-07-28 06:45:00
2024-07-28,07:00:00 am,0,103.875,23.816,2024-07-28 07:00:00
2024-07-28,07:15:00 am,0,103.874,23.795,2024-07-28 07:15:00
2024-07-28,07:30:00 am,0,103.878,23.776,2024-07-28 07:30:00
2024-07-28,07:45:00 am,0,103.878,23.761,2024-07-28 07:45:00
2024-07-28,08:00:00 am,0,103.881,23.748,2024-07-28 08:00:00
2024-07-28,08:15:00 am,0,103.882,23.74,2024-07-28 08:15:00
2024-07-28,08:30:00 am,0,103.885,23.731,2024-07-28 08:30:00
2024-07-28,08:45:00 am,0,103.904,23.723,2024-07-28 08:45:00
2024-07-28,09:00:00 am,0,103.952,23.722,2024-07-28 09:00:00
2024-07-28,09:15:00 am,0,103.95,23.72,2024-07-28 09:15:00
2024-07-28,09:30:00 am,0,103.95,23.727,2024-07-28 09:30:00
2024-07-28,09:45:00 am,0,103.951,23.735,2024-07-28 09:45:00
2024-07-28,10:00:00 am,0,103.953,23.759,2024-07-28 10:00:00
2024-07-28,10:15:00 am,0,103.959,23.774,2024-07-28 10:15:00
2024-07-28,10:30:00 am,0,103.958,23.804,2024-07-28 10:30:00
2024-07-28,10:45:00 am,0,103.955,23.836,2024-07-28 10:45:00
2024-07-28,11:00:00 am,0,103.955,23.879,2024-07-28 11:00:00
2024-07-28,11:15:00 am,0,103.951,23.925,2024-07-28 11:15:00
2024-07-28,11:30:00 am,0,103.951,23.984,2024-07-28 11:30:00
2024-07-28,11:45:00 am,0,103.953,24.037,2024-07-28 11:45:00
2024-07-28,12:00:00 pm,0,103.961,24.11,2024-07-28 12:00:00
2024-07-28,12:15:00 pm,0,103.963,24.167,2024-07-28 12:15:00
2024-07-28,12:30:00 pm,0,103.964,24.248,2024-07-28 12:30:00
2024-07-28,12:45:00 pm,0,103.974,24.36,2024-07-28 12:45:00
2024-07-28,01:00:00 pm,0,103.957,24.405,2024-07-28 01:00:00
2024-07-28,01:15:00 pm,0,103.956,24.499,2024-07-28 01:15:00
2024-07-28,01:30:00 pm,0,103.942,24.569,2024-07-28 01:30:00
2024-07-28,01:45:00 pm,0,103.915,24.639,2024-07-28 01:45:00
2024-07-28,02:00:00 pm,0,103.846,24.756,2024-07-28 02:00:00
2024-07-28,02:15:00 pm,0,103.803,24.885,2024-07-28 02:15:00
2024-07-28,02:30:00 pm,0,103.772,24.984,2024-07-28 02:30:00
2024-07-28,02:45:00 pm,0,103.736,25.056,2024-07-28 02:45:00
2024-07-28,03:00:00 pm,0,103.756,25.111,2024-07-28 03:00:00
2024-07-28,03:15:00 pm,0,103.748,25.136,2024-07-28 03:15:00
2024-07-28,03:30:00 pm,0,103.773,25.201,2024-07-28 03:30:00
2024-07-28,03:45:00 pm,0,103.798,25.288,2024-07-28 03:45:00
2024-07-28,04:00:00 pm,0,103.801,25.35,2024-07-28 04:00:00
2024-07-28,04:15:00 pm,0,103.814,25.386,2024-07-28 04:15:00
2024-07-28,04:30:00 pm,0,103.816,25.417,2024-07-28 04:30:00
2024-07-28,04:45:00 pm,0,103.822,25.475,2024-07-28 04:45:00
2024-07-28,05:00:00 pm,0,103.836,25.539,2024-07-28 05:00:00
2024-07-28,05:15:00 pm,0,103.825,25.595,2024-07-28 05:15:00
2024-07-28,05:30:00 pm,0,103.88,25.629,2024-07-28 05:30:00
2024-07-28,05:45:00 pm,0,103.963,25.639,2024-07-28 05:45:00
2024-07-28,06:00:00 pm,0,104.321,25.534,2024-07-28 06:00:00
2024-07-28,06:15:00 pm,0,104.745,25.294,2024-07-28 06:15:00
2024-07-28,06:30:00 pm,0,104.983,25.145,2024-07-28 06:30:00
2024-07-28,06:45:00 pm,0,105.655,25.029,2024-07-28 06:45:00
2024-07-28,07:00:00 pm,0,106.077,25.013,2024-07-28 07:00:00
2024-07-28,07:15:00 pm,0,106.247,24.897,2024-07-28 07:15:00
2024-07-28,07:30:00 pm,0,107.348,24.783,2024-07-28 07:30:00
2024-07-28,07:45:00 pm,0,107.712,24.372,2024-07-28 07:45:00
2024-07-28,08:00:00 pm,0,107.589,24.028,2024-07-28 08:00:00
2024-07-28,08:15:00 pm,0,107.472,23.979,2024-07-28 08:15:00
2024-07-28,08:30:00 pm,0,107.45,23.991,2024-07-28 08:30:00
2024-07-28,08:45:00 pm,0,107.497,23.998,2024-07-28 08:45:00
2024-07-28,09:00:00 pm,0,107.676,23.96,2024-07-28 09:00:00
2024-07-28,09:15:00 pm,0,107.872,23.89,2024-07-28 09:15:00
2024-07-28,09:30:00 pm,0,108.014,23.807,2024-07-28 09:30:00
2024-07-28,09:45:00 pm,0,108.116,23.748,2024-07-28 09:45:00
2024-07-28,10:00:00 pm,0,108.106,23.686,2024-07-28 10:00:00
2024-07-28,10:15:00 pm,0,108.043,23.643,2024-07-28 10:15:00
2024-07-28,10:30:00 pm,0,107.936,23.602,2024-07-28 10:30:00
2024-07-28,10:45:00 pm,0,107.839,23.563,2024-07-28 10:45:00
2024-07-28,11:00:00 pm,0,107.628,23.522,2024-07-28 11:00:00
2024-07-28,11:15:00 pm,0,107.432,23.506,2024-07-28 11:15:00
2024-07-28,11:30:00 pm,0,107.26,23.487,2024-07-28 11:30:00
2024-07-28,11:45:00 pm,0,107.056,23.467,2024-07-28 11:45:00
2024-07-29,12:00:00 am,0,106.879,23.444,2024-07-29 12:00:00
2024-07-29,12:15:00 am,0,106.709,23.416,2024-07-29 12:15:00
2024-07-29,12:30:00 am,0,106.585,23.379,2024-07-29 12:30:00
2024-07-29,12:45:00 am,0,106.428,23.348,2024-07-29 12:45:00
2024-07-29,01:00:00 am,0,106.348,23.298,2024-07-29 01:00:00
2024-07-29,01:15:00 am,0,106.25,23.25,2024-07-29 01:15:00
2024-07-29,01:30:00 am,0,106.161,23.215,2024-07-29 01:30:00
2024-07-29,01:45:00 am,0,106.1,23.184,2024-07-29 01:45:00
2024-07-29,02:00:00 am,0,106.021,23.161,2024-07-29 02:00:00
2024-07-29,02:15:00 am,0,105.952,23.135,2024-07-29 02:15:00
2024-07-29,02:30:00 am,0,105.878,23.11,2024-07-29 02:30:00
2024-07-29,02:45:00 am,0,105.813,23.082,2024-07-29 02:45:00
2024-07-29,03:00:00 am,0,105.771,23.061,2024-07-29 03:00:00
2024-07-29,03:15:00 am,0,105.722,23.039,2024-07-29 03:15:00
2024-07-29,03:30:00 am,0,105.681,23.013,2024-07-29 03:30:00
2024-07-29,03:45:00 am,0,105.627,22.988,2024-07-29 03:45:00
2024-07-29,04:00:00 am,0,105.585,22.96,2024-07-29 04:00:00
2024-07-29,04:15:00 am,0,105.546,22.935,2024-07-29 04:15:00
2024-07-29,04:30:00 am,0,105.519,22.905,2024-07-29 04:30:00
2024-07-29,04:45:00 am,0,105.503,22.873,2024-07-29 04:45:00
2024-07-29,05:00:00 am,0,105.483,22.846,2024-07-29 05:00:00
2024-07-29,05:15:00 am,0,105.461,22.814,2024-07-29 05:15:00
2024-07-29,05:30:00 am,0,105.44,22.783,2024-07-29 05:30:00
2024-07-29,05:45:00 am,0,105.421,22.748,2024-07-29 05:45:00
2024-07-29,06:00:00 am,0,105.399,22.715,2024-07-29 06:00:00
2024-07-29,06:15:00 am,0,105.38,22.682,2024-07-29 06:15:00
2024-07-29,06:30:00 am,0,105.352,22.649,2024-07-29 06:30:00
2024-07-29,06:45:00 am,0,105.34,22.622,2024-07-29 06:45:00
2024-07-29,07:00:00 am,0,105.334,22.595,2024-07-29 07:00:00
2024-07-29,07:15:00 am,0,105.323,22.569,2024-07-29 07:15:00
2024-07-29,07:30:00 am,0,105.307,22.546,2024-07-29 07:30:00
2024-07-29,07:45:00 am,0,105.301,22.528,2024-07-29 07:45:00
2024-07-29,08:00:00 am,0,105.288,22.515,2024-07-29 08:00:00
2024-07-29,08:15:00 am,0,105.276,22.501,2024-07-29 08:15:00
2024-07-29,08:30:00 am,0,105.263,22.493,2024-07-29 08:30:00
2024-07-29,08:45:00 am,0,105.245,22.489,2024-07-29 08:45:00
2024-07-29,09:00:00 am,0,105.228,22.497,2024-07-29 09:00:00
2024-07-29,09:15:00 am,0,105.214,22.51,2024-07-29 09:15:00
2024-07-29,09:30:00 am,0,105.198,22.528,2024-07-29 09:30:00
2024-07-29,09:45:00 am,0,105.172,22.555,2024-07-29 09:45:00
2024-07-29,10:00:00 am,0,105.153,22.591,2024-07-29 10:00:00
2024-07-29,10:15:00 am,0,105.143,22.636,2024-07-29 10:15:00
2024-07-29,10:30:00 am,0,105.126,22.697,2024-07-29 10:30:00
2024-07-29,10:45:00 am,0,105.122,22.763,2024-07-29 10:45:00
2024-07-29,11:00:00 am,0,105.094,22.837,2024-07-29 11:00:00
2024-07-29,11:15:00 am,0,105.098,22.92,2024-07-29 11:15:00
2024-07-29,11:30:00 am,0,105.082,23.021,2024-07-29 11:30:00
2024-07-29,11:45:00 am,0,105.029,23.128,2024-07-29 11:45:00
2024-07-29,12:00:00 pm,0,104.986,23.247,2024-07-29 12:00:00
2024-07-29,12:15:00 pm,0,104.973,23.359,2024-07-29 12:15:00
2024-07-29,12:30:00 pm,0,104.957,23.471,2024-07-29 12:30:00
2024-07-29,12:45:00 pm,0,104.936,23.604,2024-07-29 12:45:00
2024-07-29,01:00:00 pm,0,104.908,23.747,2024-07-29 01:00:00
2024-07-29,01:15:00 pm,0,104.848,23.893,2024-07-29 01:15:00
2024-07-29,01:30:00 pm,0,104.816,24.041,2024-07-29 01:30:00
2024-07-29,01:45:00 pm,0,104.771,24.189,2024-07-29 01:45:00
2024-07-29,02:00:00 pm,0,104.677,24.348,2024-07-29 02:00:00
2024-07-29,02:15:00 pm,0,104.674,24.498,2024-07-29 02:15:00
2024-07-29,02:30:00 pm,0,104.666,24.649,2024-07-29 02:30:00
2024-07-29,02:45:00 pm,0,104.633,24.789,2024-07-29 02:45:00
2024-07-29,03:00:00 pm,0,104.579,24.92,2024-07-29 03:00:00
2024-07-29,03:15:00 pm,0,104.566,25.044,2024-07-29 03:15:00
2024-07-29,03:30:00 pm,0,104.525,25.162,2024-07-29 03:30:00
2024-07-29,03:45:00 pm,0,104.438,25.282,2024-07-29 03:45:00
2024-07-29,04:00:00 pm,0,104.434,25.387,2024-07-29 04:00:00
2024-07-29,04:15:00 pm,0,104.402,25.489,2024-07-29 04:15:00
2024-07-29,04:30:00 pm,0,104.385,25.572,2024-07-29 04:30:00
2024-07-29,04:45:00 pm,0,104.383,25.638,2024-07-29 04:45:00
2024-07-29,05:00:00 pm,0,104.377,25.69,2024-07-29 05:00:00
2024-07-29,05:15:00 pm,0,104.367,25.735,2024-07-29 05:15:00
2024-07-29,05:30:00 pm,0,104.34,25.776,2024-07-29 05:30:00
2024-07-29,05:45:00 pm,0,104.279,25.809,2024-07-29 05:45:00
2024-07-29,06:00:00 pm,0,104.294,25.841,2024-07-29 06:00:00
2024-07-29,06:15:00 pm,0,104.317,25.865,2024-07-29 06:15:00
2024-07-29,06:30:00 pm,0,104.319,25.886,2024-07-29 06:30:00
2024-07-29,06:45:00 pm,0,104.337,25.895,2024-07-29 06:45:00
2024-07-29,07:00:00 pm,0,104.392,25.897,2024-07-29 07:00:00
2024-07-29,07:15:00 pm,0,104.367,25.892,2024-07-29 07:15:00
2024-07-29,07:30:00 pm,0,104.359,25.883,2024-07-29 07:30:00
2024-07-29,07:45:00 pm,0,104.35,25.863,2024-07-29 07:45:00
2024-07-29,08:00:00 pm,0,104.349,25.835,2024-07-29 08:00:00
2024-07-29,08:15:00 pm,0,104.332,25.804,2024-07-29 08:15:00
2024-07-29,08:30:00 pm,0,104.331,25.761,2024-07-29 08:30:00
2024-07-29,08:45:00 pm,0,104.321,25.713,2024-07-29 08:45:00
2024-07-29,09:00:00 pm,0,104.317,25.666,2024-07-29 09:00:00
2024-07-29,09:15:00 pm,0,104.335,25.609,2024-07-29 09:15:00
2024-07-29,09:30:00 pm,0,104.336,25.549,2024-07-29 09:30:00
2024-07-29,09:45:00 pm,0,104.342,25.478,2024-07-29 09:45:00
2024-07-29,10:00:00 pm,0,104.342,25.398,2024-07-29 10:00:00
2024-07-29,10:15:00 pm,0,104.337,25.304,2024-07-29 10:15:00
2024-07-29,10:30:00 pm,0,104.416,25.207,2024-07-29 10:30:00
2024-07-29,10:45:00 pm,0,104.415,25.113,2024-07-29 10:45:00
2024-07-29,11:00:00 pm,0,104.428,25.021,2024-07-29 11:00:00
2024-07-29,11:15:00 pm,0,104.428,24.935,2024-07-29 11:15:00
2024-07-29,11:30:00 pm,0,104.409,24.851,2024-07-29 11:30:00
2024-07-29,11:45:00 pm,0,104.413,24.772,2024-07-29 11:45:00
2024-07-30,12:00:00 am,0,104.464,24.694,2024-07-30 12:00:00
2024-07-30,12:15:00 am,0,104.459,24.619,2024-07-30 12:15:00
2024-07-30,12:30:00 am,0,104.448,24.543,2024-07-30 12:30:00
2024-07-30,12:45:00 am,0,104.428,24.467,2024-07-30 12:45:00
2024-07-30,01:00:00 am,0,104.415,24.39,2024-07-30 01:00:00
2024-07-30,01:15:00 am,0,104.386,24.317,2024-07-30 01:15:00
2024-07-30,01:30:00 am,0,104.355,24.245,2024-07-30 01:30:00
2024-07-30,01:45:00 am,0,104.332,24.174,2024-07-30 01:45:00
2024-07-30,02:00:00 am,0,104.299,24.105,2024-07-30 02:00:00
2024-07-30,02:15:00 am,0,104.278,24.037,2024-07-30 02:15:00
2024-07-30,02:30:00 am,0,104.255,23.972,2024-07-30 02:30:00
2024-07-30,02:45:00 am,0,104.229,23.908,2024-07-30 02:45:00
2024-07-30,03:00:00 am,0,104.22,23.851,2024-07-30 03:00:00
2024-07-30,03:15:00 am,0,104.208,23.791,2024-07-30 03:15:00
2024-07-30,03:30:00 am,0,104.191,23.734,2024-07-30 03:30:00
2024-07-30,03:45:00 am,0,104.178,23.678,2024-07-30 03:45:00
2024-07-30,04:00:00 am,0,104.272,23.627,2024-07-30 04:00:00
2024-07-30,04:15:00 am,0,104.265,23.577,2024-07-30 04:15:00
2024-07-30,04:30:00 am,0,104.274,23.527,2024-07-30 04:30:00
2024-07-30,04:45:00 am,0,104.279,23.479,2024-07-30 04:45:00
2024-07-30,05:00:00 am,0,104.288,23.434,2024-07-30 05:00:00
2024-07-30,05:15:00 am,0,104.283,23.388,2024-07-30 05:15:00
2024-07-30,05:30:00 am,0,104.275,23.34,2024-07-30 05:30:00
2024-07-30,05:45:00 am,0,104.271,23.295,2024-07-30 05:45:00
2024-07-30,06:00:00 am,0,104.274,23.251,2024-07-30 06:00:00
2024-07-30,06:15:00 am,0,104.288,23.207,2024-07-30 06:15:00
2024-07-30,06:30:00 am,0,104.296,23.169,2024-07-30 06:30:00
2024-07-30,06:45:00 am,0,104.309,23.13,2024-07-30 06:45:00
2024-07-30,07:00:00 am,0,104.33,23.095,2024-07-30 07:00:00
2024-07-30,07:15:00 am,0,104.335,23.063,2024-07-30 07:15:00
2024-07-30,07:30:00 am,0,104.336,23.032,2024-07-30 07:30:00
2024-07-30,07:45:00 am,0,104.345,23.004,2024-07-30 07:45:00
2024-07-30,08:00:00 am,0,104.354,22.98,2024-07-30 08:00:00
2024-07-30,08:15:00 am,0,104.366,22.962,2024-07-30 08:15:00
2024-07-30,08:30:00 am,0,104.369,22.948,2024-07-30 08:30:00
2024-07-30,08:45:00 am,0,104.369,22.938,2024-07-30 08:45:00
2024-07-30,09:00:00 am,0,104.373,22.936,2024-07-30 09:00:00
2024-07-30,09:15:00 am,0,104.378,22.941,2024-07-30 09:15:00
2024-07-30,09:30:00 am,0,104.383,22.954,2024-07-30 09:30:00
2024-07-30,09:45:00 am,0,104.382,22.977,2024-07-30 09:45:00
2024-07-30,10:00:00 am,0,104.39,23.009,2024-07-30 10:00:00
2024-07-30,10:15:00 am,0,104.401,23.052,2024-07-30 10:15:00
2024-07-30,10:30:00 am,0,104.398,23.097,2024-07-30 10:30:00
2024-07-30,10:45:00 am,0,104.4,23.152,2024-07-30 10:45:00
2024-07-30,11:00:00 am,0,104.406,23.215,2024-07-30 11:00:00
2024-07-30,11:15:00 am,0,104.416,23.283,2024-07-30 11:15:00
2024-07-30,11:30:00 am,0,104.429,23.364,2024-07-30 11:30:00
2024-07-30,11:45:00 am,0,104.438,23.465,2024-07-30 11:45:00
2024-07-30,12:00:00 pm,0,104.453,23.57,2024-07-30 12:00:00
2024-07-30,12:15:00 pm,0,104.457,23.681,2024-07-30 12:15:00
2024-07-30,12:30:00 pm,0,104.448,23.803,2024-07-30 12:30:00
2024-07-30,12:45:00 pm,0,104.432,23.938,2024-07-30 12:45:00
2024-07-30,01:00:00 pm,0,104.403,24.074,2024-07-30 01:00:00
2024-07-30,01:15:00 pm,0,104.366,24.217,2024-07-30 01:15:00
2024-07-30,01:30:00 pm,0,104.327,24.353,2024-07-30 01:30:00
2024-07-30,01:45:00 pm,0,104.256,24.506,2024-07-30 01:45:00
2024-07-30,02:00:00 pm,0,104.249,24.655,2024-07-30 02:00:00
2024-07-30,02:15:00 pm,0,104.223,24.801,2024-07-30 02:15:00
2024-07-30,02:30:00 pm,0,104.212,24.96,2024-07-30 02:30:00
2024-07-30,02:45:00 pm,0,104.178,25.106,2024-07-30 02:45:00
2024-07-30,03:00:00 pm,0,104.159,25.254,2024-07-30 03:00:00
2024-07-30,03:15:00 pm,0,104.015,25.414,2024-07-30 03:15:00
2024-07-30,03:30:00 pm,0,104.042,25.56,2024-07-30 03:30:00
2024-07-30,03:45:00 pm,0,104.057,25.695,2024-07-30 03:45:00
2024-07-30,04:00:00 pm,0,104.066,25.812,2024-07-30 04:00:00
2024-07-30,04:15:00 pm,0,104.056,25.929,2024-07-30 04:15:00
2024-07-30,04:30:00 pm,0,104.042,26.039,2024-07-30 04:30:00
2024-07-30,04:45:00 pm,0,104.027,26.13,2024-07-30 04:45:00
2024-07-30,05:00:00 pm,0,104.006,26.214,2024-07-30 05:00:00
2024-07-30,05:15:00 pm,0,103.985,26.289,2024-07-30 05:15:00
2024-07-30,05:30:00 pm,0,103.985,26.361,2024-07-30 05:30:00
2024-07-30,05:45:00 pm,0,103.982,26.419,2024-07-30 05:45:00
2024-07-30,06:00:00 pm,0,103.884,26.472,2024-07-30 06:00:00
2024-07-30,06:15:00 pm,0,103.894,26.512,2024-07-30 06:15:00
2024-07-30,06:30:00 pm,0,103.901,26.548,2024-07-30 06:30:00
2024-07-30,06:45:00 pm,0,103.896,26.577,2024-07-30 06:45:00
2024-07-30,07:00:00 pm,0,103.9,26.602,2024-07-30 07:00:00
2024-07-30,07:15:00 pm,0,103.904,26.618,2024-07-30 07:15:00
2024-07-30,07:30:00 pm,0,103.907,26.624,2024-07-30 07:30:00
2024-07-30,07:45:00 pm,0,103.91,26.622,2024-07-30 07:45:00
2024-07-30,08:00:00 pm,0,103.912,26.617,2024-07-30 08:00:00
2024-07-30,08:15:00 pm,0,103.919,26.605,2024-07-30 08:15:00
2024-07-30,08:30:00 pm,0,103.922,26.586,2024-07-30 08:30:00
2024-07-30,08:45:00 pm,0,103.916,26.563,2024-07-30 08:45:00
2024-07-30,09:00:00 pm,0,103.913,26.53,2024-07-30 09:00:00
2024-07-30,09:15:00 pm,0,103.922,26.496,2024-07-30 09:15:00
2024-07-30,09:30:00 pm,0,103.941,26.454,2024-07-30 09:30:00
2024-07-30,09:45:00 pm,0,103.939,26.406,2024-07-30 09:45:00
2024-07-30,10:00:00 pm,0,103.929,26.353,2024-07-30 10:00:00
2024-07-30,10:15:00 pm,0,103.92,26.301,2024-07-30 10:15:00
2024-07-30,10:30:00 pm,0,103.901,26.246,2024-07-30 10:30:00
2024-07-30,10:45:00 pm,0,103.901,26.188,2024-07-30 10:45:00
2024-07-30,11:00:00 pm,0,103.89,26.126,2024-07-30 11:00:00
2024-07-30,11:15:00 pm,0,103.883,26.061,2024-07-30 11:15:00
2024-07-30,11:30:00 pm,0,103.881,25.997,2024-07-30 11:30:00
2024-07-30,11:45:00 pm,0,103.878,25.931,2024-07-30 11:45:00
2024-07-31,12:00:00 am,0,103.875,25.864,2024-07-31 12:00:00
2024-07-31,12:15:00 am,0,103.853,25.793,2024-07-31 12:15:00
2024-07-31,12:30:00 am,0,103.836,25.723,2024-07-31 12:30:00
2024-07-31,12:45:00 am,0,103.818,25.65,2024-07-31 12:45:00
2024-07-31,01:00:00 am,0,103.809,25.583,2024-07-31 01:00:00
2024-07-31,01:15:00 am,0,103.784,25.513,2024-07-31 01:15:00
2024-07-31,01:30:00 am,0,103.784,25.442,2024-07-31 01:30:00
2024-07-31,01:45:00 am,0,103.776,25.37,2024-07-31 01:45:00
2024-07-31,02:00:00 am,0,103.762,25.3,2024-07-31 02:00:00
2024-07-31,02:15:00 am,0,103.745,25.232,2024-07-31 02:15:00
2024-07-31,02:30:00 am,0,103.73,25.163,2024-07-31 02:30:00
2024-07-31,02:45:00 am,0,103.718,25.096,2024-07-31 02:45:00
2024-07-31,03:00:00 am,0,103.82,25.028,2024-07-31 03:00:00
2024-07-31,03:15:00 am,0,103.799,24.961,2024-07-31 03:15:00
2024-07-31,03:30:00 am,0,103.788,24.896,2024-07-31 03:30:00
2024-07-31,03:45:00 am,0,103.773,24.833,2024-07-31 03:45:00
2024-07-31,04:00:00 am,0,103.775,24.773,2024-07-31 04:00:00
2024-07-31,04:15:00 am,0,103.786,24.714,2024-07-31 04:15:00
2024-07-31,04:30:00 am,0,103.808,24.653,2024-07-31 04:30:00
2024-07-31,04:45:00 am,0,103.817,24.597,2024-07-31 04:45:00
2024-07-31,05:00:00 am,0,103.809,24.542,2024-07-31 05:00:00
2024-07-31,05:15:00 am,0,103.815,24.487,2024-07-31 05:15:00
2024-07-31,05:30:00 am,0,103.814,24.43,2024-07-31 05:30:00
2024-07-31,05:45:00 am,0,103.817,24.376,2024-07-31 05:45:00
2024-07-31,06:00:00 am,0,103.873,24.324,2024-07-31 06:00:00
2024-07-31,06:15:00 am,0,103.887,24.271,2024-07-31 06:15:00
2024-07-31,06:30:00 am,0,103.907,24.216,2024-07-31 06:30:00
2024-07-31,06:45:00 am,0,103.926,24.168,2024-07-31 06:45:00
2024-07-31,07:00:00 am,0,103.937,24.121,2024-07-31 07:00:00
2024-07-31,07:15:00 am,0,103.942,24.078,2024-07-31 07:15:00
2024-07-31,07:30:00 am,0,103.959,24.038,2024-07-31 07:30:00
2024-07-31,07:45:00 am,0,103.964,24,2024-07-31 07:45:00
2024-07-31,08:00:00 am,0,103.96,23.967,2024-07-31 08:00:00
2024-07-31,08:15:00 am,0,103.959,23.938,2024-07-31 08:15:00
2024-07-31,08:30:00 am,0,103.961,23.914,2024-07-31 08:30:00
2024-07-31,08:45:00 am,0,103.963,23.896,2024-07-31 08:45:00
2024-07-31,09:00:00 am,0,103.98,23.885,2024-07-31 09:00:00
2024-07-31,09:15:00 am,0,103.992,23.877,2024-07-31 09:15:00
2024-07-31,09:30:00 am,0,104.007,23.876,2024-07-31 09:30:00
2024-07-31,09:45:00 am,0,104.015,23.878,2024-07-31 09:45:00
2024-07-31,10:00:00 am,0,104.026,23.891,2024-07-31 10:00:00
2024-07-31,10:15:00 am,0,104.044,23.912,2024-07-31 10:15:00
2024-07-31,10:30:00 am,0,104.059,23.944,2024-07-31 10:30:00
2024-07-31,10:45:00 am,0,104.075,23.988,2024-07-31 10:45:00
2024-07-31,11:00:00 am,0,104.091,24.032,2024-07-31 11:00:00
2024-07-31,11:15:00 am,0,104.095,24.088,2024-07-31 11:15:00
2024-07-31,11:30:00 am,0,104.105,24.15,2024-07-31 11:30:00
2024-07-31,11:45:00 am,0,104.114,24.228,2024-07-31 11:45:00
2024-07-31,12:00:00 pm,0,104.127,24.306,2024-07-31 12:00:00
2024-07-31,12:15:00 pm,0,104.128,24.371,2024-07-31 12:15:00
2024-07-31,12:30:00 pm,0,104.139,24.458,2024-07-31 12:30:00
2024-07-31,12:45:00 pm,0,104.155,24.563,2024-07-31 12:45:00
2024-07-31,01:00:00 pm,0,104.159,24.669,2024-07-31 01:00:00
2024-07-31,01:15:00 pm,0,104.152,24.793,2024-07-31 01:15:00
2024-07-31,01:30:00 pm,0,104.13,24.923,2024-07-31 01:30:00
2024-07-31,01:45:00 pm,0,104.129,25.054,2024-07-31 01:45:00
2024-07-31,02:00:00 pm,0,104.114,25.178,2024-07-31 02:00:00
2024-07-31,02:15:00 pm,0,104.093,25.306,2024-07-31 02:15:00
2024-07-31,02:30:00 pm,0,104.078,25.429,2024-07-31 02:30:00
2024-07-31,02:45:00 pm,0,103.996,25.548,2024-07-31 02:45:00
2024-07-31,03:00:00 pm,0,104,25.654,2024-07-31 03:00:00
2024-07-31,03:15:00 pm,0,103.988,25.761,2024-07-31 03:15:00
2024-07-31,03:30:00 pm,0,103.973,25.872,2024-07-31 03:30:00
2024-07-31,03:45:00 pm,0,103.948,25.971,2024-07-31 03:45:00
2024-07-31,04:00:00 pm,0,103.93,26.05,2024-07-31 04:00:00
2024-07-31,04:15:00 pm,0,103.899,26.123,2024-07-31 04:15:00
2024-07-31,04:30:00 pm,0,103.9,26.201,2024-07-31 04:30:00
2024-07-31,04:45:00 pm,0,103.879,26.284,2024-07-31 04:45:00
2024-07-31,05:00:00 pm,0,103.787,26.367,2024-07-31 05:00:00
2024-07-31,05:15:00 pm,0,103.805,26.436,2024-07-31 05:15:00
2024-07-31,05:30:00 pm,0,103.815,26.504,2024-07-31 05:30:00
2024-07-31,05:45:00 pm,0,103.831,26.556,2024-07-31 05:45:00
2024-07-31,06:00:00 pm,0,103.836,26.602,2024-07-31 06:00:00
2024-07-31,06:15:00 pm,0,103.838,26.646,2024-07-31 06:15:00
2024-07-31,06:30:00 pm,0,103.821,26.686,2024-07-31 06:30:00
2024-07-31,06:45:00 pm,0,103.816,26.72,2024-07-31 06:45:00
2024-07-31,07:00:00 pm,0,103.839,26.743,2024-07-31 07:00:00
2024-07-31,07:15:00 pm,0,103.835,26.765,2024-07-31 07:15:00
2024-07-31,07:30:00 pm,0,103.842,26.778,2024-07-31 07:30:00
2024-07-31,07:45:00 pm,0,103.84,26.791,2024-07-31 07:45:00
2024-07-31,08:00:00 pm,0,103.836,26.796,2024-07-31 08:00:00
2024-07-31,08:15:00 pm,0,103.856,26.797,2024-07-31 08:15:00
2024-07-31,08:30:00 pm,0,103.871,26.795,2024-07-31 08:30:00
2024-07-31,08:45:00 pm,0,103.865,26.783,2024-07-31 08:45:00
2024-07-31,09:00:00 pm,0,103.885,26.768,2024-07-31 09:00:00
2024-07-31,09:15:00 pm,0,103.885,26.745,2024-07-31 09:15:00
2024-07-31,09:30:00 pm,0,103.881,26.717,2024-07-31 09:30:00
2024-07-31,09:45:00 pm,0,103.885,26.682,2024-07-31 09:45:00
2024-07-31,10:00:00 pm,0,103.887,26.642,2024-07-31 10:00:00
2024-07-31,10:15:00 pm,0,103.881,26.596,2024-07-31 10:15:00
2024-07-31,10:30:00 pm,0,103.88,26.548,2024-07-31 10:30:00
2024-07-31,10:45:00 pm,0,103.867,26.498,2024-07-31 10:45:00
2024-07-31,11:00:00 pm,0,103.864,26.444,2024-07-31 11:00:00
2024-07-31,11:15:00 pm,0,103.866,26.388,2024-07-31 11:15:00
2024-07-31,11:30:00 pm,0,103.879,26.332,2024-07-31 11:30:00
2024-07-31,11:45:00 pm,0,103.878,26.274,2024-07-31 11:45:00
2024-08-01,12:00:00 am,0,103.879,26.215,2024-08-01 12:00:00
2024-08-01,12:15:00 am,0,103.871,26.154,2024-08-01 12:15:00
2024-08-01,12:30:00 am,0,103.857,26.092,2024-08-01 12:30:00
2024-08-01,12:45:00 am,0,103.849,26.027,2024-08-01 12:45:00
2024-08-01,01:00:00 am,0,103.83,25.964,2024-08-01 01:00:00
2024-08-01,01:15:00 am,0,103.814,25.899,2024-08-01 01:15:00
2024-08-01,01:30:00 am,0,103.798,25.833,2024-08-01 01:30:00
2024-08-01,01:45:00 am,0,103.775,25.762,2024-08-01 01:45:00
2024-08-01,02:00:00 am,0,103.756,25.692,2024-08-01 02:00:00
2024-08-01,02:15:00 am,0,103.745,25.623,2024-08-01 02:15:00
2024-08-01,02:30:00 am,0,103.732,25.557,2024-08-01 02:30:00
2024-08-01,02:45:00 am,0,103.717,25.489,2024-08-01 02:45:00
2024-08-01,03:00:00 am,0,103.703,25.418,2024-08-01 03:00:00
2024-08-01,03:15:00 am,0,103.698,25.349,2024-08-01 03:15:00
2024-08-01,03:30:00 am,0,103.695,25.284,2024-08-01 03:30:00
2024-08-01,03:45:00 am,0,103.685,25.214,2024-08-01 03:45:00
2024-08-01,04:00:00 am,0,103.679,25.146,2024-08-01 04:00:00
2024-08-01,04:15:00 am,0,103.678,25.082,2024-08-01 04:15:00
2024-08-01,04:30:00 am,0,103.675,25.016,2024-08-01 04:30:00
2024-08-01,04:45:00 am,0,103.684,24.953,2024-08-01 04:45:00
2024-08-01,05:00:00 am,0,103.782,24.889,2024-08-01 05:00:00
2024-08-01,05:15:00 am,0,103.804,24.829,2024-08-01 05:15:00
2024-08-01,05:30:00 am,0,103.812,24.77,2024-08-01 05:30:00
2024-08-01,05:45:00 am,0,103.811,24.71,2024-08-01 05:45:00
2024-08-01,06:00:00 am,0,103.836,24.652,2024-08-01 06:00:00
2024-08-01,06:15:00 am,0,103.832,24.596,2024-08-01 06:15:00
2024-08-01,06:30:00 am,0,103.864,24.542,2024-08-01 06:30:00
2024-08-01,06:45:00 am,0,103.875,24.49,2024-08-01 06:45:00
2024-08-01,07:00:00 am,0,103.924,24.439,2024-08-01 07:00:00
2024-08-01,07:15:00 am,0,103.943,24.393,2024-08-01 07:15:00
2024-08-01,07:30:00 am,0,103.956,24.349,2024-08-01 07:30:00
2024-08-01,07:45:00 am,0,103.98,24.309,2024-08-01 07:45:00
2024-08-01,08:00:00 am,0,103.99,24.276,2024-08-01 08:00:00
2024-08-01,08:15:00 am,0,103.989,24.245,2024-08-01 08:15:00
2024-08-01,08:30:00 am,0,103.987,24.221,2024-08-01 08:30:00
2024-08-01,08:45:00 am,0,103.993,24.203,2024-08-01 08:45:00
2024-08-01,09:00:00 am,0,104,24.191,2024-08-01 09:00:00
2024-08-01,09:15:00 am,0,104.002,24.185,2024-08-01 09:15:00
2024-08-01,09:30:00 am,0,104.012,24.188,2024-08-01 09:30:00
2024-08-01,09:45:00 am,0,104.018,24.197,2024-08-01 09:45:00
2024-08-01,10:00:00 am,0,104.021,24.213,2024-08-01 10:00:00
2024-08-01,10:15:00 am,0,104.034,24.237,2024-08-01 10:15:00
2024-08-01,10:30:00 am,0,104.046,24.267,2024-08-01 10:30:00
2024-08-01,10:45:00 am,0,104.06,24.302,2024-08-01 10:45:00
2024-08-01,11:00:00 am,0,104.067,24.348,2024-08-01 11:00:00
2024-08-01,11:15:00 am,0,104.072,24.407,2024-08-01 11:15:00
2024-08-01,11:30:00 am,0,104.082,24.468,2024-08-01 11:30:00
2024-08-01,11:45:00 am,0,104.086,24.532,2024-08-01 11:45:00
2024-08-01,12:00:00 pm,0,104.097,24.608,2024-08-01 12:00:00
2024-08-01,12:15:00 pm,0,104.1,24.689,2024-08-01 12:15:00
2024-08-01,12:30:00 pm,0,104.123,24.789,2024-08-01 12:30:00
2024-08-01,12:45:00 pm,0,104.139,24.892,2024-08-01 12:45:00
2024-08-01,01:00:00 pm,0,104.139,25.005,2024-08-01 01:00:00
2024-08-01,01:15:00 pm,0,104.142,25.115,2024-08-01 01:15:00
2024-08-01,01:30:00 pm,0,104.12,25.224,2024-08-01 01:30:00
2024-08-01,01:45:00 pm,0,104.102,25.337,2024-08-01 01:45:00
2024-08-01,02:00:00 pm,0,104.092,25.455,2024-08-01 02:00:00
2024-08-01,02:15:00 pm,0,104.052,25.574,2024-08-01 02:15:00
2024-08-01,02:30:00 pm,0,104.04,25.688,2024-08-01 02:30:00
2024-08-01,02:45:00 pm,0,103.934,25.792,2024-08-01 02:45:00
2024-08-01,03:00:00 pm,0,103.892,25.9,2024-08-01 03:00:00
2024-08-01,03:15:00 pm,0,103.843,26.007,2024-08-01 03:15:00
2024-08-01,03:30:00 pm,0,103.855,26.11,2024-08-01 03:30:00
2024-08-01,03:45:00 pm,0,103.868,26.206,2024-08-01 03:45:00
2024-08-01,04:00:00 pm,0,103.886,26.298,2024-08-01 04:00:00
2024-08-01,04:15:00 pm,0,103.898,26.386,2024-08-01 04:15:00
2024-08-01,04:30:00 pm,0,103.903,26.468,2024-08-01 04:30:00
2024-08-01,04:45:00 pm,0,103.897,26.55,2024-08-01 04:45:00
2024-08-01,05:00:00 pm,0,103.877,26.631,2024-08-01 05:00:00
2024-08-01,05:15:00 pm,0,103.872,26.707,2024-08-01 05:15:00
2024-08-01,05:30:00 pm,0,103.831,26.78,2024-08-01 05:30:00
2024-08-01,05:45:00 pm,0,103.826,26.84,2024-08-01 05:45:00
2024-08-01,06:00:00 pm,0,103.793,26.892,2024-08-01 06:00:00
2024-08-01,06:15:00 pm,0,103.696,26.937,2024-08-01 06:15:00
2024-08-01,06:30:00 pm,0,103.694,26.974,2024-08-01 06:30:00
2024-08-01,06:45:00 pm,0,103.684,27.007,2024-08-01 06:45:00
2024-08-01,07:00:00 pm,0,103.675,27.04,2024-08-01 07:00:00
2024-08-01,07:15:00 pm,0,103.689,27.069,2024-08-01 07:15:00
2024-08-01,07:30:00 pm,0,103.71,27.089,2024-08-01 07:30:00
2024-08-01,07:45:00 pm,0,103.719,27.105,2024-08-01 07:45:00
2024-08-01,08:00:00 pm,0,103.726,27.113,2024-08-01 08:00:00
2024-08-01,08:15:00 pm,0,103.733,27.11,2024-08-01 08:15:00
2024-08-01,08:30:00 pm,0,103.741,27.107,2024-08-01 08:30:00
2024-08-01,08:45:00 pm,0,103.743,27.089,2024-08-01 08:45:00
2024-08-01,09:00:00 pm,0,103.75,27.067,2024-08-01 09:00:00
2024-08-01,09:15:00 pm,0,103.749,27.034,2024-08-01 09:15:00
2024-08-01,09:30:00 pm,0,103.752,26.993,2024-08-01 09:30:00
2024-08-01,09:45:00 pm,0,103.741,26.946,2024-08-01 09:45:00
2024-08-01,10:00:00 pm,0,103.733,26.894,2024-08-01 10:00:00
2024-08-01,10:15:00 pm,0,103.723,26.84,2024-08-01 10:15:00
2024-08-01,10:30:00 pm,0,103.707,26.779,2024-08-01 10:30:00
2024-08-01,10:45:00 pm,0,103.695,26.721,2024-08-01 10:45:00
2024-08-01,11:00:00 pm,0,103.679,26.66,2024-08-01 11:00:00
2024-08-01,11:15:00 pm,0,103.662,26.59,2024-08-01 11:15:00
2024-08-01,11:30:00 pm,0,103.648,26.522,2024-08-01 11:30:00
2024-08-01,11:45:00 pm,0,103.627,26.448,2024-08-01 11:45:00
2024-08-02,12:00:00 am,0,103.62,26.372,2024-08-02 12:00:00
2024-08-02,12:15:00 am,0,103.611,26.294,2024-08-02 12:15:00
2024-08-02,12:30:00 am,0,103.593,26.215,2024-08-02 12:30:00
2024-08-02,12:45:00 am,0,103.572,26.132,2024-08-02 12:45:00
2024-08-02,01:00:00 am,0,103.561,26.05,2024-08-02 01:00:00
2024-08-02,01:15:00 am,0,103.534,25.967,2024-08-02 01:15:00
2024-08-02,01:30:00 am,0,103.514,25.885,2024-08-02 01:30:00
2024-08-02,01:45:00 am,0,103.488,25.798,2024-08-02 01:45:00
2024-08-02,02:00:00 am,0,103.472,25.712,2024-08-02 02:00:00
2024-08-02,02:15:00 am,0,103.447,25.626,2024-08-02 02:15:00
2024-08-02,02:30:00 am,0,103.428,25.539,2024-08-02 02:30:00
2024-08-02,02:45:00 am,0,103.501,25.45,2024-08-02 02:45:00
2024-08-02,03:00:00 am,0,103.496,25.36,2024-08-02 03:00:00
2024-08-02,03:15:00 am,0,103.484,25.274,2024-08-02 03:15:00
2024-08-02,03:30:00 am,0,103.479,25.186,2024-08-02 03:30:00
2024-08-02,03:45:00 am,0,103.49,25.099,2024-08-02 03:45:00
2024-08-02,04:00:00 am,0,103.482,25.008,2024-08-02 04:00:00
2024-08-02,04:15:00 am,0,103.511,24.922,2024-08-02 04:15:00
2024-08-02,04:30:00 am,0,103.514,24.837,2024-08-02 04:30:00
2024-08-02,04:45:00 am,0,103.503,24.747,2024-08-02 04:45:00
2024-08-02,05:00:00 am,0,103.534,24.661,2024-08-02 05:00:00
2024-08-02,05:15:00 am,0,103.538,24.575,2024-08-02 05:15:00
2024-08-02,05:30:00 am,0,103.547,24.491,2024-08-02 05:30:00
2024-08-02,05:45:00 am,0,103.555,24.405,2024-08-02 05:45:00
2024-08-02,06:00:00 am,0,103.617,24.323,2024-08-02 06:00:00
2024-08-02,06:15:00 am,0,103.621,24.242,2024-08-02 06:15:00
2024-08-02,06:30:00 am,0,103.618,24.161,2024-08-02 06:30:00
2024-08-02,06:45:00 am,0,103.611,24.083,2024-08-02 06:45:00
2024-08-02,07:00:00 am,0,103.636,24.012,2024-08-02 07:00:00
2024-08-02,07:15:00 am,0,103.637,23.942,2024-08-02 07:15:00
2024-08-02,07:30:00 am,0,103.631,23.88,2024-08-02 07:30:00
2024-08-02,07:45:00 am,0,103.623,23.826,2024-08-02 07:45:00
2024-08-02,08:00:00 am,0,103.617,23.779,2024-08-02 08:00:00
2024-08-02,08:15:00 am,0,103.613,23.737,2024-08-02 08:15:00
2024-08-02,08:30:00 am,0,103.6,23.704,2024-08-02 08:30:00
2024-08-02,08:45:00 am,0,103.59,23.68,2024-08-02 08:45:00
2024-08-02,09:00:00 am,0,103.589,23.664,2024-08-02 09:00:00
2024-08-02,09:15:00 am,0,103.592,23.654,2024-08-02 09:15:00
2024-08-02,09:30:00 am,0,103.595,23.656,2024-08-02 09:30:00
2024-08-02,09:45:00 am,0,103.597,23.663,2024-08-02 09:45:00
2024-08-02,10:00:00 am,0,103.602,23.683,2024-08-02 10:00:00
2024-08-02,10:15:00 am,0,103.608,23.713,2024-08-02 10:15:00
2024-08-02,10:30:00 am,0,103.605,23.753,2024-08-02 10:30:00
2024-08-02,10:45:00 am,0,103.612,23.796,2024-08-02 10:45:00
2024-08-02,11:00:00 am,0,103.623,23.843,2024-08-02 11:00:00
2024-08-02,11:15:00 am,0,103.632,23.894,2024-08-02 11:15:00
2024-08-02,11:30:00 am,0,103.638,23.955,2024-08-02 11:30:00
2024-08-02,11:45:00 am,0,103.646,24.032,2024-08-02 11:45:00
2024-08-02,12:00:00 pm,0,103.644,24.109,2024-08-02 12:00:00
2024-08-02,12:15:00 pm,0,103.648,24.192,2024-08-02 12:15:00
2024-08-02,12:30:00 pm,0,103.659,24.283,2024-08-02 12:30:00
2024-08-02,12:45:00 pm,0,103.647,24.388,2024-08-02 12:45:00
2024-08-02,01:00:00 pm,0,103.642,24.501,2024-08-02 01:00:00
2024-08-02,01:15:00 pm,0,103.617,24.622,2024-08-02 01:15:00
2024-08-02,01:30:00 pm,0,103.604,24.75,2024-08-02 01:30:00
2024-08-02,01:45:00 pm,0,103.592,24.882,2024-08-02 01:45:00
2024-08-02,02:00:00 pm,0,103.572,25.004,2024-08-02 02:00:00
2024-08-02,02:15:00 pm,0,103.556,25.122,2024-08-02 02:15:00
2024-08-02,02:30:00 pm,0,103.446,25.24,2024-08-02 02:30:00
2024-08-02,02:45:00 pm,0,103.466,25.355,2024-08-02 02:45:00
2024-08-02,03:00:00 pm,0,103.446,25.457,2024-08-02 03:00:00
2024-08-02,03:15:00 pm,0,103.449,25.563,2024-08-02 03:15:00
2024-08-02,03:30:00 pm,0,103.435,25.672,2024-08-02 03:30:00
2024-08-02,03:45:00 pm,0,103.432,25.769,2024-08-02 03:45:00
2024-08-02,04:00:00 pm,0,103.429,25.861,2024-08-02 04:00:00
2024-08-02,04:15:00 pm,0,103.369,25.95,2024-08-02 04:15:00
2024-08-02,04:30:00 pm,0,103.353,26.034,2024-08-02 04:30:00
2024-08-02,04:45:00 pm,0,103.339,26.116,2024-08-02 04:45:00
2024-08-02,05:00:00 pm,0,103.2,26.187,2024-08-02 05:00:00
2024-08-02,05:15:00 pm,0,103.198,26.249,2024-08-02 05:15:00
2024-08-02,05:30:00 pm,0,103.217,26.319,2024-08-02 05:30:00
2024-08-02,05:45:00 pm,0,103.249,26.384,2024-08-02 05:45:00
2024-08-02,06:00:00 pm,0,103.269,26.437,2024-08-02 06:00:00
2024-08-02,06:15:00 pm,0,103.301,26.483,2024-08-02 06:15:00
2024-08-02,06:30:00 pm,0,103.405,26.52,2024-08-02 06:30:00
2024-08-02,06:45:00 pm,0,103.381,26.537,2024-08-02 06:45:00
2024-08-02,07:00:00 pm,0,103.322,26.492,2024-08-02 07:00:00
2024-08-02,07:15:00 pm,0,103.344,26.424,2024-08-02 07:15:00
2024-08-02,07:30:00 pm,0,103.376,26.358,2024-08-02 07:30:00
2024-08-02,07:45:00 pm,0,103.359,26.305,2024-08-02 07:45:00
2024-08-02,08:00:00 pm,0,103.327,26.259,2024-08-02 08:00:00
2024-08-02,08:15:00 pm,0,103.329,26.208,2024-08-02 08:15:00
2024-08-02,08:30:00 pm,0,103.34,26.158,2024-08-02 08:30:00
2024-08-02,08:45:00 pm,0,103.314,26.106,2024-08-02 08:45:00
2024-08-02,09:00:00 pm,0,103.286,26.057,2024-08-02 09:00:00
2024-08-02,09:15:00 pm,0,103.278,26.01,2024-08-02 09:15:00
2024-08-02,09:30:00 pm,0,103.257,25.954,2024-08-02 09:30:00
2024-08-02,09:45:00 pm,0,103.226,25.887,2024-08-02 09:45:00
2024-08-02,10:00:00 pm,0,103.228,25.821,2024-08-02 10:00:00
2024-08-02,10:15:00 pm,0,103.232,25.757,2024-08-02 10:15:00
2024-08-02,10:30:00 pm,0,103.236,25.691,2024-08-02 10:30:00
2024-08-02,10:45:00 pm,0,103.227,25.633,2024-08-02 10:45:00
2024-08-02,11:00:00 pm,0,103.206,25.571,2024-08-02 11:00:00
2024-08-02,11:15:00 pm,0,103.212,25.51,2024-08-02 11:15:00
2024-08-02,11:30:00 pm,0,103.191,25.454,2024-08-02 11:30:00
2024-08-02,11:45:00 pm,0,103.181,25.395,2024-08-02 11:45:00
2024-08-03,12:00:00 am,0,103.173,25.338,2024-08-03 12:00:00
2024-08-03,12:15:00 am,0,103.159,25.28,2024-08-03 12:15:00
2024-08-03,12:30:00 am,0,103.152,25.223,2024-08-03 12:30:00
2024-08-03,12:45:00 am,0,103.131,25.168,2024-08-03 12:45:00
2024-08-03,01:00:00 am,0,103.118,25.114,2024-08-03 01:00:00
2024-08-03,01:15:00 am,0,103.102,25.06,2024-08-03 01:15:00
2024-08-03,01:30:00 am,0,103.092,25.006,2024-08-03 01:30:00
2024-08-03,01:45:00 am,0,103.077,24.954,2024-08-03 01:45:00
2024-08-03,02:00:00 am,0,103.073,24.903,2024-08-03 02:00:00
2024-08-03,02:15:00 am,0,103.17,24.847,2024-08-03 02:15:00
2024-08-03,02:30:00 am,0,103.162,24.793,2024-08-03 02:30:00
2024-08-03,02:45:00 am,0,103.153,24.738,2024-08-03 02:45:00
2024-08-03,03:00:00 am,0,103.152,24.686,2024-08-03 03:00:00
2024-08-03,03:15:00 am,0,103.152,24.63,2024-08-03 03:15:00
2024-08-03,03:30:00 am,0,103.14,24.573,2024-08-03 03:30:00
2024-08-03,03:45:00 am,0,103.132,24.517,2024-08-03 03:45:00
2024-08-03,04:00:00 am,0,103.125,24.456,2024-08-03 04:00:00
2024-08-03,04:15:00 am,0,103.132,24.398,2024-08-03 04:15:00
2024-08-03,04:30:00 am,0,103.144,24.34,2024-08-03 04:30:00
2024-08-03,04:45:00 am,0,103.159,24.284,2024-08-03 04:45:00
2024-08-03,05:00:00 am,0,103.158,24.223,2024-08-03 05:00:00
2024-08-03,05:15:00 am,0,103.149,24.161,2024-08-03 05:15:00
2024-08-03,05:30:00 am,0,103.175,24.102,2024-08-03 05:30:00
2024-08-03,05:45:00 am,0,103.188,24.038,2024-08-03 05:45:00
2024-08-03,06:00:00 am,0,103.199,23.974,2024-08-03 06:00:00
2024-08-03,06:15:00 am,0,103.221,23.915,2024-08-03 06:15:00
2024-08-03,06:30:00 am,0,103.231,23.851,2024-08-03 06:30:00
2024-08-03,06:45:00 am,0,103.225,23.791,2024-08-03 06:45:00
2024-08-03,07:00:00 am,0,103.23,23.733,2024-08-03 07:00:00
2024-08-03,07:15:00 am,0,103.233,23.674,2024-08-03 07:15:00
2024-08-03,07:30:00 am,0,103.262,23.622,2024-08-03 07:30:00
2024-08-03,07:45:00 am,0,103.273,23.577,2024-08-03 07:45:00
2024-08-03,08:00:00 am,0,103.277,23.535,2024-08-03 08:00:00
2024-08-03,08:15:00 am,0,103.286,23.503,2024-08-03 08:15:00
2024-08-03,08:30:00 am,0,103.298,23.473,2024-08-03 08:30:00
2024-08-03,08:45:00 am,0,103.295,23.453,2024-08-03 08:45:00
2024-08-03,09:00:00 am,0,103.295,23.438,2024-08-03 09:00:00
2024-08-03,09:15:00 am,0,103.3,23.432,2024-08-03 09:15:00
2024-08-03,09:30:00 am,0,103.309,23.433,2024-08-03 09:30:00
2024-08-03,09:45:00 am,0,103.321,23.44,2024-08-03 09:45:00
2024-08-03,10:00:00 am,0,103.328,23.456,2024-08-03 10:00:00
2024-08-03,10:15:00 am,0,103.338,23.476,2024-08-03 10:15:00
2024-08-03,10:30:00 am,0,103.351,23.511,2024-08-03 10:30:00
2024-08-03,10:45:00 am,0,103.358,23.546,2024-08-03 10:45:00
2024-08-03,11:00:00 am,0,103.362,23.591,2024-08-03 11:00:00
2024-08-03,11:15:00 am,0,103.362,23.64,2024-08-03 11:15:00
2024-08-03,11:30:00 am,0,103.376,23.702,2024-08-03 11:30:00
2024-08-03,11:45:00 am,0,103.382,23.767,2024-08-03 11:45:00
2024-08-03,12:00:00 pm,0,103.396,23.843,2024-08-03 12:00:00
2024-08-03,12:15:00 pm,0,103.408,23.915,2024-08-03 12:15:00
2024-08-03,12:30:00 pm,0,103.418,24.003,2024-08-03 12:30:00
2024-08-03,12:45:00 pm,0,103.43,24.104,2024-08-03 12:45:00
2024-08-03,01:00:00 pm,0,103.434,24.217,2024-08-03 01:00:00
2024-08-03,01:15:00 pm,0,103.433,24.332,2024-08-03 01:15:00
2024-08-03,01:30:00 pm,0,103.414,24.462,2024-08-03 01:30:00
2024-08-03,01:45:00 pm,0,103.393,24.597,2024-08-03 01:45:00
2024-08-03,02:00:00 pm,0,103.353,24.72,2024-08-03 02:00:00
2024-08-03,02:15:00 pm,0,103.306,24.821,2024-08-03 02:15:00
2024-08-03,02:30:00 pm,0,103.282,24.912,2024-08-03 02:30:00
2024-08-03,02:45:00 pm,0,103.205,25.017,2024-08-03 02:45:00
2024-08-03,03:00:00 pm,0,103.223,25.138,2024-08-03 03:00:00
2024-08-03,03:15:00 pm,0,103.206,25.242,2024-08-03 03:15:00
2024-08-03,03:30:00 pm,0,103.209,25.326,2024-08-03 03:30:00
2024-08-03,03:45:00 pm,0,103.207,25.397,2024-08-03 03:45:00
2024-08-03,04:00:00 pm,0,103.195,25.472,2024-08-03 04:00:00
2024-08-03,04:15:00 pm,0,103.191,25.553,2024-08-03 04:15:00
2024-08-03,04:30:00 pm,0,103.187,25.633,2024-08-03 04:30:00
2024-08-03,04:45:00 pm,0,103.177,25.701,2024-08-03 04:45:00
2024-08-03,05:00:00 pm,0,103.162,25.771,2024-08-03 05:00:00
2024-08-03,05:15:00 pm,0,103.143,25.84,2024-08-03 05:15:00
2024-08-03,05:30:00 pm,0,103.03,25.91,2024-08-03 05:30:00
2024-08-03,05:45:00 pm,0,103.044,25.965,2024-08-03 05:45:00
2024-08-03,06:00:00 pm,0,103.046,26.014,2024-08-03 06:00:00
2024-08-03,06:15:00 pm,0,103.06,26.056,2024-08-03 06:15:00
2024-08-03,06:30:00 pm,0,103.066,26.093,2024-08-03 06:30:00
2024-08-03,06:45:00 pm,0,103.084,26.122,2024-08-03 06:45:00
2024-08-03,07:00:00 pm,0,103.084,26.152,2024-08-03 07:00:00
2024-08-03,07:15:00 pm,0,103.098,26.18,2024-08-03 07:15:00
2024-08-03,07:30:00 pm,0,103.111,26.202,2024-08-03 07:30:00
2024-08-03,07:45:00 pm,0,103.124,26.22,2024-08-03 07:45:00
2024-08-03,08:00:00 pm,0,103.127,26.232,2024-08-03 08:00:00
2024-08-03,08:15:00 pm,0,103.129,26.237,2024-08-03 08:15:00
2024-08-03,08:30:00 pm,0,103.154,26.232,2024-08-03 08:30:00
2024-08-03,08:45:00 pm,0,103.16,26.219,2024-08-03 08:45:00
2024-08-03,09:00:00 pm,0,103.174,26.196,2024-08-03 09:00:00
2024-08-03,09:15:00 pm,0,103.19,26.166,2024-08-03 09:15:00
2024-08-03,09:30:00 pm,0,103.201,26.13,2024-08-03 09:30:00
2024-08-03,09:45:00 pm,0,103.207,26.088,2024-08-03 09:45:00
2024-08-03,10:00:00 pm,0,103.208,26.045,2024-08-03 10:00:00
2024-08-03,10:15:00 pm,0,103.197,26,2024-08-03 10:15:00
2024-08-03,10:30:00 pm,0,103.19,25.949,2024-08-03 10:30:00
2024-08-03,10:45:00 pm,0,103.182,25.899,2024-08-03 10:45:00
2024-08-03,11:00:00 pm,0,103.166,25.841,2024-08-03 11:00:00
2024-08-03,11:15:00 pm,0,103.157,25.782,2024-08-03 11:15:00
2024-08-03,11:30:00 pm,0,103.154,25.725,2024-08-03 11:30:00
2024-08-03,11:45:00 pm,0,103.148,25.661,2024-08-03 11:45:00
2024-08-04,12:00:00 am,0,103.148,25.597,2024-08-04 12:00:00
2024-08-04,12:15:00 am,0,103.124,25.535,2024-08-04 12:15:00
2024-08-04,12:30:00 am,0,103.116,25.465,2024-08-04 12:30:00
2024-08-04,12:45:00 am,0,103.108,25.396,2024-08-04 12:45:00
2024-08-04,01:00:00 am,0,103.089,25.327,2024-08-04 01:00:00
2024-08-04,01:15:00 am,0,103.075,25.258,2024-08-04 01:15:00
2024-08-04,01:30:00 am,0,103.063,25.188,2024-08-04 01:30:00
2024-08-04,01:45:00 am,0,103.046,25.116,2024-08-04 01:45:00
2024-08-04,02:00:00 am,0,103.039,25.041,2024-08-04 02:00:00
2024-08-04,02:15:00 am,0,103.019,24.971,2024-08-04 02:15:00
2024-08-04,02:30:00 am,0,103.004,24.898,2024-08-04 02:30:00
2024-08-04,02:45:00 am,0,103.019,24.825,2024-08-04 02:45:00
2024-08-04,03:00:00 am,0,102.996,24.753,2024-08-04 03:00:00
2024-08-04,03:15:00 am,0,102.973,24.679,2024-08-04 03:15:00
2024-08-04,03:30:00 am,0,102.968,24.606,2024-08-04 03:30:00
2024-08-04,03:45:00 am,0,103.011,24.533,2024-08-04 03:45:00
2024-08-04,04:00:00 am,0,102.992,24.461,2024-08-04 04:00:00
2024-08-04,04:15:00 am,0,103.007,24.389,2024-08-04 04:15:00
2024-08-04,04:30:00 am,0,103.014,24.319,2024-08-04 04:30:00
2024-08-04,04:45:00 am,0,103.011,24.247,2024-08-04 04:45:00
2024-08-04,05:00:00 am,0,103.049,24.179,2024-08-04 05:00:00
2024-08-04,05:15:00 am,0,103.051,24.112,2024-08-04 05:15:00
2024-08-04,05:30:00 am,0,103.064,24.043,2024-08-04 05:30:00
2024-08-04,05:45:00 am,0,103.097,23.977,2024-08-04 05:45:00
2024-08-04,06:00:00 am,0,103.1,23.911,2024-08-04 06:00:00
2024-08-04,06:15:00 am,0,103.105,23.844,2024-08-04 06:15:00
2024-08-04,06:30:00 am,0,103.103,23.782,2024-08-04 06:30:00
2024-08-04,06:45:00 am,0,103.15,23.719,2024-08-04 06:45:00
2024-08-04,07:00:00 am,0,103.151,23.66,2024-08-04 07:00:00
2024-08-04,07:15:00 am,0,103.141,23.601,2024-08-04 07:15:00
2024-08-04,07:30:00 am,0,103.145,23.552,2024-08-04 07:30:00
2024-08-04,07:45:00 am,0,103.202,23.51,2024-08-04 07:45:00
2024-08-04,08:00:00 am,0,103.219,23.471,2024-08-04 08:00:00
2024-08-04,08:15:00 am,0,103.224,23.441,2024-08-04 08:15:00
2024-08-04,08:30:00 am,0,103.219,23.414,2024-08-04 08:30:00
2024-08-04,08:45:00 am,0,103.214,23.397,2024-08-04 08:45:00
2024-08-04,09:00:00 am,0,103.216,23.387,2024-08-04 09:00:00
2024-08-04,09:15:00 am,0,103.211,23.383,2024-08-04 09:15:00
2024-08-04,09:30:00 am,0,103.209,23.388,2024-08-04 09:30:00
2024-08-04,09:45:00 am,0,103.223,23.403,2024-08-04 09:45:00
2024-08-04,10:00:00 am,0,103.235,23.423,2024-08-04 10:00:00
2024-08-04,10:15:00 am,0,103.247,23.45,2024-08-04 10:15:00
2024-08-04,10:30:00 am,0,103.256,23.492,2024-08-04 10:30:00
2024-08-04,10:45:00 am,0,103.263,23.543,2024-08-04 10:45:00
2024-08-04,11:00:00 am,0,103.269,23.599,2024-08-04 11:00:00
2024-08-04,11:15:00 am,0,103.277,23.658,2024-08-04 11:15:00
2024-08-04,11:30:00 am,0,103.286,23.699,2024-08-04 11:30:00
2024-08-04,11:45:00 am,0,103.298,23.763,2024-08-04 11:45:00
2024-08-04,12:00:00 pm,0,103.31,23.848,2024-08-04 12:00:00
2024-08-04,12:15:00 pm,0,103.332,23.947,2024-08-04 12:15:00
2024-08-04,12:30:00 pm,0,103.342,24.042,2024-08-04 12:30:00
2024-08-04,12:45:00 pm,0,103.359,24.117,2024-08-04 12:45:00
2024-08-04,01:00:00 pm,0,103.368,24.21,2024-08-04 01:00:00
2024-08-04,01:15:00 pm,0,103.381,24.308,2024-08-04 01:15:00
2024-08-04,01:30:00 pm,0,103.376,24.414,2024-08-04 01:30:00
2024-08-04,01:45:00 pm,0,103.374,24.535,2024-08-04 01:45:00
2024-08-04,02:00:00 pm,0,103.369,24.623,2024-08-04 02:00:00
2024-08-04,02:15:00 pm,0,103.336,24.703,2024-08-04 02:15:00
2024-08-04,02:30:00 pm,0,103.321,24.798,2024-08-04 02:30:00
2024-08-04,02:45:00 pm,0,103.307,24.9,2024-08-04 02:45:00
2024-08-04,03:00:00 pm,0,103.284,24.985,2024-08-04 03:00:00
2024-08-04,03:15:00 pm,0,103.26,25.077,2024-08-04 03:15:00
2024-08-04,03:30:00 pm,0,103.178,25.169,2024-08-04 03:30:00
2024-08-04,03:45:00 pm,0,103.193,25.257,2024-08-04 03:45:00
2024-08-04,04:00:00 pm,0,103.208,25.325,2024-08-04 04:00:00
2024-08-04,04:15:00 pm,0,103.211,25.381,2024-08-04 04:15:00
2024-08-04,04:30:00 pm,0,103.204,25.44,2024-08-04 04:30:00
2024-08-04,04:45:00 pm,0,103.202,25.502,2024-08-04 04:45:00
2024-08-04,05:00:00 pm,0,103.199,25.569,2024-08-04 05:00:00
2024-08-04,05:15:00 pm,0,103.186,25.64,2024-08-04 05:15:00
2024-08-04,05:30:00 pm,0,103.183,25.707,2024-08-04 05:30:00
2024-08-04,05:45:00 pm,0,103.192,25.767,2024-08-04 05:45:00
2024-08-04,06:00:00 pm,0,103.188,25.81,2024-08-04 06:00:00
2024-08-04,06:15:00 pm,0,103.181,25.858,2024-08-04 06:15:00
2024-08-04,06:30:00 pm,0,103.191,25.905,2024-08-04 06:30:00
2024-08-04,06:45:00 pm,0,103.193,25.943,2024-08-04 06:45:00
2024-08-04,07:00:00 pm,0,103.195,25.978,2024-08-04 07:00:00
2024-08-04,07:15:00 pm,0,103.193,26.006,2024-08-04 07:15:00
2024-08-04,07:30:00 pm,0,103.207,26.024,2024-08-04 07:30:00
2024-08-04,07:45:00 pm,0,103.205,26.043,2024-08-04 07:45:00
2024-08-04,08:00:00 pm,0,103.228,26.058,2024-08-04 08:00:00
2024-08-04,08:15:00 pm,0,103.231,26.067,2024-08-04 08:15:00
2024-08-04,08:30:00 pm,0,103.252,26.071,2024-08-04 08:30:00
2024-08-04,08:45:00 pm,0,103.257,26.071,2024-08-04 08:45:00
2024-08-04,09:00:00 pm,0,103.263,26.066,2024-08-04 09:00:00
2024-08-04,09:15:00 pm,0,103.284,26.057,2024-08-04 09:15:00
2024-08-04,09:30:00 pm,0,103.293,26.041,2024-08-04 09:30:00
2024-08-04,09:45:00 pm,0,103.296,26.022,2024-08-04 09:45:00
2024-08-04,10:00:00 pm,0,103.301,25.999,2024-08-04 10:00:00
2024-08-04,10:15:00 pm,0,103.322,25.969,2024-08-04 10:15:00
2024-08-04,10:30:00 pm,0,103.32,25.934,2024-08-04 10:30:00
2024-08-04,10:45:00 pm,0,103.312,25.896,2024-08-04 10:45:00
2024-08-04,11:00:00 pm,0,103.309,25.851,2024-08-04 11:00:00
2024-08-04,11:15:00 pm,0,103.303,25.805,2024-08-04 11:15:00
2024-08-04,11:30:00 pm,0,103.304,25.754,2024-08-04 11:30:00
2024-08-04,11:45:00 pm,0,103.306,25.699,2024-08-04 11:45:00
2024-08-05,12:00:00 am,0,103.312,25.649,2024-08-05 12:00:00
2024-08-05,12:15:00 am,0,103.313,25.593,2024-08-05 12:15:00
2024-08-05,12:30:00 am,0,103.311,25.539,2024-08-05 12:30:00
2024-08-05,12:45:00 am,0,103.297,25.484,2024-08-05 12:45:00
2024-08-05,01:00:00 am,0,103.283,25.429,2024-08-05 01:00:00
2024-08-05,01:15:00 am,0,103.282,25.373,2024-08-05 01:15:00
2024-08-05,01:30:00 am,0,103.274,25.318,2024-08-05 01:30:00
2024-08-05,01:45:00 am,0,103.266,25.261,2024-08-05 01:45:00
2024-08-05,02:00:00 am,0,103.262,25.202,2024-08-05 02:00:00
2024-08-05,02:15:00 am,0,103.253,25.143,2024-08-05 02:15:00
2024-08-05,02:30:00 am,0,103.259,25.085,2024-08-05 02:30:00
2024-08-05,02:45:00 am,0,103.26,25.025,2024-08-05 02:45:00
2024-08-05,03:00:00 am,0,103.251,24.964,2024-08-05 03:00:00
2024-08-05,03:15:00 am,0,103.242,24.903,2024-08-05 03:15:00
2024-08-05,03:30:00 am,0,103.223,24.84,2024-08-05 03:30:00
2024-08-05,03:45:00 am,0,103.212,24.777,2024-08-05 03:45:00
2024-08-05,04:00:00 am,0,103.2,24.715,2024-08-05 04:00:00
2024-08-05,04:15:00 am,0,103.199,24.652,2024-08-05 04:15:00
2024-08-05,04:30:00 am,0,103.196,24.591,2024-08-05 04:30:00
2024-08-05,04:45:00 am,0,103.188,24.529,2024-08-05 04:45:00
2024-08-05,05:00:00 am,0,103.193,24.468,2024-08-05 05:00:00
2024-08-05,05:15:00 am,0,103.199,24.407,2024-08-05 05:15:00
2024-08-05,05:30:00 am,0,103.194,24.346,2024-08-05 05:30:00
2024-08-05,05:45:00 am,0,103.188,24.286,2024-08-05 05:45:00
2024-08-05,06:00:00 am,0,103.194,24.226,2024-08-05 06:00:00
2024-08-05,06:15:00 am,0,103.189,24.165,2024-08-05 06:15:00
2024-08-05,06:30:00 am,0,103.189,24.107,2024-08-05 06:30:00
2024-08-05,06:45:00 am,0,103.268,24.05,2024-08-05 06:45:00
2024-08-05,07:00:00 am,0,103.275,23.997,2024-08-05 07:00:00
2024-08-05,07:15:00 am,0,103.285,23.947,2024-08-05 07:15:00
2024-08-05,07:30:00 am,0,103.283,23.903,2024-08-05 07:30:00
2024-08-05,07:45:00 am,0,103.296,23.863,2024-08-05 07:45:00
2024-08-05,08:00:00 am,0,103.311,23.828,2024-08-05 08:00:00
2024-08-05,08:15:00 am,0,103.326,23.797,2024-08-05 08:15:00
2024-08-05,08:30:00 am,0,103.332,23.775,2024-08-05 08:30:00
2024-08-05,08:45:00 am,0,103.344,23.764,2024-08-05 08:45:00
2024-08-05,09:00:00 am,0,103.354,23.754,2024-08-05 09:00:00
2024-08-05,09:15:00 am,0,103.36,23.759,2024-08-05 09:15:00
2024-08-05,09:30:00 am,0,103.365,23.767,2024-08-05 09:30:00
2024-08-05,09:45:00 am,0,103.374,23.782,2024-08-05 09:45:00
2024-08-05,10:00:00 am,0,103.367,23.802,2024-08-05 10:00:00
2024-08-05,10:15:00 am,0,103.377,23.825,2024-08-05 10:15:00
2024-08-05,10:30:00 am,0,103.38,23.862,2024-08-05 10:30:00
2024-08-05,10:45:00 am,0,103.383,23.903,2024-08-05 10:45:00
2024-08-05,11:00:00 am,0,103.386,23.95,2024-08-05 11:00:00
2024-08-05,11:15:00 am,0,103.394,23.999,2024-08-05 11:15:00
2024-08-05,11:30:00 am,0,103.402,24.06,2024-08-05 11:30:00
2024-08-05,11:45:00 am,0,103.419,24.121,2024-08-05 11:45:00
2024-08-05,12:00:00 pm,0,103.435,24.2,2024-08-05 12:00:00
2024-08-05,12:15:00 pm,0,103.438,24.274,2024-08-05 12:15:00
2024-08-05,12:30:00 pm,0,103.447,24.355,2024-08-05 12:30:00
2024-08-05,12:45:00 pm,0,103.457,24.452,2024-08-05 12:45:00
2024-08-05,01:00:00 pm,0,103.443,24.541,2024-08-05 01:00:00
2024-08-05,01:15:00 pm,0,103.429,24.649,2024-08-05 01:15:00
2024-08-05,01:30:00 pm,0,103.417,24.756,2024-08-05 01:30:00
2024-08-05,01:45:00 pm,0,103.403,24.864,2024-08-05 01:45:00
2024-08-05,02:00:00 pm,0,103.384,24.972,2024-08-05 02:00:00
2024-08-05,02:15:00 pm,0,103.367,25.057,2024-08-05 02:15:00
2024-08-05,02:30:00 pm,0,103.352,25.161,2024-08-05 02:30:00
2024-08-05,02:45:00 pm,0,103.343,25.261,2024-08-05 02:45:00
2024-08-05,03:00:00 pm,0,103.254,25.366,2024-08-05 03:00:00
2024-08-05,03:15:00 pm,0,103.274,25.47,2024-08-05 03:15:00
2024-08-05,03:30:00 pm,0,103.262,25.556,2024-08-05 03:30:00
2024-08-05,03:45:00 pm,0,103.258,25.644,2024-08-05 03:45:00
2024-08-05,04:00:00 pm,0,103.252,25.726,2024-08-05 04:00:00
2024-08-05,04:15:00 pm,0,103.239,25.806,2024-08-05 04:15:00
2024-08-05,04:30:00 pm,0,103.23,25.889,2024-08-05 04:30:00
2024-08-05,04:45:00 pm,0,103.217,25.965,2024-08-05 04:45:00
2024-08-05,05:00:00 pm,0,103.205,26.036,2024-08-05 05:00:00
2024-08-05,05:15:00 pm,0,103.193,26.103,2024-08-05 05:15:00
2024-08-05,05:30:00 pm,0,103.181,26.165,2024-08-05 05:30:00
2024-08-05,05:45:00 pm,0,103.169,26.227,2024-08-05 05:45:00
2024-08-05,06:00:00 pm,0,103.073,26.285,2024-08-05 06:00:00
2024-08-05,06:15:00 pm,0,103.095,26.335,2024-08-05 06:15:00
2024-08-05,06:30:00 pm,0,103.111,26.38,2024-08-05 06:30:00
2024-08-05,06:45:00 pm,0,103.127,26.42,2024-08-05 06:45:00
2024-08-05,07:00:00 pm,0,103.141,26.453,2024-08-05 07:00:00
2024-08-05,07:15:00 pm,0,103.153,26.484,2024-08-05 07:15:00
2024-08-05,07:30:00 pm,0,103.169,26.512,2024-08-05 07:30:00
2024-08-05,07:45:00 pm,0,103.176,26.534,2024-08-05 07:45:00
2024-08-05,08:00:00 pm,0,103.18,26.554,2024-08-05 08:00:00
2024-08-05,08:15:00 pm,0,103.179,26.564,2024-08-05 08:15:00
2024-08-05,08:30:00 pm,0,103.193,26.564,2024-08-05 08:30:00
2024-08-05,08:45:00 pm,0,103.201,26.556,2024-08-05 08:45:00
2024-08-05,09:00:00 pm,0,103.198,26.541,2024-08-05 09:00:00
2024-08-05,09:15:00 pm,0,103.212,26.517,2024-08-05 09:15:00
2024-08-05,09:30:00 pm,0,103.213,26.491,2024-08-05 09:30:00
2024-08-05,09:45:00 pm,0,103.224,26.46,2024-08-05 09:45:00
2024-08-05,10:00:00 pm,0,103.227,26.428,2024-08-05 10:00:00
2024-08-05,10:15:00 pm,0,103.225,26.391,2024-08-05 10:15:00
2024-08-05,10:30:00 pm,0,103.218,26.351,2024-08-05 10:30:00
2024-08-05,10:45:00 pm,0,103.207,26.306,2024-08-05 10:45:00
2024-08-05,11:00:00 pm,0,103.199,26.257,2024-08-05 11:00:00
2024-08-05,11:15:00 pm,0,103.19,26.206,2024-08-05 11:15:00
2024-08-05,11:30:00 pm,0,103.178,26.15,2024-08-05 11:30:00
2024-08-05,11:45:00 pm,0,103.168,26.092,2024-08-05 11:45:00
2024-08-06,12:00:00 am,0,103.155,26.03,2024-08-06 12:00:00
2024-08-06,12:15:00 am,0,103.145,25.967,2024-08-06 12:15:00
2024-08-06,12:30:00 am,0,103.133,25.901,2024-08-06 12:30:00
2024-08-06,12:45:00 am,0,103.112,25.833,2024-08-06 12:45:00
2024-08-06,01:00:00 am,0,103.097,25.762,2024-08-06 01:00:00
2024-08-06,01:15:00 am,0,103.077,25.693,2024-08-06 01:15:00
2024-08-06,01:30:00 am,0,103.069,25.625,2024-08-06 01:30:00
2024-08-06,01:45:00 am,0,103.053,25.553,2024-08-06 01:45:00
2024-08-06,02:00:00 am,0,103.038,25.48,2024-08-06 02:00:00
2024-08-06,02:15:00 am,0,103.023,25.409,2024-08-06 02:15:00
2024-08-06,02:30:00 am,0,103.013,25.338,2024-08-06 02:30:00
2024-08-06,02:45:00 am,0,102.991,25.268,2024-08-06 02:45:00
2024-08-06,03:00:00 am,0,102.972,25.198,2024-08-06 03:00:00
2024-08-06,03:15:00 am,0,102.959,25.122,2024-08-06 03:15:00
2024-08-06,03:30:00 am,0,102.944,25.052,2024-08-06 03:30:00
2024-08-06,03:45:00 am,0,102.928,24.98,2024-08-06 03:45:00
2024-08-06,04:00:00 am,0,102.911,24.908,2024-08-06 04:00:00
2024-08-06,04:15:00 am,0,102.93,24.836,2024-08-06 04:15:00
2024-08-06,04:30:00 am,0,102.997,24.767,2024-08-06 04:30:00
2024-08-06,04:45:00 am,0,103.004,24.697,2024-08-06 04:45:00
2024-08-06,05:00:00 am,0,103.017,24.627,2024-08-06 05:00:00
2024-08-06,05:15:00 am,0,103.025,24.558,2024-08-06 05:15:00
2024-08-06,05:30:00 am,0,103.03,24.491,2024-08-06 05:30:00
2024-08-06,05:45:00 am,0,103.036,24.424,2024-08-06 05:45:00
2024-08-06,06:00:00 am,0,103.03,24.356,2024-08-06 06:00:00
2024-08-06,06:15:00 am,0,103.034,24.29,2024-08-06 06:15:00
2024-08-06,06:30:00 am,0,103.065,24.225,2024-08-06 06:30:00
2024-08-06,06:45:00 am,0,103.072,24.162,2024-08-06 06:45:00
2024-08-06,07:00:00 am,0,103.074,24.105,2024-08-06 07:00:00
2024-08-06,07:15:00 am,0,103.07,24.047,2024-08-06 07:15:00
2024-08-06,07:30:00 am,0,103.084,23.997,2024-08-06 07:30:00
2024-08-06,07:45:00 am,0,103.087,23.951,2024-08-06 07:45:00
2024-08-06,08:00:00 am,0,103.142,23.912,2024-08-06 08:00:00
2024-08-06,08:15:00 am,0,103.153,23.878,2024-08-06 08:15:00
2024-08-06,08:30:00 am,0,103.156,23.852,2024-08-06 08:30:00
2024-08-06,08:45:00 am,0,103.151,23.836,2024-08-06 08:45:00
2024-08-06,09:00:00 am,0,103.154,23.823,2024-08-06 09:00:00
2024-08-06,09:15:00 am,0,103.151,23.82,2024-08-06 09:15:00
2024-08-06,09:30:00 am,0,103.153,23.823,2024-08-06 09:30:00
2024-08-06,09:45:00 am,0,103.154,23.832,2024-08-06 09:45:00
2024-08-06,10:00:00 am,0,103.161,23.844,2024-08-06 10:00:00
2024-08-06,10:15:00 am,0,103.166,23.868,2024-08-06 10:15:00
2024-08-06,10:30:00 am,0,103.162,23.9,2024-08-06 10:30:00
2024-08-06,10:45:00 am,0,103.169,23.944,2024-08-06 10:45:00
2024-08-06,11:00:00 am,0,103.179,23.994,2024-08-06 11:00:00
2024-08-06,11:15:00 am,0,103.188,24.048,2024-08-06 11:15:00
2024-08-06,11:30:00 am,0,103.19,24.112,2024-08-06 11:30:00
2024-08-06,11:45:00 am,0,103.195,24.181,2024-08-06 11:45:00
2024-08-06,12:00:00 pm,0,103.202,24.257,2024-08-06 12:00:00
2024-08-06,12:15:00 pm,0,103.209,24.332,2024-08-06 12:15:00
2024-08-06,12:30:00 pm,0,103.219,24.429,2024-08-06 12:30:00
2024-08-06,12:45:00 pm,0,103.223,24.531,2024-08-06 12:45:00
2024-08-06,01:00:00 pm,0,103.221,24.651,2024-08-06 01:00:00
2024-08-06,01:15:00 pm,0,103.2,24.752,2024-08-06 01:15:00
2024-08-06,01:30:00 pm,0,103.194,24.876,2024-08-06 01:30:00
2024-08-06,01:45:00 pm,0,103.177,25.01,2024-08-06 01:45:00
2024-08-06,02:00:00 pm,0,103.15,25.129,2024-08-06 02:00:00
2024-08-06,02:15:00 pm,0,103.139,25.249,2024-08-06 02:15:00
2024-08-06,02:30:00 pm,0,103.116,25.353,2024-08-06 02:30:00
2024-08-06,02:45:00 pm,0,103.016,25.446,2024-08-06 02:45:00
2024-08-06,03:00:00 pm,0,103.033,25.54,2024-08-06 03:00:00
2024-08-06,03:15:00 pm,0,103.035,25.635,2024-08-06 03:15:00
2024-08-06,03:30:00 pm,0,103.023,25.727,2024-08-06 03:30:00
2024-08-06,03:45:00 pm,0,103.003,25.807,2024-08-06 03:45:00
2024-08-06,04:00:00 pm,0,102.995,25.886,2024-08-06 04:00:00
2024-08-06,04:15:00 pm,0,102.969,25.963,2024-08-06 04:15:00
2024-08-06,04:30:00 pm,0,102.944,26.045,2024-08-06 04:30:00
2024-08-06,04:45:00 pm,0,102.931,26.124,2024-08-06 04:45:00
2024-08-06,05:00:00 pm,0,102.913,26.198,2024-08-06 05:00:00
2024-08-06,05:15:00 pm,0,102.903,26.262,2024-08-06 05:15:00
2024-08-06,05:30:00 pm,0,102.807,26.325,2024-08-06 05:30:00
2024-08-06,05:45:00 pm,0,102.818,26.387,2024-08-06 05:45:00
2024-08-06,06:00:00 pm,0,102.826,26.442,2024-08-06 06:00:00
2024-08-06,06:15:00 pm,0,102.833,26.491,2024-08-06 06:15:00
2024-08-06,06:30:00 pm,0,102.834,26.535,2024-08-06 06:30:00
2024-08-06,06:45:00 pm,0,102.832,26.571,2024-08-06 06:45:00
2024-08-06,07:00:00 pm,0,102.833,26.606,2024-08-06 07:00:00
2024-08-06,07:15:00 pm,0,102.839,26.637,2024-08-06 07:15:00
2024-08-06,07:30:00 pm,0,102.839,26.665,2024-08-06 07:30:00
2024-08-06,07:45:00 pm,0,102.846,26.683,2024-08-06 07:45:00
2024-08-06,08:00:00 pm,0,102.854,26.693,2024-08-06 08:00:00
2024-08-06,08:15:00 pm,0,102.854,26.698,2024-08-06 08:15:00
2024-08-06,08:30:00 pm,0,102.862,26.695,2024-08-06 08:30:00
2024-08-06,08:45:00 pm,0,102.863,26.688,2024-08-06 08:45:00
2024-08-06,09:00:00 pm,0,102.86,26.672,2024-08-06 09:00:00
2024-08-06,09:15:00 pm,0,102.869,26.647,2024-08-06 09:15:00
2024-08-06,09:30:00 pm,0,102.871,26.618,2024-08-06 09:30:00
2024-08-06,09:45:00 pm,0,102.879,26.581,2024-08-06 09:45:00
2024-08-06,10:00:00 pm,0,102.879,26.537,2024-08-06 10:00:00
2024-08-06,10:15:00 pm,0,102.88,26.489,2024-08-06 10:15:00
2024-08-06,10:30:00 pm,0,102.871,26.437,2024-08-06 10:30:00
2024-08-06,10:45:00 pm,0,102.864,26.38,2024-08-06 10:45:00
2024-08-06,11:00:00 pm,0,102.858,26.322,2024-08-06 11:00:00
2024-08-06,11:15:00 pm,0,102.848,26.258,2024-08-06 11:15:00
2024-08-06,11:30:00 pm,0,102.849,26.192,2024-08-06 11:30:00
2024-08-06,11:45:00 pm,0,102.839,26.125,2024-08-06 11:45:00
2024-08-07,12:00:00 am,0,102.83,26.057,2024-08-07 12:00:00
2024-08-07,12:15:00 am,0,102.819,25.986,2024-08-07 12:15:00
2024-08-07,12:30:00 am,0,102.807,25.916,2024-08-07 12:30:00
2024-08-07,12:45:00 am,0,102.793,25.844,2024-08-07 12:45:00
2024-08-07,01:00:00 am,0,102.78,25.77,2024-08-07 01:00:00
2024-08-07,01:15:00 am,0,102.764,25.696,2024-08-07 01:15:00
2024-08-07,01:30:00 am,0,102.748,25.625,2024-08-07 01:30:00
2024-08-07,01:45:00 am,0,102.734,25.548,2024-08-07 01:45:00
2024-08-07,02:00:00 am,0,102.723,25.472,2024-08-07 02:00:00
2024-08-07,02:15:00 am,0,102.708,25.394,2024-08-07 02:15:00
2024-08-07,02:30:00 am,0,102.69,25.314,2024-08-07 02:30:00
2024-08-07,02:45:00 am,0,102.664,25.235,2024-08-07 02:45:00
2024-08-07,03:00:00 am,0,102.644,25.155,2024-08-07 03:00:00
2024-08-07,03:15:00 am,0,102.631,25.073,2024-08-07 03:15:00
2024-08-07,03:30:00 am,0,102.611,24.994,2024-08-07 03:30:00
2024-08-07,03:45:00 am,0,102.597,24.912,2024-08-07 03:45:00
2024-08-07,04:00:00 am,0,102.58,24.833,2024-08-07 04:00:00
2024-08-07,04:15:00 am,0,102.562,24.753,2024-08-07 04:15:00
2024-08-07,04:30:00 am,0,102.544,24.674,2024-08-07 04:30:00
2024-08-07,04:45:00 am,0,102.626,24.597,2024-08-07 04:45:00
2024-08-07,05:00:00 am,0,102.643,24.518,2024-08-07 05:00:00
2024-08-07,05:15:00 am,0,102.654,24.439,2024-08-07 05:15:00
2024-08-07,05:30:00 am,0,102.67,24.36,2024-08-07 05:30:00
2024-08-07,05:45:00 am,0,102.689,24.285,2024-08-07 05:45:00
2024-08-07,06:00:00 am,0,102.691,24.209,2024-08-07 06:00:00
2024-08-07,06:15:00 am,0,102.696,24.133,2024-08-07 06:15:00
2024-08-07,06:30:00 am,0,102.702,24.06,2024-08-07 06:30:00
2024-08-07,06:45:00 am,0,102.701,23.989,2024-08-07 06:45:00
2024-08-07,07:00:00 am,0,102.711,23.921,2024-08-07 07:00:00
2024-08-07,07:15:00 am,0,102.722,23.855,2024-08-07 07:15:00
2024-08-07,07:30:00 am,0,102.722,23.795,2024-08-07 07:30:00
2024-08-07,07:45:00 am,0,102.726,23.746,2024-08-07 07:45:00
2024-08-07,08:00:00 am,0,102.739,23.701,2024-08-07 08:00:00
2024-08-07,08:15:00 am,0,102.733,23.662,2024-08-07 08:15:00
2024-08-07,08:30:00 am,0,102.722,23.634,2024-08-07 08:30:00
2024-08-07,08:45:00 am,0,102.708,23.616,2024-08-07 08:45:00
2024-08-07,09:00:00 am,0,102.707,23.606,2024-08-07 09:00:00
2024-08-07,09:15:00 am,0,102.709,23.604,2024-08-07 09:15:00
2024-08-07,09:30:00 am,0,102.715,23.609,2024-08-07 09:30:00
2024-08-07,09:45:00 am,0,102.709,23.626,2024-08-07 09:45:00
2024-08-07,10:00:00 am,0,102.708,23.644,2024-08-07 10:00:00
2024-08-07,10:15:00 am,0,102.709,23.672,2024-08-07 10:15:00
2024-08-07,10:30:00 am,0,102.714,23.708,2024-08-07 10:30:00
2024-08-07,10:45:00 am,0,102.711,23.758,2024-08-07 10:45:00
2024-08-07,11:00:00 am,0,102.715,23.808,2024-08-07 11:00:00
2024-08-07,11:15:00 am,0,102.72,23.87,2024-08-07 11:15:00
2024-08-07,11:30:00 am,0,102.735,23.935,2024-08-07 11:30:00
2024-08-07,11:45:00 am,0,102.739,24.005,2024-08-07 11:45:00
2024-08-07,12:00:00 pm,0,102.748,24.087,2024-08-07 12:00:00
2024-08-07,12:15:00 pm,0,102.749,24.167,2024-08-07 12:15:00
2024-08-07,12:30:00 pm,0,102.754,24.255,2024-08-07 12:30:00
2024-08-07,12:45:00 pm,0,102.749,24.358,2024-08-07 12:45:00
2024-08-07,01:00:00 pm,0,102.733,24.474,2024-08-07 01:00:00
2024-08-07,01:15:00 pm,0,102.729,24.597,2024-08-07 01:15:00
2024-08-07,01:30:00 pm,0,102.713,24.731,2024-08-07 01:30:00
2024-08-07,01:45:00 pm,0,102.699,24.862,2024-08-07 01:45:00
2024-08-07,02:00:00 pm,0,102.681,24.982,2024-08-07 02:00:00
2024-08-07,02:15:00 pm,0,102.648,25.084,2024-08-07 02:15:00
2024-08-07,02:30:00 pm,0,102.624,25.191,2024-08-07 02:30:00
2024-08-07,02:45:00 pm,0,102.545,25.295,2024-08-07 02:45:00
2024-08-07,03:00:00 pm,0,102.546,25.393,2024-08-07 03:00:00
2024-08-07,03:15:00 pm,0,102.524,25.494,2024-08-07 03:15:00
2024-08-07,03:30:00 pm,0,102.508,25.599,2024-08-07 03:30:00
2024-08-07,03:45:00 pm,0,102.502,25.686,2024-08-07 03:45:00
2024-08-07,04:00:00 pm,0,102.498,25.77,2024-08-07 04:00:00
2024-08-07,04:15:00 pm,0,102.485,25.86,2024-08-07 04:15:00
2024-08-07,04:30:00 pm,0,102.458,25.952,2024-08-07 04:30:00
2024-08-07,04:45:00 pm,0,102.441,26.032,2024-08-07 04:45:00
2024-08-07,05:00:00 pm,0,102.437,26.103,2024-08-07 05:00:00
2024-08-07,05:15:00 pm,0,102.322,26.178,2024-08-07 05:15:00
2024-08-07,05:30:00 pm,0,102.335,26.247,2024-08-07 05:30:00
2024-08-07,05:45:00 pm,0,102.346,26.315,2024-08-07 05:45:00
2024-08-07,06:00:00 pm,0,102.35,26.382,2024-08-07 06:00:00
2024-08-07,06:15:00 pm,0,102.346,26.446,2024-08-07 06:15:00
2024-08-07,06:30:00 pm,0,102.347,26.504,2024-08-07 06:30:00
2024-08-07,06:45:00 pm,0,102.347,26.553,2024-08-07 06:45:00
2024-08-07,07:00:00 pm,0,102.348,26.596,2024-08-07 07:00:00
2024-08-07,07:15:00 pm,0,102.346,26.633,2024-08-07 07:15:00
2024-08-07,07:30:00 pm,0,102.343,26.668,2024-08-07 07:30:00
2024-08-07,07:45:00 pm,0,102.348,26.695,2024-08-07 07:45:00
2024-08-07,08:00:00 pm,0,102.354,26.717,2024-08-07 08:00:00
2024-08-07,08:15:00 pm,0,102.36,26.735,2024-08-07 08:15:00
2024-08-07,08:30:00 pm,0,102.364,26.746,2024-08-07 08:30:00
2024-08-07,08:45:00 pm,0,102.372,26.754,2024-08-07 08:45:00
2024-08-07,09:00:00 pm,0,102.383,26.756,2024-08-07 09:00:00
2024-08-07,09:15:00 pm,0,102.389,26.753,2024-08-07 09:15:00
2024-08-07,09:30:00 pm,0,102.397,26.743,2024-08-07 09:30:00
2024-08-07,09:45:00 pm,0,102.405,26.727,2024-08-07 09:45:00
2024-08-07,10:00:00 pm,0,102.408,26.708,2024-08-07 10:00:00
2024-08-07,10:15:00 pm,0,102.422,26.684,2024-08-07 10:15:00
2024-08-07,10:30:00 pm,0,102.416,26.655,2024-08-07 10:30:00
2024-08-07,10:45:00 pm,0,102.421,26.622,2024-08-07 10:45:00
2024-08-07,11:00:00 pm,0,102.429,26.589,2024-08-07 11:00:00
2024-08-07,11:15:00 pm,0,102.43,26.555,2024-08-07 11:15:00
2024-08-07,11:30:00 pm,0,102.433,26.515,2024-08-07 11:30:00
2024-08-07,11:45:00 pm,0,102.436,26.476,2024-08-07 11:45:00
2024-08-08,12:00:00 am,0,102.45,26.434,2024-08-08 12:00:00
2024-08-08,12:15:00 am,0,102.448,26.396,2024-08-08 12:15:00
2024-08-08,12:30:00 am,0,102.441,26.347,2024-08-08 12:30:00
2024-08-08,12:45:00 am,0,102.423,26.299,2024-08-08 12:45:00
2024-08-08,01:00:00 am,0,102.413,26.248,2024-08-08 01:00:00
2024-08-08,01:15:00 am,0,102.405,26.191,2024-08-08 01:15:00
2024-08-08,01:30:00 am,0,102.392,26.128,2024-08-08 01:30:00
2024-08-08,01:45:00 am,0,102.386,26.063,2024-08-08 01:45:00
2024-08-08,02:00:00 am,0,102.372,25.992,2024-08-08 02:00:00
2024-08-08,02:15:00 am,0,102.373,25.919,2024-08-08 02:15:00
2024-08-08,02:30:00 am,0,102.351,25.839,2024-08-08 02:30:00
2024-08-08,02:45:00 am,0,102.342,25.759,2024-08-08 02:45:00
2024-08-08,03:00:00 am,0,102.323,25.678,2024-08-08 03:00:00
2024-08-08,03:15:00 am,0,102.308,25.595,2024-08-08 03:15:00
2024-08-08,03:30:00 am,0,102.294,25.511,2024-08-08 03:30:00
2024-08-08,03:45:00 am,0,102.289,25.426,2024-08-08 03:45:00
2024-08-08,04:00:00 am,0,102.266,25.344,2024-08-08 04:00:00
2024-08-08,04:15:00 am,0,102.248,25.259,2024-08-08 04:15:00
2024-08-08,04:30:00 am,0,102.25,25.174,2024-08-08 04:30:00
2024-08-08,04:45:00 am,0,102.236,25.088,2024-08-08 04:45:00
2024-08-08,05:00:00 am,0,102.23,25.001,2024-08-08 05:00:00
2024-08-08,05:15:00 am,0,102.217,24.919,2024-08-08 05:15:00
2024-08-08,05:30:00 am,0,102.211,24.836,2024-08-08 05:30:00
2024-08-08,05:45:00 am,0,102.197,24.75,2024-08-08 05:45:00
2024-08-08,06:00:00 am,0,102.189,24.663,2024-08-08 06:00:00
2024-08-08,06:15:00 am,0,102.314,24.578,2024-08-08 06:15:00
2024-08-08,06:30:00 am,0,102.319,24.49,2024-08-08 06:30:00
2024-08-08,06:45:00 am,0,102.327,24.406,2024-08-08 06:45:00
2024-08-08,07:00:00 am,0,102.335,24.325,2024-08-08 07:00:00
2024-08-08,07:15:00 am,0,102.357,24.254,2024-08-08 07:15:00
2024-08-08,07:30:00 am,0,102.37,24.187,2024-08-08 07:30:00
2024-08-08,07:45:00 am,0,102.383,24.127,2024-08-08 07:45:00
2024-08-08,08:00:00 am,0,102.385,24.072,2024-08-08 08:00:00
2024-08-08,08:15:00 am,0,102.396,24.023,2024-08-08 08:15:00
2024-08-08,08:30:00 am,0,102.388,23.982,2024-08-08 08:30:00
2024-08-08,08:45:00 am,0,102.388,23.94,2024-08-08 08:45:00
2024-08-08,09:00:00 am,0,102.395,23.909,2024-08-08 09:00:00
2024-08-08,09:15:00 am,0,102.407,23.882,2024-08-08 09:15:00
2024-08-08,09:30:00 am,0,102.407,23.852,2024-08-08 09:30:00
2024-08-08,09:45:00 am,0,102.408,23.83,2024-08-08 09:45:00
2024-08-08,10:00:00 am,0,102.413,23.814,2024-08-08 10:00:00
2024-08-08,10:15:00 am,0,102.427,23.799,2024-08-08 10:15:00
2024-08-08,10:30:00 am,0,102.44,23.787,2024-08-08 10:30:00
2024-08-08,10:45:00 am,0,102.449,23.774,2024-08-08 10:45:00
2024-08-08,11:00:00 am,0,102.457,23.763,2024-08-08 11:00:00
2024-08-08,11:15:00 am,0,102.45,23.762,2024-08-08 11:15:00
2024-08-08,11:30:00 am,0,102.45,23.773,2024-08-08 11:30:00
2024-08-08,11:45:00 am,0,102.447,23.799,2024-08-08 11:45:00
2024-08-08,12:00:00 pm,0,102.458,23.848,2024-08-08 12:00:00
2024-08-08,12:15:00 pm,0,102.471,23.878,2024-08-08 12:15:00
2024-08-08,12:30:00 pm,0,102.474,23.899,2024-08-08 12:30:00
2024-08-08,12:45:00 pm,0,102.476,23.924,2024-08-08 12:45:00
2024-08-08,01:00:00 pm,0,102.49,23.952,2024-08-08 01:00:00
2024-08-08,01:15:00 pm,0,102.501,23.972,2024-08-08 01:15:00
2024-08-08,01:30:00 pm,0,102.507,23.991,2024-08-08 01:30:00
2024-08-08,01:45:00 pm,0,102.506,24.007,2024-08-08 01:45:00
2024-08-08,02:00:00 pm,0,102.512,24.029,2024-08-08 02:00:00
2024-08-08,02:15:00 pm,0,102.515,24.053,2024-08-08 02:15:00
2024-08-08,02:30:00 pm,0,102.516,24.075,2024-08-08 02:30:00
2024-08-08,02:45:00 pm,0,102.527,24.105,2024-08-08 02:45:00
2024-08-08,03:00:00 pm,0,102.532,24.133,2024-08-08 03:00:00
2024-08-08,03:15:00 pm,0,102.54,24.157,2024-08-08 03:15:00
2024-08-08,03:30:00 pm,0,102.541,24.195,2024-08-08 03:30:00
2024-08-08,03:45:00 pm,0,102.557,24.238,2024-08-08 03:45:00
2024-08-08,04:00:00 pm,0,102.567,24.282,2024-08-08 04:00:00
2024-08-08,04:15:00 pm,0,102.572,24.322,2024-08-08 04:15:00
2024-08-08,04:30:00 pm,0,102.579,24.359,2024-08-08 04:30:00
2024-08-08,04:45:00 pm,0,102.577,24.397,2024-08-08 04:45:00
2024-08-08,05:00:00 pm,0,102.582,24.435,2024-08-08 05:00:00
2024-08-08,05:15:00 pm,0,102.585,24.471,2024-08-08 05:15:00
2024-08-08,05:30:00 pm,0,102.586,24.511,2024-08-08 05:30:00
2024-08-08,05:45:00 pm,0,102.584,24.546,2024-08-08 05:45:00
2024-08-08,06:00:00 pm,0,102.576,24.574,2024-08-08 06:00:00
2024-08-08,06:15:00 pm,0,102.566,24.603,2024-08-08 06:15:00
2024-08-08,06:30:00 pm,0,102.567,24.633,2024-08-08 06:30:00
2024-08-08,06:45:00 pm,0,102.579,24.657,2024-08-08 06:45:00
2024-08-08,07:00:00 pm,0,102.592,24.679,2024-08-08 07:00:00
2024-08-08,07:15:00 pm,0,102.599,24.702,2024-08-08 07:15:00
2024-08-08,07:30:00 pm,0,102.619,24.719,2024-08-08 07:30:00
2024-08-08,07:45:00 pm,0,102.631,24.732,2024-08-08 07:45:00
2024-08-08,08:00:00 pm,0,102.631,24.745,2024-08-08 08:00:00
2024-08-08,08:15:00 pm,0,102.629,24.752,2024-08-08 08:15:00
2024-08-08,08:30:00 pm,0,102.648,24.76,2024-08-08 08:30:00
2024-08-08,08:45:00 pm,0,102.666,24.76,2024-08-08 08:45:00
2024-08-08,09:00:00 pm,0,102.701,24.754,2024-08-08 09:00:00
2024-08-08,09:15:00 pm,0,102.714,24.747,2024-08-08 09:15:00
2024-08-08,09:30:00 pm,0,102.727,24.734,2024-08-08 09:30:00
2024-08-08,09:45:00 pm,0,102.73,24.718,2024-08-08 09:45:00
2024-08-08,10:00:00 pm,0,102.733,24.702,2024-08-08 10:00:00
2024-08-08,10:15:00 pm,0,102.73,24.681,2024-08-08 10:15:00
2024-08-08,10:30:00 pm,0,102.72,24.658,2024-08-08 10:30:00
2024-08-08,10:45:00 pm,0,102.718,24.633,2024-08-08 10:45:00
2024-08-08,11:00:00 pm,0,102.712,24.606,2024-08-08 11:00:00
2024-08-08,11:15:00 pm,0,102.705,24.577,2024-08-08 11:15:00
2024-08-08,11:30:00 pm,0,102.706,24.543,2024-08-08 11:30:00
2024-08-08,11:45:00 pm,0,102.703,24.512,2024-08-08 11:45:00
2024-08-09,12:00:00 am,0,102.694,24.478,2024-08-09 12:00:00
2024-08-09,12:15:00 am,0,102.685,24.446,2024-08-09 12:15:00
2024-08-09,12:30:00 am,0,102.677,24.406,2024-08-09 12:30:00
2024-08-09,12:45:00 am,0,102.667,24.366,2024-08-09 12:45:00
2024-08-09,01:00:00 am,0,102.652,24.327,2024-08-09 01:00:00
2024-08-09,01:15:00 am,0,102.639,24.286,2024-08-09 01:15:00
2024-08-09,01:30:00 am,0,102.639,24.245,2024-08-09 01:30:00
2024-08-09,01:45:00 am,0,102.624,24.201,2024-08-09 01:45:00
2024-08-09,02:00:00 am,0,102.613,24.156,2024-08-09 02:00:00
2024-08-09,02:15:00 am,0,102.61,24.11,2024-08-09 02:15:00
2024-08-09,02:30:00 am,0,102.607,24.069,2024-08-09 02:30:00
2024-08-09,02:45:00 am,0,102.589,24.025,2024-08-09 02:45:00
2024-08-09,03:00:00 am,0,102.591,23.981,2024-08-09 03:00:00
2024-08-09,03:15:00 am,0,102.595,23.941,2024-08-09 03:15:00
2024-08-09,03:30:00 am,0,102.584,23.893,2024-08-09 03:30:00
2024-08-09,03:45:00 am,0,102.58,23.844,2024-08-09 03:45:00
2024-08-09,04:00:00 am,0,102.582,23.8,2024-08-09 04:00:00
2024-08-09,04:15:00 am,0,102.644,23.756,2024-08-09 04:15:00
2024-08-09,04:30:00 am,0,102.645,23.716,2024-08-09 04:30:00
2024-08-09,04:45:00 am,0,102.666,23.674,2024-08-09 04:45:00
2024-08-09,05:00:00 am,0,102.687,23.634,2024-08-09 05:00:00
2024-08-09,05:15:00 am,0,102.7,23.591,2024-08-09 05:15:00
2024-08-09,05:30:00 am,0,102.718,23.549,2024-08-09 05:30:00
2024-08-09,05:45:00 am,0,102.744,23.504,2024-08-09 05:45:00
2024-08-09,06:00:00 am,0,102.753,23.461,2024-08-09 06:00:00
2024-08-09,06:15:00 am,0,102.772,23.416,2024-08-09 06:15:00
2024-08-09,06:30:00 am,0,102.784,23.373,2024-08-09 06:30:00
2024-08-09,06:45:00 am,0,102.816,23.332,2024-08-09 06:45:00
2024-08-09,07:00:00 am,0,102.85,23.293,2024-08-09 07:00:00
2024-08-09,07:15:00 am,0,102.87,23.253,2024-08-09 07:15:00
2024-08-09,07:30:00 am,0,102.885,23.218,2024-08-09 07:30:00
2024-08-09,07:45:00 am,0,102.898,23.19,2024-08-09 07:45:00
2024-08-09,08:00:00 am,0,102.917,23.17,2024-08-09 08:00:00
2024-08-09,08:15:00 am,0,102.931,23.152,2024-08-09 08:15:00
2024-08-09,08:30:00 am,0,102.939,23.139,2024-08-09 08:30:00
2024-08-09,08:45:00 am,0,102.942,23.135,2024-08-09 08:45:00
2024-08-09,09:00:00 am,0,102.941,23.135,2024-08-09 09:00:00
2024-08-09,09:15:00 am,0,102.95,23.139,2024-08-09 09:15:00
2024-08-09,09:30:00 am,0,102.96,23.151,2024-08-09 09:30:00
2024-08-09,09:45:00 am,0,102.971,23.167,2024-08-09 09:45:00
2024-08-09,10:00:00 am,0,102.975,23.185,2024-08-09 10:00:00
2024-08-09,10:15:00 am,0,102.989,23.21,2024-08-09 10:15:00
2024-08-09,10:30:00 am,0,102.991,23.245,2024-08-09 10:30:00
2024-08-09,10:45:00 am,0,103.002,23.288,2024-08-09 10:45:00
2024-08-09,11:00:00 am,0,103.012,23.337,2024-08-09 11:00:00
2024-08-09,11:15:00 am,0,103.017,23.39,2024-08-09 11:15:00
2024-08-09,11:30:00 am,0,103.032,23.449,2024-08-09 11:30:00
2024-08-09,11:45:00 am,0,103.043,23.516,2024-08-09 11:45:00
2024-08-09,12:00:00 pm,0,103.064,23.6,2024-08-09 12:00:00
2024-08-09,12:15:00 pm,0,103.077,23.673,2024-08-09 12:15:00
2024-08-09,12:30:00 pm,0,103.086,23.736,2024-08-09 12:30:00
2024-08-09,12:45:00 pm,0,103.096,23.805,2024-08-09 12:45:00
2024-08-09,01:00:00 pm,0,103.116,23.903,2024-08-09 01:00:00
2024-08-09,01:15:00 pm,0,103.136,24.033,2024-08-09 01:15:00
2024-08-09,01:30:00 pm,0,103.15,24.158,2024-08-09 01:30:00
2024-08-09,01:45:00 pm,0,103.156,24.253,2024-08-09 01:45:00
2024-08-09,02:00:00 pm,0,103.143,24.335,2024-08-09 02:00:00
2024-08-09,02:15:00 pm,0,103.149,24.437,2024-08-09 02:15:00
2024-08-09,02:30:00 pm,0,103.138,24.55,2024-08-09 02:30:00
2024-08-09,02:45:00 pm,0,103.128,24.656,2024-08-09 02:45:00
2024-08-09,03:00:00 pm,0,103.109,24.762,2024-08-09 03:00:00
2024-08-09,03:15:00 pm,0,103.105,24.87,2024-08-09 03:15:00
2024-08-09,03:30:00 pm,0,103.111,24.957,2024-08-09 03:30:00
2024-08-09,03:45:00 pm,0,103.104,25.039,2024-08-09 03:45:00
2024-08-09,04:00:00 pm,0,103.109,25.12,2024-08-09 04:00:00
2024-08-09,04:15:00 pm,0,103.109,25.19,2024-08-09 04:15:00
2024-08-09,04:30:00 pm,0,103.03,25.268,2024-08-09 04:30:00
2024-08-09,04:45:00 pm,0,103.042,25.348,2024-08-09 04:45:00
2024-08-09,05:00:00 pm,0,103.051,25.416,2024-08-09 05:00:00
2024-08-09,05:15:00 pm,0,103.049,25.487,2024-08-09 05:15:00
2024-08-09,05:30:00 pm,0,103.042,25.551,2024-08-09 05:30:00
2024-08-09,05:45:00 pm,0,103.041,25.609,2024-08-09 05:45:00
2024-08-09,06:00:00 pm,0,103.061,25.662,2024-08-09 06:00:00
2024-08-09,06:15:00 pm,0,103.062,25.709,2024-08-09 06:15:00
2024-08-09,06:30:00 pm,0,103.065,25.753,2024-08-09 06:30:00
2024-08-09,06:45:00 pm,0,103.07,25.793,2024-08-09 06:45:00
2024-08-09,07:00:00 pm,0,103.068,25.824,2024-08-09 07:00:00
2024-08-09,07:15:00 pm,0,103.075,25.849,2024-08-09 07:15:00
2024-08-09,07:30:00 pm,0,103.073,25.871,2024-08-09 07:30:00
2024-08-09,07:45:00 pm,0,103.085,25.885,2024-08-09 07:45:00
2024-08-09,08:00:00 pm,0,103.103,25.893,2024-08-09 08:00:00
2024-08-09,08:15:00 pm,0,103.124,25.891,2024-08-09 08:15:00
2024-08-09,08:30:00 pm,0,103.137,25.883,2024-08-09 08:30:00
2024-08-09,08:45:00 pm,0,103.142,25.867,2024-08-09 08:45:00
2024-08-09,09:00:00 pm,0,103.152,25.847,2024-08-09 09:00:00
2024-08-09,09:15:00 pm,0,103.157,25.818,2024-08-09 09:15:00
2024-08-09,09:30:00 pm,0,103.164,25.779,2024-08-09 09:30:00
2024-08-09,09:45:00 pm,0,103.171,25.739,2024-08-09 09:45:00
2024-08-09,10:00:00 pm,0,103.183,25.692,2024-08-09 10:00:00
2024-08-09,10:15:00 pm,0,103.187,25.645,2024-08-09 10:15:00
2024-08-09,10:30:00 pm,0,103.175,25.588,2024-08-09 10:30:00
2024-08-09,10:45:00 pm,0,103.177,25.53,2024-08-09 10:45:00
2024-08-09,11:00:00 pm,0,103.175,25.468,2024-08-09 11:00:00
2024-08-09,11:15:00 pm,0,103.172,25.403,2024-08-09 11:15:00
2024-08-09,11:30:00 pm,0,103.174,25.336,2024-08-09 11:30:00
2024-08-09,11:45:00 pm,0,103.165,25.265,2024-08-09 11:45:00
2024-08-10,12:00:00 am,0,103.158,25.194,2024-08-10 12:00:00
2024-08-10,12:15:00 am,0,103.152,25.122,2024-08-10 12:15:00
2024-08-10,12:30:00 am,0,103.136,25.045,2024-08-10 12:30:00
2024-08-10,12:45:00 am,0,103.129,24.967,2024-08-10 12:45:00
2024-08-10,01:00:00 am,0,103.121,24.889,2024-08-10 01:00:00
2024-08-10,01:15:00 am,0,103.114,24.813,2024-08-10 01:15:00
2024-08-10,01:30:00 am,0,103.105,24.731,2024-08-10 01:30:00
2024-08-10,01:45:00 am,0,103.087,24.652,2024-08-10 01:45:00
2024-08-10,02:00:00 am,0,103.073,24.57,2024-08-10 02:00:00
2024-08-10,02:15:00 am,0,103.06,24.489,2024-08-10 02:15:00
2024-08-10,02:30:00 am,0,103.05,24.405,2024-08-10 02:30:00
2024-08-10,02:45:00 am,0,103.037,24.324,2024-08-10 02:45:00
2024-08-10,03:00:00 am,0,103.023,24.243,2024-08-10 03:00:00
2024-08-10,03:15:00 am,0,103.067,24.161,2024-08-10 03:15:00
2024-08-10,03:30:00 am,0,103.072,24.081,2024-08-10 03:30:00
2024-08-10,03:45:00 am,0,103.077,23.998,2024-08-10 03:45:00
2024-08-10,04:00:00 am,0,103.091,23.92,2024-08-10 04:00:00
2024-08-10,04:15:00 am,0,103.1,23.84,2024-08-10 04:15:00
2024-08-10,04:30:00 am,0,103.105,23.761,2024-08-10 04:30:00
2024-08-10,04:45:00 am,0,103.117,23.689,2024-08-10 04:45:00
2024-08-10,05:00:00 am,0,103.124,23.617,2024-08-10 05:00:00
2024-08-10,05:15:00 am,0,103.143,23.545,2024-08-10 05:15:00
2024-08-10,05:30:00 am,0,103.16,23.475,2024-08-10 05:30:00
2024-08-10,05:45:00 am,0,103.249,23.404,2024-08-10 05:45:00
2024-08-10,06:00:00 am,0,103.277,23.333,2024-08-10 06:00:00
2024-08-10,06:15:00 am,0,103.277,23.264,2024-08-10 06:15:00
2024-08-10,06:30:00 am,0,103.295,23.198,2024-08-10 06:30:00
2024-08-10,06:45:00 am,0,103.308,23.136,2024-08-10 06:45:00
2024-08-10,07:00:00 am,0,103.323,23.076,2024-08-10 07:00:00
2024-08-10,07:15:00 am,0,103.32,23.021,2024-08-10 07:15:00
2024-08-10,07:30:00 am,0,103.332,22.974,2024-08-10 07:30:00
2024-08-10,07:45:00 am,0,103.35,22.935,2024-08-10 07:45:00
2024-08-10,08:00:00 am,0,103.363,22.899,2024-08-10 08:00:00
2024-08-10,08:15:00 am,0,103.373,22.871,2024-08-10 08:15:00
2024-08-10,08:30:00 am,0,103.387,22.855,2024-08-10 08:30:00
2024-08-10,08:45:00 am,0,103.401,22.843,2024-08-10 08:45:00
2024-08-10,09:00:00 am,0,103.416,22.838,2024-08-10 09:00:00
2024-08-10,09:15:00 am,0,103.43,22.839,2024-08-10 09:15:00
2024-08-10,09:30:00 am,0,103.448,22.848,2024-08-10 09:30:00
2024-08-10,09:45:00 am,0,103.466,22.857,2024-08-10 09:45:00
2024-08-10,10:00:00 am,0,103.471,22.875,2024-08-10 10:00:00
2024-08-10,10:15:00 am,0,103.482,22.897,2024-08-10 10:15:00
2024-08-10,10:30:00 am,0,103.491,22.931,2024-08-10 10:30:00
2024-08-10,10:45:00 am,0,103.497,22.975,2024-08-10 10:45:00
2024-08-10,11:00:00 am,0,103.5,23.024,2024-08-10 11:00:00
2024-08-10,11:15:00 am,0,103.51,23.072,2024-08-10 11:15:00
2024-08-10,11:30:00 am,0,103.516,23.124,2024-08-10 11:30:00
2024-08-10,11:45:00 am,0,103.522,23.188,2024-08-10 11:45:00
2024-08-10,12:00:00 pm,0,103.528,23.25,2024-08-10 12:00:00
2024-08-10,12:15:00 pm,0,103.532,23.308,2024-08-10 12:15:00
2024-08-10,12:30:00 pm,0,103.54,23.375,2024-08-10 12:30:00
2024-08-10,12:45:00 pm,0,103.543,23.468,2024-08-10 12:45:00
2024-08-10,01:00:00 pm,0,103.542,23.552,2024-08-10 01:00:00
2024-08-10,01:15:00 pm,0,103.552,23.657,2024-08-10 01:15:00
2024-08-10,01:30:00 pm,0,103.54,23.783,2024-08-10 01:30:00
2024-08-10,01:45:00 pm,0,103.531,23.899,2024-08-10 01:45:00
2024-08-10,02:00:00 pm,0,103.522,24.009,2024-08-10 02:00:00
2024-08-10,02:15:00 pm,0,103.504,24.11,2024-08-10 02:15:00
2024-08-10,02:30:00 pm,0,103.492,24.208,2024-08-10 02:30:00
2024-08-10,02:45:00 pm,0,103.468,24.306,2024-08-10 02:45:00
2024-08-10,03:00:00 pm,0,103.455,24.405,2024-08-10 03:00:00
2024-08-10,03:15:00 pm,0,103.452,24.496,2024-08-10 03:15:00
2024-08-10,03:30:00 pm,0,103.442,24.584,2024-08-10 03:30:00
2024-08-10,03:45:00 pm,0,103.374,24.658,2024-08-10 03:45:00
2024-08-10,04:00:00 pm,0,103.388,24.733,2024-08-10 04:00:00
2024-08-10,04:15:00 pm,0,103.398,24.802,2024-08-10 04:15:00
2024-08-10,04:30:00 pm,0,103.399,24.871,2024-08-10 04:30:00
2024-08-10,04:45:00 pm,0,103.396,24.934,2024-08-10 04:45:00
2024-08-10,05:00:00 pm,0,103.387,24.991,2024-08-10 05:00:00
2024-08-10,05:15:00 pm,0,103.376,25.051,2024-08-10 05:15:00
2024-08-10,05:30:00 pm,0,103.365,25.106,2024-08-10 05:30:00
2024-08-10,05:45:00 pm,0,103.363,25.159,2024-08-10 05:45:00
2024-08-10,06:00:00 pm,0,103.351,25.208,2024-08-10 06:00:00
2024-08-10,06:15:00 pm,0,103.362,25.256,2024-08-10 06:15:00
2024-08-10,06:30:00 pm,0,103.365,25.301,2024-08-10 06:30:00
2024-08-10,06:45:00 pm,0,103.375,25.343,2024-08-10 06:45:00
2024-08-10,07:00:00 pm,0,103.384,25.375,2024-08-10 07:00:00
2024-08-10,07:15:00 pm,0,103.393,25.397,2024-08-10 07:15:00
2024-08-10,07:30:00 pm,0,103.403,25.406,2024-08-10 07:30:00
2024-08-10,07:45:00 pm,0,103.399,25.4,2024-08-10 07:45:00
2024-08-10,08:00:00 pm,0,103.396,25.39,2024-08-10 08:00:00
2024-08-10,08:15:00 pm,0,103.404,25.378,2024-08-10 08:15:00
2024-08-10,08:30:00 pm,0,103.412,25.356,2024-08-10 08:30:00
2024-08-10,08:45:00 pm,0,103.425,25.328,2024-08-10 08:45:00
2024-08-10,09:00:00 pm,0,103.437,25.285,2024-08-10 09:00:00
2024-08-10,09:15:00 pm,0,103.452,25.233,2024-08-10 09:15:00
2024-08-10,09:30:00 pm,0,103.453,25.177,2024-08-10 09:30:00
2024-08-10,09:45:00 pm,0,103.441,25.116,2024-08-10 09:45:00
2024-08-10,10:00:00 pm,0,103.437,25.052,2024-08-10 10:00:00
2024-08-10,10:15:00 pm,0,103.423,24.983,2024-08-10 10:15:00
2024-08-10,10:30:00 pm,0,103.413,24.913,2024-08-10 10:30:00
2024-08-10,10:45:00 pm,0,103.405,24.836,2024-08-10 10:45:00
2024-08-10,11:00:00 pm,0,103.41,24.759,2024-08-10 11:00:00
2024-08-10,11:15:00 pm,0,103.396,24.677,2024-08-10 11:15:00
2024-08-10,11:30:00 pm,0,103.385,24.592,2024-08-10 11:30:00
2024-08-10,11:45:00 pm,0,103.378,24.513,2024-08-10 11:45:00
2024-08-11,12:00:00 am,0,103.365,24.428,2024-08-11 12:00:00
2024-08-11,12:15:00 am,0,103.352,24.346,2024-08-11 12:15:00
2024-08-11,12:30:00 am,0,103.34,24.262,2024-08-11 12:30:00
2024-08-11,12:45:00 am,0,103.325,24.176,2024-08-11 12:45:00
2024-08-11,01:00:00 am,0,103.308,24.092,2024-08-11 01:00:00
2024-08-11,01:15:00 am,0,103.283,24.006,2024-08-11 01:15:00
2024-08-11,01:30:00 am,0,103.265,23.918,2024-08-11 01:30:00
2024-08-11,01:45:00 am,0,103.244,23.829,2024-08-11 01:45:00
2024-08-11,02:00:00 am,0,103.233,23.741,2024-08-11 02:00:00
2024-08-11,02:15:00 am,0,103.222,23.658,2024-08-11 02:15:00
2024-08-11,02:30:00 am,0,103.206,23.569,2024-08-11 02:30:00
2024-08-11,02:45:00 am,0,103.189,23.479,2024-08-11 02:45:00
2024-08-11,03:00:00 am,0,103.17,23.391,2024-08-11 03:00:00
2024-08-11,03:15:00 am,0,103.151,23.303,2024-08-11 03:15:00
2024-08-11,03:30:00 am,0,103.14,23.213,2024-08-11 03:30:00
2024-08-11,03:45:00 am,0,103.243,23.124,2024-08-11 03:45:00
2024-08-11,04:00:00 am,0,103.25,23.035,2024-08-11 04:00:00
2024-08-11,04:15:00 am,0,103.261,22.944,2024-08-11 04:15:00
2024-08-11,04:30:00 am,0,103.281,22.856,2024-08-11 04:30:00
2024-08-11,04:45:00 am,0,103.295,22.768,2024-08-11 04:45:00
2024-08-11,05:00:00 am,0,103.298,22.677,2024-08-11 05:00:00
2024-08-11,05:15:00 am,0,103.317,22.591,2024-08-11 05:15:00
2024-08-11,05:30:00 am,0,103.328,22.506,2024-08-11 05:30:00
2024-08-11,05:45:00 am,0,103.334,22.419,2024-08-11 05:45:00
2024-08-11,06:00:00 am,0,103.353,22.333,2024-08-11 06:00:00
2024-08-11,06:15:00 am,0,103.366,22.252,2024-08-11 06:15:00
2024-08-11,06:30:00 am,0,103.371,22.17,2024-08-11 06:30:00
2024-08-11,06:45:00 am,0,103.376,22.087,2024-08-11 06:45:00
2024-08-11,07:00:00 am,0,103.376,22.014,2024-08-11 07:00:00
2024-08-11,07:15:00 am,0,103.382,21.943,2024-08-11 07:15:00
2024-08-11,07:30:00 am,0,103.394,21.876,2024-08-11 07:30:00
2024-08-11,07:45:00 am,0,103.4,21.816,2024-08-11 07:45:00
2024-08-11,08:00:00 am,0,103.395,21.774,2024-08-11 08:00:00
2024-08-11,08:15:00 am,0,103.385,21.733,2024-08-11 08:15:00
2024-08-11,08:30:00 am,0,103.384,21.705,2024-08-11 08:30:00
2024-08-11,08:45:00 am,0,103.378,21.688,2024-08-11 08:45:00
2024-08-11,09:00:00 am,0,103.387,21.678,2024-08-11 09:00:00
2024-08-11,09:15:00 am,0,103.401,21.676,2024-08-11 09:15:00
2024-08-11,09:30:00 am,0,103.412,21.685,2024-08-11 09:30:00
2024-08-11,09:45:00 am,0,103.417,21.698,2024-08-11 09:45:00
2024-08-11,10:00:00 am,0,103.424,21.719,2024-08-11 10:00:00
2024-08-11,10:15:00 am,0,103.43,21.749,2024-08-11 10:15:00
2024-08-11,10:30:00 am,0,103.437,21.789,2024-08-11 10:30:00
2024-08-11,10:45:00 am,0,103.443,21.838,2024-08-11 10:45:00
2024-08-11,11:00:00 am,0,103.45,21.895,2024-08-11 11:00:00
2024-08-11,11:15:00 am,0,103.468,21.951,2024-08-11 11:15:00
2024-08-11,11:30:00 am,0,103.48,22.012,2024-08-11 11:30:00
2024-08-11,11:45:00 am,0,103.49,22.081,2024-08-11 11:45:00
2024-08-11,12:00:00 pm,0,103.503,22.163,2024-08-11 12:00:00
2024-08-11,12:15:00 pm,0,103.511,22.235,2024-08-11 12:15:00
2024-08-11,12:30:00 pm,0,103.52,22.316,2024-08-11 12:30:00
2024-08-11,12:45:00 pm,0,103.533,22.416,2024-08-11 12:45:00
2024-08-11,01:00:00 pm,0,103.544,22.532,2024-08-11 01:00:00
2024-08-11,01:15:00 pm,0,103.537,22.653,2024-08-11 01:15:00
2024-08-11,01:30:00 pm,0,103.516,22.779,2024-08-11 01:30:00
2024-08-11,01:45:00 pm,0,103.494,22.907,2024-08-11 01:45:00
2024-08-11,02:00:00 pm,0,103.505,23.039,2024-08-11 02:00:00
2024-08-11,02:15:00 pm,0,103.49,23.152,2024-08-11 02:15:00
2024-08-11,02:30:00 pm,0,103.482,23.257,2024-08-11 02:30:00
2024-08-11,02:45:00 pm,0,103.462,23.36,2024-08-11 02:45:00
2024-08-11,03:00:00 pm,0,103.441,23.458,2024-08-11 03:00:00
2024-08-11,03:15:00 pm,0,103.421,23.555,2024-08-11 03:15:00
2024-08-11,03:30:00 pm,0,103.304,23.644,2024-08-11 03:30:00
2024-08-11,03:45:00 pm,0,103.319,23.723,2024-08-11 03:45:00
2024-08-11,04:00:00 pm,0,103.331,23.801,2024-08-11 04:00:00
2024-08-11,04:15:00 pm,0,103.331,23.882,2024-08-11 04:15:00
2024-08-11,04:30:00 pm,0,103.332,23.962,2024-08-11 04:30:00
2024-08-11,04:45:00 pm,0,103.331,24.038,2024-08-11 04:45:00
2024-08-11,05:00:00 pm,0,103.318,24.105,2024-08-11 05:00:00
2024-08-11,05:15:00 pm,0,103.32,24.174,2024-08-11 05:15:00
2024-08-11,05:30:00 pm,0,103.309,24.236,2024-08-11 05:30:00
2024-08-11,05:45:00 pm,0,103.309,24.293,2024-08-11 05:45:00
2024-08-11,06:00:00 pm,0,103.306,24.346,2024-08-11 06:00:00
2024-08-11,06:15:00 pm,0,103.303,24.406,2024-08-11 06:15:00
2024-08-11,06:30:00 pm,0,103.297,24.456,2024-08-11 06:30:00
2024-08-11,06:45:00 pm,0,103.293,24.503,2024-08-11 06:45:00
2024-08-11,07:00:00 pm,0,103.298,24.545,2024-08-11 07:00:00
2024-08-11,07:15:00 pm,0,103.301,24.585,2024-08-11 07:15:00
2024-08-11,07:30:00 pm,0,103.289,24.616,2024-08-11 07:30:00
2024-08-11,07:45:00 pm,0,103.29,24.638,2024-08-11 07:45:00
2024-08-11,08:00:00 pm,0,103.3,24.655,2024-08-11 08:00:00
2024-08-11,08:15:00 pm,0,103.306,24.666,2024-08-11 08:15:00
2024-08-11,08:30:00 pm,0,103.305,24.663,2024-08-11 08:30:00
2024-08-11,08:45:00 pm,0,103.307,24.651,2024-08-11 08:45:00
2024-08-11,09:00:00 pm,0,103.313,24.632,2024-08-11 09:00:00
2024-08-11,09:15:00 pm,0,103.315,24.601,2024-08-11 09:15:00
2024-08-11,09:30:00 pm,0,103.322,24.568,2024-08-11 09:30:00
2024-08-11,09:45:00 pm,0,103.32,24.532,2024-08-11 09:45:00
2024-08-11,10:00:00 pm,0,103.331,24.494,2024-08-11 10:00:00
2024-08-11,10:15:00 pm,0,103.342,24.451,2024-08-11 10:15:00
2024-08-11,10:30:00 pm,0,103.332,24.408,2024-08-11 10:30:00
2024-08-11,10:45:00 pm,0,103.331,24.356,2024-08-11 10:45:00
2024-08-11,11:00:00 pm,0,103.33,24.305,2024-08-11 11:00:00
2024-08-11,11:15:00 pm,0,103.321,24.244,2024-08-11 11:15:00
2024-08-11,11:30:00 pm,0,103.339,24.178,2024-08-11 11:30:00
2024-08-11,11:45:00 pm,0,103.32,24.115,2024-08-11 11:45:00
2024-08-12,12:00:00 am,0,103.322,24.05,2024-08-12 12:00:00
2024-08-12,12:15:00 am,0,103.317,23.98,2024-08-12 12:15:00
2024-08-12,12:30:00 am,0,103.316,23.911,2024-08-12 12:30:00
2024-08-12,12:45:00 am,0,103.306,23.838,2024-08-12 12:45:00
2024-08-12,01:00:00 am,0,103.311,23.76,2024-08-12 01:00:00
2024-08-12,01:15:00 am,0,103.311,23.688,2024-08-12 01:15:00
2024-08-12,01:30:00 am,0,103.291,23.613,2024-08-12 01:30:00
2024-08-12,01:45:00 am,0,103.275,23.538,2024-08-12 01:45:00
2024-08-12,02:00:00 am,0,103.259,23.462,2024-08-12 02:00:00
2024-08-12,02:15:00 am,0,103.241,23.385,2024-08-12 02:15:00
2024-08-12,02:30:00 am,0,103.222,23.308,2024-08-12 02:30:00
2024-08-12,02:45:00 am,0,103.201,23.226,2024-08-12 02:45:00
2024-08-12,03:00:00 am,0,103.184,23.147,2024-08-12 03:00:00
2024-08-12,03:15:00 am,0,103.175,23.07,2024-08-12 03:15:00
2024-08-12,03:30:00 am,0,103.157,22.987,2024-08-12 03:30:00
2024-08-12,03:45:00 am,0,103.138,22.908,2024-08-12 03:45:00
2024-08-12,04:00:00 am,0,103.126,22.829,2024-08-12 04:00:00
2024-08-12,04:15:00 am,0,103.129,22.749,2024-08-12 04:15:00
2024-08-12,04:30:00 am,0,103.127,22.671,2024-08-12 04:30:00
2024-08-12,04:45:00 am,0,103.113,22.593,2024-08-12 04:45:00
2024-08-12,05:00:00 am,0,103.103,22.513,2024-08-12 05:00:00
2024-08-12,05:15:00 am,0,103.098,22.436,2024-08-12 05:15:00
2024-08-12,05:30:00 am,0,103.206,22.358,2024-08-12 05:30:00
2024-08-12,05:45:00 am,0,103.219,22.281,2024-08-12 05:45:00
2024-08-12,06:00:00 am,0,103.239,22.204,2024-08-12 06:00:00
2024-08-12,06:15:00 am,0,103.261,22.131,2024-08-12 06:15:00
2024-08-12,06:30:00 am,0,103.271,22.055,2024-08-12 06:30:00
2024-08-12,06:45:00 am,0,103.273,21.986,2024-08-12 06:45:00
2024-08-12,07:00:00 am,0,103.296,21.915,2024-08-12 07:00:00
2024-08-12,07:15:00 am,0,103.303,21.847,2024-08-12 07:15:00
2024-08-12,07:30:00 am,0,103.316,21.789,2024-08-12 07:30:00
2024-08-12,07:45:00 am,0,103.321,21.736,2024-08-12 07:45:00
2024-08-12,08:00:00 am,0,103.349,21.693,2024-08-12 08:00:00
2024-08-12,08:15:00 am,0,103.352,21.662,2024-08-12 08:15:00
2024-08-12,08:30:00 am,0,103.357,21.634,2024-08-12 08:30:00
2024-08-12,08:45:00 am,0,103.363,21.619,2024-08-12 08:45:00
2024-08-12,09:00:00 am,0,103.37,21.611,2024-08-12 09:00:00
2024-08-12,09:15:00 am,0,103.382,21.614,2024-08-12 09:15:00
2024-08-12,09:30:00 am,0,103.388,21.622,2024-08-12 09:30:00
2024-08-12,09:45:00 am,0,103.409,21.644,2024-08-12 09:45:00
2024-08-12,10:00:00 am,0,103.419,21.666,2024-08-12 10:00:00
2024-08-12,10:15:00 am,0,103.436,21.697,2024-08-12 10:15:00
2024-08-12,10:30:00 am,0,103.443,21.737,2024-08-12 10:30:00
2024-08-12,10:45:00 am,0,103.444,21.784,2024-08-12 10:45:00
2024-08-12,11:00:00 am,0,103.453,21.843,2024-08-12 11:00:00
2024-08-12,11:15:00 am,0,103.466,21.897,2024-08-12 11:15:00
2024-08-12,11:30:00 am,0,103.476,21.957,2024-08-12 11:30:00
2024-08-12,11:45:00 am,0,103.482,22.021,2024-08-12 11:45:00
2024-08-12,12:00:00 pm,0,103.489,22.106,2024-08-12 12:00:00
2024-08-12,12:15:00 pm,0,103.49,22.179,2024-08-12 12:15:00
2024-08-12,12:30:00 pm,0,103.5,22.256,2024-08-12 12:30:00
2024-08-12,12:45:00 pm,0,103.518,22.342,2024-08-12 12:45:00
2024-08-12,01:00:00 pm,0,103.522,22.441,2024-08-12 01:00:00
2024-08-12,01:15:00 pm,0,103.511,22.551,2024-08-12 01:15:00
2024-08-12,01:30:00 pm,0,103.495,22.673,2024-08-12 01:30:00
2024-08-12,01:45:00 pm,0,103.485,22.791,2024-08-12 01:45:00
2024-08-12,02:00:00 pm,0,103.478,22.905,2024-08-12 02:00:00
2024-08-12,02:15:00 pm,0,103.458,23.015,2024-08-12 02:15:00
2024-08-12,02:30:00 pm,0,103.442,23.112,2024-08-12 02:30:00
2024-08-12,02:45:00 pm,0,103.419,23.21,2024-08-12 02:45:00
2024-08-12,03:00:00 pm,0,103.401,23.311,2024-08-12 03:00:00
2024-08-12,03:15:00 pm,0,103.382,23.408,2024-08-12 03:15:00
2024-08-12,03:30:00 pm,0,103.308,23.5,2024-08-12 03:30:00
2024-08-12,03:45:00 pm,0,103.32,23.59,2024-08-12 03:45:00
2024-08-12,04:00:00 pm,0,103.32,23.671,2024-08-12 04:00:00
2024-08-12,04:15:00 pm,0,103.307,23.751,2024-08-12 04:15:00
2024-08-12,04:30:00 pm,0,103.309,23.826,2024-08-12 04:30:00
2024-08-12,04:45:00 pm,0,103.305,23.897,2024-08-12 04:45:00
2024-08-12,05:00:00 pm,0,103.301,23.961,2024-08-12 05:00:00
2024-08-12,05:15:00 pm,0,103.297,24.031,2024-08-12 05:15:00
2024-08-12,05:30:00 pm,0,103.288,24.095,2024-08-12 05:30:00
2024-08-12,05:45:00 pm,0,103.273,24.154,2024-08-12 05:45:00
2024-08-12,06:00:00 pm,0,103.262,24.214,2024-08-12 06:00:00
2024-08-12,06:15:00 pm,0,103.252,24.279,2024-08-12 06:15:00
2024-08-12,06:30:00 pm,0,103.242,24.337,2024-08-12 06:30:00
2024-08-12,06:45:00 pm,0,103.238,24.385,2024-08-12 06:45:00
2024-08-12,07:00:00 pm,0,103.231,24.43,2024-08-12 07:00:00
2024-08-12,07:15:00 pm,0,103.234,24.469,2024-08-12 07:15:00
2024-08-12,07:30:00 pm,0,103.249,24.508,2024-08-12 07:30:00
2024-08-12,07:45:00 pm,0,103.259,24.545,2024-08-12 07:45:00
2024-08-12,08:00:00 pm,0,103.149,24.576,2024-08-12 08:00:00
2024-08-12,08:15:00 pm,0,103.169,24.6,2024-08-12 08:15:00
2024-08-12,08:30:00 pm,0,103.179,24.616,2024-08-12 08:30:00
2024-08-12,08:45:00 pm,0,103.185,24.626,2024-08-12 08:45:00
2024-08-12,09:00:00 pm,0,103.2,24.628,2024-08-12 09:00:00
2024-08-12,09:15:00 pm,0,103.208,24.625,2024-08-12 09:15:00
2024-08-12,09:30:00 pm,0,103.208,24.615,2024-08-12 09:30:00
2024-08-12,09:45:00 pm,0,103.208,24.601,2024-08-12 09:45:00
2024-08-12,10:00:00 pm,0,103.207,24.578,2024-08-12 10:00:00
2024-08-12,10:15:00 pm,0,103.205,24.55,2024-08-12 10:15:00
2024-08-12,10:30:00 pm,0,103.197,24.521,2024-08-12 10:30:00
2024-08-12,10:45:00 pm,0,103.199,24.482,2024-08-12 10:45:00
2024-08-12,11:00:00 pm,0,103.188,24.448,2024-08-12 11:00:00
2024-08-12,11:15:00 pm,0,103.181,24.405,2024-08-12 11:15:00
2024-08-12,11:30:00 pm,0,103.166,24.36,2024-08-12 11:30:00
2024-08-12,11:45:00 pm,0,103.151,24.313,2024-08-12 11:45:00
2024-08-13,12:00:00 am,0,103.142,24.264,2024-08-13 12:00:00
2024-08-13,12:15:00 am,0,103.129,24.21,2024-08-13 12:15:00
2024-08-13,12:30:00 am,0,103.118,24.153,2024-08-13 12:30:00
2024-08-13,12:45:00 am,0,103.098,24.095,2024-08-13 12:45:00
2024-08-13,01:00:00 am,0,103.087,24.034,2024-08-13 01:00:00
2024-08-13,01:15:00 am,0,103.079,23.975,2024-08-13 01:15:00
2024-08-13,01:30:00 am,0,103.068,23.915,2024-08-13 01:30:00
2024-08-13,01:45:00 am,0,103.056,23.854,2024-08-13 01:45:00
2024-08-13,02:00:00 am,0,103.045,23.79,2024-08-13 02:00:00
2024-08-13,02:15:00 am,0,103.034,23.727,2024-08-13 02:15:00
2024-08-13,02:30:00 am,0,103.026,23.663,2024-08-13 02:30:00
2024-08-13,02:45:00 am,0,103.02,23.599,2024-08-13 02:45:00
2024-08-13,03:00:00 am,0,103.011,23.534,2024-08-13 03:00:00
2024-08-13,03:15:00 am,0,103.074,23.468,2024-08-13 03:15:00
2024-08-13,03:30:00 am,0,103.085,23.401,2024-08-13 03:30:00
2024-08-13,03:45:00 am,0,103.088,23.337,2024-08-13 03:45:00
2024-08-13,04:00:00 am,0,103.095,23.271,2024-08-13 04:00:00
2024-08-13,04:15:00 am,0,103.11,23.205,2024-08-13 04:15:00
2024-08-13,04:30:00 am,0,103.117,23.141,2024-08-13 04:30:00
2024-08-13,04:45:00 am,0,103.127,23.075,2024-08-13 04:45:00
2024-08-13,05:00:00 am,0,103.142,23.013,2024-08-13 05:00:00
2024-08-13,05:15:00 am,0,103.151,22.948,2024-08-13 05:15:00
2024-08-13,05:30:00 am,0,103.156,22.883,2024-08-13 05:30:00
2024-08-13,05:45:00 am,0,103.167,22.82,2024-08-13 05:45:00
2024-08-13,06:00:00 am,0,103.168,22.754,2024-08-13 06:00:00
2024-08-13,06:15:00 am,0,103.18,22.692,2024-08-13 06:15:00
2024-08-13,06:30:00 am,0,103.187,22.631,2024-08-13 06:30:00
2024-08-13,06:45:00 am,0,103.185,22.573,2024-08-13 06:45:00
2024-08-13,07:00:00 am,0,103.189,22.511,2024-08-13 07:00:00
2024-08-13,07:15:00 am,0,103.204,22.458,2024-08-13 07:15:00
2024-08-13,07:30:00 am,0,103.223,22.41,2024-08-13 07:30:00
2024-08-13,07:45:00 am,0,103.241,22.365,2024-08-13 07:45:00
2024-08-13,08:00:00 am,0,103.255,22.328,2024-08-13 08:00:00
2024-08-13,08:15:00 am,0,103.263,22.297,2024-08-13 08:15:00
2024-08-13,08:30:00 am,0,103.277,22.273,2024-08-13 08:30:00
2024-08-13,08:45:00 am,0,103.286,22.26,2024-08-13 08:45:00
2024-08-13,09:00:00 am,0,103.3,22.255,2024-08-13 09:00:00
2024-08-13,09:15:00 am,0,103.311,22.254,2024-08-13 09:15:00
2024-08-13,09:30:00 am,0,103.311,22.268,2024-08-13 09:30:00
2024-08-13,09:45:00 am,0,103.322,22.284,2024-08-13 09:45:00
2024-08-13,10:00:00 am,0,103.331,22.303,2024-08-13 10:00:00
2024-08-13,10:15:00 am,0,103.343,22.331,2024-08-13 10:15:00
2024-08-13,10:30:00 am,0,103.358,22.369,2024-08-13 10:30:00
2024-08-13,10:45:00 am,0,103.368,22.415,2024-08-13 10:45:00
2024-08-13,11:00:00 am,0,103.374,22.474,2024-08-13 11:00:00
2024-08-13,11:15:00 am,0,103.38,22.53,2024-08-13 11:15:00
2024-08-13,11:30:00 am,0,103.385,22.586,2024-08-13 11:30:00
2024-08-13,11:45:00 am,0,103.385,22.652,2024-08-13 11:45:00
2024-08-13,12:00:00 pm,0,103.385,22.731,2024-08-13 12:00:00
2024-08-13,12:15:00 pm,0,103.389,22.801,2024-08-13 12:15:00
2024-08-13,12:30:00 pm,0,103.399,22.884,2024-08-13 12:30:00
2024-08-13,12:45:00 pm,0,103.409,22.981,2024-08-13 12:45:00
2024-08-13,01:00:00 pm,0,103.418,23.094,2024-08-13 01:00:00
2024-08-13,01:15:00 pm,0,103.433,23.227,2024-08-13 01:15:00
2024-08-13,01:30:00 pm,0,103.443,23.362,2024-08-13 01:30:00
2024-08-13,01:45:00 pm,0,103.442,23.489,2024-08-13 01:45:00
2024-08-13,02:00:00 pm,0,103.44,23.58,2024-08-13 02:00:00
2024-08-13,02:15:00 pm,0,103.427,23.658,2024-08-13 02:15:00
2024-08-13,02:30:00 pm,0,103.418,23.735,2024-08-13 02:30:00
2024-08-13,02:45:00 pm,0,103.397,23.82,2024-08-13 02:45:00
2024-08-13,03:00:00 pm,0,103.388,23.903,2024-08-13 03:00:00
2024-08-13,03:15:00 pm,0,103.366,23.98,2024-08-13 03:15:00
2024-08-13,03:30:00 pm,0,103.365,24.073,2024-08-13 03:30:00
2024-08-13,03:45:00 pm,0,103.344,24.171,2024-08-13 03:45:00
2024-08-13,04:00:00 pm,0,103.329,24.267,2024-08-13 04:00:00
2024-08-13,04:15:00 pm,0,103.243,24.355,2024-08-13 04:15:00
2024-08-13,04:30:00 pm,0,103.259,24.437,2024-08-13 04:30:00
2024-08-13,04:45:00 pm,0,103.258,24.514,2024-08-13 04:45:00
2024-08-13,05:00:00 pm,0,103.242,24.585,2024-08-13 05:00:00
2024-08-13,05:15:00 pm,0,103.241,24.655,2024-08-13 05:15:00
2024-08-13,05:30:00 pm,0,103.244,24.719,2024-08-13 05:30:00
2024-08-13,05:45:00 pm,0,103.252,24.78,2024-08-13 05:45:00
2024-08-13,06:00:00 pm,0,103.254,24.844,2024-08-13 06:00:00
2024-08-13,06:15:00 pm,0,103.259,24.903,2024-08-13 06:15:00
2024-08-13,06:30:00 pm,0,103.271,24.96,2024-08-13 06:30:00
2024-08-13,06:45:00 pm,0,103.283,25.007,2024-08-13 06:45:00
2024-08-13,07:00:00 pm,0,103.302,25.05,2024-08-13 07:00:00
2024-08-13,07:15:00 pm,0,103.305,25.092,2024-08-13 07:15:00
2024-08-13,07:30:00 pm,0,103.308,25.128,2024-08-13 07:30:00
2024-08-13,07:45:00 pm,0,103.296,25.163,2024-08-13 07:45:00
2024-08-13,08:00:00 pm,0,103.293,25.195,2024-08-13 08:00:00
2024-08-13,08:15:00 pm,0,103.298,25.217,2024-08-13 08:15:00
2024-08-13,08:30:00 pm,0,103.284,25.23,2024-08-13 08:30:00
2024-08-13,08:45:00 pm,0,103.268,25.242,2024-08-13 08:45:00
2024-08-13,09:00:00 pm,0,103.265,25.248,2024-08-13 09:00:00
2024-08-13,09:15:00 pm,0,103.262,25.247,2024-08-13 09:15:00
2024-08-13,09:30:00 pm,0,103.27,25.242,2024-08-13 09:30:00
2024-08-13,09:45:00 pm,0,103.262,25.229,2024-08-13 09:45:00
2024-08-13,10:00:00 pm,0,103.266,25.213,2024-08-13 10:00:00
2024-08-13,10:15:00 pm,0,103.256,25.19,2024-08-13 10:15:00
2024-08-13,10:30:00 pm,0,103.256,25.157,2024-08-13 10:30:00
2024-08-13,10:45:00 pm,0,103.247,25.122,2024-08-13 10:45:00
2024-08-13,11:00:00 pm,0,103.243,25.086,2024-08-13 11:00:00
2024-08-13,11:15:00 pm,0,103.227,25.043,2024-08-13 11:15:00
2024-08-13,11:30:00 pm,0,103.241,24.997,2024-08-13 11:30:00
2024-08-13,11:45:00 pm,0,103.246,24.949,2024-08-13 11:45:00
2024-08-14,12:00:00 am,0,103.241,24.9,2024-08-14 12:00:00
2024-08-14,12:15:00 am,0,103.247,24.844,2024-08-14 12:15:00
2024-08-14,12:30:00 am,0,103.246,24.787,2024-08-14 12:30:00
2024-08-14,12:45:00 am,0,103.241,24.731,2024-08-14 12:45:00
2024-08-14,01:00:00 am,0,103.227,24.672,2024-08-14 01:00:00
2024-08-14,01:15:00 am,0,103.224,24.615,2024-08-14 01:15:00
2024-08-14,01:30:00 am,0,103.218,24.551,2024-08-14 01:30:00
2024-08-14,01:45:00 am,0,103.218,24.49,2024-08-14 01:45:00
2024-08-14,02:00:00 am,0,103.224,24.427,2024-08-14 02:00:00
2024-08-14,02:15:00 am,0,103.23,24.366,2024-08-14 02:15:00
2024-08-14,02:30:00 am,0,103.226,24.303,2024-08-14 02:30:00
2024-08-14,02:45:00 am,0,103.225,24.234,2024-08-14 02:45:00
2024-08-14,03:00:00 am,0,103.219,24.175,2024-08-14 03:00:00
2024-08-14,03:15:00 am,0,103.22,24.114,2024-08-14 03:15:00
2024-08-14,03:30:00 am,0,103.219,24.052,2024-08-14 03:30:00
2024-08-14,03:45:00 am,0,103.218,23.997,2024-08-14 03:45:00
2024-08-14,04:00:00 am,0,103.207,23.944,2024-08-14 04:00:00
2024-08-14,04:15:00 am,0,103.205,23.89,2024-08-14 04:15:00
2024-08-14,04:30:00 am,0,103.196,23.842,2024-08-14 04:30:00
2024-08-14,04:45:00 am,0,103.193,23.794,2024-08-14 04:45:00
2024-08-14,05:00:00 am,0,103.197,23.749,2024-08-14 05:00:00
2024-08-14,05:15:00 am,0,103.2,23.708,2024-08-14 05:15:00
2024-08-14,05:30:00 am,0,103.2,23.662,2024-08-14 05:30:00
2024-08-14,05:45:00 am,0,103.202,23.619,2024-08-14 05:45:00
2024-08-14,06:00:00 am,0,103.208,23.577,2024-08-14 06:00:00
2024-08-14,06:15:00 am,0,103.207,23.537,2024-08-14 06:15:00
2024-08-14,06:30:00 am,0,103.208,23.498,2024-08-14 06:30:00
2024-08-14,06:45:00 am,0,103.206,23.463,2024-08-14 06:45:00
2024-08-14,07:00:00 am,0,103.21,23.425,2024-08-14 07:00:00
2024-08-14,07:15:00 am,0,103.215,23.394,2024-08-14 07:15:00
2024-08-14,07:30:00 am,0,103.212,23.363,2024-08-14 07:30:00
2024-08-14,07:45:00 am,0,103.218,23.341,2024-08-14 07:45:00
2024-08-14,08:00:00 am,0,103.218,23.318,2024-08-14 08:00:00
2024-08-14,08:15:00 am,0,103.221,23.302,2024-08-14 08:15:00
2024-08-14,08:30:00 am,0,103.227,23.291,2024-08-14 08:30:00
2024-08-14,08:45:00 am,0,103.229,23.285,2024-08-14 08:45:00
2024-08-14,09:00:00 am,0,103.234,23.281,2024-08-14 09:00:00
2024-08-14,09:15:00 am,0,103.244,23.283,2024-08-14 09:15:00
2024-08-14,09:30:00 am,0,103.243,23.29,2024-08-14 09:30:00
2024-08-14,09:45:00 am,0,103.258,23.302,2024-08-14 09:45:00
2024-08-14,10:00:00 am,0,103.263,23.322,2024-08-14 10:00:00
2024-08-14,10:15:00 am,0,103.268,23.337,2024-08-14 10:15:00
2024-08-14,10:30:00 am,0,103.376,23.354,2024-08-14 10:30:00
2024-08-14,10:45:00 am,0,103.376,23.371,2024-08-14 10:45:00
2024-08-14,11:00:00 am,0,103.372,23.394,2024-08-14 11:00:00
2024-08-14,11:15:00 am,0,103.374,23.426,2024-08-14 11:15:00
2024-08-14,11:30:00 am,0,103.377,23.455,2024-08-14 11:30:00
2024-08-14,11:45:00 am,0,103.377,23.482,2024-08-14 11:45:00
2024-08-14,12:00:00 pm,0,103.379,23.508,2024-08-14 12:00:00
2024-08-14,12:15:00 pm,0,103.374,23.537,2024-08-14 12:15:00
2024-08-14,12:30:00 pm,0,103.367,23.573,2024-08-14 12:30:00
2024-08-14,12:45:00 pm,0,103.354,23.613,2024-08-14 12:45:00
2024-08-14,01:00:00 pm,0,103.348,23.648,2024-08-14 01:00:00
2024-08-14,01:15:00 pm,0,103.347,23.689,2024-08-14 01:15:00
2024-08-14,01:30:00 pm,0,103.337,23.725,2024-08-14 01:30:00
2024-08-14,01:45:00 pm,0,103.308,23.751,2024-08-14 01:45:00
2024-08-14,02:00:00 pm,0,103.297,23.784,2024-08-14 02:00:00
2024-08-14,02:15:00 pm,0,103.294,23.826,2024-08-14 02:15:00
2024-08-14,02:30:00 pm,0,103.289,23.872,2024-08-14 02:30:00
2024-08-14,02:45:00 pm,0,103.285,23.92,2024-08-14 02:45:00
2024-08-14,03:00:00 pm,0,103.285,23.961,2024-08-14 03:00:00
2024-08-14,03:15:00 pm,0,103.285,24.001,2024-08-14 03:15:00
2024-08-14,03:30:00 pm,0,103.278,24.041,2024-08-14 03:30:00
2024-08-14,03:45:00 pm,0,103.275,24.082,2024-08-14 03:45:00
2024-08-14,04:00:00 pm,0,103.278,24.131,2024-08-14 04:00:00
2024-08-14,04:15:00 pm,0,103.275,24.187,2024-08-14 04:15:00
2024-08-14,04:30:00 pm,0,103.263,24.246,2024-08-14 04:30:00
2024-08-14,04:45:00 pm,0,103.263,24.299,2024-08-14 04:45:00
2024-08-14,05:00:00 pm,0,103.258,24.34,2024-08-14 05:00:00
2024-08-14,05:15:00 pm,0,103.252,24.383,2024-08-14 05:15:00
2024-08-14,05:30:00 pm,0,103.256,24.416,2024-08-14 05:30:00
2024-08-14,05:45:00 pm,0,103.253,24.445,2024-08-14 05:45:00
2024-08-14,06:00:00 pm,0,103.247,24.477,2024-08-14 06:00:00
2024-08-14,06:15:00 pm,0,103.252,24.513,2024-08-14 06:15:00
2024-08-14,06:30:00 pm,0,103.268,24.546,2024-08-14 06:30:00
2024-08-14,06:45:00 pm,0,103.277,24.577,2024-08-14 06:45:00
2024-08-14,07:00:00 pm,0,103.282,24.601,2024-08-14 07:00:00
2024-08-14,07:15:00 pm,0,103.273,24.623,2024-08-14 07:15:00
2024-08-14,07:30:00 pm,0,103.282,24.644,2024-08-14 07:30:00
2024-08-14,07:45:00 pm,0,103.286,24.662,2024-08-14 07:45:00
2024-08-14,08:00:00 pm,0,103.281,24.679,2024-08-14 08:00:00
2024-08-14,08:15:00 pm,0,103.272,24.691,2024-08-14 08:15:00
2024-08-14,08:30:00 pm,0,103.26,24.702,2024-08-14 08:30:00
2024-08-14,08:45:00 pm,0,103.269,24.703,2024-08-14 08:45:00
2024-08-14,09:00:00 pm,0,103.275,24.704,2024-08-14 09:00:00
2024-08-14,09:15:00 pm,0,103.265,24.7,2024-08-14 09:15:00
2024-08-14,09:30:00 pm,0,103.269,24.691,2024-08-14 09:30:00
2024-08-14,09:45:00 pm,0,103.26,24.678,2024-08-14 09:45:00
2024-08-14,10:00:00 pm,0,103.268,24.661,2024-08-14 10:00:00
2024-08-14,10:15:00 pm,0,103.271,24.643,2024-08-14 10:15:00
2024-08-14,10:30:00 pm,0,103.263,24.623,2024-08-14 10:30:00
2024-08-14,10:45:00 pm,0,103.26,24.599,2024-08-14 10:45:00
2024-08-14,11:00:00 pm,0,103.258,24.573,2024-08-14 11:00:00
2024-08-14,11:15:00 pm,0,103.254,24.542,2024-08-14 11:15:00
2024-08-14,11:30:00 pm,0,103.25,24.508,2024-08-14 11:30:00
2024-08-14,11:45:00 pm,0,103.232,24.472,2024-08-14 11:45:00
2024-08-15,12:00:00 am,0,103.231,24.432,2024-08-15 12:00:00
2024-08-15,12:15:00 am,0,103.219,24.393,2024-08-15 12:15:00
2024-08-15,12:30:00 am,0,103.204,24.348,2024-08-15 12:30:00
2024-08-15,12:45:00 am,0,103.186,24.3,2024-08-15 12:45:00
2024-08-15,01:00:00 am,0,103.161,24.251,2024-08-15 01:00:00
2024-08-15,01:15:00 am,0,103.159,24.201,2024-08-15 01:15:00
2024-08-15,01:30:00 am,0,103.156,24.148,2024-08-15 01:30:00
2024-08-15,01:45:00 am,0,103.149,24.094,2024-08-15 01:45:00
2024-08-15,02:00:00 am,0,103.142,24.04,2024-08-15 02:00:00
2024-08-15,02:15:00 am,0,103.137,23.982,2024-08-15 02:15:00
2024-08-15,02:30:00 am,0,103.137,23.925,2024-08-15 02:30:00
2024-08-15,02:45:00 am,0,103.155,23.868,2024-08-15 02:45:00
2024-08-15,03:00:00 am,0,103.152,23.808,2024-08-15 03:00:00
2024-08-15,03:15:00 am,0,103.157,23.747,2024-08-15 03:15:00
2024-08-15,03:30:00 am,0,103.16,23.683,2024-08-15 03:30:00
2024-08-15,03:45:00 am,0,103.154,23.623,2024-08-15 03:45:00
2024-08-15,04:00:00 am,0,103.152,23.562,2024-08-15 04:00:00
2024-08-15,04:15:00 am,0,103.156,23.5,2024-08-15 04:15:00
2024-08-15,04:30:00 am,0,103.159,23.439,2024-08-15 04:30:00
2024-08-15,04:45:00 am,0,103.156,23.379,2024-08-15 04:45:00
2024-08-15,05:00:00 am,0,103.151,23.317,2024-08-15 05:00:00
2024-08-15,05:15:00 am,0,103.146,23.256,2024-08-15 05:15:00
2024-08-15,05:30:00 am,0,103.18,23.196,2024-08-15 05:30:00
2024-08-15,05:45:00 am,0,103.196,23.137,2024-08-15 05:45:00
2024-08-15,06:00:00 am,0,103.212,23.08,2024-08-15 06:00:00
2024-08-15,06:15:00 am,0,103.214,23.02,2024-08-15 06:15:00
2024-08-15,06:30:00 am,0,103.215,22.964,2024-08-15 06:30:00
2024-08-15,06:45:00 am,0,103.22,22.91,2024-08-15 06:45:00
2024-08-15,07:00:00 am,0,103.235,22.857,2024-08-15 07:00:00
2024-08-15,07:15:00 am,0,103.25,22.808,2024-08-15 07:15:00
2024-08-15,07:30:00 am,0,103.259,22.766,2024-08-15 07:30:00
2024-08-15,07:45:00 am,0,103.289,22.728,2024-08-15 07:45:00
2024-08-15,08:00:00 am,0,103.296,22.697,2024-08-15 08:00:00
2024-08-15,08:15:00 am,0,103.298,22.675,2024-08-15 08:15:00
2024-08-15,08:30:00 am,0,103.296,22.653,2024-08-15 08:30:00
2024-08-15,08:45:00 am,0,103.297,22.647,2024-08-15 08:45:00
2024-08-15,09:00:00 am,0,103.298,22.647,2024-08-15 09:00:00
2024-08-15,09:15:00 am,0,103.295,22.651,2024-08-15 09:15:00
2024-08-15,09:30:00 am,0,103.302,22.661,2024-08-15 09:30:00
2024-08-15,09:45:00 am,0,103.307,22.676,2024-08-15 09:45:00
2024-08-15,10:00:00 am,0,103.309,22.696,2024-08-15 10:00:00
2024-08-15,10:15:00 am,0,103.303,22.727,2024-08-15 10:15:00
2024-08-15,10:30:00 am,0,103.309,22.767,2024-08-15 10:30:00
2024-08-15,10:45:00 am,0,103.321,22.817,2024-08-15 10:45:00
2024-08-15,11:00:00 am,0,103.325,22.873,2024-08-15 11:00:00
2024-08-15,11:15:00 am,0,103.336,22.915,2024-08-15 11:15:00
2024-08-15,11:30:00 am,0,103.345,22.952,2024-08-15 11:30:00
2024-08-15,11:45:00 am,0,103.346,22.997,2024-08-15 11:45:00
2024-08-15,12:00:00 pm,0,103.355,23.064,2024-08-15 12:00:00
2024-08-15,12:15:00 pm,0,103.359,23.149,2024-08-15 12:15:00
2024-08-15,12:30:00 pm,0,103.361,23.229,2024-08-15 12:30:00
2024-08-15,12:45:00 pm,0,103.364,23.318,2024-08-15 12:45:00
2024-08-15,01:00:00 pm,0,103.357,23.421,2024-08-15 01:00:00
2024-08-15,01:15:00 pm,0,103.354,23.535,2024-08-15 01:15:00
2024-08-15,01:30:00 pm,0,103.342,23.643,2024-08-15 01:30:00
2024-08-15,01:45:00 pm,0,103.334,23.759,2024-08-15 01:45:00
2024-08-15,02:00:00 pm,0,103.325,23.893,2024-08-15 02:00:00
2024-08-15,02:15:00 pm,0,103.307,24.026,2024-08-15 02:15:00
2024-08-15,02:30:00 pm,0,103.298,24.128,2024-08-15 02:30:00
2024-08-15,02:45:00 pm,0,103.28,24.204,2024-08-15 02:45:00
2024-08-15,03:00:00 pm,0,103.258,24.272,2024-08-15 03:00:00
2024-08-15,03:15:00 pm,0,103.242,24.331,2024-08-15 03:15:00
2024-08-15,03:30:00 pm,0,103.111,24.397,2024-08-15 03:30:00
2024-08-15,03:45:00 pm,0,103.122,24.474,2024-08-15 03:45:00
2024-08-15,04:00:00 pm,0,103.131,24.56,2024-08-15 04:00:00
2024-08-15,04:15:00 pm,0,103.131,24.644,2024-08-15 04:15:00
2024-08-15,04:30:00 pm,0,103.127,24.73,2024-08-15 04:30:00
2024-08-15,04:45:00 pm,0,103.117,24.801,2024-08-15 04:45:00
2024-08-15,05:00:00 pm,0,103.106,24.867,2024-08-15 05:00:00
2024-08-15,05:15:00 pm,0,103.105,24.933,2024-08-15 05:15:00
2024-08-15,05:30:00 pm,0,103.094,24.989,2024-08-15 05:30:00
2024-08-15,05:45:00 pm,0,103.088,25.047,2024-08-15 05:45:00
2024-08-15,06:00:00 pm,0,103.084,25.102,2024-08-15 06:00:00
2024-08-15,06:15:00 pm,0,103.093,25.154,2024-08-15 06:15:00
2024-08-15,06:30:00 pm,0,103.085,25.206,2024-08-15 06:30:00
2024-08-15,06:45:00 pm,0,103.08,25.252,2024-08-15 06:45:00
2024-08-15,07:00:00 pm,0,103.082,25.297,2024-08-15 07:00:00
2024-08-15,07:15:00 pm,0,103.102,25.333,2024-08-15 07:15:00
2024-08-15,07:30:00 pm,0,103.113,25.372,2024-08-15 07:30:00
2024-08-15,07:45:00 pm,0,103.118,25.406,2024-08-15 07:45:00
2024-08-15,08:00:00 pm,0,103.117,25.44,2024-08-15 08:00:00
2024-08-15,08:15:00 pm,0,103.131,25.468,2024-08-15 08:15:00
2024-08-15,08:30:00 pm,0,103.137,25.489,2024-08-15 08:30:00
2024-08-15,08:45:00 pm,0,103.168,25.504,2024-08-15 08:45:00
2024-08-15,09:00:00 pm,0,103.185,25.512,2024-08-15 09:00:00
2024-08-15,09:15:00 pm,0,103.189,25.514,2024-08-15 09:15:00
2024-08-15,09:30:00 pm,0,103.2,25.509,2024-08-15 09:30:00
2024-08-15,09:45:00 pm,0,103.191,25.5,2024-08-15 09:45:00
2024-08-15,10:00:00 pm,0,103.206,25.488,2024-08-15 10:00:00
2024-08-15,10:15:00 pm,0,103.217,25.467,2024-08-15 10:15:00
2024-08-15,10:30:00 pm,0,103.204,25.444,2024-08-15 10:30:00
2024-08-15,10:45:00 pm,0,103.208,25.412,2024-08-15 10:45:00
2024-08-15,11:00:00 pm,0,103.198,25.381,2024-08-15 11:00:00
2024-08-15,11:15:00 pm,0,103.204,25.344,2024-08-15 11:15:00
2024-08-15,11:30:00 pm,0,103.188,25.305,2024-08-15 11:30:00
2024-08-15,11:45:00 pm,0,103.184,25.265,2024-08-15 11:45:00
2024-08-16,12:00:00 am,0,103.179,25.225,2024-08-16 12:00:00
2024-08-16,12:15:00 am,0,103.17,25.177,2024-08-16 12:15:00
2024-08-16,12:30:00 am,0,103.183,25.133,2024-08-16 12:30:00
2024-08-16,12:45:00 am,0,103.178,25.085,2024-08-16 12:45:00
2024-08-16,01:00:00 am,0,103.169,25.035,2024-08-16 01:00:00
2024-08-16,01:15:00 am,0,103.154,24.985,2024-08-16 01:15:00
2024-08-16,01:30:00 am,0,103.146,24.936,2024-08-16 01:30:00
2024-08-16,01:45:00 am,0,103.16,24.884,2024-08-16 01:45:00
2024-08-16,02:00:00 am,0,103.152,24.83,2024-08-16 02:00:00
2024-08-16,02:15:00 am,0,103.15,24.777,2024-08-16 02:15:00
2024-08-16,02:30:00 am,0,103.148,24.72,2024-08-16 02:30:00
2024-08-16,02:45:00 am,0,103.158,24.663,2024-08-16 02:45:00
2024-08-16,03:00:00 am,0,103.157,24.609,2024-08-16 03:00:00
2024-08-16,03:15:00 am,0,103.167,24.555,2024-08-16 03:15:00
2024-08-16,03:30:00 am,0,103.172,24.502,2024-08-16 03:30:00
2024-08-16,03:45:00 am,0,103.175,24.443,2024-08-16 03:45:00
2024-08-16,04:00:00 am,0,103.171,24.387,2024-08-16 04:00:00
2024-08-16,04:15:00 am,0,103.16,24.332,2024-08-16 04:15:00
2024-08-16,04:30:00 am,0,103.154,24.276,2024-08-16 04:30:00
2024-08-16,04:45:00 am,0,103.157,24.223,2024-08-16 04:45:00
2024-08-16,05:00:00 am,0,103.159,24.168,2024-08-16 05:00:00
2024-08-16,05:15:00 am,0,103.151,24.112,2024-08-16 05:15:00
2024-08-16,05:30:00 am,0,103.155,24.06,2024-08-16 05:30:00
2024-08-16,05:45:00 am,0,103.157,24.004,2024-08-16 05:45:00
2024-08-16,06:00:00 am,0,103.15,23.954,2024-08-16 06:00:00
2024-08-16,06:15:00 am,0,103.146,23.904,2024-08-16 06:15:00
2024-08-16,06:30:00 am,0,103.154,23.856,2024-08-16 06:30:00
2024-08-16,06:45:00 am,0,103.17,23.81,2024-08-16 06:45:00
2024-08-16,07:00:00 am,0,103.177,23.765,2024-08-16 07:00:00
2024-08-16,07:15:00 am,0,103.188,23.724,2024-08-16 07:15:00
2024-08-16,07:30:00 am,0,103.19,23.689,2024-08-16 07:30:00
2024-08-16,07:45:00 am,0,103.212,23.659,2024-08-16 07:45:00
2024-08-16,08:00:00 am,0,103.269,23.632,2024-08-16 08:00:00
2024-08-16,08:15:00 am,0,103.267,23.612,2024-08-16 08:15:00
2024-08-16,08:30:00 am,0,103.272,23.596,2024-08-16 08:30:00
2024-08-16,08:45:00 am,0,103.288,23.587,2024-08-16 08:45:00
2024-08-16,09:00:00 am,0,103.296,23.584,2024-08-16 09:00:00
2024-08-16,09:15:00 am,0,103.291,23.584,2024-08-16 09:15:00
2024-08-16,09:30:00 am,0,103.301,23.594,2024-08-16 09:30:00
2024-08-16,09:45:00 am,0,103.298,23.607,2024-08-16 09:45:00
2024-08-16,10:00:00 am,0,103.299,23.625,2024-08-16 10:00:00
2024-08-16,10:15:00 am,0,103.312,23.65,2024-08-16 10:15:00
2024-08-16,10:30:00 am,0,103.308,23.688,2024-08-16 10:30:00
2024-08-16,10:45:00 am,0,103.3,23.738,2024-08-16 10:45:00
2024-08-16,11:00:00 am,0,103.306,23.795,2024-08-16 11:00:00
2024-08-16,11:15:00 am,0,103.307,23.847,2024-08-16 11:15:00
2024-08-16,11:30:00 am,0,103.323,23.908,2024-08-16 11:30:00
2024-08-16,11:45:00 am,0,103.325,23.969,2024-08-16 11:45:00
2024-08-16,12:00:00 pm,0,103.335,24.033,2024-08-16 12:00:00
2024-08-16,12:15:00 pm,0,103.334,24.092,2024-08-16 12:15:00
2024-08-16,12:30:00 pm,0,103.323,24.173,2024-08-16 12:30:00
2024-08-16,12:45:00 pm,0,103.337,24.27,2024-08-16 12:45:00
2024-08-16,01:00:00 pm,0,103.329,24.364,2024-08-16 01:00:00
2024-08-16,01:15:00 pm,0,103.326,24.467,2024-08-16 01:15:00
2024-08-16,01:30:00 pm,0,103.312,24.576,2024-08-16 01:30:00
2024-08-16,01:45:00 pm,0,103.294,24.687,2024-08-16 01:45:00
2024-08-16,02:00:00 pm,0,103.272,24.807,2024-08-16 02:00:00
2024-08-16,02:15:00 pm,0,103.25,24.933,2024-08-16 02:15:00
2024-08-16,02:30:00 pm,0,103.215,25.048,2024-08-16 02:30:00
2024-08-16,02:45:00 pm,0,103.197,25.15,2024-08-16 02:45:00
2024-08-16,03:00:00 pm,0,103.098,25.247,2024-08-16 03:00:00
2024-08-16,03:15:00 pm,0,103.101,25.332,2024-08-16 03:15:00
2024-08-16,03:30:00 pm,0,103.081,25.41,2024-08-16 03:30:00
2024-08-16,03:45:00 pm,0,103.076,25.491,2024-08-16 03:45:00
2024-08-16,04:00:00 pm,0,103.082,25.573,2024-08-16 04:00:00
2024-08-16,04:15:00 pm,0,103.083,25.649,2024-08-16 04:15:00
2024-08-16,04:30:00 pm,0,103.059,25.713,2024-08-16 04:30:00
2024-08-16,04:45:00 pm,0,103.075,25.757,2024-08-16 04:45:00
2024-08-16,05:00:00 pm,0,103.107,25.794,2024-08-16 05:00:00
2024-08-16,05:15:00 pm,0,103.199,25.825,2024-08-16 05:15:00
2024-08-16,05:30:00 pm,0,103.255,25.841,2024-08-16 05:30:00
2024-08-16,05:45:00 pm,0,103.196,25.837,2024-08-16 05:45:00
2024-08-16,06:00:00 pm,0,103.173,25.812,2024-08-16 06:00:00
2024-08-16,06:15:00 pm,0,103.125,25.784,2024-08-16 06:15:00
2024-08-16,06:30:00 pm,0,103.131,25.764,2024-08-16 06:30:00
2024-08-16,06:45:00 pm,0,103.112,25.751,2024-08-16 06:45:00
2024-08-16,07:00:00 pm,0,103.13,25.738,2024-08-16 07:00:00
2024-08-16,07:15:00 pm,0,103.158,25.724,2024-08-16 07:15:00
2024-08-16,07:30:00 pm,0,103.169,25.713,2024-08-16 07:30:00
2024-08-16,07:45:00 pm,0,103.206,25.704,2024-08-16 07:45:00
2024-08-16,08:00:00 pm,0,103.206,25.695,2024-08-16 08:00:00
2024-08-16,08:15:00 pm,0,103.215,25.684,2024-08-16 08:15:00
2024-08-16,08:30:00 pm,0,103.232,25.669,2024-08-16 08:30:00
2024-08-16,08:45:00 pm,0,103.24,25.654,2024-08-16 08:45:00
2024-08-16,09:00:00 pm,0,103.243,25.632,2024-08-16 09:00:00
2024-08-16,09:15:00 pm,0,103.277,25.608,2024-08-16 09:15:00
2024-08-16,09:30:00 pm,0,103.301,25.581,2024-08-16 09:30:00
2024-08-16,09:45:00 pm,0,103.333,25.548,2024-08-16 09:45:00
2024-08-16,10:00:00 pm,0,103.336,25.516,2024-08-16 10:00:00
2024-08-16,10:15:00 pm,0,103.342,25.485,2024-08-16 10:15:00
2024-08-16,10:30:00 pm,0,103.341,25.454,2024-08-16 10:30:00
2024-08-16,10:45:00 pm,0,103.339,25.421,2024-08-16 10:45:00
2024-08-16,11:00:00 pm,0,103.325,25.384,2024-08-16 11:00:00
2024-08-16,11:15:00 pm,0,103.314,25.338,2024-08-16 11:15:00
2024-08-16,11:30:00 pm,0,103.289,25.286,2024-08-16 11:30:00
2024-08-16,11:45:00 pm,0,103.274,25.23,2024-08-16 11:45:00
2024-08-17,12:00:00 am,0,103.257,25.174,2024-08-17 12:00:00
2024-08-17,12:15:00 am,0,103.246,25.119,2024-08-17 12:15:00
2024-08-17,12:30:00 am,0,103.224,25.064,2024-08-17 12:30:00
2024-08-17,12:45:00 am,0,103.208,25.011,2024-08-17 12:45:00
2024-08-17,01:00:00 am,0,103.185,24.955,2024-08-17 01:00:00
2024-08-17,01:15:00 am,0,103.171,24.905,2024-08-17 01:15:00
2024-08-17,01:30:00 am,0,103.156,24.849,2024-08-17 01:30:00
2024-08-17,01:45:00 am,0,103.153,24.797,2024-08-17 01:45:00
2024-08-17,02:00:00 am,0,103.145,24.745,2024-08-17 02:00:00
2024-08-17,02:15:00 am,0,103.127,24.69,2024-08-17 02:15:00
2024-08-17,02:30:00 am,0,103.122,24.638,2024-08-17 02:30:00
2024-08-17,02:45:00 am,0,103.128,24.586,2024-08-17 02:45:00
2024-08-17,03:00:00 am,0,103.144,24.531,2024-08-17 03:00:00
2024-08-17,03:15:00 am,0,103.132,24.479,2024-08-17 03:15:00
2024-08-17,03:30:00 am,0,103.124,24.43,2024-08-17 03:30:00
2024-08-17,03:45:00 am,0,103.115,24.381,2024-08-17 03:45:00
2024-08-17,04:00:00 am,0,103.139,24.333,2024-08-17 04:00:00
2024-08-17,04:15:00 am,0,103.136,24.284,2024-08-17 04:15:00
2024-08-17,04:30:00 am,0,103.149,24.239,2024-08-17 04:30:00
2024-08-17,04:45:00 am,0,103.152,24.191,2024-08-17 04:45:00
2024-08-17,05:00:00 am,0,103.153,24.144,2024-08-17 05:00:00
2024-08-17,05:15:00 am,0,103.154,24.099,2024-08-17 05:15:00
2024-08-17,05:30:00 am,0,103.169,24.057,2024-08-17 05:30:00
2024-08-17,05:45:00 am,0,103.179,24.019,2024-08-17 05:45:00
2024-08-17,06:00:00 am,0,103.177,23.979,2024-08-17 06:00:00
2024-08-17,06:15:00 am,0,103.175,23.94,2024-08-17 06:15:00
2024-08-17,06:30:00 am,0,103.191,23.899,2024-08-17 06:30:00
2024-08-17,06:45:00 am,0,103.185,23.86,2024-08-17 06:45:00
2024-08-17,07:00:00 am,0,103.182,23.821,2024-08-17 07:00:00
2024-08-17,07:15:00 am,0,103.191,23.787,2024-08-17 07:15:00
2024-08-17,07:30:00 am,0,103.207,23.755,2024-08-17 07:30:00
2024-08-17,07:45:00 am,0,103.225,23.724,2024-08-17 07:45:00
2024-08-17,08:00:00 am,0,103.245,23.7,2024-08-17 08:00:00
2024-08-17,08:15:00 am,0,103.215,23.679,2024-08-17 08:15:00
2024-08-17,08:30:00 am,0,103.211,23.663,2024-08-17 08:30:00
2024-08-17,08:45:00 am,0,103.209,23.654,2024-08-17 08:45:00
2024-08-17,09:00:00 am,0,103.236,23.653,2024-08-17 09:00:00
2024-08-17,09:15:00 am,0,103.243,23.659,2024-08-17 09:15:00
2024-08-17,09:30:00 am,0,103.251,23.669,2024-08-17 09:30:00
2024-08-17,09:45:00 am,0,103.257,23.686,2024-08-17 09:45:00
2024-08-17,10:00:00 am,0,103.259,23.698,2024-08-17 10:00:00
2024-08-17,10:15:00 am,0,103.271,23.72,2024-08-17 10:15:00
2024-08-17,10:30:00 am,0,103.274,23.748,2024-08-17 10:30:00
2024-08-17,10:45:00 am,0,103.278,23.787,2024-08-17 10:45:00
2024-08-17,11:00:00 am,0,103.279,23.839,2024-08-17 11:00:00
2024-08-17,11:15:00 am,0,103.282,23.894,2024-08-17 11:15:00
2024-08-17,11:30:00 am,0,103.282,23.942,2024-08-17 11:30:00
2024-08-17,11:45:00 am,0,103.276,23.99,2024-08-17 11:45:00
2024-08-17,12:00:00 pm,0,103.278,24.06,2024-08-17 12:00:00
2024-08-17,12:15:00 pm,0,103.275,24.136,2024-08-17 12:15:00
2024-08-17,12:30:00 pm,0,103.267,24.223,2024-08-17 12:30:00
2024-08-17,12:45:00 pm,0,103.247,24.321,2024-08-17 12:45:00
2024-08-17,01:00:00 pm,0,103.213,24.432,2024-08-17 01:00:00
2024-08-17,01:15:00 pm,0,103.208,24.556,2024-08-17 01:15:00
2024-08-17,01:30:00 pm,0,103.169,24.677,2024-08-17 01:30:00
2024-08-17,01:45:00 pm,0,103.108,24.8,2024-08-17 01:45:00
2024-08-17,02:00:00 pm,0,103.08,24.927,2024-08-17 02:00:00
2024-08-17,02:15:00 pm,0,103.089,25.051,2024-08-17 02:15:00
2024-08-17,02:30:00 pm,0,102.962,25.157,2024-08-17 02:30:00
2024-08-17,02:45:00 pm,0,102.995,25.248,2024-08-17 02:45:00
2024-08-17,03:00:00 pm,0,103.046,25.316,2024-08-17 03:00:00
2024-08-17,03:15:00 pm,0,103.041,25.323,2024-08-17 03:15:00
2024-08-17,03:30:00 pm,0,103.05,25.283,2024-08-17 03:30:00
2024-08-17,03:45:00 pm,0,103.039,25.253,2024-08-17 03:45:00
2024-08-17,04:00:00 pm,0,103.063,25.239,2024-08-17 04:00:00
2024-08-17,04:15:00 pm,0,103.048,25.243,2024-08-17 04:15:00
2024-08-17,04:30:00 pm,0,103.03,25.263,2024-08-17 04:30:00
2024-08-17,04:45:00 pm,0,103.022,25.297,2024-08-17 04:45:00
2024-08-17,05:00:00 pm,0,103.021,25.342,2024-08-17 05:00:00
2024-08-17,05:15:00 pm,0,103.045,25.394,2024-08-17 05:15:00
2024-08-17,05:30:00 pm,0,103.041,25.444,2024-08-17 05:30:00
2024-08-17,05:45:00 pm,0,103.029,25.486,2024-08-17 05:45:00
2024-08-17,06:00:00 pm,0,103.038,25.525,2024-08-17 06:00:00
2024-08-17,06:15:00 pm,0,103.064,25.558,2024-08-17 06:15:00
2024-08-17,06:30:00 pm,0,103.066,25.586,2024-08-17 06:30:00
2024-08-17,06:45:00 pm,0,103.066,25.608,2024-08-17 06:45:00
2024-08-17,07:00:00 pm,0,103.084,25.629,2024-08-17 07:00:00
2024-08-17,07:15:00 pm,0,103.112,25.641,2024-08-17 07:15:00
2024-08-17,07:30:00 pm,0,103.132,25.649,2024-08-17 07:30:00
2024-08-17,07:45:00 pm,0,103.128,25.657,2024-08-17 07:45:00
2024-08-17,08:00:00 pm,0,103.143,25.661,2024-08-17 08:00:00
2024-08-17,08:15:00 pm,0,103.153,25.666,2024-08-17 08:15:00
2024-08-17,08:30:00 pm,0,103.166,25.669,2024-08-17 08:30:00
2024-08-17,08:45:00 pm,0,103.178,25.669,2024-08-17 08:45:00
2024-08-17,09:00:00 pm,0,103.18,25.663,2024-08-17 09:00:00
2024-08-17,09:15:00 pm,0,103.188,25.652,2024-08-17 09:15:00
2024-08-17,09:30:00 pm,0,103.183,25.637,2024-08-17 09:30:00
2024-08-17,09:45:00 pm,0,103.182,25.612,2024-08-17 09:45:00
2024-08-17,10:00:00 pm,0,103.191,25.584,2024-08-17 10:00:00
2024-08-17,10:15:00 pm,0,103.182,25.55,2024-08-17 10:15:00
2024-08-17,10:30:00 pm,0,103.177,25.512,2024-08-17 10:30:00
2024-08-17,10:45:00 pm,0,103.176,25.477,2024-08-17 10:45:00
2024-08-17,11:00:00 pm,0,103.17,25.433,2024-08-17 11:00:00
2024-08-17,11:15:00 pm,0,103.168,25.391,2024-08-17 11:15:00
2024-08-17,11:30:00 pm,0,103.162,25.346,2024-08-17 11:30:00
2024-08-17,11:45:00 pm,0,103.154,25.3,2024-08-17 11:45:00
2024-08-18,12:00:00 am,0,103.148,25.25,2024-08-18 12:00:00
2024-08-18,12:15:00 am,0,103.14,25.202,2024-08-18 12:15:00
2024-08-18,12:30:00 am,0,103.12,25.15,2024-08-18 12:30:00
2024-08-18,12:45:00 am,0,103.104,25.101,2024-08-18 12:45:00
2024-08-18,01:00:00 am,0,103.088,25.048,2024-08-18 01:00:00
2024-08-18,01:15:00 am,0,103.08,24.999,2024-08-18 01:15:00
2024-08-18,01:30:00 am,0,103.07,24.946,2024-08-18 01:30:00
2024-08-18,01:45:00 am,0,103.061,24.892,2024-08-18 01:45:00
2024-08-18,02:00:00 am,0,103.048,24.835,2024-08-18 02:00:00
2024-08-18,02:15:00 am,0,103.04,24.777,2024-08-18 02:15:00
2024-08-18,02:30:00 am,0,103.027,24.716,2024-08-18 02:30:00
2024-08-18,02:45:00 am,0,103.013,24.656,2024-08-18 02:45:00
2024-08-18,03:00:00 am,0,102.989,24.588,2024-08-18 03:00:00
2024-08-18,03:15:00 am,0,102.982,24.523,2024-08-18 03:15:00
2024-08-18,03:30:00 am,0,102.971,24.46,2024-08-18 03:30:00
2024-08-18,03:45:00 am,0,102.973,24.391,2024-08-18 03:45:00
2024-08-18,04:00:00 am,0,102.974,24.326,2024-08-18 04:00:00
2024-08-18,04:15:00 am,0,102.963,24.258,2024-08-18 04:15:00
2024-08-18,04:30:00 am,0,102.969,24.192,2024-08-18 04:30:00
2024-08-18,04:45:00 am,0,102.977,24.123,2024-08-18 04:45:00
2024-08-18,05:00:00 am,0,102.987,24.058,2024-08-18 05:00:00
2024-08-18,05:15:00 am,0,103.014,23.995,2024-08-18 05:15:00
2024-08-18,05:30:00 am,0,103.017,23.928,2024-08-18 05:30:00
2024-08-18,05:45:00 am,0,103.012,23.862,2024-08-18 05:45:00
2024-08-18,06:00:00 am,0,103.021,23.795,2024-08-18 06:00:00
2024-08-18,06:15:00 am,0,103.026,23.731,2024-08-18 06:15:00
2024-08-18,06:30:00 am,0,103.037,23.666,2024-08-18 06:30:00
2024-08-18,06:45:00 am,0,103.063,23.604,2024-08-18 06:45:00
2024-08-18,07:00:00 am,0,103.076,23.541,2024-08-18 07:00:00
2024-08-18,07:15:00 am,0,103.091,23.483,2024-08-18 07:15:00
2024-08-18,07:30:00 am,0,103.108,23.427,2024-08-18 07:30:00
2024-08-18,07:45:00 am,0,103.115,23.377,2024-08-18 07:45:00
2024-08-18,08:00:00 am,0,103.121,23.335,2024-08-18 08:00:00
2024-08-18,08:15:00 am,0,103.116,23.295,2024-08-18 08:15:00
2024-08-18,08:30:00 am,0,103.131,23.267,2024-08-18 08:30:00
2024-08-18,08:45:00 am,0,103.126,23.242,2024-08-18 08:45:00
2024-08-18,09:00:00 am,0,103.142,23.229,2024-08-18 09:00:00
2024-08-18,09:15:00 am,0,103.143,23.221,2024-08-18 09:15:00
2024-08-18,09:30:00 am,0,103.146,23.22,2024-08-18 09:30:00
2024-08-18,09:45:00 am,0,103.155,23.228,2024-08-18 09:45:00
2024-08-18,10:00:00 am,0,103.162,23.242,2024-08-18 10:00:00
2024-08-18,10:15:00 am,0,103.165,23.263,2024-08-18 10:15:00
2024-08-18,10:30:00 am,0,103.158,23.291,2024-08-18 10:30:00
2024-08-18,10:45:00 am,0,103.165,23.331,2024-08-18 10:45:00
2024-08-18,11:00:00 am,0,103.162,23.377,2024-08-18 11:00:00
2024-08-18,11:15:00 am,0,103.161,23.435,2024-08-18 11:15:00
2024-08-18,11:30:00 am,0,103.169,23.494,2024-08-18 11:30:00
2024-08-18,11:45:00 am,0,103.171,23.558,2024-08-18 11:45:00
2024-08-18,12:00:00 pm,0,103.175,23.626,2024-08-18 12:00:00
2024-08-18,12:15:00 pm,0,103.183,23.704,2024-08-18 12:15:00
2024-08-18,12:30:00 pm,0,103.189,23.792,2024-08-18 12:30:00
2024-08-18,12:45:00 pm,0,103.196,23.892,2024-08-18 12:45:00
2024-08-18,01:00:00 pm,0,103.194,24.005,2024-08-18 01:00:00
2024-08-18,01:15:00 pm,0,103.183,24.121,2024-08-18 01:15:00
2024-08-18,01:30:00 pm,0,103.17,24.244,2024-08-18 01:30:00
2024-08-18,01:45:00 pm,0,103.15,24.387,2024-08-18 01:45:00
2024-08-18,02:00:00 pm,0,103.137,24.527,2024-08-18 02:00:00
2024-08-18,02:15:00 pm,0,103.113,24.658,2024-08-18 02:15:00
2024-08-18,02:30:00 pm,0,103.076,24.769,2024-08-18 02:30:00
2024-08-18,02:45:00 pm,0,103.05,24.884,2024-08-18 02:45:00
2024-08-18,03:00:00 pm,0,102.952,24.997,2024-08-18 03:00:00
2024-08-18,03:15:00 pm,0,102.958,25.102,2024-08-18 03:15:00
2024-08-18,03:30:00 pm,0,102.932,25.203,2024-08-18 03:30:00
2024-08-18,03:45:00 pm,0,102.921,25.303,2024-08-18 03:45:00
2024-08-18,04:00:00 pm,0,102.892,25.391,2024-08-18 04:00:00
2024-08-18,04:15:00 pm,0,102.855,25.473,2024-08-18 04:15:00
2024-08-18,04:30:00 pm,0,102.84,25.55,2024-08-18 04:30:00
2024-08-18,04:45:00 pm,0,102.787,25.609,2024-08-18 04:45:00
2024-08-18,05:00:00 pm,0,102.891,25.667,2024-08-18 05:00:00
2024-08-18,05:15:00 pm,0,102.931,25.713,2024-08-18 05:15:00
2024-08-18,05:30:00 pm,0,102.987,25.748,2024-08-18 05:30:00
2024-08-18,05:45:00 pm,0,102.895,25.762,2024-08-18 05:45:00
2024-08-18,06:00:00 pm,0,102.864,25.77,2024-08-18 06:00:00
2024-08-18,06:15:00 pm,0,102.883,25.781,2024-08-18 06:15:00
2024-08-18,06:30:00 pm,0,102.913,25.795,2024-08-18 06:30:00
2024-08-18,06:45:00 pm,0,102.9,25.813,2024-08-18 06:45:00
2024-08-18,07:00:00 pm,0,102.876,25.814,2024-08-18 07:00:00
2024-08-18,07:15:00 pm,0,102.879,25.806,2024-08-18 07:15:00
2024-08-18,07:30:00 pm,0,102.87,25.794,2024-08-18 07:30:00
2024-08-18,07:45:00 pm,0,102.877,25.785,2024-08-18 07:45:00
2024-08-18,08:00:00 pm,0,102.879,25.77,2024-08-18 08:00:00
2024-08-18,08:15:00 pm,0,102.884,25.754,2024-08-18 08:15:00
2024-08-18,08:30:00 pm,0,102.902,25.73,2024-08-18 08:30:00
2024-08-18,08:45:00 pm,0,102.91,25.701,2024-08-18 08:45:00
2024-08-18,09:00:00 pm,0,102.91,25.67,2024-08-18 09:00:00
2024-08-18,09:15:00 pm,0,102.92,25.634,2024-08-18 09:15:00
2024-08-18,09:30:00 pm,0,102.921,25.595,2024-08-18 09:30:00
2024-08-18,09:45:00 pm,0,102.927,25.549,2024-08-18 09:45:00
2024-08-18,10:00:00 pm,0,102.924,25.502,2024-08-18 10:00:00
2024-08-18,10:15:00 pm,0,102.946,25.456,2024-08-18 10:15:00
2024-08-18,10:30:00 pm,0,102.958,25.41,2024-08-18 10:30:00
2024-08-18,10:45:00 pm,0,102.961,25.363,2024-08-18 10:45:00
2024-08-18,11:00:00 pm,0,102.981,25.317,2024-08-18 11:00:00
2024-08-18,11:15:00 pm,0,102.979,25.271,2024-08-18 11:15:00
2024-08-18,11:30:00 pm,0,102.985,25.22,2024-08-18 11:30:00
2024-08-18,11:45:00 pm,0,102.98,25.165,2024-08-18 11:45:00
2024-08-19,12:00:00 am,0,102.964,25.112,2024-08-19 12:00:00
2024-08-19,12:15:00 am,0,102.967,25.053,2024-08-19 12:15:00
2024-08-19,12:30:00 am,0,102.967,24.992,2024-08-19 12:30:00
2024-08-19,12:45:00 am,0,102.961,24.932,2024-08-19 12:45:00
2024-08-19,01:00:00 am,0,102.95,24.867,2024-08-19 01:00:00
2024-08-19,01:15:00 am,0,102.933,24.804,2024-08-19 01:15:00
2024-08-19,01:30:00 am,0,102.916,24.738,2024-08-19 01:30:00
2024-08-19,01:45:00 am,0,102.891,24.675,2024-08-19 01:45:00
2024-08-19,02:00:00 am,0,102.884,24.606,2024-08-19 02:00:00
2024-08-19,02:15:00 am,0,102.869,24.538,2024-08-19 02:15:00
2024-08-19,02:30:00 am,0,102.845,24.467,2024-08-19 02:30:00
2024-08-19,02:45:00 am,0,102.821,24.395,2024-08-19 02:45:00
2024-08-19,03:00:00 am,0,102.81,24.319,2024-08-19 03:00:00
2024-08-19,03:15:00 am,0,102.799,24.243,2024-08-19 03:15:00
2024-08-19,03:30:00 am,0,102.784,24.166,2024-08-19 03:30:00
2024-08-19,03:45:00 am,0,102.78,24.09,2024-08-19 03:45:00
2024-08-19,04:00:00 am,0,102.78,24.015,2024-08-19 04:00:00
2024-08-19,04:15:00 am,0,102.787,23.939,2024-08-19 04:15:00
2024-08-19,04:30:00 am,0,102.784,23.859,2024-08-19 04:30:00
2024-08-19,04:45:00 am,0,102.787,23.783,2024-08-19 04:45:00
2024-08-19,05:00:00 am,0,102.801,23.708,2024-08-19 05:00:00
2024-08-19,05:15:00 am,0,102.818,23.629,2024-08-19 05:15:00
2024-08-19,05:30:00 am,0,102.828,23.551,2024-08-19 05:30:00
2024-08-19,05:45:00 am,0,102.834,23.474,2024-08-19 05:45:00
2024-08-19,06:00:00 am,0,102.873,23.399,2024-08-19 06:00:00
2024-08-19,06:15:00 am,0,102.899,23.323,2024-08-19 06:15:00
2024-08-19,06:30:00 am,0,102.924,23.246,2024-08-19 06:30:00
2024-08-19,06:45:00 am,0,102.946,23.169,2024-08-19 06:45:00
2024-08-19,07:00:00 am,0,102.956,23.093,2024-08-19 07:00:00
2024-08-19,07:15:00 am,0,102.975,23.024,2024-08-19 07:15:00
2024-08-19,07:30:00 am,0,102.998,22.958,2024-08-19 07:30:00
2024-08-19,07:45:00 am,0,103.027,22.898,2024-08-19 07:45:00
2024-08-19,08:00:00 am,0,103.028,22.845,2024-08-19 08:00:00
2024-08-19,08:15:00 am,0,103.049,22.8,2024-08-19 08:15:00
2024-08-19,08:30:00 am,0,103.072,22.763,2024-08-19 08:30:00
2024-08-19,08:45:00 am,0,103.068,22.745,2024-08-19 08:45:00
2024-08-19,09:00:00 am,0,103.074,22.7,2024-08-19 09:00:00
2024-08-19,09:15:00 am,0,103.099,22.692,2024-08-19 09:15:00
2024-08-19,09:30:00 am,0,103.114,22.699,2024-08-19 09:30:00
2024-08-19,09:45:00 am,0,103.119,22.713,2024-08-19 09:45:00
2024-08-19,10:00:00 am,0,103.11,22.727,2024-08-19 10:00:00
2024-08-19,10:15:00 am,0,103.114,22.748,2024-08-19 10:15:00
2024-08-19,10:30:00 am,0,103.105,22.782,2024-08-19 10:30:00
2024-08-19,10:45:00 am,0,103.112,22.819,2024-08-19 10:45:00
2024-08-19,11:00:00 am,0,103.101,22.871,2024-08-19 11:00:00
2024-08-19,11:15:00 am,0,103.112,22.925,2024-08-19 11:15:00
2024-08-19,11:30:00 am,0,103.109,22.976,2024-08-19 11:30:00
2024-08-19,11:45:00 am,0,103.112,23.028,2024-08-19 11:45:00
2024-08-19,12:00:00 pm,0,103.105,23.092,2024-08-19 12:00:00
2024-08-19,12:15:00 pm,0,103.093,23.151,2024-08-19 12:15:00
2024-08-19,12:30:00 pm,0,103.09,23.206,2024-08-19 12:30:00
2024-08-19,12:45:00 pm,0,103.098,23.286,2024-08-19 12:45:00
2024-08-19,01:00:00 pm,0,103.092,23.369,2024-08-19 01:00:00
2024-08-19,01:15:00 pm,0,103.065,23.455,2024-08-19 01:15:00
2024-08-19,01:30:00 pm,0,103.042,23.561,2024-08-19 01:30:00
2024-08-19,01:45:00 pm,0,103.019,23.658,2024-08-19 01:45:00
2024-08-19,02:00:00 pm,0,102.996,23.757,2024-08-19 02:00:00
2024-08-19,02:15:00 pm,0,102.97,23.85,2024-08-19 02:15:00
2024-08-19,02:30:00 pm,0,102.955,23.932,2024-08-19 02:30:00
2024-08-19,02:45:00 pm,0,102.935,24.017,2024-08-19 02:45:00
2024-08-19,03:00:00 pm,0,102.903,24.096,2024-08-19 03:00:00
2024-08-19,03:15:00 pm,0,102.892,24.174,2024-08-19 03:15:00
2024-08-19,03:30:00 pm,0,102.874,24.248,2024-08-19 03:30:00
2024-08-19,03:45:00 pm,0,102.851,24.317,2024-08-19 03:45:00
2024-08-19,04:00:00 pm,0,102.841,24.372,2024-08-19 04:00:00
2024-08-19,04:15:00 pm,0,102.828,24.433,2024-08-19 04:15:00
2024-08-19,04:30:00 pm,0,102.826,24.49,2024-08-19 04:30:00
2024-08-19,04:45:00 pm,0,102.821,24.539,2024-08-19 04:45:00
2024-08-19,05:00:00 pm,0,102.804,24.584,2024-08-19 05:00:00
2024-08-19,05:15:00 pm,0,102.79,24.624,2024-08-19 05:15:00
2024-08-19,05:30:00 pm,0,102.783,24.664,2024-08-19 05:30:00
2024-08-19,05:45:00 pm,0,102.774,24.701,2024-08-19 05:45:00
2024-08-19,06:00:00 pm,0,102.777,24.74,2024-08-19 06:00:00
2024-08-19,06:15:00 pm,0,102.768,24.781,2024-08-19 06:15:00
2024-08-19,06:30:00 pm,0,102.781,24.821,2024-08-19 06:30:00
2024-08-19,06:45:00 pm,0,102.78,24.848,2024-08-19 06:45:00
2024-08-19,07:00:00 pm,0,102.774,24.885,2024-08-19 07:00:00
2024-08-19,07:15:00 pm,0,102.768,24.91,2024-08-19 07:15:00
2024-08-19,07:30:00 pm,0,102.787,24.924,2024-08-19 07:30:00
2024-08-19,07:45:00 pm,0,102.809,24.933,2024-08-19 07:45:00
2024-08-19,08:00:00 pm,0,102.833,24.936,2024-08-19 08:00:00
2024-08-19,08:15:00 pm,0,102.842,24.934,2024-08-19 08:15:00
2024-08-19,08:30:00 pm,0,102.855,24.939,2024-08-19 08:30:00
2024-08-19,08:45:00 pm,0,102.874,24.938,2024-08-19 08:45:00
2024-08-19,09:00:00 pm,0,102.889,24.928,2024-08-19 09:00:00
2024-08-19,09:15:00 pm,0,102.901,24.919,2024-08-19 09:15:00
2024-08-19,09:30:00 pm,0,102.924,24.902,2024-08-19 09:30:00
2024-08-19,09:45:00 pm,0,102.943,24.879,2024-08-19 09:45:00
2024-08-19,10:00:00 pm,0,102.95,24.846,2024-08-19 10:00:00
2024-08-19,10:15:00 pm,0,102.96,24.817,2024-08-19 10:15:00
2024-08-19,10:30:00 pm,0,102.974,24.783,2024-08-19 10:30:00
2024-08-19,10:45:00 pm,0,102.969,24.745,2024-08-19 10:45:00
2024-08-19,11:00:00 pm,0,102.969,24.706,2024-08-19 11:00:00
2024-08-19,11:15:00 pm,0,102.964,24.658,2024-08-19 11:15:00
2024-08-19,11:30:00 pm,0,102.977,24.608,2024-08-19 11:30:00
2024-08-19,11:45:00 pm,0,102.974,24.555,2024-08-19 11:45:00
2024-08-20,12:00:00 am,0,102.967,24.498,2024-08-20 12:00:00
2024-08-20,12:15:00 am,0,102.97,24.436,2024-08-20 12:15:00
2024-08-20,12:30:00 am,0,102.967,24.373,2024-08-20 12:30:00
2024-08-20,12:45:00 am,0,102.98,24.306,2024-08-20 12:45:00
2024-08-20,01:00:00 am,0,102.986,24.238,2024-08-20 01:00:00
2024-08-20,01:15:00 am,0,102.989,24.167,2024-08-20 01:15:00
2024-08-20,01:30:00 am,0,102.996,24.092,2024-08-20 01:30:00
2024-08-20,01:45:00 am,0,102.996,24.019,2024-08-20 01:45:00
2024-08-20,02:00:00 am,0,102.993,23.945,2024-08-20 02:00:00
2024-08-20,02:15:00 am,0,103.004,23.866,2024-08-20 02:15:00
2024-08-20,02:30:00 am,0,103.007,23.788,2024-08-20 02:30:00
2024-08-20,02:45:00 am,0,103.018,23.703,2024-08-20 02:45:00
2024-08-20,03:00:00 am,0,103.014,23.623,2024-08-20 03:00:00
2024-08-20,03:15:00 am,0,103.011,23.543,2024-08-20 03:15:00
2024-08-20,03:30:00 am,0,103.003,23.463,2024-08-20 03:30:00
2024-08-20,03:45:00 am,0,103.01,23.378,2024-08-20 03:45:00
2024-08-20,04:00:00 am,0,102.999,23.294,2024-08-20 04:00:00
2024-08-20,04:15:00 am,0,103.012,23.208,2024-08-20 04:15:00
2024-08-20,04:30:00 am,0,103.029,23.127,2024-08-20 04:30:00
2024-08-20,04:45:00 am,0,103.038,23.04,2024-08-20 04:45:00
2024-08-20,05:00:00 am,0,103.038,22.954,2024-08-20 05:00:00
2024-08-20,05:15:00 am,0,103.045,22.869,2024-08-20 05:15:00
2024-08-20,05:30:00 am,0,103.053,22.788,2024-08-20 05:30:00
2024-08-20,05:45:00 am,0,103.073,22.704,2024-08-20 05:45:00
2024-08-20,06:00:00 am,0,103.09,22.618,2024-08-20 06:00:00
2024-08-20,06:15:00 am,0,103.117,22.534,2024-08-20 06:15:00
2024-08-20,06:30:00 am,0,103.132,22.453,2024-08-20 06:30:00
2024-08-20,06:45:00 am,0,103.15,22.372,2024-08-20 06:45:00
2024-08-20,07:00:00 am,0,103.172,22.295,2024-08-20 07:00:00
2024-08-20,07:15:00 am,0,103.183,22.219,2024-08-20 07:15:00
2024-08-20,07:30:00 am,0,103.217,22.15,2024-08-20 07:30:00
2024-08-20,07:45:00 am,0,103.227,22.091,2024-08-20 07:45:00
2024-08-20,08:00:00 am,0,103.236,22.037,2024-08-20 08:00:00
2024-08-20,08:15:00 am,0,103.243,21.992,2024-08-20 08:15:00
2024-08-20,08:30:00 am,0,103.248,21.958,2024-08-20 08:30:00
2024-08-20,08:45:00 am,0,103.24,21.932,2024-08-20 08:45:00
2024-08-20,09:00:00 am,0,103.251,21.915,2024-08-20 09:00:00
2024-08-20,09:15:00 am,0,103.258,21.911,2024-08-20 09:15:00
2024-08-20,09:30:00 am,0,103.275,21.918,2024-08-20 09:30:00
2024-08-20,09:45:00 am,0,103.284,21.932,2024-08-20 09:45:00
2024-08-20,10:00:00 am,0,103.283,21.95,2024-08-20 10:00:00
2024-08-20,10:15:00 am,0,103.279,21.977,2024-08-20 10:15:00
2024-08-20,10:30:00 am,0,103.269,22.008,2024-08-20 10:30:00
2024-08-20,10:45:00 am,0,103.29,22.044,2024-08-20 10:45:00
2024-08-20,11:00:00 am,0,103.28,22.095,2024-08-20 11:00:00
2024-08-20,11:15:00 am,0,103.289,22.147,2024-08-20 11:15:00
2024-08-20,11:30:00 am,0,103.28,22.2,2024-08-20 11:30:00
2024-08-20,11:45:00 am,0,103.267,22.257,2024-08-20 11:45:00
2024-08-20,12:00:00 pm,0,103.249,22.317,2024-08-20 12:00:00
2024-08-20,12:15:00 pm,0,103.237,22.377,2024-08-20 12:15:00
2024-08-20,12:30:00 pm,0,103.219,22.434,2024-08-20 12:30:00
2024-08-20,12:45:00 pm,0,103.208,22.509,2024-08-20 12:45:00
2024-08-20,01:00:00 pm,0,103.193,22.609,2024-08-20 01:00:00
2024-08-20,01:15:00 pm,0,103.195,22.716,2024-08-20 01:15:00
2024-08-20,01:30:00 pm,0,103.17,22.826,2024-08-20 01:30:00
2024-08-20,01:45:00 pm,0,103.153,22.934,2024-08-20 01:45:00
2024-08-20,02:00:00 pm,0,103.12,23.038,2024-08-20 02:00:00
2024-08-20,02:15:00 pm,0,103.095,23.145,2024-08-20 02:15:00
2024-08-20,02:30:00 pm,0,103.059,23.229,2024-08-20 02:30:00
2024-08-20,02:45:00 pm,0,103.063,23.318,2024-08-20 02:45:00
2024-08-20,03:00:00 pm,0,103.053,23.392,2024-08-20 03:00:00
2024-08-20,03:15:00 pm,0,103.027,23.473,2024-08-20 03:15:00
2024-08-20,03:30:00 pm,0,103.009,23.545,2024-08-20 03:30:00
2024-08-20,03:45:00 pm,0,102.988,23.613,2024-08-20 03:45:00
2024-08-20,04:00:00 pm,0,102.967,23.678,2024-08-20 04:00:00
2024-08-20,04:15:00 pm,0,102.955,23.74,2024-08-20 04:15:00
2024-08-20,04:30:00 pm,0,102.949,23.802,2024-08-20 04:30:00
2024-08-20,04:45:00 pm,0,102.946,23.86,2024-08-20 04:45:00
2024-08-20,05:00:00 pm,0,102.929,23.914,2024-08-20 05:00:00
2024-08-20,05:15:00 pm,0,102.921,23.966,2024-08-20 05:15:00
2024-08-20,05:30:00 pm,0,102.914,24.008,2024-08-20 05:30:00
2024-08-20,05:45:00 pm,0,102.9,24.053,2024-08-20 05:45:00
2024-08-20,06:00:00 pm,0,102.883,24.098,2024-08-20 06:00:00
2024-08-20,06:15:00 pm,0,102.877,24.141,2024-08-20 06:15:00
2024-08-20,06:30:00 pm,0,102.885,24.183,2024-08-20 06:30:00
2024-08-20,06:45:00 pm,0,102.893,24.219,2024-08-20 06:45:00
2024-08-20,07:00:00 pm,0,102.898,24.248,2024-08-20 07:00:00
2024-08-20,07:15:00 pm,0,102.92,24.267,2024-08-20 07:15:00
2024-08-20,07:30:00 pm,0,102.92,24.281,2024-08-20 07:30:00
2024-08-20,07:45:00 pm,0,102.931,24.294,2024-08-20 07:45:00
2024-08-20,08:00:00 pm,0,102.948,24.305,2024-08-20 08:00:00
2024-08-20,08:15:00 pm,0,102.965,24.305,2024-08-20 08:15:00
2024-08-20,08:30:00 pm,0,102.966,24.294,2024-08-20 08:30:00
2024-08-20,08:45:00 pm,0,102.98,24.277,2024-08-20 08:45:00
2024-08-20,09:00:00 pm,0,102.996,24.261,2024-08-20 09:00:00
2024-08-20,09:15:00 pm,0,103.002,24.239,2024-08-20 09:15:00
2024-08-20,09:30:00 pm,0,103.021,24.211,2024-08-20 09:30:00
2024-08-20,09:45:00 pm,0,103.02,24.175,2024-08-20 09:45:00
2024-08-20,10:00:00 pm,0,103.026,24.139,2024-08-20 10:00:00
2024-08-20,10:15:00 pm,0,103.019,24.095,2024-08-20 10:15:00
2024-08-20,10:30:00 pm,0,103.03,24.047,2024-08-20 10:30:00
2024-08-20,10:45:00 pm,0,103.035,23.995,2024-08-20 10:45:00
2024-08-20,11:00:00 pm,0,103.041,23.937,2024-08-20 11:00:00
2024-08-20,11:15:00 pm,0,103.038,23.876,2024-08-20 11:15:00
2024-08-20,11:30:00 pm,0,103.041,23.81,2024-08-20 11:30:00
2024-08-20,11:45:00 pm,0,103.055,23.742,2024-08-20 11:45:00
2024-08-21,12:00:00 am,0,103.066,23.673,2024-08-21 12:00:00
2024-08-21,12:15:00 am,0,103.065,23.604,2024-08-21 12:15:00
2024-08-21,12:30:00 am,0,103.066,23.53,2024-08-21 12:30:00
2024-08-21,12:45:00 am,0,103.086,23.455,2024-08-21 12:45:00
2024-08-21,01:00:00 am,0,103.097,23.378,2024-08-21 01:00:00
2024-08-21,01:15:00 am,0,103.1,23.298,2024-08-21 01:15:00
2024-08-21,01:30:00 am,0,103.106,23.218,2024-08-21 01:30:00
2024-08-21,01:45:00 am,0,103.135,23.139,2024-08-21 01:45:00
2024-08-21,02:00:00 am,0,103.141,23.056,2024-08-21 02:00:00
2024-08-21,02:15:00 am,0,103.132,22.972,2024-08-21 02:15:00
2024-08-21,02:30:00 am,0,103.15,22.888,2024-08-21 02:30:00
2024-08-21,02:45:00 am,0,103.161,22.801,2024-08-21 02:45:00
2024-08-21,03:00:00 am,0,103.167,22.715,2024-08-21 03:00:00
2024-08-21,03:15:00 am,0,103.153,22.623,2024-08-21 03:15:00
2024-08-21,03:30:00 am,0,103.158,22.538,2024-08-21 03:30:00
2024-08-21,03:45:00 am,0,103.173,22.448,2024-08-21 03:45:00
2024-08-21,04:00:00 am,0,103.189,22.359,2024-08-21 04:00:00
2024-08-21,04:15:00 am,0,103.183,22.269,2024-08-21 04:15:00
2024-08-21,04:30:00 am,0,103.179,22.179,2024-08-21 04:30:00
2024-08-21,04:45:00 am,0,103.183,22.092,2024-08-21 04:45:00
2024-08-21,05:00:00 am,0,103.194,22.004,2024-08-21 05:00:00
2024-08-21,05:15:00 am,0,103.203,21.922,2024-08-21 05:15:00
2024-08-21,05:30:00 am,0,103.212,21.839,2024-08-21 05:30:00
2024-08-21,05:45:00 am,0,103.221,21.756,2024-08-21 05:45:00
2024-08-21,06:00:00 am,0,103.239,21.675,2024-08-21 06:00:00
2024-08-21,06:15:00 am,0,103.254,21.59,2024-08-21 06:15:00
2024-08-21,06:30:00 am,0,103.26,21.511,2024-08-21 06:30:00
2024-08-21,06:45:00 am,0,103.277,21.429,2024-08-21 06:45:00
2024-08-21,07:00:00 am,0,103.295,21.352,2024-08-21 07:00:00
2024-08-21,07:15:00 am,0,103.305,21.278,2024-08-21 07:15:00
2024-08-21,07:30:00 am,0,103.314,21.212,2024-08-21 07:30:00
2024-08-21,07:45:00 am,0,103.316,21.151,2024-08-21 07:45:00
2024-08-21,08:00:00 am,0,103.326,21.099,2024-08-21 08:00:00
2024-08-21,08:15:00 am,0,103.328,21.061,2024-08-21 08:15:00
2024-08-21,08:30:00 am,0,103.335,21.026,2024-08-21 08:30:00
2024-08-21,08:45:00 am,0,103.339,21.005,2024-08-21 08:45:00
2024-08-21,09:00:00 am,0,103.348,20.988,2024-08-21 09:00:00
2024-08-21,09:15:00 am,0,103.357,20.98,2024-08-21 09:15:00
2024-08-21,09:30:00 am,0,103.362,20.983,2024-08-21 09:30:00
2024-08-21,09:45:00 am,0,103.373,20.993,2024-08-21 09:45:00
2024-08-21,10:00:00 am,0,103.356,21.009,2024-08-21 10:00:00
2024-08-21,10:15:00 am,0,103.355,21.034,2024-08-21 10:15:00
2024-08-21,10:30:00 am,0,103.349,21.074,2024-08-21 10:30:00
2024-08-21,10:45:00 am,0,103.338,21.117,2024-08-21 10:45:00
2024-08-21,11:00:00 am,0,103.351,21.172,2024-08-21 11:00:00
2024-08-21,11:15:00 am,0,103.33,21.237,2024-08-21 11:15:00
2024-08-21,11:30:00 am,0,103.318,21.303,2024-08-21 11:30:00
2024-08-21,11:45:00 am,0,103.318,21.369,2024-08-21 11:45:00
2024-08-21,12:00:00 pm,0,103.302,21.438,2024-08-21 12:00:00
2024-08-21,12:15:00 pm,0,103.29,21.517,2024-08-21 12:15:00
2024-08-21,12:30:00 pm,0,103.286,21.603,2024-08-21 12:30:00
2024-08-21,12:45:00 pm,0,103.269,21.694,2024-08-21 12:45:00
2024-08-21,01:00:00 pm,0,103.273,21.808,2024-08-21 01:00:00
2024-08-21,01:15:00 pm,0,103.265,21.931,2024-08-21 01:15:00
2024-08-21,01:30:00 pm,0,103.24,22.057,2024-08-21 01:30:00
2024-08-21,01:45:00 pm,0,103.219,22.155,2024-08-21 01:45:00
2024-08-21,02:00:00 pm,0,103.201,22.25,2024-08-21 02:00:00
2024-08-21,02:15:00 pm,0,103.188,22.374,2024-08-21 02:15:00
2024-08-21,02:30:00 pm,0,103.185,22.486,2024-08-21 02:30:00
2024-08-21,02:45:00 pm,0,103.164,22.596,2024-08-21 02:45:00
2024-08-21,03:00:00 pm,0,103.141,22.694,2024-08-21 03:00:00
2024-08-21,03:15:00 pm,0,103.134,22.772,2024-08-21 03:15:00
2024-08-21,03:30:00 pm,0,103.138,22.847,2024-08-21 03:30:00
2024-08-21,03:45:00 pm,0,103.128,22.927,2024-08-21 03:45:00
2024-08-21,04:00:00 pm,0,103.113,23.007,2024-08-21 04:00:00
2024-08-21,04:15:00 pm,0,103.095,23.081,2024-08-21 04:15:00
2024-08-21,04:30:00 pm,0,103.073,23.152,2024-08-21 04:30:00
2024-08-21,04:45:00 pm,0,103.047,23.213,2024-08-21 04:45:00
2024-08-21,05:00:00 pm,0,103.045,23.269,2024-08-21 05:00:00
2024-08-21,05:15:00 pm,0,103.042,23.325,2024-08-21 05:15:00
2024-08-21,05:30:00 pm,0,103.047,23.378,2024-08-21 05:30:00
2024-08-21,05:45:00 pm,0,103.031,23.426,2024-08-21 05:45:00
2024-08-21,06:00:00 pm,0,103.019,23.471,2024-08-21 06:00:00
2024-08-21,06:15:00 pm,0,103.013,23.512,2024-08-21 06:15:00
2024-08-21,06:30:00 pm,0,103.02,23.55,2024-08-21 06:30:00
2024-08-21,06:45:00 pm,0,103.023,23.586,2024-08-21 06:45:00
2024-08-21,07:00:00 pm,0,103.018,23.621,2024-08-21 07:00:00
2024-08-21,07:15:00 pm,0,103.027,23.645,2024-08-21 07:15:00
2024-08-21,07:30:00 pm,0,103.035,23.665,2024-08-21 07:30:00
2024-08-21,07:45:00 pm,0,103.031,23.67,2024-08-21 07:45:00
2024-08-21,08:00:00 pm,0,103.042,23.672,2024-08-21 08:00:00
2024-08-21,08:15:00 pm,0,103.046,23.664,2024-08-21 08:15:00
2024-08-21,08:30:00 pm,0,103.066,23.661,2024-08-21 08:30:00
2024-08-21,08:45:00 pm,0,103.072,23.645,2024-08-21 08:45:00
2024-08-21,09:00:00 pm,0,103.083,23.626,2024-08-21 09:00:00
2024-08-21,09:15:00 pm,0,103.096,23.596,2024-08-21 09:15:00
2024-08-21,09:30:00 pm,0,103.104,23.559,2024-08-21 09:30:00
2024-08-21,09:45:00 pm,0,103.116,23.517,2024-08-21 09:45:00
2024-08-21,10:00:00 pm,0,103.132,23.467,2024-08-21 10:00:00
2024-08-21,10:15:00 pm,0,103.142,23.414,2024-08-21 10:15:00
2024-08-21,10:30:00 pm,0,103.148,23.357,2024-08-21 10:30:00
2024-08-21,10:45:00 pm,0,103.145,23.298,2024-08-21 10:45:00
2024-08-21,11:00:00 pm,0,103.134,23.236,2024-08-21 11:00:00
2024-08-21,11:15:00 pm,0,103.141,23.169,2024-08-21 11:15:00
2024-08-21,11:30:00 pm,0,103.134,23.097,2024-08-21 11:30:00
2024-08-21,11:45:00 pm,0,103.122,23.024,2024-08-21 11:45:00
2024-08-22,12:00:00 am,0,103.138,22.955,2024-08-22 12:00:00
2024-08-22,12:15:00 am,0,103.132,22.882,2024-08-22 12:15:00
2024-08-22,12:30:00 am,0,103.122,22.812,2024-08-22 12:30:00
2024-08-22,12:45:00 am,0,103.125,22.737,2024-08-22 12:45:00
2024-08-22,01:00:00 am,0,103.116,22.661,2024-08-22 01:00:00
2024-08-22,01:15:00 am,0,103.109,22.582,2024-08-22 01:15:00
2024-08-22,01:30:00 am,0,103.096,22.508,2024-08-22 01:30:00
2024-08-22,01:45:00 am,0,103.103,22.431,2024-08-22 01:45:00
2024-08-22,02:00:00 am,0,103.086,22.354,2024-08-22 02:00:00
2024-08-22,02:15:00 am,0,103.085,22.27,2024-08-22 02:15:00
2024-08-22,02:30:00 am,0,103.089,22.192,2024-08-22 02:30:00
2024-08-22,02:45:00 am,0,103.091,22.112,2024-08-22 02:45:00
2024-08-22,03:00:00 am,0,103.102,22.033,2024-08-22 03:00:00
2024-08-22,03:15:00 am,0,103.099,21.953,2024-08-22 03:15:00
2024-08-22,03:30:00 am,0,103.111,21.874,2024-08-22 03:30:00
2024-08-22,03:45:00 am,0,103.131,21.799,2024-08-22 03:45:00
2024-08-22,04:00:00 am,0,103.142,21.727,2024-08-22 04:00:00
2024-08-22,04:15:00 am,0,103.155,21.655,2024-08-22 04:15:00
2024-08-22,04:30:00 am,0,103.188,21.586,2024-08-22 04:30:00
2024-08-22,04:45:00 am,0,103.2,21.521,2024-08-22 04:45:00
2024-08-22,05:00:00 am,0,103.221,21.456,2024-08-22 05:00:00
2024-08-22,05:15:00 am,0,103.232,21.39,2024-08-22 05:15:00
2024-08-22,05:30:00 am,0,103.247,21.328,2024-08-22 05:30:00
2024-08-22,05:45:00 am,0,103.252,21.265,2024-08-22 05:45:00
2024-08-22,06:00:00 am,0,103.282,21.202,2024-08-22 06:00:00
2024-08-22,06:15:00 am,0,103.307,21.141,2024-08-22 06:15:00
2024-08-22,06:30:00 am,0,103.33,21.083,2024-08-22 06:30:00
2024-08-22,06:45:00 am,0,103.34,21.022,2024-08-22 06:45:00
2024-08-22,07:00:00 am,0,103.353,20.966,2024-08-22 07:00:00
2024-08-22,07:15:00 am,0,103.363,20.912,2024-08-22 07:15:00
2024-08-22,07:30:00 am,0,103.376,20.865,2024-08-22 07:30:00
2024-08-22,07:45:00 am,0,103.395,20.822,2024-08-22 07:45:00
2024-08-22,08:00:00 am,0,103.387,20.789,2024-08-22 08:00:00
2024-08-22,08:15:00 am,0,103.407,20.765,2024-08-22 08:15:00
2024-08-22,08:30:00 am,0,103.408,20.739,2024-08-22 08:30:00
2024-08-22,08:45:00 am,0,103.423,20.725,2024-08-22 08:45:00
2024-08-22,09:00:00 am,0,103.421,20.728,2024-08-22 09:00:00
2024-08-22,09:15:00 am,0,103.429,20.739,2024-08-22 09:15:00
2024-08-22,09:30:00 am,0,103.426,20.764,2024-08-22 09:30:00
2024-08-22,09:45:00 am,0,103.427,20.803,2024-08-22 09:45:00
2024-08-22,10:00:00 am,0,103.437,20.853,2024-08-22 10:00:00
2024-08-22,10:15:00 am,0,103.453,20.912,2024-08-22 10:15:00
2024-08-22,10:30:00 am,0,103.451,20.972,2024-08-22 10:30:00
2024-08-22,10:45:00 am,0,103.47,21.037,2024-08-22 10:45:00
2024-08-22,11:00:00 am,0,103.478,21.099,2024-08-22 11:00:00
2024-08-22,11:15:00 am,0,103.486,21.159,2024-08-22 11:15:00
2024-08-22,11:30:00 am,0,103.467,21.231,2024-08-22 11:30:00
2024-08-22,11:45:00 am,0,103.469,21.301,2024-08-22 11:45:00
2024-08-22,12:00:00 pm,0,103.46,21.392,2024-08-22 12:00:00
2024-08-22,12:15:00 pm,0,103.448,21.461,2024-08-22 12:15:00
2024-08-22,12:30:00 pm,0,103.437,21.542,2024-08-22 12:30:00
2024-08-22,12:45:00 pm,0,103.43,21.639,2024-08-22 12:45:00
2024-08-22,01:00:00 pm,0,103.421,21.758,2024-08-22 01:00:00
2024-08-22,01:15:00 pm,0,103.422,21.878,2024-08-22 01:15:00
2024-08-22,01:30:00 pm,0,103.385,21.957,2024-08-22 01:30:00
2024-08-22,01:45:00 pm,0,103.38,22.064,2024-08-22 01:45:00
2024-08-22,02:00:00 pm,0,103.356,22.197,2024-08-22 02:00:00
2024-08-22,02:15:00 pm,0,103.336,22.335,2024-08-22 02:15:00
2024-08-22,02:30:00 pm,0,103.31,22.452,2024-08-22 02:30:00
2024-08-22,02:45:00 pm,0,103.302,22.551,2024-08-22 02:45:00
2024-08-22,03:00:00 pm,0,103.297,22.628,2024-08-22 03:00:00
2024-08-22,03:15:00 pm,0,103.285,22.688,2024-08-22 03:15:00
2024-08-22,03:30:00 pm,0,103.311,22.74,2024-08-22 03:30:00
2024-08-22,03:45:00 pm,0,103.314,22.787,2024-08-22 03:45:00
2024-08-22,04:00:00 pm,0,103.279,22.834,2024-08-22 04:00:00
2024-08-22,04:15:00 pm,0,103.268,22.876,2024-08-22 04:15:00
2024-08-22,04:30:00 pm,0,103.267,22.914,2024-08-22 04:30:00
2024-08-22,04:45:00 pm,0,103.245,22.957,2024-08-22 04:45:00
2024-08-22,05:00:00 pm,0,103.232,22.996,2024-08-22 05:00:00
2024-08-22,05:15:00 pm,0,103.234,23.038,2024-08-22 05:15:00
2024-08-22,05:30:00 pm,0,103.236,23.084,2024-08-22 05:30:00
2024-08-22,05:45:00 pm,0,103.245,23.135,2024-08-22 05:45:00
2024-08-22,06:00:00 pm,0,103.248,23.182,2024-08-22 06:00:00
2024-08-22,06:15:00 pm,0,103.252,23.231,2024-08-22 06:15:00
2024-08-22,06:30:00 pm,0,103.261,23.274,2024-08-22 06:30:00
2024-08-22,06:45:00 pm,0,103.259,23.318,2024-08-22 06:45:00
2024-08-22,07:00:00 pm,0,103.252,23.362,2024-08-22 07:00:00
2024-08-22,07:15:00 pm,0,103.257,23.402,2024-08-22 07:15:00
2024-08-22,07:30:00 pm,0,103.273,23.441,2024-08-22 07:30:00
2024-08-22,07:45:00 pm,0,103.288,23.473,2024-08-22 07:45:00
2024-08-22,08:00:00 pm,0,103.317,23.502,2024-08-22 08:00:00
2024-08-22,08:15:00 pm,0,103.337,23.528,2024-08-22 08:15:00
2024-08-22,08:30:00 pm,0,103.331,23.543,2024-08-22 08:30:00
2024-08-22,08:45:00 pm,0,103.338,23.556,2024-08-22 08:45:00
2024-08-22,09:00:00 pm,0,103.362,23.564,2024-08-22 09:00:00
2024-08-22,09:15:00 pm,0,103.373,23.566,2024-08-22 09:15:00
2024-08-22,09:30:00 pm,0,103.383,23.567,2024-08-22 09:30:00
2024-08-22,09:45:00 pm,0,103.391,23.562,2024-08-22 09:45:00
2024-08-22,10:00:00 pm,0,103.402,23.552,2024-08-22 10:00:00
2024-08-22,10:15:00 pm,0,103.406,23.54,2024-08-22 10:15:00
2024-08-22,10:30:00 pm,0,103.418,23.523,2024-08-22 10:30:00
2024-08-22,10:45:00 pm,0,103.407,23.504,2024-08-22 10:45:00
2024-08-22,11:00:00 pm,0,103.412,23.483,2024-08-22 11:00:00
2024-08-22,11:15:00 pm,0,103.419,23.461,2024-08-22 11:15:00
2024-08-22,11:30:00 pm,0,103.425,23.43,2024-08-22 11:30:00
2024-08-22,11:45:00 pm,0,103.433,23.398,2024-08-22 11:45:00
2024-08-23,12:00:00 am,0,103.437,23.365,2024-08-23 12:00:00
2024-08-23,12:15:00 am,0,103.441,23.329,2024-08-23 12:15:00
2024-08-23,12:30:00 am,0,103.447,23.291,2024-08-23 12:30:00
2024-08-23,12:45:00 am,0,103.451,23.25,2024-08-23 12:45:00
2024-08-23,01:00:00 am,0,103.454,23.204,2024-08-23 01:00:00
2024-08-23,01:15:00 am,0,103.46,23.159,2024-08-23 01:15:00
2024-08-23,01:30:00 am,0,103.45,23.11,2024-08-23 01:30:00
2024-08-23,01:45:00 am,0,103.454,23.062,2024-08-23 01:45:00
2024-08-23,02:00:00 am,0,103.456,23.014,2024-08-23 02:00:00
2024-08-23,02:15:00 am,0,103.461,22.96,2024-08-23 02:15:00
2024-08-23,02:30:00 am,0,103.457,22.909,2024-08-23 02:30:00
2024-08-23,02:45:00 am,0,103.466,22.857,2024-08-23 02:45:00
2024-08-23,03:00:00 am,0,103.483,22.803,2024-08-23 03:00:00
2024-08-23,03:15:00 am,0,103.505,22.75,2024-08-23 03:15:00
2024-08-23,03:30:00 am,0,103.518,22.694,2024-08-23 03:30:00
2024-08-23,03:45:00 am,0,103.522,22.639,2024-08-23 03:45:00
2024-08-23,04:00:00 am,0,103.537,22.58,2024-08-23 04:00:00
2024-08-23,04:15:00 am,0,103.548,22.522,2024-08-23 04:15:00
2024-08-23,04:30:00 am,0,103.547,22.46,2024-08-23 04:30:00
2024-08-23,04:45:00 am,0,103.584,22.396,2024-08-23 04:45:00
2024-08-23,05:00:00 am,0,103.604,22.337,2024-08-23 05:00:00
2024-08-23,05:15:00 am,0,103.621,22.281,2024-08-23 05:15:00
2024-08-23,05:30:00 am,0,103.646,22.222,2024-08-23 05:30:00
2024-08-23,05:45:00 am,0,103.657,22.167,2024-08-23 05:45:00
2024-08-23,06:00:00 am,0,103.675,22.111,2024-08-23 06:00:00
2024-08-23,06:15:00 am,0,103.703,22.057,2024-08-23 06:15:00
2024-08-23,06:30:00 am,0,103.719,22.002,2024-08-23 06:30:00
2024-08-23,06:45:00 am,0,103.751,21.951,2024-08-23 06:45:00
2024-08-23,07:00:00 am,0,103.762,21.901,2024-08-23 07:00:00
2024-08-23,07:15:00 am,0,103.769,21.854,2024-08-23 07:15:00
2024-08-23,07:30:00 am,0,103.781,21.81,2024-08-23 07:30:00
2024-08-23,07:45:00 am,0,103.79,21.762,2024-08-23 07:45:00
2024-08-23,08:00:00 am,0,103.8,21.727,2024-08-23 08:00:00
2024-08-23,08:15:00 am,0,103.804,21.703,2024-08-23 08:15:00
2024-08-23,08:30:00 am,0,103.818,21.679,2024-08-23 08:30:00
2024-08-23,08:45:00 am,0,103.827,21.661,2024-08-23 08:45:00
2024-08-23,09:00:00 am,0,103.84,21.647,2024-08-23 09:00:00
2024-08-23,09:15:00 am,0,103.859,21.638,2024-08-23 09:15:00
2024-08-23,09:30:00 am,0,103.848,21.634,2024-08-23 09:30:00
2024-08-23,09:45:00 am,0,103.851,21.637,2024-08-23 09:45:00
2024-08-23,10:00:00 am,0,103.86,21.638,2024-08-23 10:00:00
2024-08-23,10:15:00 am,0,103.888,21.655,2024-08-23 10:15:00
2024-08-23,10:30:00 am,0,103.891,21.68,2024-08-23 10:30:00
2024-08-23,10:45:00 am,0,103.895,21.711,2024-08-23 10:45:00
2024-08-23,11:00:00 am,0,103.9,21.754,2024-08-23 11:00:00
2024-08-23,11:15:00 am,0,103.897,21.794,2024-08-23 11:15:00
2024-08-23,11:30:00 am,0,103.86,21.839,2024-08-23 11:30:00
2024-08-23,11:45:00 am,0,103.844,21.89,2024-08-23 11:45:00
2024-08-23,12:00:00 pm,0,103.858,21.942,2024-08-23 12:00:00
2024-08-23,12:15:00 pm,0,103.839,22.002,2024-08-23 12:15:00
2024-08-23,12:30:00 pm,0,103.827,22.064,2024-08-23 12:30:00
2024-08-23,12:45:00 pm,0,103.809,22.137,2024-08-23 12:45:00
2024-08-23,01:00:00 pm,0,103.785,22.223,2024-08-23 01:00:00
2024-08-23,01:15:00 pm,0,103.756,22.318,2024-08-23 01:15:00
2024-08-23,01:30:00 pm,0,103.755,22.425,2024-08-23 01:30:00
2024-08-23,01:45:00 pm,0,103.748,22.538,2024-08-23 01:45:00
2024-08-23,02:00:00 pm,0,103.712,22.64,2024-08-23 02:00:00
2024-08-23,02:15:00 pm,0,103.677,22.748,2024-08-23 02:15:00
2024-08-23,02:30:00 pm,0,103.649,22.832,2024-08-23 02:30:00
2024-08-23,02:45:00 pm,0,103.633,22.92,2024-08-23 02:45:00
2024-08-23,03:00:00 pm,0,103.617,23.001,2024-08-23 03:00:00
2024-08-23,03:15:00 pm,0,103.581,23.079,2024-08-23 03:15:00
2024-08-23,03:30:00 pm,0,103.545,23.151,2024-08-23 03:30:00
2024-08-23,03:45:00 pm,0,103.542,23.219,2024-08-23 03:45:00
2024-08-23,04:00:00 pm,0,103.52,23.286,2024-08-23 04:00:00
2024-08-23,04:15:00 pm,0,103.498,23.339,2024-08-23 04:15:00
2024-08-23,04:30:00 pm,0,103.492,23.393,2024-08-23 04:30:00
2024-08-23,04:45:00 pm,0,103.474,23.449,2024-08-23 04:45:00
2024-08-23,05:00:00 pm,0,103.467,23.506,2024-08-23 05:00:00
2024-08-23,05:15:00 pm,0,103.452,23.551,2024-08-23 05:15:00
2024-08-23,05:30:00 pm,0,103.444,23.6,2024-08-23 05:30:00
2024-08-23,05:45:00 pm,0,103.449,23.642,2024-08-23 05:45:00
2024-08-23,06:00:00 pm,0,103.447,23.685,2024-08-23 06:00:00
2024-08-23,06:15:00 pm,0,103.443,23.728,2024-08-23 06:15:00
2024-08-23,06:30:00 pm,0,103.429,23.768,2024-08-23 06:30:00
2024-08-23,06:45:00 pm,0,103.438,23.804,2024-08-23 06:45:00
2024-08-23,07:00:00 pm,0,103.439,23.835,2024-08-23 07:00:00
2024-08-23,07:15:00 pm,0,103.437,23.858,2024-08-23 07:15:00
2024-08-23,07:30:00 pm,0,103.436,23.877,2024-08-23 07:30:00
2024-08-23,07:45:00 pm,0,103.447,23.887,2024-08-23 07:45:00
2024-08-23,08:00:00 pm,0,103.463,23.886,2024-08-23 08:00:00
2024-08-23,08:15:00 pm,0,103.471,23.873,2024-08-23 08:15:00
2024-08-23,08:30:00 pm,0,103.469,23.85,2024-08-23 08:30:00
2024-08-23,08:45:00 pm,0,103.472,23.819,2024-08-23 08:45:00
2024-08-23,09:00:00 pm,0,103.487,23.78,2024-08-23 09:00:00
2024-08-23,09:15:00 pm,0,103.512,23.736,2024-08-23 09:15:00
2024-08-23,09:30:00 pm,0,103.518,23.689,2024-08-23 09:30:00
2024-08-23,09:45:00 pm,0,103.534,23.646,2024-08-23 09:45:00
2024-08-23,10:00:00 pm,0,103.522,23.593,2024-08-23 10:00:00
2024-08-23,10:15:00 pm,0,103.53,23.54,2024-08-23 10:15:00
2024-08-23,10:30:00 pm,0,103.543,23.482,2024-08-23 10:30:00
2024-08-23,10:45:00 pm,0,103.54,23.415,2024-08-23 10:45:00
2024-08-23,11:00:00 pm,0,103.539,23.345,2024-08-23 11:00:00
2024-08-23,11:15:00 pm,0,103.547,23.274,2024-08-23 11:15:00
2024-08-23,11:30:00 pm,0,103.546,23.198,2024-08-23 11:30:00
2024-08-23,11:45:00 pm,0,103.538,23.123,2024-08-23 11:45:00
2024-08-24,12:00:00 am,0,103.526,23.044,2024-08-24 12:00:00
2024-08-24,12:15:00 am,0,103.517,22.962,2024-08-24 12:15:00
2024-08-24,12:30:00 am,0,103.512,22.877,2024-08-24 12:30:00
2024-08-24,12:45:00 am,0,103.496,22.792,2024-08-24 12:45:00
2024-08-24,01:00:00 am,0,103.495,22.701,2024-08-24 01:00:00
2024-08-24,01:15:00 am,0,103.49,22.612,2024-08-24 01:15:00
2024-08-24,01:30:00 am,0,103.483,22.52,2024-08-24 01:30:00
2024-08-24,01:45:00 am,0,103.485,22.426,2024-08-24 01:45:00
2024-08-24,02:00:00 am,0,103.479,22.335,2024-08-24 02:00:00
2024-08-24,02:15:00 am,0,103.479,22.237,2024-08-24 02:15:00
2024-08-24,02:30:00 am,0,103.482,22.146,2024-08-24 02:30:00
2024-08-24,02:45:00 am,0,103.48,22.054,2024-08-24 02:45:00
2024-08-24,03:00:00 am,0,103.49,21.965,2024-08-24 03:00:00
2024-08-24,03:15:00 am,0,103.493,21.877,2024-08-24 03:15:00
2024-08-24,03:30:00 am,0,103.512,21.79,2024-08-24 03:30:00
2024-08-24,03:45:00 am,0,103.525,21.703,2024-08-24 03:45:00
2024-08-24,04:00:00 am,0,103.536,21.621,2024-08-24 04:00:00
2024-08-24,04:15:00 am,0,103.557,21.538,2024-08-24 04:15:00
2024-08-24,04:30:00 am,0,103.569,21.453,2024-08-24 04:30:00
2024-08-24,04:45:00 am,0,103.596,21.37,2024-08-24 04:45:00
2024-08-24,05:00:00 am,0,103.618,21.292,2024-08-24 05:00:00
2024-08-24,05:15:00 am,0,103.639,21.214,2024-08-24 05:15:00
2024-08-24,05:30:00 am,0,103.657,21.135,2024-08-24 05:30:00
2024-08-24,05:45:00 am,0,103.674,21.057,2024-08-24 05:45:00
2024-08-24,06:00:00 am,0,103.685,20.981,2024-08-24 06:00:00
2024-08-24,06:15:00 am,0,103.693,20.902,2024-08-24 06:15:00
2024-08-24,06:30:00 am,0,103.731,20.829,2024-08-24 06:30:00
2024-08-24,06:45:00 am,0,103.742,20.752,2024-08-24 06:45:00
2024-08-24,07:00:00 am,0,103.742,20.654,2024-08-24 07:00:00
2024-08-24,07:15:00 am,0,103.764,20.594,2024-08-24 07:15:00
2024-08-24,07:30:00 am,0,103.769,20.532,2024-08-24 07:30:00
2024-08-24,07:45:00 am,0,103.779,20.476,2024-08-24 07:45:00
2024-08-24,08:00:00 am,0,103.784,20.425,2024-08-24 08:00:00
2024-08-24,08:15:00 am,0,103.797,20.386,2024-08-24 08:15:00
2024-08-24,08:30:00 am,0,103.823,20.359,2024-08-24 08:30:00
2024-08-24,08:45:00 am,0,103.822,20.338,2024-08-24 08:45:00
2024-08-24,09:00:00 am,0,103.848,20.335,2024-08-24 09:00:00
2024-08-24,09:15:00 am,0,103.849,20.339,2024-08-24 09:15:00
2024-08-24,09:30:00 am,0,103.866,20.359,2024-08-24 09:30:00
2024-08-24,09:45:00 am,0,103.869,20.385,2024-08-24 09:45:00
2024-08-24,10:00:00 am,0,103.86,20.418,2024-08-24 10:00:00
2024-08-24,10:15:00 am,0,103.857,20.454,2024-08-24 10:15:00
2024-08-24,10:30:00 am,0,103.839,20.505,2024-08-24 10:30:00
2024-08-24,10:45:00 am,0,103.818,20.56,2024-08-24 10:45:00
2024-08-24,11:00:00 am,0,103.8,20.628,2024-08-24 11:00:00
2024-08-24,11:15:00 am,0,103.782,20.699,2024-08-24 11:15:00
2024-08-24,11:30:00 am,0,103.758,20.773,2024-08-24 11:30:00
2024-08-24,11:45:00 am,0,103.737,20.849,2024-08-24 11:45:00
2024-08-24,12:00:00 pm,0,103.721,20.925,2024-08-24 12:00:00
2024-08-24,12:15:00 pm,0,103.708,21.009,2024-08-24 12:15:00
2024-08-24,12:30:00 pm,0,103.681,21.1,2024-08-24 12:30:00
2024-08-24,12:45:00 pm,0,103.669,21.202,2024-08-24 12:45:00
2024-08-24,01:00:00 pm,0,103.655,21.32,2024-08-24 01:00:00
2024-08-24,01:15:00 pm,0,103.63,21.45,2024-08-24 01:15:00
2024-08-24,01:30:00 pm,0,103.617,21.581,2024-08-24 01:30:00
2024-08-24,01:45:00 pm,0,103.612,21.713,2024-08-24 01:45:00
2024-08-24,02:00:00 pm,0,103.581,21.838,2024-08-24 02:00:00
2024-08-24,02:15:00 pm,0,103.575,21.964,2024-08-24 02:15:00
2024-08-24,02:30:00 pm,0,103.549,22.076,2024-08-24 02:30:00
2024-08-24,02:45:00 pm,0,103.531,22.188,2024-08-24 02:45:00
2024-08-24,03:00:00 pm,0,103.507,22.279,2024-08-24 03:00:00
2024-08-24,03:15:00 pm,0,103.5,22.369,2024-08-24 03:15:00
2024-08-24,03:30:00 pm,0,103.477,22.447,2024-08-24 03:30:00
2024-08-24,03:45:00 pm,0,103.471,22.528,2024-08-24 03:45:00
2024-08-24,04:00:00 pm,0,103.475,22.611,2024-08-24 04:00:00
2024-08-24,04:15:00 pm,0,103.459,22.685,2024-08-24 04:15:00
2024-08-24,04:30:00 pm,0,103.437,22.76,2024-08-24 04:30:00
2024-08-24,04:45:00 pm,0,103.401,22.84,2024-08-24 04:45:00
2024-08-24,05:00:00 pm,0,103.412,22.92,2024-08-24 05:00:00
2024-08-24,05:15:00 pm,0,103.393,22.976,2024-08-24 05:15:00
2024-08-24,05:30:00 pm,0,103.358,23.028,2024-08-24 05:30:00
2024-08-24,05:45:00 pm,0,103.344,23.08,2024-08-24 05:45:00
2024-08-24,06:00:00 pm,0,103.329,23.133,2024-08-24 06:00:00
2024-08-24,06:15:00 pm,0,103.317,23.189,2024-08-24 06:15:00
2024-08-24,06:30:00 pm,0,103.3,23.249,2024-08-24 06:30:00
2024-08-24,06:45:00 pm,0,103.295,23.303,2024-08-24 06:45:00
2024-08-24,07:00:00 pm,0,103.288,23.356,2024-08-24 07:00:00
2024-08-24,07:15:00 pm,0,103.298,23.404,2024-08-24 07:15:00
2024-08-24,07:30:00 pm,0,103.308,23.448,2024-08-24 07:30:00
2024-08-24,07:45:00 pm,0,103.314,23.489,2024-08-24 07:45:00
2024-08-24,08:00:00 pm,0,103.326,23.527,2024-08-24 08:00:00
2024-08-24,08:15:00 pm,0,103.329,23.553,2024-08-24 08:15:00
2024-08-24,08:30:00 pm,0,103.326,23.567,2024-08-24 08:30:00
2024-08-24,08:45:00 pm,0,103.333,23.575,2024-08-24 08:45:00
2024-08-24,09:00:00 pm,0,103.339,23.57,2024-08-24 09:00:00
2024-08-24,09:15:00 pm,0,103.346,23.562,2024-08-24 09:15:00
2024-08-24,09:30:00 pm,0,103.347,23.545,2024-08-24 09:30:00
2024-08-24,09:45:00 pm,0,103.352,23.528,2024-08-24 09:45:00
2024-08-24,10:00:00 pm,0,103.359,23.501,2024-08-24 10:00:00
2024-08-24,10:15:00 pm,0,103.354,23.47,2024-08-24 10:15:00
2024-08-24,10:30:00 pm,0,103.345,23.439,2024-08-24 10:30:00
2024-08-24,10:45:00 pm,0,103.333,23.402,2024-08-24 10:45:00
2024-08-24,11:00:00 pm,0,103.327,23.36,2024-08-24 11:00:00
2024-08-24,11:15:00 pm,0,103.338,23.32,2024-08-24 11:15:00
2024-08-24,11:30:00 pm,0,103.353,23.272,2024-08-24 11:30:00
2024-08-24,11:45:00 pm,0,103.358,23.225,2024-08-24 11:45:00
2024-08-25,12:00:00 am,0,103.364,23.172,2024-08-25 12:00:00
2024-08-25,12:15:00 am,0,103.367,23.117,2024-08-25 12:15:00
2024-08-25,12:30:00 am,0,103.36,23.063,2024-08-25 12:30:00
2024-08-25,12:45:00 am,0,103.36,23.004,2024-08-25 12:45:00
2024-08-25,01:00:00 am,0,103.385,22.938,2024-08-25 01:00:00
2024-08-25,01:15:00 am,0,103.388,22.875,2024-08-25 01:15:00
2024-08-25,01:30:00 am,0,103.385,22.807,2024-08-25 01:30:00
2024-08-25,01:45:00 am,0,103.379,22.742,2024-08-25 01:45:00
2024-08-25,02:00:00 am,0,103.382,22.678,2024-08-25 02:00:00
2024-08-25,02:15:00 am,0,103.392,22.61,2024-08-25 02:15:00
2024-08-25,02:30:00 am,0,103.402,22.542,2024-08-25 02:30:00
2024-08-25,02:45:00 am,0,103.41,22.47,2024-08-25 02:45:00
2024-08-25,03:00:00 am,0,103.421,22.396,2024-08-25 03:00:00
2024-08-25,03:15:00 am,0,103.43,22.319,2024-08-25 03:15:00
2024-08-25,03:30:00 am,0,103.452,22.245,2024-08-25 03:30:00
2024-08-25,03:45:00 am,0,103.468,22.168,2024-08-25 03:45:00
2024-08-25,04:00:00 am,0,103.487,22.092,2024-08-25 04:00:00
2024-08-25,04:15:00 am,0,103.499,22.017,2024-08-25 04:15:00
2024-08-25,04:30:00 am,0,103.522,21.941,2024-08-25 04:30:00
2024-08-25,04:45:00 am,0,103.543,21.871,2024-08-25 04:45:00
2024-08-25,05:00:00 am,0,103.562,21.799,2024-08-25 05:00:00
2024-08-25,05:15:00 am,0,103.584,21.726,2024-08-25 05:15:00
2024-08-25,05:30:00 am,0,103.593,21.664,2024-08-25 05:30:00
2024-08-25,05:45:00 am,0,103.617,21.598,2024-08-25 05:45:00
2024-08-25,06:00:00 am,0,103.632,21.533,2024-08-25 06:00:00
2024-08-25,06:15:00 am,0,103.65,21.464,2024-08-25 06:15:00
2024-08-25,06:30:00 am,0,103.677,21.401,2024-08-25 06:30:00
2024-08-25,06:45:00 am,0,103.689,21.327,2024-08-25 06:45:00
2024-08-25,07:00:00 am,0,103.699,21.262,2024-08-25 07:00:00
2024-08-25,07:15:00 am,0,103.705,21.206,2024-08-25 07:15:00
2024-08-25,07:30:00 am,0,103.714,21.152,2024-08-25 07:30:00
2024-08-25,07:45:00 am,0,103.727,21.11,2024-08-25 07:45:00
2024-08-25,08:00:00 am,0,103.751,21.07,2024-08-25 08:00:00
2024-08-25,08:15:00 am,0,103.765,21.044,2024-08-25 08:15:00
2024-08-25,08:30:00 am,0,103.778,21.021,2024-08-25 08:30:00
2024-08-25,08:45:00 am,0,103.77,21.01,2024-08-25 08:45:00
2024-08-25,09:00:00 am,0,103.778,21.01,2024-08-25 09:00:00
2024-08-25,09:15:00 am,0,103.786,21.019,2024-08-25 09:15:00
2024-08-25,09:30:00 am,0,103.814,21.045,2024-08-25 09:30:00
2024-08-25,09:45:00 am,0,103.821,21.072,2024-08-25 09:45:00
2024-08-25,10:00:00 am,0,103.83,21.102,2024-08-25 10:00:00
2024-08-25,10:15:00 am,0,103.824,21.14,2024-08-25 10:15:00
2024-08-25,10:30:00 am,0,103.828,21.193,2024-08-25 10:30:00
2024-08-25,10:45:00 am,0,103.816,21.247,2024-08-25 10:45:00
2024-08-25,11:00:00 am,0,103.8,21.316,2024-08-25 11:00:00
2024-08-25,11:15:00 am,0,103.799,21.392,2024-08-25 11:15:00
2024-08-25,11:30:00 am,0,103.796,21.466,2024-08-25 11:30:00
2024-08-25,11:45:00 am,0,103.772,21.543,2024-08-25 11:45:00
2024-08-25,12:00:00 pm,0,103.753,21.619,2024-08-25 12:00:00
2024-08-25,12:15:00 pm,0,103.73,21.703,2024-08-25 12:15:00
2024-08-25,12:30:00 pm,0,103.716,21.793,2024-08-25 12:30:00
2024-08-25,12:45:00 pm,0,103.696,21.892,2024-08-25 12:45:00
2024-08-25,01:00:00 pm,0,103.689,22.007,2024-08-25 01:00:00
2024-08-25,01:15:00 pm,0,103.665,22.13,2024-08-25 01:15:00
2024-08-25,01:30:00 pm,0,103.647,22.262,2024-08-25 01:30:00
2024-08-25,01:45:00 pm,0,103.635,22.393,2024-08-25 01:45:00
2024-08-25,02:00:00 pm,0,103.606,22.514,2024-08-25 02:00:00
2024-08-25,02:15:00 pm,0,103.589,22.642,2024-08-25 02:15:00
2024-08-25,02:30:00 pm,0,103.562,22.749,2024-08-25 02:30:00
2024-08-25,02:45:00 pm,0,103.547,22.844,2024-08-25 02:45:00
2024-08-25,03:00:00 pm,0,103.516,22.939,2024-08-25 03:00:00
2024-08-25,03:15:00 pm,0,103.489,23.022,2024-08-25 03:15:00
2024-08-25,03:30:00 pm,0,103.475,23.099,2024-08-25 03:30:00
2024-08-25,03:45:00 pm,0,103.463,23.167,2024-08-25 03:45:00
2024-08-25,04:00:00 pm,0,103.448,23.234,2024-08-25 04:00:00
2024-08-25,04:15:00 pm,0,103.429,23.29,2024-08-25 04:15:00
2024-08-25,04:30:00 pm,0,103.415,23.354,2024-08-25 04:30:00
2024-08-25,04:45:00 pm,0,103.394,23.417,2024-08-25 04:45:00
2024-08-25,05:00:00 pm,0,103.396,23.479,2024-08-25 05:00:00
2024-08-25,05:15:00 pm,0,103.389,23.534,2024-08-25 05:15:00
2024-08-25,05:30:00 pm,0,103.38,23.573,2024-08-25 05:30:00
2024-08-25,05:45:00 pm,0,103.37,23.614,2024-08-25 05:45:00
2024-08-25,06:00:00 pm,0,103.352,23.653,2024-08-25 06:00:00
2024-08-25,06:15:00 pm,0,103.362,23.694,2024-08-25 06:15:00
2024-08-25,06:30:00 pm,0,103.358,23.736,2024-08-25 06:30:00
2024-08-25,06:45:00 pm,0,103.363,23.775,2024-08-25 06:45:00
2024-08-25,07:00:00 pm,0,103.373,23.807,2024-08-25 07:00:00
2024-08-25,07:15:00 pm,0,103.377,23.834,2024-08-25 07:15:00
2024-08-25,07:30:00 pm,0,103.388,23.848,2024-08-25 07:30:00
2024-08-25,07:45:00 pm,0,103.4,23.847,2024-08-25 07:45:00
2024-08-25,08:00:00 pm,0,103.402,23.832,2024-08-25 08:00:00
2024-08-25,08:15:00 pm,0,103.405,23.811,2024-08-25 08:15:00
2024-08-25,08:30:00 pm,0,103.404,23.784,2024-08-25 08:30:00
2024-08-25,08:45:00 pm,0,103.42,23.747,2024-08-25 08:45:00
2024-08-25,09:00:00 pm,0,103.439,23.701,2024-08-25 09:00:00
2024-08-25,09:15:00 pm,0,103.451,23.649,2024-08-25 09:15:00
2024-08-25,09:30:00 pm,0,103.459,23.588,2024-08-25 09:30:00
2024-08-25,09:45:00 pm,0,103.482,23.524,2024-08-25 09:45:00
2024-08-25,10:00:00 pm,0,103.486,23.458,2024-08-25 10:00:00
2024-08-25,10:15:00 pm,0,103.498,23.389,2024-08-25 10:15:00
2024-08-25,10:30:00 pm,0,103.509,23.317,2024-08-25 10:30:00
2024-08-25,10:45:00 pm,0,103.51,23.243,2024-08-25 10:45:00
2024-08-25,11:00:00 pm,0,103.503,23.164,2024-08-25 11:00:00
2024-08-25,11:15:00 pm,0,103.512,23.086,2024-08-25 11:15:00
2024-08-25,11:30:00 pm,0,103.507,23.004,2024-08-25 11:30:00
2024-08-25,11:45:00 pm,0,103.499,22.921,2024-08-25 11:45:00
2024-08-26,12:00:00 am,0,103.502,22.834,2024-08-26 12:00:00
2024-08-26,12:15:00 am,0,103.487,22.746,2024-08-26 12:15:00
2024-08-26,12:30:00 am,0,103.482,22.658,2024-08-26 12:30:00
2024-08-26,12:45:00 am,0,103.477,22.565,2024-08-26 12:45:00
2024-08-26,01:00:00 am,0,103.477,22.473,2024-08-26 01:00:00
2024-08-26,01:15:00 am,0,103.459,22.381,2024-08-26 01:15:00
2024-08-26,01:30:00 am,0,103.448,22.291,2024-08-26 01:30:00
2024-08-26,01:45:00 am,0,103.438,22.199,2024-08-26 01:45:00
2024-08-26,02:00:00 am,0,103.438,22.108,2024-08-26 02:00:00
2024-08-26,02:15:00 am,0,103.442,22.019,2024-08-26 02:15:00
2024-08-26,02:30:00 am,0,103.439,21.933,2024-08-26 02:30:00
2024-08-26,02:45:00 am,0,103.44,21.842,2024-08-26 02:45:00
2024-08-26,03:00:00 am,0,103.438,21.755,2024-08-26 03:00:00
2024-08-26,03:15:00 am,0,103.46,21.672,2024-08-26 03:15:00
2024-08-26,03:30:00 am,0,103.462,21.585,2024-08-26 03:30:00
2024-08-26,03:45:00 am,0,103.456,21.499,2024-08-26 03:45:00
2024-08-26,04:00:00 am,0,103.465,21.416,2024-08-26 04:00:00
2024-08-26,04:15:00 am,0,103.471,21.328,2024-08-26 04:15:00
2024-08-26,04:30:00 am,0,103.491,21.245,2024-08-26 04:30:00
2024-08-26,04:45:00 am,0,103.519,21.162,2024-08-26 04:45:00
2024-08-26,05:00:00 am,0,103.53,21.078,2024-08-26 05:00:00
2024-08-26,05:15:00 am,0,103.547,20.994,2024-08-26 05:15:00
2024-08-26,05:30:00 am,0,103.554,20.914,2024-08-26 05:30:00
2024-08-26,05:45:00 am,0,103.561,20.832,2024-08-26 05:45:00
2024-08-26,06:00:00 am,0,103.579,20.753,2024-08-26 06:00:00
2024-08-26,06:15:00 am,0,103.596,20.667,2024-08-26 06:15:00
2024-08-26,06:30:00 am,0,103.613,20.592,2024-08-26 06:30:00
2024-08-26,06:45:00 am,0,103.631,20.509,2024-08-26 06:45:00
2024-08-26,07:00:00 am,0,103.629,20.435,2024-08-26 07:00:00
2024-08-26,07:15:00 am,0,103.651,20.365,2024-08-26 07:15:00
2024-08-26,07:30:00 am,0,103.669,20.296,2024-08-26 07:30:00
2024-08-26,07:45:00 am,0,103.676,20.242,2024-08-26 07:45:00
2024-08-26,08:00:00 am,0,103.67,20.193,2024-08-26 08:00:00
2024-08-26,08:15:00 am,0,103.697,20.154,2024-08-26 08:15:00
2024-08-26,08:30:00 am,0,103.696,20.125,2024-08-26 08:30:00
2024-08-26,08:45:00 am,0,103.699,20.11,2024-08-26 08:45:00
2024-08-26,09:00:00 am,0,103.714,20.104,2024-08-26 09:00:00
2024-08-26,09:15:00 am,0,103.711,20.11,2024-08-26 09:15:00
2024-08-26,09:30:00 am,0,103.726,20.132,2024-08-26 09:30:00
2024-08-26,09:45:00 am,0,103.733,20.162,2024-08-26 09:45:00
2024-08-26,10:00:00 am,0,103.737,20.202,2024-08-26 10:00:00
2024-08-26,10:15:00 am,0,103.744,20.25,2024-08-26 10:15:00
2024-08-26,10:30:00 am,0,103.739,20.312,2024-08-26 10:30:00
2024-08-26,10:45:00 am,0,103.738,20.378,2024-08-26 10:45:00
2024-08-26,11:00:00 am,0,103.737,20.457,2024-08-26 11:00:00
2024-08-26,11:15:00 am,0,103.723,20.549,2024-08-26 11:15:00
2024-08-26,11:30:00 am,0,103.714,20.645,2024-08-26 11:30:00
2024-08-26,11:45:00 am,0,103.697,20.74,2024-08-26 11:45:00
2024-08-26,12:00:00 pm,0,103.681,20.837,2024-08-26 12:00:00
2024-08-26,12:15:00 pm,0,103.676,20.939,2024-08-26 12:15:00
2024-08-26,12:30:00 pm,0,103.658,21.042,2024-08-26 12:30:00
2024-08-26,12:45:00 pm,0,103.639,21.153,2024-08-26 12:45:00
2024-08-26,01:00:00 pm,0,103.602,21.285,2024-08-26 01:00:00
2024-08-26,01:15:00 pm,0,103.602,21.427,2024-08-26 01:15:00
2024-08-26,01:30:00 pm,0,103.578,21.572,2024-08-26 01:30:00
2024-08-26,01:45:00 pm,0,103.549,21.716,2024-08-26 01:45:00
2024-08-26,02:00:00 pm,0,103.529,21.857,2024-08-26 02:00:00
2024-08-26,02:15:00 pm,0,103.507,21.997,2024-08-26 02:15:00
2024-08-26,02:30:00 pm,0,103.476,22.123,2024-08-26 02:30:00
2024-08-26,02:45:00 pm,0,103.446,22.238,2024-08-26 02:45:00
2024-08-26,03:00:00 pm,0,103.425,22.347,2024-08-26 03:00:00
2024-08-26,03:15:00 pm,0,103.403,22.451,2024-08-26 03:15:00
2024-08-26,03:30:00 pm,0,103.383,22.551,2024-08-26 03:30:00
2024-08-26,03:45:00 pm,0,103.368,22.641,2024-08-26 03:45:00
2024-08-26,04:00:00 pm,0,103.359,22.731,2024-08-26 04:00:00
2024-08-26,04:15:00 pm,0,103.333,22.808,2024-08-26 04:15:00
2024-08-26,04:30:00 pm,0,103.303,22.887,2024-08-26 04:30:00
2024-08-26,04:45:00 pm,0,103.293,22.966,2024-08-26 04:45:00
2024-08-26,05:00:00 pm,0,103.288,23.04,2024-08-26 05:00:00
2024-08-26,05:15:00 pm,0,103.267,23.114,2024-08-26 05:15:00
2024-08-26,05:30:00 pm,0,103.261,23.169,2024-08-26 05:30:00
2024-08-26,05:45:00 pm,0,103.255,23.226,2024-08-26 05:45:00
2024-08-26,06:00:00 pm,0,103.257,23.286,2024-08-26 06:00:00
2024-08-26,06:15:00 pm,0,103.243,23.34,2024-08-26 06:15:00
2024-08-26,06:30:00 pm,0,103.239,23.393,2024-08-26 06:30:00
2024-08-26,06:45:00 pm,0,103.229,23.441,2024-08-26 06:45:00
2024-08-26,07:00:00 pm,0,103.218,23.485,2024-08-26 07:00:00
2024-08-26,07:15:00 pm,0,103.227,23.526,2024-08-26 07:15:00
2024-08-26,07:30:00 pm,0,103.242,23.566,2024-08-26 07:30:00
2024-08-26,07:45:00 pm,0,103.254,23.597,2024-08-26 07:45:00
2024-08-26,08:00:00 pm,0,103.255,23.618,2024-08-26 08:00:00
2024-08-26,08:15:00 pm,0,103.27,23.634,2024-08-26 08:15:00
2024-08-26,08:30:00 pm,0,103.284,23.64,2024-08-26 08:30:00
2024-08-26,08:45:00 pm,0,103.285,23.64,2024-08-26 08:45:00
2024-08-26,09:00:00 pm,0,103.305,23.629,2024-08-26 09:00:00
2024-08-26,09:15:00 pm,0,103.315,23.607,2024-08-26 09:15:00
2024-08-26,09:30:00 pm,0,103.321,23.58,2024-08-26 09:30:00
2024-08-26,09:45:00 pm,0,103.321,23.544,2024-08-26 09:45:00
2024-08-26,10:00:00 pm,0,103.319,23.508,2024-08-26 10:00:00
2024-08-26,10:15:00 pm,0,103.324,23.461,2024-08-26 10:15:00
2024-08-26,10:30:00 pm,0,103.328,23.414,2024-08-26 10:30:00
2024-08-26,10:45:00 pm,0,103.329,23.359,2024-08-26 10:45:00
2024-08-26,11:00:00 pm,0,103.338,23.306,2024-08-26 11:00:00
2024-08-26,11:15:00 pm,0,103.335,23.244,2024-08-26 11:15:00
2024-08-26,11:30:00 pm,0,103.327,23.183,2024-08-26 11:30:00
2024-08-26,11:45:00 pm,0,103.328,23.115,2024-08-26 11:45:00
2024-08-27,12:00:00 am,0,103.308,23.042,2024-08-27 12:00:00
2024-08-27,12:15:00 am,0,103.305,22.967,2024-08-27 12:15:00
2024-08-27,12:30:00 am,0,103.286,22.892,2024-08-27 12:30:00
2024-08-27,12:45:00 am,0,103.281,22.815,2024-08-27 12:45:00
2024-08-27,01:00:00 am,0,103.267,22.736,2024-08-27 01:00:00
2024-08-27,01:15:00 am,0,103.267,22.656,2024-08-27 01:15:00
2024-08-27,01:30:00 am,0,103.255,22.58,2024-08-27 01:30:00
2024-08-27,01:45:00 am,0,103.257,22.503,2024-08-27 01:45:00
2024-08-27,02:00:00 am,0,103.251,22.427,2024-08-27 02:00:00
2024-08-27,02:15:00 am,0,103.248,22.35,2024-08-27 02:15:00
2024-08-27,02:30:00 am,0,103.245,22.276,2024-08-27 02:30:00
2024-08-27,02:45:00 am,0,103.242,22.2,2024-08-27 02:45:00
2024-08-27,03:00:00 am,0,103.231,22.126,2024-08-27 03:00:00
2024-08-27,03:15:00 am,0,103.224,22.054,2024-08-27 03:15:00
2024-08-27,03:30:00 am,0,103.214,21.982,2024-08-27 03:30:00
2024-08-27,03:45:00 am,0,103.212,21.909,2024-08-27 03:45:00
2024-08-27,04:00:00 am,0,103.232,21.837,2024-08-27 04:00:00
2024-08-27,04:15:00 am,0,103.238,21.767,2024-08-27 04:15:00
2024-08-27,04:30:00 am,0,103.249,21.698,2024-08-27 04:30:00
2024-08-27,04:45:00 am,0,103.254,21.629,2024-08-27 04:45:00
2024-08-27,05:00:00 am,0,103.274,21.562,2024-08-27 05:00:00
2024-08-27,05:15:00 am,0,103.293,21.492,2024-08-27 05:15:00
2024-08-27,05:30:00 am,0,103.32,21.426,2024-08-27 05:30:00
2024-08-27,05:45:00 am,0,103.329,21.359,2024-08-27 05:45:00
2024-08-27,06:00:00 am,0,103.346,21.293,2024-08-27 06:00:00
2024-08-27,06:15:00 am,0,103.36,21.23,2024-08-27 06:15:00
2024-08-27,06:30:00 am,0,103.385,21.166,2024-08-27 06:30:00
2024-08-27,06:45:00 am,0,103.419,21.105,2024-08-27 06:45:00
2024-08-27,07:00:00 am,0,103.438,21.049,2024-08-27 07:00:00
2024-08-27,07:15:00 am,0,103.45,21,2024-08-27 07:15:00
2024-08-27,07:30:00 am,0,103.46,20.96,2024-08-27 07:30:00
2024-08-27,07:45:00 am,0,103.466,20.923,2024-08-27 07:45:00
2024-08-27,08:00:00 am,0,103.471,20.893,2024-08-27 08:00:00
2024-08-27,08:15:00 am,0,103.494,20.867,2024-08-27 08:15:00
2024-08-27,08:30:00 am,0,103.501,20.851,2024-08-27 08:30:00
2024-08-27,08:45:00 am,0,103.503,20.844,2024-08-27 08:45:00
2024-08-27,09:00:00 am,0,103.526,20.84,2024-08-27 09:00:00
2024-08-27,09:15:00 am,0,103.523,20.844,2024-08-27 09:15:00
2024-08-27,09:30:00 am,0,103.534,20.852,2024-08-27 09:30:00
2024-08-27,09:45:00 am,0,103.524,20.875,2024-08-27 09:45:00
2024-08-27,10:00:00 am,0,103.541,20.899,2024-08-27 10:00:00
2024-08-27,10:15:00 am,0,103.562,20.924,2024-08-27 10:15:00
2024-08-27,10:30:00 am,0,103.566,20.965,2024-08-27 10:30:00
2024-08-27,10:45:00 am,0,103.553,21.013,2024-08-27 10:45:00
2024-08-27,11:00:00 am,0,103.536,21.068,2024-08-27 11:00:00
2024-08-27,11:15:00 am,0,103.538,21.139,2024-08-27 11:15:00
2024-08-27,11:30:00 am,0,103.524,21.213,2024-08-27 11:30:00
2024-08-27,11:45:00 am,0,103.517,21.285,2024-08-27 11:45:00
2024-08-27,12:00:00 pm,0,103.488,21.373,2024-08-27 12:00:00
2024-08-27,12:15:00 pm,0,103.48,21.487,2024-08-27 12:15:00
2024-08-27,12:30:00 pm,0,103.456,21.575,2024-08-27 12:30:00
2024-08-27,12:45:00 pm,0,103.435,21.668,2024-08-27 12:45:00
2024-08-27,01:00:00 pm,0,103.414,21.787,2024-08-27 01:00:00
2024-08-27,01:15:00 pm,0,103.408,21.919,2024-08-27 01:15:00
2024-08-27,01:30:00 pm,0,103.399,22.062,2024-08-27 01:30:00
2024-08-27,01:45:00 pm,0,103.374,22.205,2024-08-27 01:45:00
2024-08-27,02:00:00 pm,0,103.352,22.332,2024-08-27 02:00:00
2024-08-27,02:15:00 pm,0,103.327,22.472,2024-08-27 02:15:00
2024-08-27,02:30:00 pm,0,103.299,22.6,2024-08-27 02:30:00
2024-08-27,02:45:00 pm,0,103.276,22.713,2024-08-27 02:45:00
2024-08-27,03:00:00 pm,0,103.242,22.823,2024-08-27 03:00:00
2024-08-27,03:15:00 pm,0,103.209,22.93,2024-08-27 03:15:00
2024-08-27,03:30:00 pm,0,103.204,23.031,2024-08-27 03:30:00
2024-08-27,03:45:00 pm,0,103.179,23.11,2024-08-27 03:45:00
2024-08-27,04:00:00 pm,0,103.15,23.178,2024-08-27 04:00:00
2024-08-27,04:15:00 pm,0,103.131,23.245,2024-08-27 04:15:00
2024-08-27,04:30:00 pm,0,103.109,23.321,2024-08-27 04:30:00
2024-08-27,04:45:00 pm,0,103.111,23.405,2024-08-27 04:45:00
2024-08-27,05:00:00 pm,0,103.105,23.49,2024-08-27 05:00:00
2024-08-27,05:15:00 pm,0,103.094,23.569,2024-08-27 05:15:00
2024-08-27,05:30:00 pm,0,103.09,23.629,2024-08-27 05:30:00
2024-08-27,05:45:00 pm,0,103.089,23.688,2024-08-27 05:45:00
2024-08-27,06:00:00 pm,0,103.081,23.744,2024-08-27 06:00:00
2024-08-27,06:15:00 pm,0,103.087,23.803,2024-08-27 06:15:00
2024-08-27,06:30:00 pm,0,103.088,23.859,2024-08-27 06:30:00
2024-08-27,06:45:00 pm,0,103.07,23.909,2024-08-27 06:45:00
2024-08-27,07:00:00 pm,0,103.088,23.956,2024-08-27 07:00:00
2024-08-27,07:15:00 pm,0,103.092,24.003,2024-08-27 07:15:00
2024-08-27,07:30:00 pm,0,103.091,24.043,2024-08-27 07:30:00
2024-08-27,07:45:00 pm,0,103.1,24.079,2024-08-27 07:45:00
2024-08-27,08:00:00 pm,0,103.118,24.108,2024-08-27 08:00:00
2024-08-27,08:15:00 pm,0,103.111,24.135,2024-08-27 08:15:00
2024-08-27,08:30:00 pm,0,103.109,24.151,2024-08-27 08:30:00
2024-08-27,08:45:00 pm,0,103.123,24.161,2024-08-27 08:45:00
2024-08-27,09:00:00 pm,0,103.137,24.165,2024-08-27 09:00:00
2024-08-27,09:15:00 pm,0,103.147,24.158,2024-08-27 09:15:00
2024-08-27,09:30:00 pm,0,103.148,24.143,2024-08-27 09:30:00
2024-08-27,09:45:00 pm,0,103.141,24.126,2024-08-27 09:45:00
2024-08-27,10:00:00 pm,0,103.148,24.106,2024-08-27 10:00:00
2024-08-27,10:15:00 pm,0,103.144,24.08,2024-08-27 10:15:00
2024-08-27,10:30:00 pm,0,103.132,24.049,2024-08-27 10:30:00
2024-08-27,10:45:00 pm,0,103.136,24.015,2024-08-27 10:45:00
2024-08-27,11:00:00 pm,0,103.129,23.979,2024-08-27 11:00:00
2024-08-27,11:15:00 pm,0,103.126,23.939,2024-08-27 11:15:00
2024-08-27,11:30:00 pm,0,103.107,23.895,2024-08-27 11:30:00
2024-08-27,11:45:00 pm,0,103.095,23.85,2024-08-27 11:45:00
2024-08-28,12:00:00 am,0,103.104,23.797,2024-08-28 12:00:00
2024-08-28,12:15:00 am,0,103.113,23.745,2024-08-28 12:15:00
2024-08-28,12:30:00 am,0,103.121,23.691,2024-08-28 12:30:00
2024-08-28,12:45:00 am,0,103.122,23.633,2024-08-28 12:45:00
2024-08-28,01:00:00 am,0,103.114,23.577,2024-08-28 01:00:00
2024-08-28,01:15:00 am,0,103.086,23.517,2024-08-28 01:15:00
2024-08-28,01:30:00 am,0,103.083,23.459,2024-08-28 01:30:00
2024-08-28,01:45:00 am,0,103.092,23.398,2024-08-28 01:45:00
2024-08-28,02:00:00 am,0,103.088,23.34,2024-08-28 02:00:00
2024-08-28,02:15:00 am,0,103.094,23.279,2024-08-28 02:15:00
2024-08-28,02:30:00 am,0,103.091,23.22,2024-08-28 02:30:00
2024-08-28,02:45:00 am,0,103.119,23.157,2024-08-28 02:45:00
2024-08-28,03:00:00 am,0,103.13,23.099,2024-08-28 03:00:00
2024-08-28,03:15:00 am,0,103.125,23.038,2024-08-28 03:15:00
2024-08-28,03:30:00 am,0,103.131,22.975,2024-08-28 03:30:00
2024-08-28,03:45:00 am,0,103.142,22.912,2024-08-28 03:45:00
2024-08-28,04:00:00 am,0,103.158,22.852,2024-08-28 04:00:00
2024-08-28,04:15:00 am,0,103.166,22.788,2024-08-28 04:15:00
2024-08-28,04:30:00 am,0,103.185,22.729,2024-08-28 04:30:00
2024-08-28,04:45:00 am,0,103.199,22.668,2024-08-28 04:45:00
2024-08-28,05:00:00 am,0,103.218,22.615,2024-08-28 05:00:00
2024-08-28,05:15:00 am,0,103.232,22.561,2024-08-28 05:15:00
2024-08-28,05:30:00 am,0,103.259,22.517,2024-08-28 05:30:00
2024-08-28,05:45:00 am,0,103.283,22.472,2024-08-28 05:45:00
2024-08-28,06:00:00 am,0,103.301,22.432,2024-08-28 06:00:00
2024-08-28,06:15:00 am,0,103.295,22.391,2024-08-28 06:15:00
2024-08-28,06:30:00 am,0,103.312,22.351,2024-08-28 06:30:00
2024-08-28,06:45:00 am,0,103.325,22.31,2024-08-28 06:45:00
2024-08-28,07:00:00 am,0,103.337,22.272,2024-08-28 07:00:00
2024-08-28,07:15:00 am,0,103.348,22.235,2024-08-28 07:15:00
2024-08-28,07:30:00 am,0,103.36,22.204,2024-08-28 07:30:00
2024-08-28,07:45:00 am,0,103.356,22.176,2024-08-28 07:45:00
2024-08-28,08:00:00 am,0,103.377,22.155,2024-08-28 08:00:00
2024-08-28,08:15:00 am,0,103.363,22.133,2024-08-28 08:15:00
2024-08-28,08:30:00 am,0,103.362,22.122,2024-08-28 08:30:00
2024-08-28,08:45:00 am,0,103.371,22.114,2024-08-28 08:45:00
2024-08-28,09:00:00 am,0,103.369,22.117,2024-08-28 09:00:00
2024-08-28,09:15:00 am,0,103.364,22.124,2024-08-28 09:15:00
2024-08-28,09:30:00 am,0,103.383,22.143,2024-08-28 09:30:00
2024-08-28,09:45:00 am,0,103.377,22.171,2024-08-28 09:45:00
2024-08-28,10:00:00 am,0,103.375,22.198,2024-08-28 10:00:00
2024-08-28,10:15:00 am,0,103.384,22.239,2024-08-28 10:15:00
2024-08-28,10:30:00 am,0,103.372,22.292,2024-08-28 10:30:00
2024-08-28,10:45:00 am,0,103.361,22.351,2024-08-28 10:45:00
2024-08-28,11:00:00 am,0,103.353,22.425,2024-08-28 11:00:00
2024-08-28,11:15:00 am,0,103.34,22.508,2024-08-28 11:15:00
2024-08-28,11:30:00 am,0,103.324,22.598,2024-08-28 11:30:00
2024-08-28,11:45:00 am,0,103.307,22.689,2024-08-28 11:45:00
2024-08-28,12:00:00 pm,0,103.293,22.775,2024-08-28 12:00:00
2024-08-28,12:15:00 pm,0,103.282,22.855,2024-08-28 12:15:00
2024-08-28,12:30:00 pm,0,103.272,22.941,2024-08-28 12:30:00
2024-08-28,12:45:00 pm,0,103.257,23.048,2024-08-28 12:45:00
2024-08-28,01:00:00 pm,0,103.243,23.155,2024-08-28 01:00:00
2024-08-28,01:15:00 pm,0,103.222,23.239,2024-08-28 01:15:00
2024-08-28,01:30:00 pm,0,103.205,23.289,2024-08-28 01:30:00
2024-08-28,01:45:00 pm,0,103.202,23.361,2024-08-28 01:45:00
2024-08-28,02:00:00 pm,0,103.163,23.43,2024-08-28 02:00:00
2024-08-28,02:15:00 pm,0,103.124,23.506,2024-08-28 02:15:00
2024-08-28,02:30:00 pm,0,103.092,23.614,2024-08-28 02:30:00
2024-08-28,02:45:00 pm,0,103.058,23.727,2024-08-28 02:45:00
2024-08-28,03:00:00 pm,0,103.012,23.845,2024-08-28 03:00:00
2024-08-28,03:15:00 pm,0,103.016,23.958,2024-08-28 03:15:00
2024-08-28,03:30:00 pm,0,103.009,24.059,2024-08-28 03:30:00
2024-08-28,03:45:00 pm,0,102.967,24.138,2024-08-28 03:45:00
2024-08-28,04:00:00 pm,0,102.969,24.222,2024-08-28 04:00:00
2024-08-28,04:15:00 pm,0,102.959,24.301,2024-08-28 04:15:00
2024-08-28,04:30:00 pm,0,102.963,24.386,2024-08-28 04:30:00
2024-08-28,04:45:00 pm,0,102.934,24.457,2024-08-28 04:45:00
2024-08-28,05:00:00 pm,0,102.922,24.518,2024-08-28 05:00:00
2024-08-28,05:15:00 pm,0,102.928,24.566,2024-08-28 05:15:00
2024-08-28,05:30:00 pm,0,102.945,24.606,2024-08-28 05:30:00
2024-08-28,05:45:00 pm,0,102.973,24.639,2024-08-28 05:45:00
2024-08-28,06:00:00 pm,0,102.984,24.671,2024-08-28 06:00:00
2024-08-28,06:15:00 pm,0,102.979,24.705,2024-08-28 06:15:00
2024-08-28,06:30:00 pm,0,103.016,24.737,2024-08-28 06:30:00
2024-08-28,06:45:00 pm,0,103.002,24.76,2024-08-28 06:45:00
2024-08-28,07:00:00 pm,0,103.037,24.784,2024-08-28 07:00:00
2024-08-28,07:15:00 pm,0,103.059,24.809,2024-08-28 07:15:00
2024-08-28,07:30:00 pm,0,103.077,24.83,2024-08-28 07:30:00
2024-08-28,07:45:00 pm,0,103.072,24.852,2024-08-28 07:45:00
2024-08-28,08:00:00 pm,0,103.055,24.869,2024-08-28 08:00:00
2024-08-28,08:15:00 pm,0,103.041,24.881,2024-08-28 08:15:00
2024-08-28,08:30:00 pm,0,103.053,24.883,2024-08-28 08:30:00
2024-08-28,08:45:00 pm,0,103.087,24.881,2024-08-28 08:45:00
2024-08-28,09:00:00 pm,0,103.117,24.874,2024-08-28 09:00:00
2024-08-28,09:15:00 pm,0,103.135,24.868,2024-08-28 09:15:00
2024-08-28,09:30:00 pm,0,103.142,24.858,2024-08-28 09:30:00
2024-08-28,09:45:00 pm,0,103.172,24.845,2024-08-28 09:45:00
2024-08-28,10:00:00 pm,0,103.188,24.831,2024-08-28 10:00:00
2024-08-28,10:15:00 pm,0,103.173,24.81,2024-08-28 10:15:00
2024-08-28,10:30:00 pm,0,103.139,24.787,2024-08-28 10:30:00
2024-08-28,10:45:00 pm,0,103.167,24.761,2024-08-28 10:45:00
2024-08-28,11:00:00 pm,0,103.166,24.734,2024-08-28 11:00:00
2024-08-28,11:15:00 pm,0,103.186,24.703,2024-08-28 11:15:00
2024-08-28,11:30:00 pm,0,103.21,24.671,2024-08-28 11:30:00
2024-08-28,11:45:00 pm,0,103.191,24.637,2024-08-28 11:45:00
2024-08-29,12:00:00 am,0,103.189,24.604,2024-08-29 12:00:00
2024-08-29,12:15:00 am,0,103.183,24.57,2024-08-29 12:15:00
2024-08-29,12:30:00 am,0,103.171,24.535,2024-08-29 12:30:00
2024-08-29,12:45:00 am,0,103.175,24.493,2024-08-29 12:45:00
2024-08-29,01:00:00 am,0,103.151,24.449,2024-08-29 01:00:00
2024-08-29,01:15:00 am,0,103.177,24.408,2024-08-29 01:15:00
2024-08-29,01:30:00 am,0,103.163,24.36,2024-08-29 01:30:00
2024-08-29,01:45:00 am,0,103.149,24.318,2024-08-29 01:45:00
2024-08-29,02:00:00 am,0,103.145,24.273,2024-08-29 02:00:00
2024-08-29,02:15:00 am,0,103.156,24.225,2024-08-29 02:15:00
2024-08-29,02:30:00 am,0,103.151,24.177,2024-08-29 02:30:00
2024-08-29,02:45:00 am,0,103.18,24.132,2024-08-29 02:45:00
2024-08-29,03:00:00 am,0,103.182,24.087,2024-08-29 03:00:00
2024-08-29,03:15:00 am,0,103.183,24.046,2024-08-29 03:15:00
2024-08-29,03:30:00 am,0,103.167,24.004,2024-08-29 03:30:00
2024-08-29,03:45:00 am,0,103.172,23.961,2024-08-29 03:45:00
2024-08-29,04:00:00 am,0,103.179,23.92,2024-08-29 04:00:00
2024-08-29,04:15:00 am,0,103.199,23.876,2024-08-29 04:15:00
2024-08-29,04:30:00 am,0,103.202,23.83,2024-08-29 04:30:00
2024-08-29,04:45:00 am,0,103.208,23.785,2024-08-29 04:45:00
2024-08-29,05:00:00 am,0,103.23,23.741,2024-08-29 05:00:00
2024-08-29,05:15:00 am,0,103.223,23.694,2024-08-29 05:15:00
2024-08-29,05:30:00 am,0,103.228,23.651,2024-08-29 05:30:00
2024-08-29,05:45:00 am,0,103.242,23.61,2024-08-29 05:45:00
2024-08-29,06:00:00 am,0,103.243,23.563,2024-08-29 06:00:00
2024-08-29,06:15:00 am,0,103.271,23.517,2024-08-29 06:15:00
2024-08-29,06:30:00 am,0,103.284,23.475,2024-08-29 06:30:00
2024-08-29,06:45:00 am,0,103.314,23.43,2024-08-29 06:45:00
2024-08-29,07:00:00 am,0,103.337,23.389,2024-08-29 07:00:00
2024-08-29,07:15:00 am,0,103.364,23.347,2024-08-29 07:15:00
2024-08-29,07:30:00 am,0,103.358,23.308,2024-08-29 07:30:00
2024-08-29,07:45:00 am,0,103.355,23.279,2024-08-29 07:45:00
2024-08-29,08:00:00 am,0,103.382,23.249,2024-08-29 08:00:00
2024-08-29,08:15:00 am,0,103.386,23.23,2024-08-29 08:15:00
2024-08-29,08:30:00 am,0,103.398,23.213,2024-08-29 08:30:00
2024-08-29,08:45:00 am,0,103.41,23.204,2024-08-29 08:45:00
2024-08-29,09:00:00 am,0,103.415,23.201,2024-08-29 09:00:00
2024-08-29,09:15:00 am,0,103.412,23.199,2024-08-29 09:15:00
2024-08-29,09:30:00 am,0,103.421,23.206,2024-08-29 09:30:00
2024-08-29,09:45:00 am,0,103.417,23.222,2024-08-29 09:45:00
2024-08-29,10:00:00 am,0,103.431,23.238,2024-08-29 10:00:00
2024-08-29,10:15:00 am,0,103.428,23.265,2024-08-29 10:15:00
2024-08-29,10:30:00 am,0,103.428,23.299,2024-08-29 10:30:00
2024-08-29,10:45:00 am,0,103.417,23.338,2024-08-29 10:45:00
2024-08-29,11:00:00 am,0,103.421,23.391,2024-08-29 11:00:00
2024-08-29,11:15:00 am,0,103.413,23.454,2024-08-29 11:15:00
2024-08-29,11:30:00 am,0,103.405,23.521,2024-08-29 11:30:00
2024-08-29,11:45:00 am,0,103.382,23.584,2024-08-29 11:45:00
2024-08-29,12:00:00 pm,0,103.37,23.653,2024-08-29 12:00:00
2024-08-29,12:15:00 pm,0,103.343,23.737,2024-08-29 12:15:00
2024-08-29,12:30:00 pm,0,103.315,23.814,2024-08-29 12:30:00
2024-08-29,12:45:00 pm,0,103.301,23.903,2024-08-29 12:45:00
2024-08-29,01:00:00 pm,0,103.284,24.008,2024-08-29 01:00:00
2024-08-29,01:15:00 pm,0,103.257,24.109,2024-08-29 01:15:00
2024-08-29,01:30:00 pm,0,103.216,24.195,2024-08-29 01:30:00
2024-08-29,01:45:00 pm,0,103.206,24.3,2024-08-29 01:45:00
2024-08-29,02:00:00 pm,0,103.174,24.423,2024-08-29 02:00:00
2024-08-29,02:15:00 pm,0,103.145,24.543,2024-08-29 02:15:00
2024-08-29,02:30:00 pm,0,103.123,24.655,2024-08-29 02:30:00
2024-08-29,02:45:00 pm,0,103.071,24.75,2024-08-29 02:45:00
2024-08-29,03:00:00 pm,0,103.068,24.828,2024-08-29 03:00:00
2024-08-29,03:15:00 pm,0,103.069,24.88,2024-08-29 03:15:00
2024-08-29,03:30:00 pm,0,103.046,24.939,2024-08-29 03:30:00
2024-08-29,03:45:00 pm,0,103.021,25.008,2024-08-29 03:45:00
2024-08-29,04:00:00 pm,0,103.006,25.081,2024-08-29 04:00:00
2024-08-29,04:15:00 pm,0,103.017,25.148,2024-08-29 04:15:00
2024-08-29,04:30:00 pm,0,103.023,25.204,2024-08-29 04:30:00
2024-08-29,04:45:00 pm,0,103.029,25.244,2024-08-29 04:45:00
2024-08-29,05:00:00 pm,0,103.024,25.276,2024-08-29 05:00:00
2024-08-29,05:15:00 pm,0,103.036,25.309,2024-08-29 05:15:00
2024-08-29,05:30:00 pm,0,103.021,25.343,2024-08-29 05:30:00
2024-08-29,05:45:00 pm,0,103.017,25.383,2024-08-29 05:45:00
2024-08-29,06:00:00 pm,0,103.021,25.427,2024-08-29 06:00:00
2024-08-29,06:15:00 pm,0,103.014,25.467,2024-08-29 06:15:00
2024-08-29,06:30:00 pm,0,103.026,25.506,2024-08-29 06:30:00
2024-08-29,06:45:00 pm,0,103.037,25.543,2024-08-29 06:45:00
2024-08-29,07:00:00 pm,0,103.033,25.581,2024-08-29 07:00:00
2024-08-29,07:15:00 pm,0,103.045,25.611,2024-08-29 07:15:00
2024-08-29,07:30:00 pm,0,103.067,25.642,2024-08-29 07:30:00
2024-08-29,07:45:00 pm,0,103.091,25.67,2024-08-29 07:45:00
2024-08-29,08:00:00 pm,0,103.083,25.691,2024-08-29 08:00:00
2024-08-29,08:15:00 pm,0,103.078,25.71,2024-08-29 08:15:00
2024-08-29,08:30:00 pm,0,103.084,25.722,2024-08-29 08:30:00
2024-08-29,08:45:00 pm,0,103.093,25.729,2024-08-29 08:45:00
2024-08-29,09:00:00 pm,0,103.128,25.734,2024-08-29 09:00:00
2024-08-29,09:15:00 pm,0,103.244,25.741,2024-08-29 09:15:00
2024-08-29,09:30:00 pm,0,103.232,25.736,2024-08-29 09:30:00
2024-08-29,09:45:00 pm,0,103.253,25.721,2024-08-29 09:45:00
2024-08-29,10:00:00 pm,0,103.185,25.7,2024-08-29 10:00:00
2024-08-29,10:15:00 pm,0,103.222,25.673,2024-08-29 10:15:00
2024-08-29,10:30:00 pm,0,103.235,25.641,2024-08-29 10:30:00
2024-08-29,10:45:00 pm,0,103.248,25.605,2024-08-29 10:45:00
2024-08-29,11:00:00 pm,0,103.21,25.564,2024-08-29 11:00:00
2024-08-29,11:15:00 pm,0,103.168,25.523,2024-08-29 11:15:00
2024-08-29,11:30:00 pm,0,103.14,25.494,2024-08-29 11:30:00
2024-08-29,11:45:00 pm,0,103.125,25.462,2024-08-29 11:45:00
2024-08-30,12:00:00 am,0,103.17,25.418,2024-08-30 12:00:00
2024-08-30,12:15:00 am,0,103.194,25.37,2024-08-30 12:15:00
2024-08-30,12:30:00 am,0,103.147,25.315,2024-08-30 12:30:00
2024-08-30,12:45:00 am,0,103.152,25.254,2024-08-30 12:45:00
2024-08-30,01:00:00 am,0,103.162,25.19,2024-08-30 01:00:00
2024-08-30,01:15:00 am,0,103.167,25.121,2024-08-30 01:15:00
2024-08-30,01:30:00 am,0,103.167,25.05,2024-08-30 01:30:00
2024-08-30,01:45:00 am,0,103.172,24.975,2024-08-30 01:45:00
2024-08-30,02:00:00 am,0,103.177,24.903,2024-08-30 02:00:00
2024-08-30,02:15:00 am,0,103.156,24.829,2024-08-30 02:15:00
2024-08-30,02:30:00 am,0,103.148,24.757,2024-08-30 02:30:00
2024-08-30,02:45:00 am,0,103.164,24.684,2024-08-30 02:45:00
2024-08-30,03:00:00 am,0,103.177,24.612,2024-08-30 03:00:00
2024-08-30,03:15:00 am,0,103.175,24.543,2024-08-30 03:15:00
2024-08-30,03:30:00 am,0,103.175,24.472,2024-08-30 03:30:00
2024-08-30,03:45:00 am,0,103.185,24.404,2024-08-30 03:45:00
2024-08-30,04:00:00 am,0,103.181,24.332,2024-08-30 04:00:00
2024-08-30,04:15:00 am,0,103.166,24.267,2024-08-30 04:15:00
2024-08-30,04:30:00 am,0,103.179,24.205,2024-08-30 04:30:00
2024-08-30,04:45:00 am,0,103.186,24.141,2024-08-30 04:45:00
2024-08-30,05:00:00 am,0,103.184,24.078,2024-08-30 05:00:00
2024-08-30,05:15:00 am,0,103.175,24.02,2024-08-30 05:15:00
2024-08-30,05:30:00 am,0,103.176,23.96,2024-08-30 05:30:00
2024-08-30,05:45:00 am,0,103.192,23.9,2024-08-30 05:45:00
2024-08-30,06:00:00 am,0,103.233,23.844,2024-08-30 06:00:00
2024-08-30,06:15:00 am,0,103.262,23.783,2024-08-30 06:15:00
2024-08-30,06:30:00 am,0,103.286,23.72,2024-08-30 06:30:00
2024-08-30,06:45:00 am,0,103.292,23.668,2024-08-30 06:45:00
2024-08-30,07:00:00 am,0,103.298,23.61,2024-08-30 07:00:00
2024-08-30,07:15:00 am,0,103.3,23.556,2024-08-30 07:15:00
2024-08-30,07:30:00 am,0,103.335,23.506,2024-08-30 07:30:00
2024-08-30,07:45:00 am,0,103.341,23.462,2024-08-30 07:45:00
2024-08-30,08:00:00 am,0,103.355,23.422,2024-08-30 08:00:00
2024-08-30,08:15:00 am,0,103.366,23.39,2024-08-30 08:15:00
2024-08-30,08:30:00 am,0,103.368,23.363,2024-08-30 08:30:00
2024-08-30,08:45:00 am,0,103.373,23.348,2024-08-30 08:45:00
2024-08-30,09:00:00 am,0,103.395,23.339,2024-08-30 09:00:00
2024-08-30,09:15:00 am,0,103.385,23.335,2024-08-30 09:15:00
2024-08-30,09:30:00 am,0,103.396,23.346,2024-08-30 09:30:00
2024-08-30,09:45:00 am,0,103.402,23.359,2024-08-30 09:45:00
2024-08-30,10:00:00 am,0,103.393,23.38,2024-08-30 10:00:00
2024-08-30,10:15:00 am,0,103.396,23.409,2024-08-30 10:15:00
2024-08-30,10:30:00 am,0,103.394,23.442,2024-08-30 10:30:00
2024-08-30,10:45:00 am,0,103.396,23.484,2024-08-30 10:45:00
2024-08-30,11:00:00 am,0,103.388,23.53,2024-08-30 11:00:00
2024-08-30,11:15:00 am,0,103.365,23.589,2024-08-30 11:15:00
2024-08-30,11:30:00 am,0,103.379,23.663,2024-08-30 11:30:00
2024-08-30,11:45:00 am,0,103.357,23.708,2024-08-30 11:45:00
2024-08-30,12:00:00 pm,0,103.347,23.767,2024-08-30 12:00:00
2024-08-30,12:15:00 pm,0,103.338,23.847,2024-08-30 12:15:00
2024-08-30,12:30:00 pm,0,103.314,23.922,2024-08-30 12:30:00
2024-08-30,12:45:00 pm,0,103.291,23.998,2024-08-30 12:45:00
2024-08-30,01:00:00 pm,0,103.287,24.087,2024-08-30 01:00:00
2024-08-30,01:15:00 pm,0,103.278,24.181,2024-08-30 01:15:00
2024-08-30,01:30:00 pm,0,103.262,24.252,2024-08-30 01:30:00
2024-08-30,01:45:00 pm,0,103.235,24.307,2024-08-30 01:45:00
2024-08-30,02:00:00 pm,0,103.216,24.402,2024-08-30 02:00:00
2024-08-30,02:15:00 pm,0,103.173,24.497,2024-08-30 02:15:00
2024-08-30,02:30:00 pm,0,103.156,24.582,2024-08-30 02:30:00
2024-08-30,02:45:00 pm,0,103.122,24.651,2024-08-30 02:45:00
2024-08-30,03:00:00 pm,0,103.091,24.719,2024-08-30 03:00:00
2024-08-30,03:15:00 pm,0,103.061,24.777,2024-08-30 03:15:00
2024-08-30,03:30:00 pm,0,103.051,24.826,2024-08-30 03:30:00
2024-08-30,03:45:00 pm,0,103.042,24.858,2024-08-30 03:45:00
2024-08-30,04:00:00 pm,0,103.021,24.88,2024-08-30 04:00:00
2024-08-30,04:15:00 pm,0,103.011,24.912,2024-08-30 04:15:00
2024-08-30,04:30:00 pm,0,102.987,24.955,2024-08-30 04:30:00
2024-08-30,04:45:00 pm,0,102.961,25.016,2024-08-30 04:45:00
2024-08-30,05:00:00 pm,0,102.948,25.072,2024-08-30 05:00:00
2024-08-30,05:15:00 pm,0,102.953,25.125,2024-08-30 05:15:00
2024-08-30,05:30:00 pm,0,102.952,25.165,2024-08-30 05:30:00
2024-08-30,05:45:00 pm,0,102.966,25.196,2024-08-30 05:45:00
2024-08-30,06:00:00 pm,0,102.975,25.223,2024-08-30 06:00:00
2024-08-30,06:15:00 pm,0,102.985,25.252,2024-08-30 06:15:00
2024-08-30,06:30:00 pm,0,103,25.279,2024-08-30 06:30:00
2024-08-30,06:45:00 pm,0,103.008,25.308,2024-08-30 06:45:00
2024-08-30,07:00:00 pm,0,103.011,25.335,2024-08-30 07:00:00
2024-08-30,07:15:00 pm,0,103.027,25.359,2024-08-30 07:15:00
2024-08-30,07:30:00 pm,0,103.034,25.378,2024-08-30 07:30:00
2024-08-30,07:45:00 pm,0,103.03,25.391,2024-08-30 07:45:00
2024-08-30,08:00:00 pm,0,103.042,25.4,2024-08-30 08:00:00
2024-08-30,08:15:00 pm,0,103.059,25.408,2024-08-30 08:15:00
2024-08-30,08:30:00 pm,0,103.088,25.414,2024-08-30 08:30:00
2024-08-30,08:45:00 pm,0,103.116,25.411,2024-08-30 08:45:00
2024-08-30,09:00:00 pm,0,103.119,25.409,2024-08-30 09:00:00
2024-08-30,09:15:00 pm,0,103.132,25.401,2024-08-30 09:15:00
2024-08-30,09:30:00 pm,0,103.146,25.393,2024-08-30 09:30:00
2024-08-30,09:45:00 pm,0,103.143,25.381,2024-08-30 09:45:00
2024-08-30,10:00:00 pm,0,103.152,25.367,2024-08-30 10:00:00
2024-08-30,10:15:00 pm,0,103.154,25.349,2024-08-30 10:15:00
2024-08-30,10:30:00 pm,0,103.135,25.324,2024-08-30 10:30:00
2024-08-30,10:45:00 pm,0,103.134,25.301,2024-08-30 10:45:00
2024-08-30,11:00:00 pm,0,103.141,25.274,2024-08-30 11:00:00
2024-08-30,11:15:00 pm,0,103.138,25.246,2024-08-30 11:15:00
2024-08-30,11:30:00 pm,0,103.144,25.22,2024-08-30 11:30:00
2024-08-30,11:45:00 pm,0,103.138,25.19,2024-08-30 11:45:00
2024-08-31,12:00:00 am,0,103.14,25.157,2024-08-31 12:00:00
2024-08-31,12:15:00 am,0,103.133,25.122,2024-08-31 12:15:00
2024-08-31,12:30:00 am,0,103.129,25.086,2024-08-31 12:30:00
2024-08-31,12:45:00 am,0,103.141,25.049,2024-08-31 12:45:00
2024-08-31,01:00:00 am,0,103.125,25.011,2024-08-31 01:00:00
2024-08-31,01:15:00 am,0,103.118,24.97,2024-08-31 01:15:00
2024-08-31,01:30:00 am,0,103.103,24.927,2024-08-31 01:30:00
2024-08-31,01:45:00 am,0,103.101,24.88,2024-08-31 01:45:00
2024-08-31,02:00:00 am,0,103.098,24.832,2024-08-31 02:00:00
2024-08-31,02:15:00 am,0,103.108,24.782,2024-08-31 02:15:00
2024-08-31,02:30:00 am,0,103.105,24.729,2024-08-31 02:30:00
2024-08-31,02:45:00 am,0,103.096,24.678,2024-08-31 02:45:00
2024-08-31,03:00:00 am,0,103.102,24.62,2024-08-31 03:00:00
2024-08-31,03:15:00 am,0,103.118,24.564,2024-08-31 03:15:00
2024-08-31,03:30:00 am,0,103.109,24.507,2024-08-31 03:30:00
2024-08-31,03:45:00 am,0,103.096,24.454,2024-08-31 03:45:00
2024-08-31,04:00:00 am,0,103.094,24.399,2024-08-31 04:00:00
2024-08-31,04:15:00 am,0,103.088,24.342,2024-08-31 04:15:00
2024-08-31,04:30:00 am,0,103.094,24.287,2024-08-31 04:30:00
2024-08-31,04:45:00 am,0,103.083,24.232,2024-08-31 04:45:00
2024-08-31,05:00:00 am,0,103.061,24.177,2024-08-31 05:00:00
2024-08-31,05:15:00 am,0,103.067,24.12,2024-08-31 05:15:00
2024-08-31,05:30:00 am,0,103.068,24.066,2024-08-31 05:30:00
2024-08-31,05:45:00 am,0,103.072,24.009,2024-08-31 05:45:00
2024-08-31,06:00:00 am,0,103.076,23.953,2024-08-31 06:00:00
2024-08-31,06:15:00 am,0,103.083,23.897,2024-08-31 06:15:00
2024-08-31,06:30:00 am,0,103.085,23.841,2024-08-31 06:30:00
2024-08-31,06:45:00 am,0,103.094,23.787,2024-08-31 06:45:00
2024-08-31,07:00:00 am,0,103.111,23.732,2024-08-31 07:00:00
2024-08-31,07:15:00 am,0,103.125,23.684,2024-08-31 07:15:00
2024-08-31,07:30:00 am,0,103.146,23.635,2024-08-31 07:30:00
2024-08-31,07:45:00 am,0,103.174,23.597,2024-08-31 07:45:00
2024-08-31,08:00:00 am,0,103.19,23.556,2024-08-31 08:00:00
2024-08-31,08:15:00 am,0,103.196,23.523,2024-08-31 08:15:00
2024-08-31,08:30:00 am,0,103.21,23.494,2024-08-31 08:30:00
2024-08-31,08:45:00 am,0,103.212,23.478,2024-08-31 08:45:00
2024-08-31,09:00:00 am,0,103.212,23.466,2024-08-31 09:00:00
2024-08-31,09:15:00 am,0,103.226,23.464,2024-08-31 09:15:00
2024-08-31,09:30:00 am,0,103.227,23.471,2024-08-31 09:30:00
2024-08-31,09:45:00 am,0,103.231,23.482,2024-08-31 09:45:00
2024-08-31,10:00:00 am,0,103.24,23.501,2024-08-31 10:00:00
2024-08-31,10:15:00 am,0,103.248,23.523,2024-08-31 10:15:00
2024-08-31,10:30:00 am,0,103.258,23.552,2024-08-31 10:30:00
2024-08-31,10:45:00 am,0,103.252,23.578,2024-08-31 10:45:00
2024-08-31,11:00:00 am,0,103.257,23.602,2024-08-31 11:00:00
2024-08-31,11:15:00 am,0,103.25,23.633,2024-08-31 11:15:00
2024-08-31,11:30:00 am,0,103.242,23.668,2024-08-31 11:30:00
2024-08-31,11:45:00 am,0,103.221,23.702,2024-08-31 11:45:00
2024-08-31,12:00:00 pm,0,103.211,23.735,2024-08-31 12:00:00
2024-08-31,12:15:00 pm,0,103.185,23.77,2024-08-31 12:15:00
2024-08-31,12:30:00 pm,0,103.138,23.809,2024-08-31 12:30:00
2024-08-31,12:45:00 pm,0,103.107,23.849,2024-08-31 12:45:00
2024-08-31,01:00:00 pm,0,103.091,23.889,2024-08-31 01:00:00
2024-08-31,01:15:00 pm,0,103.085,23.934,2024-08-31 01:15:00
2024-08-31,01:30:00 pm,0,103.092,23.975,2024-08-31 01:30:00
2024-08-31,01:45:00 pm,0,103.118,24.007,2024-08-31 01:45:00
2024-08-31,02:00:00 pm,0,103.091,24.034,2024-08-31 02:00:00
2024-08-31,02:15:00 pm,0,103.093,24.053,2024-08-31 02:15:00
2024-08-31,02:30:00 pm,0,103.05,24.056,2024-08-31 02:30:00
2024-08-31,02:45:00 pm,0,103.066,24.051,2024-08-31 02:45:00
2024-08-31,03:00:00 pm,0,103.094,24.043,2024-08-31 03:00:00
2024-08-31,03:15:00 pm,0,103.125,24.034,2024-08-31 03:15:00
2024-08-31,03:30:00 pm,0,103.12,24.024,2024-08-31 03:30:00
2024-08-31,03:45:00 pm,0,103.117,24.02,2024-08-31 03:45:00
2024-08-31,04:00:00 pm,0,103.109,24.016,2024-08-31 04:00:00
2024-08-31,04:15:00 pm,0,103.078,24.012,2024-08-31 04:15:00
2024-08-31,04:30:00 pm,0,103.046,24.01,2024-08-31 04:30:00
2024-08-31,04:45:00 pm,0,103.04,24.015,2024-08-31 04:45:00
2024-08-31,05:00:00 pm,0,103.03,24.022,2024-08-31 05:00:00
2024-08-31,05:15:00 pm,0,103.043,24.032,2024-08-31 05:15:00
2024-08-31,05:30:00 pm,0,103.024,24.042,2024-08-31 05:30:00
2024-08-31,05:45:00 pm,0,103.029,24.052,2024-08-31 05:45:00
2024-08-31,06:00:00 pm,0,103.032,24.062,2024-08-31 06:00:00
2024-08-31,06:15:00 pm,0,103.008,24.071,2024-08-31 06:15:00
2024-08-31,06:30:00 pm,0,103.003,24.076,2024-08-31 06:30:00
2024-08-31,06:45:00 pm,0,102.992,24.085,2024-08-31 06:45:00
2024-08-31,07:00:00 pm,0,103.003,24.088,2024-08-31 07:00:00
2024-08-31,07:15:00 pm,0,103.019,24.093,2024-08-31 07:15:00
2024-08-31,07:30:00 pm,0,103.009,24.092,2024-08-31 07:30:00
2024-08-31,07:45:00 pm,0,103.022,24.09,2024-08-31 07:45:00
2024-08-31,08:00:00 pm,0,103.028,24.087,2024-08-31 08:00:00
2024-08-31,08:15:00 pm,0,103.054,24.082,2024-08-31 08:15:00
2024-08-31,08:30:00 pm,0,103.072,24.073,2024-08-31 08:30:00
2024-08-31,08:45:00 pm,0,103.089,24.062,2024-08-31 08:45:00
2024-08-31,09:00:00 pm,0,103.076,24.049,2024-08-31 09:00:00
2024-08-31,09:15:00 pm,0,103.081,24.036,2024-08-31 09:15:00
2024-08-31,09:30:00 pm,0,103.094,24.017,2024-08-31 09:30:00
2024-08-31,09:45:00 pm,0,103.115,23.995,2024-08-31 09:45:00
2024-08-31,10:00:00 pm,0,103.105,23.971,2024-08-31 10:00:00
2024-08-31,10:15:00 pm,0,103.119,23.949,2024-08-31 10:15:00
2024-08-31,10:30:00 pm,0,103.133,23.924,2024-08-31 10:30:00
2024-08-31,10:45:00 pm,0,103.141,23.893,2024-08-31 10:45:00
2024-08-31,11:00:00 pm,0,103.155,23.866,2024-08-31 11:00:00
2024-08-31,11:15:00 pm,0,103.137,23.836,2024-08-31 11:15:00
2024-08-31,11:30:00 pm,0,103.133,23.806,2024-08-31 11:30:00
2024-08-31,11:45:00 pm,0,103.127,23.775,2024-08-31 11:45:00
2024-09-01,12:00:00 am,0,103.112,23.743,2024-09-01 12:00:00
2024-09-01,12:15:00 am,0,103.094,23.711,2024-09-01 12:15:00
2024-09-01,12:30:00 am,0,103.084,23.679,2024-09-01 12:30:00
2024-09-01,12:45:00 am,0,103.059,23.647,2024-09-01 12:45:00
2024-09-01,01:00:00 am,0,103.049,23.613,2024-09-01 01:00:00
2024-09-01,01:15:00 am,0,103.032,23.58,2024-09-01 01:15:00
2024-09-01,01:30:00 am,0,103.027,23.542,2024-09-01 01:30:00
2024-09-01,01:45:00 am,0,103.024,23.506,2024-09-01 01:45:00
2024-09-01,02:00:00 am,0,103.026,23.47,2024-09-01 02:00:00
2024-09-01,02:15:00 am,0,103.025,23.434,2024-09-01 02:15:00
2024-09-01,02:30:00 am,0,103.029,23.397,2024-09-01 02:30:00
2024-09-01,02:45:00 am,0,103.03,23.358,2024-09-01 02:45:00
2024-09-01,03:00:00 am,0,103.036,23.32,2024-09-01 03:00:00
2024-09-01,03:15:00 am,0,103.031,23.284,2024-09-01 03:15:00
2024-09-01,03:30:00 am,0,103.029,23.245,2024-09-01 03:30:00
2024-09-01,03:45:00 am,0,103.037,23.206,2024-09-01 03:45:00
2024-09-01,04:00:00 am,0,103.037,23.167,2024-09-01 04:00:00
2024-09-01,04:15:00 am,0,103.043,23.128,2024-09-01 04:15:00
2024-09-01,04:30:00 am,0,103.051,23.088,2024-09-01 04:30:00
2024-09-01,04:45:00 am,0,103.047,23.046,2024-09-01 04:45:00
2024-09-01,05:00:00 am,0,103.057,23.007,2024-09-01 05:00:00
2024-09-01,05:15:00 am,0,103.063,22.969,2024-09-01 05:15:00
2024-09-01,05:30:00 am,0,103.068,22.93,2024-09-01 05:30:00
2024-09-01,05:45:00 am,0,103.084,22.892,2024-09-01 05:45:00
2024-09-01,06:00:00 am,0,103.095,22.853,2024-09-01 06:00:00
2024-09-01,06:15:00 am,0,103.084,22.815,2024-09-01 06:15:00
2024-09-01,06:30:00 am,0,103.078,22.779,2024-09-01 06:30:00
2024-09-01,06:45:00 am,0,103.09,22.744,2024-09-01 06:45:00
2024-09-01,07:00:00 am,0,103.1,22.708,2024-09-01 07:00:00
2024-09-01,07:15:00 am,0,103.101,22.672,2024-09-01 07:15:00
2024-09-01,07:30:00 am,0,103.097,22.639,2024-09-01 07:30:00
2024-09-01,07:45:00 am,0,103.115,22.61,2024-09-01 07:45:00
2024-09-01,08:00:00 am,0,103.117,22.587,2024-09-01 08:00:00
2024-09-01,08:15:00 am,0,103.135,22.564,2024-09-01 08:15:00
2024-09-01,08:30:00 am,0,103.131,22.547,2024-09-01 08:30:00
2024-09-01,08:45:00 am,0,103.135,22.541,2024-09-01 08:45:00
2024-09-01,09:00:00 am,0,103.15,22.533,2024-09-01 09:00:00
2024-09-01,09:15:00 am,0,103.157,22.53,2024-09-01 09:15:00
2024-09-01,09:30:00 am,0,103.167,22.536,2024-09-01 09:30:00
2024-09-01,09:45:00 am,0,103.17,22.543,2024-09-01 09:45:00
2024-09-01,10:00:00 am,0,103.169,22.553,2024-09-01 10:00:00
2024-09-01,10:15:00 am,0,103.178,22.577,2024-09-01 10:15:00
2024-09-01,10:30:00 am,0,103.17,22.607,2024-09-01 10:30:00
2024-09-01,10:45:00 am,0,103.167,22.646,2024-09-01 10:45:00
2024-09-01,11:00:00 am,0,103.155,22.69,2024-09-01 11:00:00
2024-09-01,11:15:00 am,0,103.145,22.736,2024-09-01 11:15:00
2024-09-01,11:30:00 am,0,103.114,22.79,2024-09-01 11:30:00
2024-09-01,11:45:00 am,0,103.106,22.851,2024-09-01 11:45:00
2024-09-01,12:00:00 pm,0,103.098,22.903,2024-09-01 12:00:00
2024-09-01,12:15:00 pm,0,103.09,22.959,2024-09-01 12:15:00
2024-09-01,12:30:00 pm,0,103.064,23.024,2024-09-01 12:30:00
2024-09-01,12:45:00 pm,0,103.035,23.098,2024-09-01 12:45:00
2024-09-01,01:00:00 pm,0,103.017,23.195,2024-09-01 01:00:00
2024-09-01,01:15:00 pm,0,103.005,23.298,2024-09-01 01:15:00
2024-09-01,01:30:00 pm,0,102.998,23.397,2024-09-01 01:30:00
2024-09-01,01:45:00 pm,0,102.976,23.491,2024-09-01 01:45:00
2024-09-01,02:00:00 pm,0,102.952,23.577,2024-09-01 02:00:00
2024-09-01,02:15:00 pm,0,102.936,23.663,2024-09-01 02:15:00
2024-09-01,02:30:00 pm,0,102.912,23.747,2024-09-01 02:30:00
2024-09-01,02:45:00 pm,0,102.884,23.83,2024-09-01 02:45:00
2024-09-01,03:00:00 pm,0,102.862,23.91,2024-09-01 03:00:00
2024-09-01,03:15:00 pm,0,102.842,23.995,2024-09-01 03:15:00
2024-09-01,03:30:00 pm,0,102.81,24.084,2024-09-01 03:30:00
2024-09-01,03:45:00 pm,0,102.795,24.174,2024-09-01 03:45:00
2024-09-01,04:00:00 pm,0,102.772,24.258,2024-09-01 04:00:00
2024-09-01,04:15:00 pm,0,102.769,24.335,2024-09-01 04:15:00
2024-09-01,04:30:00 pm,0,102.763,24.409,2024-09-01 04:30:00
2024-09-01,04:45:00 pm,0,102.76,24.479,2024-09-01 04:45:00
2024-09-01,05:00:00 pm,0,102.76,24.548,2024-09-01 05:00:00
2024-09-01,05:15:00 pm,0,102.747,24.611,2024-09-01 05:15:00
2024-09-01,05:30:00 pm,0,102.744,24.668,2024-09-01 05:30:00
2024-09-01,05:45:00 pm,0,102.742,24.717,2024-09-01 05:45:00
2024-09-01,06:00:00 pm,0,102.744,24.763,2024-09-01 06:00:00
2024-09-01,06:15:00 pm,0,102.755,24.805,2024-09-01 06:15:00
2024-09-01,06:30:00 pm,0,102.753,24.848,2024-09-01 06:30:00
2024-09-01,06:45:00 pm,0,102.758,24.883,2024-09-01 06:45:00
2024-09-01,07:00:00 pm,0,102.746,24.916,2024-09-01 07:00:00
2024-09-01,07:15:00 pm,0,102.757,24.941,2024-09-01 07:15:00
2024-09-01,07:30:00 pm,0,102.759,24.963,2024-09-01 07:30:00
2024-09-01,07:45:00 pm,0,102.791,24.975,2024-09-01 07:45:00
2024-09-01,08:00:00 pm,0,102.821,24.982,2024-09-01 08:00:00
2024-09-01,08:15:00 pm,0,102.835,24.986,2024-09-01 08:15:00
2024-09-01,08:30:00 pm,0,102.845,24.985,2024-09-01 08:30:00
2024-09-01,08:45:00 pm,0,102.838,24.984,2024-09-01 08:45:00
2024-09-01,09:00:00 pm,0,102.844,24.977,2024-09-01 09:00:00
2024-09-01,09:15:00 pm,0,102.854,24.969,2024-09-01 09:15:00
2024-09-01,09:30:00 pm,0,102.854,24.959,2024-09-01 09:30:00
2024-09-01,09:45:00 pm,0,102.843,24.939,2024-09-01 09:45:00
2024-09-01,10:00:00 pm,0,102.851,24.919,2024-09-01 10:00:00
2024-09-01,10:15:00 pm,0,102.846,24.894,2024-09-01 10:15:00
2024-09-01,10:30:00 pm,0,102.855,24.86,2024-09-01 10:30:00
2024-09-01,10:45:00 pm,0,102.863,24.824,2024-09-01 10:45:00
2024-09-01,11:00:00 pm,0,102.833,24.781,2024-09-01 11:00:00
2024-09-01,11:15:00 pm,0,102.832,24.736,2024-09-01 11:15:00
2024-09-01,11:30:00 pm,0,102.836,24.691,2024-09-01 11:30:00
2024-09-01,11:45:00 pm,0,102.824,24.643,2024-09-01 11:45:00
2024-09-02,12:00:00 am,0,102.838,24.594,2024-09-02 12:00:00
2024-09-02,12:15:00 am,0,102.834,24.547,2024-09-02 12:15:00
2024-09-02,12:30:00 am,0,102.81,24.497,2024-09-02 12:30:00
2024-09-02,12:45:00 am,0,102.818,24.442,2024-09-02 12:45:00
2024-09-02,01:00:00 am,0,102.817,24.391,2024-09-02 01:00:00
2024-09-02,01:15:00 am,0,102.824,24.337,2024-09-02 01:15:00
2024-09-02,01:30:00 am,0,102.83,24.283,2024-09-02 01:30:00
2024-09-02,01:45:00 am,0,102.819,24.23,2024-09-02 01:45:00
2024-09-02,02:00:00 am,0,102.824,24.174,2024-09-02 02:00:00
2024-09-02,02:15:00 am,0,102.831,24.115,2024-09-02 02:15:00
2024-09-02,02:30:00 am,0,102.831,24.058,2024-09-02 02:30:00
2024-09-02,02:45:00 am,0,102.827,23.999,2024-09-02 02:45:00
2024-09-02,03:00:00 am,0,102.835,23.94,2024-09-02 03:00:00
2024-09-02,03:15:00 am,0,102.841,23.881,2024-09-02 03:15:00
2024-09-02,03:30:00 am,0,102.836,23.823,2024-09-02 03:30:00
2024-09-02,03:45:00 am,0,102.84,23.763,2024-09-02 03:45:00
2024-09-02,04:00:00 am,0,102.846,23.703,2024-09-02 04:00:00
2024-09-02,04:15:00 am,0,102.848,23.642,2024-09-02 04:15:00
2024-09-02,04:30:00 am,0,102.841,23.577,2024-09-02 04:30:00
2024-09-02,04:45:00 am,0,102.857,23.516,2024-09-02 04:45:00
2024-09-02,05:00:00 am,0,102.86,23.451,2024-09-02 05:00:00
2024-09-02,05:15:00 am,0,102.866,23.388,2024-09-02 05:15:00
2024-09-02,05:30:00 am,0,102.888,23.325,2024-09-02 05:30:00
2024-09-02,05:45:00 am,0,102.894,23.263,2024-09-02 05:45:00
2024-09-02,06:00:00 am,0,102.902,23.202,2024-09-02 06:00:00
2024-09-02,06:15:00 am,0,102.919,23.139,2024-09-02 06:15:00
2024-09-02,06:30:00 am,0,102.928,23.077,2024-09-02 06:30:00
2024-09-02,06:45:00 am,0,102.945,23.014,2024-09-02 06:45:00
2024-09-02,07:00:00 am,0,102.968,22.952,2024-09-02 07:00:00
2024-09-02,07:15:00 am,0,102.991,22.893,2024-09-02 07:15:00
2024-09-02,07:30:00 am,0,102.999,22.842,2024-09-02 07:30:00
2024-09-02,07:45:00 am,0,103.01,22.796,2024-09-02 07:45:00
2024-09-02,08:00:00 am,0,103.027,22.756,2024-09-02 08:00:00
2024-09-02,08:15:00 am,0,103.035,22.724,2024-09-02 08:15:00
2024-09-02,08:30:00 am,0,103.052,22.696,2024-09-02 08:30:00
2024-09-02,08:45:00 am,0,103.051,22.68,2024-09-02 08:45:00
2024-09-02,09:00:00 am,0,103.071,22.667,2024-09-02 09:00:00
2024-09-02,09:15:00 am,0,103.08,22.663,2024-09-02 09:15:00
2024-09-02,09:30:00 am,0,103.091,22.669,2024-09-02 09:30:00
2024-09-02,09:45:00 am,0,103.109,22.682,2024-09-02 09:45:00
2024-09-02,10:00:00 am,0,103.106,22.702,2024-09-02 10:00:00
2024-09-02,10:15:00 am,0,103.106,22.724,2024-09-02 10:15:00
2024-09-02,10:30:00 am,0,103.106,22.753,2024-09-02 10:30:00
2024-09-02,10:45:00 am,0,103.108,22.79,2024-09-02 10:45:00
2024-09-02,11:00:00 am,0,103.093,22.839,2024-09-02 11:00:00
2024-09-02,11:15:00 am,0,103.092,22.893,2024-09-02 11:15:00
2024-09-02,11:30:00 am,0,103.068,22.956,2024-09-02 11:30:00
2024-09-02,11:45:00 am,0,103.071,23.02,2024-09-02 11:45:00
2024-09-02,12:00:00 pm,0,103.07,23.084,2024-09-02 12:00:00
2024-09-02,12:15:00 pm,0,103.059,23.162,2024-09-02 12:15:00
2024-09-02,12:30:00 pm,0,103.04,23.232,2024-09-02 12:30:00
2024-09-02,12:45:00 pm,0,103.033,23.311,2024-09-02 12:45:00
2024-09-02,01:00:00 pm,0,103.012,23.415,2024-09-02 01:00:00
2024-09-02,01:15:00 pm,0,103.002,23.528,2024-09-02 01:15:00
2024-09-02,01:30:00 pm,0,102.99,23.637,2024-09-02 01:30:00
2024-09-02,01:45:00 pm,0,102.975,23.741,2024-09-02 01:45:00
2024-09-02,02:00:00 pm,0,102.949,23.837,2024-09-02 02:00:00
2024-09-02,02:15:00 pm,0,102.928,23.941,2024-09-02 02:15:00
2024-09-02,02:30:00 pm,0,102.913,24.034,2024-09-02 02:30:00
2024-09-02,02:45:00 pm,0,102.886,24.119,2024-09-02 02:45:00
2024-09-02,03:00:00 pm,0,102.863,24.197,2024-09-02 03:00:00
2024-09-02,03:15:00 pm,0,102.838,24.268,2024-09-02 03:15:00
2024-09-02,03:30:00 pm,0,102.82,24.34,2024-09-02 03:30:00
2024-09-02,03:45:00 pm,0,102.807,24.405,2024-09-02 03:45:00
2024-09-02,04:00:00 pm,0,102.8,24.464,2024-09-02 04:00:00
2024-09-02,04:15:00 pm,0,102.793,24.527,2024-09-02 04:15:00
2024-09-02,04:30:00 pm,0,102.772,24.587,2024-09-02 04:30:00
2024-09-02,04:45:00 pm,0,102.769,24.643,2024-09-02 04:45:00
2024-09-02,05:00:00 pm,0,102.755,24.694,2024-09-02 05:00:00
2024-09-02,05:15:00 pm,0,102.742,24.741,2024-09-02 05:15:00
2024-09-02,05:30:00 pm,0,102.729,24.789,2024-09-02 05:30:00
2024-09-02,05:45:00 pm,0,102.726,24.832,2024-09-02 05:45:00
2024-09-02,06:00:00 pm,0,102.733,24.873,2024-09-02 06:00:00
2024-09-02,06:15:00 pm,0,102.736,24.906,2024-09-02 06:15:00
2024-09-02,06:30:00 pm,0,102.747,24.941,2024-09-02 06:30:00
2024-09-02,06:45:00 pm,0,102.756,24.971,2024-09-02 06:45:00
2024-09-02,07:00:00 pm,0,102.766,24.993,2024-09-02 07:00:00
2024-09-02,07:15:00 pm,0,102.772,25.011,2024-09-02 07:15:00
2024-09-02,07:30:00 pm,0,102.77,25.013,2024-09-02 07:30:00
2024-09-02,07:45:00 pm,0,102.778,25.005,2024-09-02 07:45:00
2024-09-02,08:00:00 pm,0,102.784,24.994,2024-09-02 08:00:00
2024-09-02,08:15:00 pm,0,102.809,24.973,2024-09-02 08:15:00
2024-09-02,08:30:00 pm,0,102.822,24.945,2024-09-02 08:30:00
2024-09-02,08:45:00 pm,0,102.842,24.906,2024-09-02 08:45:00
2024-09-02,09:00:00 pm,0,102.851,24.865,2024-09-02 09:00:00
2024-09-02,09:15:00 pm,0,102.872,24.819,2024-09-02 09:15:00
2024-09-02,09:30:00 pm,0,102.883,24.774,2024-09-02 09:30:00
2024-09-02,09:45:00 pm,0,102.888,24.722,2024-09-02 09:45:00
2024-09-02,10:00:00 pm,0,102.9,24.671,2024-09-02 10:00:00
2024-09-02,10:15:00 pm,0,102.898,24.617,2024-09-02 10:15:00
2024-09-02,10:30:00 pm,0,102.899,24.569,2024-09-02 10:30:00
2024-09-02,10:45:00 pm,0,102.909,24.521,2024-09-02 10:45:00
2024-09-02,11:00:00 pm,0,102.901,24.473,2024-09-02 11:00:00
2024-09-02,11:15:00 pm,0,102.892,24.419,2024-09-02 11:15:00
2024-09-02,11:30:00 pm,0,102.891,24.366,2024-09-02 11:30:00
2024-09-02,11:45:00 pm,0,102.901,24.312,2024-09-02 11:45:00
2024-09-03,12:00:00 am,0,102.904,24.255,2024-09-03 12:00:00
2024-09-03,12:15:00 am,0,102.906,24.195,2024-09-03 12:15:00
2024-09-03,12:30:00 am,0,102.906,24.13,2024-09-03 12:30:00
2024-09-03,12:45:00 am,0,102.902,24.062,2024-09-03 12:45:00
2024-09-03,01:00:00 am,0,102.893,23.997,2024-09-03 01:00:00
2024-09-03,01:15:00 am,0,102.907,23.93,2024-09-03 01:15:00
2024-09-03,01:30:00 am,0,102.906,23.863,2024-09-03 01:30:00
2024-09-03,01:45:00 am,0,102.898,23.8,2024-09-03 01:45:00
2024-09-03,02:00:00 am,0,102.896,23.735,2024-09-03 02:00:00
2024-09-03,02:15:00 am,0,102.898,23.671,2024-09-03 02:15:00
2024-09-03,02:30:00 am,0,102.915,23.608,2024-09-03 02:30:00
2024-09-03,02:45:00 am,0,102.916,23.548,2024-09-03 02:45:00
2024-09-03,03:00:00 am,0,102.92,23.481,2024-09-03 03:00:00
2024-09-03,03:15:00 am,0,102.917,23.416,2024-09-03 03:15:00
2024-09-03,03:30:00 am,0,102.932,23.352,2024-09-03 03:30:00
2024-09-03,03:45:00 am,0,102.933,23.29,2024-09-03 03:45:00
2024-09-03,04:00:00 am,0,102.93,23.226,2024-09-03 04:00:00
2024-09-03,04:15:00 am,0,102.92,23.163,2024-09-03 04:15:00
2024-09-03,04:30:00 am,0,102.935,23.102,2024-09-03 04:30:00
2024-09-03,04:45:00 am,0,102.952,23.039,2024-09-03 04:45:00
2024-09-03,05:00:00 am,0,102.953,22.981,2024-09-03 05:00:00
2024-09-03,05:15:00 am,0,102.967,22.918,2024-09-03 05:15:00
2024-09-03,05:30:00 am,0,102.974,22.857,2024-09-03 05:30:00
2024-09-03,05:45:00 am,0,102.99,22.798,2024-09-03 05:45:00
2024-09-03,06:00:00 am,0,103.003,22.741,2024-09-03 06:00:00
2024-09-03,06:15:00 am,0,103.019,22.684,2024-09-03 06:15:00
2024-09-03,06:30:00 am,0,103.038,22.626,2024-09-03 06:30:00
2024-09-03,06:45:00 am,0,103.07,22.571,2024-09-03 06:45:00
2024-09-03,07:00:00 am,0,103.088,22.514,2024-09-03 07:00:00
2024-09-03,07:15:00 am,0,103.101,22.46,2024-09-03 07:15:00
2024-09-03,07:30:00 am,0,103.116,22.414,2024-09-03 07:30:00
2024-09-03,07:45:00 am,0,103.123,22.372,2024-09-03 07:45:00
2024-09-03,08:00:00 am,0,103.137,22.336,2024-09-03 08:00:00
2024-09-03,08:15:00 am,0,103.148,22.308,2024-09-03 08:15:00
2024-09-03,08:30:00 am,0,103.161,22.288,2024-09-03 08:30:00
2024-09-03,08:45:00 am,0,103.174,22.276,2024-09-03 08:45:00
2024-09-03,09:00:00 am,0,103.176,22.274,2024-09-03 09:00:00
2024-09-03,09:15:00 am,0,103.186,22.282,2024-09-03 09:15:00
2024-09-03,09:30:00 am,0,103.197,22.294,2024-09-03 09:30:00
2024-09-03,09:45:00 am,0,103.195,22.316,2024-09-03 09:45:00
2024-09-03,10:00:00 am,0,103.202,22.342,2024-09-03 10:00:00
2024-09-03,10:15:00 am,0,103.209,22.377,2024-09-03 10:15:00
2024-09-03,10:30:00 am,0,103.206,22.418,2024-09-03 10:30:00
2024-09-03,10:45:00 am,0,103.208,22.471,2024-09-03 10:45:00
2024-09-03,11:00:00 am,0,103.207,22.535,2024-09-03 11:00:00
2024-09-03,11:15:00 am,0,103.201,22.609,2024-09-03 11:15:00
2024-09-03,11:30:00 am,0,103.196,22.687,2024-09-03 11:30:00
2024-09-03,11:45:00 am,0,103.182,22.75,2024-09-03 11:45:00
2024-09-03,12:00:00 pm,0,103.175,22.833,2024-09-03 12:00:00
2024-09-03,12:15:00 pm,0,103.159,22.926,2024-09-03 12:15:00
2024-09-03,12:30:00 pm,0,103.151,23.013,2024-09-03 12:30:00
2024-09-03,12:45:00 pm,0,103.143,23.086,2024-09-03 12:45:00
2024-09-03,01:00:00 pm,0,103.127,23.195,2024-09-03 01:00:00
2024-09-03,01:15:00 pm,0,103.121,23.314,2024-09-03 01:15:00
2024-09-03,01:30:00 pm,0,103.095,23.426,2024-09-03 01:30:00
2024-09-03,01:45:00 pm,0,103.086,23.544,2024-09-03 01:45:00
2024-09-03,02:00:00 pm,0,103.068,23.648,2024-09-03 02:00:00
2024-09-03,02:15:00 pm,0,103.043,23.746,2024-09-03 02:15:00
2024-09-03,02:30:00 pm,0,103.026,23.833,2024-09-03 02:30:00
2024-09-03,02:45:00 pm,0,103.014,23.918,2024-09-03 02:45:00
2024-09-03,03:00:00 pm,0,102.986,24,2024-09-03 03:00:00
2024-09-03,03:15:00 pm,0,102.97,24.083,2024-09-03 03:15:00
2024-09-03,03:30:00 pm,0,102.947,24.158,2024-09-03 03:30:00
2024-09-03,03:45:00 pm,0,102.946,24.23,2024-09-03 03:45:00
2024-09-03,04:00:00 pm,0,102.939,24.298,2024-09-03 04:00:00
2024-09-03,04:15:00 pm,0,102.941,24.358,2024-09-03 04:15:00
2024-09-03,04:30:00 pm,0,102.933,24.41,2024-09-03 04:30:00
2024-09-03,04:45:00 pm,0,102.964,24.448,2024-09-03 04:45:00
2024-09-03,05:00:00 pm,0,102.961,24.478,2024-09-03 05:00:00
2024-09-03,05:15:00 pm,0,102.959,24.507,2024-09-03 05:15:00
2024-09-03,05:30:00 pm,0,102.964,24.544,2024-09-03 05:30:00
2024-09-03,05:45:00 pm,0,102.965,24.586,2024-09-03 05:45:00
2024-09-03,06:00:00 pm,0,102.983,24.621,2024-09-03 06:00:00
2024-09-03,06:15:00 pm,0,102.99,24.656,2024-09-03 06:15:00
2024-09-03,06:30:00 pm,0,102.984,24.688,2024-09-03 06:30:00
2024-09-03,06:45:00 pm,0,102.98,24.716,2024-09-03 06:45:00
2024-09-03,07:00:00 pm,0,102.989,24.742,2024-09-03 07:00:00
2024-09-03,07:15:00 pm,0,103.006,24.763,2024-09-03 07:15:00
2024-09-03,07:30:00 pm,0,103.042,24.786,2024-09-03 07:30:00
2024-09-03,07:45:00 pm,0,103.054,24.803,2024-09-03 07:45:00
2024-09-03,08:00:00 pm,0,103.066,24.819,2024-09-03 08:00:00
2024-09-03,08:15:00 pm,0,103.089,24.836,2024-09-03 08:15:00
2024-09-03,08:30:00 pm,0,103.128,24.847,2024-09-03 08:30:00
2024-09-03,08:45:00 pm,0,103.17,24.858,2024-09-03 08:45:00
2024-09-03,09:00:00 pm,0,103.199,24.865,2024-09-03 09:00:00
2024-09-03,09:15:00 pm,0,103.2,24.871,2024-09-03 09:15:00
2024-09-03,09:30:00 pm,0,103.206,24.873,2024-09-03 09:30:00
2024-09-03,09:45:00 pm,0,103.22,24.874,2024-09-03 09:45:00
2024-09-03,10:00:00 pm,0,103.238,24.87,2024-09-03 10:00:00
2024-09-03,10:15:00 pm,0,103.25,24.864,2024-09-03 10:15:00
2024-09-03,10:30:00 pm,0,103.254,24.856,2024-09-03 10:30:00
2024-09-03,10:45:00 pm,0,103.244,24.844,2024-09-03 10:45:00
2024-09-03,11:00:00 pm,0,103.246,24.834,2024-09-03 11:00:00
2024-09-03,11:15:00 pm,0,103.264,24.816,2024-09-03 11:15:00
2024-09-03,11:30:00 pm,0,103.272,24.794,2024-09-03 11:30:00
2024-09-03,11:45:00 pm,0,103.252,24.772,2024-09-03 11:45:00
2024-09-04,12:00:00 am,0,103.256,24.748,2024-09-04 12:00:00
2024-09-04,12:15:00 am,0,103.247,24.719,2024-09-04 12:15:00
2024-09-04,12:30:00 am,0,103.229,24.688,2024-09-04 12:30:00
2024-09-04,12:45:00 am,0,103.222,24.654,2024-09-04 12:45:00
2024-09-04,01:00:00 am,0,103.226,24.622,2024-09-04 01:00:00
2024-09-04,01:15:00 am,0,103.224,24.584,2024-09-04 01:15:00
2024-09-04,01:30:00 am,0,103.21,24.547,2024-09-04 01:30:00
2024-09-04,01:45:00 am,0,103.227,24.51,2024-09-04 01:45:00
2024-09-04,02:00:00 am,0,103.217,24.471,2024-09-04 02:00:00
2024-09-04,02:15:00 am,0,103.236,24.432,2024-09-04 02:15:00
2024-09-04,02:30:00 am,0,103.25,24.391,2024-09-04 02:30:00
2024-09-04,02:45:00 am,0,103.264,24.35,2024-09-04 02:45:00
2024-09-04,03:00:00 am,0,103.263,24.304,2024-09-04 03:00:00
2024-09-04,03:15:00 am,0,103.272,24.258,2024-09-04 03:15:00
2024-09-04,03:30:00 am,0,103.271,24.212,2024-09-04 03:30:00
2024-09-04,03:45:00 am,0,103.273,24.16,2024-09-04 03:45:00
2024-09-04,04:00:00 am,0,103.283,24.104,2024-09-04 04:00:00
2024-09-04,04:15:00 am,0,103.296,24.046,2024-09-04 04:15:00
2024-09-04,04:30:00 am,0,103.304,23.992,2024-09-04 04:30:00
2024-09-04,04:45:00 am,0,103.341,23.933,2024-09-04 04:45:00
2024-09-04,05:00:00 am,0,103.359,23.868,2024-09-04 05:00:00
2024-09-04,05:15:00 am,0,103.353,23.806,2024-09-04 05:15:00
2024-09-04,05:30:00 am,0,103.378,23.738,2024-09-04 05:30:00
2024-09-04,05:45:00 am,0,103.404,23.675,2024-09-04 05:45:00
2024-09-04,06:00:00 am,0,103.423,23.603,2024-09-04 06:00:00
2024-09-04,06:15:00 am,0,103.438,23.533,2024-09-04 06:15:00
2024-09-04,06:30:00 am,0,103.444,23.465,2024-09-04 06:30:00
2024-09-04,06:45:00 am,0,103.461,23.398,2024-09-04 06:45:00
2024-09-04,07:00:00 am,0,103.474,23.334,2024-09-04 07:00:00
2024-09-04,07:15:00 am,0,103.498,23.275,2024-09-04 07:15:00
2024-09-04,07:30:00 am,0,103.534,23.217,2024-09-04 07:30:00
2024-09-04,07:45:00 am,0,103.546,23.167,2024-09-04 07:45:00
2024-09-04,08:00:00 am,0,103.54,23.116,2024-09-04 08:00:00
2024-09-04,08:15:00 am,0,103.561,23.074,2024-09-04 08:15:00
2024-09-04,08:30:00 am,0,103.567,23.035,2024-09-04 08:30:00
2024-09-04,08:45:00 am,0,103.58,22.996,2024-09-04 08:45:00
2024-09-04,09:00:00 am,0,103.588,22.956,2024-09-04 09:00:00
2024-09-04,09:15:00 am,0,103.58,22.922,2024-09-04 09:15:00
2024-09-04,09:30:00 am,0,103.594,22.892,2024-09-04 09:30:00
2024-09-04,09:45:00 am,0,103.593,22.864,2024-09-04 09:45:00
2024-09-04,10:00:00 am,0,103.599,22.838,2024-09-04 10:00:00
2024-09-04,10:15:00 am,0,103.603,22.82,2024-09-04 10:15:00
2024-09-04,10:30:00 am,0,103.601,22.808,2024-09-04 10:30:00
2024-09-04,10:45:00 am,0,103.61,22.803,2024-09-04 10:45:00
2024-09-04,11:00:00 am,0,103.611,22.805,2024-09-04 11:00:00
2024-09-04,11:15:00 am,0,103.606,22.813,2024-09-04 11:15:00
2024-09-04,11:30:00 am,0,103.583,22.83,2024-09-04 11:30:00
2024-09-04,11:45:00 am,0,103.576,22.865,2024-09-04 11:45:00
2024-09-04,12:00:00 pm,0,103.564,22.9,2024-09-04 12:00:00
2024-09-04,12:15:00 pm,0,103.545,22.948,2024-09-04 12:15:00
2024-09-04,12:30:00 pm,0,103.53,22.992,2024-09-04 12:30:00
2024-09-04,12:45:00 pm,0,103.53,23.042,2024-09-04 12:45:00
2024-09-04,01:00:00 pm,0,103.497,23.093,2024-09-04 01:00:00
2024-09-04,01:15:00 pm,0,103.499,23.158,2024-09-04 01:15:00
2024-09-04,01:30:00 pm,0,103.466,23.204,2024-09-04 01:30:00
2024-09-04,01:45:00 pm,0,103.454,23.238,2024-09-04 01:45:00
2024-09-04,02:00:00 pm,0,103.435,23.27,2024-09-04 02:00:00
2024-09-04,02:15:00 pm,0,103.408,23.304,2024-09-04 02:15:00
2024-09-04,02:30:00 pm,0,103.38,23.343,2024-09-04 02:30:00
2024-09-04,02:45:00 pm,0,103.343,23.378,2024-09-04 02:45:00
2024-09-04,03:00:00 pm,0,103.332,23.42,2024-09-04 03:00:00
2024-09-04,03:15:00 pm,0,103.317,23.465,2024-09-04 03:15:00
2024-09-04,03:30:00 pm,0,103.286,23.507,2024-09-04 03:30:00
2024-09-04,03:45:00 pm,0,103.28,23.546,2024-09-04 03:45:00
2024-09-04,04:00:00 pm,0,103.261,23.593,2024-09-04 04:00:00
2024-09-04,04:15:00 pm,0,103.23,23.639,2024-09-04 04:15:00
2024-09-04,04:30:00 pm,0,103.221,23.674,2024-09-04 04:30:00
2024-09-04,04:45:00 pm,0,103.214,23.713,2024-09-04 04:45:00
2024-09-04,05:00:00 pm,0,103.21,23.747,2024-09-04 05:00:00
2024-09-04,05:15:00 pm,0,103.208,23.783,2024-09-04 05:15:00
2024-09-04,05:30:00 pm,0,103.214,23.816,2024-09-04 05:30:00
2024-09-04,05:45:00 pm,0,103.228,23.851,2024-09-04 05:45:00
2024-09-04,06:00:00 pm,0,103.213,23.882,2024-09-04 06:00:00
2024-09-04,06:15:00 pm,0,103.223,23.911,2024-09-04 06:15:00
2024-09-04,06:30:00 pm,0,103.229,23.939,2024-09-04 06:30:00
2024-09-04,06:45:00 pm,0,103.234,23.962,2024-09-04 06:45:00
2024-09-04,07:00:00 pm,0,103.238,23.982,2024-09-04 07:00:00
2024-09-04,07:15:00 pm,0,103.239,24.002,2024-09-04 07:15:00
2024-09-04,07:30:00 pm,0,103.243,24.016,2024-09-04 07:30:00
2024-09-04,07:45:00 pm,0,103.23,24.024,2024-09-04 07:45:00
2024-09-04,08:00:00 pm,0,103.251,24.024,2024-09-04 08:00:00
2024-09-04,08:15:00 pm,0,103.256,24.016,2024-09-04 08:15:00
2024-09-04,08:30:00 pm,0,103.274,23.998,2024-09-04 08:30:00
2024-09-04,08:45:00 pm,0,103.292,23.978,2024-09-04 08:45:00
2024-09-04,09:00:00 pm,0,103.31,23.953,2024-09-04 09:00:00
2024-09-04,09:15:00 pm,0,103.332,23.924,2024-09-04 09:15:00
2024-09-04,09:30:00 pm,0,103.343,23.895,2024-09-04 09:30:00
2024-09-04,09:45:00 pm,0,103.366,23.864,2024-09-04 09:45:00
2024-09-04,10:00:00 pm,0,103.368,23.837,2024-09-04 10:00:00
2024-09-04,10:15:00 pm,0,103.358,23.811,2024-09-04 10:15:00
2024-09-04,10:30:00 pm,0,103.367,23.789,2024-09-04 10:30:00
2024-09-04,10:45:00 pm,0,103.36,23.766,2024-09-04 10:45:00
2024-09-04,11:00:00 pm,0,103.358,23.738,2024-09-04 11:00:00
2024-09-04,11:15:00 pm,0,103.352,23.703,2024-09-04 11:15:00
2024-09-04,11:30:00 pm,0,103.35,23.652,2024-09-04 11:30:00
2024-09-04,11:45:00 pm,0,103.344,23.603,2024-09-04 11:45:00
2024-09-05,12:00:00 am,0,103.337,23.571,2024-09-05 12:00:00
2024-09-05,12:15:00 am,0,103.33,23.551,2024-09-05 12:15:00
2024-09-05,12:30:00 am,0,103.332,23.518,2024-09-05 12:30:00
2024-09-05,12:45:00 am,0,103.316,23.474,2024-09-05 12:45:00
2024-09-05,01:00:00 am,0,103.313,23.429,2024-09-05 01:00:00
2024-09-05,01:15:00 am,0,103.297,23.383,2024-09-05 01:15:00
2024-09-05,01:30:00 am,0,103.286,23.335,2024-09-05 01:30:00
2024-09-05,01:45:00 am,0,103.278,23.287,2024-09-05 01:45:00
2024-09-05,02:00:00 am,0,103.28,23.24,2024-09-05 02:00:00
2024-09-05,02:15:00 am,0,103.29,23.192,2024-09-05 02:15:00
2024-09-05,02:30:00 am,0,103.284,23.148,2024-09-05 02:30:00
2024-09-05,02:45:00 am,0,103.279,23.104,2024-09-05 02:45:00
2024-09-05,03:00:00 am,0,103.29,23.061,2024-09-05 03:00:00
2024-09-05,03:15:00 am,0,103.29,23.015,2024-09-05 03:15:00
2024-09-05,03:30:00 am,0,103.302,22.969,2024-09-05 03:30:00
2024-09-05,03:45:00 am,0,103.296,22.92,2024-09-05 03:45:00
2024-09-05,04:00:00 am,0,103.297,22.874,2024-09-05 04:00:00
2024-09-05,04:15:00 am,0,103.319,22.829,2024-09-05 04:15:00
2024-09-05,04:30:00 am,0,103.329,22.784,2024-09-05 04:30:00
2024-09-05,04:45:00 am,0,103.335,22.747,2024-09-05 04:45:00
2024-09-05,05:00:00 am,0,103.333,22.711,2024-09-05 05:00:00
2024-09-05,05:15:00 am,0,103.334,22.679,2024-09-05 05:15:00
2024-09-05,05:30:00 am,0,103.341,22.643,2024-09-05 05:30:00
2024-09-05,05:45:00 am,0,103.365,22.605,2024-09-05 05:45:00
2024-09-05,06:00:00 am,0,103.393,22.572,2024-09-05 06:00:00
2024-09-05,06:15:00 am,0,103.415,22.541,2024-09-05 06:15:00
2024-09-05,06:30:00 am,0,103.419,22.509,2024-09-05 06:30:00
2024-09-05,06:45:00 am,0,103.422,22.483,2024-09-05 06:45:00
2024-09-05,07:00:00 am,0,103.424,22.458,2024-09-05 07:00:00
2024-09-05,07:15:00 am,0,103.447,22.432,2024-09-05 07:15:00
2024-09-05,07:30:00 am,0,103.467,22.408,2024-09-05 07:30:00
2024-09-05,07:45:00 am,0,103.466,22.387,2024-09-05 07:45:00
2024-09-05,08:00:00 am,0,103.466,22.372,2024-09-05 08:00:00
2024-09-05,08:15:00 am,0,103.48,22.358,2024-09-05 08:15:00
2024-09-05,08:30:00 am,0,103.497,22.348,2024-09-05 08:30:00
2024-09-05,08:45:00 am,0,103.486,22.343,2024-09-05 08:45:00
2024-09-05,09:00:00 am,0,103.49,22.337,2024-09-05 09:00:00
2024-09-05,09:15:00 am,0,103.492,22.339,2024-09-05 09:15:00
2024-09-05,09:30:00 am,0,103.479,22.338,2024-09-05 09:30:00
2024-09-05,09:45:00 am,0,103.474,22.341,2024-09-05 09:45:00
2024-09-05,10:00:00 am,0,103.481,22.349,2024-09-05 10:00:00
2024-09-05,10:15:00 am,0,103.456,22.356,2024-09-05 10:15:00
2024-09-05,10:30:00 am,0,103.452,22.37,2024-09-05 10:30:00
2024-09-05,10:45:00 am,0,103.458,22.383,2024-09-05 10:45:00
2024-09-05,11:00:00 am,0,103.449,22.398,2024-09-05 11:00:00
2024-09-05,11:15:00 am,0,103.444,22.42,2024-09-05 11:15:00
2024-09-05,11:30:00 am,0,103.443,22.441,2024-09-05 11:30:00
2024-09-05,11:45:00 am,0,103.418,22.469,2024-09-05 11:45:00
2024-09-05,12:00:00 pm,0,103.397,22.502,2024-09-05 12:00:00
2024-09-05,12:15:00 pm,0,103.385,22.535,2024-09-05 12:15:00
2024-09-05,12:30:00 pm,0,103.377,22.566,2024-09-05 12:30:00
2024-09-05,12:45:00 pm,0,103.351,22.595,2024-09-05 12:45:00
2024-09-05,01:00:00 pm,0,103.333,22.623,2024-09-05 01:00:00
2024-09-05,01:15:00 pm,0,103.325,22.654,2024-09-05 01:15:00
2024-09-05,01:30:00 pm,0,103.316,22.686,2024-09-05 01:30:00
2024-09-05,01:45:00 pm,0,103.293,22.723,2024-09-05 01:45:00
2024-09-05,02:00:00 pm,0,103.283,22.761,2024-09-05 02:00:00
2024-09-05,02:15:00 pm,0,103.263,22.797,2024-09-05 02:15:00
2024-09-05,02:30:00 pm,0,103.247,22.834,2024-09-05 02:30:00
2024-09-05,02:45:00 pm,0,103.251,22.867,2024-09-05 02:45:00
2024-09-05,03:00:00 pm,0,103.241,22.895,2024-09-05 03:00:00
2024-09-05,03:15:00 pm,0,103.222,22.924,2024-09-05 03:15:00
2024-09-05,03:30:00 pm,0,103.197,22.962,2024-09-05 03:30:00
2024-09-05,03:45:00 pm,0,103.194,22.999,2024-09-05 03:45:00
2024-09-05,04:00:00 pm,0,103.191,23.041,2024-09-05 04:00:00
2024-09-05,04:15:00 pm,0,103.183,23.081,2024-09-05 04:15:00
2024-09-05,04:30:00 pm,0,103.183,23.118,2024-09-05 04:30:00
2024-09-05,04:45:00 pm,0,103.173,23.153,2024-09-05 04:45:00
2024-09-05,05:00:00 pm,0,103.18,23.185,2024-09-05 05:00:00
2024-09-05,05:15:00 pm,0,103.18,23.216,2024-09-05 05:15:00
2024-09-05,05:30:00 pm,0,103.161,23.244,2024-09-05 05:30:00
2024-09-05,05:45:00 pm,0,103.154,23.273,2024-09-05 05:45:00
2024-09-05,06:00:00 pm,0,103.148,23.301,2024-09-05 06:00:00
2024-09-05,06:15:00 pm,0,103.161,23.327,2024-09-05 06:15:00
2024-09-05,06:30:00 pm,0,103.153,23.351,2024-09-05 06:30:00
2024-09-05,06:45:00 pm,0,103.168,23.377,2024-09-05 06:45:00
2024-09-05,07:00:00 pm,0,103.166,23.399,2024-09-05 07:00:00
2024-09-05,07:15:00 pm,0,103.169,23.417,2024-09-05 07:15:00
2024-09-05,07:30:00 pm,0,103.17,23.438,2024-09-05 07:30:00
2024-09-05,07:45:00 pm,0,103.174,23.456,2024-09-05 07:45:00
2024-09-05,08:00:00 pm,0,103.186,23.475,2024-09-05 08:00:00
2024-09-05,08:15:00 pm,0,103.201,23.487,2024-09-05 08:15:00
2024-09-05,08:30:00 pm,0,103.208,23.5,2024-09-05 08:30:00
2024-09-05,08:45:00 pm,0,103.208,23.511,2024-09-05 08:45:00
2024-09-05,09:00:00 pm,0,103.198,23.517,2024-09-05 09:00:00
2024-09-05,09:15:00 pm,0,103.19,23.518,2024-09-05 09:15:00
2024-09-05,09:30:00 pm,0,103.201,23.517,2024-09-05 09:30:00
2024-09-05,09:45:00 pm,0,103.196,23.515,2024-09-05 09:45:00
2024-09-05,10:00:00 pm,0,103.195,23.509,2024-09-05 10:00:00
2024-09-05,10:15:00 pm,0,103.185,23.505,2024-09-05 10:15:00
2024-09-05,10:30:00 pm,0,103.177,23.501,2024-09-05 10:30:00
2024-09-05,10:45:00 pm,0,103.17,23.497,2024-09-05 10:45:00
2024-09-05,11:00:00 pm,0,103.169,23.491,2024-09-05 11:00:00
2024-09-05,11:15:00 pm,0,103.164,23.482,2024-09-05 11:15:00
2024-09-05,11:30:00 pm,0,103.165,23.474,2024-09-05 11:30:00
2024-09-05,11:45:00 pm,0,103.157,23.461,2024-09-05 11:45:00
2024-09-06,12:00:00 am,0,103.155,23.449,2024-09-06 12:00:00
2024-09-06,12:15:00 am,0,103.141,23.434,2024-09-06 12:15:00
2024-09-06,12:30:00 am,0,103.128,23.419,2024-09-06 12:30:00
2024-09-06,12:45:00 am,0,103.13,23.404,2024-09-06 12:45:00
2024-09-06,01:00:00 am,0,103.125,23.384,2024-09-06 01:00:00
2024-09-06,01:15:00 am,0,103.108,23.366,2024-09-06 01:15:00
2024-09-06,01:30:00 am,0,103.088,23.346,2024-09-06 01:30:00
2024-09-06,01:45:00 am,0,103.068,23.321,2024-09-06 01:45:00
2024-09-06,02:00:00 am,0,103.055,23.296,2024-09-06 02:00:00
2024-09-06,02:15:00 am,0,103.044,23.27,2024-09-06 02:15:00
2024-09-06,02:30:00 am,0,103.037,23.246,2024-09-06 02:30:00
2024-09-06,02:45:00 am,0,103.03,23.221,2024-09-06 02:45:00
2024-09-06,03:00:00 am,0,103.03,23.195,2024-09-06 03:00:00
2024-09-06,03:15:00 am,0,103.018,23.168,2024-09-06 03:15:00
2024-09-06,03:30:00 am,0,103.017,23.139,2024-09-06 03:30:00
2024-09-06,03:45:00 am,0,103.022,23.108,2024-09-06 03:45:00
2024-09-06,04:00:00 am,0,103.026,23.074,2024-09-06 04:00:00
2024-09-06,04:15:00 am,0,103.025,23.041,2024-09-06 04:15:00
2024-09-06,04:30:00 am,0,103.022,23.007,2024-09-06 04:30:00
2024-09-06,04:45:00 am,0,103.033,22.976,2024-09-06 04:45:00
2024-09-06,05:00:00 am,0,103.04,22.944,2024-09-06 05:00:00
2024-09-06,05:15:00 am,0,103.048,22.914,2024-09-06 05:15:00
2024-09-06,05:30:00 am,0,103.061,22.886,2024-09-06 05:30:00
2024-09-06,05:45:00 am,0,103.08,22.852,2024-09-06 05:45:00
2024-09-06,06:00:00 am,0,103.093,22.818,2024-09-06 06:00:00
2024-09-06,06:15:00 am,0,103.109,22.783,2024-09-06 06:15:00
2024-09-06,06:30:00 am,0,103.134,22.742,2024-09-06 06:30:00
2024-09-06,06:45:00 am,0,103.152,22.702,2024-09-06 06:45:00
2024-09-06,07:00:00 am,0,103.154,22.665,2024-09-06 07:00:00
2024-09-06,07:15:00 am,0,103.163,22.629,2024-09-06 07:15:00
2024-09-06,07:30:00 am,0,103.155,22.595,2024-09-06 07:30:00
2024-09-06,07:45:00 am,0,103.159,22.563,2024-09-06 07:45:00
2024-09-06,08:00:00 am,0,103.161,22.532,2024-09-06 08:00:00
2024-09-06,08:15:00 am,0,103.164,22.503,2024-09-06 08:15:00
2024-09-06,08:30:00 am,0,103.175,22.472,2024-09-06 08:30:00
2024-09-06,08:45:00 am,0,103.176,22.44,2024-09-06 08:45:00
2024-09-06,09:00:00 am,0,103.183,22.41,2024-09-06 09:00:00
2024-09-06,09:15:00 am,0,103.181,22.381,2024-09-06 09:15:00
2024-09-06,09:30:00 am,0,103.205,22.359,2024-09-06 09:30:00
2024-09-06,09:45:00 am,0,103.207,22.338,2024-09-06 09:45:00
2024-09-06,10:00:00 am,0,103.216,22.317,2024-09-06 10:00:00
2024-09-06,10:15:00 am,0,103.23,22.297,2024-09-06 10:15:00
2024-09-06,10:30:00 am,0,103.236,22.282,2024-09-06 10:30:00
2024-09-06,10:45:00 am,0,103.233,22.27,2024-09-06 10:45:00
2024-09-06,11:00:00 am,0,103.225,22.261,2024-09-06 11:00:00
2024-09-06,11:15:00 am,0,103.223,22.256,2024-09-06 11:15:00
2024-09-06,11:30:00 am,0,103.223,22.253,2024-09-06 11:30:00
2024-09-06,11:45:00 am,0,103.208,22.249,2024-09-06 11:45:00
2024-09-06,12:00:00 pm,0,103.194,22.249,2024-09-06 12:00:00
2024-09-06,12:15:00 pm,0,103.184,22.257,2024-09-06 12:15:00
2024-09-06,12:30:00 pm,0,103.173,22.259,2024-09-06 12:30:00
2024-09-06,12:45:00 pm,0,103.16,22.271,2024-09-06 12:45:00
2024-09-06,01:00:00 pm,0,103.159,22.285,2024-09-06 01:00:00
2024-09-06,01:15:00 pm,0,103.157,22.305,2024-09-06 01:15:00
2024-09-06,01:30:00 pm,0,103.149,22.322,2024-09-06 01:30:00
2024-09-06,01:45:00 pm,0,103.14,22.335,2024-09-06 01:45:00
2024-09-06,02:00:00 pm,0,103.123,22.349,2024-09-06 02:00:00
2024-09-06,02:15:00 pm,0,103.112,22.361,2024-09-06 02:15:00
2024-09-06,02:30:00 pm,0,103.09,22.375,2024-09-06 02:30:00
2024-09-06,02:45:00 pm,0,103.063,22.392,2024-09-06 02:45:00
2024-09-06,03:00:00 pm,0,103.032,22.414,2024-09-06 03:00:00
2024-09-06,03:15:00 pm,0,103.029,22.434,2024-09-06 03:15:00
2024-09-06,03:30:00 pm,0,103.023,22.448,2024-09-06 03:30:00
2024-09-06,03:45:00 pm,0,103.012,22.463,2024-09-06 03:45:00
2024-09-06,04:00:00 pm,0,103.013,22.484,2024-09-06 04:00:00
2024-09-06,04:15:00 pm,0,103.012,22.5,2024-09-06 04:15:00
2024-09-06,04:30:00 pm,0,103.004,22.518,2024-09-06 04:30:00
2024-09-06,04:45:00 pm,0,102.993,22.54,2024-09-06 04:45:00
2024-09-06,05:00:00 pm,0,102.991,22.56,2024-09-06 05:00:00
2024-09-06,05:15:00 pm,0,102.982,22.578,2024-09-06 05:15:00
2024-09-06,05:30:00 pm,0,102.96,22.6,2024-09-06 05:30:00
2024-09-06,05:45:00 pm,0,102.94,22.619,2024-09-06 05:45:00
2024-09-06,06:00:00 pm,0,102.93,22.638,2024-09-06 06:00:00
2024-09-06,06:15:00 pm,0,102.914,22.651,2024-09-06 06:15:00
2024-09-06,06:30:00 pm,0,102.898,22.663,2024-09-06 06:30:00
2024-09-06,06:45:00 pm,0,102.883,22.673,2024-09-06 06:45:00
2024-09-06,07:00:00 pm,0,102.877,22.678,2024-09-06 07:00:00
2024-09-06,07:15:00 pm,0,102.884,22.683,2024-09-06 07:15:00
2024-09-06,07:30:00 pm,0,102.878,22.681,2024-09-06 07:30:00
2024-09-06,07:45:00 pm,0,102.909,22.679,2024-09-06 07:45:00
2024-09-06,08:00:00 pm,0,102.915,22.677,2024-09-06 08:00:00
2024-09-06,08:15:00 pm,0,102.921,22.675,2024-09-06 08:15:00
2024-09-06,08:30:00 pm,0,102.911,22.669,2024-09-06 08:30:00
2024-09-06,08:45:00 pm,0,102.899,22.662,2024-09-06 08:45:00
2024-09-06,09:00:00 pm,0,102.896,22.652,2024-09-06 09:00:00
2024-09-06,09:15:00 pm,0,102.917,22.642,2024-09-06 09:15:00
2024-09-06,09:30:00 pm,0,102.902,22.632,2024-09-06 09:30:00
2024-09-06,09:45:00 pm,0,102.891,22.62,2024-09-06 09:45:00
2024-09-06,10:00:00 pm,0,102.872,22.608,2024-09-06 10:00:00
2024-09-06,10:15:00 pm,0,102.907,22.591,2024-09-06 10:15:00
2024-09-06,10:30:00 pm,0,102.941,22.573,2024-09-06 10:30:00
2024-09-06,10:45:00 pm,0,102.919,22.554,2024-09-06 10:45:00
2024-09-06,11:00:00 pm,0,102.958,22.534,2024-09-06 11:00:00
2024-09-06,11:15:00 pm,0,102.97,22.518,2024-09-06 11:15:00
2024-09-06,11:30:00 pm,0,102.966,22.496,2024-09-06 11:30:00
2024-09-06,11:45:00 pm,0,102.98,22.479,2024-09-06 11:45:00
2024-09-07,12:00:00 am,0,102.962,22.457,2024-09-07 12:00:00
2024-09-07,12:15:00 am,0,102.995,22.437,2024-09-07 12:15:00
2024-09-07,12:30:00 am,0,103.009,22.418,2024-09-07 12:30:00
2024-09-07,12:45:00 am,0,102.998,22.4,2024-09-07 12:45:00
2024-09-07,01:00:00 am,0,103.004,22.381,2024-09-07 01:00:00
2024-09-07,01:15:00 am,0,102.959,22.362,2024-09-07 01:15:00
2024-09-07,01:30:00 am,0,102.976,22.342,2024-09-07 01:30:00
2024-09-07,01:45:00 am,0,102.97,22.321,2024-09-07 01:45:00
2024-09-07,02:00:00 am,0,102.938,22.301,2024-09-07 02:00:00
2024-09-07,02:15:00 am,0,102.937,22.282,2024-09-07 02:15:00
2024-09-07,02:30:00 am,0,102.924,22.256,2024-09-07 02:30:00
2024-09-07,02:45:00 am,0,102.908,22.233,2024-09-07 02:45:00
2024-09-07,03:00:00 am,0,102.911,22.203,2024-09-07 03:00:00
2024-09-07,03:15:00 am,0,102.92,22.175,2024-09-07 03:15:00
2024-09-07,03:30:00 am,0,102.909,22.146,2024-09-07 03:30:00
2024-09-07,03:45:00 am,0,102.899,22.113,2024-09-07 03:45:00
2024-09-07,04:00:00 am,0,102.916,22.077,2024-09-07 04:00:00
2024-09-07,04:15:00 am,0,102.915,22.041,2024-09-07 04:15:00
2024-09-07,04:30:00 am,0,102.928,22.002,2024-09-07 04:30:00
2024-09-07,04:45:00 am,0,102.929,21.962,2024-09-07 04:45:00
2024-09-07,05:00:00 am,0,102.917,21.919,2024-09-07 05:00:00
2024-09-07,05:15:00 am,0,102.91,21.877,2024-09-07 05:15:00
2024-09-07,05:30:00 am,0,102.897,21.833,2024-09-07 05:30:00
2024-09-07,05:45:00 am,0,102.909,21.789,2024-09-07 05:45:00
2024-09-07,06:00:00 am,0,102.92,21.743,2024-09-07 06:00:00
2024-09-07,06:15:00 am,0,102.903,21.699,2024-09-07 06:15:00
2024-09-07,06:30:00 am,0,102.908,21.652,2024-09-07 06:30:00
2024-09-07,06:45:00 am,0,102.907,21.606,2024-09-07 06:45:00
2024-09-07,07:00:00 am,0,102.91,21.558,2024-09-07 07:00:00
2024-09-07,07:15:00 am,0,102.91,21.517,2024-09-07 07:15:00
2024-09-07,07:30:00 am,0,102.904,21.479,2024-09-07 07:30:00
2024-09-07,07:45:00 am,0,102.906,21.445,2024-09-07 07:45:00
2024-09-07,08:00:00 am,0,102.921,21.418,2024-09-07 08:00:00
2024-09-07,08:15:00 am,0,102.93,21.399,2024-09-07 08:15:00
2024-09-07,08:30:00 am,0,102.94,21.383,2024-09-07 08:30:00
2024-09-07,08:45:00 am,0,102.944,21.369,2024-09-07 08:45:00
2024-09-07,09:00:00 am,0,102.952,21.366,2024-09-07 09:00:00
2024-09-07,09:15:00 am,0,102.96,21.366,2024-09-07 09:15:00
2024-09-07,09:30:00 am,0,102.961,21.375,2024-09-07 09:30:00
2024-09-07,09:45:00 am,0,102.975,21.385,2024-09-07 09:45:00
2024-09-07,10:00:00 am,0,102.999,21.401,2024-09-07 10:00:00
2024-09-07,10:15:00 am,0,102.996,21.418,2024-09-07 10:15:00
2024-09-07,10:30:00 am,0,103.006,21.441,2024-09-07 10:30:00
2024-09-07,10:45:00 am,0,103.01,21.474,2024-09-07 10:45:00
2024-09-07,11:00:00 am,0,103.007,21.509,2024-09-07 11:00:00
2024-09-07,11:15:00 am,0,103.007,21.541,2024-09-07 11:15:00
2024-09-07,11:30:00 am,0,103.003,21.584,2024-09-07 11:30:00
2024-09-07,11:45:00 am,0,103.025,21.632,2024-09-07 11:45:00
2024-09-07,12:00:00 pm,0,103.022,21.681,2024-09-07 12:00:00
2024-09-07,12:15:00 pm,0,103.023,21.725,2024-09-07 12:15:00
2024-09-07,12:30:00 pm,0,103.006,21.758,2024-09-07 12:30:00
2024-09-07,12:45:00 pm,0,102.98,21.787,2024-09-07 12:45:00
2024-09-07,01:00:00 pm,0,102.959,21.853,2024-09-07 01:00:00
2024-09-07,01:15:00 pm,0,102.941,21.931,2024-09-07 01:15:00
2024-09-07,01:30:00 pm,0,102.906,22.01,2024-09-07 01:30:00
2024-09-07,01:45:00 pm,0,102.906,22.085,2024-09-07 01:45:00
2024-09-07,02:00:00 pm,0,102.885,22.151,2024-09-07 02:00:00
2024-09-07,02:15:00 pm,0,102.873,22.224,2024-09-07 02:15:00
2024-09-07,02:30:00 pm,0,102.881,22.301,2024-09-07 02:30:00
2024-09-07,02:45:00 pm,0,102.873,22.361,2024-09-07 02:45:00
2024-09-07,03:00:00 pm,0,102.838,22.415,2024-09-07 03:00:00
2024-09-07,03:15:00 pm,0,102.832,22.473,2024-09-07 03:15:00
2024-09-07,03:30:00 pm,0,102.815,22.539,2024-09-07 03:30:00
2024-09-07,03:45:00 pm,0,102.795,22.601,2024-09-07 03:45:00
2024-09-07,04:00:00 pm,0,102.772,22.662,2024-09-07 04:00:00
2024-09-07,04:15:00 pm,0,102.779,22.713,2024-09-07 04:15:00
2024-09-07,04:30:00 pm,0,102.768,22.758,2024-09-07 04:30:00
2024-09-07,04:45:00 pm,0,102.769,22.8,2024-09-07 04:45:00
2024-09-07,05:00:00 pm,0,102.776,22.841,2024-09-07 05:00:00
2024-09-07,05:15:00 pm,0,102.767,22.88,2024-09-07 05:15:00
2024-09-07,05:30:00 pm,0,102.766,22.915,2024-09-07 05:30:00
2024-09-07,05:45:00 pm,0,102.754,22.945,2024-09-07 05:45:00
2024-09-07,06:00:00 pm,0,102.753,22.976,2024-09-07 06:00:00
2024-09-07,06:15:00 pm,0,102.748,23,2024-09-07 06:15:00
2024-09-07,06:30:00 pm,0,102.737,23.028,2024-09-07 06:30:00
2024-09-07,06:45:00 pm,0,102.74,23.056,2024-09-07 06:45:00
2024-09-07,07:00:00 pm,0,102.751,23.076,2024-09-07 07:00:00
2024-09-07,07:15:00 pm,0,102.761,23.092,2024-09-07 07:15:00
2024-09-07,07:30:00 pm,0,102.764,23.096,2024-09-07 07:30:00
2024-09-07,07:45:00 pm,0,102.768,23.094,2024-09-07 07:45:00
2024-09-07,08:00:00 pm,0,102.786,23.08,2024-09-07 08:00:00
2024-09-07,08:15:00 pm,0,102.817,23.059,2024-09-07 08:15:00
2024-09-07,08:30:00 pm,0,102.827,23.032,2024-09-07 08:30:00
2024-09-07,08:45:00 pm,0,102.839,23.003,2024-09-07 08:45:00
2024-09-07,09:00:00 pm,0,102.85,22.972,2024-09-07 09:00:00
2024-09-07,09:15:00 pm,0,102.846,22.938,2024-09-07 09:15:00
2024-09-07,09:30:00 pm,0,102.86,22.902,2024-09-07 09:30:00
2024-09-07,09:45:00 pm,0,102.874,22.854,2024-09-07 09:45:00
2024-09-07,10:00:00 pm,0,102.893,22.807,2024-09-07 10:00:00
2024-09-07,10:15:00 pm,0,102.906,22.755,2024-09-07 10:15:00
2024-09-07,10:30:00 pm,0,102.912,22.696,2024-09-07 10:30:00
2024-09-07,10:45:00 pm,0,102.919,22.621,2024-09-07 10:45:00
2024-09-07,11:00:00 pm,0,102.913,22.537,2024-09-07 11:00:00
2024-09-07,11:15:00 pm,0,102.915,22.456,2024-09-07 11:15:00
2024-09-07,11:30:00 pm,0,102.912,22.374,2024-09-07 11:30:00
2024-09-07,11:45:00 pm,0,102.917,22.288,2024-09-07 11:45:00
2024-09-08,12:00:00 am,0,102.913,22.197,2024-09-08 12:00:00
2024-09-08,12:15:00 am,0,102.912,22.107,2024-09-08 12:15:00
2024-09-08,12:30:00 am,0,102.914,22.023,2024-09-08 12:30:00
2024-09-08,12:45:00 am,0,102.915,21.938,2024-09-08 12:45:00
2024-09-08,01:00:00 am,0,102.912,21.854,2024-09-08 01:00:00
2024-09-08,01:15:00 am,0,102.904,21.77,2024-09-08 01:15:00
2024-09-08,01:30:00 am,0,102.894,21.684,2024-09-08 01:30:00
2024-09-08,01:45:00 am,0,102.903,21.599,2024-09-08 01:45:00
2024-09-08,02:00:00 am,0,102.914,21.517,2024-09-08 02:00:00
2024-09-08,02:15:00 am,0,102.905,21.435,2024-09-08 02:15:00
2024-09-08,02:30:00 am,0,102.909,21.35,2024-09-08 02:30:00
2024-09-08,02:45:00 am,0,102.925,21.261,2024-09-08 02:45:00
2024-09-08,03:00:00 am,0,102.935,21.17,2024-09-08 03:00:00
2024-09-08,03:15:00 am,0,102.932,21.072,2024-09-08 03:15:00
2024-09-08,03:30:00 am,0,102.933,20.972,2024-09-08 03:30:00
2024-09-08,03:45:00 am,0,102.928,20.874,2024-09-08 03:45:00
2024-09-08,04:00:00 am,0,102.927,20.778,2024-09-08 04:00:00
2024-09-08,04:15:00 am,0,102.929,20.685,2024-09-08 04:15:00
2024-09-08,04:30:00 am,0,102.931,20.594,2024-09-08 04:30:00
2024-09-08,04:45:00 am,0,102.936,20.505,2024-09-08 04:45:00
2024-09-08,05:00:00 am,0,102.937,20.412,2024-09-08 05:00:00
2024-09-08,05:15:00 am,0,102.948,20.314,2024-09-08 05:15:00
2024-09-08,05:30:00 am,0,102.965,20.219,2024-09-08 05:30:00
2024-09-08,05:45:00 am,0,102.964,20.125,2024-09-08 05:45:00
2024-09-08,06:00:00 am,0,102.972,20.033,2024-09-08 06:00:00
2024-09-08,06:15:00 am,0,102.988,19.943,2024-09-08 06:15:00
2024-09-08,06:30:00 am,0,103.003,19.855,2024-09-08 06:30:00
2024-09-08,06:45:00 am,0,103.024,19.764,2024-09-08 06:45:00
2024-09-08,07:00:00 am,0,103.049,19.678,2024-09-08 07:00:00
2024-09-08,07:15:00 am,0,103.069,19.595,2024-09-08 07:15:00
2024-09-08,07:30:00 am,0,103.088,19.53,2024-09-08 07:30:00
2024-09-08,07:45:00 am,0,103.101,19.466,2024-09-08 07:45:00
2024-09-08,08:00:00 am,0,103.119,19.404,2024-09-08 08:00:00
2024-09-08,08:15:00 am,0,103.127,19.356,2024-09-08 08:15:00
2024-09-08,08:30:00 am,0,103.122,19.313,2024-09-08 08:30:00
2024-09-08,08:45:00 am,0,103.134,19.279,2024-09-08 08:45:00
2024-09-08,09:00:00 am,0,103.148,19.252,2024-09-08 09:00:00
2024-09-08,09:15:00 am,0,103.156,19.237,2024-09-08 09:15:00
2024-09-08,09:30:00 am,0,103.162,19.228,2024-09-08 09:30:00
2024-09-08,09:45:00 am,0,103.169,19.227,2024-09-08 09:45:00
2024-09-08,10:00:00 am,0,103.157,19.227,2024-09-08 10:00:00
2024-09-08,10:15:00 am,0,103.159,19.238,2024-09-08 10:15:00
2024-09-08,10:30:00 am,0,103.167,19.261,2024-09-08 10:30:00
2024-09-08,10:45:00 am,0,103.168,19.294,2024-09-08 10:45:00
2024-09-08,11:00:00 am,0,103.168,19.335,2024-09-08 11:00:00
2024-09-08,11:15:00 am,0,103.163,19.39,2024-09-08 11:15:00
2024-09-08,11:30:00 am,0,103.143,19.452,2024-09-08 11:30:00
2024-09-08,11:45:00 am,0,103.136,19.523,2024-09-08 11:45:00
2024-09-08,12:00:00 pm,0,103.132,19.593,2024-09-08 12:00:00
2024-09-08,12:15:00 pm,0,103.129,19.674,2024-09-08 12:15:00
2024-09-08,12:30:00 pm,0,103.111,19.752,2024-09-08 12:30:00
2024-09-08,12:45:00 pm,0,103.096,19.844,2024-09-08 12:45:00
2024-09-08,01:00:00 pm,0,103.07,19.943,2024-09-08 01:00:00
2024-09-08,01:15:00 pm,0,103.054,20.051,2024-09-08 01:15:00
2024-09-08,01:30:00 pm,0,103.045,20.16,2024-09-08 01:30:00
2024-09-08,01:45:00 pm,0,103.028,20.266,2024-09-08 01:45:00
2024-09-08,02:00:00 pm,0,103.005,20.361,2024-09-08 02:00:00
2024-09-08,02:15:00 pm,0,102.976,20.457,2024-09-08 02:15:00
2024-09-08,02:30:00 pm,0,102.956,20.55,2024-09-08 02:30:00
2024-09-08,02:45:00 pm,0,102.937,20.641,2024-09-08 02:45:00
2024-09-08,03:00:00 pm,0,102.925,20.729,2024-09-08 03:00:00
2024-09-08,03:15:00 pm,0,102.904,20.812,2024-09-08 03:15:00
2024-09-08,03:30:00 pm,0,102.896,20.896,2024-09-08 03:30:00
2024-09-08,03:45:00 pm,0,102.883,20.971,2024-09-08 03:45:00
2024-09-08,04:00:00 pm,0,102.872,21.039,2024-09-08 04:00:00
2024-09-08,04:15:00 pm,0,102.864,21.102,2024-09-08 04:15:00
2024-09-08,04:30:00 pm,0,102.857,21.166,2024-09-08 04:30:00
2024-09-08,04:45:00 pm,0,102.842,21.229,2024-09-08 04:45:00
2024-09-08,05:00:00 pm,0,102.838,21.285,2024-09-08 05:00:00
2024-09-08,05:15:00 pm,0,102.832,21.34,2024-09-08 05:15:00
2024-09-08,05:30:00 pm,0,102.822,21.393,2024-09-08 05:30:00
2024-09-08,05:45:00 pm,0,102.818,21.44,2024-09-08 05:45:00
2024-09-08,06:00:00 pm,0,102.817,21.479,2024-09-08 06:00:00
2024-09-08,06:15:00 pm,0,102.808,21.516,2024-09-08 06:15:00
2024-09-08,06:30:00 pm,0,102.816,21.548,2024-09-08 06:30:00
2024-09-08,06:45:00 pm,0,102.831,21.578,2024-09-08 06:45:00
2024-09-08,07:00:00 pm,0,102.849,21.597,2024-09-08 07:00:00
2024-09-08,07:15:00 pm,0,102.852,21.603,2024-09-08 07:15:00
2024-09-08,07:30:00 pm,0,102.857,21.593,2024-09-08 07:30:00
2024-09-08,07:45:00 pm,0,102.875,21.578,2024-09-08 07:45:00
2024-09-08,08:00:00 pm,0,102.883,21.56,2024-09-08 08:00:00
2024-09-08,08:15:00 pm,0,102.905,21.541,2024-09-08 08:15:00
2024-09-08,08:30:00 pm,0,102.923,21.507,2024-09-08 08:30:00
2024-09-08,08:45:00 pm,0,102.954,21.469,2024-09-08 08:45:00
2024-09-08,09:00:00 pm,0,102.975,21.426,2024-09-08 09:00:00
2024-09-08,09:15:00 pm,0,102.986,21.378,2024-09-08 09:15:00
2024-09-08,09:30:00 pm,0,102.993,21.324,2024-09-08 09:30:00
2024-09-08,09:45:00 pm,0,102.999,21.274,2024-09-08 09:45:00
2024-09-08,10:00:00 pm,0,102.998,21.218,2024-09-08 10:00:00
2024-09-08,10:15:00 pm,0,102.99,21.164,2024-09-08 10:15:00
2024-09-08,10:30:00 pm,0,102.983,21.108,2024-09-08 10:30:00
2024-09-08,10:45:00 pm,0,102.977,21.049,2024-09-08 10:45:00
2024-09-08,11:00:00 pm,0,102.98,20.987,2024-09-08 11:00:00
2024-09-08,11:15:00 pm,0,102.972,20.92,2024-09-08 11:15:00
2024-09-08,11:30:00 pm,0,102.963,20.854,2024-09-08 11:30:00
2024-09-08,11:45:00 pm,0,102.965,20.785,2024-09-08 11:45:00
2024-09-09,12:00:00 am,0,102.956,20.714,2024-09-09 12:00:00
2024-09-09,12:15:00 am,0,102.959,20.645,2024-09-09 12:15:00
2024-09-09,12:30:00 am,0,102.965,20.572,2024-09-09 12:30:00
2024-09-09,12:45:00 am,0,102.96,20.499,2024-09-09 12:45:00
2024-09-09,01:00:00 am,0,102.954,20.427,2024-09-09 01:00:00
2024-09-09,01:15:00 am,0,102.952,20.355,2024-09-09 01:15:00
2024-09-09,01:30:00 am,0,102.953,20.279,2024-09-09 01:30:00
2024-09-09,01:45:00 am,0,102.953,20.205,2024-09-09 01:45:00
2024-09-09,02:00:00 am,0,102.965,20.131,2024-09-09 02:00:00
2024-09-09,02:15:00 am,0,102.977,20.062,2024-09-09 02:15:00
2024-09-09,02:30:00 am,0,102.979,19.994,2024-09-09 02:30:00
2024-09-09,02:45:00 am,0,102.984,19.927,2024-09-09 02:45:00
2024-09-09,03:00:00 am,0,102.983,19.859,2024-09-09 03:00:00
2024-09-09,03:15:00 am,0,102.983,19.792,2024-09-09 03:15:00
2024-09-09,03:30:00 am,0,102.986,19.728,2024-09-09 03:30:00
2024-09-09,03:45:00 am,0,103.006,19.669,2024-09-09 03:45:00
2024-09-09,04:00:00 am,0,103.01,19.612,2024-09-09 04:00:00
2024-09-09,04:15:00 am,0,103.023,19.555,2024-09-09 04:15:00
2024-09-09,04:30:00 am,0,103.019,19.501,2024-09-09 04:30:00
2024-09-09,04:45:00 am,0,103.021,19.448,2024-09-09 04:45:00
2024-09-09,05:00:00 am,0,103.028,19.402,2024-09-09 05:00:00
2024-09-09,05:15:00 am,0,103.044,19.354,2024-09-09 05:15:00
2024-09-09,05:30:00 am,0,103.056,19.304,2024-09-09 05:30:00
2024-09-09,05:45:00 am,0,103.072,19.261,2024-09-09 05:45:00
2024-09-09,06:00:00 am,0,103.1,19.212,2024-09-09 06:00:00
2024-09-09,06:15:00 am,0,103.118,19.165,2024-09-09 06:15:00
2024-09-09,06:30:00 am,0,103.137,19.116,2024-09-09 06:30:00
2024-09-09,06:45:00 am,0,103.159,19.067,2024-09-09 06:45:00
2024-09-09,07:00:00 am,0,103.17,19.026,2024-09-09 07:00:00
2024-09-09,07:15:00 am,0,103.198,18.985,2024-09-09 07:15:00
2024-09-09,07:30:00 am,0,103.222,18.944,2024-09-09 07:30:00
2024-09-09,07:45:00 am,0,103.238,18.908,2024-09-09 07:45:00
2024-09-09,08:00:00 am,0,103.242,18.882,2024-09-09 08:00:00
2024-09-09,08:15:00 am,0,103.247,18.861,2024-09-09 08:15:00
2024-09-09,08:30:00 am,0,103.251,18.852,2024-09-09 08:30:00
2024-09-09,08:45:00 am,0,103.262,18.852,2024-09-09 08:45:00
2024-09-09,09:00:00 am,0,103.265,18.863,2024-09-09 09:00:00
2024-09-09,09:15:00 am,0,103.283,18.884,2024-09-09 09:15:00
2024-09-09,09:30:00 am,0,103.293,18.914,2024-09-09 09:30:00
2024-09-09,09:45:00 am,0,103.316,18.951,2024-09-09 09:45:00
2024-09-09,10:00:00 am,0,103.326,18.997,2024-09-09 10:00:00
2024-09-09,10:15:00 am,0,103.325,19.053,2024-09-09 10:15:00
2024-09-09,10:30:00 am,0,103.323,19.117,2024-09-09 10:30:00
2024-09-09,10:45:00 am,0,103.32,19.189,2024-09-09 10:45:00
2024-09-09,11:00:00 am,0,103.308,19.265,2024-09-09 11:00:00
2024-09-09,11:15:00 am,0,103.307,19.346,2024-09-09 11:15:00
2024-09-09,11:30:00 am,0,103.305,19.442,2024-09-09 11:30:00
2024-09-09,11:45:00 am,0,103.295,19.535,2024-09-09 11:45:00
2024-09-09,12:00:00 pm,0,103.281,19.637,2024-09-09 12:00:00
2024-09-09,12:15:00 pm,0,103.274,19.744,2024-09-09 12:15:00
2024-09-09,12:30:00 pm,0,103.26,19.852,2024-09-09 12:30:00
2024-09-09,12:45:00 pm,0,103.239,19.97,2024-09-09 12:45:00
2024-09-09,01:00:00 pm,0,103.226,20.083,2024-09-09 01:00:00
2024-09-09,01:15:00 pm,0,103.197,20.178,2024-09-09 01:15:00
2024-09-09,01:30:00 pm,0,103.184,20.301,2024-09-09 01:30:00
2024-09-09,01:45:00 pm,0,103.164,20.417,2024-09-09 01:45:00
2024-09-09,02:00:00 pm,0,103.146,20.516,2024-09-09 02:00:00
2024-09-09,02:15:00 pm,0,103.141,20.601,2024-09-09 02:15:00
2024-09-09,02:30:00 pm,0,103.12,20.671,2024-09-09 02:30:00
2024-09-09,02:45:00 pm,0,103.107,20.722,2024-09-09 02:45:00
2024-09-09,03:00:00 pm,0,103.084,20.796,2024-09-09 03:00:00
2024-09-09,03:15:00 pm,0,103.065,20.894,2024-09-09 03:15:00
2024-09-09,03:30:00 pm,0,103.058,20.999,2024-09-09 03:30:00
2024-09-09,03:45:00 pm,0,103.046,21.102,2024-09-09 03:45:00
2024-09-09,04:00:00 pm,0,103.046,21.185,2024-09-09 04:00:00
2024-09-09,04:15:00 pm,0,103.03,21.246,2024-09-09 04:15:00
2024-09-09,04:30:00 pm,0,103.024,21.3,2024-09-09 04:30:00
2024-09-09,04:45:00 pm,0,103.028,21.361,2024-09-09 04:45:00
2024-09-09,05:00:00 pm,0,103.022,21.42,2024-09-09 05:00:00
2024-09-09,05:15:00 pm,0,103.007,21.476,2024-09-09 05:15:00
2024-09-09,05:30:00 pm,0,102.995,21.528,2024-09-09 05:30:00
2024-09-09,05:45:00 pm,0,102.987,21.578,2024-09-09 05:45:00
2024-09-09,06:00:00 pm,0,102.992,21.624,2024-09-09 06:00:00
2024-09-09,06:15:00 pm,0,102.996,21.669,2024-09-09 06:15:00
2024-09-09,06:30:00 pm,0,103.002,21.718,2024-09-09 06:30:00
2024-09-09,06:45:00 pm,0,103.004,21.767,2024-09-09 06:45:00
2024-09-09,07:00:00 pm,0,103.007,21.814,2024-09-09 07:00:00
2024-09-09,07:15:00 pm,0,103.006,21.859,2024-09-09 07:15:00
2024-09-09,07:30:00 pm,0,103.016,21.895,2024-09-09 07:30:00
2024-09-09,07:45:00 pm,0,103.034,21.929,2024-09-09 07:45:00
2024-09-09,08:00:00 pm,0,103.042,21.955,2024-09-09 08:00:00
2024-09-09,08:15:00 pm,0,103.05,21.976,2024-09-09 08:15:00
2024-09-09,08:30:00 pm,0,103.074,21.993,2024-09-09 08:30:00
2024-09-09,08:45:00 pm,0,103.083,22.001,2024-09-09 08:45:00
2024-09-09,09:00:00 pm,0,103.092,21.996,2024-09-09 09:00:00
2024-09-09,09:15:00 pm,0,103.1,21.989,2024-09-09 09:15:00
2024-09-09,09:30:00 pm,0,103.095,21.978,2024-09-09 09:30:00
2024-09-09,09:45:00 pm,0,103.106,21.96,2024-09-09 09:45:00
2024-09-09,10:00:00 pm,0,103.107,21.939,2024-09-09 10:00:00
2024-09-09,10:15:00 pm,0,103.108,21.917,2024-09-09 10:15:00
2024-09-09,10:30:00 pm,0,103.11,21.89,2024-09-09 10:30:00
2024-09-09,10:45:00 pm,0,103.111,21.862,2024-09-09 10:45:00
2024-09-09,11:00:00 pm,0,103.103,21.831,2024-09-09 11:00:00
2024-09-09,11:15:00 pm,0,103.097,21.803,2024-09-09 11:15:00
2024-09-09,11:30:00 pm,0,103.089,21.775,2024-09-09 11:30:00
2024-09-09,11:45:00 pm,0,103.078,21.747,2024-09-09 11:45:00
2024-09-10,12:00:00 am,0,103.063,21.718,2024-09-10 12:00:00
2024-09-10,12:15:00 am,0,103.049,21.69,2024-09-10 12:15:00
2024-09-10,12:30:00 am,0,103.038,21.657,2024-09-10 12:30:00
2024-09-10,12:45:00 am,0,103.039,21.621,2024-09-10 12:45:00
2024-09-10,01:00:00 am,0,103.027,21.579,2024-09-10 01:00:00
2024-09-10,01:15:00 am,0,103.007,21.536,2024-09-10 01:15:00
2024-09-10,01:30:00 am,0,103.006,21.488,2024-09-10 01:30:00
2024-09-10,01:45:00 am,0,103,21.44,2024-09-10 01:45:00
2024-09-10,02:00:00 am,0,103.008,21.39,2024-09-10 02:00:00
2024-09-10,02:15:00 am,0,103.009,21.34,2024-09-10 02:15:00
2024-09-10,02:30:00 am,0,103.005,21.288,2024-09-10 02:30:00
2024-09-10,02:45:00 am,0,102.99,21.234,2024-09-10 02:45:00
2024-09-10,03:00:00 am,0,102.98,21.178,2024-09-10 03:00:00
2024-09-10,03:15:00 am,0,102.987,21.123,2024-09-10 03:15:00
2024-09-10,03:30:00 am,0,102.992,21.071,2024-09-10 03:30:00
2024-09-10,03:45:00 am,0,102.994,21.015,2024-09-10 03:45:00
2024-09-10,04:00:00 am,0,103.003,20.96,2024-09-10 04:00:00
2024-09-10,04:15:00 am,0,103.014,20.9,2024-09-10 04:15:00
2024-09-10,04:30:00 am,0,103.02,20.843,2024-09-10 04:30:00
2024-09-10,04:45:00 am,0,103.032,20.783,2024-09-10 04:45:00
2024-09-10,05:00:00 am,0,103.05,20.724,2024-09-10 05:00:00
2024-09-10,05:15:00 am,0,103.065,20.661,2024-09-10 05:15:00
2024-09-10,05:30:00 am,0,103.08,20.605,2024-09-10 05:30:00
2024-09-10,05:45:00 am,0,103.086,20.548,2024-09-10 05:45:00
2024-09-10,06:00:00 am,0,103.101,20.494,2024-09-10 06:00:00
2024-09-10,06:15:00 am,0,103.121,20.438,2024-09-10 06:15:00
2024-09-10,06:30:00 am,0,103.143,20.381,2024-09-10 06:30:00
2024-09-10,06:45:00 am,0,103.165,20.33,2024-09-10 06:45:00
2024-09-10,07:00:00 am,0,103.181,20.279,2024-09-10 07:00:00
2024-09-10,07:15:00 am,0,103.199,20.229,2024-09-10 07:15:00
2024-09-10,07:30:00 am,0,103.203,20.182,2024-09-10 07:30:00
2024-09-10,07:45:00 am,0,103.22,20.142,2024-09-10 07:45:00
2024-09-10,08:00:00 am,0,103.215,20.105,2024-09-10 08:00:00
2024-09-10,08:15:00 am,0,103.23,20.074,2024-09-10 08:15:00
2024-09-10,08:30:00 am,0,103.246,20.052,2024-09-10 08:30:00
2024-09-10,08:45:00 am,0,103.254,20.038,2024-09-10 08:45:00
2024-09-10,09:00:00 am,0,103.254,20.033,2024-09-10 09:00:00
2024-09-10,09:15:00 am,0,103.27,20.04,2024-09-10 09:15:00
2024-09-10,09:30:00 am,0,103.284,20.054,2024-09-10 09:30:00
2024-09-10,09:45:00 am,0,103.294,20.081,2024-09-10 09:45:00
2024-09-10,10:00:00 am,0,103.299,20.115,2024-09-10 10:00:00
2024-09-10,10:15:00 am,0,103.276,20.159,2024-09-10 10:15:00
2024-09-10,10:30:00 am,0,103.264,20.207,2024-09-10 10:30:00
2024-09-10,10:45:00 am,0,103.267,20.258,2024-09-10 10:45:00
2024-09-10,11:00:00 am,0,103.269,20.319,2024-09-10 11:00:00
2024-09-10,11:15:00 am,0,103.249,20.386,2024-09-10 11:15:00
2024-09-10,11:30:00 am,0,103.238,20.463,2024-09-10 11:30:00
2024-09-10,11:45:00 am,0,103.236,20.543,2024-09-10 11:45:00
2024-09-10,12:00:00 pm,0,103.227,20.631,2024-09-10 12:00:00
2024-09-10,12:15:00 pm,0,103.195,20.72,2024-09-10 12:15:00
2024-09-10,12:30:00 pm,0,103.171,20.795,2024-09-10 12:30:00
2024-09-10,12:45:00 pm,0,103.167,20.879,2024-09-10 12:45:00
2024-09-10,01:00:00 pm,0,103.134,20.97,2024-09-10 01:00:00
2024-09-10,01:15:00 pm,0,103.107,21.059,2024-09-10 01:15:00
2024-09-10,01:30:00 pm,0,103.086,21.126,2024-09-10 01:30:00
2024-09-10,01:45:00 pm,0,103.069,21.217,2024-09-10 01:45:00
2024-09-10,02:00:00 pm,0,103.048,21.302,2024-09-10 02:00:00
2024-09-10,02:15:00 pm,0,103.041,21.38,2024-09-10 02:15:00
2024-09-10,02:30:00 pm,0,103.015,21.442,2024-09-10 02:30:00
2024-09-10,02:45:00 pm,0,102.991,21.499,2024-09-10 02:45:00
2024-09-10,03:00:00 pm,0,102.982,21.558,2024-09-10 03:00:00
2024-09-10,03:15:00 pm,0,102.965,21.619,2024-09-10 03:15:00
2024-09-10,03:30:00 pm,0,102.964,21.679,2024-09-10 03:30:00
2024-09-10,03:45:00 pm,0,102.953,21.735,2024-09-10 03:45:00
2024-09-10,04:00:00 pm,0,102.947,21.786,2024-09-10 04:00:00
2024-09-10,04:15:00 pm,0,102.946,21.834,2024-09-10 04:15:00
2024-09-10,04:30:00 pm,0,102.955,21.88,2024-09-10 04:30:00
2024-09-10,04:45:00 pm,0,102.955,21.928,2024-09-10 04:45:00
2024-09-10,05:00:00 pm,0,102.949,21.967,2024-09-10 05:00:00
2024-09-10,05:15:00 pm,0,102.929,22.01,2024-09-10 05:15:00
2024-09-10,05:30:00 pm,0,102.925,22.05,2024-09-10 05:30:00
2024-09-10,05:45:00 pm,0,102.919,22.089,2024-09-10 05:45:00
2024-09-10,06:00:00 pm,0,102.917,22.125,2024-09-10 06:00:00
2024-09-10,06:15:00 pm,0,102.91,22.164,2024-09-10 06:15:00
2024-09-10,06:30:00 pm,0,102.895,22.197,2024-09-10 06:30:00
2024-09-10,06:45:00 pm,0,102.904,22.23,2024-09-10 06:45:00
2024-09-10,07:00:00 pm,0,102.903,22.257,2024-09-10 07:00:00
2024-09-10,07:15:00 pm,0,102.903,22.284,2024-09-10 07:15:00
2024-09-10,07:30:00 pm,0,102.911,22.308,2024-09-10 07:30:00
2024-09-10,07:45:00 pm,0,102.91,22.328,2024-09-10 07:45:00
2024-09-10,08:00:00 pm,0,102.911,22.343,2024-09-10 08:00:00
2024-09-10,08:15:00 pm,0,102.901,22.357,2024-09-10 08:15:00
2024-09-10,08:30:00 pm,0,102.899,22.37,2024-09-10 08:30:00
2024-09-10,08:45:00 pm,0,102.906,22.376,2024-09-10 08:45:00
2024-09-10,09:00:00 pm,0,102.906,22.378,2024-09-10 09:00:00
2024-09-10,09:15:00 pm,0,102.921,22.373,2024-09-10 09:15:00
2024-09-10,09:30:00 pm,0,102.925,22.365,2024-09-10 09:30:00
2024-09-10,09:45:00 pm,0,102.921,22.356,2024-09-10 09:45:00
2024-09-10,10:00:00 pm,0,102.916,22.338,2024-09-10 10:00:00
2024-09-10,10:15:00 pm,0,102.912,22.322,2024-09-10 10:15:00
2024-09-10,10:30:00 pm,0,102.909,22.298,2024-09-10 10:30:00
2024-09-10,10:45:00 pm,0,102.926,22.271,2024-09-10 10:45:00
2024-09-10,11:00:00 pm,0,102.908,22.242,2024-09-10 11:00:00
2024-09-10,11:15:00 pm,0,102.89,22.21,2024-09-10 11:15:00
2024-09-10,11:30:00 pm,0,102.9,22.175,2024-09-10 11:30:00
2024-09-10,11:45:00 pm,0,102.882,22.142,2024-09-10 11:45:00
2024-09-11,12:00:00 am,0,102.861,22.103,2024-09-11 12:00:00
2024-09-11,12:15:00 am,0,102.863,22.064,2024-09-11 12:15:00
2024-09-11,12:30:00 am,0,102.86,22.025,2024-09-11 12:30:00
2024-09-11,12:45:00 am,0,102.854,21.984,2024-09-11 12:45:00
2024-09-11,01:00:00 am,0,102.842,21.943,2024-09-11 01:00:00
2024-09-11,01:15:00 am,0,102.852,21.902,2024-09-11 01:15:00
2024-09-11,01:30:00 am,0,102.859,21.855,2024-09-11 01:30:00
2024-09-11,01:45:00 am,0,102.861,21.813,2024-09-11 01:45:00
2024-09-11,02:00:00 am,0,102.856,21.766,2024-09-11 02:00:00
2024-09-11,02:15:00 am,0,102.86,21.723,2024-09-11 02:15:00
2024-09-11,02:30:00 am,0,102.833,21.678,2024-09-11 02:30:00
2024-09-11,02:45:00 am,0,102.82,21.633,2024-09-11 02:45:00
2024-09-11,03:00:00 am,0,102.821,21.587,2024-09-11 03:00:00
2024-09-11,03:15:00 am,0,102.817,21.54,2024-09-11 03:15:00
2024-09-11,03:30:00 am,0,102.813,21.486,2024-09-11 03:30:00
2024-09-11,03:45:00 am,0,102.829,21.436,2024-09-11 03:45:00
2024-09-11,04:00:00 am,0,102.823,21.382,2024-09-11 04:00:00
2024-09-11,04:15:00 am,0,102.779,21.331,2024-09-11 04:15:00
2024-09-11,04:30:00 am,0,102.823,21.28,2024-09-11 04:30:00
2024-09-11,04:45:00 am,0,102.806,21.234,2024-09-11 04:45:00
2024-09-11,05:00:00 am,0,102.799,21.187,2024-09-11 05:00:00
2024-09-11,05:15:00 am,0,102.808,21.14,2024-09-11 05:15:00
2024-09-11,05:30:00 am,0,102.838,21.092,2024-09-11 05:30:00
2024-09-11,05:45:00 am,0,102.85,21.048,2024-09-11 05:45:00
2024-09-11,06:00:00 am,0,102.85,21.003,2024-09-11 06:00:00
2024-09-11,06:15:00 am,0,102.889,20.956,2024-09-11 06:15:00
2024-09-11,06:30:00 am,0,102.885,20.91,2024-09-11 06:30:00
2024-09-11,06:45:00 am,0,102.878,20.866,2024-09-11 06:45:00
2024-09-11,07:00:00 am,0,102.893,20.826,2024-09-11 07:00:00
2024-09-11,07:15:00 am,0,102.9,20.79,2024-09-11 07:15:00
2024-09-11,07:30:00 am,0,102.92,20.763,2024-09-11 07:30:00
2024-09-11,07:45:00 am,0,102.925,20.738,2024-09-11 07:45:00
2024-09-11,08:00:00 am,0,102.937,20.72,2024-09-11 08:00:00
2024-09-11,08:15:00 am,0,102.955,20.705,2024-09-11 08:15:00
2024-09-11,08:30:00 am,0,102.963,20.694,2024-09-11 08:30:00
2024-09-11,08:45:00 am,0,102.987,20.687,2024-09-11 08:45:00
2024-09-11,09:00:00 am,0,103.005,20.685,2024-09-11 09:00:00
2024-09-11,09:15:00 am,0,103.016,20.686,2024-09-11 09:15:00
2024-09-11,09:30:00 am,0,102.997,20.686,2024-09-11 09:30:00
2024-09-11,09:45:00 am,0,102.983,20.697,2024-09-11 09:45:00
2024-09-11,10:00:00 am,0,102.974,20.707,2024-09-11 10:00:00
2024-09-11,10:15:00 am,0,102.957,20.725,2024-09-11 10:15:00
2024-09-11,10:30:00 am,0,102.961,20.75,2024-09-11 10:30:00
2024-09-11,10:45:00 am,0,102.969,20.778,2024-09-11 10:45:00
2024-09-11,11:00:00 am,0,102.968,20.804,2024-09-11 11:00:00
2024-09-11,11:15:00 am,0,102.958,20.833,2024-09-11 11:15:00
2024-09-11,11:30:00 am,0,102.959,20.864,2024-09-11 11:30:00
2024-09-11,11:45:00 am,0,102.95,20.895,2024-09-11 11:45:00
2024-09-11,12:00:00 pm,0,102.934,20.931,2024-09-11 12:00:00
2024-09-11,12:15:00 pm,0,102.927,20.975,2024-09-11 12:15:00
2024-09-11,12:30:00 pm,0,102.909,21.023,2024-09-11 12:30:00
2024-09-11,12:45:00 pm,0,102.897,21.074,2024-09-11 12:45:00
2024-09-11,01:00:00 pm,0,102.867,21.124,2024-09-11 01:00:00
2024-09-11,01:15:00 pm,0,102.829,21.173,2024-09-11 01:15:00
2024-09-11,01:30:00 pm,0,102.81,21.22,2024-09-11 01:30:00
2024-09-11,01:45:00 pm,0,102.797,21.265,2024-09-11 01:45:00
2024-09-11,02:00:00 pm,0,102.793,21.314,2024-09-11 02:00:00
2024-09-11,02:15:00 pm,0,102.772,21.361,2024-09-11 02:15:00
2024-09-11,02:30:00 pm,0,102.778,21.405,2024-09-11 02:30:00
2024-09-11,02:45:00 pm,0,102.78,21.442,2024-09-11 02:45:00
2024-09-11,03:00:00 pm,0,102.774,21.475,2024-09-11 03:00:00
2024-09-11,03:15:00 pm,0,102.769,21.507,2024-09-11 03:15:00
2024-09-11,03:30:00 pm,0,102.756,21.533,2024-09-11 03:30:00
2024-09-11,03:45:00 pm,0,102.745,21.563,2024-09-11 03:45:00
2024-09-11,04:00:00 pm,0,102.723,21.592,2024-09-11 04:00:00
2024-09-11,04:15:00 pm,0,102.711,21.626,2024-09-11 04:15:00
2024-09-11,04:30:00 pm,0,102.697,21.661,2024-09-11 04:30:00
2024-09-11,04:45:00 pm,0,102.7,21.696,2024-09-11 04:45:00
2024-09-11,05:00:00 pm,0,102.696,21.726,2024-09-11 05:00:00
2024-09-11,05:15:00 pm,0,102.689,21.753,2024-09-11 05:15:00
2024-09-11,05:30:00 pm,0,102.674,21.774,2024-09-11 05:30:00
2024-09-11,05:45:00 pm,0,102.663,21.796,2024-09-11 05:45:00
2024-09-11,06:00:00 pm,0,102.673,21.814,2024-09-11 06:00:00
2024-09-11,06:15:00 pm,0,102.651,21.833,2024-09-11 06:15:00
2024-09-11,06:30:00 pm,0,102.657,21.849,2024-09-11 06:30:00
2024-09-11,06:45:00 pm,0,102.645,21.863,2024-09-11 06:45:00
2024-09-11,07:00:00 pm,0,102.609,21.872,2024-09-11 07:00:00
2024-09-11,07:15:00 pm,0,102.585,21.877,2024-09-11 07:15:00
2024-09-11,07:30:00 pm,0,102.576,21.88,2024-09-11 07:30:00
2024-09-11,07:45:00 pm,0,102.569,21.884,2024-09-11 07:45:00
2024-09-11,08:00:00 pm,0,102.59,21.886,2024-09-11 08:00:00
2024-09-11,08:15:00 pm,0,102.598,21.882,2024-09-11 08:15:00
2024-09-11,08:30:00 pm,0,102.608,21.872,2024-09-11 08:30:00
2024-09-11,08:45:00 pm,0,102.633,21.864,2024-09-11 08:45:00
2024-09-11,09:00:00 pm,0,102.66,21.85,2024-09-11 09:00:00
2024-09-11,09:15:00 pm,0,102.643,21.832,2024-09-11 09:15:00
2024-09-11,09:30:00 pm,0,102.602,21.806,2024-09-11 09:30:00
2024-09-11,09:45:00 pm,0,102.581,21.783,2024-09-11 09:45:00
2024-09-11,10:00:00 pm,0,102.571,21.759,2024-09-11 10:00:00
2024-09-11,10:15:00 pm,0,102.556,21.736,2024-09-11 10:15:00
2024-09-11,10:30:00 pm,0,102.509,21.714,2024-09-11 10:30:00
2024-09-11,10:45:00 pm,0,102.445,21.693,2024-09-11 10:45:00
2024-09-11,11:00:00 pm,0,102.444,21.667,2024-09-11 11:00:00
2024-09-11,11:15:00 pm,0,102.559,21.642,2024-09-11 11:15:00
2024-09-11,11:30:00 pm,0,102.519,21.615,2024-09-11 11:30:00
2024-09-11,11:45:00 pm,0,102.554,21.586,2024-09-11 11:45:00
2024-09-12,12:00:00 am,0,102.636,21.56,2024-09-12 12:00:00
2024-09-12,12:15:00 am,0,102.64,21.534,2024-09-12 12:15:00
2024-09-12,12:30:00 am,0,102.587,21.504,2024-09-12 12:30:00
2024-09-12,12:45:00 am,0,102.536,21.479,2024-09-12 12:45:00
2024-09-12,01:00:00 am,0,102.502,21.452,2024-09-12 01:00:00
2024-09-12,01:15:00 am,0,102.475,21.426,2024-09-12 01:15:00
2024-09-12,01:30:00 am,0,102.447,21.398,2024-09-12 01:30:00
2024-09-12,01:45:00 am,0,102.417,21.373,2024-09-12 01:45:00
2024-09-12,02:00:00 am,0,102.426,21.346,2024-09-12 02:00:00
2024-09-12,02:15:00 am,0,102.436,21.323,2024-09-12 02:15:00
2024-09-12,02:30:00 am,0,102.395,21.301,2024-09-12 02:30:00
2024-09-12,02:45:00 am,0,102.395,21.279,2024-09-12 02:45:00
2024-09-12,03:00:00 am,0,102.392,21.261,2024-09-12 03:00:00
2024-09-12,03:15:00 am,0,102.393,21.241,2024-09-12 03:15:00
2024-09-12,03:30:00 am,0,102.394,21.225,2024-09-12 03:30:00
2024-09-12,03:45:00 am,0,102.357,21.214,2024-09-12 03:45:00
2024-09-12,04:00:00 am,0,102.404,21.201,2024-09-12 04:00:00
2024-09-12,04:15:00 am,0,102.433,21.189,2024-09-12 04:15:00
2024-09-12,04:30:00 am,0,102.39,21.183,2024-09-12 04:30:00
2024-09-12,04:45:00 am,0,102.417,21.174,2024-09-12 04:45:00
2024-09-12,05:00:00 am,0,102.414,21.165,2024-09-12 05:00:00
2024-09-12,05:15:00 am,0,102.43,21.156,2024-09-12 05:15:00
2024-09-12,05:30:00 am,0,102.453,21.145,2024-09-12 05:30:00
2024-09-12,05:45:00 am,0,102.465,21.136,2024-09-12 05:45:00
2024-09-12,06:00:00 am,0,102.451,21.129,2024-09-12 06:00:00
2024-09-12,06:15:00 am,0,102.522,21.121,2024-09-12 06:15:00
2024-09-12,06:30:00 am,0,102.53,21.112,2024-09-12 06:30:00
2024-09-12,06:45:00 am,0,102.539,21.102,2024-09-12 06:45:00
2024-09-12,07:00:00 am,0,102.556,21.091,2024-09-12 07:00:00
2024-09-12,07:15:00 am,0,102.554,21.083,2024-09-12 07:15:00
2024-09-12,07:30:00 am,0,102.564,21.077,2024-09-12 07:30:00
2024-09-12,07:45:00 am,0,102.556,21.067,2024-09-12 07:45:00
2024-09-12,08:00:00 am,0,102.595,21.06,2024-09-12 08:00:00
2024-09-12,08:15:00 am,0,102.622,21.049,2024-09-12 08:15:00
2024-09-12,08:30:00 am,0,102.631,21.042,2024-09-12 08:30:00
2024-09-12,08:45:00 am,0,102.602,21.035,2024-09-12 08:45:00
2024-09-12,09:00:00 am,0,102.625,21.029,2024-09-12 09:00:00
2024-09-12,09:15:00 am,0,102.612,21.023,2024-09-12 09:15:00
2024-09-12,09:30:00 am,0,102.617,21.023,2024-09-12 09:30:00
2024-09-12,09:45:00 am,0,102.596,21.025,2024-09-12 09:45:00
2024-09-12,10:00:00 am,0,102.614,21.029,2024-09-12 10:00:00
2024-09-12,10:15:00 am,0,102.641,21.037,2024-09-12 10:15:00
2024-09-12,10:30:00 am,0,102.637,21.039,2024-09-12 10:30:00
2024-09-12,10:45:00 am,0,102.639,21.049,2024-09-12 10:45:00
2024-09-12,11:00:00 am,0,102.65,21.06,2024-09-12 11:00:00
2024-09-12,11:15:00 am,0,102.682,21.068,2024-09-12 11:15:00
2024-09-12,11:30:00 am,0,102.655,21.083,2024-09-12 11:30:00
2024-09-12,11:45:00 am,0,102.707,21.093,2024-09-12 11:45:00
2024-09-12,12:00:00 pm,0,102.699,21.106,2024-09-12 12:00:00
2024-09-12,12:15:00 pm,0,102.71,21.12,2024-09-12 12:15:00
2024-09-12,12:30:00 pm,0,102.736,21.142,2024-09-12 12:30:00
2024-09-12,12:45:00 pm,0,102.757,21.17,2024-09-12 12:45:00
2024-09-12,01:00:00 pm,0,102.77,21.194,2024-09-12 01:00:00
2024-09-12,01:15:00 pm,0,102.771,21.209,2024-09-12 01:15:00
2024-09-12,01:30:00 pm,0,102.804,21.227,2024-09-12 01:30:00
2024-09-12,01:45:00 pm,0,102.812,21.251,2024-09-12 01:45:00
2024-09-12,02:00:00 pm,0,102.837,21.269,2024-09-12 02:00:00
2024-09-12,02:15:00 pm,0,102.807,21.292,2024-09-12 02:15:00
2024-09-12,02:30:00 pm,0,102.801,21.314,2024-09-12 02:30:00
2024-09-12,02:45:00 pm,0,102.841,21.334,2024-09-12 02:45:00
2024-09-12,03:00:00 pm,0,102.942,21.362,2024-09-12 03:00:00
2024-09-12,03:15:00 pm,0,103.154,21.393,2024-09-12 03:15:00
2024-09-12,03:30:00 pm,0,103.415,21.439,2024-09-12 03:30:00
2024-09-12,03:45:00 pm,0,103.571,21.474,2024-09-12 03:45:00
2024-09-12,04:00:00 pm,0,103.787,21.506,2024-09-12 04:00:00
2024-09-12,04:15:00 pm,0,103.993,21.535,2024-09-12 04:15:00
2024-09-12,04:30:00 pm,0,104.035,21.569,2024-09-12 04:30:00
2024-09-12,04:45:00 pm,0,104.013,21.604,2024-09-12 04:45:00
2024-09-12,05:00:00 pm,0,104.066,21.635,2024-09-12 05:00:00
2024-09-12,05:15:00 pm,0,104.127,21.664,2024-09-12 05:15:00
2024-09-12,05:30:00 pm,0,104.211,21.691,2024-09-12 05:30:00
2024-09-12,05:45:00 pm,0,104.249,21.718,2024-09-12 05:45:00
2024-09-12,06:00:00 pm,0,104.234,21.737,2024-09-12 06:00:00
2024-09-12,06:15:00 pm,0,104.194,21.752,2024-09-12 06:15:00
2024-09-12,06:30:00 pm,0,104.195,21.766,2024-09-12 06:30:00
2024-09-12,06:45:00 pm,0,104.22,21.779,2024-09-12 06:45:00
2024-09-12,07:00:00 pm,0,104.219,21.795,2024-09-12 07:00:00
2024-09-12,07:15:00 pm,0,104.234,21.814,2024-09-12 07:15:00
2024-09-12,07:30:00 pm,0,104.207,21.831,2024-09-12 07:30:00
2024-09-12,07:45:00 pm,0,104.174,21.845,2024-09-12 07:45:00
2024-09-12,08:00:00 pm,0,104.114,21.857,2024-09-12 08:00:00
2024-09-12,08:15:00 pm,0,104.066,21.863,2024-09-12 08:15:00
2024-09-12,08:30:00 pm,0,104.008,21.863,2024-09-12 08:30:00
2024-09-12,08:45:00 pm,0,103.965,21.858,2024-09-12 08:45:00
2024-09-12,09:00:00 pm,0,103.91,21.85,2024-09-12 09:00:00
2024-09-12,09:15:00 pm,0,103.854,21.839,2024-09-12 09:15:00
2024-09-12,09:30:00 pm,0,103.794,21.832,2024-09-12 09:30:00
2024-09-12,09:45:00 pm,0,103.748,21.821,2024-09-12 09:45:00
2024-09-12,10:00:00 pm,0,103.702,21.812,2024-09-12 10:00:00
2024-09-12,10:15:00 pm,0,103.682,21.802,2024-09-12 10:15:00
2024-09-12,10:30:00 pm,0,103.65,21.796,2024-09-12 10:30:00
2024-09-12,10:45:00 pm,0,103.623,21.791,2024-09-12 10:45:00
2024-09-12,11:00:00 pm,0,103.577,21.786,2024-09-12 11:00:00
2024-09-12,11:15:00 pm,0,103.549,21.78,2024-09-12 11:15:00
2024-09-12,11:30:00 pm,0,103.52,21.777,2024-09-12 11:30:00
2024-09-12,11:45:00 pm,0,103.492,21.777,2024-09-12 11:45:00
2024-09-13,12:00:00 am,0,103.456,21.774,2024-09-13 12:00:00
2024-09-13,12:15:00 am,0,103.428,21.775,2024-09-13 12:15:00
2024-09-13,12:30:00 am,0,103.402,21.774,2024-09-13 12:30:00
2024-09-13,12:45:00 am,0,103.386,21.774,2024-09-13 12:45:00
2024-09-13,01:00:00 am,0,103.366,21.776,2024-09-13 01:00:00
2024-09-13,01:15:00 am,0,103.362,21.78,2024-09-13 01:15:00
2024-09-13,01:30:00 am,0,103.339,21.781,2024-09-13 01:30:00
2024-09-13,01:45:00 am,0,103.312,21.786,2024-09-13 01:45:00
2024-09-13,02:00:00 am,0,103.29,21.789,2024-09-13 02:00:00
2024-09-13,02:15:00 am,0,103.27,21.789,2024-09-13 02:15:00
2024-09-13,02:30:00 am,0,103.251,21.79,2024-09-13 02:30:00
2024-09-13,02:45:00 am,0,103.238,21.796,2024-09-13 02:45:00
2024-09-13,03:00:00 am,0,103.223,21.796,2024-09-13 03:00:00
2024-09-13,03:15:00 am,0,103.213,21.797,2024-09-13 03:15:00
2024-09-13,03:30:00 am,0,103.2,21.798,2024-09-13 03:30:00
2024-09-13,03:45:00 am,0,103.188,21.799,2024-09-13 03:45:00
2024-09-13,04:00:00 am,0,103.163,21.798,2024-09-13 04:00:00
2024-09-13,04:15:00 am,0,103.168,21.796,2024-09-13 04:15:00
2024-09-13,04:30:00 am,0,103.173,21.794,2024-09-13 04:30:00
2024-09-13,04:45:00 am,0,103.173,21.795,2024-09-13 04:45:00
2024-09-13,05:00:00 am,0,103.157,21.793,2024-09-13 05:00:00
2024-09-13,05:15:00 am,0,103.145,21.793,2024-09-13 05:15:00
2024-09-13,05:30:00 am,0,103.135,21.788,2024-09-13 05:30:00
2024-09-13,05:45:00 am,0,103.128,21.784,2024-09-13 05:45:00
2024-09-13,06:00:00 am,0,103.129,21.782,2024-09-13 06:00:00
2024-09-13,06:15:00 am,0,103.128,21.781,2024-09-13 06:15:00
2024-09-13,06:30:00 am,0,103.12,21.779,2024-09-13 06:30:00
2024-09-13,06:45:00 am,0,103.13,21.777,2024-09-13 06:45:00
2024-09-13,07:00:00 am,0,103.149,21.778,2024-09-13 07:00:00
2024-09-13,07:15:00 am,0,103.158,21.775,2024-09-13 07:15:00
2024-09-13,07:30:00 am,0,103.163,21.774,2024-09-13 07:30:00
2024-09-13,07:45:00 am,0,103.17,21.77,2024-09-13 07:45:00
2024-09-13,08:00:00 am,0,103.166,21.769,2024-09-13 08:00:00
2024-09-13,08:15:00 am,0,103.156,21.768,2024-09-13 08:15:00
2024-09-13,08:30:00 am,0,103.135,21.767,2024-09-13 08:30:00
2024-09-13,08:45:00 am,0,103.124,21.769,2024-09-13 08:45:00
2024-09-13,09:00:00 am,0,103.105,21.771,2024-09-13 09:00:00
2024-09-13,09:15:00 am,0,103.109,21.781,2024-09-13 09:15:00
2024-09-13,09:30:00 am,0,103.113,21.79,2024-09-13 09:30:00
2024-09-13,09:45:00 am,0,103.111,21.794,2024-09-13 09:45:00
2024-09-13,10:00:00 am,0,103.123,21.801,2024-09-13 10:00:00
2024-09-13,10:15:00 am,0,103.131,21.817,2024-09-13 10:15:00
2024-09-13,10:30:00 am,0,103.136,21.833,2024-09-13 10:30:00
2024-09-13,10:45:00 am,0,103.14,21.863,2024-09-13 10:45:00
2024-09-13,11:00:00 am,0,103.151,21.894,2024-09-13 11:00:00
2024-09-13,11:15:00 am,0,103.136,21.919,2024-09-13 11:15:00
2024-09-13,11:30:00 am,0,103.107,21.94,2024-09-13 11:30:00
2024-09-13,11:45:00 am,0,103.086,21.976,2024-09-13 11:45:00
2024-09-13,12:00:00 pm,0,103.066,22.011,2024-09-13 12:00:00
2024-09-13,12:15:00 pm,0,103.037,22.059,2024-09-13 12:15:00
2024-09-13,12:30:00 pm,0,102.992,22.11,2024-09-13 12:30:00
2024-09-13,12:45:00 pm,0,102.953,22.174,2024-09-13 12:45:00
2024-09-13,01:00:00 pm,0,102.928,22.231,2024-09-13 01:00:00
2024-09-13,01:15:00 pm,0,102.909,22.31,2024-09-13 01:15:00
2024-09-13,01:30:00 pm,0,102.906,22.393,2024-09-13 01:30:00
2024-09-13,01:45:00 pm,0,102.881,22.483,2024-09-13 01:45:00
2024-09-13,02:00:00 pm,0,102.85,22.551,2024-09-13 02:00:00
2024-09-13,02:15:00 pm,0,102.835,22.605,2024-09-13 02:15:00
2024-09-13,02:30:00 pm,0,102.812,22.647,2024-09-13 02:30:00
2024-09-13,02:45:00 pm,0,102.802,22.696,2024-09-13 02:45:00
2024-09-13,03:00:00 pm,0,102.816,22.751,2024-09-13 03:00:00
2024-09-13,03:15:00 pm,0,102.795,22.812,2024-09-13 03:15:00
2024-09-13,03:30:00 pm,0,102.756,22.876,2024-09-13 03:30:00
2024-09-13,03:45:00 pm,0,102.74,22.941,2024-09-13 03:45:00
2024-09-13,04:00:00 pm,0,102.777,22.993,2024-09-13 04:00:00
2024-09-13,04:15:00 pm,0,102.803,23.041,2024-09-13 04:15:00
2024-09-13,04:30:00 pm,0,102.819,23.081,2024-09-13 04:30:00
2024-09-13,04:45:00 pm,0,102.939,23.107,2024-09-13 04:45:00
2024-09-13,05:00:00 pm,0,102.988,23.121,2024-09-13 05:00:00
2024-09-13,05:15:00 pm,0,103.008,23.138,2024-09-13 05:15:00
2024-09-13,05:30:00 pm,0,103.042,23.159,2024-09-13 05:30:00
2024-09-13,05:45:00 pm,0,103.123,23.191,2024-09-13 05:45:00
2024-09-13,06:00:00 pm,0,103.178,23.221,2024-09-13 06:00:00
2024-09-13,06:15:00 pm,0,103.213,23.255,2024-09-13 06:15:00
2024-09-13,06:30:00 pm,0,103.22,23.289,2024-09-13 06:30:00
2024-09-13,06:45:00 pm,0,103.25,23.323,2024-09-13 06:45:00
2024-09-13,07:00:00 pm,0,103.202,23.347,2024-09-13 07:00:00
2024-09-13,07:15:00 pm,0,103.177,23.361,2024-09-13 07:15:00
2024-09-13,07:30:00 pm,0,103.166,23.361,2024-09-13 07:30:00
2024-09-13,07:45:00 pm,0,103.185,23.352,2024-09-13 07:45:00
2024-09-13,08:00:00 pm,0,103.192,23.343,2024-09-13 08:00:00
2024-09-13,08:15:00 pm,0,103.202,23.335,2024-09-13 08:15:00
2024-09-13,08:30:00 pm,0,103.222,23.327,2024-09-13 08:30:00
2024-09-13,08:45:00 pm,0,103.202,23.317,2024-09-13 08:45:00
2024-09-13,09:00:00 pm,0,103.222,23.301,2024-09-13 09:00:00
2024-09-13,09:15:00 pm,0,103.246,23.277,2024-09-13 09:15:00
2024-09-13,09:30:00 pm,0,103.227,23.244,2024-09-13 09:30:00
2024-09-13,09:45:00 pm,0,103.22,23.209,2024-09-13 09:45:00
2024-09-13,10:00:00 pm,0,103.237,23.174,2024-09-13 10:00:00
2024-09-13,10:15:00 pm,0,103.224,23.14,2024-09-13 10:15:00
2024-09-13,10:30:00 pm,0,103.236,23.106,2024-09-13 10:30:00
2024-09-13,10:45:00 pm,0,103.242,23.072,2024-09-13 10:45:00
2024-09-13,11:00:00 pm,0,103.246,23.038,2024-09-13 11:00:00
2024-09-13,11:15:00 pm,0,103.259,22.999,2024-09-13 11:15:00
2024-09-13,11:30:00 pm,0,103.256,22.963,2024-09-13 11:30:00
2024-09-13,11:45:00 pm,0,103.244,22.926,2024-09-13 11:45:00
2024-09-14,12:00:00 am,0,103.273,22.894,2024-09-14 12:00:00
2024-09-14,12:15:00 am,0,103.28,22.861,2024-09-14 12:15:00
2024-09-14,12:30:00 am,0,103.301,22.833,2024-09-14 12:30:00
2024-09-14,12:45:00 am,0,103.319,22.797,2024-09-14 12:45:00
2024-09-14,01:00:00 am,0,103.385,22.757,2024-09-14 01:00:00
2024-09-14,01:15:00 am,0,103.419,22.708,2024-09-14 01:15:00
2024-09-14,01:30:00 am,0,103.444,22.668,2024-09-14 01:30:00
2024-09-14,01:45:00 am,0,103.467,22.634,2024-09-14 01:45:00
2024-09-14,02:00:00 am,0,103.51,22.601,2024-09-14 02:00:00
2024-09-14,02:15:00 am,0,103.542,22.571,2024-09-14 02:15:00
2024-09-14,02:30:00 am,0,103.56,22.538,2024-09-14 02:30:00
2024-09-14,02:45:00 am,0,103.544,22.505,2024-09-14 02:45:00
2024-09-14,03:00:00 am,0,103.49,22.473,2024-09-14 03:00:00
2024-09-14,03:15:00 am,0,103.454,22.439,2024-09-14 03:15:00
2024-09-14,03:30:00 am,0,103.457,22.404,2024-09-14 03:30:00
2024-09-14,03:45:00 am,0,103.461,22.373,2024-09-14 03:45:00
2024-09-14,04:00:00 am,0,103.474,22.345,2024-09-14 04:00:00
2024-09-14,04:15:00 am,0,103.489,22.313,2024-09-14 04:15:00
2024-09-14,04:30:00 am,0,103.493,22.287,2024-09-14 04:30:00
2024-09-14,04:45:00 am,0,103.523,22.258,2024-09-14 04:45:00
2024-09-14,05:00:00 am,0,103.52,22.226,2024-09-14 05:00:00
2024-09-14,05:15:00 am,0,103.513,22.194,2024-09-14 05:15:00
2024-09-14,05:30:00 am,0,103.486,22.162,2024-09-14 05:30:00
2024-09-14,05:45:00 am,0,103.487,22.133,2024-09-14 05:45:00
2024-09-14,06:00:00 am,0,103.479,22.103,2024-09-14 06:00:00
2024-09-14,06:15:00 am,0,103.453,22.079,2024-09-14 06:15:00
2024-09-14,06:30:00 am,0,103.458,22.048,2024-09-14 06:30:00
2024-09-14,06:45:00 am,0,103.468,22.022,2024-09-14 06:45:00
2024-09-14,07:00:00 am,0,103.456,21.994,2024-09-14 07:00:00
2024-09-14,07:15:00 am,0,103.471,21.967,2024-09-14 07:15:00
2024-09-14,07:30:00 am,0,103.458,21.94,2024-09-14 07:30:00
2024-09-14,07:45:00 am,0,103.445,21.916,2024-09-14 07:45:00
2024-09-14,08:00:00 am,0,103.442,21.893,2024-09-14 08:00:00
2024-09-14,08:15:00 am,0,103.432,21.874,2024-09-14 08:15:00
2024-09-14,08:30:00 am,0,103.417,21.856,2024-09-14 08:30:00
2024-09-14,08:45:00 am,0,103.435,21.842,2024-09-14 08:45:00
2024-09-14,09:00:00 am,0,103.432,21.833,2024-09-14 09:00:00
2024-09-14,09:15:00 am,0,103.439,21.828,2024-09-14 09:15:00
2024-09-14,09:30:00 am,0,103.443,21.823,2024-09-14 09:30:00
2024-09-14,09:45:00 am,0,103.44,21.824,2024-09-14 09:45:00
2024-09-14,10:00:00 am,0,103.428,21.831,2024-09-14 10:00:00
2024-09-14,10:15:00 am,0,103.426,21.842,2024-09-14 10:15:00
2024-09-14,10:30:00 am,0,103.409,21.853,2024-09-14 10:30:00
2024-09-14,10:45:00 am,0,103.396,21.864,2024-09-14 10:45:00
2024-09-14,11:00:00 am,0,103.386,21.883,2024-09-14 11:00:00
2024-09-14,11:15:00 am,0,103.382,21.917,2024-09-14 11:15:00
2024-09-14,11:30:00 am,0,103.364,21.951,2024-09-14 11:30:00
2024-09-14,11:45:00 am,0,103.359,21.981,2024-09-14 11:45:00
2024-09-14,12:00:00 pm,0,103.335,22.004,2024-09-14 12:00:00
2024-09-14,12:15:00 pm,0,103.317,22.034,2024-09-14 12:15:00
2024-09-14,12:30:00 pm,0,103.313,22.071,2024-09-14 12:30:00
2024-09-14,12:45:00 pm,0,103.296,22.112,2024-09-14 12:45:00
2024-09-14,01:00:00 pm,0,103.286,22.157,2024-09-14 01:00:00
2024-09-14,01:15:00 pm,0,103.268,22.201,2024-09-14 01:15:00
2024-09-14,01:30:00 pm,0,103.252,22.243,2024-09-14 01:30:00
2024-09-14,01:45:00 pm,0,103.222,22.278,2024-09-14 01:45:00
2024-09-14,02:00:00 pm,0,103.209,22.316,2024-09-14 02:00:00
2024-09-14,02:15:00 pm,0,103.182,22.357,2024-09-14 02:15:00
2024-09-14,02:30:00 pm,0,103.158,22.408,2024-09-14 02:30:00
2024-09-14,02:45:00 pm,0,103.132,22.463,2024-09-14 02:45:00
2024-09-14,03:00:00 pm,0,103.137,22.508,2024-09-14 03:00:00
2024-09-14,03:15:00 pm,0,103.146,22.544,2024-09-14 03:15:00
2024-09-14,03:30:00 pm,0,103.265,22.569,2024-09-14 03:30:00
2024-09-14,03:45:00 pm,0,103.371,22.579,2024-09-14 03:45:00
2024-09-14,04:00:00 pm,0,103.366,22.585,2024-09-14 04:00:00
2024-09-14,04:15:00 pm,0,103.331,22.599,2024-09-14 04:15:00
2024-09-14,04:30:00 pm,0,103.286,22.622,2024-09-14 04:30:00
2024-09-14,04:45:00 pm,0,103.285,22.648,2024-09-14 04:45:00
2024-09-14,05:00:00 pm,0,103.302,22.676,2024-09-14 05:00:00
2024-09-14,05:15:00 pm,0,103.294,22.705,2024-09-14 05:15:00
2024-09-14,05:30:00 pm,0,103.241,22.732,2024-09-14 05:30:00
2024-09-14,05:45:00 pm,0,103.245,22.762,2024-09-14 05:45:00
2024-09-14,06:00:00 pm,0,103.224,22.785,2024-09-14 06:00:00
2024-09-14,06:15:00 pm,0,103.206,22.796,2024-09-14 06:15:00
2024-09-14,06:30:00 pm,0,103.193,22.806,2024-09-14 06:30:00
2024-09-14,06:45:00 pm,0,103.19,22.81,2024-09-14 06:45:00
2024-09-14,07:00:00 pm,0,103.194,22.812,2024-09-14 07:00:00
2024-09-14,07:15:00 pm,0,103.191,22.812,2024-09-14 07:15:00
2024-09-14,07:30:00 pm,0,103.197,22.812,2024-09-14 07:30:00
2024-09-14,07:45:00 pm,0,103.201,22.807,2024-09-14 07:45:00
2024-09-14,08:00:00 pm,0,103.202,22.805,2024-09-14 08:00:00
2024-09-14,08:15:00 pm,0,103.213,22.797,2024-09-14 08:15:00
2024-09-14,08:30:00 pm,0,103.203,22.784,2024-09-14 08:30:00
2024-09-14,08:45:00 pm,0,103.199,22.766,2024-09-14 08:45:00
2024-09-14,09:00:00 pm,0,103.214,22.744,2024-09-14 09:00:00
2024-09-14,09:15:00 pm,0,103.208,22.72,2024-09-14 09:15:00
2024-09-14,09:30:00 pm,0,103.207,22.694,2024-09-14 09:30:00
2024-09-14,09:45:00 pm,0,103.206,22.662,2024-09-14 09:45:00
2024-09-14,10:00:00 pm,0,103.205,22.634,2024-09-14 10:00:00
2024-09-14,10:15:00 pm,0,103.21,22.603,2024-09-14 10:15:00
2024-09-14,10:30:00 pm,0,103.194,22.573,2024-09-14 10:30:00
2024-09-14,10:45:00 pm,0,103.202,22.545,2024-09-14 10:45:00
2024-09-14,11:00:00 pm,0,103.198,22.517,2024-09-14 11:00:00
2024-09-14,11:15:00 pm,0,103.189,22.491,2024-09-14 11:15:00
2024-09-14,11:30:00 pm,0,103.18,22.466,2024-09-14 11:30:00
2024-09-14,11:45:00 pm,0,103.17,22.439,2024-09-14 11:45:00
2024-09-15,12:00:00 am,0,103.16,22.417,2024-09-15 12:00:00
2024-09-15,12:15:00 am,0,103.156,22.395,2024-09-15 12:15:00
2024-09-15,12:30:00 am,0,103.149,22.375,2024-09-15 12:30:00
2024-09-15,12:45:00 am,0,103.15,22.356,2024-09-15 12:45:00
2024-09-15,01:00:00 am,0,103.137,22.338,2024-09-15 01:00:00
2024-09-15,01:15:00 am,0,103.127,22.322,2024-09-15 01:15:00
2024-09-15,01:30:00 am,0,103.123,22.305,2024-09-15 01:30:00
2024-09-15,01:45:00 am,0,103.106,22.291,2024-09-15 01:45:00
2024-09-15,02:00:00 am,0,103.098,22.277,2024-09-15 02:00:00
2024-09-15,02:15:00 am,0,103.097,22.262,2024-09-15 02:15:00
2024-09-15,02:30:00 am,0,103.086,22.246,2024-09-15 02:30:00
2024-09-15,02:45:00 am,0,103.07,22.231,2024-09-15 02:45:00
2024-09-15,03:00:00 am,0,103.07,22.214,2024-09-15 03:00:00
2024-09-15,03:15:00 am,0,103.045,22.2,2024-09-15 03:15:00
2024-09-15,03:30:00 am,0,103.037,22.183,2024-09-15 03:30:00
2024-09-15,03:45:00 am,0,103.037,22.168,2024-09-15 03:45:00
2024-09-15,04:00:00 am,0,103.037,22.154,2024-09-15 04:00:00
2024-09-15,04:15:00 am,0,103.038,22.14,2024-09-15 04:15:00
2024-09-15,04:30:00 am,0,103.054,22.13,2024-09-15 04:30:00
2024-09-15,04:45:00 am,0,103.052,22.117,2024-09-15 04:45:00
2024-09-15,05:00:00 am,0,103.089,22.106,2024-09-15 05:00:00
2024-09-15,05:15:00 am,0,103.092,22.093,2024-09-15 05:15:00
2024-09-15,05:30:00 am,0,103.109,22.083,2024-09-15 05:30:00
2024-09-15,05:45:00 am,0,103.119,22.071,2024-09-15 05:45:00
2024-09-15,06:00:00 am,0,103.135,22.059,2024-09-15 06:00:00
2024-09-15,06:15:00 am,0,103.147,22.047,2024-09-15 06:15:00
2024-09-15,06:30:00 am,0,103.161,22.034,2024-09-15 06:30:00
2024-09-15,06:45:00 am,0,103.173,22.022,2024-09-15 06:45:00
2024-09-15,07:00:00 am,0,103.183,22.007,2024-09-15 07:00:00
2024-09-15,07:15:00 am,0,103.193,21.995,2024-09-15 07:15:00
2024-09-15,07:30:00 am,0,103.192,21.981,2024-09-15 07:30:00
2024-09-15,07:45:00 am,0,103.198,21.967,2024-09-15 07:45:00
2024-09-15,08:00:00 am,0,103.209,21.958,2024-09-15 08:00:00
2024-09-15,08:15:00 am,0,103.23,21.944,2024-09-15 08:15:00
2024-09-15,08:30:00 am,0,103.239,21.935,2024-09-15 08:30:00
2024-09-15,08:45:00 am,0,103.245,21.922,2024-09-15 08:45:00
2024-09-15,09:00:00 am,0,103.244,21.913,2024-09-15 09:00:00
2024-09-15,09:15:00 am,0,103.252,21.904,2024-09-15 09:15:00
2024-09-15,09:30:00 am,0,103.267,21.896,2024-09-15 09:30:00
2024-09-15,09:45:00 am,0,103.277,21.889,2024-09-15 09:45:00
2024-09-15,10:00:00 am,0,103.283,21.881,2024-09-15 10:00:00
2024-09-15,10:15:00 am,0,103.286,21.877,2024-09-15 10:15:00
2024-09-15,10:30:00 am,0,103.293,21.876,2024-09-15 10:30:00
2024-09-15,10:45:00 am,0,103.305,21.883,2024-09-15 10:45:00
2024-09-15,11:00:00 am,0,103.302,21.892,2024-09-15 11:00:00
2024-09-15,11:15:00 am,0,103.312,21.896,2024-09-15 11:15:00
2024-09-15,11:30:00 am,0,103.295,21.907,2024-09-15 11:30:00
2024-09-15,11:45:00 am,0,103.307,21.926,2024-09-15 11:45:00
2024-09-15,12:00:00 pm,0,103.293,21.938,2024-09-15 12:00:00
2024-09-15,12:15:00 pm,0,103.292,21.949,2024-09-15 12:15:00
2024-09-15,12:30:00 pm,0,103.294,21.96,2024-09-15 12:30:00
2024-09-15,12:45:00 pm,0,103.281,21.969,2024-09-15 12:45:00
2024-09-15,01:00:00 pm,0,103.251,21.988,2024-09-15 01:00:00
2024-09-15,01:15:00 pm,0,103.238,22.014,2024-09-15 01:15:00
2024-09-15,01:30:00 pm,0,103.219,22.039,2024-09-15 01:30:00
2024-09-15,01:45:00 pm,0,103.204,22.064,2024-09-15 01:45:00
2024-09-15,02:00:00 pm,0,103.188,22.084,2024-09-15 02:00:00
2024-09-15,02:15:00 pm,0,103.159,22.098,2024-09-15 02:15:00
2024-09-15,02:30:00 pm,0,103.153,22.119,2024-09-15 02:30:00
2024-09-15,02:45:00 pm,0,103.143,22.144,2024-09-15 02:45:00
2024-09-15,03:00:00 pm,0,103.157,22.172,2024-09-15 03:00:00
2024-09-15,03:15:00 pm,0,103.142,22.192,2024-09-15 03:15:00
2024-09-15,03:30:00 pm,0,103.131,22.209,2024-09-15 03:30:00
2024-09-15,03:45:00 pm,0,103.113,22.229,2024-09-15 03:45:00
2024-09-15,04:00:00 pm,0,103.128,22.252,2024-09-15 04:00:00
2024-09-15,04:15:00 pm,0,103.136,22.272,2024-09-15 04:15:00
2024-09-15,04:30:00 pm,0,103.146,22.289,2024-09-15 04:30:00
2024-09-15,04:45:00 pm,0,103.156,22.303,2024-09-15 04:45:00
2024-09-15,05:00:00 pm,0,103.148,22.314,2024-09-15 05:00:00
2024-09-15,05:15:00 pm,0,103.156,22.321,2024-09-15 05:15:00
2024-09-15,05:30:00 pm,0,103.148,22.335,2024-09-15 05:30:00
2024-09-15,05:45:00 pm,0,103.142,22.348,2024-09-15 05:45:00
2024-09-15,06:00:00 pm,0,103.147,22.361,2024-09-15 06:00:00
2024-09-15,06:15:00 pm,0,103.151,22.369,2024-09-15 06:15:00
2024-09-15,06:30:00 pm,0,103.143,22.378,2024-09-15 06:30:00
2024-09-15,06:45:00 pm,0,103.149,22.388,2024-09-15 06:45:00
2024-09-15,07:00:00 pm,0,103.149,22.396,2024-09-15 07:00:00
2024-09-15,07:15:00 pm,0,103.159,22.4,2024-09-15 07:15:00
2024-09-15,07:30:00 pm,0,103.169,22.403,2024-09-15 07:30:00
2024-09-15,07:45:00 pm,0,103.176,22.403,2024-09-15 07:45:00
2024-09-15,08:00:00 pm,0,103.19,22.398,2024-09-15 08:00:00
2024-09-15,08:15:00 pm,0,103.203,22.394,2024-09-15 08:15:00
2024-09-15,08:30:00 pm,0,103.271,22.388,2024-09-15 08:30:00
2024-09-15,08:45:00 pm,0,103.34,22.374,2024-09-15 08:45:00
2024-09-15,09:00:00 pm,0,103.395,22.356,2024-09-15 09:00:00
2024-09-15,09:15:00 pm,0,103.435,22.344,2024-09-15 09:15:00
2024-09-15,09:30:00 pm,0,103.487,22.333,2024-09-15 09:30:00
2024-09-15,09:45:00 pm,0,103.561,22.323,2024-09-15 09:45:00
2024-09-15,10:00:00 pm,0,103.616,22.309,2024-09-15 10:00:00
2024-09-15,10:15:00 pm,0,103.654,22.298,2024-09-15 10:15:00
2024-09-15,10:30:00 pm,0,103.677,22.282,2024-09-15 10:30:00
2024-09-15,10:45:00 pm,0,103.667,22.268,2024-09-15 10:45:00
2024-09-15,11:00:00 pm,0,103.654,22.248,2024-09-15 11:00:00
2024-09-15,11:15:00 pm,0,103.658,22.229,2024-09-15 11:15:00
2024-09-15,11:30:00 pm,0,103.657,22.208,2024-09-15 11:30:00
2024-09-15,11:45:00 pm,0,103.67,22.191,2024-09-15 11:45:00
2024-09-16,12:00:00 am,0,103.691,22.175,2024-09-16 12:00:00
2024-09-16,12:15:00 am,0,103.704,22.16,2024-09-16 12:15:00
2024-09-16,12:30:00 am,0,103.712,22.14,2024-09-16 12:30:00
2024-09-16,12:45:00 am,0,103.743,22.121,2024-09-16 12:45:00
2024-09-16,01:00:00 am,0,103.757,22.103,2024-09-16 01:00:00
2024-09-16,01:15:00 am,0,103.756,22.081,2024-09-16 01:15:00
2024-09-16,01:30:00 am,0,103.764,22.061,2024-09-16 01:30:00
2024-09-16,01:45:00 am,0,103.765,22.041,2024-09-16 01:45:00
2024-09-16,02:00:00 am,0,103.748,22.022,2024-09-16 02:00:00
2024-09-16,02:15:00 am,0,103.732,22.002,2024-09-16 02:15:00
2024-09-16,02:30:00 am,0,103.716,21.985,2024-09-16 02:30:00
2024-09-16,02:45:00 am,0,103.703,21.967,2024-09-16 02:45:00
2024-09-16,03:00:00 am,0,103.692,21.949,2024-09-16 03:00:00
2024-09-16,03:15:00 am,0,103.686,21.931,2024-09-16 03:15:00
2024-09-16,03:30:00 am,0,103.679,21.914,2024-09-16 03:30:00
2024-09-16,03:45:00 am,0,103.664,21.896,2024-09-16 03:45:00
2024-09-16,04:00:00 am,0,103.662,21.881,2024-09-16 04:00:00
2024-09-16,04:15:00 am,0,103.649,21.861,2024-09-16 04:15:00
2024-09-16,04:30:00 am,0,103.636,21.842,2024-09-16 04:30:00
2024-09-16,04:45:00 am,0,103.623,21.823,2024-09-16 04:45:00
2024-09-16,05:00:00 am,0,103.622,21.805,2024-09-16 05:00:00
2024-09-16,05:15:00 am,0,103.607,21.783,2024-09-16 05:15:00
2024-09-16,05:30:00 am,0,103.608,21.764,2024-09-16 05:30:00
2024-09-16,05:45:00 am,0,103.594,21.747,2024-09-16 05:45:00
2024-09-16,06:00:00 am,0,103.606,21.727,2024-09-16 06:00:00
2024-09-16,06:15:00 am,0,103.6,21.702,2024-09-16 06:15:00
2024-09-16,06:30:00 am,0,103.61,21.68,2024-09-16 06:30:00
2024-09-16,06:45:00 am,0,103.629,21.659,2024-09-16 06:45:00
2024-09-16,07:00:00 am,0,103.619,21.638,2024-09-16 07:00:00
2024-09-16,07:15:00 am,0,103.606,21.616,2024-09-16 07:15:00
2024-09-16,07:30:00 am,0,103.604,21.598,2024-09-16 07:30:00
2024-09-16,07:45:00 am,0,103.607,21.584,2024-09-16 07:45:00
2024-09-16,08:00:00 am,0,103.616,21.571,2024-09-16 08:00:00
2024-09-16,08:15:00 am,0,103.634,21.561,2024-09-16 08:15:00
2024-09-16,08:30:00 am,0,103.658,21.55,2024-09-16 08:30:00
2024-09-16,08:45:00 am,0,103.649,21.541,2024-09-16 08:45:00
2024-09-16,09:00:00 am,0,103.632,21.545,2024-09-16 09:00:00
