Date,Time,ms,LEVEL,TEMPERATURE,DateTime
2024-06-17,08:19:26 am,0,101.002,25.085,2024-06-17 08:19:26
2024-06-17,08:34:26 am,0,101.053,23.625,2024-06-17 08:34:26
2024-06-17,08:49:26 am,0,101.066,22.817,2024-06-17 08:49:26
2024-06-17,09:04:26 am,0,101.066,22.515,2024-06-17 09:04:26
2024-06-17,09:19:26 am,0,101.057,22.353,2024-06-17 09:19:26
2024-06-17,09:34:26 am,0,101.046,22.251,2024-06-17 09:34:26
2024-06-17,09:49:26 am,0,101.025,22.179,2024-06-17 09:49:26
2024-06-17,10:04:26 am,0,101.034,22.125,2024-06-17 10:04:26
2024-06-17,10:19:26 am,0,101.031,22.082,2024-06-17 10:19:26
2024-06-17,10:34:26 am,0,101.03,22.05,2024-06-17 10:34:26
2024-06-17,10:49:26 am,0,101.022,22.029,2024-06-17 10:49:26
2024-06-17,11:04:26 am,0,101.009,22.009,2024-06-17 11:04:26
2024-06-17,11:19:26 am,0,101,21.992,2024-06-17 11:19:26
2024-06-17,11:34:26 am,0,100.993,21.977,2024-06-17 11:34:26
2024-06-17,11:49:26 am,0,100.956,21.967,2024-06-17 11:49:26
2024-06-17,12:04:26 pm,0,100.958,21.958,2024-06-17 12:04:26
2024-06-17,12:19:26 pm,0,100.96,21.951,2024-06-17 12:19:26
2024-06-17,12:34:26 pm,0,100.938,21.945,2024-06-17 12:34:26
2024-06-17,12:49:26 pm,0,100.929,21.924,2024-06-17 12:49:26
2024-06-17,01:04:26 pm,0,100.92,21.891,2024-06-17 01:04:26
2024-06-17,01:19:26 pm,0,100.901,21.85,2024-06-17 01:19:26
2024-06-17,01:34:26 pm,0,100.892,21.802,2024-06-17 01:34:26
2024-06-17,01:49:26 pm,0,100.863,21.754,2024-06-17 01:49:26
2024-06-17,02:04:26 pm,0,100.832,21.707,2024-06-17 02:04:26
2024-06-17,02:19:26 pm,0,100.8,21.667,2024-06-17 02:19:26
2024-06-17,02:34:26 pm,0,100.782,21.633,2024-06-17 02:34:26
2024-06-17,02:49:26 pm,0,100.775,21.609,2024-06-17 02:49:26
2024-06-17,03:04:26 pm,0,100.772,21.587,2024-06-17 03:04:26
2024-06-17,03:19:26 pm,0,100.847,21.569,2024-06-17 03:19:26
2024-06-17,03:34:26 pm,0,100.798,21.559,2024-06-17 03:34:26
2024-06-17,03:49:26 pm,0,100.78,21.562,2024-06-17 03:49:26
2024-06-17,04:04:26 pm,0,100.753,21.565,2024-06-17 04:04:26
2024-06-17,04:19:26 pm,0,100.764,21.564,2024-06-17 04:19:26
2024-06-17,04:34:26 pm,0,100.753,22.113,2024-06-17 04:34:26
2024-06-17,04:49:26 pm,0,100.745,23.797,2024-06-17 04:49:26
2024-06-17,05:04:26 pm,0,100.738,24.832,2024-06-17 05:04:26
2024-06-17,05:19:26 pm,0,100.742,25.532,2024-06-17 05:19:26
2024-06-17,05:34:26 pm,0,100.743,26.076,2024-06-17 05:34:26
2024-06-17,05:49:26 pm,0,100.776,26.543,2024-06-17 05:49:26
2024-06-17,06:04:26 pm,0,100.803,26.954,2024-06-17 06:04:26
2024-06-17,06:19:26 pm,0,100.782,27.267,2024-06-17 06:19:26
2024-06-17,06:34:26 pm,0,100.786,27.467,2024-06-17 06:34:26
2024-06-17,06:49:26 pm,0,100.782,27.6,2024-06-17 06:49:26
2024-06-17,07:04:26 pm,0,100.789,27.689,2024-06-17 07:04:26
2024-06-17,07:19:26 pm,0,100.789,27.759,2024-06-17 07:19:26
2024-06-17,07:34:26 pm,0,100.789,27.822,2024-06-17 07:34:26
2024-06-17,07:49:26 pm,0,100.801,27.879,2024-06-17 07:49:26
2024-06-17,08:04:26 pm,0,100.804,27.919,2024-06-17 08:04:26
2024-06-17,08:19:26 pm,0,100.827,27.939,2024-06-17 08:19:26
2024-06-17,08:34:26 pm,0,100.836,27.944,2024-06-17 08:34:26
2024-06-17,08:49:26 pm,0,100.849,27.943,2024-06-17 08:49:26
2024-06-17,09:04:26 pm,0,100.853,27.935,2024-06-17 09:04:26
2024-06-17,09:19:26 pm,0,100.885,27.915,2024-06-17 09:19:26
2024-06-17,09:34:26 pm,0,100.917,27.863,2024-06-17 09:34:26
2024-06-17,09:49:26 pm,0,100.932,27.783,2024-06-17 09:49:26
2024-06-17,10:04:26 pm,0,100.931,27.7,2024-06-17 10:04:26
2024-06-17,10:19:26 pm,0,100.941,27.604,2024-06-17 10:19:26
2024-06-17,10:34:26 pm,0,100.939,27.497,2024-06-17 10:34:26
2024-06-17,10:49:26 pm,0,100.934,27.38,2024-06-17 10:49:26
2024-06-17,11:04:26 pm,0,100.942,27.248,2024-06-17 11:04:26
2024-06-17,11:19:26 pm,0,100.943,27.12,2024-06-17 11:19:26
2024-06-17,11:34:26 pm,0,100.937,27.001,2024-06-17 11:34:26
2024-06-17,11:49:26 pm,0,100.929,26.888,2024-06-17 11:49:26
2024-06-18,12:04:26 am,0,100.916,26.775,2024-06-18 12:04:26
2024-06-18,12:19:26 am,0,100.912,26.668,2024-06-18 12:19:26
2024-06-18,12:34:26 am,0,100.905,26.568,2024-06-18 12:34:26
2024-06-18,12:49:26 am,0,100.895,26.468,2024-06-18 12:49:26
2024-06-18,01:04:26 am,0,100.878,26.364,2024-06-18 01:04:26
2024-06-18,01:19:26 am,0,100.877,26.262,2024-06-18 01:19:26
2024-06-18,01:34:26 am,0,100.87,26.155,2024-06-18 01:34:26
2024-06-18,01:49:26 am,0,100.855,26.049,2024-06-18 01:49:26
2024-06-18,02:04:26 am,0,100.837,25.946,2024-06-18 02:04:26
2024-06-18,02:19:26 am,0,100.837,25.847,2024-06-18 02:19:26
2024-06-18,02:34:26 am,0,100.826,25.745,2024-06-18 02:34:26
2024-06-18,02:49:26 am,0,100.817,25.648,2024-06-18 02:49:26
2024-06-18,03:04:26 am,0,100.816,25.56,2024-06-18 03:04:26
2024-06-18,03:19:26 am,0,100.817,25.477,2024-06-18 03:19:26
2024-06-18,03:34:26 am,0,100.809,25.409,2024-06-18 03:34:26
2024-06-18,03:49:26 am,0,100.81,25.347,2024-06-18 03:49:26
2024-06-18,04:04:26 am,0,100.837,25.302,2024-06-18 04:04:26
2024-06-18,04:19:26 am,0,100.838,25.262,2024-06-18 04:19:26
2024-06-18,04:34:26 am,0,100.851,25.223,2024-06-18 04:34:26
2024-06-18,04:49:26 am,0,100.867,25.179,2024-06-18 04:49:26
2024-06-18,05:04:26 am,0,100.892,25.124,2024-06-18 05:04:26
2024-06-18,05:19:26 am,0,100.915,25.059,2024-06-18 05:19:26
2024-06-18,05:34:26 am,0,100.926,24.985,2024-06-18 05:34:26
2024-06-18,05:49:26 am,0,100.94,24.904,2024-06-18 05:49:26
2024-06-18,06:04:26 am,0,100.956,24.815,2024-06-18 06:04:26
2024-06-18,06:19:26 am,0,100.982,24.73,2024-06-18 06:19:26
2024-06-18,06:34:26 am,0,100.978,24.653,2024-06-18 06:34:26
2024-06-18,06:49:26 am,0,100.993,24.599,2024-06-18 06:49:26
2024-06-18,07:04:26 am,0,101.005,24.566,2024-06-18 07:04:26
2024-06-18,07:19:26 am,0,100.741,24.553,2024-06-18 07:19:26
2024-06-18,07:34:26 am,0,100.846,24.671,2024-06-18 07:34:26
2024-06-18,07:49:26 am,0,100.848,24.834,2024-06-18 07:49:26
2024-06-18,08:04:26 am,0,100.84,24.944,2024-06-18 08:04:26
2024-06-18,08:19:26 am,0,100.847,25.035,2024-06-18 08:19:26
2024-06-18,08:34:26 am,0,100.868,25.108,2024-06-18 08:34:26
2024-06-18,08:49:26 am,0,100.965,25.183,2024-06-18 08:49:26
2024-06-18,09:04:26 am,0,100.949,25.27,2024-06-18 09:04:26
2024-06-18,09:19:26 am,0,100.956,25.361,2024-06-18 09:19:26
2024-06-18,09:34:26 am,0,100.943,25.44,2024-06-18 09:34:26
2024-06-18,09:49:26 am,0,100.813,25.509,2024-06-18 09:49:26
2024-06-18,10:04:26 am,0,100.802,25.676,2024-06-18 10:04:26
2024-06-18,10:19:26 am,0,100.809,26.022,2024-06-18 10:19:26
2024-06-18,10:34:26 am,0,100.945,26.454,2024-06-18 10:34:26
2024-06-18,10:49:26 am,0,100.943,26.827,2024-06-18 10:49:26
2024-06-18,11:04:26 am,0,100.941,27.092,2024-06-18 11:04:26
2024-06-18,11:19:26 am,0,100.801,27.268,2024-06-18 11:19:26
2024-06-18,11:34:26 am,0,100.983,27.382,2024-06-18 11:34:26
2024-06-18,11:49:26 am,0,100.988,27.548,2024-06-18 11:49:26
2024-06-18,12:04:26 pm,0,100.99,27.747,2024-06-18 12:04:26
2024-06-18,12:19:26 pm,0,100.915,27.85,2024-06-18 12:19:26
2024-06-18,12:34:26 pm,0,101.087,28.045,2024-06-18 12:34:26
2024-06-18,12:49:26 pm,0,101.084,28.399,2024-06-18 12:49:26
2024-06-18,01:04:26 pm,0,101.081,28.783,2024-06-18 01:04:26
2024-06-18,01:19:26 pm,0,101.061,29.141,2024-06-18 01:19:26
2024-06-18,01:34:26 pm,0,101.104,29.578,2024-06-18 01:34:26
2024-06-18,01:49:26 pm,0,101.091,29.911,2024-06-18 01:49:26
2024-06-18,02:04:26 pm,0,101.088,29.777,2024-06-18 02:04:26
2024-06-18,02:19:26 pm,0,101.096,28.833,2024-06-18 02:19:26
2024-06-18,02:34:26 pm,0,101.483,26.061,2024-06-18 02:34:26
2024-06-18,02:49:26 pm,0,101.486,24.225,2024-06-18 02:49:26
2024-06-18,03:04:26 pm,0,101.45,23.94,2024-06-18 03:04:26
2024-06-18,03:19:26 pm,0,101.456,23.956,2024-06-18 03:19:26
2024-06-18,03:34:26 pm,0,101.449,23.896,2024-06-18 03:34:26
2024-06-18,03:49:26 pm,0,101.435,23.847,2024-06-18 03:49:26
2024-06-18,04:04:26 pm,0,101.414,23.803,2024-06-18 04:04:26
2024-06-18,04:19:26 pm,0,101.408,23.773,2024-06-18 04:19:26
2024-06-18,04:34:26 pm,0,101.4,23.749,2024-06-18 04:34:26
2024-06-18,04:49:26 pm,0,101.388,23.714,2024-06-18 04:49:26
2024-06-18,05:04:26 pm,0,101.38,23.684,2024-06-18 05:04:26
2024-06-18,05:19:26 pm,0,101.37,23.653,2024-06-18 05:19:26
2024-06-18,05:34:26 pm,0,101.36,23.627,2024-06-18 05:34:26
2024-06-18,05:49:26 pm,0,101.353,23.604,2024-06-18 05:49:26
2024-06-18,06:04:26 pm,0,101.355,23.585,2024-06-18 06:04:26
2024-06-18,06:19:26 pm,0,101.357,23.564,2024-06-18 06:19:26
2024-06-18,06:34:26 pm,0,101.365,23.538,2024-06-18 06:34:26
2024-06-18,06:49:26 pm,0,101.368,23.507,2024-06-18 06:49:26
2024-06-18,07:04:26 pm,0,101.379,23.467,2024-06-18 07:04:26
2024-06-18,07:19:26 pm,0,101.38,23.433,2024-06-18 07:19:26
2024-06-18,07:34:26 pm,0,101.379,23.394,2024-06-18 07:34:26
2024-06-18,07:49:26 pm,0,101.382,23.351,2024-06-18 07:49:26
2024-06-18,08:04:26 pm,0,101.381,23.31,2024-06-18 08:04:26
2024-06-18,08:19:26 pm,0,101.385,23.27,2024-06-18 08:19:26
2024-06-18,08:34:26 pm,0,101.421,23.223,2024-06-18 08:34:26
2024-06-18,08:49:26 pm,0,101.428,23.179,2024-06-18 08:49:26
2024-06-18,09:04:26 pm,0,101.423,23.132,2024-06-18 09:04:26
2024-06-18,09:19:26 pm,0,101.417,23.081,2024-06-18 09:19:26
2024-06-18,09:34:26 pm,0,101.418,23.031,2024-06-18 09:34:26
2024-06-18,09:49:26 pm,0,101.431,22.973,2024-06-18 09:49:26
2024-06-18,10:04:26 pm,0,101.435,22.918,2024-06-18 10:04:26
2024-06-18,10:19:26 pm,0,101.434,22.865,2024-06-18 10:19:26
2024-06-18,10:34:26 pm,0,101.442,22.806,2024-06-18 10:34:26
2024-06-18,10:49:26 pm,0,101.439,22.741,2024-06-18 10:49:26
2024-06-18,11:04:26 pm,0,101.44,22.68,2024-06-18 11:04:26
2024-06-18,11:19:26 pm,0,101.448,22.621,2024-06-18 11:19:26
2024-06-18,11:34:26 pm,0,101.443,22.564,2024-06-18 11:34:26
2024-06-18,11:49:26 pm,0,101.448,22.507,2024-06-18 11:49:26
2024-06-19,12:04:26 am,0,101.449,22.451,2024-06-19 12:04:26
2024-06-19,12:19:26 am,0,101.463,22.405,2024-06-19 12:19:26
2024-06-19,12:34:26 am,0,101.47,22.354,2024-06-19 12:34:26
2024-06-19,12:49:26 am,0,101.466,22.307,2024-06-19 12:49:26
2024-06-19,01:04:26 am,0,101.462,22.261,2024-06-19 01:04:26
2024-06-19,01:19:26 am,0,101.446,22.207,2024-06-19 01:19:26
2024-06-19,01:34:26 am,0,101.455,22.159,2024-06-19 01:34:26
2024-06-19,01:49:26 am,0,101.457,22.111,2024-06-19 01:49:26
2024-06-19,02:04:26 am,0,101.468,22.061,2024-06-19 02:04:26
2024-06-19,02:19:26 am,0,101.465,22.01,2024-06-19 02:19:26
2024-06-19,02:34:26 am,0,101.472,21.965,2024-06-19 02:34:26
2024-06-19,02:49:26 am,0,101.463,21.909,2024-06-19 02:49:26
2024-06-19,03:04:26 am,0,101.467,21.855,2024-06-19 03:04:26
2024-06-19,03:19:26 am,0,101.483,21.802,2024-06-19 03:19:26
2024-06-19,03:34:26 am,0,101.479,21.741,2024-06-19 03:34:26
2024-06-19,03:49:26 am,0,101.49,21.684,2024-06-19 03:49:26
2024-06-19,04:04:26 am,0,101.498,21.624,2024-06-19 04:04:26
2024-06-19,04:19:26 am,0,101.52,21.561,2024-06-19 04:19:26
2024-06-19,04:34:26 am,0,101.555,21.495,2024-06-19 04:34:26
2024-06-19,04:49:26 am,0,101.565,21.424,2024-06-19 04:49:26
2024-06-19,05:04:26 am,0,101.574,21.359,2024-06-19 05:04:26
2024-06-19,05:19:26 am,0,101.608,21.311,2024-06-19 05:19:26
2024-06-19,05:34:26 am,0,101.632,21.27,2024-06-19 05:34:26
2024-06-19,05:49:26 am,0,101.646,21.223,2024-06-19 05:49:26
2024-06-19,06:04:26 am,0,101.666,21.179,2024-06-19 06:04:26
2024-06-19,06:19:26 am,0,101.675,21.132,2024-06-19 06:19:26
2024-06-19,06:34:26 am,0,101.686,21.108,2024-06-19 06:34:26
2024-06-19,06:49:26 am,0,101.719,21.11,2024-06-19 06:49:26
2024-06-19,07:04:26 am,0,101.736,21.122,2024-06-19 07:04:26
2024-06-19,07:19:26 am,0,101.766,21.148,2024-06-19 07:19:26
2024-06-19,07:34:26 am,0,101.788,21.186,2024-06-19 07:34:26
2024-06-19,07:49:26 am,0,101.824,21.242,2024-06-19 07:49:26
2024-06-19,08:04:26 am,0,101.835,21.306,2024-06-19 08:04:26
2024-06-19,08:19:26 am,0,101.857,21.403,2024-06-19 08:19:26
2024-06-19,08:34:26 am,0,101.866,21.527,2024-06-19 08:34:26
2024-06-19,08:49:26 am,0,101.874,21.621,2024-06-19 08:49:26
2024-06-19,09:04:26 am,0,101.884,21.718,2024-06-19 09:04:26
2024-06-19,09:19:26 am,0,101.89,21.776,2024-06-19 09:19:26
2024-06-19,09:34:26 am,0,101.898,21.824,2024-06-19 09:34:26
2024-06-19,09:49:26 am,0,101.901,21.896,2024-06-19 09:49:26
2024-06-19,10:04:26 am,0,101.905,21.974,2024-06-19 10:04:26
2024-06-19,10:19:26 am,0,101.917,22.069,2024-06-19 10:19:26
2024-06-19,10:34:26 am,0,101.92,22.166,2024-06-19 10:34:26
2024-06-19,10:49:26 am,0,101.928,22.242,2024-06-19 10:49:26
2024-06-19,11:04:26 am,0,101.946,22.329,2024-06-19 11:04:26
2024-06-19,11:19:26 am,0,101.962,22.449,2024-06-19 11:19:26
2024-06-19,11:34:26 am,0,101.965,22.642,2024-06-19 11:34:26
2024-06-19,11:49:26 am,0,101.956,22.831,2024-06-19 11:49:26
2024-06-19,12:04:26 pm,0,101.965,22.936,2024-06-19 12:04:26
2024-06-19,12:19:26 pm,0,101.96,22.999,2024-06-19 12:19:26
2024-06-19,12:34:26 pm,0,101.967,23.121,2024-06-19 12:34:26
2024-06-19,12:49:26 pm,0,101.948,23.192,2024-06-19 12:49:26
2024-06-19,01:04:26 pm,0,101.926,23.302,2024-06-19 01:04:26
2024-06-19,01:19:26 pm,0,101.917,23.403,2024-06-19 01:19:26
2024-06-19,01:34:26 pm,0,101.912,23.589,2024-06-19 01:34:26
2024-06-19,01:49:26 pm,0,101.912,23.795,2024-06-19 01:49:26
2024-06-19,02:04:26 pm,0,101.88,23.686,2024-06-19 02:04:26
2024-06-19,02:19:26 pm,0,101.865,23.618,2024-06-19 02:19:26
2024-06-19,02:34:26 pm,0,101.854,23.572,2024-06-19 02:34:26
2024-06-19,02:49:26 pm,0,101.838,23.552,2024-06-19 02:49:26
2024-06-19,03:04:26 pm,0,101.823,23.575,2024-06-19 03:04:26
2024-06-19,03:19:26 pm,0,101.801,23.612,2024-06-19 03:19:26
2024-06-19,03:34:26 pm,0,101.791,23.614,2024-06-19 03:34:26
2024-06-19,03:49:26 pm,0,101.788,23.603,2024-06-19 03:49:26
2024-06-19,04:04:26 pm,0,101.774,23.581,2024-06-19 04:04:26
2024-06-19,04:19:26 pm,0,101.768,23.565,2024-06-19 04:19:26
2024-06-19,04:34:26 pm,0,101.756,23.548,2024-06-19 04:34:26
2024-06-19,04:49:26 pm,0,101.755,23.533,2024-06-19 04:49:26
2024-06-19,05:04:26 pm,0,101.745,23.523,2024-06-19 05:04:26
2024-06-19,05:19:26 pm,0,101.737,23.525,2024-06-19 05:19:26
2024-06-19,05:34:26 pm,0,101.736,23.525,2024-06-19 05:34:26
2024-06-19,05:49:26 pm,0,101.734,23.521,2024-06-19 05:49:26
2024-06-19,06:04:26 pm,0,101.739,23.521,2024-06-19 06:04:26
2024-06-19,06:19:26 pm,0,101.743,23.514,2024-06-19 06:19:26
2024-06-19,06:34:26 pm,0,101.75,23.51,2024-06-19 06:34:26
2024-06-19,06:49:26 pm,0,101.748,23.481,2024-06-19 06:49:26
2024-06-19,07:04:26 pm,0,101.746,23.462,2024-06-19 07:04:26
2024-06-19,07:19:26 pm,0,101.756,23.428,2024-06-19 07:19:26
2024-06-19,07:34:26 pm,0,101.772,23.361,2024-06-19 07:34:26
2024-06-19,07:49:26 pm,0,101.779,23.265,2024-06-19 07:49:26
2024-06-19,08:04:26 pm,0,101.779,23.163,2024-06-19 08:04:26
2024-06-19,08:19:26 pm,0,101.771,23.057,2024-06-19 08:19:26
2024-06-19,08:34:26 pm,0,101.78,22.94,2024-06-19 08:34:26
2024-06-19,08:49:26 pm,0,101.785,22.832,2024-06-19 08:49:26
2024-06-19,09:04:26 pm,0,101.784,22.736,2024-06-19 09:04:26
2024-06-19,09:19:26 pm,0,101.794,22.65,2024-06-19 09:19:26
2024-06-19,09:34:26 pm,0,101.806,22.545,2024-06-19 09:34:26
2024-06-19,09:49:26 pm,0,101.808,22.441,2024-06-19 09:49:26
2024-06-19,10:04:26 pm,0,101.819,22.345,2024-06-19 10:04:26
2024-06-19,10:19:26 pm,0,101.829,22.245,2024-06-19 10:19:26
2024-06-19,10:34:26 pm,0,101.827,22.146,2024-06-19 10:34:26
2024-06-19,10:49:26 pm,0,101.827,22.064,2024-06-19 10:49:26
2024-06-19,11:04:26 pm,0,101.823,21.978,2024-06-19 11:04:26
2024-06-19,11:19:26 pm,0,101.815,21.888,2024-06-19 11:19:26
2024-06-19,11:34:26 pm,0,101.808,21.795,2024-06-19 11:34:26
2024-06-19,11:49:26 pm,0,101.807,21.707,2024-06-19 11:49:26
2024-06-20,12:04:26 am,0,101.819,21.62,2024-06-20 12:04:26
2024-06-20,12:19:26 am,0,101.812,21.544,2024-06-20 12:19:26
2024-06-20,12:34:26 am,0,101.826,21.46,2024-06-20 12:34:26
2024-06-20,12:49:26 am,0,101.807,21.373,2024-06-20 12:49:26
2024-06-20,01:04:26 am,0,101.818,21.286,2024-06-20 01:04:26
2024-06-20,01:19:26 am,0,101.817,21.202,2024-06-20 01:19:26
2024-06-20,01:34:26 am,0,101.801,21.13,2024-06-20 01:34:26
2024-06-20,01:49:26 am,0,101.809,21.059,2024-06-20 01:49:26
2024-06-20,02:04:26 am,0,101.807,20.977,2024-06-20 02:04:26
2024-06-20,02:19:26 am,0,101.829,20.908,2024-06-20 02:19:26
2024-06-20,02:34:26 am,0,101.825,20.844,2024-06-20 02:34:26
2024-06-20,02:49:26 am,0,101.827,20.78,2024-06-20 02:49:26
2024-06-20,03:04:26 am,0,101.833,20.702,2024-06-20 03:04:26
2024-06-20,03:19:26 am,0,101.846,20.642,2024-06-20 03:19:26
2024-06-20,03:34:26 am,0,101.857,20.582,2024-06-20 03:34:26
2024-06-20,03:49:26 am,0,101.875,20.515,2024-06-20 03:49:26
2024-06-20,04:04:26 am,0,101.868,20.446,2024-06-20 04:04:26
2024-06-20,04:19:26 am,0,101.87,20.379,2024-06-20 04:19:26
2024-06-20,04:34:26 am,0,101.884,20.311,2024-06-20 04:34:26
2024-06-20,04:49:26 am,0,101.884,20.248,2024-06-20 04:49:26
2024-06-20,05:04:26 am,0,101.89,20.201,2024-06-20 05:04:26
2024-06-20,05:19:26 am,0,101.916,20.159,2024-06-20 05:19:26
2024-06-20,05:34:26 am,0,101.927,20.112,2024-06-20 05:34:26
2024-06-20,05:49:26 am,0,101.925,20.059,2024-06-20 05:49:26
2024-06-20,06:04:26 am,0,101.938,20.009,2024-06-20 06:04:26
2024-06-20,06:19:26 am,0,101.947,19.958,2024-06-20 06:19:26
2024-06-20,06:34:26 am,0,101.946,19.926,2024-06-20 06:34:26
2024-06-20,06:49:26 am,0,101.945,19.902,2024-06-20 06:49:26
2024-06-20,07:04:26 am,0,101.968,19.9,2024-06-20 07:04:26
2024-06-20,07:19:26 am,0,101.985,19.928,2024-06-20 07:19:26
2024-06-20,07:34:26 am,0,102.002,19.979,2024-06-20 07:34:26
2024-06-20,07:49:26 am,0,102.053,20.041,2024-06-20 07:49:26
2024-06-20,08:04:26 am,0,102.079,20.126,2024-06-20 08:04:26
2024-06-20,08:19:26 am,0,102.102,20.235,2024-06-20 08:19:26
2024-06-20,08:34:26 am,0,102.136,20.37,2024-06-20 08:34:26
2024-06-20,08:49:26 am,0,102.174,20.52,2024-06-20 08:49:26
2024-06-20,09:04:26 am,0,102.209,20.683,2024-06-20 09:04:26
2024-06-20,09:19:26 am,0,102.246,20.838,2024-06-20 09:19:26
2024-06-20,09:34:26 am,0,102.271,21.026,2024-06-20 09:34:26
2024-06-20,09:49:26 am,0,102.275,21.189,2024-06-20 09:49:26
2024-06-20,10:04:26 am,0,102.282,21.333,2024-06-20 10:04:26
2024-06-20,10:19:26 am,0,102.297,21.49,2024-06-20 10:19:26
2024-06-20,10:34:26 am,0,102.274,21.645,2024-06-20 10:34:26
2024-06-20,10:49:26 am,0,102.273,21.834,2024-06-20 10:49:26
2024-06-20,11:04:26 am,0,102.276,21.988,2024-06-20 11:04:26
2024-06-20,11:19:26 am,0,102.277,22.189,2024-06-20 11:19:26
2024-06-20,11:34:26 am,0,102.262,22.326,2024-06-20 11:34:26
2024-06-20,11:49:26 am,0,102.262,22.526,2024-06-20 11:49:26
2024-06-20,12:04:26 pm,0,102.264,22.624,2024-06-20 12:04:26
2024-06-20,12:19:26 pm,0,102.234,22.728,2024-06-20 12:19:26
2024-06-20,12:34:26 pm,0,102.221,22.831,2024-06-20 12:34:26
2024-06-20,12:49:26 pm,0,102.207,23.03,2024-06-20 12:49:26
2024-06-20,01:04:26 pm,0,102.177,23.138,2024-06-20 01:04:26
2024-06-20,01:19:26 pm,0,102.162,23.19,2024-06-20 01:19:26
2024-06-20,01:34:26 pm,0,102.161,23.311,2024-06-20 01:34:26
2024-06-20,01:49:26 pm,0,102.143,23.492,2024-06-20 01:49:26
2024-06-20,02:04:26 pm,0,102.115,23.567,2024-06-20 02:04:26
2024-06-20,02:19:26 pm,0,102.096,23.516,2024-06-20 02:19:26
2024-06-20,02:34:26 pm,0,102.09,23.548,2024-06-20 02:34:26
2024-06-20,02:49:26 pm,0,102.077,23.577,2024-06-20 02:49:26
2024-06-20,03:04:26 pm,0,102.078,23.755,2024-06-20 03:04:26
2024-06-20,03:19:26 pm,0,102.037,23.702,2024-06-20 03:19:26
2024-06-20,03:34:26 pm,0,102.027,23.63,2024-06-20 03:34:26
2024-06-20,03:49:26 pm,0,102.013,23.726,2024-06-20 03:49:26
2024-06-20,04:04:26 pm,0,101.999,23.816,2024-06-20 04:04:26
2024-06-20,04:19:26 pm,0,101.987,23.868,2024-06-20 04:19:26
2024-06-20,04:34:26 pm,0,101.972,23.876,2024-06-20 04:34:26
2024-06-20,04:49:26 pm,0,101.962,23.901,2024-06-20 04:49:26
2024-06-20,05:04:26 pm,0,101.949,23.844,2024-06-20 05:04:26
2024-06-20,05:19:26 pm,0,101.932,23.785,2024-06-20 05:19:26
2024-06-20,05:34:26 pm,0,101.921,23.767,2024-06-20 05:34:26
2024-06-20,05:49:26 pm,0,101.912,23.744,2024-06-20 05:49:26
2024-06-20,06:04:26 pm,0,101.899,23.742,2024-06-20 06:04:26
2024-06-20,06:19:26 pm,0,101.893,23.741,2024-06-20 06:19:26
2024-06-20,06:34:26 pm,0,101.893,23.714,2024-06-20 06:34:26
2024-06-20,06:49:26 pm,0,101.885,23.664,2024-06-20 06:49:26
2024-06-20,07:04:26 pm,0,101.882,23.617,2024-06-20 07:04:26
2024-06-20,07:19:26 pm,0,101.881,23.589,2024-06-20 07:19:26
2024-06-20,07:34:26 pm,0,101.88,23.548,2024-06-20 07:34:26
2024-06-20,07:49:26 pm,0,101.872,23.506,2024-06-20 07:49:26
2024-06-20,08:04:26 pm,0,101.869,23.468,2024-06-20 08:04:26
2024-06-20,08:19:26 pm,0,101.871,23.415,2024-06-20 08:19:26
2024-06-20,08:34:26 pm,0,101.871,23.362,2024-06-20 08:34:26
2024-06-20,08:49:26 pm,0,101.879,23.307,2024-06-20 08:49:26
2024-06-20,09:04:26 pm,0,101.876,23.255,2024-06-20 09:04:26
2024-06-20,09:19:26 pm,0,101.888,23.202,2024-06-20 09:19:26
2024-06-20,09:34:26 pm,0,101.904,23.152,2024-06-20 09:34:26
2024-06-20,09:49:26 pm,0,101.909,23.089,2024-06-20 09:49:26
2024-06-20,10:04:26 pm,0,101.925,23.017,2024-06-20 10:04:26
2024-06-20,10:19:26 pm,0,101.94,22.945,2024-06-20 10:19:26
2024-06-20,10:34:26 pm,0,101.94,22.882,2024-06-20 10:34:26
2024-06-20,10:49:26 pm,0,101.931,22.806,2024-06-20 10:49:26
2024-06-20,11:04:26 pm,0,101.925,22.738,2024-06-20 11:04:26
2024-06-20,11:19:26 pm,0,101.934,22.671,2024-06-20 11:19:26
2024-06-20,11:34:26 pm,0,101.938,22.593,2024-06-20 11:34:26
2024-06-20,11:49:26 pm,0,101.942,22.518,2024-06-20 11:49:26
2024-06-21,12:04:26 am,0,101.938,22.45,2024-06-21 12:04:26
2024-06-21,12:19:26 am,0,101.93,22.379,2024-06-21 12:19:26
2024-06-21,12:34:26 am,0,101.927,22.308,2024-06-21 12:34:26
2024-06-21,12:49:26 am,0,101.93,22.229,2024-06-21 12:49:26
2024-06-21,01:04:26 am,0,101.927,22.148,2024-06-21 01:04:26
2024-06-21,01:19:26 am,0,101.926,22.057,2024-06-21 01:19:26
2024-06-21,01:34:26 am,0,101.922,21.984,2024-06-21 01:34:26
2024-06-21,01:49:26 am,0,101.916,21.909,2024-06-21 01:49:26
2024-06-21,02:04:26 am,0,101.909,21.837,2024-06-21 02:04:26
2024-06-21,02:19:26 am,0,101.904,21.771,2024-06-21 02:19:26
2024-06-21,02:34:26 am,0,101.915,21.687,2024-06-21 02:34:26
2024-06-21,02:49:26 am,0,101.935,21.609,2024-06-21 02:49:26
2024-06-21,03:04:26 am,0,101.923,21.526,2024-06-21 03:04:26
2024-06-21,03:19:26 am,0,101.909,21.452,2024-06-21 03:19:26
2024-06-21,03:34:26 am,0,101.932,21.381,2024-06-21 03:34:26
2024-06-21,03:49:26 am,0,101.924,21.303,2024-06-21 03:49:26
2024-06-21,04:04:26 am,0,101.919,21.227,2024-06-21 04:04:26
2024-06-21,04:19:26 am,0,101.929,21.157,2024-06-21 04:19:26
2024-06-21,04:34:26 am,0,101.937,21.08,2024-06-21 04:34:26
2024-06-21,04:49:26 am,0,101.945,21.005,2024-06-21 04:49:26
2024-06-21,05:04:26 am,0,101.956,20.919,2024-06-21 05:04:26
2024-06-21,05:19:26 am,0,101.971,20.848,2024-06-21 05:19:26
2024-06-21,05:34:26 am,0,101.968,20.783,2024-06-21 05:34:26
2024-06-21,05:49:26 am,0,101.985,20.703,2024-06-21 05:49:26
2024-06-21,06:04:26 am,0,101.987,20.632,2024-06-21 06:04:26
2024-06-21,06:19:26 am,0,101.985,20.575,2024-06-21 06:19:26
2024-06-21,06:34:26 am,0,101.999,20.541,2024-06-21 06:34:26
2024-06-21,06:49:26 am,0,102.038,20.513,2024-06-21 06:49:26
2024-06-21,07:04:26 am,0,102.045,20.516,2024-06-21 07:04:26
2024-06-21,07:19:26 am,0,102.052,20.549,2024-06-21 07:19:26
2024-06-21,07:34:26 am,0,102.061,20.598,2024-06-21 07:34:26
2024-06-21,07:49:26 am,0,102.073,20.652,2024-06-21 07:49:26
2024-06-21,08:04:26 am,0,102.086,20.726,2024-06-21 08:04:26
2024-06-21,08:19:26 am,0,102.108,20.817,2024-06-21 08:19:26
2024-06-21,08:34:26 am,0,102.133,20.93,2024-06-21 08:34:26
2024-06-21,08:49:26 am,0,102.147,21.04,2024-06-21 08:49:26
2024-06-21,09:04:26 am,0,102.151,21.152,2024-06-21 09:04:26
2024-06-21,09:19:26 am,0,102.156,21.288,2024-06-21 09:19:26
2024-06-21,09:34:26 am,0,102.149,21.424,2024-06-21 09:34:26
2024-06-21,09:49:26 am,0,102.158,21.571,2024-06-21 09:49:26
2024-06-21,10:04:26 am,0,102.143,21.699,2024-06-21 10:04:26
2024-06-21,10:19:26 am,0,102.142,21.847,2024-06-21 10:19:26
2024-06-21,10:34:26 am,0,102.135,21.994,2024-06-21 10:34:26
2024-06-21,10:49:26 am,0,102.124,22.142,2024-06-21 10:49:26
2024-06-21,11:04:26 am,0,102.1,22.275,2024-06-21 11:04:26
2024-06-21,11:19:26 am,0,102.081,22.407,2024-06-21 11:19:26
2024-06-21,11:34:26 am,0,102.081,22.557,2024-06-21 11:34:26
2024-06-21,11:49:26 am,0,102.072,22.706,2024-06-21 11:49:26
2024-06-21,12:04:26 pm,0,102.055,22.887,2024-06-21 12:04:26
2024-06-21,12:19:26 pm,0,102.049,23.047,2024-06-21 12:19:26
2024-06-21,12:34:26 pm,0,102.04,23.236,2024-06-21 12:34:26
2024-06-21,12:49:26 pm,0,102.018,23.488,2024-06-21 12:49:26
2024-06-21,01:04:26 pm,0,101.988,23.587,2024-06-21 01:04:26
2024-06-21,01:19:26 pm,0,101.973,23.709,2024-06-21 01:19:26
2024-06-21,01:34:26 pm,0,101.933,23.86,2024-06-21 01:34:26
2024-06-21,01:49:26 pm,0,101.922,23.996,2024-06-21 01:49:26
2024-06-21,02:04:26 pm,0,101.896,24.06,2024-06-21 02:04:26
2024-06-21,02:19:26 pm,0,101.868,24.128,2024-06-21 02:19:26
2024-06-21,02:34:26 pm,0,101.848,24.223,2024-06-21 02:34:26
2024-06-21,02:49:26 pm,0,101.823,24.314,2024-06-21 02:49:26
2024-06-21,03:04:26 pm,0,101.748,24.394,2024-06-21 03:04:26
2024-06-21,03:19:26 pm,0,101.735,24.441,2024-06-21 03:19:26
2024-06-21,03:34:26 pm,0,101.707,24.474,2024-06-21 03:34:26
2024-06-21,03:49:26 pm,0,101.695,24.492,2024-06-21 03:49:26
2024-06-21,04:04:26 pm,0,101.681,24.514,2024-06-21 04:04:26
2024-06-21,04:19:26 pm,0,101.667,24.557,2024-06-21 04:19:26
2024-06-21,04:34:26 pm,0,101.631,24.564,2024-06-21 04:34:26
2024-06-21,04:49:26 pm,0,101.621,24.565,2024-06-21 04:49:26
2024-06-21,05:04:26 pm,0,101.603,24.517,2024-06-21 05:04:26
2024-06-21,05:19:26 pm,0,101.585,24.492,2024-06-21 05:19:26
2024-06-21,05:34:26 pm,0,101.577,24.459,2024-06-21 05:34:26
2024-06-21,05:49:26 pm,0,101.561,24.437,2024-06-21 05:49:26
2024-06-21,06:04:26 pm,0,101.556,24.403,2024-06-21 06:04:26
2024-06-21,06:19:26 pm,0,101.549,24.357,2024-06-21 06:19:26
2024-06-21,06:34:26 pm,0,101.542,24.305,2024-06-21 06:34:26
2024-06-21,06:49:26 pm,0,101.528,24.253,2024-06-21 06:49:26
2024-06-21,07:04:26 pm,0,101.527,24.199,2024-06-21 07:04:26
2024-06-21,07:19:26 pm,0,101.525,24.141,2024-06-21 07:19:26
2024-06-21,07:34:26 pm,0,101.528,24.083,2024-06-21 07:34:26
2024-06-21,07:49:26 pm,0,101.527,24.022,2024-06-21 07:49:26
2024-06-21,08:04:26 pm,0,101.527,23.944,2024-06-21 08:04:26
2024-06-21,08:19:26 pm,0,101.533,23.845,2024-06-21 08:19:26
2024-06-21,08:34:26 pm,0,101.541,23.745,2024-06-21 08:34:26
2024-06-21,08:49:26 pm,0,101.547,23.644,2024-06-21 08:49:26
2024-06-21,09:04:26 pm,0,101.553,23.543,2024-06-21 09:04:26
2024-06-21,09:19:26 pm,0,101.56,23.47,2024-06-21 09:19:26
2024-06-21,09:34:26 pm,0,101.567,23.386,2024-06-21 09:34:26
2024-06-21,09:49:26 pm,0,101.573,23.304,2024-06-21 09:49:26
2024-06-21,10:04:26 pm,0,101.583,23.23,2024-06-21 10:04:26
2024-06-21,10:19:26 pm,0,101.593,23.144,2024-06-21 10:19:26
2024-06-21,10:34:26 pm,0,101.593,23.068,2024-06-21 10:34:26
2024-06-21,10:49:26 pm,0,101.609,22.981,2024-06-21 10:49:26
2024-06-21,11:04:26 pm,0,101.609,22.89,2024-06-21 11:04:26
2024-06-21,11:19:26 pm,0,101.619,22.806,2024-06-21 11:19:26
2024-06-21,11:34:26 pm,0,101.614,22.725,2024-06-21 11:34:26
2024-06-21,11:49:26 pm,0,101.616,22.628,2024-06-21 11:49:26
2024-06-22,12:04:26 am,0,101.619,22.553,2024-06-22 12:04:26
2024-06-22,12:19:26 am,0,101.612,22.464,2024-06-22 12:19:26
2024-06-22,12:34:26 am,0,101.606,22.371,2024-06-22 12:34:26
2024-06-22,12:49:26 am,0,101.611,22.281,2024-06-22 12:49:26
2024-06-22,01:04:26 am,0,101.594,22.205,2024-06-22 01:04:26
2024-06-22,01:19:26 am,0,101.591,22.114,2024-06-22 01:19:26
2024-06-22,01:34:26 am,0,101.594,22.031,2024-06-22 01:34:26
2024-06-22,01:49:26 am,0,101.579,21.96,2024-06-22 01:49:26
2024-06-22,02:04:26 am,0,101.577,21.883,2024-06-22 02:04:26
2024-06-22,02:19:26 am,0,101.569,21.792,2024-06-22 02:19:26
2024-06-22,02:34:26 am,0,101.582,21.708,2024-06-22 02:34:26
2024-06-22,02:49:26 am,0,101.591,21.637,2024-06-22 02:49:26
2024-06-22,03:04:26 am,0,101.585,21.553,2024-06-22 03:04:26
2024-06-22,03:19:26 am,0,101.581,21.471,2024-06-22 03:19:26
2024-06-22,03:34:26 am,0,101.598,21.395,2024-06-22 03:34:26
2024-06-22,03:49:26 am,0,101.595,21.337,2024-06-22 03:49:26
2024-06-22,04:04:26 am,0,101.585,21.275,2024-06-22 04:04:26
2024-06-22,04:19:26 am,0,101.616,21.192,2024-06-22 04:19:26
2024-06-22,04:34:26 am,0,101.609,21.128,2024-06-22 04:34:26
2024-06-22,04:49:26 am,0,101.597,21.059,2024-06-22 04:49:26
2024-06-22,05:04:26 am,0,101.593,20.982,2024-06-22 05:04:26
2024-06-22,05:19:26 am,0,101.598,20.918,2024-06-22 05:19:26
2024-06-22,05:34:26 am,0,101.595,20.85,2024-06-22 05:34:26
2024-06-22,05:49:26 am,0,101.606,20.781,2024-06-22 05:49:26
2024-06-22,06:04:26 am,0,101.592,20.723,2024-06-22 06:04:26
2024-06-22,06:19:26 am,0,101.591,20.658,2024-06-22 06:19:26
2024-06-22,06:34:26 am,0,101.605,20.608,2024-06-22 06:34:26
2024-06-22,06:49:26 am,0,101.633,20.588,2024-06-22 06:49:26
2024-06-22,07:04:26 am,0,101.639,20.606,2024-06-22 07:04:26
2024-06-22,07:19:26 am,0,101.645,20.647,2024-06-22 07:19:26
2024-06-22,07:34:26 am,0,101.653,20.7,2024-06-22 07:34:26
2024-06-22,07:49:26 am,0,101.658,20.761,2024-06-22 07:49:26
2024-06-22,08:04:26 am,0,101.677,20.842,2024-06-22 08:04:26
2024-06-22,08:19:26 am,0,101.693,20.923,2024-06-22 08:19:26
2024-06-22,08:34:26 am,0,101.715,21.023,2024-06-22 08:34:26
2024-06-22,08:49:26 am,0,101.73,21.139,2024-06-22 08:49:26
2024-06-22,09:04:26 am,0,101.734,21.252,2024-06-22 09:04:26
2024-06-22,09:19:26 am,0,101.722,21.39,2024-06-22 09:19:26
2024-06-22,09:34:26 am,0,101.723,21.527,2024-06-22 09:34:26
2024-06-22,09:49:26 am,0,101.721,21.659,2024-06-22 09:49:26
2024-06-22,10:04:26 am,0,101.721,21.785,2024-06-22 10:04:26
2024-06-22,10:19:26 am,0,101.729,21.92,2024-06-22 10:19:26
2024-06-22,10:34:26 am,0,101.73,22.081,2024-06-22 10:34:26
2024-06-22,10:49:26 am,0,101.725,22.246,2024-06-22 10:49:26
2024-06-22,11:04:26 am,0,101.731,22.409,2024-06-22 11:04:26
2024-06-22,11:19:26 am,0,101.723,22.56,2024-06-22 11:19:26
2024-06-22,11:34:26 am,0,101.72,22.772,2024-06-22 11:34:26
2024-06-22,11:49:26 am,0,101.7,22.958,2024-06-22 11:49:26
2024-06-22,12:04:26 pm,0,101.68,23.006,2024-06-22 12:04:26
2024-06-22,12:19:26 pm,0,101.658,23.187,2024-06-22 12:19:26
2024-06-22,12:34:26 pm,0,101.646,23.459,2024-06-22 12:34:26
2024-06-22,12:49:26 pm,0,101.631,23.721,2024-06-22 12:49:26
2024-06-22,01:04:26 pm,0,101.573,23.821,2024-06-22 01:04:26
2024-06-22,01:19:26 pm,0,101.523,23.844,2024-06-22 01:19:26
2024-06-22,01:34:26 pm,0,101.455,23.985,2024-06-22 01:34:26
2024-06-22,01:49:26 pm,0,101.433,24.13,2024-06-22 01:49:26
2024-06-22,02:04:26 pm,0,101.412,24.124,2024-06-22 02:04:26
2024-06-22,02:19:26 pm,0,101.385,24.222,2024-06-22 02:19:26
2024-06-22,02:34:26 pm,0,101.361,24.346,2024-06-22 02:34:26
2024-06-22,02:49:26 pm,0,101.332,24.456,2024-06-22 02:49:26
2024-06-22,03:04:26 pm,0,101.302,24.559,2024-06-22 03:04:26
2024-06-22,03:19:26 pm,0,101.279,24.612,2024-06-22 03:19:26
2024-06-22,03:34:26 pm,0,101.261,24.643,2024-06-22 03:34:26
2024-06-22,03:49:26 pm,0,101.249,24.679,2024-06-22 03:49:26
2024-06-22,04:04:26 pm,0,101.236,24.706,2024-06-22 04:04:26
2024-06-22,04:19:26 pm,0,101.219,24.725,2024-06-22 04:19:26
2024-06-22,04:34:26 pm,0,101.206,24.76,2024-06-22 04:34:26
2024-06-22,04:49:26 pm,0,101.186,24.724,2024-06-22 04:49:26
2024-06-22,05:04:26 pm,0,101.168,24.712,2024-06-22 05:04:26
2024-06-22,05:19:26 pm,0,101.159,24.687,2024-06-22 05:19:26
2024-06-22,05:34:26 pm,0,101.151,24.664,2024-06-22 05:34:26
2024-06-22,05:49:26 pm,0,101.145,24.641,2024-06-22 05:49:26
2024-06-22,06:04:26 pm,0,101.141,24.615,2024-06-22 06:04:26
2024-06-22,06:19:26 pm,0,101.125,24.581,2024-06-22 06:19:26
2024-06-22,06:34:26 pm,0,101.13,24.532,2024-06-22 06:34:26
2024-06-22,06:49:26 pm,0,101.129,24.481,2024-06-22 06:49:26
2024-06-22,07:04:26 pm,0,101.139,24.42,2024-06-22 07:04:26
2024-06-22,07:19:26 pm,0,101.136,24.365,2024-06-22 07:19:26
2024-06-22,07:34:26 pm,0,101.148,24.303,2024-06-22 07:34:26
2024-06-22,07:49:26 pm,0,101.143,24.238,2024-06-22 07:49:26
2024-06-22,08:04:26 pm,0,101.137,24.162,2024-06-22 08:04:26
2024-06-22,08:19:26 pm,0,101.144,24.064,2024-06-22 08:19:26
2024-06-22,08:34:26 pm,0,101.162,23.949,2024-06-22 08:34:26
2024-06-22,08:49:26 pm,0,101.176,23.833,2024-06-22 08:49:26
2024-06-22,09:04:26 pm,0,101.187,23.737,2024-06-22 09:04:26
2024-06-22,09:19:26 pm,0,101.191,23.644,2024-06-22 09:19:26
2024-06-22,09:34:26 pm,0,101.206,23.559,2024-06-22 09:34:26
2024-06-22,09:49:26 pm,0,101.227,23.468,2024-06-22 09:49:26
2024-06-22,10:04:26 pm,0,101.241,23.374,2024-06-22 10:04:26
2024-06-22,10:19:26 pm,0,101.245,23.284,2024-06-22 10:19:26
2024-06-22,10:34:26 pm,0,101.259,23.181,2024-06-22 10:34:26
2024-06-22,10:49:26 pm,0,101.261,23.082,2024-06-22 10:49:26
2024-06-22,11:04:26 pm,0,101.258,22.987,2024-06-22 11:04:26
2024-06-22,11:19:26 pm,0,101.259,22.89,2024-06-22 11:19:26
2024-06-22,11:34:26 pm,0,101.253,22.799,2024-06-22 11:34:26
2024-06-22,11:49:26 pm,0,101.255,22.705,2024-06-22 11:49:26
2024-06-23,12:04:26 am,0,101.257,22.614,2024-06-23 12:04:26
2024-06-23,12:19:26 am,0,101.267,22.525,2024-06-23 12:19:26
2024-06-23,12:34:26 am,0,101.252,22.425,2024-06-23 12:34:26
2024-06-23,12:49:26 am,0,101.233,22.318,2024-06-23 12:49:26
2024-06-23,01:04:26 am,0,101.224,22.215,2024-06-23 01:04:26
2024-06-23,01:19:26 am,0,101.212,22.133,2024-06-23 01:19:26
2024-06-23,01:34:26 am,0,101.206,22.039,2024-06-23 01:34:26
2024-06-23,01:49:26 am,0,101.196,21.961,2024-06-23 01:49:26
2024-06-23,02:04:26 am,0,101.18,21.878,2024-06-23 02:04:26
2024-06-23,02:19:26 am,0,101.178,21.776,2024-06-23 02:19:26
2024-06-23,02:34:26 am,0,101.173,21.684,2024-06-23 02:34:26
2024-06-23,02:49:26 am,0,101.2,21.603,2024-06-23 02:49:26
2024-06-23,03:04:26 am,0,101.175,21.516,2024-06-23 03:04:26
2024-06-23,03:19:26 am,0,101.154,21.426,2024-06-23 03:19:26
2024-06-23,03:34:26 am,0,101.148,21.336,2024-06-23 03:34:26
2024-06-23,03:49:26 am,0,101.148,21.253,2024-06-23 03:49:26
2024-06-23,04:04:26 am,0,101.158,21.184,2024-06-23 04:04:26
2024-06-23,04:19:26 am,0,101.165,21.11,2024-06-23 04:19:26
2024-06-23,04:34:26 am,0,101.176,21.041,2024-06-23 04:34:26
2024-06-23,04:49:26 am,0,101.179,20.967,2024-06-23 04:49:26
2024-06-23,05:04:26 am,0,101.175,20.881,2024-06-23 05:04:26
2024-06-23,05:19:26 am,0,101.176,20.818,2024-06-23 05:19:26
2024-06-23,05:34:26 am,0,101.178,20.742,2024-06-23 05:34:26
2024-06-23,05:49:26 am,0,101.173,20.679,2024-06-23 05:49:26
2024-06-23,06:04:26 am,0,101.173,20.611,2024-06-23 06:04:26
2024-06-23,06:19:26 am,0,101.173,20.537,2024-06-23 06:19:26
2024-06-23,06:34:26 am,0,101.186,20.5,2024-06-23 06:34:26
2024-06-23,06:49:26 am,0,101.194,20.483,2024-06-23 06:49:26
2024-06-23,07:04:26 am,0,101.196,20.49,2024-06-23 07:04:26
2024-06-23,07:19:26 am,0,101.202,20.524,2024-06-23 07:19:26
2024-06-23,07:34:26 am,0,101.205,20.569,2024-06-23 07:34:26
2024-06-23,07:49:26 am,0,101.219,20.634,2024-06-23 07:49:26
2024-06-23,08:04:26 am,0,101.238,20.715,2024-06-23 08:04:26
2024-06-23,08:19:26 am,0,101.258,20.801,2024-06-23 08:19:26
2024-06-23,08:34:26 am,0,101.278,20.908,2024-06-23 08:34:26
2024-06-23,08:49:26 am,0,101.307,21.025,2024-06-23 08:49:26
2024-06-23,09:04:26 am,0,101.321,21.175,2024-06-23 09:04:26
2024-06-23,09:19:26 am,0,101.336,21.348,2024-06-23 09:19:26
2024-06-23,09:34:26 am,0,101.352,21.525,2024-06-23 09:34:26
2024-06-23,09:49:26 am,0,101.358,21.676,2024-06-23 09:49:26
2024-06-23,10:04:26 am,0,101.374,21.816,2024-06-23 10:04:26
2024-06-23,10:19:26 am,0,101.369,21.966,2024-06-23 10:19:26
2024-06-23,10:34:26 am,0,101.378,22.132,2024-06-23 10:34:26
2024-06-23,10:49:26 am,0,101.383,22.299,2024-06-23 10:49:26
2024-06-23,11:04:26 am,0,101.381,22.442,2024-06-23 11:04:26
2024-06-23,11:19:26 am,0,101.355,22.609,2024-06-23 11:19:26
2024-06-23,11:34:26 am,0,101.364,22.8,2024-06-23 11:34:26
2024-06-23,11:49:26 am,0,101.372,23.073,2024-06-23 11:49:26
2024-06-23,12:04:26 pm,0,101.36,23.32,2024-06-23 12:04:26
2024-06-23,12:19:26 pm,0,101.346,23.537,2024-06-23 12:19:26
2024-06-23,12:34:26 pm,0,101.328,23.77,2024-06-23 12:34:26
2024-06-23,12:49:26 pm,0,101.321,23.984,2024-06-23 12:49:26
2024-06-23,01:04:26 pm,0,101.284,24.051,2024-06-23 01:04:26
2024-06-23,01:19:26 pm,0,101.269,24.18,2024-06-23 01:19:26
2024-06-23,01:34:26 pm,0,101.152,24.347,2024-06-23 01:34:26
2024-06-23,01:49:26 pm,0,101.12,24.472,2024-06-23 01:49:26
2024-06-23,02:04:26 pm,0,101.087,24.445,2024-06-23 02:04:26
2024-06-23,02:19:26 pm,0,101.058,24.383,2024-06-23 02:19:26
2024-06-23,02:34:26 pm,0,101.043,24.547,2024-06-23 02:34:26
2024-06-23,02:49:26 pm,0,101.017,24.63,2024-06-23 02:49:26
2024-06-23,03:04:26 pm,0,100.994,24.753,2024-06-23 03:04:26
2024-06-23,03:19:26 pm,0,100.97,24.831,2024-06-23 03:19:26
2024-06-23,03:34:26 pm,0,100.94,24.885,2024-06-23 03:34:26
2024-06-23,03:49:26 pm,0,100.937,24.899,2024-06-23 03:49:26
2024-06-23,04:04:26 pm,0,100.94,24.932,2024-06-23 04:04:26
2024-06-23,04:19:26 pm,0,100.928,24.922,2024-06-23 04:19:26
2024-06-23,04:34:26 pm,0,100.924,24.938,2024-06-23 04:34:26
2024-06-23,04:49:26 pm,0,100.922,24.974,2024-06-23 04:49:26
2024-06-23,05:04:26 pm,0,100.911,24.925,2024-06-23 05:04:26
2024-06-23,05:19:26 pm,0,100.896,24.902,2024-06-23 05:19:26
2024-06-23,05:34:26 pm,0,100.884,24.853,2024-06-23 05:34:26
2024-06-23,05:49:26 pm,0,100.873,24.815,2024-06-23 05:49:26
2024-06-23,06:04:26 pm,0,100.866,24.781,2024-06-23 06:04:26
2024-06-23,06:19:26 pm,0,100.862,24.745,2024-06-23 06:19:26
2024-06-23,06:34:26 pm,0,100.857,24.697,2024-06-23 06:34:26
2024-06-23,06:49:26 pm,0,100.844,24.65,2024-06-23 06:49:26
2024-06-23,07:04:26 pm,0,100.839,24.593,2024-06-23 07:04:26
2024-06-23,07:19:26 pm,0,100.829,24.541,2024-06-23 07:19:26
2024-06-23,07:34:26 pm,0,100.816,24.48,2024-06-23 07:34:26
2024-06-23,07:49:26 pm,0,100.81,24.423,2024-06-23 07:49:26
2024-06-23,08:04:26 pm,0,100.797,24.364,2024-06-23 08:04:26
2024-06-23,08:19:26 pm,0,100.795,24.296,2024-06-23 08:19:26
2024-06-23,08:34:26 pm,0,100.793,24.235,2024-06-23 08:34:26
2024-06-23,08:49:26 pm,0,100.795,24.168,2024-06-23 08:49:26
2024-06-23,09:04:26 pm,0,100.808,24.107,2024-06-23 09:04:26
2024-06-23,09:19:26 pm,0,100.813,24.056,2024-06-23 09:19:26
2024-06-23,09:34:26 pm,0,100.826,24.007,2024-06-23 09:34:26
2024-06-23,09:49:26 pm,0,100.836,23.954,2024-06-23 09:49:26
2024-06-23,10:04:26 pm,0,100.854,23.897,2024-06-23 10:04:26
2024-06-23,10:19:26 pm,0,100.862,23.84,2024-06-23 10:19:26
2024-06-23,10:34:26 pm,0,100.872,23.782,2024-06-23 10:34:26
2024-06-23,10:49:26 pm,0,100.879,23.718,2024-06-23 10:49:26
2024-06-23,11:04:26 pm,0,100.896,23.661,2024-06-23 11:04:26
2024-06-23,11:19:26 pm,0,100.894,23.604,2024-06-23 11:19:26
2024-06-23,11:34:26 pm,0,100.904,23.548,2024-06-23 11:34:26
2024-06-23,11:49:26 pm,0,100.911,23.487,2024-06-23 11:49:26
2024-06-24,12:04:26 am,0,100.911,23.431,2024-06-24 12:04:26
2024-06-24,12:19:26 am,0,100.911,23.381,2024-06-24 12:19:26
2024-06-24,12:34:26 am,0,100.902,23.34,2024-06-24 12:34:26
2024-06-24,12:49:26 am,0,100.902,23.3,2024-06-24 12:49:26
2024-06-24,01:04:26 am,0,100.885,23.264,2024-06-24 01:04:26
2024-06-24,01:19:26 am,0,100.884,23.228,2024-06-24 01:19:26
2024-06-24,01:34:26 am,0,100.887,23.193,2024-06-24 01:34:26
2024-06-24,01:49:26 am,0,100.881,23.154,2024-06-24 01:49:26
2024-06-24,02:04:26 am,0,100.878,23.119,2024-06-24 02:04:26
2024-06-24,02:19:26 am,0,100.869,23.093,2024-06-24 02:19:26
2024-06-24,02:34:26 am,0,100.868,23.069,2024-06-24 02:34:26
2024-06-24,02:49:26 am,0,100.857,23.048,2024-06-24 02:49:26
2024-06-24,03:04:26 am,0,100.856,23.024,2024-06-24 03:04:26
2024-06-24,03:19:26 am,0,100.861,23.002,2024-06-24 03:19:26
2024-06-24,03:34:26 am,0,100.865,22.98,2024-06-24 03:34:26
2024-06-24,03:49:26 am,0,100.867,22.96,2024-06-24 03:49:26
2024-06-24,04:04:26 am,0,100.869,22.942,2024-06-24 04:04:26
2024-06-24,04:19:26 am,0,100.869,22.925,2024-06-24 04:19:26
2024-06-24,04:34:26 am,0,100.908,22.913,2024-06-24 04:34:26
2024-06-24,04:49:26 am,0,101.008,22.95,2024-06-24 04:49:26
2024-06-24,05:04:26 am,0,101.135,23.02,2024-06-24 05:04:26
2024-06-24,05:19:26 am,0,101.144,22.953,2024-06-24 05:19:26
2024-06-24,05:34:26 am,0,101.188,22.93,2024-06-24 05:34:26
2024-06-24,05:49:26 am,0,101.207,22.895,2024-06-24 05:49:26
2024-06-24,06:04:26 am,0,101.235,22.747,2024-06-24 06:04:26
2024-06-24,06:19:26 am,0,101.26,22.668,2024-06-24 06:19:26
2024-06-24,06:34:26 am,0,101.264,22.593,2024-06-24 06:34:26
2024-06-24,06:49:26 am,0,101.477,22.546,2024-06-24 06:49:26
2024-06-24,07:04:26 am,0,101.576,22.487,2024-06-24 07:04:26
2024-06-24,07:19:26 am,0,101.502,22.447,2024-06-24 07:19:26
2024-06-24,07:34:26 am,0,101.437,22.446,2024-06-24 07:34:26
2024-06-24,07:49:26 am,0,101.465,22.463,2024-06-24 07:49:26
2024-06-24,08:04:26 am,0,101.429,22.48,2024-06-24 08:04:26
2024-06-24,08:19:26 am,0,101.417,22.504,2024-06-24 08:19:26
2024-06-24,08:34:26 am,0,101.387,22.543,2024-06-24 08:34:26
2024-06-24,08:49:26 am,0,101.363,22.586,2024-06-24 08:49:26
2024-06-24,09:04:26 am,0,101.328,22.648,2024-06-24 09:04:26
2024-06-24,09:19:26 am,0,101.303,22.737,2024-06-24 09:19:26
2024-06-24,09:34:26 am,0,101.257,22.835,2024-06-24 09:34:26
2024-06-24,09:49:26 am,0,101.271,22.93,2024-06-24 09:49:26
2024-06-24,10:04:26 am,0,101.285,23.003,2024-06-24 10:04:26
2024-06-24,10:19:26 am,0,101.312,23.136,2024-06-24 10:19:26
2024-06-24,10:34:26 am,0,101.328,23.211,2024-06-24 10:34:26
2024-06-24,10:49:26 am,0,101.348,23.311,2024-06-24 10:49:26
2024-06-24,11:04:26 am,0,101.364,23.422,2024-06-24 11:04:26
2024-06-24,11:19:26 am,0,101.364,23.528,2024-06-24 11:19:26
2024-06-24,11:34:26 am,0,101.35,23.631,2024-06-24 11:34:26
2024-06-24,11:49:26 am,0,101.353,23.757,2024-06-24 11:49:26
2024-06-24,12:04:26 pm,0,101.343,23.832,2024-06-24 12:04:26
2024-06-24,12:19:26 pm,0,101.348,23.971,2024-06-24 12:19:26
2024-06-24,12:34:26 pm,0,101.275,24.159,2024-06-24 12:34:26
2024-06-24,12:49:26 pm,0,101.266,24.337,2024-06-24 12:49:26
2024-06-24,01:04:26 pm,0,101.257,24.453,2024-06-24 01:04:26
2024-06-24,01:19:26 pm,0,101.242,24.641,2024-06-24 01:19:26
2024-06-24,01:34:26 pm,0,101.221,24.794,2024-06-24 01:34:26
2024-06-24,01:49:26 pm,0,101.212,24.957,2024-06-24 01:49:26
2024-06-24,02:04:26 pm,0,101.188,25.067,2024-06-24 02:04:26
2024-06-24,02:19:26 pm,0,101.182,25.167,2024-06-24 02:19:26
2024-06-24,02:34:26 pm,0,101.154,25.28,2024-06-24 02:34:26
2024-06-24,02:49:26 pm,0,101.139,25.333,2024-06-24 02:49:26
2024-06-24,03:04:26 pm,0,101.106,25.416,2024-06-24 03:04:26
2024-06-24,03:19:26 pm,0,101.077,25.468,2024-06-24 03:19:26
2024-06-24,03:34:26 pm,0,101.055,25.483,2024-06-24 03:34:26
2024-06-24,03:49:26 pm,0,101.045,25.503,2024-06-24 03:49:26
2024-06-24,04:04:26 pm,0,101.029,25.535,2024-06-24 04:04:26
2024-06-24,04:19:26 pm,0,101.012,25.546,2024-06-24 04:19:26
2024-06-24,04:34:26 pm,0,101.01,25.515,2024-06-24 04:34:26
2024-06-24,04:49:26 pm,0,101.008,25.49,2024-06-24 04:49:26
2024-06-24,05:04:26 pm,0,100.996,25.472,2024-06-24 05:04:26
2024-06-24,05:19:26 pm,0,100.984,25.458,2024-06-24 05:19:26
2024-06-24,05:34:26 pm,0,100.972,25.441,2024-06-24 05:34:26
2024-06-24,05:49:26 pm,0,100.954,25.404,2024-06-24 05:49:26
2024-06-24,06:04:26 pm,0,100.949,25.357,2024-06-24 06:04:26
2024-06-24,06:19:26 pm,0,100.936,25.307,2024-06-24 06:19:26
2024-06-24,06:34:26 pm,0,100.926,25.254,2024-06-24 06:34:26
2024-06-24,06:49:26 pm,0,100.917,25.196,2024-06-24 06:49:26
2024-06-24,07:04:26 pm,0,100.915,25.135,2024-06-24 07:04:26
2024-06-24,07:19:26 pm,0,100.916,25.076,2024-06-24 07:19:26
2024-06-24,07:34:26 pm,0,100.91,25.011,2024-06-24 07:34:26
2024-06-24,07:49:26 pm,0,100.9,24.949,2024-06-24 07:49:26
2024-06-24,08:04:26 pm,0,100.887,24.889,2024-06-24 08:04:26
2024-06-24,08:19:26 pm,0,100.888,24.823,2024-06-24 08:19:26
2024-06-24,08:34:26 pm,0,100.884,24.75,2024-06-24 08:34:26
2024-06-24,08:49:26 pm,0,100.888,24.677,2024-06-24 08:49:26
2024-06-24,09:04:26 pm,0,100.886,24.597,2024-06-24 09:04:26
2024-06-24,09:19:26 pm,0,100.901,24.52,2024-06-24 09:19:26
2024-06-24,09:34:26 pm,0,100.912,24.441,2024-06-24 09:34:26
2024-06-24,09:49:26 pm,0,100.922,24.359,2024-06-24 09:49:26
2024-06-24,10:04:26 pm,0,100.926,24.281,2024-06-24 10:04:26
2024-06-24,10:19:26 pm,0,100.938,24.204,2024-06-24 10:19:26
2024-06-24,10:34:26 pm,0,100.944,24.128,2024-06-24 10:34:26
2024-06-24,10:49:26 pm,0,100.955,24.039,2024-06-24 10:49:26
2024-06-24,11:04:26 pm,0,100.958,23.958,2024-06-24 11:04:26
2024-06-24,11:19:26 pm,0,100.96,23.883,2024-06-24 11:19:26
2024-06-24,11:34:26 pm,0,100.954,23.807,2024-06-24 11:34:26
2024-06-24,11:49:26 pm,0,100.956,23.73,2024-06-24 11:49:26
2024-06-25,12:04:26 am,0,100.954,23.647,2024-06-25 12:04:26
2024-06-25,12:19:26 am,0,100.946,23.567,2024-06-25 12:19:26
2024-06-25,12:34:26 am,0,100.945,23.491,2024-06-25 12:34:26
2024-06-25,12:49:26 am,0,100.947,23.418,2024-06-25 12:49:26
2024-06-25,01:04:26 am,0,100.94,23.345,2024-06-25 01:04:26
2024-06-25,01:19:26 am,0,100.938,23.28,2024-06-25 01:19:26
2024-06-25,01:34:26 am,0,100.951,23.208,2024-06-25 01:34:26
2024-06-25,01:49:26 am,0,100.946,23.118,2024-06-25 01:49:26
2024-06-25,02:04:26 am,0,100.934,23.048,2024-06-25 02:04:26
2024-06-25,02:19:26 am,0,100.928,22.978,2024-06-25 02:19:26
2024-06-25,02:34:26 am,0,100.924,22.919,2024-06-25 02:34:26
2024-06-25,02:49:26 am,0,100.913,22.844,2024-06-25 02:49:26
2024-06-25,03:04:26 am,0,100.932,22.773,2024-06-25 03:04:26
2024-06-25,03:19:26 am,0,100.936,22.703,2024-06-25 03:19:26
2024-06-25,03:34:26 am,0,100.932,22.636,2024-06-25 03:34:26
2024-06-25,03:49:26 am,0,100.939,22.577,2024-06-25 03:49:26
2024-06-25,04:04:26 am,0,100.947,22.514,2024-06-25 04:04:26
2024-06-25,04:19:26 am,0,100.938,22.457,2024-06-25 04:19:26
2024-06-25,04:34:26 am,0,100.922,22.384,2024-06-25 04:34:26
2024-06-25,04:49:26 am,0,100.982,22.323,2024-06-25 04:49:26
2024-06-25,05:04:26 am,0,101.011,22.263,2024-06-25 05:04:26
2024-06-25,05:19:26 am,0,101.015,22.209,2024-06-25 05:19:26
2024-06-25,05:34:26 am,0,101.032,22.159,2024-06-25 05:34:26
2024-06-25,05:49:26 am,0,101.048,22.11,2024-06-25 05:49:26
2024-06-25,06:04:26 am,0,101.054,22.072,2024-06-25 06:04:26
2024-06-25,06:19:26 am,0,101.073,22.026,2024-06-25 06:19:26
2024-06-25,06:34:26 am,0,101.092,21.992,2024-06-25 06:34:26
2024-06-25,06:49:26 am,0,101.114,21.977,2024-06-25 06:49:26
2024-06-25,07:04:26 am,0,101.112,21.964,2024-06-25 07:04:26
2024-06-25,07:19:26 am,0,101.12,21.978,2024-06-25 07:19:26
2024-06-25,07:34:26 am,0,101.125,22.008,2024-06-25 07:34:26
2024-06-25,07:49:26 am,0,101.135,22.06,2024-06-25 07:49:26
2024-06-25,08:04:26 am,0,101.12,22.119,2024-06-25 08:04:26
2024-06-25,08:19:26 am,0,101.124,22.187,2024-06-25 08:19:26
2024-06-25,08:34:26 am,0,101.135,22.269,2024-06-25 08:34:26
2024-06-25,08:49:26 am,0,101.134,22.368,2024-06-25 08:49:26
2024-06-25,09:04:26 am,0,101.146,22.45,2024-06-25 09:04:26
2024-06-25,09:19:26 am,0,101.142,22.555,2024-06-25 09:19:26
2024-06-25,09:34:26 am,0,101.147,22.686,2024-06-25 09:34:26
2024-06-25,09:49:26 am,0,101.152,22.807,2024-06-25 09:49:26
2024-06-25,10:04:26 am,0,101.146,22.916,2024-06-25 10:04:26
2024-06-25,10:19:26 am,0,101.145,23.053,2024-06-25 10:19:26
2024-06-25,10:34:26 am,0,101.145,23.163,2024-06-25 10:34:26
2024-06-25,10:49:26 am,0,101.146,23.283,2024-06-25 10:49:26
2024-06-25,11:04:26 am,0,101.15,23.401,2024-06-25 11:04:26
2024-06-25,11:19:26 am,0,101.164,23.512,2024-06-25 11:19:26
2024-06-25,11:34:26 am,0,101.168,23.645,2024-06-25 11:34:26
2024-06-25,11:49:26 am,0,101.183,23.787,2024-06-25 11:49:26
2024-06-25,12:04:26 pm,0,101.219,23.977,2024-06-25 12:04:26
2024-06-25,12:19:26 pm,0,101.244,24.143,2024-06-25 12:19:26
2024-06-25,12:34:26 pm,0,101.279,24.331,2024-06-25 12:34:26
2024-06-25,12:49:26 pm,0,101.269,24.548,2024-06-25 12:49:26
2024-06-25,01:04:26 pm,0,101.259,24.62,2024-06-25 01:04:26
2024-06-25,01:19:26 pm,0,101.249,24.75,2024-06-25 01:19:26
2024-06-25,01:34:26 pm,0,101.166,24.895,2024-06-25 01:34:26
2024-06-25,01:49:26 pm,0,101.171,25.056,2024-06-25 01:49:26
2024-06-25,02:04:26 pm,0,101.164,25.136,2024-06-25 02:04:26
2024-06-25,02:19:26 pm,0,101.152,25.2,2024-06-25 02:19:26
2024-06-25,02:34:26 pm,0,101.128,25.309,2024-06-25 02:34:26
2024-06-25,02:49:26 pm,0,101.118,25.413,2024-06-25 02:49:26
2024-06-25,03:04:26 pm,0,101.112,25.515,2024-06-25 03:04:26
2024-06-25,03:19:26 pm,0,101.097,25.582,2024-06-25 03:19:26
2024-06-25,03:34:26 pm,0,101.07,25.624,2024-06-25 03:34:26
2024-06-25,03:49:26 pm,0,101.058,25.644,2024-06-25 03:49:26
2024-06-25,04:04:26 pm,0,101.043,25.665,2024-06-25 04:04:26
2024-06-25,04:19:26 pm,0,101.027,25.707,2024-06-25 04:19:26
2024-06-25,04:34:26 pm,0,101.004,25.735,2024-06-25 04:34:26
2024-06-25,04:49:26 pm,0,100.986,25.726,2024-06-25 04:49:26
2024-06-25,05:04:26 pm,0,100.964,25.704,2024-06-25 05:04:26
2024-06-25,05:19:26 pm,0,100.95,25.663,2024-06-25 05:19:26
2024-06-25,05:34:26 pm,0,100.931,25.637,2024-06-25 05:34:26
2024-06-25,05:49:26 pm,0,100.923,25.607,2024-06-25 05:49:26
2024-06-25,06:04:26 pm,0,100.911,25.555,2024-06-25 06:04:26
2024-06-25,06:19:26 pm,0,100.898,25.514,2024-06-25 06:19:26
2024-06-25,06:34:26 pm,0,100.888,25.465,2024-06-25 06:34:26
2024-06-25,06:49:26 pm,0,100.883,25.419,2024-06-25 06:49:26
2024-06-25,07:04:26 pm,0,100.88,25.366,2024-06-25 07:04:26
2024-06-25,07:19:26 pm,0,100.872,25.308,2024-06-25 07:19:26
2024-06-25,07:34:26 pm,0,100.871,25.252,2024-06-25 07:34:26
2024-06-25,07:49:26 pm,0,100.86,25.183,2024-06-25 07:49:26
2024-06-25,08:04:26 pm,0,100.852,25.106,2024-06-25 08:04:26
2024-06-25,08:19:26 pm,0,100.836,25.029,2024-06-25 08:19:26
2024-06-25,08:34:26 pm,0,100.836,24.959,2024-06-25 08:34:26
2024-06-25,08:49:26 pm,0,100.845,24.88,2024-06-25 08:49:26
2024-06-25,09:04:26 pm,0,100.842,24.802,2024-06-25 09:04:26
2024-06-25,09:19:26 pm,0,100.856,24.732,2024-06-25 09:19:26
2024-06-25,09:34:26 pm,0,100.872,24.653,2024-06-25 09:34:26
2024-06-25,09:49:26 pm,0,100.862,24.575,2024-06-25 09:49:26
2024-06-25,10:04:26 pm,0,100.879,24.486,2024-06-25 10:04:26
2024-06-25,10:19:26 pm,0,100.887,24.395,2024-06-25 10:19:26
2024-06-25,10:34:26 pm,0,100.879,24.304,2024-06-25 10:34:26
2024-06-25,10:49:26 pm,0,100.873,24.221,2024-06-25 10:49:26
2024-06-25,11:04:26 pm,0,100.871,24.129,2024-06-25 11:04:26
2024-06-25,11:19:26 pm,0,100.87,24.033,2024-06-25 11:19:26
2024-06-25,11:34:26 pm,0,100.868,23.955,2024-06-25 11:34:26
2024-06-25,11:49:26 pm,0,100.883,23.888,2024-06-25 11:49:26
2024-06-26,12:04:26 am,0,100.888,23.824,2024-06-26 12:04:26
2024-06-26,12:19:26 am,0,100.905,23.741,2024-06-26 12:19:26
2024-06-26,12:34:26 am,0,100.879,23.656,2024-06-26 12:34:26
2024-06-26,12:49:26 am,0,100.869,23.571,2024-06-26 12:49:26
2024-06-26,01:04:26 am,0,100.856,23.492,2024-06-26 01:04:26
2024-06-26,01:19:26 am,0,100.838,23.414,2024-06-26 01:19:26
2024-06-26,01:34:26 am,0,100.834,23.323,2024-06-26 01:34:26
2024-06-26,01:49:26 am,0,100.812,23.256,2024-06-26 01:49:26
2024-06-26,02:04:26 am,0,100.78,23.173,2024-06-26 02:04:26
2024-06-26,02:19:26 am,0,100.761,23.109,2024-06-26 02:19:26
2024-06-26,02:34:26 am,0,100.754,23.035,2024-06-26 02:34:26
2024-06-26,02:49:26 am,0,100.792,22.967,2024-06-26 02:49:26
2024-06-26,03:04:26 am,0,100.802,22.897,2024-06-26 03:04:26
2024-06-26,03:19:26 am,0,100.794,22.847,2024-06-26 03:19:26
2024-06-26,03:34:26 am,0,100.791,22.799,2024-06-26 03:34:26
2024-06-26,03:49:26 am,0,100.798,22.747,2024-06-26 03:49:26
2024-06-26,04:04:26 am,0,100.777,22.692,2024-06-26 04:04:26
2024-06-26,04:19:26 am,0,100.782,22.627,2024-06-26 04:19:26
2024-06-26,04:34:26 am,0,100.786,22.57,2024-06-26 04:34:26
2024-06-26,04:49:26 am,0,100.793,22.515,2024-06-26 04:49:26
2024-06-26,05:04:26 am,0,100.791,22.462,2024-06-26 05:04:26
2024-06-26,05:19:26 am,0,100.791,22.424,2024-06-26 05:19:26
2024-06-26,05:34:26 am,0,100.804,22.374,2024-06-26 05:34:26
2024-06-26,05:49:26 am,0,100.811,22.317,2024-06-26 05:49:26
2024-06-26,06:04:26 am,0,100.822,22.262,2024-06-26 06:04:26
2024-06-26,06:19:26 am,0,100.846,22.218,2024-06-26 06:19:26
2024-06-26,06:34:26 am,0,100.853,22.186,2024-06-26 06:34:26
2024-06-26,06:49:26 am,0,100.858,22.17,2024-06-26 06:49:26
2024-06-26,07:04:26 am,0,100.857,22.171,2024-06-26 07:04:26
2024-06-26,07:19:26 am,0,100.858,22.188,2024-06-26 07:19:26
2024-06-26,07:34:26 am,0,100.859,22.225,2024-06-26 07:34:26
2024-06-26,07:49:26 am,0,100.869,22.274,2024-06-26 07:49:26
2024-06-26,08:04:26 am,0,100.875,22.334,2024-06-26 08:04:26
2024-06-26,08:19:26 am,0,100.887,22.409,2024-06-26 08:19:26
2024-06-26,08:34:26 am,0,100.911,22.508,2024-06-26 08:34:26
2024-06-26,08:49:26 am,0,100.929,22.624,2024-06-26 08:49:26
2024-06-26,09:04:26 am,0,100.95,22.74,2024-06-26 09:04:26
2024-06-26,09:19:26 am,0,100.972,22.848,2024-06-26 09:19:26
2024-06-26,09:34:26 am,0,101.003,22.978,2024-06-26 09:34:26
2024-06-26,09:49:26 am,0,101.032,23.128,2024-06-26 09:49:26
2024-06-26,10:04:26 am,0,101.04,23.23,2024-06-26 10:04:26
2024-06-26,10:19:26 am,0,101.015,23.35,2024-06-26 10:19:26
2024-06-26,10:34:26 am,0,101.023,23.537,2024-06-26 10:34:26
2024-06-26,10:49:26 am,0,100.951,23.73,2024-06-26 10:49:26
2024-06-26,11:04:26 am,0,100.941,23.903,2024-06-26 11:04:26
2024-06-26,11:19:26 am,0,100.948,24.044,2024-06-26 11:19:26
2024-06-26,11:34:26 am,0,100.928,24.191,2024-06-26 11:34:26
2024-06-26,11:49:26 am,0,100.919,24.375,2024-06-26 11:49:26
2024-06-26,12:04:26 pm,0,100.878,24.565,2024-06-26 12:04:26
2024-06-26,12:19:26 pm,0,100.859,24.694,2024-06-26 12:19:26
2024-06-26,12:34:26 pm,0,100.825,24.924,2024-06-26 12:34:26
2024-06-26,12:49:26 pm,0,100.811,25.133,2024-06-26 12:49:26
2024-06-26,01:04:26 pm,0,100.754,25.175,2024-06-26 01:04:26
2024-06-26,01:19:26 pm,0,100.737,25.293,2024-06-26 01:19:26
2024-06-26,01:34:26 pm,0,100.747,25.45,2024-06-26 01:34:26
2024-06-26,01:49:26 pm,0,100.746,25.634,2024-06-26 01:49:26
2024-06-26,02:04:26 pm,0,100.727,25.735,2024-06-26 02:04:26
2024-06-26,02:19:26 pm,0,100.774,25.861,2024-06-26 02:19:26
2024-06-26,02:34:26 pm,0,100.784,25.835,2024-06-26 02:34:26
2024-06-26,02:49:26 pm,0,100.783,25.66,2024-06-26 02:49:26
2024-06-26,03:04:26 pm,0,100.753,25.505,2024-06-26 03:04:26
2024-06-26,03:19:26 pm,0,100.739,25.38,2024-06-26 03:19:26
2024-06-26,03:34:26 pm,0,100.712,25.305,2024-06-26 03:34:26
2024-06-26,03:49:26 pm,0,100.695,25.215,2024-06-26 03:49:26
2024-06-26,04:04:26 pm,0,100.668,25.151,2024-06-26 04:04:26
2024-06-26,04:19:26 pm,0,100.669,25.139,2024-06-26 04:19:26
2024-06-26,04:34:26 pm,0,100.673,25.163,2024-06-26 04:34:26
2024-06-26,04:49:26 pm,0,100.676,25.169,2024-06-26 04:49:26
2024-06-26,05:04:26 pm,0,100.662,25.164,2024-06-26 05:04:26
2024-06-26,05:19:26 pm,0,100.649,25.183,2024-06-26 05:19:26
2024-06-26,05:34:26 pm,0,100.653,25.234,2024-06-26 05:34:26
2024-06-26,05:49:26 pm,0,100.617,25.26,2024-06-26 05:49:26
2024-06-26,06:04:26 pm,0,100.628,25.234,2024-06-26 06:04:26
2024-06-26,06:19:26 pm,0,100.645,25.189,2024-06-26 06:19:26
2024-06-26,06:34:26 pm,0,100.633,25.14,2024-06-26 06:34:26
2024-06-26,06:49:26 pm,0,100.639,25.079,2024-06-26 06:49:26
2024-06-26,07:04:26 pm,0,100.632,24.994,2024-06-26 07:04:26
2024-06-26,07:19:26 pm,0,100.623,24.89,2024-06-26 07:19:26
2024-06-26,07:34:26 pm,0,100.608,24.799,2024-06-26 07:34:26
2024-06-26,07:49:26 pm,0,100.594,24.719,2024-06-26 07:49:26
2024-06-26,08:04:26 pm,0,100.568,24.641,2024-06-26 08:04:26
2024-06-26,08:19:26 pm,0,100.561,24.569,2024-06-26 08:19:26
2024-06-26,08:34:26 pm,0,100.56,24.509,2024-06-26 08:34:26
2024-06-26,08:49:26 pm,0,100.586,24.435,2024-06-26 08:49:26
2024-06-26,09:04:26 pm,0,100.604,24.36,2024-06-26 09:04:26
2024-06-26,09:19:26 pm,0,100.584,24.306,2024-06-26 09:19:26
2024-06-26,09:34:26 pm,0,100.598,24.219,2024-06-26 09:34:26
2024-06-26,09:49:26 pm,0,100.599,24.161,2024-06-26 09:49:26
2024-06-26,10:04:26 pm,0,100.604,24.094,2024-06-26 10:04:26
2024-06-26,10:19:26 pm,0,100.618,24.026,2024-06-26 10:19:26
2024-06-26,10:34:26 pm,0,100.606,23.97,2024-06-26 10:34:26
2024-06-26,10:49:26 pm,0,100.584,23.914,2024-06-26 10:49:26
2024-06-26,11:04:26 pm,0,100.553,23.853,2024-06-26 11:04:26
2024-06-26,11:19:26 pm,0,100.534,23.795,2024-06-26 11:19:26
2024-06-26,11:34:26 pm,0,100.517,23.731,2024-06-26 11:34:26
2024-06-26,11:49:26 pm,0,100.536,23.664,2024-06-26 11:49:26
2024-06-27,12:04:26 am,0,100.522,23.605,2024-06-27 12:04:26
2024-06-27,12:19:26 am,0,100.509,23.541,2024-06-27 12:19:26
2024-06-27,12:34:26 am,0,100.501,23.501,2024-06-27 12:34:26
2024-06-27,12:49:26 am,0,100.48,23.45,2024-06-27 12:49:26
2024-06-27,01:04:26 am,0,100.477,23.397,2024-06-27 01:04:26
2024-06-27,01:19:26 am,0,100.465,23.338,2024-06-27 01:19:26
2024-06-27,01:34:26 am,0,100.45,23.304,2024-06-27 01:34:26
2024-06-27,01:49:26 am,0,100.45,23.27,2024-06-27 01:49:26
2024-06-27,02:04:26 am,0,100.45,23.24,2024-06-27 02:04:26
2024-06-27,02:19:26 am,0,100.463,23.204,2024-06-27 02:19:26
2024-06-27,02:34:26 am,0,100.522,23.189,2024-06-27 02:34:26
2024-06-27,02:49:26 am,0,100.529,23.168,2024-06-27 02:49:26
2024-06-27,03:04:26 am,0,100.523,23.154,2024-06-27 03:04:26
2024-06-27,03:19:26 am,0,100.508,23.123,2024-06-27 03:19:26
2024-06-27,03:34:26 am,0,100.525,23.1,2024-06-27 03:34:26
2024-06-27,03:49:26 am,0,100.565,23.069,2024-06-27 03:49:26
2024-06-27,04:04:26 am,0,100.565,23.039,2024-06-27 04:04:26
2024-06-27,04:19:26 am,0,100.558,22.999,2024-06-27 04:19:26
2024-06-27,04:34:26 am,0,100.555,22.966,2024-06-27 04:34:26
2024-06-27,04:49:26 am,0,100.598,22.933,2024-06-27 04:49:26
2024-06-27,05:04:26 am,0,100.837,22.892,2024-06-27 05:04:26
2024-06-27,05:19:26 am,0,100.925,22.827,2024-06-27 05:19:26
2024-06-27,05:34:26 am,0,100.864,22.776,2024-06-27 05:34:26
2024-06-27,05:49:26 am,0,100.866,22.741,2024-06-27 05:49:26
2024-06-27,06:04:26 am,0,100.839,22.708,2024-06-27 06:04:26
2024-06-27,06:19:26 am,0,100.829,22.688,2024-06-27 06:19:26
2024-06-27,06:34:26 am,0,100.851,22.702,2024-06-27 06:34:26
2024-06-27,06:49:26 am,0,100.932,22.694,2024-06-27 06:49:26
2024-06-27,07:04:26 am,0,100.909,22.689,2024-06-27 07:04:26
2024-06-27,07:19:26 am,0,100.896,22.66,2024-06-27 07:19:26
2024-06-27,07:34:26 am,0,101.119,22.656,2024-06-27 07:34:26
2024-06-27,07:49:26 am,0,101.175,22.59,2024-06-27 07:49:26
2024-06-27,08:04:26 am,0,101.103,22.599,2024-06-27 08:04:26
2024-06-27,08:19:26 am,0,101.138,22.621,2024-06-27 08:19:26
2024-06-27,08:34:26 am,0,101.093,22.617,2024-06-27 08:34:26
2024-06-27,08:49:26 am,0,101.07,22.632,2024-06-27 08:49:26
2024-06-27,09:04:26 am,0,101.046,22.642,2024-06-27 09:04:26
2024-06-27,09:19:26 am,0,101.005,22.647,2024-06-27 09:19:26
2024-06-27,09:34:26 am,0,100.966,22.658,2024-06-27 09:34:26
2024-06-27,09:49:26 am,0,100.933,22.668,2024-06-27 09:49:26
2024-06-27,10:04:26 am,0,100.92,22.686,2024-06-27 10:04:26
2024-06-27,10:19:26 am,0,100.889,22.703,2024-06-27 10:19:26
2024-06-27,10:34:26 am,0,100.888,22.748,2024-06-27 10:34:26
2024-06-27,10:49:26 am,0,100.861,22.78,2024-06-27 10:49:26
2024-06-27,11:04:26 am,0,100.833,22.809,2024-06-27 11:04:26
2024-06-27,11:19:26 am,0,100.835,22.855,2024-06-27 11:19:26
2024-06-27,11:34:26 am,0,100.823,22.933,2024-06-27 11:34:26
2024-06-27,11:49:26 am,0,100.815,23.081,2024-06-27 11:49:26
2024-06-27,12:04:26 pm,0,100.821,23.19,2024-06-27 12:04:26
2024-06-27,12:19:26 pm,0,100.828,23.259,2024-06-27 12:19:26
2024-06-27,12:34:26 pm,0,100.855,23.413,2024-06-27 12:34:26
2024-06-27,12:49:26 pm,0,100.862,23.46,2024-06-27 12:49:26
2024-06-27,01:04:26 pm,0,100.859,23.508,2024-06-27 01:04:26
2024-06-27,01:19:26 pm,0,100.842,23.638,2024-06-27 01:19:26
2024-06-27,01:34:26 pm,0,100.831,23.815,2024-06-27 01:34:26
2024-06-27,01:49:26 pm,0,100.754,23.981,2024-06-27 01:49:26
2024-06-27,02:04:26 pm,0,100.737,24.033,2024-06-27 02:04:26
2024-06-27,02:19:26 pm,0,100.721,24.09,2024-06-27 02:19:26
2024-06-27,02:34:26 pm,0,100.714,24.26,2024-06-27 02:34:26
2024-06-27,02:49:26 pm,0,100.705,24.406,2024-06-27 02:49:26
2024-06-27,03:04:26 pm,0,100.705,24.526,2024-06-27 03:04:26
2024-06-27,03:19:26 pm,0,100.697,24.556,2024-06-27 03:19:26
2024-06-27,03:34:26 pm,0,100.688,24.546,2024-06-27 03:34:26
2024-06-27,03:49:26 pm,0,100.688,24.589,2024-06-27 03:49:26
2024-06-27,04:04:26 pm,0,100.695,24.622,2024-06-27 04:04:26
2024-06-27,04:19:26 pm,0,100.684,24.604,2024-06-27 04:19:26
2024-06-27,04:34:26 pm,0,100.669,24.611,2024-06-27 04:34:26
2024-06-27,04:49:26 pm,0,100.658,24.567,2024-06-27 04:49:26
2024-06-27,05:04:26 pm,0,100.649,24.538,2024-06-27 05:04:26
2024-06-27,05:19:26 pm,0,100.634,24.483,2024-06-27 05:19:26
2024-06-27,05:34:26 pm,0,100.612,24.43,2024-06-27 05:34:26
2024-06-27,05:49:26 pm,0,100.609,24.423,2024-06-27 05:49:26
2024-06-27,06:04:26 pm,0,100.608,24.402,2024-06-27 06:04:26
2024-06-27,06:19:26 pm,0,100.6,24.381,2024-06-27 06:19:26
2024-06-27,06:34:26 pm,0,100.59,24.35,2024-06-27 06:34:26
2024-06-27,06:49:26 pm,0,100.591,24.321,2024-06-27 06:49:26
2024-06-27,07:04:26 pm,0,100.596,24.281,2024-06-27 07:04:26
2024-06-27,07:19:26 pm,0,100.581,24.238,2024-06-27 07:19:26
2024-06-27,07:34:26 pm,0,100.589,24.204,2024-06-27 07:34:26
2024-06-27,07:49:26 pm,0,100.603,24.17,2024-06-27 07:49:26
2024-06-27,08:04:26 pm,0,100.595,24.147,2024-06-27 08:04:26
2024-06-27,08:19:26 pm,0,100.602,24.112,2024-06-27 08:19:26
2024-06-27,08:34:26 pm,0,100.603,24.071,2024-06-27 08:34:26
2024-06-27,08:49:26 pm,0,100.604,24.039,2024-06-27 08:49:26
2024-06-27,09:04:26 pm,0,100.618,23.991,2024-06-27 09:04:26
2024-06-27,09:19:26 pm,0,100.627,23.951,2024-06-27 09:19:26
2024-06-27,09:34:26 pm,0,100.627,23.904,2024-06-27 09:34:26
2024-06-27,09:49:26 pm,0,100.64,23.86,2024-06-27 09:49:26
2024-06-27,10:04:26 pm,0,100.652,23.814,2024-06-27 10:04:26
2024-06-27,10:19:26 pm,0,100.679,23.771,2024-06-27 10:19:26
2024-06-27,10:34:26 pm,0,100.681,23.721,2024-06-27 10:34:26
2024-06-27,10:49:26 pm,0,100.677,23.67,2024-06-27 10:49:26
2024-06-27,11:04:26 pm,0,100.683,23.627,2024-06-27 11:04:26
2024-06-27,11:19:26 pm,0,100.668,23.586,2024-06-27 11:19:26
2024-06-27,11:34:26 pm,0,100.651,23.542,2024-06-27 11:34:26
2024-06-27,11:49:26 pm,0,100.64,23.5,2024-06-27 11:49:26
2024-06-28,12:04:26 am,0,100.629,23.454,2024-06-28 12:04:26
2024-06-28,12:19:26 am,0,100.61,23.399,2024-06-28 12:19:26
2024-06-28,12:34:26 am,0,100.588,23.353,2024-06-28 12:34:26
2024-06-28,12:49:26 am,0,100.566,23.303,2024-06-28 12:49:26
2024-06-28,01:04:26 am,0,100.553,23.255,2024-06-28 01:04:26
2024-06-28,01:19:26 am,0,100.531,23.205,2024-06-28 01:19:26
2024-06-28,01:34:26 am,0,100.514,23.148,2024-06-28 01:34:26
2024-06-28,01:49:26 am,0,100.593,23.094,2024-06-28 01:49:26
2024-06-28,02:04:26 am,0,100.609,23.034,2024-06-28 02:04:26
2024-06-28,02:19:26 am,0,100.624,22.986,2024-06-28 02:19:26
2024-06-28,02:34:26 am,0,100.613,22.94,2024-06-28 02:34:26
2024-06-28,02:49:26 am,0,100.622,22.907,2024-06-28 02:49:26
2024-06-28,03:04:26 am,0,100.63,22.876,2024-06-28 03:04:26
2024-06-28,03:19:26 am,0,100.632,22.833,2024-06-28 03:19:26
2024-06-28,03:34:26 am,0,100.638,22.787,2024-06-28 03:34:26
2024-06-28,03:49:26 am,0,100.651,22.745,2024-06-28 03:49:26
2024-06-28,04:04:26 am,0,100.681,22.715,2024-06-28 04:04:26
2024-06-28,04:19:26 am,0,100.731,22.677,2024-06-28 04:19:26
2024-06-28,04:34:26 am,0,100.738,22.639,2024-06-28 04:34:26
2024-06-28,04:49:26 am,0,100.745,22.591,2024-06-28 04:49:26
2024-06-28,05:04:26 am,0,100.745,22.541,2024-06-28 05:04:26
2024-06-28,05:19:26 am,0,100.742,22.495,2024-06-28 05:19:26
2024-06-28,05:34:26 am,0,100.742,22.454,2024-06-28 05:34:26
2024-06-28,05:49:26 am,0,100.768,22.409,2024-06-28 05:49:26
2024-06-28,06:04:26 am,0,100.785,22.385,2024-06-28 06:04:26
2024-06-28,06:19:26 am,0,100.807,22.368,2024-06-28 06:19:26
2024-06-28,06:34:26 am,0,100.843,22.352,2024-06-28 06:34:26
2024-06-28,06:49:26 am,0,100.859,22.357,2024-06-28 06:49:26
2024-06-28,07:04:26 am,0,100.869,22.373,2024-06-28 07:04:26
2024-06-28,07:19:26 am,0,100.884,22.391,2024-06-28 07:19:26
2024-06-28,07:34:26 am,0,100.89,22.423,2024-06-28 07:34:26
2024-06-28,07:49:26 am,0,100.893,22.484,2024-06-28 07:49:26
2024-06-28,08:04:26 am,0,100.907,22.547,2024-06-28 08:04:26
2024-06-28,08:19:26 am,0,100.908,22.621,2024-06-28 08:19:26
2024-06-28,08:34:26 am,0,100.919,22.697,2024-06-28 08:34:26
2024-06-28,08:49:26 am,0,100.93,22.777,2024-06-28 08:49:26
2024-06-28,09:04:26 am,0,100.931,22.861,2024-06-28 09:04:26
2024-06-28,09:19:26 am,0,100.934,22.952,2024-06-28 09:19:26
2024-06-28,09:34:26 am,0,100.936,23.093,2024-06-28 09:34:26
2024-06-28,09:49:26 am,0,100.934,23.243,2024-06-28 09:49:26
2024-06-28,10:04:26 am,0,100.942,23.327,2024-06-28 10:04:26
2024-06-28,10:19:26 am,0,100.959,23.425,2024-06-28 10:19:26
2024-06-28,10:34:26 am,0,100.966,23.561,2024-06-28 10:34:26
2024-06-28,10:49:26 am,0,100.958,23.7,2024-06-28 10:49:26
2024-06-28,11:04:26 am,0,100.97,23.822,2024-06-28 11:04:26
2024-06-28,11:19:26 am,0,100.959,23.825,2024-06-28 11:19:26
2024-06-28,11:34:26 am,0,100.964,23.856,2024-06-28 11:34:26
2024-06-28,11:49:26 am,0,101.003,24.025,2024-06-28 11:49:26
2024-06-28,12:04:26 pm,0,100.999,24.008,2024-06-28 12:04:26
2024-06-28,12:19:26 pm,0,100.988,23.974,2024-06-28 12:19:26
2024-06-28,12:34:26 pm,0,101.018,24.151,2024-06-28 12:34:26
2024-06-28,12:49:26 pm,0,101.05,24.393,2024-06-28 12:49:26
2024-06-28,01:04:26 pm,0,101.028,24.453,2024-06-28 01:04:26
2024-06-28,01:19:26 pm,0,101.025,24.631,2024-06-28 01:19:26
2024-06-28,01:34:26 pm,0,100.956,24.841,2024-06-28 01:34:26
2024-06-28,01:49:26 pm,0,100.957,24.986,2024-06-28 01:49:26
2024-06-28,02:04:26 pm,0,100.946,25.084,2024-06-28 02:04:26
2024-06-28,02:19:26 pm,0,100.934,25.098,2024-06-28 02:19:26
2024-06-28,02:34:26 pm,0,100.926,25.037,2024-06-28 02:34:26
2024-06-28,02:49:26 pm,0,100.92,25.057,2024-06-28 02:49:26
2024-06-28,03:04:26 pm,0,100.919,25.204,2024-06-28 03:04:26
2024-06-28,03:19:26 pm,0,100.933,25.366,2024-06-28 03:19:26
2024-06-28,03:34:26 pm,0,100.931,25.432,2024-06-28 03:34:26
2024-06-28,03:49:26 pm,0,100.938,25.455,2024-06-28 03:49:26
2024-06-28,04:04:26 pm,0,100.931,25.377,2024-06-28 04:04:26
2024-06-28,04:19:26 pm,0,100.913,25.282,2024-06-28 04:19:26
2024-06-28,04:34:26 pm,0,100.896,25.174,2024-06-28 04:34:26
2024-06-28,04:49:26 pm,0,100.883,25.115,2024-06-28 04:49:26
2024-06-28,05:04:26 pm,0,100.867,25.07,2024-06-28 05:04:26
2024-06-28,05:19:26 pm,0,100.851,25.029,2024-06-28 05:19:26
2024-06-28,05:34:26 pm,0,100.833,24.984,2024-06-28 05:34:26
2024-06-28,05:49:26 pm,0,100.822,24.942,2024-06-28 05:49:26
2024-06-28,06:04:26 pm,0,100.819,24.901,2024-06-28 06:04:26
2024-06-28,06:19:26 pm,0,100.829,24.856,2024-06-28 06:19:26
2024-06-28,06:34:26 pm,0,100.841,24.819,2024-06-28 06:34:26
2024-06-28,06:49:26 pm,0,100.841,24.788,2024-06-28 06:49:26
2024-06-28,07:04:26 pm,0,100.832,24.75,2024-06-28 07:04:26
2024-06-28,07:19:26 pm,0,100.823,24.704,2024-06-28 07:19:26
2024-06-28,07:34:26 pm,0,100.842,24.651,2024-06-28 07:34:26
2024-06-28,07:49:26 pm,0,100.865,24.603,2024-06-28 07:49:26
2024-06-28,08:04:26 pm,0,100.904,24.603,2024-06-28 08:04:26
2024-06-28,08:19:26 pm,0,100.916,24.613,2024-06-28 08:19:26
2024-06-28,08:34:26 pm,0,100.925,24.589,2024-06-28 08:34:26
2024-06-28,08:49:26 pm,0,100.933,24.53,2024-06-28 08:49:26
2024-06-28,09:04:26 pm,0,100.956,24.463,2024-06-28 09:04:26
2024-06-28,09:19:26 pm,0,100.968,24.399,2024-06-28 09:19:26
2024-06-28,09:34:26 pm,0,100.956,24.344,2024-06-28 09:34:26
2024-06-28,09:49:26 pm,0,100.946,24.294,2024-06-28 09:49:26
2024-06-28,10:04:26 pm,0,100.934,24.249,2024-06-28 10:04:26
2024-06-28,10:19:26 pm,0,100.918,24.212,2024-06-28 10:19:26
2024-06-28,10:34:26 pm,0,100.912,24.163,2024-06-28 10:34:26
2024-06-28,10:49:26 pm,0,100.981,24.127,2024-06-28 10:49:26
2024-06-28,11:04:26 pm,0,100.989,24.086,2024-06-28 11:04:26
2024-06-28,11:19:26 pm,0,101.007,24.05,2024-06-28 11:19:26
2024-06-28,11:34:26 pm,0,101.043,24.011,2024-06-28 11:34:26
2024-06-28,11:49:26 pm,0,101.059,23.979,2024-06-28 11:49:26
2024-06-29,12:04:26 am,0,101.067,23.951,2024-06-29 12:04:26
2024-06-29,12:19:26 am,0,101.08,23.926,2024-06-29 12:19:26
2024-06-29,12:34:26 am,0,101.069,23.895,2024-06-29 12:34:26
2024-06-29,12:49:26 am,0,101.066,23.867,2024-06-29 12:49:26
2024-06-29,01:04:26 am,0,101.071,23.84,2024-06-29 01:04:26
2024-06-29,01:19:26 am,0,101.067,23.799,2024-06-29 01:19:26
2024-06-29,01:34:26 am,0,101.061,23.762,2024-06-29 01:34:26
2024-06-29,01:49:26 am,0,101.054,23.724,2024-06-29 01:49:26
2024-06-29,02:04:26 am,0,101.049,23.683,2024-06-29 02:04:26
2024-06-29,02:19:26 am,0,101.054,23.641,2024-06-29 02:19:26
2024-06-29,02:34:26 am,0,101.066,23.61,2024-06-29 02:34:26
2024-06-29,02:49:26 am,0,101.094,23.588,2024-06-29 02:49:26
2024-06-29,03:04:26 am,0,101.105,23.579,2024-06-29 03:04:26
2024-06-29,03:19:26 am,0,101.115,23.576,2024-06-29 03:19:26
2024-06-29,03:34:26 am,0,101.117,23.572,2024-06-29 03:34:26
2024-06-29,03:49:26 am,0,101.131,23.57,2024-06-29 03:49:26
2024-06-29,04:04:26 am,0,101.129,23.56,2024-06-29 04:04:26
2024-06-29,04:19:26 am,0,101.141,23.556,2024-06-29 04:19:26
2024-06-29,04:34:26 am,0,101.172,23.554,2024-06-29 04:34:26
2024-06-29,04:49:26 am,0,101.21,23.545,2024-06-29 04:49:26
2024-06-29,05:04:26 am,0,101.233,23.546,2024-06-29 05:04:26
2024-06-29,05:19:26 am,0,101.271,23.546,2024-06-29 05:19:26
2024-06-29,05:34:26 am,0,101.292,23.544,2024-06-29 05:34:26
2024-06-29,05:49:26 am,0,101.346,23.535,2024-06-29 05:49:26
2024-06-29,06:04:26 am,0,101.356,23.532,2024-06-29 06:04:26
2024-06-29,06:19:26 am,0,101.375,23.525,2024-06-29 06:19:26
2024-06-29,06:34:26 am,0,101.387,23.516,2024-06-29 06:34:26
2024-06-29,06:49:26 am,0,101.394,23.512,2024-06-29 06:49:26
2024-06-29,07:04:26 am,0,101.404,23.53,2024-06-29 07:04:26
2024-06-29,07:19:26 am,0,101.406,23.555,2024-06-29 07:19:26
2024-06-29,07:34:26 am,0,101.408,23.596,2024-06-29 07:34:26
2024-06-29,07:49:26 am,0,101.429,23.666,2024-06-29 07:49:26
2024-06-29,08:04:26 am,0,101.441,23.69,2024-06-29 08:04:26
2024-06-29,08:19:26 am,0,101.446,23.732,2024-06-29 08:19:26
2024-06-29,08:34:26 am,0,101.456,23.751,2024-06-29 08:34:26
2024-06-29,08:49:26 am,0,101.456,23.773,2024-06-29 08:49:26
2024-06-29,09:04:26 am,0,101.472,23.851,2024-06-29 09:04:26
2024-06-29,09:19:26 am,0,101.476,23.885,2024-06-29 09:19:26
2024-06-29,09:34:26 am,0,101.485,23.949,2024-06-29 09:34:26
2024-06-29,09:49:26 am,0,101.481,23.989,2024-06-29 09:49:26
2024-06-29,10:04:26 am,0,101.498,24.009,2024-06-29 10:04:26
2024-06-29,10:19:26 am,0,101.49,24.067,2024-06-29 10:19:26
2024-06-29,10:34:26 am,0,101.524,24.221,2024-06-29 10:34:26
2024-06-29,10:49:26 am,0,101.55,24.374,2024-06-29 10:49:26
2024-06-29,11:04:26 am,0,101.566,24.419,2024-06-29 11:04:26
2024-06-29,11:19:26 am,0,101.572,24.325,2024-06-29 11:19:26
2024-06-29,11:34:26 am,0,101.567,24.281,2024-06-29 11:34:26
2024-06-29,11:49:26 am,0,101.566,24.268,2024-06-29 11:49:26
2024-06-29,12:04:26 pm,0,101.579,24.258,2024-06-29 12:04:26
2024-06-29,12:19:26 pm,0,101.556,24.249,2024-06-29 12:19:26
2024-06-29,12:34:26 pm,0,101.563,24.268,2024-06-29 12:34:26
2024-06-29,12:49:26 pm,0,101.564,24.288,2024-06-29 12:49:26
2024-06-29,01:04:26 pm,0,101.559,24.258,2024-06-29 01:04:26
2024-06-29,01:19:26 pm,0,101.554,24.282,2024-06-29 01:19:26
2024-06-29,01:34:26 pm,0,101.546,24.253,2024-06-29 01:34:26
2024-06-29,01:49:26 pm,0,101.557,24.234,2024-06-29 01:49:26
2024-06-29,02:04:26 pm,0,101.539,24.228,2024-06-29 02:04:26
2024-06-29,02:19:26 pm,0,101.527,24.251,2024-06-29 02:19:26
2024-06-29,02:34:26 pm,0,101.529,24.269,2024-06-29 02:34:26
2024-06-29,02:49:26 pm,0,101.518,24.27,2024-06-29 02:49:26
2024-06-29,03:04:26 pm,0,101.51,24.252,2024-06-29 03:04:26
2024-06-29,03:19:26 pm,0,101.523,24.245,2024-06-29 03:19:26
2024-06-29,03:34:26 pm,0,101.518,24.268,2024-06-29 03:34:26
2024-06-29,03:49:26 pm,0,101.523,24.295,2024-06-29 03:49:26
2024-06-29,04:04:26 pm,0,101.506,24.304,2024-06-29 04:04:26
2024-06-29,04:19:26 pm,0,101.489,24.275,2024-06-29 04:19:26
2024-06-29,04:34:26 pm,0,101.471,24.249,2024-06-29 04:34:26
2024-06-29,04:49:26 pm,0,101.447,24.244,2024-06-29 04:49:26
2024-06-29,05:04:26 pm,0,101.448,24.277,2024-06-29 05:04:26
2024-06-29,05:19:26 pm,0,101.439,24.325,2024-06-29 05:19:26
2024-06-29,05:34:26 pm,0,101.433,24.327,2024-06-29 05:34:26
2024-06-29,05:49:26 pm,0,101.429,24.314,2024-06-29 05:49:26
2024-06-29,06:04:26 pm,0,101.426,24.306,2024-06-29 06:04:26
2024-06-29,06:19:26 pm,0,101.429,24.304,2024-06-29 06:19:26
2024-06-29,06:34:26 pm,0,101.434,24.313,2024-06-29 06:34:26
2024-06-29,06:49:26 pm,0,101.456,24.367,2024-06-29 06:49:26
2024-06-29,07:04:26 pm,0,101.469,24.397,2024-06-29 07:04:26
2024-06-29,07:19:26 pm,0,101.465,24.405,2024-06-29 07:19:26
2024-06-29,07:34:26 pm,0,101.472,24.368,2024-06-29 07:34:26
2024-06-29,07:49:26 pm,0,101.468,24.304,2024-06-29 07:49:26
2024-06-29,08:04:26 pm,0,101.456,24.262,2024-06-29 08:04:26
2024-06-29,08:19:26 pm,0,101.437,24.239,2024-06-29 08:19:26
2024-06-29,08:34:26 pm,0,101.421,24.201,2024-06-29 08:34:26
2024-06-29,08:49:26 pm,0,101.428,24.172,2024-06-29 08:49:26
2024-06-29,09:04:26 pm,0,101.439,24.163,2024-06-29 09:04:26
2024-06-29,09:19:26 pm,0,101.458,24.162,2024-06-29 09:19:26
2024-06-29,09:34:26 pm,0,101.467,24.142,2024-06-29 09:34:26
2024-06-29,09:49:26 pm,0,101.469,24.112,2024-06-29 09:49:26
2024-06-29,10:04:26 pm,0,101.501,24.068,2024-06-29 10:04:26
2024-06-29,10:19:26 pm,0,101.566,24.036,2024-06-29 10:19:26
2024-06-29,10:34:26 pm,0,101.59,24.012,2024-06-29 10:34:26
2024-06-29,10:49:26 pm,0,101.619,23.977,2024-06-29 10:49:26
2024-06-29,11:04:26 pm,0,101.63,23.935,2024-06-29 11:04:26
2024-06-29,11:19:26 pm,0,101.638,23.905,2024-06-29 11:19:26
2024-06-29,11:34:26 pm,0,101.676,23.876,2024-06-29 11:34:26
2024-06-29,11:49:26 pm,0,101.679,23.839,2024-06-29 11:49:26
2024-06-30,12:04:26 am,0,101.702,23.806,2024-06-30 12:04:26
2024-06-30,12:19:26 am,0,101.704,23.77,2024-06-30 12:19:26
2024-06-30,12:34:26 am,0,101.697,23.737,2024-06-30 12:34:26
2024-06-30,12:49:26 am,0,101.694,23.701,2024-06-30 12:49:26
2024-06-30,01:04:26 am,0,101.694,23.661,2024-06-30 01:04:26
2024-06-30,01:19:26 am,0,101.695,23.62,2024-06-30 01:19:26
2024-06-30,01:34:26 am,0,101.709,23.581,2024-06-30 01:34:26
2024-06-30,01:49:26 am,0,101.697,23.536,2024-06-30 01:49:26
2024-06-30,02:04:26 am,0,101.702,23.492,2024-06-30 02:04:26
2024-06-30,02:19:26 am,0,101.696,23.454,2024-06-30 02:19:26
2024-06-30,02:34:26 am,0,101.69,23.422,2024-06-30 02:34:26
2024-06-30,02:49:26 am,0,101.686,23.399,2024-06-30 02:49:26
2024-06-30,03:04:26 am,0,101.668,23.379,2024-06-30 03:04:26
2024-06-30,03:19:26 am,0,101.651,23.345,2024-06-30 03:19:26
2024-06-30,03:34:26 am,0,101.625,23.31,2024-06-30 03:34:26
2024-06-30,03:49:26 am,0,101.632,23.28,2024-06-30 03:49:26
2024-06-30,04:04:26 am,0,101.631,23.241,2024-06-30 04:04:26
2024-06-30,04:19:26 am,0,101.615,23.196,2024-06-30 04:19:26
2024-06-30,04:34:26 am,0,101.603,23.154,2024-06-30 04:34:26
2024-06-30,04:49:26 am,0,101.595,23.115,2024-06-30 04:49:26
2024-06-30,05:04:26 am,0,101.588,23.074,2024-06-30 05:04:26
2024-06-30,05:19:26 am,0,101.598,23.039,2024-06-30 05:19:26
2024-06-30,05:34:26 am,0,101.606,22.997,2024-06-30 05:34:26
2024-06-30,05:49:26 am,0,101.601,22.95,2024-06-30 05:49:26
2024-06-30,06:04:26 am,0,101.594,22.918,2024-06-30 06:04:26
2024-06-30,06:19:26 am,0,101.619,22.887,2024-06-30 06:19:26
2024-06-30,06:34:26 am,0,101.649,22.867,2024-06-30 06:34:26
2024-06-30,06:49:26 am,0,101.662,22.861,2024-06-30 06:49:26
2024-06-30,07:04:26 am,0,101.678,22.87,2024-06-30 07:04:26
2024-06-30,07:19:26 am,0,101.712,22.897,2024-06-30 07:19:26
2024-06-30,07:34:26 am,0,101.722,22.928,2024-06-30 07:34:26
2024-06-30,07:49:26 am,0,101.715,22.968,2024-06-30 07:49:26
2024-06-30,08:04:26 am,0,101.728,23.031,2024-06-30 08:04:26
2024-06-30,08:19:26 am,0,101.749,23.114,2024-06-30 08:19:26
2024-06-30,08:34:26 am,0,101.757,23.221,2024-06-30 08:34:26
2024-06-30,08:49:26 am,0,101.758,23.339,2024-06-30 08:49:26
2024-06-30,09:04:26 am,0,101.747,23.456,2024-06-30 09:04:26
2024-06-30,09:19:26 am,0,101.737,23.597,2024-06-30 09:19:26
2024-06-30,09:34:26 am,0,101.75,23.635,2024-06-30 09:34:26
2024-06-30,09:49:26 am,0,101.745,23.74,2024-06-30 09:49:26
2024-06-30,10:04:26 am,0,101.753,23.884,2024-06-30 10:04:26
2024-06-30,10:19:26 am,0,101.762,24.015,2024-06-30 10:19:26
2024-06-30,10:34:26 am,0,101.756,24.08,2024-06-30 10:34:26
2024-06-30,10:49:26 am,0,101.794,24.224,2024-06-30 10:49:26
2024-06-30,11:04:26 am,0,101.817,24.31,2024-06-30 11:04:26
2024-06-30,11:19:26 am,0,101.841,24.428,2024-06-30 11:19:26
2024-06-30,11:34:26 am,0,101.869,24.557,2024-06-30 11:34:26
2024-06-30,11:49:26 am,0,101.9,24.678,2024-06-30 11:49:26
2024-06-30,12:04:26 pm,0,101.934,24.876,2024-06-30 12:04:26
2024-06-30,12:19:26 pm,0,101.902,25.039,2024-06-30 12:19:26
2024-06-30,12:34:26 pm,0,101.881,25.13,2024-06-30 12:34:26
2024-06-30,12:49:26 pm,0,101.794,25.343,2024-06-30 12:49:26
2024-06-30,01:04:26 pm,0,101.762,25.417,2024-06-30 01:04:26
2024-06-30,01:19:26 pm,0,101.747,25.6,2024-06-30 01:19:26
2024-06-30,01:34:26 pm,0,101.723,25.725,2024-06-30 01:34:26
2024-06-30,01:49:26 pm,0,101.704,25.796,2024-06-30 01:49:26
2024-06-30,02:04:26 pm,0,101.683,25.845,2024-06-30 02:04:26
2024-06-30,02:19:26 pm,0,101.669,25.821,2024-06-30 02:19:26
2024-06-30,02:34:26 pm,0,101.576,25.829,2024-06-30 02:34:26
2024-06-30,02:49:26 pm,0,101.53,25.827,2024-06-30 02:49:26
2024-06-30,03:04:26 pm,0,101.519,25.776,2024-06-30 03:04:26
2024-06-30,03:19:26 pm,0,101.47,25.888,2024-06-30 03:19:26
2024-06-30,03:34:26 pm,0,101.49,25.954,2024-06-30 03:34:26
2024-06-30,03:49:26 pm,0,101.476,25.93,2024-06-30 03:49:26
2024-06-30,04:04:26 pm,0,101.442,25.844,2024-06-30 04:04:26
2024-06-30,04:19:26 pm,0,101.427,25.81,2024-06-30 04:19:26
2024-06-30,04:34:26 pm,0,101.446,25.858,2024-06-30 04:34:26
2024-06-30,04:49:26 pm,0,101.458,25.91,2024-06-30 04:49:26
2024-06-30,05:04:26 pm,0,101.452,25.937,2024-06-30 05:04:26
2024-06-30,05:19:26 pm,0,101.453,25.956,2024-06-30 05:19:26
2024-06-30,05:34:26 pm,0,101.459,25.965,2024-06-30 05:34:26
2024-06-30,05:49:26 pm,0,101.443,25.929,2024-06-30 05:49:26
2024-06-30,06:04:26 pm,0,101.428,25.837,2024-06-30 06:04:26
2024-06-30,06:19:26 pm,0,101.405,25.753,2024-06-30 06:19:26
2024-06-30,06:34:26 pm,0,101.402,25.675,2024-06-30 06:34:26
2024-06-30,06:49:26 pm,0,101.414,25.647,2024-06-30 06:49:26
2024-06-30,07:04:26 pm,0,101.393,25.609,2024-06-30 07:04:26
2024-06-30,07:19:26 pm,0,101.389,25.543,2024-06-30 07:19:26
2024-06-30,07:34:26 pm,0,101.392,25.468,2024-06-30 07:34:26
2024-06-30,07:49:26 pm,0,101.384,25.404,2024-06-30 07:49:26
2024-06-30,08:04:26 pm,0,101.386,25.321,2024-06-30 08:04:26
2024-06-30,08:19:26 pm,0,101.38,25.255,2024-06-30 08:19:26
2024-06-30,08:34:26 pm,0,101.38,25.176,2024-06-30 08:34:26
2024-06-30,08:49:26 pm,0,101.383,25.092,2024-06-30 08:49:26
2024-06-30,09:04:26 pm,0,101.397,25.019,2024-06-30 09:04:26
2024-06-30,09:19:26 pm,0,101.395,24.934,2024-06-30 09:19:26
2024-06-30,09:34:26 pm,0,101.404,24.868,2024-06-30 09:34:26
2024-06-30,09:49:26 pm,0,101.401,24.804,2024-06-30 09:49:26
2024-06-30,10:04:26 pm,0,101.377,24.737,2024-06-30 10:04:26
2024-06-30,10:19:26 pm,0,101.4,24.684,2024-06-30 10:19:26
2024-06-30,10:34:26 pm,0,101.401,24.622,2024-06-30 10:34:26
2024-06-30,10:49:26 pm,0,101.392,24.56,2024-06-30 10:49:26
2024-06-30,11:04:26 pm,0,101.38,24.488,2024-06-30 11:04:26
2024-06-30,11:19:26 pm,0,101.365,24.415,2024-06-30 11:19:26
2024-06-30,11:34:26 pm,0,101.36,24.339,2024-06-30 11:34:26
2024-06-30,11:49:26 pm,0,101.338,24.269,2024-06-30 11:49:26
2024-07-01,12:04:26 am,0,101.328,24.211,2024-07-01 12:04:26
2024-07-01,12:19:26 am,0,101.32,24.164,2024-07-01 12:19:26
2024-07-01,12:34:26 am,0,101.299,24.11,2024-07-01 12:34:26
2024-07-01,12:49:26 am,0,101.293,24.05,2024-07-01 12:49:26
2024-07-01,01:04:26 am,0,101.292,23.984,2024-07-01 01:04:26
2024-07-01,01:19:26 am,0,101.27,23.918,2024-07-01 01:19:26
2024-07-01,01:34:26 am,0,101.261,23.879,2024-07-01 01:34:26
2024-07-01,01:49:26 am,0,101.235,23.846,2024-07-01 01:49:26
2024-07-01,02:04:26 am,0,101.224,23.796,2024-07-01 02:04:26
2024-07-01,02:19:26 am,0,101.221,23.747,2024-07-01 02:19:26
2024-07-01,02:34:26 am,0,101.235,23.684,2024-07-01 02:34:26
2024-07-01,02:49:26 am,0,101.223,23.638,2024-07-01 02:49:26
2024-07-01,03:04:26 am,0,101.222,23.578,2024-07-01 03:04:26
2024-07-01,03:19:26 am,0,101.234,23.529,2024-07-01 03:19:26
2024-07-01,03:34:26 am,0,101.239,23.464,2024-07-01 03:34:26
2024-07-01,03:49:26 am,0,101.254,23.421,2024-07-01 03:49:26
2024-07-01,04:04:26 am,0,101.248,23.382,2024-07-01 04:04:26
2024-07-01,04:19:26 am,0,101.244,23.325,2024-07-01 04:19:26
2024-07-01,04:34:26 am,0,101.243,23.298,2024-07-01 04:34:26
2024-07-01,04:49:26 am,0,101.252,23.256,2024-07-01 04:49:26
2024-07-01,05:04:26 am,0,101.279,23.222,2024-07-01 05:04:26
2024-07-01,05:19:26 am,0,101.29,23.173,2024-07-01 05:19:26
2024-07-01,05:34:26 am,0,101.296,23.17,2024-07-01 05:34:26
2024-07-01,05:49:26 am,0,101.277,23.152,2024-07-01 05:49:26
2024-07-01,06:04:26 am,0,101.284,23.114,2024-07-01 06:04:26
2024-07-01,06:19:26 am,0,101.306,23.086,2024-07-01 06:19:26
2024-07-01,06:34:26 am,0,101.305,23.081,2024-07-01 06:34:26
2024-07-01,06:49:26 am,0,101.323,23.096,2024-07-01 06:49:26
2024-07-01,07:04:26 am,0,101.335,23.088,2024-07-01 07:04:26
2024-07-01,07:19:26 am,0,101.33,23.123,2024-07-01 07:19:26
2024-07-01,07:34:26 am,0,101.348,23.166,2024-07-01 07:34:26
2024-07-01,07:49:26 am,0,101.359,23.206,2024-07-01 07:49:26
2024-07-01,08:04:26 am,0,101.379,23.26,2024-07-01 08:04:26
2024-07-01,08:19:26 am,0,101.375,23.325,2024-07-01 08:19:26
2024-07-01,08:34:26 am,0,101.374,23.414,2024-07-01 08:34:26
2024-07-01,08:49:26 am,0,101.363,23.496,2024-07-01 08:49:26
2024-07-01,09:04:26 am,0,101.367,23.575,2024-07-01 09:04:26
2024-07-01,09:19:26 am,0,101.365,23.672,2024-07-01 09:19:26
2024-07-01,09:34:26 am,0,101.368,23.772,2024-07-01 09:34:26
2024-07-01,09:49:26 am,0,101.359,23.876,2024-07-01 09:49:26
2024-07-01,10:04:26 am,0,101.362,23.989,2024-07-01 10:04:26
2024-07-01,10:19:26 am,0,101.355,24.08,2024-07-01 10:19:26
2024-07-01,10:34:26 am,0,101.363,24.194,2024-07-01 10:34:26
2024-07-01,10:49:26 am,0,101.388,24.35,2024-07-01 10:49:26
2024-07-01,11:04:26 am,0,101.419,24.489,2024-07-01 11:04:26
2024-07-01,11:19:26 am,0,101.457,24.654,2024-07-01 11:19:26
2024-07-01,11:34:26 am,0,101.482,24.791,2024-07-01 11:34:26
2024-07-01,11:49:26 am,0,101.499,24.892,2024-07-01 11:49:26
2024-07-01,12:04:26 pm,0,101.494,25.04,2024-07-01 12:04:26
2024-07-01,12:19:26 pm,0,101.478,25.074,2024-07-01 12:19:26
2024-07-01,12:34:26 pm,0,101.465,25.264,2024-07-01 12:34:26
2024-07-01,12:49:26 pm,0,101.395,25.463,2024-07-01 12:49:26
2024-07-01,01:04:26 pm,0,101.398,25.507,2024-07-01 01:04:26
2024-07-01,01:19:26 pm,0,101.379,25.541,2024-07-01 01:19:26
2024-07-01,01:34:26 pm,0,101.374,25.627,2024-07-01 01:34:26
2024-07-01,01:49:26 pm,0,101.378,25.69,2024-07-01 01:49:26
2024-07-01,02:04:26 pm,0,101.371,25.804,2024-07-01 02:04:26
2024-07-01,02:19:26 pm,0,101.363,25.857,2024-07-01 02:19:26
2024-07-01,02:34:26 pm,0,101.273,25.942,2024-07-01 02:34:26
2024-07-01,02:49:26 pm,0,101.239,25.985,2024-07-01 02:49:26
2024-07-01,03:04:26 pm,0,101.25,26.059,2024-07-01 03:04:26
2024-07-01,03:19:26 pm,0,101.244,26.105,2024-07-01 03:19:26
2024-07-01,03:34:26 pm,0,101.24,26.132,2024-07-01 03:34:26
2024-07-01,03:49:26 pm,0,101.226,26.146,2024-07-01 03:49:26
2024-07-01,04:04:26 pm,0,101.214,26.118,2024-07-01 04:04:26
2024-07-01,04:19:26 pm,0,101.196,26.124,2024-07-01 04:19:26
2024-07-01,04:34:26 pm,0,101.182,26.127,2024-07-01 04:34:26
2024-07-01,04:49:26 pm,0,101.161,26.085,2024-07-01 04:49:26
2024-07-01,05:04:26 pm,0,101.155,26.041,2024-07-01 05:04:26
2024-07-01,05:19:26 pm,0,101.138,26.001,2024-07-01 05:19:26
2024-07-01,05:34:26 pm,0,101.127,25.944,2024-07-01 05:34:26
2024-07-01,05:49:26 pm,0,101.115,25.892,2024-07-01 05:49:26
2024-07-01,06:04:26 pm,0,101.111,25.839,2024-07-01 06:04:26
2024-07-01,06:19:26 pm,0,101.099,25.771,2024-07-01 06:19:26
2024-07-01,06:34:26 pm,0,101.093,25.708,2024-07-01 06:34:26
2024-07-01,06:49:26 pm,0,101.1,25.642,2024-07-01 06:49:26
2024-07-01,07:04:26 pm,0,101.095,25.571,2024-07-01 07:04:26
2024-07-01,07:19:26 pm,0,101.094,25.516,2024-07-01 07:19:26
2024-07-01,07:34:26 pm,0,101.079,25.445,2024-07-01 07:34:26
2024-07-01,07:49:26 pm,0,101.064,25.329,2024-07-01 07:49:26
2024-07-01,08:04:26 pm,0,101.05,25.186,2024-07-01 08:04:26
2024-07-01,08:19:26 pm,0,101.043,25.005,2024-07-01 08:19:26
2024-07-01,08:34:26 pm,0,101.054,24.844,2024-07-01 08:34:26
2024-07-01,08:49:26 pm,0,101.072,24.698,2024-07-01 08:49:26
2024-07-01,09:04:26 pm,0,101.051,24.562,2024-07-01 09:04:26
2024-07-01,09:19:26 pm,0,101.085,24.438,2024-07-01 09:19:26
2024-07-01,09:34:26 pm,0,101.079,24.303,2024-07-01 09:34:26
2024-07-01,09:49:26 pm,0,101.087,24.181,2024-07-01 09:49:26
2024-07-01,10:04:26 pm,0,101.098,24.06,2024-07-01 10:04:26
2024-07-01,10:19:26 pm,0,101.104,23.939,2024-07-01 10:19:26
2024-07-01,10:34:26 pm,0,101.096,23.836,2024-07-01 10:34:26
2024-07-01,10:49:26 pm,0,101.104,23.743,2024-07-01 10:49:26
2024-07-01,11:04:26 pm,0,101.093,23.643,2024-07-01 11:04:26
2024-07-01,11:19:26 pm,0,101.09,23.521,2024-07-01 11:19:26
2024-07-01,11:34:26 pm,0,101.078,23.432,2024-07-01 11:34:26
2024-07-01,11:49:26 pm,0,101.083,23.327,2024-07-01 11:49:26
2024-07-02,12:04:26 am,0,101.076,23.226,2024-07-02 12:04:26
2024-07-02,12:19:26 am,0,101.08,23.116,2024-07-02 12:19:26
2024-07-02,12:34:26 am,0,101.087,23.011,2024-07-02 12:34:26
2024-07-02,12:49:26 am,0,101.094,22.926,2024-07-02 12:49:26
2024-07-02,01:04:26 am,0,101.097,22.823,2024-07-02 01:04:26
2024-07-02,01:19:26 am,0,101.1,22.744,2024-07-02 01:19:26
2024-07-02,01:34:26 am,0,101.08,22.641,2024-07-02 01:34:26
2024-07-02,01:49:26 am,0,101.097,22.555,2024-07-02 01:49:26
2024-07-02,02:04:26 am,0,101.088,22.451,2024-07-02 02:04:26
2024-07-02,02:19:26 am,0,101.07,22.375,2024-07-02 02:19:26
2024-07-02,02:34:26 am,0,101.057,22.295,2024-07-02 02:34:26
2024-07-02,02:49:26 am,0,101.035,22.215,2024-07-02 02:49:26
2024-07-02,03:04:26 am,0,101.032,22.135,2024-07-02 03:04:26
2024-07-02,03:19:26 am,0,101.03,22.06,2024-07-02 03:19:26
2024-07-02,03:34:26 am,0,101.037,21.997,2024-07-02 03:34:26
2024-07-02,03:49:26 am,0,101.049,21.923,2024-07-02 03:49:26
2024-07-02,04:04:26 am,0,101.069,21.835,2024-07-02 04:04:26
2024-07-02,04:19:26 am,0,101.075,21.759,2024-07-02 04:19:26
2024-07-02,04:34:26 am,0,101.104,21.69,2024-07-02 04:34:26
2024-07-02,04:49:26 am,0,101.118,21.622,2024-07-02 04:49:26
2024-07-02,05:04:26 am,0,101.127,21.542,2024-07-02 05:04:26
2024-07-02,05:19:26 am,0,101.15,21.476,2024-07-02 05:19:26
2024-07-02,05:34:26 am,0,101.17,21.403,2024-07-02 05:34:26
2024-07-02,05:49:26 am,0,101.183,21.347,2024-07-02 05:49:26
2024-07-02,06:04:26 am,0,101.197,21.276,2024-07-02 06:04:26
2024-07-02,06:19:26 am,0,101.209,21.222,2024-07-02 06:19:26
2024-07-02,06:34:26 am,0,101.225,21.188,2024-07-02 06:34:26
2024-07-02,06:49:26 am,0,101.242,21.178,2024-07-02 06:49:26
2024-07-02,07:04:26 am,0,101.256,21.187,2024-07-02 07:04:26
2024-07-02,07:19:26 am,0,101.27,21.218,2024-07-02 07:19:26
2024-07-02,07:34:26 am,0,101.29,21.268,2024-07-02 07:34:26
2024-07-02,07:49:26 am,0,101.289,21.33,2024-07-02 07:49:26
2024-07-02,08:04:26 am,0,101.296,21.408,2024-07-02 08:04:26
2024-07-02,08:19:26 am,0,101.317,21.499,2024-07-02 08:19:26
2024-07-02,08:34:26 am,0,101.335,21.611,2024-07-02 08:34:26
2024-07-02,08:49:26 am,0,101.351,21.732,2024-07-02 08:49:26
2024-07-02,09:04:26 am,0,101.377,21.867,2024-07-02 09:04:26
2024-07-02,09:19:26 am,0,101.386,22.031,2024-07-02 09:19:26
2024-07-02,09:34:26 am,0,101.41,22.194,2024-07-02 09:34:26
2024-07-02,09:49:26 am,0,101.44,22.348,2024-07-02 09:49:26
2024-07-02,10:04:26 am,0,101.47,22.503,2024-07-02 10:04:26
2024-07-02,10:19:26 am,0,101.513,22.692,2024-07-02 10:19:26
2024-07-02,10:34:26 am,0,101.558,22.886,2024-07-02 10:34:26
2024-07-02,10:49:26 am,0,101.564,23.084,2024-07-02 10:49:26
2024-07-02,11:04:26 am,0,101.553,23.306,2024-07-02 11:04:26
2024-07-02,11:19:26 am,0,101.488,23.536,2024-07-02 11:19:26
2024-07-02,11:34:26 am,0,101.49,23.665,2024-07-02 11:34:26
2024-07-02,11:49:26 am,0,101.501,23.811,2024-07-02 11:49:26
2024-07-02,12:04:26 pm,0,101.527,23.966,2024-07-02 12:04:26
2024-07-02,12:19:26 pm,0,101.53,24.221,2024-07-02 12:19:26
2024-07-02,12:34:26 pm,0,101.423,24.445,2024-07-02 12:34:26
2024-07-02,12:49:26 pm,0,101.453,24.586,2024-07-02 12:49:26
2024-07-02,01:04:26 pm,0,101.442,24.612,2024-07-02 01:04:26
2024-07-02,01:19:26 pm,0,101.474,24.817,2024-07-02 01:19:26
2024-07-02,01:34:26 pm,0,101.477,24.97,2024-07-02 01:34:26
2024-07-02,01:49:26 pm,0,101.377,25.16,2024-07-02 01:49:26
2024-07-02,02:04:26 pm,0,101.391,25.294,2024-07-02 02:04:26
2024-07-02,02:19:26 pm,0,101.394,25.408,2024-07-02 02:19:26
2024-07-02,02:34:26 pm,0,101.395,25.416,2024-07-02 02:34:26
2024-07-02,02:49:26 pm,0,101.403,25.515,2024-07-02 02:49:26
2024-07-02,03:04:26 pm,0,101.39,25.576,2024-07-02 03:04:26
2024-07-02,03:19:26 pm,0,101.276,25.667,2024-07-02 03:19:26
2024-07-02,03:34:26 pm,0,101.298,25.731,2024-07-02 03:34:26
2024-07-02,03:49:26 pm,0,101.313,25.823,2024-07-02 03:49:26
2024-07-02,04:04:26 pm,0,101.319,25.878,2024-07-02 04:04:26
2024-07-02,04:19:26 pm,0,101.32,25.909,2024-07-02 04:19:26
2024-07-02,04:34:26 pm,0,101.322,25.978,2024-07-02 04:34:26
2024-07-02,04:49:26 pm,0,101.31,25.95,2024-07-02 04:49:26
2024-07-02,05:04:26 pm,0,101.311,25.96,2024-07-02 05:04:26
2024-07-02,05:19:26 pm,0,101.305,25.959,2024-07-02 05:19:26
2024-07-02,05:34:26 pm,0,101.303,25.942,2024-07-02 05:34:26
2024-07-02,05:49:26 pm,0,101.307,25.936,2024-07-02 05:49:26
2024-07-02,06:04:26 pm,0,101.292,25.887,2024-07-02 06:04:26
2024-07-02,06:19:26 pm,0,101.272,25.829,2024-07-02 06:19:26
2024-07-02,06:34:26 pm,0,101.254,25.774,2024-07-02 06:34:26
2024-07-02,06:49:26 pm,0,101.242,25.734,2024-07-02 06:49:26
2024-07-02,07:04:26 pm,0,101.231,25.687,2024-07-02 07:04:26
2024-07-02,07:19:26 pm,0,101.237,25.63,2024-07-02 07:19:26
2024-07-02,07:34:26 pm,0,101.236,25.574,2024-07-02 07:34:26
2024-07-02,07:49:26 pm,0,101.233,25.533,2024-07-02 07:49:26
2024-07-02,08:04:26 pm,0,101.233,25.48,2024-07-02 08:04:26
2024-07-02,08:19:26 pm,0,101.234,25.426,2024-07-02 08:19:26
2024-07-02,08:34:26 pm,0,101.221,25.383,2024-07-02 08:34:26
2024-07-02,08:49:26 pm,0,101.238,25.345,2024-07-02 08:49:26
2024-07-02,09:04:26 pm,0,101.248,25.3,2024-07-02 09:04:26
2024-07-02,09:19:26 pm,0,101.266,25.258,2024-07-02 09:19:26
2024-07-02,09:34:26 pm,0,101.273,25.206,2024-07-02 09:34:26
2024-07-02,09:49:26 pm,0,101.288,25.164,2024-07-02 09:49:26
2024-07-02,10:04:26 pm,0,101.29,25.117,2024-07-02 10:04:26
2024-07-02,10:19:26 pm,0,101.291,25.069,2024-07-02 10:19:26
2024-07-02,10:34:26 pm,0,101.288,25.018,2024-07-02 10:34:26
2024-07-02,10:49:26 pm,0,101.289,24.968,2024-07-02 10:49:26
2024-07-02,11:04:26 pm,0,101.289,24.914,2024-07-02 11:04:26
2024-07-02,11:19:26 pm,0,101.286,24.866,2024-07-02 11:19:26
2024-07-02,11:34:26 pm,0,101.278,24.82,2024-07-02 11:34:26
2024-07-02,11:49:26 pm,0,101.265,24.777,2024-07-02 11:49:26
2024-07-03,12:04:26 am,0,101.339,24.729,2024-07-03 12:04:26
2024-07-03,12:19:26 am,0,101.338,24.681,2024-07-03 12:19:26
2024-07-03,12:34:26 am,0,101.332,24.634,2024-07-03 12:34:26
2024-07-03,12:49:26 am,0,101.331,24.585,2024-07-03 12:49:26
2024-07-03,01:04:26 am,0,101.327,24.54,2024-07-03 01:04:26
2024-07-03,01:19:26 am,0,101.313,24.496,2024-07-03 01:19:26
2024-07-03,01:34:26 am,0,101.32,24.452,2024-07-03 01:34:26
2024-07-03,01:49:26 am,0,101.348,24.402,2024-07-03 01:49:26
2024-07-03,02:04:26 am,0,101.342,24.35,2024-07-03 02:04:26
2024-07-03,02:19:26 am,0,101.322,24.299,2024-07-03 02:19:26
2024-07-03,02:34:26 am,0,101.349,24.245,2024-07-03 02:34:26
2024-07-03,02:49:26 am,0,101.335,24.203,2024-07-03 02:49:26
2024-07-03,03:04:26 am,0,101.335,24.154,2024-07-03 03:04:26
2024-07-03,03:19:26 am,0,101.33,24.102,2024-07-03 03:19:26
2024-07-03,03:34:26 am,0,101.344,24.047,2024-07-03 03:34:26
2024-07-03,03:49:26 am,0,101.357,24.005,2024-07-03 03:49:26
2024-07-03,04:04:26 am,0,101.371,23.966,2024-07-03 04:04:26
2024-07-03,04:19:26 am,0,101.386,23.931,2024-07-03 04:19:26
2024-07-03,04:34:26 am,0,101.396,23.895,2024-07-03 04:34:26
2024-07-03,04:49:26 am,0,101.39,23.868,2024-07-03 04:49:26
2024-07-03,05:04:26 am,0,101.394,23.845,2024-07-03 05:04:26
2024-07-03,05:19:26 am,0,101.41,23.811,2024-07-03 05:19:26
2024-07-03,05:34:26 am,0,101.435,23.78,2024-07-03 05:34:26
2024-07-03,05:49:26 am,0,101.462,23.747,2024-07-03 05:49:26
2024-07-03,06:04:26 am,0,101.481,23.728,2024-07-03 06:04:26
2024-07-03,06:19:26 am,0,101.507,23.7,2024-07-03 06:19:26
2024-07-03,06:34:26 am,0,101.527,23.686,2024-07-03 06:34:26
2024-07-03,06:49:26 am,0,101.538,23.682,2024-07-03 06:49:26
2024-07-03,07:04:26 am,0,101.545,23.695,2024-07-03 07:04:26
2024-07-03,07:19:26 am,0,101.556,23.72,2024-07-03 07:19:26
2024-07-03,07:34:26 am,0,101.567,23.756,2024-07-03 07:34:26
2024-07-03,07:49:26 am,0,101.571,23.785,2024-07-03 07:49:26
2024-07-03,08:04:26 am,0,101.572,23.806,2024-07-03 08:04:26
2024-07-03,08:19:26 am,0,101.589,23.865,2024-07-03 08:19:26
2024-07-03,08:34:26 am,0,101.609,23.958,2024-07-03 08:34:26
2024-07-03,08:49:26 am,0,101.624,24.05,2024-07-03 08:49:26
2024-07-03,09:04:26 am,0,101.639,24.159,2024-07-03 09:04:26
2024-07-03,09:19:26 am,0,101.665,24.252,2024-07-03 09:19:26
2024-07-03,09:34:26 am,0,101.689,24.362,2024-07-03 09:34:26
2024-07-03,09:49:26 am,0,101.713,24.465,2024-07-03 09:49:26
2024-07-03,10:04:26 am,0,101.745,24.565,2024-07-03 10:04:26
2024-07-03,10:19:26 am,0,101.759,24.618,2024-07-03 10:19:26
2024-07-03,10:34:26 am,0,101.769,24.661,2024-07-03 10:34:26
2024-07-03,10:49:26 am,0,101.781,24.742,2024-07-03 10:49:26
2024-07-03,11:04:26 am,0,101.802,24.833,2024-07-03 11:04:26
2024-07-03,11:19:26 am,0,101.801,24.849,2024-07-03 11:19:26
2024-07-03,11:34:26 am,0,101.809,24.888,2024-07-03 11:34:26
2024-07-03,11:49:26 am,0,101.819,24.998,2024-07-03 11:49:26
2024-07-03,12:04:26 pm,0,101.813,25.245,2024-07-03 12:04:26
2024-07-03,12:19:26 pm,0,101.807,25.423,2024-07-03 12:19:26
2024-07-03,12:34:26 pm,0,101.732,25.561,2024-07-03 12:34:26
2024-07-03,12:49:26 pm,0,101.726,25.64,2024-07-03 12:49:26
2024-07-03,01:04:26 pm,0,101.696,25.569,2024-07-03 01:04:26
2024-07-03,01:19:26 pm,0,101.667,25.57,2024-07-03 01:19:26
2024-07-03,01:34:26 pm,0,101.672,25.759,2024-07-03 01:34:26
2024-07-03,01:49:26 pm,0,101.649,25.9,2024-07-03 01:49:26
2024-07-03,02:04:26 pm,0,101.561,26.06,2024-07-03 02:04:26
2024-07-03,02:19:26 pm,0,101.499,26.098,2024-07-03 02:19:26
2024-07-03,02:34:26 pm,0,101.504,26.155,2024-07-03 02:34:26
2024-07-03,02:49:26 pm,0,101.505,26.196,2024-07-03 02:49:26
2024-07-03,03:04:26 pm,0,101.499,26.294,2024-07-03 03:04:26
2024-07-03,03:19:26 pm,0,101.481,26.351,2024-07-03 03:19:26
2024-07-03,03:34:26 pm,0,101.469,26.401,2024-07-03 03:34:26
2024-07-03,03:49:26 pm,0,101.365,26.411,2024-07-03 03:49:26
2024-07-03,04:04:26 pm,0,101.355,26.418,2024-07-03 04:04:26
2024-07-03,04:19:26 pm,0,101.354,26.433,2024-07-03 04:19:26
2024-07-03,04:34:26 pm,0,101.311,26.505,2024-07-03 04:34:26
2024-07-03,04:49:26 pm,0,101.306,26.463,2024-07-03 04:49:26
2024-07-03,05:04:26 pm,0,101.28,26.411,2024-07-03 05:04:26
2024-07-03,05:19:26 pm,0,101.265,26.371,2024-07-03 05:19:26
2024-07-03,05:34:26 pm,0,101.257,26.351,2024-07-03 05:34:26
2024-07-03,05:49:26 pm,0,101.242,26.321,2024-07-03 05:49:26
2024-07-03,06:04:26 pm,0,101.237,26.3,2024-07-03 06:04:26
2024-07-03,06:19:26 pm,0,101.222,26.253,2024-07-03 06:19:26
2024-07-03,06:34:26 pm,0,101.217,26.229,2024-07-03 06:34:26
2024-07-03,06:49:26 pm,0,101.227,26.247,2024-07-03 06:49:26
2024-07-03,07:04:26 pm,0,101.218,26.224,2024-07-03 07:04:26
2024-07-03,07:19:26 pm,0,101.204,26.159,2024-07-03 07:19:26
2024-07-03,07:34:26 pm,0,101.188,26.073,2024-07-03 07:34:26
2024-07-03,07:49:26 pm,0,101.181,26.009,2024-07-03 07:49:26
2024-07-03,08:04:26 pm,0,101.199,25.952,2024-07-03 08:04:26
2024-07-03,08:19:26 pm,0,101.218,25.891,2024-07-03 08:19:26
2024-07-03,08:34:26 pm,0,101.226,25.825,2024-07-03 08:34:26
2024-07-03,08:49:26 pm,0,101.213,25.762,2024-07-03 08:49:26
2024-07-03,09:04:26 pm,0,101.206,25.704,2024-07-03 09:04:26
2024-07-03,09:19:26 pm,0,101.243,25.644,2024-07-03 09:19:26
2024-07-03,09:34:26 pm,0,101.252,25.588,2024-07-03 09:34:26
2024-07-03,09:49:26 pm,0,101.287,25.528,2024-07-03 09:49:26
2024-07-03,10:04:26 pm,0,101.293,25.466,2024-07-03 10:04:26
2024-07-03,10:19:26 pm,0,101.28,25.403,2024-07-03 10:19:26
2024-07-03,10:34:26 pm,0,101.272,25.342,2024-07-03 10:34:26
2024-07-03,10:49:26 pm,0,101.253,25.273,2024-07-03 10:49:26
2024-07-03,11:04:26 pm,0,101.236,25.209,2024-07-03 11:04:26
2024-07-03,11:19:26 pm,0,101.225,25.156,2024-07-03 11:19:26
2024-07-03,11:34:26 pm,0,101.201,25.094,2024-07-03 11:34:26
2024-07-03,11:49:26 pm,0,101.172,25.032,2024-07-03 11:49:26
2024-07-04,12:04:26 am,0,101.228,24.952,2024-07-04 12:04:26
2024-07-04,12:19:26 am,0,101.271,24.88,2024-07-04 12:19:26
2024-07-04,12:34:26 am,0,101.274,24.83,2024-07-04 12:34:26
2024-07-04,12:49:26 am,0,101.284,24.768,2024-07-04 12:49:26
2024-07-04,01:04:26 am,0,101.272,24.704,2024-07-04 01:04:26
2024-07-04,01:19:26 am,0,101.269,24.649,2024-07-04 01:19:26
2024-07-04,01:34:26 am,0,101.25,24.585,2024-07-04 01:34:26
2024-07-04,01:49:26 am,0,101.239,24.528,2024-07-04 01:49:26
2024-07-04,02:04:26 am,0,101.239,24.483,2024-07-04 02:04:26
2024-07-04,02:19:26 am,0,101.214,24.423,2024-07-04 02:19:26
2024-07-04,02:34:26 am,0,101.197,24.371,2024-07-04 02:34:26
2024-07-04,02:49:26 am,0,101.207,24.315,2024-07-04 02:49:26
2024-07-04,03:04:26 am,0,101.215,24.266,2024-07-04 03:04:26
2024-07-04,03:19:26 am,0,101.216,24.218,2024-07-04 03:19:26
2024-07-04,03:34:26 am,0,101.214,24.178,2024-07-04 03:34:26
2024-07-04,03:49:26 am,0,101.199,24.122,2024-07-04 03:49:26
2024-07-04,04:04:26 am,0,101.193,24.081,2024-07-04 04:04:26
2024-07-04,04:19:26 am,0,101.194,24.034,2024-07-04 04:19:26
2024-07-04,04:34:26 am,0,101.193,23.991,2024-07-04 04:34:26
2024-07-04,04:49:26 am,0,101.18,23.947,2024-07-04 04:49:26
2024-07-04,05:04:26 am,0,101.167,23.909,2024-07-04 05:04:26
2024-07-04,05:19:26 am,0,101.153,23.864,2024-07-04 05:19:26
2024-07-04,05:34:26 am,0,101.141,23.829,2024-07-04 05:34:26
2024-07-04,05:49:26 am,0,101.128,23.793,2024-07-04 05:49:26
2024-07-04,06:04:26 am,0,101.122,23.76,2024-07-04 06:04:26
2024-07-04,06:19:26 am,0,101.116,23.732,2024-07-04 06:19:26
2024-07-04,06:34:26 am,0,101.117,23.708,2024-07-04 06:34:26
2024-07-04,06:49:26 am,0,101.227,23.702,2024-07-04 06:49:26
2024-07-04,07:04:26 am,0,101.277,23.718,2024-07-04 07:04:26
2024-07-04,07:19:26 am,0,101.299,23.753,2024-07-04 07:19:26
2024-07-04,07:34:26 am,0,101.305,23.796,2024-07-04 07:34:26
2024-07-04,07:49:26 am,0,101.314,23.865,2024-07-04 07:49:26
2024-07-04,08:04:26 am,0,101.321,23.94,2024-07-04 08:04:26
2024-07-04,08:19:26 am,0,101.323,24.024,2024-07-04 08:19:26
2024-07-04,08:34:26 am,0,101.344,24.117,2024-07-04 08:34:26
2024-07-04,08:49:26 am,0,101.357,24.201,2024-07-04 08:49:26
2024-07-04,09:04:26 am,0,101.362,24.247,2024-07-04 09:04:26
2024-07-04,09:19:26 am,0,101.37,24.302,2024-07-04 09:19:26
2024-07-04,09:34:26 am,0,101.37,24.405,2024-07-04 09:34:26
2024-07-04,09:49:26 am,0,101.361,24.491,2024-07-04 09:49:26
2024-07-04,10:04:26 am,0,101.354,24.585,2024-07-04 10:04:26
2024-07-04,10:19:26 am,0,101.367,24.688,2024-07-04 10:19:26
2024-07-04,10:34:26 am,0,101.362,24.656,2024-07-04 10:34:26
2024-07-04,10:49:26 am,0,101.352,24.688,2024-07-04 10:49:26
2024-07-04,11:04:26 am,0,101.355,24.834,2024-07-04 11:04:26
2024-07-04,11:19:26 am,0,101.359,24.899,2024-07-04 11:19:26
2024-07-04,11:34:26 am,0,101.372,24.999,2024-07-04 11:34:26
2024-07-04,11:49:26 am,0,101.384,25.099,2024-07-04 11:49:26
2024-07-04,12:04:26 pm,0,101.402,25.193,2024-07-04 12:04:26
2024-07-04,12:19:26 pm,0,101.429,25.364,2024-07-04 12:19:26
2024-07-04,12:34:26 pm,0,101.433,25.523,2024-07-04 12:34:26
2024-07-04,12:49:26 pm,0,101.414,25.712,2024-07-04 12:49:26
2024-07-04,01:04:26 pm,0,101.383,25.698,2024-07-04 01:04:26
2024-07-04,01:19:26 pm,0,101.358,25.676,2024-07-04 01:19:26
2024-07-04,01:34:26 pm,0,101.33,25.715,2024-07-04 01:34:26
2024-07-04,01:49:26 pm,0,101.231,25.882,2024-07-04 01:49:26
2024-07-04,02:04:26 pm,0,101.215,26.056,2024-07-04 02:04:26
2024-07-04,02:19:26 pm,0,101.209,26.204,2024-07-04 02:19:26
2024-07-04,02:34:26 pm,0,101.199,26.278,2024-07-04 02:34:26
2024-07-04,02:49:26 pm,0,101.18,26.32,2024-07-04 02:49:26
2024-07-04,03:04:26 pm,0,101.067,26.433,2024-07-04 03:04:26
2024-07-04,03:19:26 pm,0,101.069,26.479,2024-07-04 03:19:26
2024-07-04,03:34:26 pm,0,101.079,26.531,2024-07-04 03:34:26
2024-07-04,03:49:26 pm,0,101.085,26.605,2024-07-04 03:49:26
2024-07-04,04:04:26 pm,0,101.065,26.555,2024-07-04 04:04:26
2024-07-04,04:19:26 pm,0,101.039,26.43,2024-07-04 04:19:26
2024-07-04,04:34:26 pm,0,101.011,26.353,2024-07-04 04:34:26
2024-07-04,04:49:26 pm,0,101.008,26.384,2024-07-04 04:49:26
2024-07-04,05:04:26 pm,0,101.002,26.496,2024-07-04 05:04:26
2024-07-04,05:19:26 pm,0,101.006,26.597,2024-07-04 05:19:26
2024-07-04,05:34:26 pm,0,101.01,26.612,2024-07-04 05:34:26
2024-07-04,05:49:26 pm,0,101.005,26.578,2024-07-04 05:49:26
2024-07-04,06:04:26 pm,0,101.018,26.628,2024-07-04 06:04:26
2024-07-04,06:19:26 pm,0,101.023,26.613,2024-07-04 06:19:26
2024-07-04,06:34:26 pm,0,101.013,26.589,2024-07-04 06:34:26
2024-07-04,06:49:26 pm,0,101.003,26.566,2024-07-04 06:49:26
2024-07-04,07:04:26 pm,0,100.998,26.501,2024-07-04 07:04:26
2024-07-04,07:19:26 pm,0,100.979,26.448,2024-07-04 07:19:26
2024-07-04,07:34:26 pm,0,100.961,26.367,2024-07-04 07:34:26
2024-07-04,07:49:26 pm,0,100.961,26.287,2024-07-04 07:49:26
2024-07-04,08:04:26 pm,0,100.948,26.199,2024-07-04 08:04:26
2024-07-04,08:19:26 pm,0,100.953,26.125,2024-07-04 08:19:26
2024-07-04,08:34:26 pm,0,100.956,26.059,2024-07-04 08:34:26
2024-07-04,08:49:26 pm,0,100.961,26.007,2024-07-04 08:49:26
2024-07-04,09:04:26 pm,0,100.966,25.957,2024-07-04 09:04:26
2024-07-04,09:19:26 pm,0,100.973,25.906,2024-07-04 09:19:26
2024-07-04,09:34:26 pm,0,100.987,25.856,2024-07-04 09:34:26
2024-07-04,09:49:26 pm,0,100.986,25.808,2024-07-04 09:49:26
2024-07-04,10:04:26 pm,0,100.976,25.77,2024-07-04 10:04:26
2024-07-04,10:19:26 pm,0,101.021,25.722,2024-07-04 10:19:26
2024-07-04,10:34:26 pm,0,101.038,25.682,2024-07-04 10:34:26
2024-07-04,10:49:26 pm,0,101.034,25.626,2024-07-04 10:49:26
2024-07-04,11:04:26 pm,0,101.041,25.575,2024-07-04 11:04:26
2024-07-04,11:19:26 pm,0,101.029,25.524,2024-07-04 11:19:26
2024-07-04,11:34:26 pm,0,101.006,25.472,2024-07-04 11:34:26
2024-07-04,11:49:26 pm,0,100.975,25.42,2024-07-04 11:49:26
2024-07-05,12:04:26 am,0,100.946,25.362,2024-07-05 12:04:26
2024-07-05,12:19:26 am,0,100.919,25.31,2024-07-05 12:19:26
2024-07-05,12:34:26 am,0,100.894,25.257,2024-07-05 12:34:26
2024-07-05,12:49:26 am,0,100.873,25.207,2024-07-05 12:49:26
2024-07-05,01:04:26 am,0,100.857,25.161,2024-07-05 01:04:26
2024-07-05,01:19:26 am,0,100.838,25.112,2024-07-05 01:19:26
2024-07-05,01:34:26 am,0,100.828,25.068,2024-07-05 01:34:26
2024-07-05,01:49:26 am,0,100.905,25.031,2024-07-05 01:49:26
2024-07-05,02:04:26 am,0,100.888,24.984,2024-07-05 02:04:26
2024-07-05,02:19:26 am,0,100.881,24.93,2024-07-05 02:19:26
2024-07-05,02:34:26 am,0,100.88,24.883,2024-07-05 02:34:26
2024-07-05,02:49:26 am,0,100.876,24.836,2024-07-05 02:49:26
2024-07-05,03:04:26 am,0,100.883,24.788,2024-07-05 03:04:26
2024-07-05,03:19:26 am,0,100.911,24.744,2024-07-05 03:19:26
2024-07-05,03:34:26 am,0,100.915,24.689,2024-07-05 03:34:26
2024-07-05,03:49:26 am,0,100.925,24.64,2024-07-05 03:49:26
2024-07-05,04:04:26 am,0,100.918,24.581,2024-07-05 04:04:26
2024-07-05,04:19:26 am,0,100.909,24.538,2024-07-05 04:19:26
2024-07-05,04:34:26 am,0,100.906,24.497,2024-07-05 04:34:26
2024-07-05,04:49:26 am,0,100.906,24.466,2024-07-05 04:49:26
2024-07-05,05:04:26 am,0,100.92,24.448,2024-07-05 05:04:26
2024-07-05,05:19:26 am,0,100.927,24.418,2024-07-05 05:19:26
2024-07-05,05:34:26 am,0,100.942,24.389,2024-07-05 05:34:26
2024-07-05,05:49:26 am,0,100.941,24.35,2024-07-05 05:49:26
2024-07-05,06:04:26 am,0,100.953,24.303,2024-07-05 06:04:26
2024-07-05,06:19:26 am,0,100.973,24.27,2024-07-05 06:19:26
2024-07-05,06:34:26 am,0,100.993,24.251,2024-07-05 06:34:26
2024-07-05,06:49:26 am,0,101.009,24.242,2024-07-05 06:49:26
2024-07-05,07:04:26 am,0,101.009,24.246,2024-07-05 07:04:26
2024-07-05,07:19:26 am,0,101.012,24.267,2024-07-05 07:19:26
2024-07-05,07:34:26 am,0,101.021,24.299,2024-07-05 07:34:26
2024-07-05,07:49:26 am,0,101.036,24.349,2024-07-05 07:49:26
2024-07-05,08:04:26 am,0,101.034,24.378,2024-07-05 08:04:26
2024-07-05,08:19:26 am,0,101.031,24.411,2024-07-05 08:19:26
2024-07-05,08:34:26 am,0,101.045,24.454,2024-07-05 08:34:26
2024-07-05,08:49:26 am,0,101.04,24.496,2024-07-05 08:49:26
2024-07-05,09:04:26 am,0,101.041,24.554,2024-07-05 09:04:26
2024-07-05,09:19:26 am,0,101.062,24.618,2024-07-05 09:19:26
2024-07-05,09:34:26 am,0,101.056,24.61,2024-07-05 09:34:26
2024-07-05,09:49:26 am,0,101.057,24.586,2024-07-05 09:49:26
2024-07-05,10:04:26 am,0,101.046,24.577,2024-07-05 10:04:26
2024-07-05,10:19:26 am,0,101.032,24.581,2024-07-05 10:19:26
2024-07-05,10:34:26 am,0,101.036,24.597,2024-07-05 10:34:26
2024-07-05,10:49:26 am,0,101.041,24.621,2024-07-05 10:49:26
2024-07-05,11:04:26 am,0,101.029,24.655,2024-07-05 11:04:26
2024-07-05,11:19:26 am,0,101.054,24.771,2024-07-05 11:19:26
2024-07-05,11:34:26 am,0,101.081,24.894,2024-07-05 11:34:26
2024-07-05,11:49:26 am,0,101.099,25.036,2024-07-05 11:49:26
2024-07-05,12:04:26 pm,0,101.115,25.181,2024-07-05 12:04:26
2024-07-05,12:19:26 pm,0,101.138,25.307,2024-07-05 12:19:26
2024-07-05,12:34:26 pm,0,101.125,25.448,2024-07-05 12:34:26
2024-07-05,12:49:26 pm,0,101.121,25.614,2024-07-05 12:49:26
2024-07-05,01:04:26 pm,0,101.106,25.704,2024-07-05 01:04:26
2024-07-05,01:19:26 pm,0,100.994,25.867,2024-07-05 01:19:26
2024-07-05,01:34:26 pm,0,101.018,26.074,2024-07-05 01:34:26
2024-07-05,01:49:26 pm,0,100.989,26.2,2024-07-05 01:49:26
2024-07-05,02:04:26 pm,0,100.969,26.225,2024-07-05 02:04:26
2024-07-05,02:19:26 pm,0,100.956,26.124,2024-07-05 02:19:26
2024-07-05,02:34:26 pm,0,100.944,26.019,2024-07-05 02:34:26
2024-07-05,02:49:26 pm,0,100.898,25.961,2024-07-05 02:49:26
2024-07-05,03:04:26 pm,0,100.889,25.921,2024-07-05 03:04:26
2024-07-05,03:19:26 pm,0,100.901,25.931,2024-07-05 03:19:26
2024-07-05,03:34:26 pm,0,100.89,25.926,2024-07-05 03:34:26
2024-07-05,03:49:26 pm,0,100.888,25.987,2024-07-05 03:49:26
2024-07-05,04:04:26 pm,0,100.888,25.966,2024-07-05 04:04:26
2024-07-05,04:19:26 pm,0,100.874,25.935,2024-07-05 04:19:26
2024-07-05,04:34:26 pm,0,100.863,25.934,2024-07-05 04:34:26
2024-07-05,04:49:26 pm,0,100.868,25.959,2024-07-05 04:49:26
2024-07-05,05:04:26 pm,0,100.894,25.966,2024-07-05 05:04:26
2024-07-05,05:19:26 pm,0,100.869,25.916,2024-07-05 05:19:26
2024-07-05,05:34:26 pm,0,100.825,25.843,2024-07-05 05:34:26
2024-07-05,05:49:26 pm,0,100.821,25.792,2024-07-05 05:49:26
2024-07-05,06:04:26 pm,0,100.806,25.734,2024-07-05 06:04:26
2024-07-05,06:19:26 pm,0,100.79,25.688,2024-07-05 06:19:26
2024-07-05,06:34:26 pm,0,100.77,25.63,2024-07-05 06:34:26
2024-07-05,06:49:26 pm,0,100.799,25.574,2024-07-05 06:49:26
2024-07-05,07:04:26 pm,0,100.872,25.523,2024-07-05 07:04:26
2024-07-05,07:19:26 pm,0,100.936,25.461,2024-07-05 07:19:26
2024-07-05,07:34:26 pm,0,100.979,25.402,2024-07-05 07:34:26
2024-07-05,07:49:26 pm,0,101.015,25.337,2024-07-05 07:49:26
2024-07-05,08:04:26 pm,0,101.007,25.26,2024-07-05 08:04:26
2024-07-05,08:19:26 pm,0,100.991,25.189,2024-07-05 08:19:26
2024-07-05,08:34:26 pm,0,100.992,25.128,2024-07-05 08:34:26
2024-07-05,08:49:26 pm,0,100.962,25.064,2024-07-05 08:49:26
2024-07-05,09:04:26 pm,0,100.956,24.993,2024-07-05 09:04:26
2024-07-05,09:19:26 pm,0,100.958,24.937,2024-07-05 09:19:26
2024-07-05,09:34:26 pm,0,101.048,24.882,2024-07-05 09:34:26
2024-07-05,09:49:26 pm,0,101.037,24.83,2024-07-05 09:49:26
2024-07-05,10:04:26 pm,0,101.018,24.784,2024-07-05 10:04:26
2024-07-05,10:19:26 pm,0,101.008,24.74,2024-07-05 10:19:26
2024-07-05,10:34:26 pm,0,101.004,24.705,2024-07-05 10:34:26
2024-07-05,10:49:26 pm,0,100.991,24.659,2024-07-05 10:49:26
2024-07-05,11:04:26 pm,0,101.024,24.602,2024-07-05 11:04:26
2024-07-05,11:19:26 pm,0,100.998,24.555,2024-07-05 11:19:26
2024-07-05,11:34:26 pm,0,100.978,24.517,2024-07-05 11:34:26
2024-07-05,11:49:26 pm,0,100.963,24.466,2024-07-05 11:49:26
2024-07-06,12:04:26 am,0,100.932,24.409,2024-07-06 12:04:26
2024-07-06,12:19:26 am,0,100.91,24.361,2024-07-06 12:19:26
2024-07-06,12:34:26 am,0,100.903,24.308,2024-07-06 12:34:26
2024-07-06,12:49:26 am,0,100.931,24.274,2024-07-06 12:49:26
2024-07-06,01:04:26 am,0,100.941,24.246,2024-07-06 01:04:26
2024-07-06,01:19:26 am,0,100.973,24.217,2024-07-06 01:19:26
2024-07-06,01:34:26 am,0,101.011,24.182,2024-07-06 01:34:26
2024-07-06,01:49:26 am,0,101.007,24.155,2024-07-06 01:49:26
2024-07-06,02:04:26 am,0,101.008,24.151,2024-07-06 02:04:26
2024-07-06,02:19:26 am,0,101.011,24.15,2024-07-06 02:19:26
2024-07-06,02:34:26 am,0,101.004,24.14,2024-07-06 02:34:26
2024-07-06,02:49:26 am,0,100.979,24.132,2024-07-06 02:49:26
2024-07-06,03:04:26 am,0,100.974,24.119,2024-07-06 03:04:26
2024-07-06,03:19:26 am,0,100.989,24.112,2024-07-06 03:19:26
2024-07-06,03:34:26 am,0,100.968,24.095,2024-07-06 03:34:26
2024-07-06,03:49:26 am,0,100.972,24.077,2024-07-06 03:49:26
2024-07-06,04:04:26 am,0,100.967,24.066,2024-07-06 04:04:26
2024-07-06,04:19:26 am,0,100.961,24.059,2024-07-06 04:19:26
2024-07-06,04:34:26 am,0,100.945,24.05,2024-07-06 04:34:26
2024-07-06,04:49:26 am,0,100.945,24.043,2024-07-06 04:49:26
2024-07-06,05:04:26 am,0,100.943,24.027,2024-07-06 05:04:26
2024-07-06,05:19:26 am,0,100.935,24.015,2024-07-06 05:19:26
2024-07-06,05:34:26 am,0,100.931,24.003,2024-07-06 05:34:26
2024-07-06,05:49:26 am,0,100.938,23.989,2024-07-06 05:49:26
2024-07-06,06:04:26 am,0,101.01,23.977,2024-07-06 06:04:26
2024-07-06,06:19:26 am,0,101.023,23.97,2024-07-06 06:19:26
2024-07-06,06:34:26 am,0,101.003,23.966,2024-07-06 06:34:26
2024-07-06,06:49:26 am,0,100.973,23.962,2024-07-06 06:49:26
2024-07-06,07:04:26 am,0,100.997,23.966,2024-07-06 07:04:26
2024-07-06,07:19:26 am,0,101.006,23.979,2024-07-06 07:19:26
2024-07-06,07:34:26 am,0,101.028,24.002,2024-07-06 07:34:26
2024-07-06,07:49:26 am,0,101.044,24.035,2024-07-06 07:49:26
2024-07-06,08:04:26 am,0,101.063,24.058,2024-07-06 08:04:26
2024-07-06,08:19:26 am,0,101.064,24.083,2024-07-06 08:19:26
2024-07-06,08:34:26 am,0,101.069,24.142,2024-07-06 08:34:26
2024-07-06,08:49:26 am,0,101.067,24.217,2024-07-06 08:49:26
2024-07-06,09:04:26 am,0,101.077,24.313,2024-07-06 09:04:26
2024-07-06,09:19:26 am,0,101.077,24.426,2024-07-06 09:19:26
2024-07-06,09:34:26 am,0,101.084,24.541,2024-07-06 09:34:26
2024-07-06,09:49:26 am,0,101.104,24.656,2024-07-06 09:49:26
2024-07-06,10:04:26 am,0,101.126,24.764,2024-07-06 10:04:26
2024-07-06,10:19:26 am,0,101.14,24.815,2024-07-06 10:19:26
2024-07-06,10:34:26 am,0,101.155,24.787,2024-07-06 10:34:26
2024-07-06,10:49:26 am,0,101.164,24.793,2024-07-06 10:49:26
2024-07-06,11:04:26 am,0,101.168,24.857,2024-07-06 11:04:26
2024-07-06,11:19:26 am,0,101.171,24.943,2024-07-06 11:19:26
2024-07-06,11:34:26 am,0,101.176,25.044,2024-07-06 11:34:26
2024-07-06,11:49:26 am,0,101.177,25.104,2024-07-06 11:49:26
2024-07-06,12:04:26 pm,0,101.213,25.295,2024-07-06 12:04:26
2024-07-06,12:19:26 pm,0,101.235,25.372,2024-07-06 12:19:26
2024-07-06,12:34:26 pm,0,101.224,25.345,2024-07-06 12:34:26
2024-07-06,12:49:26 pm,0,101.267,25.624,2024-07-06 12:49:26
2024-07-06,01:04:26 pm,0,101.261,25.617,2024-07-06 01:04:26
2024-07-06,01:19:26 pm,0,101.234,25.566,2024-07-06 01:19:26
2024-07-06,01:34:26 pm,0,101.224,25.526,2024-07-06 01:34:26
2024-07-06,01:49:26 pm,0,101.202,25.476,2024-07-06 01:49:26
2024-07-06,02:04:26 pm,0,101.226,25.499,2024-07-06 02:04:26
2024-07-06,02:19:26 pm,0,101.23,25.543,2024-07-06 02:19:26
2024-07-06,02:34:26 pm,0,101.223,25.542,2024-07-06 02:34:26
2024-07-06,02:49:26 pm,0,101.228,25.71,2024-07-06 02:49:26
2024-07-06,03:04:26 pm,0,101.222,25.72,2024-07-06 03:04:26
2024-07-06,03:19:26 pm,0,101.24,25.51,2024-07-06 03:19:26
2024-07-06,03:34:26 pm,0,101.219,25.264,2024-07-06 03:34:26
2024-07-06,03:49:26 pm,0,101.235,25.228,2024-07-06 03:49:26
2024-07-06,04:04:26 pm,0,101.208,25.18,2024-07-06 04:04:26
2024-07-06,04:19:26 pm,0,101.191,25.13,2024-07-06 04:19:26
2024-07-06,04:34:26 pm,0,101.182,25.093,2024-07-06 04:34:26
2024-07-06,04:49:26 pm,0,101.207,25.043,2024-07-06 04:49:26
2024-07-06,05:04:26 pm,0,101.264,24.936,2024-07-06 05:04:26
2024-07-06,05:19:26 pm,0,101.296,24.825,2024-07-06 05:19:26
2024-07-06,05:34:26 pm,0,101.262,24.741,2024-07-06 05:34:26
2024-07-06,05:49:26 pm,0,101.234,24.66,2024-07-06 05:49:26
2024-07-06,06:04:26 pm,0,101.209,24.604,2024-07-06 06:04:26
2024-07-06,06:19:26 pm,0,101.184,24.574,2024-07-06 06:19:26
2024-07-06,06:34:26 pm,0,101.179,24.568,2024-07-06 06:34:26
2024-07-06,06:49:26 pm,0,101.184,24.557,2024-07-06 06:49:26
2024-07-06,07:04:26 pm,0,101.201,24.542,2024-07-06 07:04:26
2024-07-06,07:19:26 pm,0,101.178,24.534,2024-07-06 07:19:26
2024-07-06,07:34:26 pm,0,101.145,24.514,2024-07-06 07:34:26
2024-07-06,07:49:26 pm,0,101.145,24.492,2024-07-06 07:49:26
2024-07-06,08:04:26 pm,0,101.143,24.463,2024-07-06 08:04:26
2024-07-06,08:19:26 pm,0,101.119,24.436,2024-07-06 08:19:26
2024-07-06,08:34:26 pm,0,101.118,24.416,2024-07-06 08:34:26
2024-07-06,08:49:26 pm,0,101.112,24.385,2024-07-06 08:49:26
2024-07-06,09:04:26 pm,0,101.117,24.36,2024-07-06 09:04:26
2024-07-06,09:19:26 pm,0,101.123,24.339,2024-07-06 09:19:26
2024-07-06,09:34:26 pm,0,101.127,24.311,2024-07-06 09:34:26
2024-07-06,09:49:26 pm,0,101.13,24.292,2024-07-06 09:49:26
2024-07-06,10:04:26 pm,0,101.153,24.271,2024-07-06 10:04:26
2024-07-06,10:19:26 pm,0,101.15,24.252,2024-07-06 10:19:26
2024-07-06,10:34:26 pm,0,101.139,24.225,2024-07-06 10:34:26
2024-07-06,10:49:26 pm,0,101.126,24.199,2024-07-06 10:49:26
2024-07-06,11:04:26 pm,0,101.107,24.172,2024-07-06 11:04:26
2024-07-06,11:19:26 pm,0,101.094,24.145,2024-07-06 11:19:26
2024-07-06,11:34:26 pm,0,101.1,24.115,2024-07-06 11:34:26
2024-07-06,11:49:26 pm,0,101.103,24.091,2024-07-06 11:49:26
2024-07-07,12:04:26 am,0,101.107,24.064,2024-07-07 12:04:26
2024-07-07,12:19:26 am,0,101.122,24.056,2024-07-07 12:19:26
2024-07-07,12:34:26 am,0,101.107,24.039,2024-07-07 12:34:26
2024-07-07,12:49:26 am,0,101.098,24.023,2024-07-07 12:49:26
2024-07-07,01:04:26 am,0,101.107,24.011,2024-07-07 01:04:26
2024-07-07,01:19:26 am,0,101.116,23.999,2024-07-07 01:19:26
2024-07-07,01:34:26 am,0,101.124,23.979,2024-07-07 01:34:26
2024-07-07,01:49:26 am,0,101.103,23.956,2024-07-07 01:49:26
2024-07-07,02:04:26 am,0,101.101,23.94,2024-07-07 02:04:26
2024-07-07,02:19:26 am,0,101.106,23.936,2024-07-07 02:19:26
2024-07-07,02:34:26 am,0,101.103,23.921,2024-07-07 02:34:26
2024-07-07,02:49:26 am,0,101.082,23.917,2024-07-07 02:49:26
2024-07-07,03:04:26 am,0,101.074,23.901,2024-07-07 03:04:26
2024-07-07,03:19:26 am,0,101.064,23.885,2024-07-07 03:19:26
2024-07-07,03:34:26 am,0,101.084,23.868,2024-07-07 03:34:26
2024-07-07,03:49:26 am,0,101.081,23.853,2024-07-07 03:49:26
2024-07-07,04:04:26 am,0,101.082,23.833,2024-07-07 04:04:26
2024-07-07,04:19:26 am,0,101.087,23.812,2024-07-07 04:19:26
2024-07-07,04:34:26 am,0,101.091,23.791,2024-07-07 04:34:26
2024-07-07,04:49:26 am,0,101.116,23.761,2024-07-07 04:49:26
2024-07-07,05:04:26 am,0,101.112,23.74,2024-07-07 05:04:26
2024-07-07,05:19:26 am,0,101.101,23.73,2024-07-07 05:19:26
2024-07-07,05:34:26 am,0,101.089,23.706,2024-07-07 05:34:26
2024-07-07,05:49:26 am,0,101.091,23.688,2024-07-07 05:49:26
2024-07-07,06:04:26 am,0,101.107,23.678,2024-07-07 06:04:26
2024-07-07,06:19:26 am,0,101.154,23.665,2024-07-07 06:19:26
2024-07-07,06:34:26 am,0,101.156,23.661,2024-07-07 06:34:26
2024-07-07,06:49:26 am,0,101.16,23.662,2024-07-07 06:49:26
2024-07-07,07:04:26 am,0,101.163,23.663,2024-07-07 07:04:26
2024-07-07,07:19:26 am,0,101.182,23.681,2024-07-07 07:19:26
2024-07-07,07:34:26 am,0,101.174,23.693,2024-07-07 07:34:26
2024-07-07,07:49:26 am,0,101.173,23.721,2024-07-07 07:49:26
2024-07-07,08:04:26 am,0,101.173,23.76,2024-07-07 08:04:26
2024-07-07,08:19:26 am,0,101.185,23.79,2024-07-07 08:19:26
2024-07-07,08:34:26 am,0,101.19,23.841,2024-07-07 08:34:26
2024-07-07,08:49:26 am,0,101.193,23.877,2024-07-07 08:49:26
2024-07-07,09:04:26 am,0,101.202,23.95,2024-07-07 09:04:26
2024-07-07,09:19:26 am,0,101.207,24.014,2024-07-07 09:19:26
2024-07-07,09:34:26 am,0,101.213,24.067,2024-07-07 09:34:26
2024-07-07,09:49:26 am,0,101.241,24.181,2024-07-07 09:49:26
2024-07-07,10:04:26 am,0,101.249,24.234,2024-07-07 10:04:26
2024-07-07,10:19:26 am,0,101.271,24.332,2024-07-07 10:19:26
2024-07-07,10:34:26 am,0,101.286,24.391,2024-07-07 10:34:26
2024-07-07,10:49:26 am,0,101.298,24.453,2024-07-07 10:49:26
2024-07-07,11:04:26 am,0,101.323,24.576,2024-07-07 11:04:26
2024-07-07,11:19:26 am,0,101.352,24.684,2024-07-07 11:19:26
2024-07-07,11:34:26 am,0,101.384,24.788,2024-07-07 11:34:26
2024-07-07,11:49:26 am,0,101.4,24.882,2024-07-07 11:49:26
2024-07-07,12:04:26 pm,0,101.405,24.929,2024-07-07 12:04:26
2024-07-07,12:19:26 pm,0,101.398,24.911,2024-07-07 12:19:26
2024-07-07,12:34:26 pm,0,101.388,24.891,2024-07-07 12:34:26
2024-07-07,12:49:26 pm,0,101.388,24.92,2024-07-07 12:49:26
2024-07-07,01:04:26 pm,0,101.377,24.923,2024-07-07 01:04:26
2024-07-07,01:19:26 pm,0,101.351,24.939,2024-07-07 01:19:26
2024-07-07,01:34:26 pm,0,101.343,24.965,2024-07-07 01:34:26
2024-07-07,01:49:26 pm,0,101.328,24.988,2024-07-07 01:49:26
2024-07-07,02:04:26 pm,0,101.328,25.075,2024-07-07 02:04:26
2024-07-07,02:19:26 pm,0,101.334,25.229,2024-07-07 02:19:26
2024-07-07,02:34:26 pm,0,101.32,25.256,2024-07-07 02:34:26
2024-07-07,02:49:26 pm,0,101.312,25.301,2024-07-07 02:49:26
2024-07-07,03:04:26 pm,0,101.29,25.365,2024-07-07 03:04:26
2024-07-07,03:19:26 pm,0,101.225,25.371,2024-07-07 03:19:26
2024-07-07,03:34:26 pm,0,101.184,25.376,2024-07-07 03:34:26
2024-07-07,03:49:26 pm,0,101.178,25.44,2024-07-07 03:49:26
2024-07-07,04:04:26 pm,0,101.176,25.546,2024-07-07 04:04:26
2024-07-07,04:19:26 pm,0,101.164,25.6,2024-07-07 04:19:26
2024-07-07,04:34:26 pm,0,101.154,25.676,2024-07-07 04:34:26
2024-07-07,04:49:26 pm,0,101.137,25.662,2024-07-07 04:49:26
2024-07-07,05:04:26 pm,0,101.126,25.656,2024-07-07 05:04:26
2024-07-07,05:19:26 pm,0,101.128,25.653,2024-07-07 05:19:26
2024-07-07,05:34:26 pm,0,101.109,25.631,2024-07-07 05:34:26
2024-07-07,05:49:26 pm,0,101.1,25.62,2024-07-07 05:49:26
2024-07-07,06:04:26 pm,0,101.098,25.607,2024-07-07 06:04:26
2024-07-07,06:19:26 pm,0,101.095,25.584,2024-07-07 06:19:26
2024-07-07,06:34:26 pm,0,101.09,25.548,2024-07-07 06:34:26
2024-07-07,06:49:26 pm,0,101.076,25.502,2024-07-07 06:49:26
2024-07-07,07:04:26 pm,0,101.077,25.443,2024-07-07 07:04:26
2024-07-07,07:19:26 pm,0,101.077,25.406,2024-07-07 07:19:26
2024-07-07,07:34:26 pm,0,101.084,25.357,2024-07-07 07:34:26
2024-07-07,07:49:26 pm,0,101.103,25.312,2024-07-07 07:49:26
2024-07-07,08:04:26 pm,0,101.126,25.279,2024-07-07 08:04:26
2024-07-07,08:19:26 pm,0,101.104,25.232,2024-07-07 08:19:26
2024-07-07,08:34:26 pm,0,101.135,25.194,2024-07-07 08:34:26
2024-07-07,08:49:26 pm,0,101.139,25.154,2024-07-07 08:49:26
2024-07-07,09:04:26 pm,0,101.141,25.124,2024-07-07 09:04:26
2024-07-07,09:19:26 pm,0,101.143,25.092,2024-07-07 09:19:26
2024-07-07,09:34:26 pm,0,101.157,25.063,2024-07-07 09:34:26
2024-07-07,09:49:26 pm,0,101.167,25.026,2024-07-07 09:49:26
2024-07-07,10:04:26 pm,0,101.166,24.981,2024-07-07 10:04:26
2024-07-07,10:19:26 pm,0,101.155,24.952,2024-07-07 10:19:26
2024-07-07,10:34:26 pm,0,101.189,24.909,2024-07-07 10:34:26
2024-07-07,10:49:26 pm,0,101.178,24.866,2024-07-07 10:49:26
2024-07-07,11:04:26 pm,0,101.166,24.829,2024-07-07 11:04:26
2024-07-07,11:19:26 pm,0,101.16,24.791,2024-07-07 11:19:26
2024-07-07,11:34:26 pm,0,101.141,24.747,2024-07-07 11:34:26
2024-07-07,11:49:26 pm,0,101.132,24.707,2024-07-07 11:49:26
2024-07-08,12:04:26 am,0,101.124,24.674,2024-07-08 12:04:26
2024-07-08,12:19:26 am,0,101.11,24.636,2024-07-08 12:19:26
2024-07-08,12:34:26 am,0,101.095,24.593,2024-07-08 12:34:26
2024-07-08,12:49:26 am,0,101.078,24.539,2024-07-08 12:49:26
2024-07-08,01:04:26 am,0,101.057,24.497,2024-07-08 01:04:26
2024-07-08,01:19:26 am,0,101.042,24.469,2024-07-08 01:19:26
2024-07-08,01:34:26 am,0,101.03,24.44,2024-07-08 01:34:26
2024-07-08,01:49:26 am,0,101.014,24.414,2024-07-08 01:49:26
2024-07-08,02:04:26 am,0,101.014,24.383,2024-07-08 02:04:26
2024-07-08,02:19:26 am,0,101.003,24.359,2024-07-08 02:19:26
2024-07-08,02:34:26 am,0,101.1,24.339,2024-07-08 02:34:26
2024-07-08,02:49:26 am,0,101.09,24.317,2024-07-08 02:49:26
2024-07-08,03:04:26 am,0,101.091,24.294,2024-07-08 03:04:26
2024-07-08,03:19:26 am,0,101.099,24.258,2024-07-08 03:19:26
2024-07-08,03:34:26 am,0,101.126,24.225,2024-07-08 03:34:26
2024-07-08,03:49:26 am,0,101.154,24.194,2024-07-08 03:49:26
2024-07-08,04:04:26 am,0,101.161,24.164,2024-07-08 04:04:26
2024-07-08,04:19:26 am,0,101.159,24.128,2024-07-08 04:19:26
2024-07-08,04:34:26 am,0,101.145,24.099,2024-07-08 04:34:26
2024-07-08,04:49:26 am,0,101.155,24.063,2024-07-08 04:49:26
2024-07-08,05:04:26 am,0,101.163,24.028,2024-07-08 05:04:26
2024-07-08,05:19:26 am,0,101.163,23.981,2024-07-08 05:19:26
2024-07-08,05:34:26 am,0,101.166,23.938,2024-07-08 05:34:26
2024-07-08,05:49:26 am,0,101.183,23.898,2024-07-08 05:49:26
2024-07-08,06:04:26 am,0,101.186,23.858,2024-07-08 06:04:26
2024-07-08,06:19:26 am,0,101.203,23.819,2024-07-08 06:19:26
2024-07-08,06:34:26 am,0,101.207,23.783,2024-07-08 06:34:26
2024-07-08,06:49:26 am,0,101.223,23.77,2024-07-08 06:49:26
2024-07-08,07:04:26 am,0,101.251,23.776,2024-07-08 07:04:26
2024-07-08,07:19:26 am,0,101.255,23.795,2024-07-08 07:19:26
2024-07-08,07:34:26 am,0,101.265,23.824,2024-07-08 07:34:26
2024-07-08,07:49:26 am,0,101.276,23.862,2024-07-08 07:49:26
2024-07-08,08:04:26 am,0,101.28,23.907,2024-07-08 08:04:26
2024-07-08,08:19:26 am,0,101.294,23.97,2024-07-08 08:19:26
2024-07-08,08:34:26 am,0,101.309,24.042,2024-07-08 08:34:26
2024-07-08,08:49:26 am,0,101.325,24.118,2024-07-08 08:49:26
2024-07-08,09:04:26 am,0,101.33,24.186,2024-07-08 09:04:26
2024-07-08,09:19:26 am,0,101.338,24.261,2024-07-08 09:19:26
2024-07-08,09:34:26 am,0,101.35,24.346,2024-07-08 09:34:26
2024-07-08,09:49:26 am,0,101.371,24.448,2024-07-08 09:49:26
2024-07-08,10:04:26 am,0,101.381,24.538,2024-07-08 10:04:26
2024-07-08,10:19:26 am,0,101.402,24.638,2024-07-08 10:19:26
2024-07-08,10:34:26 am,0,101.423,24.75,2024-07-08 10:34:26
2024-07-08,10:49:26 am,0,101.446,24.875,2024-07-08 10:49:26
2024-07-08,11:04:26 am,0,101.458,25.011,2024-07-08 11:04:26
2024-07-08,11:19:26 am,0,101.452,25.026,2024-07-08 11:19:26
2024-07-08,11:34:26 am,0,101.443,25.055,2024-07-08 11:34:26
2024-07-08,11:49:26 am,0,101.435,25.131,2024-07-08 11:49:26
2024-07-08,12:04:26 pm,0,101.417,25.156,2024-07-08 12:04:26
2024-07-08,12:19:26 pm,0,101.406,25.274,2024-07-08 12:19:26
2024-07-08,12:34:26 pm,0,101.384,25.341,2024-07-08 12:34:26
2024-07-08,12:49:26 pm,0,101.313,25.619,2024-07-08 12:49:26
2024-07-08,01:04:26 pm,0,101.311,25.768,2024-07-08 01:04:26
2024-07-08,01:19:26 pm,0,101.296,25.747,2024-07-08 01:19:26
2024-07-08,01:34:26 pm,0,101.284,25.84,2024-07-08 01:34:26
2024-07-08,01:49:26 pm,0,101.273,25.843,2024-07-08 01:49:26
2024-07-08,02:04:26 pm,0,101.263,25.9,2024-07-08 02:04:26
2024-07-08,02:19:26 pm,0,101.254,26.008,2024-07-08 02:19:26
2024-07-08,02:34:26 pm,0,101.254,26.077,2024-07-08 02:34:26
2024-07-08,02:49:26 pm,0,101.129,26.105,2024-07-08 02:49:26
2024-07-08,03:04:26 pm,0,101.141,26.188,2024-07-08 03:04:26
2024-07-08,03:19:26 pm,0,101.145,26.222,2024-07-08 03:19:26
2024-07-08,03:34:26 pm,0,101.123,26.205,2024-07-08 03:34:26
2024-07-08,03:49:26 pm,0,101.091,26.194,2024-07-08 03:49:26
2024-07-08,04:04:26 pm,0,101.091,26.221,2024-07-08 04:04:26
2024-07-08,04:19:26 pm,0,101.099,26.232,2024-07-08 04:19:26
2024-07-08,04:34:26 pm,0,101.094,26.146,2024-07-08 04:34:26
2024-07-08,04:49:26 pm,0,101.026,25.948,2024-07-08 04:49:26
2024-07-08,05:04:26 pm,0,101.039,25.854,2024-07-08 05:04:26
2024-07-08,05:19:26 pm,0,101.033,25.787,2024-07-08 05:19:26
2024-07-08,05:34:26 pm,0,101.018,25.707,2024-07-08 05:34:26
2024-07-08,05:49:26 pm,0,101.026,25.665,2024-07-08 05:49:26
2024-07-08,06:04:26 pm,0,101.027,25.655,2024-07-08 06:04:26
2024-07-08,06:19:26 pm,0,101.056,25.631,2024-07-08 06:19:26
2024-07-08,06:34:26 pm,0,101.041,25.589,2024-07-08 06:34:26
2024-07-08,06:49:26 pm,0,101.047,25.523,2024-07-08 06:49:26
2024-07-08,07:04:26 pm,0,101.042,25.46,2024-07-08 07:04:26
2024-07-08,07:19:26 pm,0,101.056,25.405,2024-07-08 07:19:26
2024-07-08,07:34:26 pm,0,101.056,25.35,2024-07-08 07:34:26
2024-07-08,07:49:26 pm,0,101.068,25.299,2024-07-08 07:49:26
2024-07-08,08:04:26 pm,0,101.083,25.248,2024-07-08 08:04:26
2024-07-08,08:19:26 pm,0,101.066,25.191,2024-07-08 08:19:26
2024-07-08,08:34:26 pm,0,101.109,25.112,2024-07-08 08:34:26
2024-07-08,08:49:26 pm,0,101.107,25.038,2024-07-08 08:49:26
2024-07-08,09:04:26 pm,0,101.088,24.975,2024-07-08 09:04:26
2024-07-08,09:19:26 pm,0,101.08,24.919,2024-07-08 09:19:26
2024-07-08,09:34:26 pm,0,101.077,24.868,2024-07-08 09:34:26
2024-07-08,09:49:26 pm,0,101.098,24.817,2024-07-08 09:49:26
2024-07-08,10:04:26 pm,0,101.108,24.783,2024-07-08 10:04:26
2024-07-08,10:19:26 pm,0,101.083,24.741,2024-07-08 10:19:26
2024-07-08,10:34:26 pm,0,101.095,24.695,2024-07-08 10:34:26
2024-07-08,10:49:26 pm,0,101.142,24.665,2024-07-08 10:49:26
2024-07-08,11:04:26 pm,0,101.14,24.616,2024-07-08 11:04:26
2024-07-08,11:19:26 pm,0,101.153,24.566,2024-07-08 11:19:26
2024-07-08,11:34:26 pm,0,101.192,24.526,2024-07-08 11:34:26
2024-07-08,11:49:26 pm,0,101.224,24.501,2024-07-08 11:49:26
2024-07-09,12:04:26 am,0,101.201,24.482,2024-07-09 12:04:26
2024-07-09,12:19:26 am,0,101.181,24.47,2024-07-09 12:19:26
2024-07-09,12:34:26 am,0,101.164,24.45,2024-07-09 12:34:26
2024-07-09,12:49:26 am,0,101.145,24.423,2024-07-09 12:49:26
2024-07-09,01:04:26 am,0,101.124,24.38,2024-07-09 01:04:26
2024-07-09,01:19:26 am,0,101.11,24.339,2024-07-09 01:19:26
2024-07-09,01:34:26 am,0,101.093,24.302,2024-07-09 01:34:26
2024-07-09,01:49:26 am,0,101.075,24.266,2024-07-09 01:49:26
2024-07-09,02:04:26 am,0,101.064,24.219,2024-07-09 02:04:26
2024-07-09,02:19:26 am,0,101.05,24.181,2024-07-09 02:19:26
2024-07-09,02:34:26 am,0,101.044,24.149,2024-07-09 02:34:26
2024-07-09,02:49:26 am,0,101.018,24.102,2024-07-09 02:49:26
2024-07-09,03:04:26 am,0,101.021,24.06,2024-07-09 03:04:26
2024-07-09,03:19:26 am,0,101.016,24.011,2024-07-09 03:19:26
2024-07-09,03:34:26 am,0,101.022,23.97,2024-07-09 03:34:26
2024-07-09,03:49:26 am,0,101.029,23.939,2024-07-09 03:49:26
2024-07-09,04:04:26 am,0,101.026,23.905,2024-07-09 04:04:26
2024-07-09,04:19:26 am,0,101.024,23.877,2024-07-09 04:19:26
2024-07-09,04:34:26 am,0,101.019,23.851,2024-07-09 04:34:26
2024-07-09,04:49:26 am,0,101.009,23.826,2024-07-09 04:49:26
2024-07-09,05:04:26 am,0,100.995,23.801,2024-07-09 05:04:26
2024-07-09,05:19:26 am,0,101,23.776,2024-07-09 05:19:26
2024-07-09,05:34:26 am,0,100.993,23.768,2024-07-09 05:34:26
2024-07-09,05:49:26 am,0,100.995,23.749,2024-07-09 05:49:26
2024-07-09,06:04:26 am,0,100.999,23.732,2024-07-09 06:04:26
2024-07-09,06:19:26 am,0,101.004,23.714,2024-07-09 06:19:26
2024-07-09,06:34:26 am,0,101.007,23.707,2024-07-09 06:34:26
2024-07-09,06:49:26 am,0,101.005,23.724,2024-07-09 06:49:26
2024-07-09,07:04:26 am,0,101.012,23.753,2024-07-09 07:04:26
2024-07-09,07:19:26 am,0,101.018,23.803,2024-07-09 07:19:26
2024-07-09,07:34:26 am,0,101.034,23.865,2024-07-09 07:34:26
2024-07-09,07:49:26 am,0,101.06,23.934,2024-07-09 07:49:26
2024-07-09,08:04:26 am,0,101.087,24.006,2024-07-09 08:04:26
2024-07-09,08:19:26 am,0,101.107,24.105,2024-07-09 08:19:26
2024-07-09,08:34:26 am,0,101.135,24.233,2024-07-09 08:34:26
2024-07-09,08:49:26 am,0,101.144,24.347,2024-07-09 08:49:26
2024-07-09,09:04:26 am,0,101.159,24.419,2024-07-09 09:04:26
2024-07-09,09:19:26 am,0,101.166,24.5,2024-07-09 09:19:26
2024-07-09,09:34:26 am,0,101.196,24.623,2024-07-09 09:34:26
2024-07-09,09:49:26 am,0,101.205,24.679,2024-07-09 09:49:26
2024-07-09,10:04:26 am,0,101.214,24.738,2024-07-09 10:04:26
2024-07-09,10:19:26 am,0,101.211,24.744,2024-07-09 10:19:26
2024-07-09,10:34:26 am,0,101.224,24.893,2024-07-09 10:34:26
2024-07-09,10:49:26 am,0,101.199,25.042,2024-07-09 10:49:26
2024-07-09,11:04:26 am,0,101.197,25.049,2024-07-09 11:04:26
2024-07-09,11:19:26 am,0,101.182,25.034,2024-07-09 11:19:26
2024-07-09,11:34:26 am,0,101.163,25.104,2024-07-09 11:34:26
2024-07-09,11:49:26 am,0,101.151,25.313,2024-07-09 11:49:26
2024-07-09,12:04:26 pm,0,101.069,25.552,2024-07-09 12:04:26
2024-07-09,12:19:26 pm,0,101.065,25.696,2024-07-09 12:19:26
2024-07-09,12:34:26 pm,0,101.067,25.882,2024-07-09 12:34:26
2024-07-09,12:49:26 pm,0,100.964,26.093,2024-07-09 12:49:26
2024-07-09,01:04:26 pm,0,101.064,26.052,2024-07-09 01:04:26
2024-07-09,01:19:26 pm,0,101.019,25.618,2024-07-09 01:19:26
2024-07-09,01:34:26 pm,0,101.006,25.616,2024-07-09 01:34:26
2024-07-09,01:49:26 pm,0,101.017,25.806,2024-07-09 01:49:26
2024-07-09,02:04:26 pm,0,100.997,25.988,2024-07-09 02:04:26
2024-07-09,02:19:26 pm,0,101.022,26.105,2024-07-09 02:19:26
2024-07-09,02:34:26 pm,0,101.076,26.168,2024-07-09 02:34:26
2024-07-09,02:49:26 pm,0,101.116,26.304,2024-07-09 02:49:26
2024-07-09,03:04:26 pm,0,101.106,26.329,2024-07-09 03:04:26
2024-07-09,03:19:26 pm,0,101.055,26.224,2024-07-09 03:19:26
2024-07-09,03:34:26 pm,0,101.034,26.161,2024-07-09 03:34:26
2024-07-09,03:49:26 pm,0,101.048,26.08,2024-07-09 03:49:26
2024-07-09,04:04:26 pm,0,101.052,26.075,2024-07-09 04:04:26
2024-07-09,04:19:26 pm,0,100.988,25.994,2024-07-09 04:19:26
2024-07-09,04:34:26 pm,0,100.96,25.929,2024-07-09 04:34:26
2024-07-09,04:49:26 pm,0,100.939,25.896,2024-07-09 04:49:26
2024-07-09,05:04:26 pm,0,100.925,25.891,2024-07-09 05:04:26
2024-07-09,05:19:26 pm,0,100.925,25.874,2024-07-09 05:19:26
2024-07-09,05:34:26 pm,0,100.916,25.835,2024-07-09 05:34:26
2024-07-09,05:49:26 pm,0,100.9,25.82,2024-07-09 05:49:26
2024-07-09,06:04:26 pm,0,100.891,25.808,2024-07-09 06:04:26
2024-07-09,06:19:26 pm,0,100.885,25.788,2024-07-09 06:19:26
2024-07-09,06:34:26 pm,0,100.894,25.767,2024-07-09 06:34:26
2024-07-09,06:49:26 pm,0,100.903,25.755,2024-07-09 06:49:26
2024-07-09,07:04:26 pm,0,100.898,25.736,2024-07-09 07:04:26
2024-07-09,07:19:26 pm,0,100.902,25.719,2024-07-09 07:19:26
2024-07-09,07:34:26 pm,0,100.905,25.694,2024-07-09 07:34:26
2024-07-09,07:49:26 pm,0,100.901,25.656,2024-07-09 07:49:26
2024-07-09,08:04:26 pm,0,100.911,25.617,2024-07-09 08:04:26
2024-07-09,08:19:26 pm,0,100.919,25.554,2024-07-09 08:19:26
2024-07-09,08:34:26 pm,0,100.942,25.518,2024-07-09 08:34:26
2024-07-09,08:49:26 pm,0,100.961,25.49,2024-07-09 08:49:26
2024-07-09,09:04:26 pm,0,100.979,25.453,2024-07-09 09:04:26
2024-07-09,09:19:26 pm,0,100.993,25.414,2024-07-09 09:19:26
2024-07-09,09:34:26 pm,0,100.994,25.319,2024-07-09 09:34:26
2024-07-09,09:49:26 pm,0,100.976,25.163,2024-07-09 09:49:26
2024-07-09,10:04:26 pm,0,101.013,25.004,2024-07-09 10:04:26
2024-07-09,10:19:26 pm,0,101.035,24.886,2024-07-09 10:19:26
2024-07-09,10:34:26 pm,0,101.083,24.783,2024-07-09 10:34:26
2024-07-09,10:49:26 pm,0,101.074,24.647,2024-07-09 10:49:26
2024-07-09,11:04:26 pm,0,101.054,24.513,2024-07-09 11:04:26
2024-07-09,11:19:26 pm,0,101.065,24.371,2024-07-09 11:19:26
2024-07-09,11:34:26 pm,0,101.074,24.249,2024-07-09 11:34:26
2024-07-09,11:49:26 pm,0,101.072,24.145,2024-07-09 11:49:26
2024-07-10,12:04:26 am,0,101.064,24.028,2024-07-10 12:04:26
2024-07-10,12:19:26 am,0,101.068,23.914,2024-07-10 12:19:26
2024-07-10,12:34:26 am,0,101.066,23.8,2024-07-10 12:34:26
2024-07-10,12:49:26 am,0,101.07,23.68,2024-07-10 12:49:26
2024-07-10,01:04:26 am,0,101.062,23.565,2024-07-10 01:04:26
2024-07-10,01:19:26 am,0,101.056,23.489,2024-07-10 01:19:26
2024-07-10,01:34:26 am,0,101.052,23.383,2024-07-10 01:34:26
2024-07-10,01:49:26 am,0,101.045,23.291,2024-07-10 01:49:26
2024-07-10,02:04:26 am,0,101.046,23.217,2024-07-10 02:04:26
2024-07-10,02:19:26 am,0,101.058,23.123,2024-07-10 02:19:26
2024-07-10,02:34:26 am,0,101.051,23.018,2024-07-10 02:34:26
2024-07-10,02:49:26 am,0,101.054,22.935,2024-07-10 02:49:26
2024-07-10,03:04:26 am,0,101.056,22.852,2024-07-10 03:04:26
2024-07-10,03:19:26 am,0,101.056,22.796,2024-07-10 03:19:26
2024-07-10,03:34:26 am,0,101.066,22.705,2024-07-10 03:34:26
2024-07-10,03:49:26 am,0,101.084,22.639,2024-07-10 03:49:26
2024-07-10,04:04:26 am,0,101.101,22.57,2024-07-10 04:04:26
2024-07-10,04:19:26 am,0,101.114,22.492,2024-07-10 04:19:26
2024-07-10,04:34:26 am,0,101.123,22.426,2024-07-10 04:34:26
2024-07-10,04:49:26 am,0,101.134,22.348,2024-07-10 04:49:26
2024-07-10,05:04:26 am,0,101.141,22.273,2024-07-10 05:04:26
2024-07-10,05:19:26 am,0,101.157,22.204,2024-07-10 05:19:26
2024-07-10,05:34:26 am,0,101.18,22.137,2024-07-10 05:34:26
2024-07-10,05:49:26 am,0,101.189,22.057,2024-07-10 05:49:26
2024-07-10,06:04:26 am,0,101.202,22.015,2024-07-10 06:04:26
2024-07-10,06:19:26 am,0,101.209,21.952,2024-07-10 06:19:26
2024-07-10,06:34:26 am,0,101.223,21.892,2024-07-10 06:34:26
2024-07-10,06:49:26 am,0,101.228,21.855,2024-07-10 06:49:26
2024-07-10,07:04:26 am,0,101.232,21.838,2024-07-10 07:04:26
2024-07-10,07:19:26 am,0,101.247,21.874,2024-07-10 07:19:26
2024-07-10,07:34:26 am,0,101.262,21.928,2024-07-10 07:34:26
2024-07-10,07:49:26 am,0,101.278,21.989,2024-07-10 07:49:26
2024-07-10,08:04:26 am,0,101.29,22.071,2024-07-10 08:04:26
2024-07-10,08:19:26 am,0,101.316,22.173,2024-07-10 08:19:26
2024-07-10,08:34:26 am,0,101.332,22.273,2024-07-10 08:34:26
2024-07-10,08:49:26 am,0,101.345,22.361,2024-07-10 08:49:26
2024-07-10,09:04:26 am,0,101.36,22.444,2024-07-10 09:04:26
2024-07-10,09:19:26 am,0,101.385,22.556,2024-07-10 09:19:26
2024-07-10,09:34:26 am,0,101.406,22.659,2024-07-10 09:34:26
2024-07-10,09:49:26 am,0,101.427,22.76,2024-07-10 09:49:26
2024-07-10,10:04:26 am,0,101.452,22.864,2024-07-10 10:04:26
2024-07-10,10:19:26 am,0,101.469,22.958,2024-07-10 10:19:26
2024-07-10,10:34:26 am,0,101.489,23.056,2024-07-10 10:34:26
2024-07-10,10:49:26 am,0,101.503,23.146,2024-07-10 10:49:26
2024-07-10,11:04:26 am,0,101.525,23.277,2024-07-10 11:04:26
2024-07-10,11:19:26 am,0,101.514,23.389,2024-07-10 11:19:26
2024-07-10,11:34:26 am,0,101.499,23.497,2024-07-10 11:34:26
2024-07-10,11:49:26 am,0,101.493,23.612,2024-07-10 11:49:26
2024-07-10,12:04:26 pm,0,101.489,23.79,2024-07-10 12:04:26
2024-07-10,12:19:26 pm,0,101.397,23.932,2024-07-10 12:19:26
2024-07-10,12:34:26 pm,0,101.416,24.148,2024-07-10 12:34:26
2024-07-10,12:49:26 pm,0,101.439,24.458,2024-07-10 12:49:26
2024-07-10,01:04:26 pm,0,101.419,24.418,2024-07-10 01:04:26
2024-07-10,01:19:26 pm,0,101.401,24.416,2024-07-10 01:19:26
2024-07-10,01:34:26 pm,0,101.38,24.493,2024-07-10 01:34:26
2024-07-10,01:49:26 pm,0,101.291,24.56,2024-07-10 01:49:26
2024-07-10,02:04:26 pm,0,101.286,24.541,2024-07-10 02:04:26
2024-07-10,02:19:26 pm,0,101.271,24.512,2024-07-10 02:19:26
2024-07-10,02:34:26 pm,0,101.271,24.532,2024-07-10 02:34:26
2024-07-10,02:49:26 pm,0,101.276,24.653,2024-07-10 02:49:26
2024-07-10,03:04:26 pm,0,101.277,24.737,2024-07-10 03:04:26
2024-07-10,03:19:26 pm,0,101.274,24.768,2024-07-10 03:19:26
2024-07-10,03:34:26 pm,0,101.269,24.821,2024-07-10 03:34:26
2024-07-10,03:49:26 pm,0,101.263,24.845,2024-07-10 03:49:26
2024-07-10,04:04:26 pm,0,101.26,24.946,2024-07-10 04:04:26
2024-07-10,04:19:26 pm,0,101.244,24.986,2024-07-10 04:19:26
2024-07-10,04:34:26 pm,0,101.165,25.264,2024-07-10 04:34:26
2024-07-10,04:49:26 pm,0,101.15,25.184,2024-07-10 04:49:26
2024-07-10,05:04:26 pm,0,101.125,25.083,2024-07-10 05:04:26
2024-07-10,05:19:26 pm,0,101.113,24.991,2024-07-10 05:19:26
2024-07-10,05:34:26 pm,0,101.099,24.918,2024-07-10 05:34:26
2024-07-10,05:49:26 pm,0,101.091,24.856,2024-07-10 05:49:26
2024-07-10,06:04:26 pm,0,101.081,24.807,2024-07-10 06:04:26
2024-07-10,06:19:26 pm,0,101.08,24.745,2024-07-10 06:19:26
2024-07-10,06:34:26 pm,0,101.087,24.697,2024-07-10 06:34:26
2024-07-10,06:49:26 pm,0,101.08,24.648,2024-07-10 06:49:26
2024-07-10,07:04:26 pm,0,101.082,24.618,2024-07-10 07:04:26
2024-07-10,07:19:26 pm,0,101.079,24.579,2024-07-10 07:19:26
2024-07-10,07:34:26 pm,0,101.078,24.524,2024-07-10 07:34:26
2024-07-10,07:49:26 pm,0,101.093,24.439,2024-07-10 07:49:26
2024-07-10,08:04:26 pm,0,101.082,24.329,2024-07-10 08:04:26
2024-07-10,08:19:26 pm,0,101.077,24.207,2024-07-10 08:19:26
2024-07-10,08:34:26 pm,0,101.094,24.112,2024-07-10 08:34:26
2024-07-10,08:49:26 pm,0,101.073,24.014,2024-07-10 08:49:26
2024-07-10,09:04:26 pm,0,101.053,23.933,2024-07-10 09:04:26
2024-07-10,09:19:26 pm,0,101.086,23.848,2024-07-10 09:19:26
2024-07-10,09:34:26 pm,0,101.092,23.778,2024-07-10 09:34:26
2024-07-10,09:49:26 pm,0,101.095,23.715,2024-07-10 09:49:26
2024-07-10,10:04:26 pm,0,101.102,23.66,2024-07-10 10:04:26
2024-07-10,10:19:26 pm,0,101.148,23.587,2024-07-10 10:19:26
2024-07-10,10:34:26 pm,0,101.149,23.501,2024-07-10 10:34:26
2024-07-10,10:49:26 pm,0,101.166,23.424,2024-07-10 10:49:26
2024-07-10,11:04:26 pm,0,101.176,23.345,2024-07-10 11:04:26
2024-07-10,11:19:26 pm,0,101.176,23.26,2024-07-10 11:19:26
2024-07-10,11:34:26 pm,0,101.177,23.189,2024-07-10 11:34:26
2024-07-10,11:49:26 pm,0,101.177,23.106,2024-07-10 11:49:26
2024-07-11,12:04:26 am,0,101.181,23.016,2024-07-11 12:04:26
2024-07-11,12:19:26 am,0,101.18,22.933,2024-07-11 12:19:26
2024-07-11,12:34:26 am,0,101.17,22.853,2024-07-11 12:34:26
2024-07-11,12:49:26 am,0,101.169,22.797,2024-07-11 12:49:26
2024-07-11,01:04:26 am,0,101.17,22.756,2024-07-11 01:04:26
2024-07-11,01:19:26 am,0,101.168,22.673,2024-07-11 01:19:26
2024-07-11,01:34:26 am,0,101.164,22.594,2024-07-11 01:34:26
2024-07-11,01:49:26 am,0,101.153,22.534,2024-07-11 01:49:26
2024-07-11,02:04:26 am,0,101.16,22.456,2024-07-11 02:04:26
2024-07-11,02:19:26 am,0,101.168,22.381,2024-07-11 02:19:26
2024-07-11,02:34:26 am,0,101.161,22.311,2024-07-11 02:34:26
2024-07-11,02:49:26 am,0,101.164,22.219,2024-07-11 02:49:26
2024-07-11,03:04:26 am,0,101.172,22.136,2024-07-11 03:04:26
2024-07-11,03:19:26 am,0,101.174,22.053,2024-07-11 03:19:26
2024-07-11,03:34:26 am,0,101.174,22.002,2024-07-11 03:34:26
2024-07-11,03:49:26 am,0,101.197,21.944,2024-07-11 03:49:26
2024-07-11,04:04:26 am,0,101.204,21.865,2024-07-11 04:04:26
2024-07-11,04:19:26 am,0,101.22,21.81,2024-07-11 04:19:26
2024-07-11,04:34:26 am,0,101.232,21.722,2024-07-11 04:34:26
2024-07-11,04:49:26 am,0,101.238,21.664,2024-07-11 04:49:26
2024-07-11,05:04:26 am,0,101.251,21.579,2024-07-11 05:04:26
2024-07-11,05:19:26 am,0,101.258,21.515,2024-07-11 05:19:26
2024-07-11,05:34:26 am,0,101.276,21.464,2024-07-11 05:34:26
2024-07-11,05:49:26 am,0,101.274,21.413,2024-07-11 05:49:26
2024-07-11,06:04:26 am,0,101.278,21.352,2024-07-11 06:04:26
2024-07-11,06:19:26 am,0,101.282,21.317,2024-07-11 06:19:26
2024-07-11,06:34:26 am,0,101.291,21.264,2024-07-11 06:34:26
2024-07-11,06:49:26 am,0,101.312,21.227,2024-07-11 06:49:26
2024-07-11,07:04:26 am,0,101.323,21.234,2024-07-11 07:04:26
2024-07-11,07:19:26 am,0,101.337,21.265,2024-07-11 07:19:26
2024-07-11,07:34:26 am,0,101.344,21.328,2024-07-11 07:34:26
2024-07-11,07:49:26 am,0,101.353,21.394,2024-07-11 07:49:26
2024-07-11,08:04:26 am,0,101.364,21.48,2024-07-11 08:04:26
2024-07-11,08:19:26 am,0,101.381,21.587,2024-07-11 08:19:26
2024-07-11,08:34:26 am,0,101.404,21.706,2024-07-11 08:34:26
2024-07-11,08:49:26 am,0,101.431,21.835,2024-07-11 08:49:26
2024-07-11,09:04:26 am,0,101.459,21.967,2024-07-11 09:04:26
2024-07-11,09:19:26 am,0,101.486,22.112,2024-07-11 09:19:26
2024-07-11,09:34:26 am,0,101.517,22.264,2024-07-11 09:34:26
2024-07-11,09:49:26 am,0,101.54,22.395,2024-07-11 09:49:26
2024-07-11,10:04:26 am,0,101.557,22.529,2024-07-11 10:04:26
2024-07-11,10:19:26 am,0,101.566,22.659,2024-07-11 10:19:26
2024-07-11,10:34:26 am,0,101.571,22.792,2024-07-11 10:34:26
2024-07-11,10:49:26 am,0,101.571,22.959,2024-07-11 10:49:26
2024-07-11,11:04:26 am,0,101.57,23.102,2024-07-11 11:04:26
2024-07-11,11:19:26 am,0,101.502,23.265,2024-07-11 11:19:26
2024-07-11,11:34:26 am,0,101.515,23.438,2024-07-11 11:34:26
2024-07-11,11:49:26 am,0,101.526,23.603,2024-07-11 11:49:26
2024-07-11,12:04:26 pm,0,101.527,23.638,2024-07-11 12:04:26
2024-07-11,12:19:26 pm,0,101.529,23.703,2024-07-11 12:19:26
2024-07-11,12:34:26 pm,0,101.526,23.807,2024-07-11 12:34:26
2024-07-11,12:49:26 pm,0,101.456,24.184,2024-07-11 12:49:26
2024-07-11,01:04:26 pm,0,101.468,24.303,2024-07-11 01:04:26
2024-07-11,01:19:26 pm,0,101.457,24.399,2024-07-11 01:19:26
2024-07-11,01:34:26 pm,0,101.454,24.525,2024-07-11 01:34:26
2024-07-11,01:49:26 pm,0,101.458,24.681,2024-07-11 01:49:26
2024-07-11,02:04:26 pm,0,101.388,24.637,2024-07-11 02:04:26
2024-07-11,02:19:26 pm,0,101.308,24.678,2024-07-11 02:19:26
2024-07-11,02:34:26 pm,0,101.323,24.77,2024-07-11 02:34:26
2024-07-11,02:49:26 pm,0,101.334,24.868,2024-07-11 02:49:26
2024-07-11,03:04:26 pm,0,101.322,24.936,2024-07-11 03:04:26
2024-07-11,03:19:26 pm,0,101.319,24.98,2024-07-11 03:19:26
2024-07-11,03:34:26 pm,0,101.319,25.02,2024-07-11 03:34:26
2024-07-11,03:49:26 pm,0,101.306,25.011,2024-07-11 03:49:26
2024-07-11,04:04:26 pm,0,101.313,25.076,2024-07-11 04:04:26
2024-07-11,04:19:26 pm,0,101.301,25.099,2024-07-11 04:19:26
2024-07-11,04:34:26 pm,0,101.254,25.364,2024-07-11 04:34:26
2024-07-11,04:49:26 pm,0,101.174,25.271,2024-07-11 04:49:26
2024-07-11,05:04:26 pm,0,101.159,25.177,2024-07-11 05:04:26
2024-07-11,05:19:26 pm,0,101.149,25.072,2024-07-11 05:19:26
2024-07-11,05:34:26 pm,0,101.131,24.998,2024-07-11 05:34:26
2024-07-11,05:49:26 pm,0,101.117,24.913,2024-07-11 05:49:26
2024-07-11,06:04:26 pm,0,101.127,24.856,2024-07-11 06:04:26
2024-07-11,06:19:26 pm,0,101.114,24.806,2024-07-11 06:19:26
2024-07-11,06:34:26 pm,0,101.115,24.766,2024-07-11 06:34:26
2024-07-11,06:49:26 pm,0,101.128,24.731,2024-07-11 06:49:26
2024-07-11,07:04:26 pm,0,101.145,24.696,2024-07-11 07:04:26
2024-07-11,07:19:26 pm,0,101.144,24.658,2024-07-11 07:19:26
2024-07-11,07:34:26 pm,0,101.153,24.623,2024-07-11 07:34:26
2024-07-11,07:49:26 pm,0,101.151,24.577,2024-07-11 07:49:26
2024-07-11,08:04:26 pm,0,101.153,24.5,2024-07-11 08:04:26
2024-07-11,08:19:26 pm,0,101.145,24.397,2024-07-11 08:19:26
2024-07-11,08:34:26 pm,0,101.153,24.263,2024-07-11 08:34:26
2024-07-11,08:49:26 pm,0,101.155,24.152,2024-07-11 08:49:26
2024-07-11,09:04:26 pm,0,101.137,24.059,2024-07-11 09:04:26
2024-07-11,09:19:26 pm,0,101.122,23.989,2024-07-11 09:19:26
2024-07-11,09:34:26 pm,0,101.163,23.916,2024-07-11 09:34:26
2024-07-11,09:49:26 pm,0,101.177,23.844,2024-07-11 09:49:26
2024-07-11,10:04:26 pm,0,101.188,23.754,2024-07-11 10:04:26
2024-07-11,10:19:26 pm,0,101.233,23.665,2024-07-11 10:19:26
2024-07-11,10:34:26 pm,0,101.232,23.576,2024-07-11 10:34:26
2024-07-11,10:49:26 pm,0,101.244,23.469,2024-07-11 10:49:26
2024-07-11,11:04:26 pm,0,101.256,23.367,2024-07-11 11:04:26
2024-07-11,11:19:26 pm,0,101.268,23.278,2024-07-11 11:19:26
2024-07-11,11:34:26 pm,0,101.273,23.175,2024-07-11 11:34:26
2024-07-11,11:49:26 pm,0,101.276,23.082,2024-07-11 11:49:26
2024-07-12,12:04:26 am,0,101.259,23.011,2024-07-12 12:04:26
2024-07-12,12:19:26 am,0,101.24,22.926,2024-07-12 12:19:26
2024-07-12,12:34:26 am,0,101.234,22.841,2024-07-12 12:34:26
2024-07-12,12:49:26 am,0,101.235,22.755,2024-07-12 12:49:26
2024-07-12,01:04:26 am,0,101.228,22.664,2024-07-12 01:04:26
2024-07-12,01:19:26 am,0,101.219,22.57,2024-07-12 01:19:26
2024-07-12,01:34:26 am,0,101.206,22.482,2024-07-12 01:34:26
2024-07-12,01:49:26 am,0,101.201,22.396,2024-07-12 01:49:26
2024-07-12,02:04:26 am,0,101.203,22.325,2024-07-12 02:04:26
2024-07-12,02:19:26 am,0,101.199,22.266,2024-07-12 02:19:26
2024-07-12,02:34:26 am,0,101.222,22.201,2024-07-12 02:34:26
2024-07-12,02:49:26 am,0,101.226,22.133,2024-07-12 02:49:26
2024-07-12,03:04:26 am,0,101.229,22.056,2024-07-12 03:04:26
2024-07-12,03:19:26 am,0,101.241,21.963,2024-07-12 03:19:26
2024-07-12,03:34:26 am,0,101.26,21.87,2024-07-12 03:34:26
2024-07-12,03:49:26 am,0,101.276,21.826,2024-07-12 03:49:26
2024-07-12,04:04:26 am,0,101.284,21.766,2024-07-12 04:04:26
2024-07-12,04:19:26 am,0,101.306,21.678,2024-07-12 04:19:26
2024-07-12,04:34:26 am,0,101.313,21.605,2024-07-12 04:34:26
2024-07-12,04:49:26 am,0,101.332,21.55,2024-07-12 04:49:26
2024-07-12,05:04:26 am,0,101.344,21.503,2024-07-12 05:04:26
2024-07-12,05:19:26 am,0,101.358,21.427,2024-07-12 05:19:26
2024-07-12,05:34:26 am,0,101.36,21.338,2024-07-12 05:34:26
2024-07-12,05:49:26 am,0,101.371,21.263,2024-07-12 05:49:26
2024-07-12,06:04:26 am,0,101.375,21.207,2024-07-12 06:04:26
2024-07-12,06:19:26 am,0,101.388,21.137,2024-07-12 06:19:26
2024-07-12,06:34:26 am,0,101.397,21.093,2024-07-12 06:34:26
2024-07-12,06:49:26 am,0,101.414,21.082,2024-07-12 06:49:26
2024-07-12,07:04:26 am,0,101.436,21.111,2024-07-12 07:04:26
2024-07-12,07:19:26 am,0,101.455,21.155,2024-07-12 07:19:26
2024-07-12,07:34:26 am,0,101.475,21.208,2024-07-12 07:34:26
2024-07-12,07:49:26 am,0,101.485,21.279,2024-07-12 07:49:26
2024-07-12,08:04:26 am,0,101.501,21.365,2024-07-12 08:04:26
2024-07-12,08:19:26 am,0,101.525,21.466,2024-07-12 08:19:26
2024-07-12,08:34:26 am,0,101.549,21.581,2024-07-12 08:34:26
2024-07-12,08:49:26 am,0,101.58,21.713,2024-07-12 08:49:26
2024-07-12,09:04:26 am,0,101.605,21.852,2024-07-12 09:04:26
2024-07-12,09:19:26 am,0,101.646,22.005,2024-07-12 09:19:26
2024-07-12,09:34:26 am,0,101.683,22.163,2024-07-12 09:34:26
2024-07-12,09:49:26 am,0,101.713,22.301,2024-07-12 09:49:26
2024-07-12,10:04:26 am,0,101.748,22.454,2024-07-12 10:04:26
2024-07-12,10:19:26 am,0,101.766,22.582,2024-07-12 10:19:26
2024-07-12,10:34:26 am,0,101.765,22.737,2024-07-12 10:34:26
2024-07-12,10:49:26 am,0,101.767,22.896,2024-07-12 10:49:26
2024-07-12,11:04:26 am,0,101.775,23.049,2024-07-12 11:04:26
2024-07-12,11:19:26 am,0,101.774,23.209,2024-07-12 11:19:26
2024-07-12,11:34:26 am,0,101.714,23.38,2024-07-12 11:34:26
2024-07-12,11:49:26 am,0,101.726,23.562,2024-07-12 11:49:26
2024-07-12,12:04:26 pm,0,101.735,23.747,2024-07-12 12:04:26
2024-07-12,12:19:26 pm,0,101.734,23.92,2024-07-12 12:19:26
2024-07-12,12:34:26 pm,0,101.679,24.149,2024-07-12 12:34:26
2024-07-12,12:49:26 pm,0,101.689,24.484,2024-07-12 12:49:26
2024-07-12,01:04:26 pm,0,101.676,24.502,2024-07-12 01:04:26
2024-07-12,01:19:26 pm,0,101.673,24.579,2024-07-12 01:19:26
2024-07-12,01:34:26 pm,0,101.668,24.661,2024-07-12 01:34:26
2024-07-12,01:49:26 pm,0,101.611,24.803,2024-07-12 01:49:26
2024-07-12,02:04:26 pm,0,101.577,24.926,2024-07-12 02:04:26
2024-07-12,02:19:26 pm,0,101.583,25.006,2024-07-12 02:19:26
2024-07-12,02:34:26 pm,0,101.582,25.08,2024-07-12 02:34:26
2024-07-12,02:49:26 pm,0,101.574,25.16,2024-07-12 02:49:26
2024-07-12,03:04:26 pm,0,101.555,25.229,2024-07-12 03:04:26
2024-07-12,03:19:26 pm,0,101.543,25.305,2024-07-12 03:19:26
2024-07-12,03:34:26 pm,0,101.469,25.342,2024-07-12 03:34:26
2024-07-12,03:49:26 pm,0,101.407,25.395,2024-07-12 03:49:26
2024-07-12,04:04:26 pm,0,101.409,25.417,2024-07-12 04:04:26
2024-07-12,04:19:26 pm,0,101.404,25.425,2024-07-12 04:19:26
2024-07-12,04:34:26 pm,0,101.433,25.641,2024-07-12 04:34:26
2024-07-12,04:49:26 pm,0,101.408,25.528,2024-07-12 04:49:26
2024-07-12,05:04:26 pm,0,101.39,25.434,2024-07-12 05:04:26
2024-07-12,05:19:26 pm,0,101.373,25.364,2024-07-12 05:19:26
2024-07-12,05:34:26 pm,0,101.354,25.294,2024-07-12 05:34:26
2024-07-12,05:49:26 pm,0,101.345,25.233,2024-07-12 05:49:26
2024-07-12,06:04:26 pm,0,101.334,25.155,2024-07-12 06:04:26
2024-07-12,06:19:26 pm,0,101.329,25.101,2024-07-12 06:19:26
2024-07-12,06:34:26 pm,0,101.332,25.045,2024-07-12 06:34:26
2024-07-12,06:49:26 pm,0,101.338,24.982,2024-07-12 06:49:26
2024-07-12,07:04:26 pm,0,101.365,24.913,2024-07-12 07:04:26
2024-07-12,07:19:26 pm,0,101.38,24.841,2024-07-12 07:19:26
2024-07-12,07:34:26 pm,0,101.392,24.781,2024-07-12 07:34:26
2024-07-12,07:49:26 pm,0,101.394,24.701,2024-07-12 07:49:26
2024-07-12,08:04:26 pm,0,101.409,24.58,2024-07-12 08:04:26
2024-07-12,08:19:26 pm,0,101.408,24.439,2024-07-12 08:19:26
2024-07-12,08:34:26 pm,0,101.404,24.333,2024-07-12 08:34:26
2024-07-12,08:49:26 pm,0,101.38,24.225,2024-07-12 08:49:26
2024-07-12,09:04:26 pm,0,101.36,24.131,2024-07-12 09:04:26
2024-07-12,09:19:26 pm,0,101.414,24.058,2024-07-12 09:19:26
2024-07-12,09:34:26 pm,0,101.438,23.999,2024-07-12 09:34:26
2024-07-12,09:49:26 pm,0,101.461,23.928,2024-07-12 09:49:26
2024-07-12,10:04:26 pm,0,101.51,23.863,2024-07-12 10:04:26
2024-07-12,10:19:26 pm,0,101.527,23.82,2024-07-12 10:19:26
2024-07-12,10:34:26 pm,0,101.527,23.753,2024-07-12 10:34:26
2024-07-12,10:49:26 pm,0,101.539,23.703,2024-07-12 10:49:26
2024-07-12,11:04:26 pm,0,101.553,23.652,2024-07-12 11:04:26
2024-07-12,11:19:26 pm,0,101.564,23.595,2024-07-12 11:19:26
2024-07-12,11:34:26 pm,0,101.564,23.531,2024-07-12 11:34:26
2024-07-12,11:49:26 pm,0,101.557,23.458,2024-07-12 11:49:26
2024-07-13,12:04:26 am,0,101.559,23.382,2024-07-13 12:04:26
2024-07-13,12:19:26 am,0,101.559,23.297,2024-07-13 12:19:26
2024-07-13,12:34:26 am,0,101.555,23.216,2024-07-13 12:34:26
2024-07-13,12:49:26 am,0,101.546,23.122,2024-07-13 12:49:26
2024-07-13,01:04:26 am,0,101.535,23.037,2024-07-13 01:04:26
2024-07-13,01:19:26 am,0,101.525,22.954,2024-07-13 01:19:26
2024-07-13,01:34:26 am,0,101.519,22.872,2024-07-13 01:34:26
2024-07-13,01:49:26 am,0,101.506,22.799,2024-07-13 01:49:26
2024-07-13,02:04:26 am,0,101.508,22.706,2024-07-13 02:04:26
2024-07-13,02:19:26 am,0,101.515,22.631,2024-07-13 02:19:26
2024-07-13,02:34:26 am,0,101.513,22.578,2024-07-13 02:34:26
2024-07-13,02:49:26 am,0,101.511,22.501,2024-07-13 02:49:26
2024-07-13,03:04:26 am,0,101.512,22.422,2024-07-13 03:04:26
2024-07-13,03:19:26 am,0,101.521,22.339,2024-07-13 03:19:26
2024-07-13,03:34:26 am,0,101.533,22.245,2024-07-13 03:34:26
2024-07-13,03:49:26 am,0,101.537,22.183,2024-07-13 03:49:26
2024-07-13,04:04:26 am,0,101.538,22.1,2024-07-13 04:04:26
2024-07-13,04:19:26 am,0,101.562,22.052,2024-07-13 04:19:26
2024-07-13,04:34:26 am,0,101.565,21.977,2024-07-13 04:34:26
2024-07-13,04:49:26 am,0,101.589,21.931,2024-07-13 04:49:26
2024-07-13,05:04:26 am,0,101.602,21.888,2024-07-13 05:04:26
2024-07-13,05:19:26 am,0,101.63,21.821,2024-07-13 05:19:26
2024-07-13,05:34:26 am,0,101.649,21.758,2024-07-13 05:34:26
2024-07-13,05:49:26 am,0,101.668,21.716,2024-07-13 05:49:26
2024-07-13,06:04:26 am,0,101.678,21.65,2024-07-13 06:04:26
2024-07-13,06:19:26 am,0,101.688,21.597,2024-07-13 06:19:26
2024-07-13,06:34:26 am,0,101.703,21.551,2024-07-13 06:34:26
2024-07-13,06:49:26 am,0,101.715,21.548,2024-07-13 06:49:26
2024-07-13,07:04:26 am,0,101.729,21.555,2024-07-13 07:04:26
2024-07-13,07:19:26 am,0,101.749,21.602,2024-07-13 07:19:26
2024-07-13,07:34:26 am,0,101.766,21.663,2024-07-13 07:34:26
2024-07-13,07:49:26 am,0,101.789,21.735,2024-07-13 07:49:26
2024-07-13,08:04:26 am,0,101.808,21.814,2024-07-13 08:04:26
2024-07-13,08:19:26 am,0,101.832,21.899,2024-07-13 08:19:26
2024-07-13,08:34:26 am,0,101.851,22.01,2024-07-13 08:34:26
2024-07-13,08:49:26 am,0,101.873,22.124,2024-07-13 08:49:26
2024-07-13,09:04:26 am,0,101.897,22.256,2024-07-13 09:04:26
2024-07-13,09:19:26 am,0,101.924,22.399,2024-07-13 09:19:26
2024-07-13,09:34:26 am,0,101.958,22.549,2024-07-13 09:34:26
2024-07-13,09:49:26 am,0,101.987,22.69,2024-07-13 09:49:26
2024-07-13,10:04:26 am,0,102.006,22.827,2024-07-13 10:04:26
2024-07-13,10:19:26 am,0,102.017,22.957,2024-07-13 10:19:26
2024-07-13,10:34:26 am,0,102.006,23.105,2024-07-13 10:34:26
2024-07-13,10:49:26 am,0,102.012,23.258,2024-07-13 10:49:26
2024-07-13,11:04:26 am,0,101.999,23.427,2024-07-13 11:04:26
2024-07-13,11:19:26 am,0,101.935,23.593,2024-07-13 11:19:26
2024-07-13,11:34:26 am,0,101.962,23.784,2024-07-13 11:34:26
2024-07-13,11:49:26 am,0,101.958,23.919,2024-07-13 11:49:26
2024-07-13,12:04:26 pm,0,101.949,24.127,2024-07-13 12:04:26
2024-07-13,12:19:26 pm,0,101.861,24.355,2024-07-13 12:19:26
2024-07-13,12:34:26 pm,0,101.915,24.64,2024-07-13 12:34:26
2024-07-13,12:49:26 pm,0,101.931,24.94,2024-07-13 12:49:26
2024-07-13,01:04:26 pm,0,101.841,25.046,2024-07-13 01:04:26
2024-07-13,01:19:26 pm,0,101.809,25.074,2024-07-13 01:19:26
2024-07-13,01:34:26 pm,0,101.83,25.175,2024-07-13 01:34:26
2024-07-13,01:49:26 pm,0,101.846,25.351,2024-07-13 01:49:26
2024-07-13,02:04:26 pm,0,101.856,25.465,2024-07-13 02:04:26
2024-07-13,02:19:26 pm,0,101.838,25.446,2024-07-13 02:19:26
2024-07-13,02:34:26 pm,0,101.827,25.467,2024-07-13 02:34:26
2024-07-13,02:49:26 pm,0,101.769,25.508,2024-07-13 02:49:26
2024-07-13,03:04:26 pm,0,101.679,25.551,2024-07-13 03:04:26
2024-07-13,03:19:26 pm,0,101.673,25.55,2024-07-13 03:19:26
2024-07-13,03:34:26 pm,0,101.675,25.616,2024-07-13 03:34:26
2024-07-13,03:49:26 pm,0,101.681,25.72,2024-07-13 03:49:26
2024-07-13,04:04:26 pm,0,101.674,25.789,2024-07-13 04:04:26
2024-07-13,04:19:26 pm,0,101.663,25.831,2024-07-13 04:19:26
2024-07-13,04:34:26 pm,0,101.628,26.06,2024-07-13 04:34:26
2024-07-13,04:49:26 pm,0,101.598,25.961,2024-07-13 04:49:26
2024-07-13,05:04:26 pm,0,101.6,25.859,2024-07-13 05:04:26
2024-07-13,05:19:26 pm,0,101.602,25.784,2024-07-13 05:19:26
2024-07-13,05:34:26 pm,0,101.601,25.682,2024-07-13 05:34:26
2024-07-13,05:49:26 pm,0,101.585,25.588,2024-07-13 05:49:26
2024-07-13,06:04:26 pm,0,101.59,25.531,2024-07-13 06:04:26
2024-07-13,06:19:26 pm,0,101.581,25.481,2024-07-13 06:19:26
2024-07-13,06:34:26 pm,0,101.572,25.431,2024-07-13 06:34:26
2024-07-13,06:49:26 pm,0,101.559,25.366,2024-07-13 06:49:26
2024-07-13,07:04:26 pm,0,101.544,25.297,2024-07-13 07:04:26
2024-07-13,07:19:26 pm,0,101.535,25.232,2024-07-13 07:19:26
2024-07-13,07:34:26 pm,0,101.527,25.175,2024-07-13 07:34:26
2024-07-13,07:49:26 pm,0,101.537,25.124,2024-07-13 07:49:26
2024-07-13,08:04:26 pm,0,101.544,25.068,2024-07-13 08:04:26
2024-07-13,08:19:26 pm,0,101.544,25.01,2024-07-13 08:19:26
2024-07-13,08:34:26 pm,0,101.554,24.944,2024-07-13 08:34:26
2024-07-13,08:49:26 pm,0,101.556,24.874,2024-07-13 08:49:26
2024-07-13,09:04:26 pm,0,101.554,24.799,2024-07-13 09:04:26
2024-07-13,09:19:26 pm,0,101.563,24.703,2024-07-13 09:19:26
2024-07-13,09:34:26 pm,0,101.583,24.617,2024-07-13 09:34:26
2024-07-13,09:49:26 pm,0,101.59,24.529,2024-07-13 09:49:26
2024-07-13,10:04:26 pm,0,101.601,24.447,2024-07-13 10:04:26
2024-07-13,10:19:26 pm,0,101.584,24.369,2024-07-13 10:19:26
2024-07-13,10:34:26 pm,0,101.557,24.275,2024-07-13 10:34:26
2024-07-13,10:49:26 pm,0,101.533,24.182,2024-07-13 10:49:26
2024-07-13,11:04:26 pm,0,101.515,24.107,2024-07-13 11:04:26
2024-07-13,11:19:26 pm,0,101.561,24.046,2024-07-13 11:19:26
2024-07-13,11:34:26 pm,0,101.563,23.966,2024-07-13 11:34:26
2024-07-13,11:49:26 pm,0,101.565,23.858,2024-07-13 11:49:26
2024-07-14,12:04:26 am,0,101.602,23.787,2024-07-14 12:04:26
2024-07-14,12:19:26 am,0,101.591,23.697,2024-07-14 12:19:26
2024-07-14,12:34:26 am,0,101.598,23.645,2024-07-14 12:34:26
2024-07-14,12:49:26 am,0,101.58,23.573,2024-07-14 12:49:26
2024-07-14,01:04:26 am,0,101.58,23.492,2024-07-14 01:04:26
2024-07-14,01:19:26 am,0,101.584,23.426,2024-07-14 01:19:26
2024-07-14,01:34:26 am,0,101.578,23.386,2024-07-14 01:34:26
2024-07-14,01:49:26 am,0,101.559,23.335,2024-07-14 01:49:26
2024-07-14,02:04:26 am,0,101.574,23.271,2024-07-14 02:04:26
2024-07-14,02:19:26 am,0,101.566,23.218,2024-07-14 02:19:26
2024-07-14,02:34:26 am,0,101.547,23.18,2024-07-14 02:34:26
2024-07-14,02:49:26 am,0,101.538,23.116,2024-07-14 02:49:26
2024-07-14,03:04:26 am,0,101.534,23.064,2024-07-14 03:04:26
2024-07-14,03:19:26 am,0,101.517,23.017,2024-07-14 03:19:26
2024-07-14,03:34:26 am,0,101.516,22.957,2024-07-14 03:34:26
2024-07-14,03:49:26 am,0,101.53,22.891,2024-07-14 03:49:26
2024-07-14,04:04:26 am,0,101.541,22.84,2024-07-14 04:04:26
2024-07-14,04:19:26 am,0,101.546,22.805,2024-07-14 04:19:26
2024-07-14,04:34:26 am,0,101.539,22.738,2024-07-14 04:34:26
2024-07-14,04:49:26 am,0,101.544,22.689,2024-07-14 04:49:26
2024-07-14,05:04:26 am,0,101.561,22.636,2024-07-14 05:04:26
2024-07-14,05:19:26 am,0,101.568,22.596,2024-07-14 05:19:26
2024-07-14,05:34:26 am,0,101.577,22.543,2024-07-14 05:34:26
2024-07-14,05:49:26 am,0,101.592,22.482,2024-07-14 05:49:26
2024-07-14,06:04:26 am,0,101.613,22.438,2024-07-14 06:04:26
2024-07-14,06:19:26 am,0,101.637,22.395,2024-07-14 06:19:26
2024-07-14,06:34:26 am,0,101.645,22.369,2024-07-14 06:34:26
2024-07-14,06:49:26 am,0,101.657,22.353,2024-07-14 06:49:26
2024-07-14,07:04:26 am,0,101.662,22.36,2024-07-14 07:04:26
2024-07-14,07:19:26 am,0,101.671,22.407,2024-07-14 07:19:26
2024-07-14,07:34:26 am,0,101.686,22.482,2024-07-14 07:34:26
2024-07-14,07:49:26 am,0,101.699,22.577,2024-07-14 07:49:26
2024-07-14,08:04:26 am,0,101.715,22.686,2024-07-14 08:04:26
2024-07-14,08:19:26 am,0,101.734,22.767,2024-07-14 08:19:26
2024-07-14,08:34:26 am,0,101.741,22.841,2024-07-14 08:34:26
2024-07-14,08:49:26 am,0,101.765,22.969,2024-07-14 08:49:26
2024-07-14,09:04:26 am,0,101.797,23.118,2024-07-14 09:04:26
2024-07-14,09:19:26 am,0,101.82,23.24,2024-07-14 09:19:26
2024-07-14,09:34:26 am,0,101.842,23.38,2024-07-14 09:34:26
2024-07-14,09:49:26 am,0,101.857,23.548,2024-07-14 09:49:26
2024-07-14,10:04:26 am,0,101.857,23.69,2024-07-14 10:04:26
2024-07-14,10:19:26 am,0,101.866,23.768,2024-07-14 10:19:26
2024-07-14,10:34:26 am,0,101.871,23.822,2024-07-14 10:34:26
2024-07-14,10:49:26 am,0,101.875,23.927,2024-07-14 10:49:26
2024-07-14,11:04:26 am,0,101.864,24.113,2024-07-14 11:04:26
2024-07-14,11:19:26 am,0,101.789,24.253,2024-07-14 11:19:26
2024-07-14,11:34:26 am,0,101.804,24.457,2024-07-14 11:34:26
2024-07-14,11:49:26 am,0,101.808,24.659,2024-07-14 11:49:26
2024-07-14,12:04:26 pm,0,101.758,24.866,2024-07-14 12:04:26
2024-07-14,12:19:26 pm,0,101.698,25.062,2024-07-14 12:19:26
2024-07-14,12:34:26 pm,0,101.741,25.308,2024-07-14 12:34:26
2024-07-14,12:49:26 pm,0,101.747,25.571,2024-07-14 12:49:26
2024-07-14,01:04:26 pm,0,101.676,25.688,2024-07-14 01:04:26
2024-07-14,01:19:26 pm,0,101.575,25.663,2024-07-14 01:19:26
2024-07-14,01:34:26 pm,0,101.583,25.755,2024-07-14 01:34:26
2024-07-14,01:49:26 pm,0,101.596,25.88,2024-07-14 01:49:26
2024-07-14,02:04:26 pm,0,101.574,25.853,2024-07-14 02:04:26
2024-07-14,02:19:26 pm,0,101.568,25.948,2024-07-14 02:19:26
2024-07-14,02:34:26 pm,0,101.487,26.08,2024-07-14 02:34:26
2024-07-14,02:49:26 pm,0,101.431,26.191,2024-07-14 02:49:26
2024-07-14,03:04:26 pm,0,101.433,26.248,2024-07-14 03:04:26
2024-07-14,03:19:26 pm,0,101.418,26.167,2024-07-14 03:19:26
2024-07-14,03:34:26 pm,0,101.398,26.029,2024-07-14 03:34:26
2024-07-14,03:49:26 pm,0,101.384,25.913,2024-07-14 03:49:26
2024-07-14,04:04:26 pm,0,101.384,25.857,2024-07-14 04:04:26
2024-07-14,04:19:26 pm,0,101.382,25.817,2024-07-14 04:19:26
2024-07-14,04:34:26 pm,0,101.398,25.743,2024-07-14 04:34:26
2024-07-14,04:49:26 pm,0,101.406,25.618,2024-07-14 04:49:26
2024-07-14,05:04:26 pm,0,101.403,25.502,2024-07-14 05:04:26
2024-07-14,05:19:26 pm,0,101.392,25.363,2024-07-14 05:19:26
2024-07-14,05:34:26 pm,0,101.393,25.229,2024-07-14 05:34:26
2024-07-14,05:49:26 pm,0,101.369,25.106,2024-07-14 05:49:26
2024-07-14,06:04:26 pm,0,101.335,24.974,2024-07-14 06:04:26
2024-07-14,06:19:26 pm,0,101.341,24.904,2024-07-14 06:19:26
2024-07-14,06:34:26 pm,0,101.349,24.888,2024-07-14 06:34:26
2024-07-14,06:49:26 pm,0,101.34,24.861,2024-07-14 06:49:26
2024-07-14,07:04:26 pm,0,101.332,24.851,2024-07-14 07:04:26
2024-07-14,07:19:26 pm,0,101.322,24.835,2024-07-14 07:19:26
2024-07-14,07:34:26 pm,0,101.31,24.807,2024-07-14 07:34:26
2024-07-14,07:49:26 pm,0,101.302,24.767,2024-07-14 07:49:26
2024-07-14,08:04:26 pm,0,101.279,24.712,2024-07-14 08:04:26
2024-07-14,08:19:26 pm,0,101.268,24.647,2024-07-14 08:19:26
2024-07-14,08:34:26 pm,0,101.323,24.566,2024-07-14 08:34:26
2024-07-14,08:49:26 pm,0,101.341,24.485,2024-07-14 08:49:26
2024-07-14,09:04:26 pm,0,101.374,24.431,2024-07-14 09:04:26
2024-07-14,09:19:26 pm,0,101.405,24.382,2024-07-14 09:19:26
2024-07-14,09:34:26 pm,0,101.392,24.32,2024-07-14 09:34:26
2024-07-14,09:49:26 pm,0,101.409,24.251,2024-07-14 09:49:26
2024-07-14,10:04:26 pm,0,101.417,24.208,2024-07-14 10:04:26
2024-07-14,10:19:26 pm,0,101.423,24.158,2024-07-14 10:19:26
2024-07-14,10:34:26 pm,0,101.448,24.135,2024-07-14 10:34:26
2024-07-14,10:49:26 pm,0,101.442,24.11,2024-07-14 10:49:26
2024-07-14,11:04:26 pm,0,101.443,24.066,2024-07-14 11:04:26
2024-07-14,11:19:26 pm,0,101.464,24.016,2024-07-14 11:19:26
2024-07-14,11:34:26 pm,0,101.455,23.985,2024-07-14 11:34:26
2024-07-14,11:49:26 pm,0,101.443,23.951,2024-07-14 11:49:26
2024-07-15,12:04:26 am,0,101.441,23.924,2024-07-15 12:04:26
2024-07-15,12:19:26 am,0,101.435,23.894,2024-07-15 12:19:26
2024-07-15,12:34:26 am,0,101.452,23.866,2024-07-15 12:34:26
2024-07-15,12:49:26 am,0,101.437,23.827,2024-07-15 12:49:26
2024-07-15,01:04:26 am,0,101.416,23.792,2024-07-15 01:04:26
2024-07-15,01:19:26 am,0,101.397,23.748,2024-07-15 01:19:26
2024-07-15,01:34:26 am,0,101.378,23.713,2024-07-15 01:34:26
2024-07-15,01:49:26 am,0,101.361,23.681,2024-07-15 01:49:26
2024-07-15,02:04:26 am,0,101.353,23.631,2024-07-15 02:04:26
2024-07-15,02:19:26 am,0,101.353,23.587,2024-07-15 02:19:26
2024-07-15,02:34:26 am,0,101.364,23.52,2024-07-15 02:34:26
2024-07-15,02:49:26 am,0,101.34,23.481,2024-07-15 02:49:26
2024-07-15,03:04:26 am,0,101.321,23.442,2024-07-15 03:04:26
2024-07-15,03:19:26 am,0,101.309,23.4,2024-07-15 03:19:26
2024-07-15,03:34:26 am,0,101.35,23.37,2024-07-15 03:34:26
2024-07-15,03:49:26 am,0,101.34,23.341,2024-07-15 03:49:26
2024-07-15,04:04:26 am,0,101.365,23.31,2024-07-15 04:04:26
2024-07-15,04:19:26 am,0,101.384,23.27,2024-07-15 04:19:26
2024-07-15,04:34:26 am,0,101.377,23.223,2024-07-15 04:34:26
2024-07-15,04:49:26 am,0,101.404,23.178,2024-07-15 04:49:26
2024-07-15,05:04:26 am,0,101.397,23.136,2024-07-15 05:04:26
2024-07-15,05:19:26 am,0,101.422,23.099,2024-07-15 05:19:26
2024-07-15,05:34:26 am,0,101.408,23.053,2024-07-15 05:34:26
2024-07-15,05:49:26 am,0,101.408,23.01,2024-07-15 05:49:26
2024-07-15,06:04:26 am,0,101.447,22.975,2024-07-15 06:04:26
2024-07-15,06:19:26 am,0,101.45,22.92,2024-07-15 06:19:26
2024-07-15,06:34:26 am,0,101.464,22.881,2024-07-15 06:34:26
2024-07-15,06:49:26 am,0,101.48,22.862,2024-07-15 06:49:26
2024-07-15,07:04:26 am,0,101.482,22.881,2024-07-15 07:04:26
2024-07-15,07:19:26 am,0,101.485,22.92,2024-07-15 07:19:26
2024-07-15,07:34:26 am,0,101.488,22.973,2024-07-15 07:34:26
2024-07-15,07:49:26 am,0,101.511,23.047,2024-07-15 07:49:26
2024-07-15,08:04:26 am,0,101.52,23.109,2024-07-15 08:04:26
2024-07-15,08:19:26 am,0,101.532,23.158,2024-07-15 08:19:26
2024-07-15,08:34:26 am,0,101.537,23.206,2024-07-15 08:34:26
2024-07-15,08:49:26 am,0,101.549,23.287,2024-07-15 08:49:26
2024-07-15,09:04:26 am,0,101.562,23.364,2024-07-15 09:04:26
2024-07-15,09:19:26 am,0,101.584,23.417,2024-07-15 09:19:26
2024-07-15,09:34:26 am,0,101.591,23.48,2024-07-15 09:34:26
2024-07-15,09:49:26 am,0,101.597,23.538,2024-07-15 09:49:26
2024-07-15,10:04:26 am,0,101.613,23.641,2024-07-15 10:04:26
2024-07-15,10:19:26 am,0,101.633,23.748,2024-07-15 10:19:26
2024-07-15,10:34:26 am,0,101.659,23.893,2024-07-15 10:34:26
2024-07-15,10:49:26 am,0,101.68,24.07,2024-07-15 10:49:26
2024-07-15,11:04:26 am,0,101.679,24.235,2024-07-15 11:04:26
2024-07-15,11:19:26 am,0,101.647,24.407,2024-07-15 11:19:26
2024-07-15,11:34:26 am,0,101.63,24.534,2024-07-15 11:34:26
2024-07-15,11:49:26 am,0,101.544,24.732,2024-07-15 11:49:26
2024-07-15,12:04:26 pm,0,101.555,24.901,2024-07-15 12:04:26
2024-07-15,12:19:26 pm,0,101.544,25.017,2024-07-15 12:19:26
2024-07-15,12:34:26 pm,0,101.543,25.178,2024-07-15 12:34:26
2024-07-15,12:49:26 pm,0,101.427,25.395,2024-07-15 12:49:26
2024-07-15,01:04:26 pm,0,101.388,25.421,2024-07-15 01:04:26
2024-07-15,01:19:26 pm,0,101.379,25.401,2024-07-15 01:19:26
2024-07-15,01:34:26 pm,0,101.352,25.304,2024-07-15 01:34:26
2024-07-15,01:49:26 pm,0,101.327,25.237,2024-07-15 01:49:26
2024-07-15,02:04:26 pm,0,101.307,25.212,2024-07-15 02:04:26
2024-07-15,02:19:26 pm,0,101.283,25.168,2024-07-15 02:19:26
2024-07-15,02:34:26 pm,0,101.275,25.161,2024-07-15 02:34:26
2024-07-15,02:49:26 pm,0,101.259,25.149,2024-07-15 02:49:26
2024-07-15,03:04:26 pm,0,101.25,25.126,2024-07-15 03:04:26
2024-07-15,03:19:26 pm,0,101.248,25.131,2024-07-15 03:19:26
2024-07-15,03:34:26 pm,0,101.262,25.264,2024-07-15 03:34:26
2024-07-15,03:49:26 pm,0,101.304,25.51,2024-07-15 03:49:26
2024-07-15,04:04:26 pm,0,101.348,25.687,2024-07-15 04:04:26
2024-07-15,04:19:26 pm,0,101.294,25.632,2024-07-15 04:19:26
2024-07-15,04:34:26 pm,0,101.265,25.84,2024-07-15 04:34:26
2024-07-15,04:49:26 pm,0,101.252,25.68,2024-07-15 04:49:26
2024-07-15,05:04:26 pm,0,101.248,25.505,2024-07-15 05:04:26
2024-07-15,05:19:26 pm,0,101.225,25.329,2024-07-15 05:19:26
2024-07-15,05:34:26 pm,0,101.202,25.174,2024-07-15 05:34:26
2024-07-15,05:49:26 pm,0,101.217,25.015,2024-07-15 05:49:26
2024-07-15,06:04:26 pm,0,101.222,24.897,2024-07-15 06:04:26
2024-07-15,06:19:26 pm,0,101.176,24.766,2024-07-15 06:19:26
2024-07-15,06:34:26 pm,0,101.158,24.641,2024-07-15 06:34:26
2024-07-15,06:49:26 pm,0,101.149,24.498,2024-07-15 06:49:26
2024-07-15,07:04:26 pm,0,101.137,24.316,2024-07-15 07:04:26
2024-07-15,07:19:26 pm,0,101.106,24.131,2024-07-15 07:19:26
2024-07-15,07:34:26 pm,0,101.104,24.025,2024-07-15 07:34:26
2024-07-15,07:49:26 pm,0,101.122,23.974,2024-07-15 07:49:26
2024-07-15,08:04:26 pm,0,101.136,23.935,2024-07-15 08:04:26
2024-07-15,08:19:26 pm,0,101.143,23.899,2024-07-15 08:19:26
2024-07-15,08:34:26 pm,0,101.125,23.865,2024-07-15 08:34:26
2024-07-15,08:49:26 pm,0,101.121,23.825,2024-07-15 08:49:26
2024-07-15,09:04:26 pm,0,101.093,23.769,2024-07-15 09:04:26
2024-07-15,09:19:26 pm,0,101.072,23.712,2024-07-15 09:19:26
2024-07-15,09:34:26 pm,0,101.052,23.646,2024-07-15 09:34:26
2024-07-15,09:49:26 pm,0,101.029,23.575,2024-07-15 09:49:26
2024-07-15,10:04:26 pm,0,101.105,23.494,2024-07-15 10:04:26
2024-07-15,10:19:26 pm,0,101.11,23.423,2024-07-15 10:19:26
2024-07-15,10:34:26 pm,0,101.128,23.373,2024-07-15 10:34:26
2024-07-15,10:49:26 pm,0,101.166,23.307,2024-07-15 10:49:26
2024-07-15,11:04:26 pm,0,101.191,23.224,2024-07-15 11:04:26
2024-07-15,11:19:26 pm,0,101.196,23.176,2024-07-15 11:19:26
2024-07-15,11:34:26 pm,0,101.201,23.125,2024-07-15 11:34:26
2024-07-15,11:49:26 pm,0,101.203,23.069,2024-07-15 11:49:26
2024-07-16,12:04:26 am,0,101.191,23.002,2024-07-16 12:04:26
2024-07-16,12:19:26 am,0,101.176,22.96,2024-07-16 12:19:26
2024-07-16,12:34:26 am,0,101.181,22.916,2024-07-16 12:34:26
2024-07-16,12:49:26 am,0,101.188,22.867,2024-07-16 12:49:26
2024-07-16,01:04:26 am,0,101.19,22.821,2024-07-16 01:04:26
2024-07-16,01:19:26 am,0,101.194,22.769,2024-07-16 01:19:26
2024-07-16,01:34:26 am,0,101.197,22.739,2024-07-16 01:34:26
2024-07-16,01:49:26 am,0,101.194,22.692,2024-07-16 01:49:26
2024-07-16,02:04:26 am,0,101.186,22.676,2024-07-16 02:04:26
2024-07-16,02:19:26 am,0,101.175,22.647,2024-07-16 02:19:26
2024-07-16,02:34:26 am,0,101.155,22.61,2024-07-16 02:34:26
2024-07-16,02:49:26 am,0,101.146,22.559,2024-07-16 02:49:26
2024-07-16,03:04:26 am,0,101.125,22.496,2024-07-16 03:04:26
2024-07-16,03:19:26 am,0,101.133,22.461,2024-07-16 03:19:26
2024-07-16,03:34:26 am,0,101.144,22.431,2024-07-16 03:34:26
2024-07-16,03:49:26 am,0,101.195,22.385,2024-07-16 03:49:26
2024-07-16,04:04:26 am,0,101.189,22.356,2024-07-16 04:04:26
2024-07-16,04:19:26 am,0,101.186,22.336,2024-07-16 04:19:26
2024-07-16,04:34:26 am,0,101.182,22.314,2024-07-16 04:34:26
2024-07-16,04:49:26 am,0,101.235,22.293,2024-07-16 04:49:26
2024-07-16,05:04:26 am,0,101.227,22.256,2024-07-16 05:04:26
2024-07-16,05:19:26 am,0,101.229,22.245,2024-07-16 05:19:26
2024-07-16,05:34:26 am,0,101.262,22.233,2024-07-16 05:34:26
2024-07-16,05:49:26 am,0,101.246,22.205,2024-07-16 05:49:26
2024-07-16,06:04:26 am,0,101.227,22.159,2024-07-16 06:04:26
2024-07-16,06:19:26 am,0,101.221,22.119,2024-07-16 06:19:26
2024-07-16,06:34:26 am,0,101.222,22.097,2024-07-16 06:34:26
2024-07-16,06:49:26 am,0,101.271,22.079,2024-07-16 06:49:26
2024-07-16,07:04:26 am,0,101.27,22.086,2024-07-16 07:04:26
2024-07-16,07:19:26 am,0,101.274,22.119,2024-07-16 07:19:26
2024-07-16,07:34:26 am,0,101.286,22.168,2024-07-16 07:34:26
2024-07-16,07:49:26 am,0,101.294,22.23,2024-07-16 07:49:26
2024-07-16,08:04:26 am,0,101.315,22.313,2024-07-16 08:04:26
2024-07-16,08:19:26 am,0,101.335,22.41,2024-07-16 08:19:26
2024-07-16,08:34:26 am,0,101.356,22.524,2024-07-16 08:34:26
2024-07-16,08:49:26 am,0,101.372,22.599,2024-07-16 08:49:26
2024-07-16,09:04:26 am,0,101.388,22.684,2024-07-16 09:04:26
2024-07-16,09:19:26 am,0,101.405,22.821,2024-07-16 09:19:26
2024-07-16,09:34:26 am,0,101.435,22.96,2024-07-16 09:34:26
2024-07-16,09:49:26 am,0,101.475,23.122,2024-07-16 09:49:26
2024-07-16,10:04:26 am,0,101.497,23.18,2024-07-16 10:04:26
2024-07-16,10:19:26 am,0,101.507,23.271,2024-07-16 10:19:26
2024-07-16,10:34:26 am,0,101.528,23.431,2024-07-16 10:34:26
2024-07-16,10:49:26 am,0,101.529,23.572,2024-07-16 10:49:26
2024-07-16,11:04:26 am,0,101.514,23.784,2024-07-16 11:04:26
2024-07-16,11:19:26 am,0,101.502,23.955,2024-07-16 11:19:26
2024-07-16,11:34:26 am,0,101.429,24.129,2024-07-16 11:34:26
2024-07-16,11:49:26 am,0,101.432,24.327,2024-07-16 11:49:26
2024-07-16,12:04:26 pm,0,101.435,24.479,2024-07-16 12:04:26
2024-07-16,12:19:26 pm,0,101.431,24.532,2024-07-16 12:19:26
2024-07-16,12:34:26 pm,0,101.335,24.825,2024-07-16 12:34:26
2024-07-16,12:49:26 pm,0,101.384,25.08,2024-07-16 12:49:26
2024-07-16,01:04:26 pm,0,101.364,25.102,2024-07-16 01:04:26
2024-07-16,01:19:26 pm,0,101.348,25.277,2024-07-16 01:19:26
2024-07-16,01:34:26 pm,0,101.236,25.504,2024-07-16 01:34:26
2024-07-16,01:49:26 pm,0,101.277,25.732,2024-07-16 01:49:26
2024-07-16,02:04:26 pm,0,101.306,25.847,2024-07-16 02:04:26
2024-07-16,02:19:26 pm,0,101.301,25.49,2024-07-16 02:19:26
2024-07-16,02:34:26 pm,0,101.224,24.217,2024-07-16 02:34:26
2024-07-16,02:49:26 pm,0,101.29,24.364,2024-07-16 02:49:26
2024-07-16,03:04:26 pm,0,101.335,24.605,2024-07-16 03:04:26
2024-07-16,03:19:26 pm,0,101.365,24.752,2024-07-16 03:19:26
2024-07-16,03:34:26 pm,0,101.363,24.816,2024-07-16 03:34:26
2024-07-16,03:49:26 pm,0,101.378,24.851,2024-07-16 03:49:26
2024-07-16,04:04:26 pm,0,101.404,24.845,2024-07-16 04:04:26
2024-07-16,04:19:26 pm,0,101.392,24.824,2024-07-16 04:19:26
2024-07-16,04:34:26 pm,0,101.385,24.837,2024-07-16 04:34:26
2024-07-16,04:49:26 pm,0,101.354,24.749,2024-07-16 04:49:26
2024-07-16,05:04:26 pm,0,101.354,24.696,2024-07-16 05:04:26
2024-07-16,05:19:26 pm,0,101.332,24.637,2024-07-16 05:19:26
2024-07-16,05:34:26 pm,0,101.334,24.558,2024-07-16 05:34:26
2024-07-16,05:49:26 pm,0,101.315,24.5,2024-07-16 05:49:26
2024-07-16,06:04:26 pm,0,101.284,24.468,2024-07-16 06:04:26
2024-07-16,06:19:26 pm,0,101.241,24.382,2024-07-16 06:19:26
2024-07-16,06:34:26 pm,0,101.211,24.286,2024-07-16 06:34:26
2024-07-16,06:49:26 pm,0,101.187,24.201,2024-07-16 06:49:26
2024-07-16,07:04:26 pm,0,101.153,24.134,2024-07-16 07:04:26
2024-07-16,07:19:26 pm,0,101.128,24.068,2024-07-16 07:19:26
2024-07-16,07:34:26 pm,0,101.121,24.007,2024-07-16 07:34:26
2024-07-16,07:49:26 pm,0,101.126,23.967,2024-07-16 07:49:26
2024-07-16,08:04:26 pm,0,101.111,23.939,2024-07-16 08:04:26
2024-07-16,08:19:26 pm,0,101.106,23.899,2024-07-16 08:19:26
2024-07-16,08:34:26 pm,0,101.095,23.848,2024-07-16 08:34:26
2024-07-16,08:49:26 pm,0,101.079,23.814,2024-07-16 08:49:26
2024-07-16,09:04:26 pm,0,101.069,23.768,2024-07-16 09:04:26
2024-07-16,09:19:26 pm,0,101.06,23.715,2024-07-16 09:19:26
2024-07-16,09:34:26 pm,0,101.076,23.674,2024-07-16 09:34:26
2024-07-16,09:49:26 pm,0,101.14,23.629,2024-07-16 09:49:26
2024-07-16,10:04:26 pm,0,101.128,23.579,2024-07-16 10:04:26
2024-07-16,10:19:26 pm,0,101.107,23.536,2024-07-16 10:19:26
2024-07-16,10:34:26 pm,0,101.117,23.476,2024-07-16 10:34:26
2024-07-16,10:49:26 pm,0,101.092,23.423,2024-07-16 10:49:26
2024-07-16,11:04:26 pm,0,101.118,23.369,2024-07-16 11:04:26
2024-07-16,11:19:26 pm,0,101.133,23.304,2024-07-16 11:19:26
2024-07-16,11:34:26 pm,0,101.177,23.263,2024-07-16 11:34:26
2024-07-16,11:49:26 pm,0,101.175,23.233,2024-07-16 11:49:26
2024-07-17,12:04:26 am,0,101.206,23.215,2024-07-17 12:04:26
2024-07-17,12:19:26 am,0,101.205,23.203,2024-07-17 12:19:26
2024-07-17,12:34:26 am,0,101.197,23.195,2024-07-17 12:34:26
2024-07-17,12:49:26 am,0,101.177,23.156,2024-07-17 12:49:26
2024-07-17,01:04:26 am,0,101.16,23.114,2024-07-17 01:04:26
2024-07-17,01:19:26 am,0,101.156,23.067,2024-07-17 01:19:26
2024-07-17,01:34:26 am,0,101.144,23.028,2024-07-17 01:34:26
2024-07-17,01:49:26 am,0,101.125,23.002,2024-07-17 01:49:26
2024-07-17,02:04:26 am,0,101.099,22.97,2024-07-17 02:04:26
2024-07-17,02:19:26 am,0,101.084,22.939,2024-07-17 02:19:26
2024-07-17,02:34:26 am,0,101.082,22.912,2024-07-17 02:34:26
2024-07-17,02:49:26 am,0,101.11,22.889,2024-07-17 02:49:26
2024-07-17,03:04:26 am,0,101.133,22.883,2024-07-17 03:04:26
2024-07-17,03:19:26 am,0,101.149,22.887,2024-07-17 03:19:26
2024-07-17,03:34:26 am,0,101.165,22.894,2024-07-17 03:34:26
2024-07-17,03:49:26 am,0,101.183,22.885,2024-07-17 03:49:26
2024-07-17,04:04:26 am,0,101.189,22.855,2024-07-17 04:04:26
2024-07-17,04:19:26 am,0,101.192,22.81,2024-07-17 04:19:26
2024-07-17,04:34:26 am,0,101.186,22.767,2024-07-17 04:34:26
2024-07-17,04:49:26 am,0,101.206,22.74,2024-07-17 04:49:26
2024-07-17,05:04:26 am,0,101.221,22.725,2024-07-17 05:04:26
2024-07-17,05:19:26 am,0,101.232,22.701,2024-07-17 05:19:26
2024-07-17,05:34:26 am,0,101.249,22.679,2024-07-17 05:34:26
2024-07-17,05:49:26 am,0,101.254,22.637,2024-07-17 05:49:26
2024-07-17,06:04:26 am,0,101.268,22.605,2024-07-17 06:04:26
2024-07-17,06:19:26 am,0,101.28,22.573,2024-07-17 06:19:26
2024-07-17,06:34:26 am,0,101.286,22.556,2024-07-17 06:34:26
2024-07-17,06:49:26 am,0,101.312,22.542,2024-07-17 06:49:26
2024-07-17,07:04:26 am,0,101.318,22.555,2024-07-17 07:04:26
2024-07-17,07:19:26 am,0,101.34,22.587,2024-07-17 07:19:26
2024-07-17,07:34:26 am,0,101.364,22.637,2024-07-17 07:34:26
2024-07-17,07:49:26 am,0,101.376,22.699,2024-07-17 07:49:26
2024-07-17,08:04:26 am,0,101.384,22.769,2024-07-17 08:04:26
2024-07-17,08:19:26 am,0,101.392,22.851,2024-07-17 08:19:26
2024-07-17,08:34:26 am,0,101.41,22.966,2024-07-17 08:34:26
2024-07-17,08:49:26 am,0,101.429,23.074,2024-07-17 08:49:26
2024-07-17,09:04:26 am,0,101.459,23.19,2024-07-17 09:04:26
2024-07-17,09:19:26 am,0,101.487,23.303,2024-07-17 09:19:26
2024-07-17,09:34:26 am,0,101.53,23.496,2024-07-17 09:34:26
2024-07-17,09:49:26 am,0,101.546,23.593,2024-07-17 09:49:26
2024-07-17,10:04:26 am,0,101.564,23.679,2024-07-17 10:04:26
2024-07-17,10:19:26 am,0,101.576,23.773,2024-07-17 10:19:26
2024-07-17,10:34:26 am,0,101.585,23.936,2024-07-17 10:34:26
2024-07-17,10:49:26 am,0,101.578,24.096,2024-07-17 10:49:26
2024-07-17,11:04:26 am,0,101.576,24.289,2024-07-17 11:04:26
2024-07-17,11:19:26 am,0,101.555,24.394,2024-07-17 11:19:26
2024-07-17,11:34:26 am,0,101.466,24.517,2024-07-17 11:34:26
2024-07-17,11:49:26 am,0,101.451,24.666,2024-07-17 11:49:26
2024-07-17,12:04:26 pm,0,101.439,24.724,2024-07-17 12:04:26
2024-07-17,12:19:26 pm,0,101.413,24.681,2024-07-17 12:19:26
2024-07-17,12:34:26 pm,0,101.454,24.753,2024-07-17 12:34:26
2024-07-17,12:49:26 pm,0,101.506,24.328,2024-07-17 12:49:26
2024-07-17,01:04:26 pm,0,101.432,24.005,2024-07-17 01:04:26
2024-07-17,01:19:26 pm,0,101.484,23.991,2024-07-17 01:19:26
2024-07-17,01:34:26 pm,0,101.45,23.968,2024-07-17 01:34:26
2024-07-17,01:49:26 pm,0,101.414,23.936,2024-07-17 01:49:26
2024-07-17,02:04:26 pm,0,101.382,23.945,2024-07-17 02:04:26
2024-07-17,02:19:26 pm,0,101.374,23.977,2024-07-17 02:19:26
2024-07-17,02:34:26 pm,0,101.401,23.98,2024-07-17 02:34:26
2024-07-17,02:49:26 pm,0,101.415,24.007,2024-07-17 02:49:26
2024-07-17,03:04:26 pm,0,101.396,24.074,2024-07-17 03:04:26
2024-07-17,03:19:26 pm,0,101.354,24.087,2024-07-17 03:19:26
2024-07-17,03:34:26 pm,0,101.334,24.13,2024-07-17 03:34:26
2024-07-17,03:49:26 pm,0,101.349,24.16,2024-07-17 03:49:26
2024-07-17,04:04:26 pm,0,101.341,24.176,2024-07-17 04:04:26
2024-07-17,04:19:26 pm,0,101.304,24.192,2024-07-17 04:19:26
2024-07-17,04:34:26 pm,0,101.282,24.304,2024-07-17 04:34:26
2024-07-17,04:49:26 pm,0,101.281,24.35,2024-07-17 04:49:26
2024-07-17,05:04:26 pm,0,101.264,24.404,2024-07-17 05:04:26
2024-07-17,05:19:26 pm,0,101.251,24.411,2024-07-17 05:19:26
2024-07-17,05:34:26 pm,0,101.259,24.424,2024-07-17 05:34:26
2024-07-17,05:49:26 pm,0,101.278,24.477,2024-07-17 05:49:26
2024-07-17,06:04:26 pm,0,101.303,24.542,2024-07-17 06:04:26
2024-07-17,06:19:26 pm,0,101.295,24.575,2024-07-17 06:19:26
2024-07-17,06:34:26 pm,0,101.288,24.6,2024-07-17 06:34:26
2024-07-17,06:49:26 pm,0,101.307,24.601,2024-07-17 06:49:26
2024-07-17,07:04:26 pm,0,101.301,24.574,2024-07-17 07:04:26
2024-07-17,07:19:26 pm,0,101.277,24.508,2024-07-17 07:19:26
2024-07-17,07:34:26 pm,0,101.26,24.45,2024-07-17 07:34:26
2024-07-17,07:49:26 pm,0,101.239,24.406,2024-07-17 07:49:26
2024-07-17,08:04:26 pm,0,101.245,24.412,2024-07-17 08:04:26
2024-07-17,08:19:26 pm,0,101.25,24.43,2024-07-17 08:19:26
2024-07-17,08:34:26 pm,0,101.251,24.378,2024-07-17 08:34:26
2024-07-17,08:49:26 pm,0,101.259,24.327,2024-07-17 08:49:26
2024-07-17,09:04:26 pm,0,101.245,24.285,2024-07-17 09:04:26
2024-07-17,09:19:26 pm,0,101.226,24.241,2024-07-17 09:19:26
2024-07-17,09:34:26 pm,0,101.216,24.198,2024-07-17 09:34:26
2024-07-17,09:49:26 pm,0,101.237,24.154,2024-07-17 09:49:26
2024-07-17,10:04:26 pm,0,101.23,24.099,2024-07-17 10:04:26
2024-07-17,10:19:26 pm,0,101.213,24.043,2024-07-17 10:19:26
2024-07-17,10:34:26 pm,0,101.229,23.979,2024-07-17 10:34:26
2024-07-17,10:49:26 pm,0,101.255,23.928,2024-07-17 10:49:26
2024-07-17,11:04:26 pm,0,101.268,23.865,2024-07-17 11:04:26
2024-07-17,11:19:26 pm,0,101.299,23.802,2024-07-17 11:19:26
2024-07-17,11:34:26 pm,0,101.32,23.741,2024-07-17 11:34:26
2024-07-17,11:49:26 pm,0,101.308,23.685,2024-07-17 11:49:26
2024-07-18,12:04:26 am,0,101.295,23.613,2024-07-18 12:04:26
2024-07-18,12:19:26 am,0,101.272,23.559,2024-07-18 12:19:26
2024-07-18,12:34:26 am,0,101.246,23.483,2024-07-18 12:34:26
2024-07-18,12:49:26 am,0,101.221,23.405,2024-07-18 12:49:26
2024-07-18,01:04:26 am,0,101.194,23.358,2024-07-18 01:04:26
2024-07-18,01:19:26 am,0,101.182,23.299,2024-07-18 01:19:26
2024-07-18,01:34:26 am,0,101.253,23.25,2024-07-18 01:34:26
2024-07-18,01:49:26 am,0,101.261,23.221,2024-07-18 01:49:26
2024-07-18,02:04:26 am,0,101.241,23.187,2024-07-18 02:04:26
2024-07-18,02:19:26 am,0,101.234,23.14,2024-07-18 02:19:26
2024-07-18,02:34:26 am,0,101.208,23.101,2024-07-18 02:34:26
2024-07-18,02:49:26 am,0,101.189,23.057,2024-07-18 02:49:26
2024-07-18,03:04:26 am,0,101.184,23.013,2024-07-18 03:04:26
2024-07-18,03:19:26 am,0,101.22,22.974,2024-07-18 03:19:26
2024-07-18,03:34:26 am,0,101.209,22.956,2024-07-18 03:34:26
2024-07-18,03:49:26 am,0,101.207,22.927,2024-07-18 03:49:26
2024-07-18,04:04:26 am,0,101.215,22.911,2024-07-18 04:04:26
2024-07-18,04:19:26 am,0,101.214,22.907,2024-07-18 04:19:26
2024-07-18,04:34:26 am,0,101.198,22.894,2024-07-18 04:34:26
2024-07-18,04:49:26 am,0,101.181,22.876,2024-07-18 04:49:26
2024-07-18,05:04:26 am,0,101.18,22.854,2024-07-18 05:04:26
2024-07-18,05:19:26 am,0,101.186,22.827,2024-07-18 05:19:26
2024-07-18,05:34:26 am,0,101.214,22.798,2024-07-18 05:34:26
2024-07-18,05:49:26 am,0,101.253,22.777,2024-07-18 05:49:26
2024-07-18,06:04:26 am,0,101.261,22.767,2024-07-18 06:04:26
2024-07-18,06:19:26 am,0,101.256,22.745,2024-07-18 06:19:26
2024-07-18,06:34:26 am,0,101.283,22.719,2024-07-18 06:34:26
2024-07-18,06:49:26 am,0,101.287,22.684,2024-07-18 06:49:26
2024-07-18,07:04:26 am,0,101.297,22.662,2024-07-18 07:04:26
2024-07-18,07:19:26 am,0,101.301,22.673,2024-07-18 07:19:26
2024-07-18,07:34:26 am,0,101.326,22.704,2024-07-18 07:34:26
2024-07-18,07:49:26 am,0,101.34,22.754,2024-07-18 07:49:26
2024-07-18,08:04:26 am,0,101.351,22.819,2024-07-18 08:04:26
2024-07-18,08:19:26 am,0,101.375,22.902,2024-07-18 08:19:26
2024-07-18,08:34:26 am,0,101.395,22.988,2024-07-18 08:34:26
2024-07-18,08:49:26 am,0,101.407,23.067,2024-07-18 08:49:26
2024-07-18,09:04:26 am,0,101.425,23.147,2024-07-18 09:04:26
2024-07-18,09:19:26 am,0,101.451,23.257,2024-07-18 09:19:26
2024-07-18,09:34:26 am,0,101.462,23.346,2024-07-18 09:34:26
2024-07-18,09:49:26 am,0,101.481,23.439,2024-07-18 09:49:26
2024-07-18,10:04:26 am,0,101.49,23.525,2024-07-18 10:04:26
2024-07-18,10:19:26 am,0,101.508,23.633,2024-07-18 10:19:26
2024-07-18,10:34:26 am,0,101.524,23.758,2024-07-18 10:34:26
2024-07-18,10:49:26 am,0,101.546,23.883,2024-07-18 10:49:26
2024-07-18,11:04:26 am,0,101.55,24,2024-07-18 11:04:26
2024-07-18,11:19:26 am,0,101.548,24.084,2024-07-18 11:19:26
2024-07-18,11:34:26 am,0,101.529,24.16,2024-07-18 11:34:26
2024-07-18,11:49:26 am,0,101.53,24.306,2024-07-18 11:49:26
2024-07-18,12:04:26 pm,0,101.516,24.475,2024-07-18 12:04:26
2024-07-18,12:19:26 pm,0,101.44,24.626,2024-07-18 12:19:26
2024-07-18,12:34:26 pm,0,101.446,24.759,2024-07-18 12:34:26
2024-07-18,12:49:26 pm,0,101.439,24.85,2024-07-18 12:49:26
2024-07-18,01:04:26 pm,0,101.425,24.988,2024-07-18 01:04:26
2024-07-18,01:19:26 pm,0,101.357,25.147,2024-07-18 01:19:26
2024-07-18,01:34:26 pm,0,101.321,25.287,2024-07-18 01:34:26
2024-07-18,01:49:26 pm,0,101.335,25.43,2024-07-18 01:49:26
2024-07-18,02:04:26 pm,0,101.344,25.56,2024-07-18 02:04:26
2024-07-18,02:19:26 pm,0,101.359,25.674,2024-07-18 02:19:26
2024-07-18,02:34:26 pm,0,101.333,25.648,2024-07-18 02:34:26
2024-07-18,02:49:26 pm,0,101.287,25.567,2024-07-18 02:49:26
2024-07-18,03:04:26 pm,0,101.277,25.647,2024-07-18 03:04:26
2024-07-18,03:19:26 pm,0,101.156,25.701,2024-07-18 03:19:26
2024-07-18,03:34:26 pm,0,101.163,25.755,2024-07-18 03:34:26
2024-07-18,03:49:26 pm,0,101.142,25.659,2024-07-18 03:49:26
2024-07-18,04:04:26 pm,0,101.123,25.526,2024-07-18 04:04:26
2024-07-18,04:19:26 pm,0,101.181,25.36,2024-07-18 04:19:26
2024-07-18,04:34:26 pm,0,101.155,24.919,2024-07-18 04:34:26
2024-07-18,04:49:26 pm,0,101.099,24.395,2024-07-18 04:49:26
2024-07-18,05:04:26 pm,0,101.128,24.24,2024-07-18 05:04:26
2024-07-18,05:19:26 pm,0,101.12,24.219,2024-07-18 05:19:26
2024-07-18,05:34:26 pm,0,101.103,24.234,2024-07-18 05:34:26
2024-07-18,05:49:26 pm,0,101.095,24.27,2024-07-18 05:49:26
2024-07-18,06:04:26 pm,0,101.089,24.297,2024-07-18 06:04:26
2024-07-18,06:19:26 pm,0,101.083,24.322,2024-07-18 06:19:26
2024-07-18,06:34:26 pm,0,101.091,24.314,2024-07-18 06:34:26
2024-07-18,06:49:26 pm,0,101.078,24.308,2024-07-18 06:49:26
2024-07-18,07:04:26 pm,0,101.064,24.287,2024-07-18 07:04:26
2024-07-18,07:19:26 pm,0,101.063,24.265,2024-07-18 07:19:26
2024-07-18,07:34:26 pm,0,101.127,24.248,2024-07-18 07:34:26
2024-07-18,07:49:26 pm,0,101.117,24.215,2024-07-18 07:49:26
2024-07-18,08:04:26 pm,0,101.133,24.177,2024-07-18 08:04:26
2024-07-18,08:19:26 pm,0,101.167,24.139,2024-07-18 08:19:26
2024-07-18,08:34:26 pm,0,101.182,24.083,2024-07-18 08:34:26
2024-07-18,08:49:26 pm,0,101.195,24.021,2024-07-18 08:49:26
2024-07-18,09:04:26 pm,0,101.19,23.968,2024-07-18 09:04:26
2024-07-18,09:19:26 pm,0,101.183,23.903,2024-07-18 09:19:26
2024-07-18,09:34:26 pm,0,101.179,23.849,2024-07-18 09:34:26
2024-07-18,09:49:26 pm,0,101.179,23.793,2024-07-18 09:49:26
2024-07-18,10:04:26 pm,0,101.169,23.739,2024-07-18 10:04:26
2024-07-18,10:19:26 pm,0,101.18,23.687,2024-07-18 10:19:26
2024-07-18,10:34:26 pm,0,101.178,23.642,2024-07-18 10:34:26
2024-07-18,10:49:26 pm,0,101.169,23.586,2024-07-18 10:49:26
2024-07-18,11:04:26 pm,0,101.177,23.525,2024-07-18 11:04:26
2024-07-18,11:19:26 pm,0,101.185,23.479,2024-07-18 11:19:26
2024-07-18,11:34:26 pm,0,101.184,23.437,2024-07-18 11:34:26
2024-07-18,11:49:26 pm,0,101.219,23.397,2024-07-18 11:49:26
2024-07-19,12:04:26 am,0,101.244,23.343,2024-07-19 12:04:26
2024-07-19,12:19:26 am,0,101.242,23.31,2024-07-19 12:19:26
2024-07-19,12:34:26 am,0,101.23,23.28,2024-07-19 12:34:26
2024-07-19,12:49:26 am,0,101.216,23.245,2024-07-19 12:49:26
2024-07-19,01:04:26 am,0,101.208,23.221,2024-07-19 01:04:26
2024-07-19,01:19:26 am,0,101.199,23.191,2024-07-19 01:19:26
2024-07-19,01:34:26 am,0,101.197,23.159,2024-07-19 01:34:26
2024-07-19,01:49:26 am,0,101.189,23.134,2024-07-19 01:49:26
2024-07-19,02:04:26 am,0,101.199,23.105,2024-07-19 02:04:26
2024-07-19,02:19:26 am,0,101.205,23.087,2024-07-19 02:19:26
2024-07-19,02:34:26 am,0,101.203,23.077,2024-07-19 02:34:26
2024-07-19,02:49:26 am,0,101.205,23.072,2024-07-19 02:49:26
2024-07-19,03:04:26 am,0,101.202,23.056,2024-07-19 03:04:26
2024-07-19,03:19:26 am,0,101.204,23.048,2024-07-19 03:19:26
2024-07-19,03:34:26 am,0,101.194,23.03,2024-07-19 03:34:26
2024-07-19,03:49:26 am,0,101.197,23.008,2024-07-19 03:49:26
2024-07-19,04:04:26 am,0,101.203,22.993,2024-07-19 04:04:26
2024-07-19,04:19:26 am,0,101.207,22.975,2024-07-19 04:19:26
2024-07-19,04:34:26 am,0,101.204,22.962,2024-07-19 04:34:26
2024-07-19,04:49:26 am,0,101.199,22.943,2024-07-19 04:49:26
2024-07-19,05:04:26 am,0,101.204,22.919,2024-07-19 05:04:26
2024-07-19,05:19:26 am,0,101.214,22.909,2024-07-19 05:19:26
2024-07-19,05:34:26 am,0,101.217,22.9,2024-07-19 05:34:26
2024-07-19,05:49:26 am,0,101.222,22.891,2024-07-19 05:49:26
2024-07-19,06:04:26 am,0,101.229,22.871,2024-07-19 06:04:26
2024-07-19,06:19:26 am,0,101.239,22.857,2024-07-19 06:19:26
2024-07-19,06:34:26 am,0,101.242,22.844,2024-07-19 06:34:26
2024-07-19,06:49:26 am,0,101.27,22.849,2024-07-19 06:49:26
2024-07-19,07:04:26 am,0,101.299,22.856,2024-07-19 07:04:26
2024-07-19,07:19:26 am,0,101.321,22.867,2024-07-19 07:19:26
2024-07-19,07:34:26 am,0,101.336,22.872,2024-07-19 07:34:26
2024-07-19,07:49:26 am,0,101.362,22.888,2024-07-19 07:49:26
2024-07-19,08:04:26 am,0,101.367,22.908,2024-07-19 08:04:26
2024-07-19,08:19:26 am,0,101.374,22.938,2024-07-19 08:19:26
2024-07-19,08:34:26 am,0,101.37,22.966,2024-07-19 08:34:26
2024-07-19,08:49:26 am,0,101.369,23.011,2024-07-19 08:49:26
2024-07-19,09:04:26 am,0,101.386,23.08,2024-07-19 09:04:26
2024-07-19,09:19:26 am,0,101.391,23.129,2024-07-19 09:19:26
2024-07-19,09:34:26 am,0,101.385,23.155,2024-07-19 09:34:26
2024-07-19,09:49:26 am,0,101.387,23.192,2024-07-19 09:49:26
2024-07-19,10:04:26 am,0,101.402,23.232,2024-07-19 10:04:26
2024-07-19,10:19:26 am,0,101.415,23.258,2024-07-19 10:19:26
2024-07-19,10:34:26 am,0,101.421,23.263,2024-07-19 10:34:26
2024-07-19,10:49:26 am,0,101.422,23.278,2024-07-19 10:49:26
2024-07-19,11:04:26 am,0,101.431,23.309,2024-07-19 11:04:26
2024-07-19,11:19:26 am,0,101.44,23.335,2024-07-19 11:19:26
2024-07-19,11:34:26 am,0,101.437,23.363,2024-07-19 11:34:26
2024-07-19,11:49:26 am,0,101.435,23.38,2024-07-19 11:49:26
2024-07-19,12:04:26 pm,0,101.438,23.469,2024-07-19 12:04:26
2024-07-19,12:19:26 pm,0,101.461,23.635,2024-07-19 12:19:26
2024-07-19,12:34:26 pm,0,101.477,23.729,2024-07-19 12:34:26
2024-07-19,12:49:26 pm,0,101.477,23.768,2024-07-19 12:49:26
2024-07-19,01:04:26 pm,0,101.514,23.974,2024-07-19 01:04:26
2024-07-19,01:19:26 pm,0,101.53,24.12,2024-07-19 01:19:26
2024-07-19,01:34:26 pm,0,101.507,24.164,2024-07-19 01:34:26
2024-07-19,01:49:26 pm,0,101.488,24.318,2024-07-19 01:49:26
2024-07-19,02:04:26 pm,0,101.457,24.42,2024-07-19 02:04:26
2024-07-19,02:19:26 pm,0,101.437,24.457,2024-07-19 02:19:26
2024-07-19,02:34:26 pm,0,101.41,24.555,2024-07-19 02:34:26
2024-07-19,02:49:26 pm,0,101.323,24.684,2024-07-19 02:49:26
2024-07-19,03:04:26 pm,0,101.316,24.729,2024-07-19 03:04:26
2024-07-19,03:19:26 pm,0,101.321,24.725,2024-07-19 03:19:26
2024-07-19,03:34:26 pm,0,101.33,24.759,2024-07-19 03:34:26
2024-07-19,03:49:26 pm,0,101.342,24.814,2024-07-19 03:49:26
2024-07-19,04:04:26 pm,0,101.333,24.797,2024-07-19 04:04:26
2024-07-19,04:19:26 pm,0,101.332,24.789,2024-07-19 04:19:26
2024-07-19,04:34:26 pm,0,101.324,24.785,2024-07-19 04:34:26
2024-07-19,04:49:26 pm,0,101.324,24.78,2024-07-19 04:49:26
2024-07-19,05:04:26 pm,0,101.304,24.74,2024-07-19 05:04:26
2024-07-19,05:19:26 pm,0,101.264,24.705,2024-07-19 05:19:26
2024-07-19,05:34:26 pm,0,101.268,24.674,2024-07-19 05:34:26
2024-07-19,05:49:26 pm,0,101.273,24.634,2024-07-19 05:49:26
2024-07-19,06:04:26 pm,0,101.26,24.595,2024-07-19 06:04:26
2024-07-19,06:19:26 pm,0,101.262,24.542,2024-07-19 06:19:26
2024-07-19,06:34:26 pm,0,101.27,24.483,2024-07-19 06:34:26
2024-07-19,06:49:26 pm,0,101.282,24.438,2024-07-19 06:49:26
2024-07-19,07:04:26 pm,0,101.279,24.393,2024-07-19 07:04:26
2024-07-19,07:19:26 pm,0,101.288,24.34,2024-07-19 07:19:26
2024-07-19,07:34:26 pm,0,101.329,24.276,2024-07-19 07:34:26
2024-07-19,07:49:26 pm,0,101.478,24.161,2024-07-19 07:49:26
2024-07-19,08:04:26 pm,0,101.524,23.823,2024-07-19 08:04:26
2024-07-19,08:19:26 pm,0,101.69,23.646,2024-07-19 08:19:26
2024-07-19,08:34:26 pm,0,101.803,23.405,2024-07-19 08:34:26
2024-07-19,08:49:26 pm,0,102.367,23.357,2024-07-19 08:49:26
2024-07-19,09:04:26 pm,0,102.496,23.289,2024-07-19 09:04:26
2024-07-19,09:19:26 pm,0,102.825,23.244,2024-07-19 09:19:26
2024-07-19,09:34:26 pm,0,102.58,23.155,2024-07-19 09:34:26
2024-07-19,09:49:26 pm,0,102.265,23.018,2024-07-19 09:49:26
2024-07-19,10:04:26 pm,0,102.144,22.964,2024-07-19 10:04:26
2024-07-19,10:19:26 pm,0,102.078,22.943,2024-07-19 10:19:26
2024-07-19,10:34:26 pm,0,102.028,22.928,2024-07-19 10:34:26
2024-07-19,10:49:26 pm,0,101.985,22.909,2024-07-19 10:49:26
2024-07-19,11:04:26 pm,0,101.953,22.887,2024-07-19 11:04:26
2024-07-19,11:19:26 pm,0,101.918,22.869,2024-07-19 11:19:26
2024-07-19,11:34:26 pm,0,101.866,22.846,2024-07-19 11:34:26
2024-07-19,11:49:26 pm,0,101.848,22.829,2024-07-19 11:49:26
2024-07-20,12:04:26 am,0,101.812,22.81,2024-07-20 12:04:26
2024-07-20,12:19:26 am,0,101.778,22.787,2024-07-20 12:19:26
2024-07-20,12:34:26 am,0,101.766,22.774,2024-07-20 12:34:26
2024-07-20,12:49:26 am,0,101.749,22.752,2024-07-20 12:49:26
2024-07-20,01:04:26 am,0,101.723,22.728,2024-07-20 01:04:26
2024-07-20,01:19:26 am,0,101.705,22.707,2024-07-20 01:19:26
2024-07-20,01:34:26 am,0,101.679,22.684,2024-07-20 01:34:26
2024-07-20,01:49:26 am,0,101.648,22.659,2024-07-20 01:49:26
2024-07-20,02:04:26 am,0,101.637,22.635,2024-07-20 02:04:26
2024-07-20,02:19:26 am,0,101.614,22.61,2024-07-20 02:19:26
2024-07-20,02:34:26 am,0,101.596,22.585,2024-07-20 02:34:26
2024-07-20,02:49:26 am,0,101.579,22.564,2024-07-20 02:49:26
2024-07-20,03:04:26 am,0,101.544,22.549,2024-07-20 03:04:26
2024-07-20,03:19:26 am,0,101.525,22.522,2024-07-20 03:19:26
2024-07-20,03:34:26 am,0,101.516,22.478,2024-07-20 03:34:26
2024-07-20,03:49:26 am,0,101.516,22.441,2024-07-20 03:49:26
2024-07-20,04:04:26 am,0,101.51,22.43,2024-07-20 04:04:26
2024-07-20,04:19:26 am,0,101.501,22.411,2024-07-20 04:19:26
2024-07-20,04:34:26 am,0,101.508,22.39,2024-07-20 04:34:26
2024-07-20,04:49:26 am,0,101.492,22.376,2024-07-20 04:49:26
2024-07-20,05:04:26 am,0,101.483,22.353,2024-07-20 05:04:26
2024-07-20,05:19:26 am,0,101.479,22.344,2024-07-20 05:19:26
2024-07-20,05:34:26 am,0,101.505,22.333,2024-07-20 05:34:26
2024-07-20,05:49:26 am,0,101.522,22.294,2024-07-20 05:49:26
2024-07-20,06:04:26 am,0,101.556,22.253,2024-07-20 06:04:26
2024-07-20,06:19:26 am,0,101.549,22.25,2024-07-20 06:19:26
2024-07-20,06:34:26 am,0,101.56,22.244,2024-07-20 06:34:26
2024-07-20,06:49:26 am,0,101.599,22.241,2024-07-20 06:49:26
2024-07-20,07:04:26 am,0,101.855,22.266,2024-07-20 07:04:26
2024-07-20,07:19:26 am,0,101.8,22.223,2024-07-20 07:19:26
2024-07-20,07:34:26 am,0,102.065,22.23,2024-07-20 07:34:26
2024-07-20,07:49:26 am,0,102.008,22.204,2024-07-20 07:49:26
2024-07-20,08:04:26 am,0,101.962,22.194,2024-07-20 08:04:26
2024-07-20,08:19:26 am,0,101.931,22.191,2024-07-20 08:19:26
2024-07-20,08:34:26 am,0,101.92,22.197,2024-07-20 08:34:26
2024-07-20,08:49:26 am,0,101.907,22.207,2024-07-20 08:49:26
2024-07-20,09:04:26 am,0,101.906,22.226,2024-07-20 09:04:26
2024-07-20,09:19:26 am,0,101.913,22.247,2024-07-20 09:19:26
2024-07-20,09:34:26 am,0,101.908,22.263,2024-07-20 09:34:26
2024-07-20,09:49:26 am,0,101.909,22.281,2024-07-20 09:49:26
2024-07-20,10:04:26 am,0,101.897,22.302,2024-07-20 10:04:26
2024-07-20,10:19:26 am,0,101.881,22.329,2024-07-20 10:19:26
2024-07-20,10:34:26 am,0,101.882,22.368,2024-07-20 10:34:26
2024-07-20,10:49:26 am,0,101.894,22.42,2024-07-20 10:49:26
2024-07-20,11:04:26 am,0,101.891,22.45,2024-07-20 11:04:26
2024-07-20,11:19:26 am,0,101.9,22.508,2024-07-20 11:19:26
2024-07-20,11:34:26 am,0,101.894,22.564,2024-07-20 11:34:26
2024-07-20,11:49:26 am,0,101.889,22.629,2024-07-20 11:49:26
2024-07-20,12:04:26 pm,0,101.874,22.677,2024-07-20 12:04:26
2024-07-20,12:19:26 pm,0,101.838,22.768,2024-07-20 12:19:26
2024-07-20,12:34:26 pm,0,101.826,22.864,2024-07-20 12:34:26
2024-07-20,12:49:26 pm,0,101.803,22.953,2024-07-20 12:49:26
2024-07-20,01:04:26 pm,0,101.758,23.046,2024-07-20 01:04:26
2024-07-20,01:19:26 pm,0,101.665,23.085,2024-07-20 01:19:26
2024-07-20,01:34:26 pm,0,101.655,23.102,2024-07-20 01:34:26
2024-07-20,01:49:26 pm,0,101.637,23.146,2024-07-20 01:49:26
2024-07-20,02:04:26 pm,0,101.628,23.166,2024-07-20 02:04:26
2024-07-20,02:19:26 pm,0,101.635,23.268,2024-07-20 02:19:26
2024-07-20,02:34:26 pm,0,101.643,23.389,2024-07-20 02:34:26
2024-07-20,02:49:26 pm,0,101.671,23.496,2024-07-20 02:49:26
2024-07-20,03:04:26 pm,0,101.682,23.549,2024-07-20 03:04:26
2024-07-20,03:19:26 pm,0,101.677,23.575,2024-07-20 03:19:26
2024-07-20,03:34:26 pm,0,101.654,23.599,2024-07-20 03:34:26
2024-07-20,03:49:26 pm,0,101.605,23.607,2024-07-20 03:49:26
2024-07-20,04:04:26 pm,0,101.495,23.642,2024-07-20 04:04:26
2024-07-20,04:19:26 pm,0,101.486,23.675,2024-07-20 04:19:26
2024-07-20,04:34:26 pm,0,101.477,23.759,2024-07-20 04:34:26
2024-07-20,04:49:26 pm,0,101.467,23.805,2024-07-20 04:49:26
2024-07-20,05:04:26 pm,0,101.45,23.837,2024-07-20 05:04:26
2024-07-20,05:19:26 pm,0,101.444,23.86,2024-07-20 05:19:26
2024-07-20,05:34:26 pm,0,101.436,23.89,2024-07-20 05:34:26
2024-07-20,05:49:26 pm,0,101.423,23.882,2024-07-20 05:49:26
2024-07-20,06:04:26 pm,0,101.408,23.866,2024-07-20 06:04:26
2024-07-20,06:19:26 pm,0,101.391,23.846,2024-07-20 06:19:26
2024-07-20,06:34:26 pm,0,101.387,23.829,2024-07-20 06:34:26
2024-07-20,06:49:26 pm,0,101.393,23.811,2024-07-20 06:49:26
2024-07-20,07:04:26 pm,0,101.391,23.786,2024-07-20 07:04:26
2024-07-20,07:19:26 pm,0,101.399,23.759,2024-07-20 07:19:26
2024-07-20,07:34:26 pm,0,101.403,23.726,2024-07-20 07:34:26
2024-07-20,07:49:26 pm,0,101.397,23.695,2024-07-20 07:49:26
2024-07-20,08:04:26 pm,0,101.385,23.664,2024-07-20 08:04:26
2024-07-20,08:19:26 pm,0,101.395,23.637,2024-07-20 08:19:26
2024-07-20,08:34:26 pm,0,101.396,23.612,2024-07-20 08:34:26
2024-07-20,08:49:26 pm,0,101.386,23.599,2024-07-20 08:49:26
2024-07-20,09:04:26 pm,0,101.384,23.564,2024-07-20 09:04:26
2024-07-20,09:19:26 pm,0,101.376,23.532,2024-07-20 09:19:26
2024-07-20,09:34:26 pm,0,101.386,23.506,2024-07-20 09:34:26
2024-07-20,09:49:26 pm,0,101.393,23.472,2024-07-20 09:49:26
2024-07-20,10:04:26 pm,0,101.396,23.448,2024-07-20 10:04:26
2024-07-20,10:19:26 pm,0,101.393,23.423,2024-07-20 10:19:26
2024-07-20,10:34:26 pm,0,101.403,23.405,2024-07-20 10:34:26
2024-07-20,10:49:26 pm,0,101.405,23.387,2024-07-20 10:49:26
2024-07-20,11:04:26 pm,0,101.42,23.362,2024-07-20 11:04:26
2024-07-20,11:19:26 pm,0,101.399,23.339,2024-07-20 11:19:26
2024-07-20,11:34:26 pm,0,101.419,23.322,2024-07-20 11:34:26
2024-07-20,11:49:26 pm,0,101.408,23.3,2024-07-20 11:49:26
2024-07-21,12:04:26 am,0,101.405,23.28,2024-07-21 12:04:26
2024-07-21,12:19:26 am,0,101.387,23.256,2024-07-21 12:19:26
2024-07-21,12:34:26 am,0,101.387,23.234,2024-07-21 12:34:26
2024-07-21,12:49:26 am,0,101.392,23.222,2024-07-21 12:49:26
2024-07-21,01:04:26 am,0,101.38,23.21,2024-07-21 01:04:26
2024-07-21,01:19:26 am,0,101.38,23.193,2024-07-21 01:19:26
2024-07-21,01:34:26 am,0,101.372,23.177,2024-07-21 01:34:26
2024-07-21,01:49:26 am,0,101.412,23.171,2024-07-21 01:49:26
2024-07-21,02:04:26 am,0,101.407,23.158,2024-07-21 02:04:26
2024-07-21,02:19:26 am,0,101.387,23.145,2024-07-21 02:19:26
2024-07-21,02:34:26 am,0,101.376,23.134,2024-07-21 02:34:26
2024-07-21,02:49:26 am,0,101.367,23.114,2024-07-21 02:49:26
2024-07-21,03:04:26 am,0,101.351,23.095,2024-07-21 03:04:26
2024-07-21,03:19:26 am,0,101.34,23.071,2024-07-21 03:19:26
2024-07-21,03:34:26 am,0,101.322,23.045,2024-07-21 03:34:26
2024-07-21,03:49:26 am,0,101.301,23.016,2024-07-21 03:49:26
2024-07-21,04:04:26 am,0,101.298,22.995,2024-07-21 04:04:26
2024-07-21,04:19:26 am,0,101.297,22.967,2024-07-21 04:19:26
2024-07-21,04:34:26 am,0,101.296,22.937,2024-07-21 04:34:26
2024-07-21,04:49:26 am,0,101.289,22.919,2024-07-21 04:49:26
2024-07-21,05:04:26 am,0,101.286,22.907,2024-07-21 05:04:26
2024-07-21,05:19:26 am,0,101.283,22.898,2024-07-21 05:19:26
2024-07-21,05:34:26 am,0,101.284,22.894,2024-07-21 05:34:26
2024-07-21,05:49:26 am,0,101.274,22.887,2024-07-21 05:49:26
2024-07-21,06:04:26 am,0,101.272,22.886,2024-07-21 06:04:26
2024-07-21,06:19:26 am,0,101.27,22.882,2024-07-21 06:19:26
2024-07-21,06:34:26 am,0,101.268,22.875,2024-07-21 06:34:26
2024-07-21,06:49:26 am,0,101.267,22.878,2024-07-21 06:49:26
2024-07-21,07:04:26 am,0,101.277,22.887,2024-07-21 07:04:26
2024-07-21,07:19:26 am,0,101.272,22.892,2024-07-21 07:19:26
2024-07-21,07:34:26 am,0,101.279,22.91,2024-07-21 07:34:26
2024-07-21,07:49:26 am,0,101.284,22.934,2024-07-21 07:49:26
2024-07-21,08:04:26 am,0,101.292,22.961,2024-07-21 08:04:26
2024-07-21,08:19:26 am,0,101.298,22.998,2024-07-21 08:19:26
2024-07-21,08:34:26 am,0,101.302,23.039,2024-07-21 08:34:26
2024-07-21,08:49:26 am,0,101.309,23.079,2024-07-21 08:49:26
2024-07-21,09:04:26 am,0,101.317,23.138,2024-07-21 09:04:26
2024-07-21,09:19:26 am,0,101.328,23.214,2024-07-21 09:19:26
2024-07-21,09:34:26 am,0,101.334,23.265,2024-07-21 09:34:26
2024-07-21,09:49:26 am,0,101.349,23.346,2024-07-21 09:49:26
2024-07-21,10:04:26 am,0,101.365,23.37,2024-07-21 10:04:26
2024-07-21,10:19:26 am,0,101.362,23.367,2024-07-21 10:19:26
2024-07-21,10:34:26 am,0,101.359,23.37,2024-07-21 10:34:26
2024-07-21,10:49:26 am,0,101.367,23.407,2024-07-21 10:49:26
2024-07-21,11:04:26 am,0,101.369,23.446,2024-07-21 11:04:26
2024-07-21,11:19:26 am,0,101.37,23.488,2024-07-21 11:19:26
2024-07-21,11:34:26 am,0,101.36,23.491,2024-07-21 11:34:26
2024-07-21,11:49:26 am,0,101.359,23.526,2024-07-21 11:49:26
2024-07-21,12:04:26 pm,0,101.374,23.566,2024-07-21 12:04:26
2024-07-21,12:19:26 pm,0,101.37,23.587,2024-07-21 12:19:26
2024-07-21,12:34:26 pm,0,101.434,23.546,2024-07-21 12:34:26
2024-07-21,12:49:26 pm,0,101.397,23.482,2024-07-21 12:49:26
2024-07-21,01:04:26 pm,0,101.383,23.437,2024-07-21 01:04:26
2024-07-21,01:19:26 pm,0,101.379,23.465,2024-07-21 01:19:26
2024-07-21,01:34:26 pm,0,101.353,23.482,2024-07-21 01:34:26
2024-07-21,01:49:26 pm,0,101.345,23.512,2024-07-21 01:49:26
2024-07-21,02:04:26 pm,0,101.333,23.526,2024-07-21 02:04:26
2024-07-21,02:19:26 pm,0,101.335,23.547,2024-07-21 02:19:26
2024-07-21,02:34:26 pm,0,101.333,23.614,2024-07-21 02:34:26
2024-07-21,02:49:26 pm,0,101.327,23.696,2024-07-21 02:49:26
2024-07-21,03:04:26 pm,0,101.333,23.753,2024-07-21 03:04:26
2024-07-21,03:19:26 pm,0,101.339,23.803,2024-07-21 03:19:26
2024-07-21,03:34:26 pm,0,101.325,23.858,2024-07-21 03:34:26
2024-07-21,03:49:26 pm,0,101.357,23.924,2024-07-21 03:49:26
2024-07-21,04:04:26 pm,0,101.351,23.922,2024-07-21 04:04:26
2024-07-21,04:19:26 pm,0,101.324,23.882,2024-07-21 04:19:26
2024-07-21,04:34:26 pm,0,101.333,23.846,2024-07-21 04:34:26
2024-07-21,04:49:26 pm,0,101.33,23.802,2024-07-21 04:49:26
2024-07-21,05:04:26 pm,0,101.302,23.763,2024-07-21 05:04:26
2024-07-21,05:19:26 pm,0,101.268,23.731,2024-07-21 05:19:26
2024-07-21,05:34:26 pm,0,101.277,23.712,2024-07-21 05:34:26
2024-07-21,05:49:26 pm,0,101.285,23.695,2024-07-21 05:49:26
2024-07-21,06:04:26 pm,0,101.308,23.687,2024-07-21 06:04:26
2024-07-21,06:19:26 pm,0,101.268,23.572,2024-07-21 06:19:26
2024-07-21,06:34:26 pm,0,101.223,23.427,2024-07-21 06:34:26
2024-07-21,06:49:26 pm,0,101.217,23.348,2024-07-21 06:49:26
2024-07-21,07:04:26 pm,0,101.207,23.27,2024-07-21 07:04:26
2024-07-21,07:19:26 pm,0,101.188,23.222,2024-07-21 07:19:26
2024-07-21,07:34:26 pm,0,101.175,23.168,2024-07-21 07:34:26
2024-07-21,07:49:26 pm,0,101.141,23.105,2024-07-21 07:49:26
2024-07-21,08:04:26 pm,0,101.117,23.058,2024-07-21 08:04:26
2024-07-21,08:19:26 pm,0,101.112,23.006,2024-07-21 08:19:26
2024-07-21,08:34:26 pm,0,101.182,22.962,2024-07-21 08:34:26
2024-07-21,08:49:26 pm,0,101.212,22.936,2024-07-21 08:49:26
2024-07-21,09:04:26 pm,0,101.265,22.898,2024-07-21 09:04:26
2024-07-21,09:19:26 pm,0,101.292,22.87,2024-07-21 09:19:26
2024-07-21,09:34:26 pm,0,101.317,22.836,2024-07-21 09:34:26
2024-07-21,09:49:26 pm,0,101.331,22.79,2024-07-21 09:49:26
2024-07-21,10:04:26 pm,0,101.337,22.74,2024-07-21 10:04:26
2024-07-21,10:19:26 pm,0,101.347,22.709,2024-07-21 10:19:26
2024-07-21,10:34:26 pm,0,101.422,22.67,2024-07-21 10:34:26
2024-07-21,10:49:26 pm,0,101.413,22.635,2024-07-21 10:49:26
2024-07-21,11:04:26 pm,0,101.409,22.604,2024-07-21 11:04:26
2024-07-21,11:19:26 pm,0,101.385,22.578,2024-07-21 11:19:26
2024-07-21,11:34:26 pm,0,101.385,22.555,2024-07-21 11:34:26
2024-07-21,11:49:26 pm,0,101.381,22.528,2024-07-21 11:49:26
2024-07-22,12:04:26 am,0,101.364,22.499,2024-07-22 12:04:26
2024-07-22,12:19:26 am,0,101.351,22.463,2024-07-22 12:19:26
2024-07-22,12:34:26 am,0,101.331,22.421,2024-07-22 12:34:26
2024-07-22,12:49:26 am,0,101.32,22.367,2024-07-22 12:49:26
2024-07-22,01:04:26 am,0,101.305,22.337,2024-07-22 01:04:26
2024-07-22,01:19:26 am,0,101.292,22.31,2024-07-22 01:19:26
2024-07-22,01:34:26 am,0,101.267,22.286,2024-07-22 01:34:26
2024-07-22,01:49:26 am,0,101.25,22.246,2024-07-22 01:49:26
2024-07-22,02:04:26 am,0,101.232,22.204,2024-07-22 02:04:26
2024-07-22,02:19:26 am,0,101.22,22.162,2024-07-22 02:19:26
2024-07-22,02:34:26 am,0,101.203,22.125,2024-07-22 02:34:26
2024-07-22,02:49:26 am,0,101.185,22.077,2024-07-22 02:49:26
2024-07-22,03:04:26 am,0,101.166,22.031,2024-07-22 03:04:26
2024-07-22,03:19:26 am,0,101.148,21.984,2024-07-22 03:19:26
2024-07-22,03:34:26 am,0,101.137,21.936,2024-07-22 03:34:26
2024-07-22,03:49:26 am,0,101.13,21.929,2024-07-22 03:49:26
2024-07-22,04:04:26 am,0,101.122,21.882,2024-07-22 04:04:26
2024-07-22,04:19:26 am,0,101.114,21.878,2024-07-22 04:19:26
2024-07-22,04:34:26 am,0,101.123,21.87,2024-07-22 04:34:26
2024-07-22,04:49:26 am,0,101.126,21.868,2024-07-22 04:49:26
2024-07-22,05:04:26 am,0,101.126,21.872,2024-07-22 05:04:26
2024-07-22,05:19:26 am,0,101.137,21.874,2024-07-22 05:19:26
2024-07-22,05:34:26 am,0,101.168,21.883,2024-07-22 05:34:26
2024-07-22,05:49:26 am,0,101.19,21.889,2024-07-22 05:49:26
2024-07-22,06:04:26 am,0,101.178,21.887,2024-07-22 06:04:26
2024-07-22,06:19:26 am,0,101.176,21.895,2024-07-22 06:19:26
2024-07-22,06:34:26 am,0,101.186,21.916,2024-07-22 06:34:26
2024-07-22,06:49:26 am,0,101.2,21.943,2024-07-22 06:49:26
2024-07-22,07:04:26 am,0,101.209,21.977,2024-07-22 07:04:26
2024-07-22,07:19:26 am,0,101.225,22.014,2024-07-22 07:19:26
2024-07-22,07:34:26 am,0,101.241,22.064,2024-07-22 07:34:26
2024-07-22,07:49:26 am,0,101.257,22.113,2024-07-22 07:49:26
2024-07-22,08:04:26 am,0,101.278,22.192,2024-07-22 08:04:26
2024-07-22,08:19:26 am,0,101.29,22.265,2024-07-22 08:19:26
2024-07-22,08:34:26 am,0,101.291,22.318,2024-07-22 08:34:26
2024-07-22,08:49:26 am,0,101.302,22.376,2024-07-22 08:49:26
2024-07-22,09:04:26 am,0,101.318,22.427,2024-07-22 09:04:26
2024-07-22,09:19:26 am,0,101.336,22.479,2024-07-22 09:19:26
2024-07-22,09:34:26 am,0,101.345,22.537,2024-07-22 09:34:26
2024-07-22,09:49:26 am,0,101.372,22.586,2024-07-22 09:49:26
2024-07-22,10:04:26 am,0,101.373,22.605,2024-07-22 10:04:26
2024-07-22,10:19:26 am,0,101.373,22.616,2024-07-22 10:19:26
2024-07-22,10:34:26 am,0,101.379,22.636,2024-07-22 10:34:26
2024-07-22,10:49:26 am,0,101.391,22.665,2024-07-22 10:49:26
2024-07-22,11:04:26 am,0,101.394,22.726,2024-07-22 11:04:26
2024-07-22,11:19:26 am,0,101.394,22.779,2024-07-22 11:19:26
2024-07-22,11:34:26 am,0,101.423,22.936,2024-07-22 11:34:26
2024-07-22,11:49:26 am,0,101.435,23.029,2024-07-22 11:49:26
2024-07-22,12:04:26 pm,0,101.443,23.11,2024-07-22 12:04:26
2024-07-22,12:19:26 pm,0,101.46,23.216,2024-07-22 12:19:26
2024-07-22,12:34:26 pm,0,101.482,23.319,2024-07-22 12:34:26
2024-07-22,12:49:26 pm,0,101.49,23.385,2024-07-22 12:49:26
2024-07-22,01:04:26 pm,0,101.5,23.507,2024-07-22 01:04:26
2024-07-22,01:19:26 pm,0,101.485,23.512,2024-07-22 01:19:26
2024-07-22,01:34:26 pm,0,101.473,23.714,2024-07-22 01:34:26
2024-07-22,01:49:26 pm,0,101.455,23.751,2024-07-22 01:49:26
2024-07-22,02:04:26 pm,0,101.436,23.896,2024-07-22 02:04:26
2024-07-22,02:19:26 pm,0,101.354,24.037,2024-07-22 02:19:26
2024-07-22,02:34:26 pm,0,101.345,24.021,2024-07-22 02:34:26
2024-07-22,02:49:26 pm,0,101.315,24.107,2024-07-22 02:49:26
2024-07-22,03:04:26 pm,0,101.294,24.093,2024-07-22 03:04:26
2024-07-22,03:19:26 pm,0,101.273,24.123,2024-07-22 03:19:26
2024-07-22,03:34:26 pm,0,101.272,24.228,2024-07-22 03:34:26
2024-07-22,03:49:26 pm,0,101.283,24.235,2024-07-22 03:49:26
2024-07-22,04:04:26 pm,0,101.267,24.236,2024-07-22 04:04:26
2024-07-22,04:19:26 pm,0,101.26,24.224,2024-07-22 04:19:26
2024-07-22,04:34:26 pm,0,101.263,24.266,2024-07-22 04:34:26
2024-07-22,04:49:26 pm,0,101.245,24.249,2024-07-22 04:49:26
2024-07-22,05:04:26 pm,0,101.249,24.227,2024-07-22 05:04:26
2024-07-22,05:19:26 pm,0,101.227,24.198,2024-07-22 05:19:26
2024-07-22,05:34:26 pm,0,101.214,24.168,2024-07-22 05:34:26
2024-07-22,05:49:26 pm,0,101.208,24.136,2024-07-22 05:49:26
2024-07-22,06:04:26 pm,0,101.212,24.113,2024-07-22 06:04:26
2024-07-22,06:19:26 pm,0,101.213,24.099,2024-07-22 06:19:26
2024-07-22,06:34:26 pm,0,101.232,24.069,2024-07-22 06:34:26
2024-07-22,06:49:26 pm,0,101.24,24.073,2024-07-22 06:49:26
2024-07-22,07:04:26 pm,0,101.237,24.057,2024-07-22 07:04:26
2024-07-22,07:19:26 pm,0,101.222,24.025,2024-07-22 07:19:26
2024-07-22,07:34:26 pm,0,101.218,24.006,2024-07-22 07:34:26
2024-07-22,07:49:26 pm,0,101.238,23.977,2024-07-22 07:49:26
2024-07-22,08:04:26 pm,0,101.229,23.935,2024-07-22 08:04:26
2024-07-22,08:19:26 pm,0,101.252,23.901,2024-07-22 08:19:26
2024-07-22,08:34:26 pm,0,101.269,23.898,2024-07-22 08:34:26
2024-07-22,08:49:26 pm,0,101.29,23.85,2024-07-22 08:49:26
2024-07-22,09:04:26 pm,0,101.311,23.793,2024-07-22 09:04:26
2024-07-22,09:19:26 pm,0,101.324,23.761,2024-07-22 09:19:26
2024-07-22,09:34:26 pm,0,101.346,23.718,2024-07-22 09:34:26
2024-07-22,09:49:26 pm,0,101.347,23.677,2024-07-22 09:49:26
2024-07-22,10:04:26 pm,0,101.346,23.635,2024-07-22 10:04:26
2024-07-22,10:19:26 pm,0,101.345,23.595,2024-07-22 10:19:26
2024-07-22,10:34:26 pm,0,101.364,23.555,2024-07-22 10:34:26
2024-07-22,10:49:26 pm,0,101.36,23.519,2024-07-22 10:49:26
2024-07-22,11:04:26 pm,0,101.361,23.49,2024-07-22 11:04:26
2024-07-22,11:19:26 pm,0,101.361,23.462,2024-07-22 11:19:26
2024-07-22,11:34:26 pm,0,101.35,23.442,2024-07-22 11:34:26
2024-07-22,11:49:26 pm,0,101.34,23.436,2024-07-22 11:49:26
2024-07-23,12:04:26 am,0,101.334,23.434,2024-07-23 12:04:26
2024-07-23,12:19:26 am,0,101.327,23.422,2024-07-23 12:19:26
2024-07-23,12:34:26 am,0,101.315,23.396,2024-07-23 12:34:26
2024-07-23,12:49:26 am,0,101.307,23.377,2024-07-23 12:49:26
2024-07-23,01:04:26 am,0,101.293,23.348,2024-07-23 01:04:26
2024-07-23,01:19:26 am,0,101.284,23.313,2024-07-23 01:19:26
2024-07-23,01:34:26 am,0,101.268,23.289,2024-07-23 01:34:26
2024-07-23,01:49:26 am,0,101.25,23.253,2024-07-23 01:49:26
2024-07-23,02:04:26 am,0,101.239,23.222,2024-07-23 02:04:26
2024-07-23,02:19:26 am,0,101.225,23.188,2024-07-23 02:19:26
2024-07-23,02:34:26 am,0,101.214,23.157,2024-07-23 02:34:26
2024-07-23,02:49:26 am,0,101.208,23.126,2024-07-23 02:49:26
2024-07-23,03:04:26 am,0,101.209,23.093,2024-07-23 03:04:26
2024-07-23,03:19:26 am,0,101.208,23.071,2024-07-23 03:19:26
2024-07-23,03:34:26 am,0,101.206,23.056,2024-07-23 03:34:26
2024-07-23,03:49:26 am,0,101.212,23.041,2024-07-23 03:49:26
2024-07-23,04:04:26 am,0,101.212,23.02,2024-07-23 04:04:26
2024-07-23,04:19:26 am,0,101.213,23.007,2024-07-23 04:19:26
2024-07-23,04:34:26 am,0,101.217,22.992,2024-07-23 04:34:26
2024-07-23,04:49:26 am,0,101.223,22.985,2024-07-23 04:49:26
2024-07-23,05:04:26 am,0,101.235,22.967,2024-07-23 05:04:26
2024-07-23,05:19:26 am,0,101.237,22.95,2024-07-23 05:19:26
2024-07-23,05:34:26 am,0,101.242,22.942,2024-07-23 05:34:26
2024-07-23,05:49:26 am,0,101.248,22.931,2024-07-23 05:49:26
2024-07-23,06:04:26 am,0,101.26,22.923,2024-07-23 06:04:26
2024-07-23,06:19:26 am,0,101.268,22.912,2024-07-23 06:19:26
2024-07-23,06:34:26 am,0,101.288,22.896,2024-07-23 06:34:26
2024-07-23,06:49:26 am,0,101.302,22.894,2024-07-23 06:49:26
2024-07-23,07:04:26 am,0,101.324,22.898,2024-07-23 07:04:26
2024-07-23,07:19:26 am,0,101.34,22.914,2024-07-23 07:19:26
2024-07-23,07:34:26 am,0,101.357,22.943,2024-07-23 07:34:26
2024-07-23,07:49:26 am,0,101.377,22.984,2024-07-23 07:49:26
2024-07-23,08:04:26 am,0,101.384,23.013,2024-07-23 08:04:26
2024-07-23,08:19:26 am,0,101.391,23.04,2024-07-23 08:19:26
2024-07-23,08:34:26 am,0,101.403,23.063,2024-07-23 08:34:26
2024-07-23,08:49:26 am,0,101.415,23.093,2024-07-23 08:49:26
2024-07-23,09:04:26 am,0,101.424,23.14,2024-07-23 09:04:26
2024-07-23,09:19:26 am,0,101.43,23.18,2024-07-23 09:19:26
2024-07-23,09:34:26 am,0,101.453,23.261,2024-07-23 09:34:26
2024-07-23,09:49:26 am,0,101.471,23.342,2024-07-23 09:49:26
2024-07-23,10:04:26 am,0,101.491,23.445,2024-07-23 10:04:26
2024-07-23,10:19:26 am,0,101.505,23.501,2024-07-23 10:19:26
2024-07-23,10:34:26 am,0,101.527,23.58,2024-07-23 10:34:26
2024-07-23,10:49:26 am,0,101.55,23.688,2024-07-23 10:49:26
2024-07-23,11:04:26 am,0,101.568,23.767,2024-07-23 11:04:26
2024-07-23,11:19:26 am,0,101.558,23.787,2024-07-23 11:19:26
2024-07-23,11:34:26 am,0,101.568,23.856,2024-07-23 11:34:26
2024-07-23,11:49:26 am,0,101.59,23.967,2024-07-23 11:49:26
2024-07-23,12:04:26 pm,0,101.605,24.061,2024-07-23 12:04:26
2024-07-23,12:19:26 pm,0,101.632,24.21,2024-07-23 12:19:26
2024-07-23,12:34:26 pm,0,101.62,24.236,2024-07-23 12:34:26
2024-07-23,12:49:26 pm,0,101.637,24.409,2024-07-23 12:49:26
2024-07-23,01:04:26 pm,0,101.625,24.614,2024-07-23 01:04:26
2024-07-23,01:19:26 pm,0,101.621,24.703,2024-07-23 01:19:26
2024-07-23,01:34:26 pm,0,101.608,24.758,2024-07-23 01:34:26
2024-07-23,01:49:26 pm,0,101.578,24.866,2024-07-23 01:49:26
2024-07-23,02:04:26 pm,0,101.498,25.004,2024-07-23 02:04:26
2024-07-23,02:19:26 pm,0,101.512,25.124,2024-07-23 02:19:26
2024-07-23,02:34:26 pm,0,101.507,25.229,2024-07-23 02:34:26
2024-07-23,02:49:26 pm,0,101.492,25.313,2024-07-23 02:49:26
2024-07-23,03:04:26 pm,0,101.501,25.428,2024-07-23 03:04:26
2024-07-23,03:19:26 pm,0,101.537,25.322,2024-07-23 03:19:26
2024-07-23,03:34:26 pm,0,101.531,25.086,2024-07-23 03:34:26
2024-07-23,03:49:26 pm,0,101.479,24.92,2024-07-23 03:49:26
2024-07-23,04:04:26 pm,0,101.436,24.87,2024-07-23 04:04:26
2024-07-23,04:19:26 pm,0,101.447,24.848,2024-07-23 04:19:26
2024-07-23,04:34:26 pm,0,101.496,24.846,2024-07-23 04:34:26
2024-07-23,04:49:26 pm,0,101.523,24.801,2024-07-23 04:49:26
2024-07-23,05:04:26 pm,0,101.543,24.743,2024-07-23 05:04:26
2024-07-23,05:19:26 pm,0,101.604,24.642,2024-07-23 05:19:26
2024-07-23,05:34:26 pm,0,101.599,24.44,2024-07-23 05:34:26
2024-07-23,05:49:26 pm,0,101.583,24.273,2024-07-23 05:49:26
2024-07-23,06:04:26 pm,0,101.566,24.157,2024-07-23 06:04:26
2024-07-23,06:19:26 pm,0,101.56,24.105,2024-07-23 06:19:26
2024-07-23,06:34:26 pm,0,101.568,24.053,2024-07-23 06:34:26
2024-07-23,06:49:26 pm,0,101.565,23.966,2024-07-23 06:49:26
2024-07-23,07:04:26 pm,0,101.567,23.907,2024-07-23 07:04:26
2024-07-23,07:19:26 pm,0,101.552,23.848,2024-07-23 07:19:26
2024-07-23,07:34:26 pm,0,101.532,23.82,2024-07-23 07:34:26
2024-07-23,07:49:26 pm,0,101.522,23.789,2024-07-23 07:49:26
2024-07-23,08:04:26 pm,0,101.501,23.752,2024-07-23 08:04:26
2024-07-23,08:19:26 pm,0,101.49,23.711,2024-07-23 08:19:26
2024-07-23,08:34:26 pm,0,101.479,23.672,2024-07-23 08:34:26
2024-07-23,08:49:26 pm,0,101.469,23.64,2024-07-23 08:49:26
2024-07-23,09:04:26 pm,0,101.469,23.605,2024-07-23 09:04:26
2024-07-23,09:19:26 pm,0,101.478,23.568,2024-07-23 09:19:26
2024-07-23,09:34:26 pm,0,101.534,23.53,2024-07-23 09:34:26
2024-07-23,09:49:26 pm,0,101.563,23.5,2024-07-23 09:49:26
2024-07-23,10:04:26 pm,0,101.582,23.465,2024-07-23 10:04:26
2024-07-23,10:19:26 pm,0,101.683,23.434,2024-07-23 10:19:26
2024-07-23,10:34:26 pm,0,101.676,23.404,2024-07-23 10:34:26
2024-07-23,10:49:26 pm,0,101.681,23.37,2024-07-23 10:49:26
2024-07-23,11:04:26 pm,0,101.675,23.345,2024-07-23 11:04:26
2024-07-23,11:19:26 pm,0,101.678,23.312,2024-07-23 11:19:26
2024-07-23,11:34:26 pm,0,101.674,23.285,2024-07-23 11:34:26
2024-07-23,11:49:26 pm,0,101.659,23.25,2024-07-23 11:49:26
2024-07-24,12:04:26 am,0,101.665,23.228,2024-07-24 12:04:26
2024-07-24,12:19:26 am,0,101.659,23.204,2024-07-24 12:19:26
2024-07-24,12:34:26 am,0,101.646,23.171,2024-07-24 12:34:26
2024-07-24,12:49:26 am,0,101.632,23.145,2024-07-24 12:49:26
2024-07-24,01:04:26 am,0,101.615,23.122,2024-07-24 01:04:26
2024-07-24,01:19:26 am,0,101.607,23.104,2024-07-24 01:19:26
2024-07-24,01:34:26 am,0,101.596,23.078,2024-07-24 01:34:26
2024-07-24,01:49:26 am,0,101.576,23.062,2024-07-24 01:49:26
2024-07-24,02:04:26 am,0,101.567,23.032,2024-07-24 02:04:26
2024-07-24,02:19:26 am,0,101.554,23.008,2024-07-24 02:19:26
2024-07-24,02:34:26 am,0,101.543,22.989,2024-07-24 02:34:26
2024-07-24,02:49:26 am,0,101.548,22.973,2024-07-24 02:49:26
2024-07-24,03:04:26 am,0,101.562,22.957,2024-07-24 03:04:26
2024-07-24,03:19:26 am,0,101.599,22.923,2024-07-24 03:19:26
2024-07-24,03:34:26 am,0,101.628,22.922,2024-07-24 03:34:26
2024-07-24,03:49:26 am,0,101.626,22.905,2024-07-24 03:49:26
2024-07-24,04:04:26 am,0,101.632,22.886,2024-07-24 04:04:26
2024-07-24,04:19:26 am,0,101.624,22.872,2024-07-24 04:19:26
2024-07-24,04:34:26 am,0,101.632,22.852,2024-07-24 04:34:26
2024-07-24,04:49:26 am,0,101.628,22.84,2024-07-24 04:49:26
2024-07-24,05:04:26 am,0,101.632,22.816,2024-07-24 05:04:26
2024-07-24,05:19:26 am,0,101.646,22.794,2024-07-24 05:19:26
2024-07-24,05:34:26 am,0,101.655,22.778,2024-07-24 05:34:26
2024-07-24,05:49:26 am,0,101.662,22.77,2024-07-24 05:49:26
2024-07-24,06:04:26 am,0,101.669,22.758,2024-07-24 06:04:26
2024-07-24,06:19:26 am,0,101.693,22.743,2024-07-24 06:19:26
2024-07-24,06:34:26 am,0,101.71,22.74,2024-07-24 06:34:26
2024-07-24,06:49:26 am,0,101.722,22.741,2024-07-24 06:49:26
2024-07-24,07:04:26 am,0,101.727,22.748,2024-07-24 07:04:26
2024-07-24,07:19:26 am,0,101.733,22.755,2024-07-24 07:19:26
2024-07-24,07:34:26 am,0,101.741,22.774,2024-07-24 07:34:26
2024-07-24,07:49:26 am,0,101.748,22.802,2024-07-24 07:49:26
2024-07-24,08:04:26 am,0,101.762,22.833,2024-07-24 08:04:26
2024-07-24,08:19:26 am,0,101.771,22.859,2024-07-24 08:19:26
2024-07-24,08:34:26 am,0,101.783,22.883,2024-07-24 08:34:26
2024-07-24,08:49:26 am,0,101.8,22.9,2024-07-24 08:49:26
2024-07-24,09:04:26 am,0,101.812,22.928,2024-07-24 09:04:26
2024-07-24,09:19:26 am,0,101.813,22.957,2024-07-24 09:19:26
2024-07-24,09:34:26 am,0,101.814,22.99,2024-07-24 09:34:26
2024-07-24,09:49:26 am,0,101.82,23.039,2024-07-24 09:49:26
2024-07-24,10:04:26 am,0,101.835,23.094,2024-07-24 10:04:26
2024-07-24,10:19:26 am,0,101.849,23.159,2024-07-24 10:19:26
2024-07-24,10:34:26 am,0,101.863,23.227,2024-07-24 10:34:26
2024-07-24,10:49:26 am,0,101.868,23.242,2024-07-24 10:49:26
2024-07-24,11:04:26 am,0,101.869,23.228,2024-07-24 11:04:26
2024-07-24,11:19:26 am,0,101.877,23.23,2024-07-24 11:19:26
2024-07-24,11:34:26 am,0,101.878,23.257,2024-07-24 11:34:26
2024-07-24,11:49:26 am,0,101.877,23.269,2024-07-24 11:49:26
2024-07-24,12:04:26 pm,0,101.874,23.268,2024-07-24 12:04:26
2024-07-24,12:19:26 pm,0,101.887,23.266,2024-07-24 12:19:26
2024-07-24,12:34:26 pm,0,101.896,23.277,2024-07-24 12:34:26
2024-07-24,12:49:26 pm,0,101.903,23.26,2024-07-24 12:49:26
2024-07-24,01:04:26 pm,0,101.914,23.251,2024-07-24 01:04:26
2024-07-24,01:19:26 pm,0,101.914,23.233,2024-07-24 01:19:26
2024-07-24,01:34:26 pm,0,101.947,23.217,2024-07-24 01:34:26
2024-07-24,01:49:26 pm,0,102.061,23.178,2024-07-24 01:49:26
2024-07-24,02:04:26 pm,0,102.077,23.127,2024-07-24 02:04:26
2024-07-24,02:19:26 pm,0,102.1,23.104,2024-07-24 02:19:26
2024-07-24,02:34:26 pm,0,102.089,23.114,2024-07-24 02:34:26
2024-07-24,02:49:26 pm,0,102.053,23.15,2024-07-24 02:49:26
2024-07-24,03:04:26 pm,0,102.052,23.18,2024-07-24 03:04:26
2024-07-24,03:19:26 pm,0,102.029,23.194,2024-07-24 03:19:26
2024-07-24,03:34:26 pm,0,102.013,23.2,2024-07-24 03:34:26
2024-07-24,03:49:26 pm,0,102.003,23.226,2024-07-24 03:49:26
2024-07-24,04:04:26 pm,0,101.986,23.253,2024-07-24 04:04:26
2024-07-24,04:19:26 pm,0,101.98,23.253,2024-07-24 04:19:26
2024-07-24,04:34:26 pm,0,101.961,23.246,2024-07-24 04:34:26
2024-07-24,04:49:26 pm,0,101.948,23.234,2024-07-24 04:49:26
2024-07-24,05:04:26 pm,0,101.947,23.219,2024-07-24 05:04:26
2024-07-24,05:19:26 pm,0,101.937,23.207,2024-07-24 05:19:26
2024-07-24,05:34:26 pm,0,101.924,23.2,2024-07-24 05:34:26
2024-07-24,05:49:26 pm,0,101.919,23.196,2024-07-24 05:49:26
2024-07-24,06:04:26 pm,0,101.916,23.211,2024-07-24 06:04:26
2024-07-24,06:19:26 pm,0,101.913,23.212,2024-07-24 06:19:26
2024-07-24,06:34:26 pm,0,101.901,23.203,2024-07-24 06:34:26
2024-07-24,06:49:26 pm,0,101.888,23.211,2024-07-24 06:49:26
2024-07-24,07:04:26 pm,0,101.883,23.224,2024-07-24 07:04:26
2024-07-24,07:19:26 pm,0,101.865,23.215,2024-07-24 07:19:26
2024-07-24,07:34:26 pm,0,101.856,23.186,2024-07-24 07:34:26
2024-07-24,07:49:26 pm,0,101.854,23.165,2024-07-24 07:49:26
2024-07-24,08:04:26 pm,0,101.853,23.153,2024-07-24 08:04:26
2024-07-24,08:19:26 pm,0,101.843,23.136,2024-07-24 08:19:26
2024-07-24,08:34:26 pm,0,101.839,23.123,2024-07-24 08:34:26
2024-07-24,08:49:26 pm,0,101.845,23.127,2024-07-24 08:49:26
2024-07-24,09:04:26 pm,0,101.861,23.133,2024-07-24 09:04:26
2024-07-24,09:19:26 pm,0,101.862,23.108,2024-07-24 09:19:26
2024-07-24,09:34:26 pm,0,101.853,23.094,2024-07-24 09:34:26
2024-07-24,09:49:26 pm,0,101.861,23.097,2024-07-24 09:49:26
2024-07-24,10:04:26 pm,0,101.863,23.092,2024-07-24 10:04:26
2024-07-24,10:19:26 pm,0,101.866,23.072,2024-07-24 10:19:26
2024-07-24,10:34:26 pm,0,101.859,23.058,2024-07-24 10:34:26
2024-07-24,10:49:26 pm,0,101.872,23.053,2024-07-24 10:49:26
2024-07-24,11:04:26 pm,0,101.869,23.04,2024-07-24 11:04:26
2024-07-24,11:19:26 pm,0,101.865,23.023,2024-07-24 11:19:26
2024-07-24,11:34:26 pm,0,101.858,23.008,2024-07-24 11:34:26
2024-07-24,11:49:26 pm,0,101.841,22.992,2024-07-24 11:49:26
2024-07-25,12:04:26 am,0,101.827,22.975,2024-07-25 12:04:26
2024-07-25,12:19:26 am,0,101.815,22.964,2024-07-25 12:19:26
2024-07-25,12:34:26 am,0,101.808,22.949,2024-07-25 12:34:26
2024-07-25,12:49:26 am,0,101.8,22.935,2024-07-25 12:49:26
2024-07-25,01:04:26 am,0,101.794,22.919,2024-07-25 01:04:26
2024-07-25,01:19:26 am,0,101.782,22.907,2024-07-25 01:19:26
2024-07-25,01:34:26 am,0,101.769,22.891,2024-07-25 01:34:26
2024-07-25,01:49:26 am,0,101.758,22.877,2024-07-25 01:49:26
2024-07-25,02:04:26 am,0,101.75,22.866,2024-07-25 02:04:26
2024-07-25,02:19:26 am,0,101.741,22.857,2024-07-25 02:19:26
2024-07-25,02:34:26 am,0,101.738,22.845,2024-07-25 02:34:26
2024-07-25,02:49:26 am,0,101.733,22.834,2024-07-25 02:49:26
2024-07-25,03:04:26 am,0,101.725,22.824,2024-07-25 03:04:26
2024-07-25,03:19:26 am,0,101.72,22.824,2024-07-25 03:19:26
2024-07-25,03:34:26 am,0,101.715,22.819,2024-07-25 03:34:26
2024-07-25,03:49:26 am,0,101.713,22.812,2024-07-25 03:49:26
2024-07-25,04:04:26 am,0,101.711,22.809,2024-07-25 04:04:26
2024-07-25,04:19:26 am,0,101.714,22.808,2024-07-25 04:19:26
2024-07-25,04:34:26 am,0,101.71,22.804,2024-07-25 04:34:26
2024-07-25,04:49:26 am,0,101.71,22.794,2024-07-25 04:49:26
2024-07-25,05:04:26 am,0,101.703,22.782,2024-07-25 05:04:26
2024-07-25,05:19:26 am,0,101.697,22.766,2024-07-25 05:19:26
2024-07-25,05:34:26 am,0,101.696,22.749,2024-07-25 05:34:26
2024-07-25,05:49:26 am,0,101.694,22.736,2024-07-25 05:49:26
2024-07-25,06:04:26 am,0,101.698,22.722,2024-07-25 06:04:26
2024-07-25,06:19:26 am,0,101.704,22.712,2024-07-25 06:19:26
2024-07-25,06:34:26 am,0,101.714,22.71,2024-07-25 06:34:26
2024-07-25,06:49:26 am,0,101.72,22.702,2024-07-25 06:49:26
2024-07-25,07:04:26 am,0,101.727,22.703,2024-07-25 07:04:26
2024-07-25,07:19:26 am,0,101.767,22.704,2024-07-25 07:19:26
2024-07-25,07:34:26 am,0,101.789,22.709,2024-07-25 07:34:26
2024-07-25,07:49:26 am,0,101.791,22.713,2024-07-25 07:49:26
2024-07-25,08:04:26 am,0,101.793,22.722,2024-07-25 08:04:26
2024-07-25,08:19:26 am,0,101.802,22.736,2024-07-25 08:19:26
2024-07-25,08:34:26 am,0,101.811,22.748,2024-07-25 08:34:26
2024-07-25,08:49:26 am,0,101.825,22.778,2024-07-25 08:49:26
2024-07-25,09:04:26 am,0,101.844,22.812,2024-07-25 09:04:26
2024-07-25,09:19:26 am,0,101.856,22.848,2024-07-25 09:19:26
2024-07-25,09:34:26 am,0,101.873,22.894,2024-07-25 09:34:26
2024-07-25,09:49:26 am,0,101.884,22.943,2024-07-25 09:49:26
2024-07-25,10:04:26 am,0,101.887,22.971,2024-07-25 10:04:26
2024-07-25,10:19:26 am,0,101.899,23.005,2024-07-25 10:19:26
2024-07-25,10:34:26 am,0,101.903,23.065,2024-07-25 10:34:26
2024-07-25,10:49:26 am,0,101.915,23.149,2024-07-25 10:49:26
2024-07-25,11:04:26 am,0,101.937,23.249,2024-07-25 11:04:26
2024-07-25,11:19:26 am,0,101.943,23.298,2024-07-25 11:19:26
2024-07-25,11:34:26 am,0,101.955,23.37,2024-07-25 11:34:26
2024-07-25,11:49:26 am,0,101.955,23.401,2024-07-25 11:49:26
2024-07-25,12:04:26 pm,0,101.955,23.419,2024-07-25 12:04:26
2024-07-25,12:19:26 pm,0,101.965,23.452,2024-07-25 12:19:26
2024-07-25,12:34:26 pm,0,101.988,23.591,2024-07-25 12:34:26
2024-07-25,12:49:26 pm,0,102.015,23.733,2024-07-25 12:49:26
2024-07-25,01:04:26 pm,0,102.006,23.758,2024-07-25 01:04:26
2024-07-25,01:19:26 pm,0,101.989,23.759,2024-07-25 01:19:26
2024-07-25,01:34:26 pm,0,101.979,23.908,2024-07-25 01:34:26
2024-07-25,01:49:26 pm,0,101.952,23.947,2024-07-25 01:49:26
2024-07-25,02:04:26 pm,0,101.926,24.043,2024-07-25 02:04:26
2024-07-25,02:19:26 pm,0,101.915,24.125,2024-07-25 02:19:26
2024-07-25,02:34:26 pm,0,101.893,24.191,2024-07-25 02:34:26
2024-07-25,02:49:26 pm,0,101.88,24.238,2024-07-25 02:49:26
2024-07-25,03:04:26 pm,0,101.821,24.315,2024-07-25 03:04:26
2024-07-25,03:19:26 pm,0,101.81,24.364,2024-07-25 03:19:26
2024-07-25,03:34:26 pm,0,101.794,24.383,2024-07-25 03:34:26
2024-07-25,03:49:26 pm,0,101.792,24.432,2024-07-25 03:49:26
2024-07-25,04:04:26 pm,0,101.801,24.556,2024-07-25 04:04:26
2024-07-25,04:19:26 pm,0,101.801,24.517,2024-07-25 04:19:26
2024-07-25,04:34:26 pm,0,101.793,24.496,2024-07-25 04:34:26
2024-07-25,04:49:26 pm,0,101.784,24.413,2024-07-25 04:49:26
2024-07-25,05:04:26 pm,0,101.772,24.369,2024-07-25 05:04:26
2024-07-25,05:19:26 pm,0,101.759,24.369,2024-07-25 05:19:26
2024-07-25,05:34:26 pm,0,101.752,24.357,2024-07-25 05:34:26
2024-07-25,05:49:26 pm,0,101.748,24.333,2024-07-25 05:49:26
2024-07-25,06:04:26 pm,0,101.74,24.31,2024-07-25 06:04:26
2024-07-25,06:19:26 pm,0,101.734,24.286,2024-07-25 06:19:26
2024-07-25,06:34:26 pm,0,101.727,24.271,2024-07-25 06:34:26
2024-07-25,06:49:26 pm,0,101.717,24.224,2024-07-25 06:49:26
2024-07-25,07:04:26 pm,0,101.708,24.177,2024-07-25 07:04:26
2024-07-25,07:19:26 pm,0,101.705,24.104,2024-07-25 07:19:26
2024-07-25,07:34:26 pm,0,101.702,24.002,2024-07-25 07:34:26
2024-07-25,07:49:26 pm,0,101.703,23.91,2024-07-25 07:49:26
2024-07-25,08:04:26 pm,0,101.724,23.836,2024-07-25 08:04:26
2024-07-25,08:19:26 pm,0,101.73,23.752,2024-07-25 08:19:26
2024-07-25,08:34:26 pm,0,101.731,23.67,2024-07-25 08:34:26
2024-07-25,08:49:26 pm,0,101.719,23.589,2024-07-25 08:49:26
2024-07-25,09:04:26 pm,0,101.693,23.51,2024-07-25 09:04:26
2024-07-25,09:19:26 pm,0,101.696,23.437,2024-07-25 09:19:26
2024-07-25,09:34:26 pm,0,101.712,23.371,2024-07-25 09:34:26
2024-07-25,09:49:26 pm,0,101.705,23.318,2024-07-25 09:49:26
2024-07-25,10:04:26 pm,0,101.708,23.262,2024-07-25 10:04:26
2024-07-25,10:19:26 pm,0,101.697,23.195,2024-07-25 10:19:26
2024-07-25,10:34:26 pm,0,101.694,23.146,2024-07-25 10:34:26
2024-07-25,10:49:26 pm,0,101.711,23.084,2024-07-25 10:49:26
2024-07-25,11:04:26 pm,0,101.689,23.021,2024-07-25 11:04:26
2024-07-25,11:19:26 pm,0,101.666,22.97,2024-07-25 11:19:26
2024-07-25,11:34:26 pm,0,101.638,22.903,2024-07-25 11:34:26
2024-07-25,11:49:26 pm,0,101.626,22.844,2024-07-25 11:49:26
2024-07-26,12:04:26 am,0,101.607,22.787,2024-07-26 12:04:26
2024-07-26,12:19:26 am,0,101.587,22.717,2024-07-26 12:19:26
2024-07-26,12:34:26 am,0,101.572,22.665,2024-07-26 12:34:26
2024-07-26,12:49:26 am,0,101.554,22.606,2024-07-26 12:49:26
2024-07-26,01:04:26 am,0,101.543,22.542,2024-07-26 01:04:26
2024-07-26,01:19:26 am,0,101.526,22.505,2024-07-26 01:19:26
2024-07-26,01:34:26 am,0,101.521,22.459,2024-07-26 01:34:26
2024-07-26,01:49:26 am,0,101.503,22.439,2024-07-26 01:49:26
2024-07-26,02:04:26 am,0,101.499,22.409,2024-07-26 02:04:26
2024-07-26,02:19:26 am,0,101.521,22.383,2024-07-26 02:19:26
2024-07-26,02:34:26 am,0,101.514,22.326,2024-07-26 02:34:26
2024-07-26,02:49:26 am,0,101.517,22.292,2024-07-26 02:49:26
2024-07-26,03:04:26 am,0,101.5,22.264,2024-07-26 03:04:26
2024-07-26,03:19:26 am,0,101.495,22.254,2024-07-26 03:19:26
2024-07-26,03:34:26 am,0,101.486,22.235,2024-07-26 03:34:26
2024-07-26,03:49:26 am,0,101.48,22.219,2024-07-26 03:49:26
2024-07-26,04:04:26 am,0,101.489,22.214,2024-07-26 04:04:26
2024-07-26,04:19:26 am,0,101.5,22.208,2024-07-26 04:19:26
2024-07-26,04:34:26 am,0,101.499,22.204,2024-07-26 04:34:26
2024-07-26,04:49:26 am,0,101.495,22.193,2024-07-26 04:49:26
2024-07-26,05:04:26 am,0,101.501,22.187,2024-07-26 05:04:26
2024-07-26,05:19:26 am,0,101.499,22.179,2024-07-26 05:19:26
2024-07-26,05:34:26 am,0,101.488,22.174,2024-07-26 05:34:26
2024-07-26,05:49:26 am,0,101.493,22.163,2024-07-26 05:49:26
2024-07-26,06:04:26 am,0,101.497,22.156,2024-07-26 06:04:26
2024-07-26,06:19:26 am,0,101.507,22.145,2024-07-26 06:19:26
2024-07-26,06:34:26 am,0,101.516,22.137,2024-07-26 06:34:26
2024-07-26,06:49:26 am,0,101.523,22.122,2024-07-26 06:49:26
2024-07-26,07:04:26 am,0,101.53,22.12,2024-07-26 07:04:26
2024-07-26,07:19:26 am,0,101.544,22.146,2024-07-26 07:19:26
2024-07-26,07:34:26 am,0,101.55,22.181,2024-07-26 07:34:26
2024-07-26,07:49:26 am,0,101.562,22.215,2024-07-26 07:49:26
2024-07-26,08:04:26 am,0,101.577,22.261,2024-07-26 08:04:26
2024-07-26,08:19:26 am,0,101.588,22.307,2024-07-26 08:19:26
2024-07-26,08:34:26 am,0,101.599,22.366,2024-07-26 08:34:26
2024-07-26,08:49:26 am,0,101.614,22.431,2024-07-26 08:49:26
2024-07-26,09:04:26 am,0,101.631,22.505,2024-07-26 09:04:26
2024-07-26,09:19:26 am,0,101.634,22.548,2024-07-26 09:19:26
2024-07-26,09:34:26 am,0,101.648,22.6,2024-07-26 09:34:26
2024-07-26,09:49:26 am,0,101.647,22.641,2024-07-26 09:49:26
2024-07-26,10:04:26 am,0,101.652,22.675,2024-07-26 10:04:26
2024-07-26,10:19:26 am,0,101.658,22.728,2024-07-26 10:19:26
2024-07-26,10:34:26 am,0,101.676,22.8,2024-07-26 10:34:26
2024-07-26,10:49:26 am,0,101.693,22.862,2024-07-26 10:49:26
2024-07-26,11:04:26 am,0,101.701,22.922,2024-07-26 11:04:26
2024-07-26,11:19:26 am,0,101.704,22.972,2024-07-26 11:19:26
2024-07-26,11:34:26 am,0,101.723,23.056,2024-07-26 11:34:26
2024-07-26,11:49:26 am,0,101.72,23.099,2024-07-26 11:49:26
2024-07-26,12:04:26 pm,0,101.729,23.156,2024-07-26 12:04:26
2024-07-26,12:19:26 pm,0,101.753,23.249,2024-07-26 12:19:26
2024-07-26,12:34:26 pm,0,101.74,23.413,2024-07-26 12:34:26
2024-07-26,12:49:26 pm,0,101.729,23.498,2024-07-26 12:49:26
2024-07-26,01:04:26 pm,0,101.697,23.627,2024-07-26 01:04:26
2024-07-26,01:19:26 pm,0,101.681,23.679,2024-07-26 01:19:26
2024-07-26,01:34:26 pm,0,101.586,23.813,2024-07-26 01:34:26
2024-07-26,01:49:26 pm,0,101.583,23.873,2024-07-26 01:49:26
2024-07-26,02:04:26 pm,0,101.576,24.01,2024-07-26 02:04:26
2024-07-26,02:19:26 pm,0,101.567,24.224,2024-07-26 02:19:26
2024-07-26,02:34:26 pm,0,101.461,24.33,2024-07-26 02:34:26
2024-07-26,02:49:26 pm,0,101.466,24.411,2024-07-26 02:49:26
2024-07-26,03:04:26 pm,0,101.469,24.473,2024-07-26 03:04:26
2024-07-26,03:19:26 pm,0,101.45,24.457,2024-07-26 03:19:26
2024-07-26,03:34:26 pm,0,101.441,24.461,2024-07-26 03:34:26
2024-07-26,03:49:26 pm,0,101.434,24.495,2024-07-26 03:49:26
2024-07-26,04:04:26 pm,0,101.431,24.708,2024-07-26 04:04:26
2024-07-26,04:19:26 pm,0,101.423,24.699,2024-07-26 04:19:26
2024-07-26,04:34:26 pm,0,101.425,24.684,2024-07-26 04:34:26
2024-07-26,04:49:26 pm,0,101.413,24.646,2024-07-26 04:49:26
2024-07-26,05:04:26 pm,0,101.399,24.611,2024-07-26 05:04:26
2024-07-26,05:19:26 pm,0,101.402,24.577,2024-07-26 05:19:26
2024-07-26,05:34:26 pm,0,101.395,24.531,2024-07-26 05:34:26
2024-07-26,05:49:26 pm,0,101.377,24.474,2024-07-26 05:49:26
2024-07-26,06:04:26 pm,0,101.371,24.432,2024-07-26 06:04:26
2024-07-26,06:19:26 pm,0,101.368,24.386,2024-07-26 06:19:26
2024-07-26,06:34:26 pm,0,101.374,24.352,2024-07-26 06:34:26
2024-07-26,06:49:26 pm,0,101.376,24.318,2024-07-26 06:49:26
2024-07-26,07:04:26 pm,0,101.377,24.278,2024-07-26 07:04:26
2024-07-26,07:19:26 pm,0,101.384,24.24,2024-07-26 07:19:26
2024-07-26,07:34:26 pm,0,101.377,24.191,2024-07-26 07:34:26
2024-07-26,07:49:26 pm,0,101.362,24.151,2024-07-26 07:49:26
2024-07-26,08:04:26 pm,0,101.346,24.119,2024-07-26 08:04:26
2024-07-26,08:19:26 pm,0,101.34,24.077,2024-07-26 08:19:26
2024-07-26,08:34:26 pm,0,101.34,24.034,2024-07-26 08:34:26
2024-07-26,08:49:26 pm,0,101.335,23.998,2024-07-26 08:49:26
2024-07-26,09:04:26 pm,0,101.326,23.967,2024-07-26 09:04:26
2024-07-26,09:19:26 pm,0,101.32,23.935,2024-07-26 09:19:26
2024-07-26,09:34:26 pm,0,101.324,23.901,2024-07-26 09:34:26
2024-07-26,09:49:26 pm,0,101.327,23.869,2024-07-26 09:49:26
2024-07-26,10:04:26 pm,0,101.32,23.835,2024-07-26 10:04:26
2024-07-26,10:19:26 pm,0,101.308,23.803,2024-07-26 10:19:26
2024-07-26,10:34:26 pm,0,101.303,23.771,2024-07-26 10:34:26
2024-07-26,10:49:26 pm,0,101.291,23.738,2024-07-26 10:49:26
2024-07-26,11:04:26 pm,0,101.275,23.708,2024-07-26 11:04:26
2024-07-26,11:19:26 pm,0,101.255,23.677,2024-07-26 11:19:26
2024-07-26,11:34:26 pm,0,101.245,23.654,2024-07-26 11:34:26
2024-07-26,11:49:26 pm,0,101.238,23.628,2024-07-26 11:49:26
2024-07-27,12:04:26 am,0,101.238,23.6,2024-07-27 12:04:26
2024-07-27,12:19:26 am,0,101.235,23.576,2024-07-27 12:19:26
2024-07-27,12:34:26 am,0,101.23,23.55,2024-07-27 12:34:26
2024-07-27,12:49:26 am,0,101.229,23.522,2024-07-27 12:49:26
2024-07-27,01:04:26 am,0,101.231,23.496,2024-07-27 01:04:26
2024-07-27,01:19:26 am,0,101.228,23.48,2024-07-27 01:19:26
2024-07-27,01:34:26 am,0,101.226,23.464,2024-07-27 01:34:26
2024-07-27,01:49:26 am,0,101.216,23.441,2024-07-27 01:49:26
2024-07-27,02:04:26 am,0,101.215,23.426,2024-07-27 02:04:26
2024-07-27,02:19:26 am,0,101.213,23.406,2024-07-27 02:19:26
2024-07-27,02:34:26 am,0,101.219,23.393,2024-07-27 02:34:26
2024-07-27,02:49:26 am,0,101.223,23.376,2024-07-27 02:49:26
2024-07-27,03:04:26 am,0,101.233,23.357,2024-07-27 03:04:26
2024-07-27,03:19:26 am,0,101.235,23.345,2024-07-27 03:19:26
2024-07-27,03:34:26 am,0,101.25,23.331,2024-07-27 03:34:26
2024-07-27,03:49:26 am,0,101.264,23.318,2024-07-27 03:49:26
2024-07-27,04:04:26 am,0,101.265,23.308,2024-07-27 04:04:26
2024-07-27,04:19:26 am,0,101.264,23.291,2024-07-27 04:19:26
2024-07-27,04:34:26 am,0,101.269,23.274,2024-07-27 04:34:26
2024-07-27,04:49:26 am,0,101.286,23.264,2024-07-27 04:49:26
2024-07-27,05:04:26 am,0,101.291,23.247,2024-07-27 05:04:26
2024-07-27,05:19:26 am,0,101.294,23.232,2024-07-27 05:19:26
2024-07-27,05:34:26 am,0,101.303,23.217,2024-07-27 05:34:26
2024-07-27,05:49:26 am,0,101.326,23.207,2024-07-27 05:49:26
2024-07-27,06:04:26 am,0,101.317,23.189,2024-07-27 06:04:26
2024-07-27,06:19:26 am,0,101.319,23.176,2024-07-27 06:19:26
2024-07-27,06:34:26 am,0,101.318,23.162,2024-07-27 06:34:26
2024-07-27,06:49:26 am,0,101.32,23.155,2024-07-27 06:49:26
2024-07-27,07:04:26 am,0,101.326,23.15,2024-07-27 07:04:26
2024-07-27,07:19:26 am,0,101.329,23.149,2024-07-27 07:19:26
2024-07-27,07:34:26 am,0,101.343,23.154,2024-07-27 07:34:26
2024-07-27,07:49:26 am,0,101.345,23.164,2024-07-27 07:49:26
2024-07-27,08:04:26 am,0,101.356,23.169,2024-07-27 08:04:26
2024-07-27,08:19:26 am,0,101.357,23.186,2024-07-27 08:19:26
2024-07-27,08:34:26 am,0,101.37,23.207,2024-07-27 08:34:26
2024-07-27,08:49:26 am,0,101.379,23.233,2024-07-27 08:49:26
2024-07-27,09:04:26 am,0,101.385,23.278,2024-07-27 09:04:26
2024-07-27,09:19:26 am,0,101.394,23.335,2024-07-27 09:19:26
2024-07-27,09:34:26 am,0,101.412,23.444,2024-07-27 09:34:26
2024-07-27,09:49:26 am,0,101.426,23.516,2024-07-27 09:49:26
2024-07-27,10:04:26 am,0,101.436,23.6,2024-07-27 10:04:26
2024-07-27,10:19:26 am,0,101.458,23.702,2024-07-27 10:19:26
2024-07-27,10:34:26 am,0,101.483,23.834,2024-07-27 10:34:26
2024-07-27,10:49:26 am,0,101.512,23.98,2024-07-27 10:49:26
2024-07-27,11:04:26 am,0,101.534,24.085,2024-07-27 11:04:26
2024-07-27,11:19:26 am,0,101.547,24.171,2024-07-27 11:19:26
2024-07-27,11:34:26 am,0,101.544,24.215,2024-07-27 11:34:26
2024-07-27,11:49:26 am,0,101.529,24.347,2024-07-27 11:49:26
2024-07-27,12:04:26 pm,0,101.53,24.544,2024-07-27 12:04:26
2024-07-27,12:19:26 pm,0,101.45,24.665,2024-07-27 12:19:26
2024-07-27,12:34:26 pm,0,101.43,24.647,2024-07-27 12:34:26
2024-07-27,12:49:26 pm,0,101.422,24.741,2024-07-27 12:49:26
2024-07-27,01:04:26 pm,0,101.409,24.732,2024-07-27 01:04:26
2024-07-27,01:19:26 pm,0,101.412,24.851,2024-07-27 01:19:26
2024-07-27,01:34:26 pm,0,101.395,24.941,2024-07-27 01:34:26
2024-07-27,01:49:26 pm,0,101.381,25.011,2024-07-27 01:49:26
2024-07-27,02:04:26 pm,0,101.367,25.033,2024-07-27 02:04:26
2024-07-27,02:19:26 pm,0,101.367,25.034,2024-07-27 02:19:26
2024-07-27,02:34:26 pm,0,101.348,25.011,2024-07-27 02:34:26
2024-07-27,02:49:26 pm,0,101.286,25.004,2024-07-27 02:49:26
2024-07-27,03:04:26 pm,0,101.207,24.983,2024-07-27 03:04:26
2024-07-27,03:19:26 pm,0,101.221,25.019,2024-07-27 03:19:26
2024-07-27,03:34:26 pm,0,101.214,25.008,2024-07-27 03:34:26
2024-07-27,03:49:26 pm,0,101.229,25.078,2024-07-27 03:49:26
2024-07-27,04:04:26 pm,0,101.247,25.265,2024-07-27 04:04:26
2024-07-27,04:19:26 pm,0,101.227,25.314,2024-07-27 04:19:26
2024-07-27,04:34:26 pm,0,101.227,25.354,2024-07-27 04:34:26
2024-07-27,04:49:26 pm,0,101.221,25.401,2024-07-27 04:49:26
2024-07-27,05:04:26 pm,0,101.228,25.441,2024-07-27 05:04:26
2024-07-27,05:19:26 pm,0,101.234,25.468,2024-07-27 05:19:26
2024-07-27,05:34:26 pm,0,101.24,25.442,2024-07-27 05:34:26
2024-07-27,05:49:26 pm,0,101.235,25.33,2024-07-27 05:49:26
2024-07-27,06:04:26 pm,0,101.234,25.26,2024-07-27 06:04:26
2024-07-27,06:19:26 pm,0,101.232,25.187,2024-07-27 06:19:26
2024-07-27,06:34:26 pm,0,101.237,25.117,2024-07-27 06:34:26
2024-07-27,06:49:26 pm,0,101.254,25.082,2024-07-27 06:49:26
2024-07-27,07:04:26 pm,0,101.265,25.056,2024-07-27 07:04:26
2024-07-27,07:19:26 pm,0,101.281,25.029,2024-07-27 07:19:26
2024-07-27,07:34:26 pm,0,101.279,24.985,2024-07-27 07:34:26
2024-07-27,07:49:26 pm,0,101.302,24.932,2024-07-27 07:49:26
2024-07-27,08:04:26 pm,0,101.309,24.917,2024-07-27 08:04:26
2024-07-27,08:19:26 pm,0,101.274,24.854,2024-07-27 08:19:26
2024-07-27,08:34:26 pm,0,101.262,24.804,2024-07-27 08:34:26
2024-07-27,08:49:26 pm,0,101.289,24.765,2024-07-27 08:49:26
2024-07-27,09:04:26 pm,0,101.321,24.706,2024-07-27 09:04:26
2024-07-27,09:19:26 pm,0,101.356,24.622,2024-07-27 09:19:26
2024-07-27,09:34:26 pm,0,101.368,24.543,2024-07-27 09:34:26
2024-07-27,09:49:26 pm,0,101.39,24.486,2024-07-27 09:49:26
2024-07-27,10:04:26 pm,0,101.396,24.446,2024-07-27 10:04:26
2024-07-27,10:19:26 pm,0,101.385,24.39,2024-07-27 10:19:26
2024-07-27,10:34:26 pm,0,101.385,24.336,2024-07-27 10:34:26
2024-07-27,10:49:26 pm,0,101.402,24.284,2024-07-27 10:49:26
2024-07-27,11:04:26 pm,0,101.391,24.226,2024-07-27 11:04:26
2024-07-27,11:19:26 pm,0,101.38,24.167,2024-07-27 11:19:26
2024-07-27,11:34:26 pm,0,101.367,24.106,2024-07-27 11:34:26
2024-07-27,11:49:26 pm,0,101.356,24.044,2024-07-27 11:49:26
2024-07-28,12:04:26 am,0,101.349,23.986,2024-07-28 12:04:26
2024-07-28,12:19:26 am,0,101.333,23.94,2024-07-28 12:19:26
2024-07-28,12:34:26 am,0,101.323,23.889,2024-07-28 12:34:26
2024-07-28,12:49:26 am,0,101.305,23.839,2024-07-28 12:49:26
2024-07-28,01:04:26 am,0,101.29,23.798,2024-07-28 01:04:26
2024-07-28,01:19:26 am,0,101.267,23.762,2024-07-28 01:19:26
2024-07-28,01:34:26 am,0,101.254,23.716,2024-07-28 01:34:26
2024-07-28,01:49:26 am,0,101.241,23.67,2024-07-28 01:49:26
2024-07-28,02:04:26 am,0,101.283,23.636,2024-07-28 02:04:26
2024-07-28,02:19:26 am,0,101.295,23.607,2024-07-28 02:19:26
2024-07-28,02:34:26 am,0,101.298,23.576,2024-07-28 02:34:26
2024-07-28,02:49:26 am,0,101.302,23.548,2024-07-28 02:49:26
2024-07-28,03:04:26 am,0,101.303,23.518,2024-07-28 03:04:26
2024-07-28,03:19:26 am,0,101.305,23.497,2024-07-28 03:19:26
2024-07-28,03:34:26 am,0,101.313,23.471,2024-07-28 03:34:26
2024-07-28,03:49:26 am,0,101.319,23.446,2024-07-28 03:49:26
2024-07-28,04:04:26 am,0,101.329,23.422,2024-07-28 04:04:26
2024-07-28,04:19:26 am,0,101.343,23.414,2024-07-28 04:19:26
2024-07-28,04:34:26 am,0,101.352,23.402,2024-07-28 04:34:26
2024-07-28,04:49:26 am,0,101.358,23.375,2024-07-28 04:49:26
2024-07-28,05:04:26 am,0,101.368,23.356,2024-07-28 05:04:26
2024-07-28,05:19:26 am,0,101.374,23.337,2024-07-28 05:19:26
2024-07-28,05:34:26 am,0,101.387,23.327,2024-07-28 05:34:26
2024-07-28,05:49:26 am,0,101.403,23.327,2024-07-28 05:49:26
2024-07-28,06:04:26 am,0,101.427,23.326,2024-07-28 06:04:26
2024-07-28,06:19:26 am,0,101.438,23.33,2024-07-28 06:19:26
2024-07-28,06:34:26 am,0,101.453,23.34,2024-07-28 06:34:26
2024-07-28,06:49:26 am,0,101.472,23.359,2024-07-28 06:49:26
2024-07-28,07:04:26 am,0,101.483,23.381,2024-07-28 07:04:26
2024-07-28,07:19:26 am,0,101.497,23.4,2024-07-28 07:19:26
2024-07-28,07:34:26 am,0,101.514,23.447,2024-07-28 07:34:26
2024-07-28,07:49:26 am,0,101.525,23.485,2024-07-28 07:49:26
2024-07-28,08:04:26 am,0,101.532,23.528,2024-07-28 08:04:26
2024-07-28,08:19:26 am,0,101.545,23.582,2024-07-28 08:19:26
2024-07-28,08:34:26 am,0,101.559,23.61,2024-07-28 08:34:26
2024-07-28,08:49:26 am,0,101.577,23.631,2024-07-28 08:49:26
2024-07-28,09:04:26 am,0,101.579,23.679,2024-07-28 09:04:26
2024-07-28,09:19:26 am,0,101.584,23.708,2024-07-28 09:19:26
2024-07-28,09:34:26 am,0,101.595,23.795,2024-07-28 09:34:26
2024-07-28,09:49:26 am,0,101.619,23.952,2024-07-28 09:49:26
2024-07-28,10:04:26 am,0,101.642,24.048,2024-07-28 10:04:26
2024-07-28,10:19:26 am,0,101.651,24.113,2024-07-28 10:19:26
2024-07-28,10:34:26 am,0,101.663,24.159,2024-07-28 10:34:26
2024-07-28,10:49:26 am,0,101.671,24.238,2024-07-28 10:49:26
2024-07-28,11:04:26 am,0,101.678,24.323,2024-07-28 11:04:26
2024-07-28,11:19:26 am,0,101.678,24.38,2024-07-28 11:19:26
2024-07-28,11:34:26 am,0,101.661,24.482,2024-07-28 11:34:26
2024-07-28,11:49:26 am,0,101.648,24.618,2024-07-28 11:49:26
2024-07-28,12:04:26 pm,0,101.636,24.682,2024-07-28 12:04:26
2024-07-28,12:19:26 pm,0,101.613,24.831,2024-07-28 12:19:26
2024-07-28,12:34:26 pm,0,101.578,25.203,2024-07-28 12:34:26
2024-07-28,12:49:26 pm,0,101.575,25.302,2024-07-28 12:49:26
2024-07-28,01:04:26 pm,0,101.569,25.331,2024-07-28 01:04:26
2024-07-28,01:19:26 pm,0,101.569,25.307,2024-07-28 01:19:26
2024-07-28,01:34:26 pm,0,101.524,25.27,2024-07-28 01:34:26
2024-07-28,01:49:26 pm,0,101.514,25.289,2024-07-28 01:49:26
2024-07-28,02:04:26 pm,0,101.394,25.462,2024-07-28 02:04:26
2024-07-28,02:19:26 pm,0,101.365,25.424,2024-07-28 02:19:26
2024-07-28,02:34:26 pm,0,101.346,25.336,2024-07-28 02:34:26
2024-07-28,02:49:26 pm,0,101.368,25.298,2024-07-28 02:49:26
2024-07-28,03:04:26 pm,0,101.374,25.242,2024-07-28 03:04:26
2024-07-28,03:19:26 pm,0,101.349,25.218,2024-07-28 03:19:26
2024-07-28,03:34:26 pm,0,101.366,25.232,2024-07-28 03:34:26
2024-07-28,03:49:26 pm,0,101.349,25.166,2024-07-28 03:49:26
2024-07-28,04:04:26 pm,0,101.344,25.138,2024-07-28 04:04:26
2024-07-28,04:19:26 pm,0,101.325,25.128,2024-07-28 04:19:26
2024-07-28,04:34:26 pm,0,101.33,25.206,2024-07-28 04:34:26
2024-07-28,04:49:26 pm,0,101.372,25.389,2024-07-28 04:49:26
2024-07-28,05:04:26 pm,0,101.357,25.301,2024-07-28 05:04:26
2024-07-28,05:19:26 pm,0,101.363,25.168,2024-07-28 05:19:26
2024-07-28,05:34:26 pm,0,101.432,24.937,2024-07-28 05:34:26
2024-07-28,05:49:26 pm,0,101.66,24.59,2024-07-28 05:49:26
2024-07-28,06:04:26 pm,0,101.664,24.484,2024-07-28 06:04:26
2024-07-28,06:19:26 pm,0,102.56,24.32,2024-07-28 06:19:26
2024-07-28,06:34:26 pm,0,104.209,24.219,2024-07-28 06:34:26
2024-07-28,06:49:26 pm,0,103.826,23.919,2024-07-28 06:49:26
2024-07-28,07:04:26 pm,0,103.333,23.941,2024-07-28 07:04:26
2024-07-28,07:19:26 pm,0,102.762,23.893,2024-07-28 07:19:26
2024-07-28,07:34:26 pm,0,102.56,23.827,2024-07-28 07:34:26
2024-07-28,07:49:26 pm,0,102.382,23.789,2024-07-28 07:49:26
2024-07-28,08:04:26 pm,0,102.189,23.757,2024-07-28 08:04:26
2024-07-28,08:19:26 pm,0,102.122,23.721,2024-07-28 08:19:26
2024-07-28,08:34:26 pm,0,102.065,23.67,2024-07-28 08:34:26
2024-07-28,08:49:26 pm,0,101.993,23.623,2024-07-28 08:49:26
2024-07-28,09:04:26 pm,0,101.979,23.568,2024-07-28 09:04:26
2024-07-28,09:19:26 pm,0,101.957,23.515,2024-07-28 09:19:26
2024-07-28,09:34:26 pm,0,101.907,23.474,2024-07-28 09:34:26
2024-07-28,09:49:26 pm,0,101.896,23.432,2024-07-28 09:49:26
2024-07-28,10:04:26 pm,0,101.874,23.389,2024-07-28 10:04:26
2024-07-28,10:19:26 pm,0,101.861,23.343,2024-07-28 10:19:26
2024-07-28,10:34:26 pm,0,101.866,23.304,2024-07-28 10:34:26
2024-07-28,10:49:26 pm,0,101.839,23.265,2024-07-28 10:49:26
2024-07-28,11:04:26 pm,0,101.812,23.217,2024-07-28 11:04:26
2024-07-28,11:19:26 pm,0,101.784,23.169,2024-07-28 11:19:26
2024-07-28,11:34:26 pm,0,101.804,23.131,2024-07-28 11:34:26
2024-07-28,11:49:26 pm,0,101.772,23.093,2024-07-28 11:49:26
2024-07-29,12:04:26 am,0,101.726,23.06,2024-07-29 12:04:26
2024-07-29,12:19:26 am,0,101.703,23.025,2024-07-29 12:19:26
2024-07-29,12:34:26 am,0,101.678,22.981,2024-07-29 12:34:26
2024-07-29,12:49:26 am,0,101.677,22.953,2024-07-29 12:49:26
2024-07-29,01:04:26 am,0,101.667,22.937,2024-07-29 01:04:26
2024-07-29,01:19:26 am,0,101.651,22.927,2024-07-29 01:19:26
2024-07-29,01:34:26 am,0,101.639,22.917,2024-07-29 01:34:26
2024-07-29,01:49:26 am,0,101.622,22.891,2024-07-29 01:49:26
2024-07-29,02:04:26 am,0,101.609,22.864,2024-07-29 02:04:26
2024-07-29,02:19:26 am,0,101.592,22.839,2024-07-29 02:19:26
2024-07-29,02:34:26 am,0,101.575,22.821,2024-07-29 02:34:26
2024-07-29,02:49:26 am,0,101.568,22.804,2024-07-29 02:49:26
2024-07-29,03:04:26 am,0,101.568,22.783,2024-07-29 03:04:26
2024-07-29,03:19:26 am,0,101.563,22.764,2024-07-29 03:19:26
2024-07-29,03:34:26 am,0,101.548,22.735,2024-07-29 03:34:26
2024-07-29,03:49:26 am,0,101.537,22.695,2024-07-29 03:49:26
2024-07-29,04:04:26 am,0,101.523,22.659,2024-07-29 04:04:26
2024-07-29,04:19:26 am,0,101.531,22.624,2024-07-29 04:19:26
2024-07-29,04:34:26 am,0,101.525,22.579,2024-07-29 04:34:26
2024-07-29,04:49:26 am,0,101.533,22.54,2024-07-29 04:49:26
2024-07-29,05:04:26 am,0,101.548,22.51,2024-07-29 05:04:26
2024-07-29,05:19:26 am,0,101.549,22.461,2024-07-29 05:19:26
2024-07-29,05:34:26 am,0,101.543,22.419,2024-07-29 05:34:26
2024-07-29,05:49:26 am,0,101.547,22.392,2024-07-29 05:49:26
2024-07-29,06:04:26 am,0,101.575,22.374,2024-07-29 06:04:26
2024-07-29,06:19:26 am,0,101.567,22.358,2024-07-29 06:19:26
2024-07-29,06:34:26 am,0,101.574,22.36,2024-07-29 06:34:26
2024-07-29,06:49:26 am,0,101.576,22.364,2024-07-29 06:49:26
2024-07-29,07:04:26 am,0,101.585,22.373,2024-07-29 07:04:26
2024-07-29,07:19:26 am,0,101.598,22.389,2024-07-29 07:19:26
2024-07-29,07:34:26 am,0,101.606,22.41,2024-07-29 07:34:26
2024-07-29,07:49:26 am,0,101.617,22.449,2024-07-29 07:49:26
2024-07-29,08:04:26 am,0,101.617,22.484,2024-07-29 08:04:26
2024-07-29,08:19:26 am,0,101.633,22.546,2024-07-29 08:19:26
2024-07-29,08:34:26 am,0,101.642,22.618,2024-07-29 08:34:26
2024-07-29,08:49:26 am,0,101.654,22.709,2024-07-29 08:49:26
2024-07-29,09:04:26 am,0,101.665,22.806,2024-07-29 09:04:26
2024-07-29,09:19:26 am,0,101.671,22.923,2024-07-29 09:19:26
2024-07-29,09:34:26 am,0,101.673,23.025,2024-07-29 09:34:26
2024-07-29,09:49:26 am,0,101.668,23.148,2024-07-29 09:49:26
2024-07-29,10:04:26 am,0,101.66,23.22,2024-07-29 10:04:26
2024-07-29,10:19:26 am,0,101.667,23.386,2024-07-29 10:19:26
2024-07-29,10:34:26 am,0,101.684,23.525,2024-07-29 10:34:26
2024-07-29,10:49:26 am,0,101.68,23.604,2024-07-29 10:49:26
2024-07-29,11:04:26 am,0,101.698,23.741,2024-07-29 11:04:26
2024-07-29,11:19:26 am,0,101.709,23.872,2024-07-29 11:19:26
2024-07-29,11:34:26 am,0,101.71,23.963,2024-07-29 11:34:26
2024-07-29,11:49:26 am,0,101.713,24.04,2024-07-29 11:49:26
2024-07-29,12:04:26 pm,0,101.714,24.062,2024-07-29 12:04:26
2024-07-29,12:19:26 pm,0,101.597,24.188,2024-07-29 12:19:26
2024-07-29,12:34:26 pm,0,101.634,24.468,2024-07-29 12:34:26
2024-07-29,12:49:26 pm,0,101.63,24.559,2024-07-29 12:49:26
2024-07-29,01:04:26 pm,0,101.608,24.566,2024-07-29 01:04:26
2024-07-29,01:19:26 pm,0,101.581,24.558,2024-07-29 01:19:26
2024-07-29,01:34:26 pm,0,101.553,24.661,2024-07-29 01:34:26
2024-07-29,01:49:26 pm,0,101.534,24.756,2024-07-29 01:49:26
2024-07-29,02:04:26 pm,0,101.451,24.809,2024-07-29 02:04:26
2024-07-29,02:19:26 pm,0,101.465,24.873,2024-07-29 02:19:26
2024-07-29,02:34:26 pm,0,101.421,24.879,2024-07-29 02:34:26
2024-07-29,02:49:26 pm,0,101.388,24.789,2024-07-29 02:49:26
2024-07-29,03:04:26 pm,0,101.373,24.712,2024-07-29 03:04:26
2024-07-29,03:19:26 pm,0,101.363,24.746,2024-07-29 03:19:26
2024-07-29,03:34:26 pm,0,101.358,24.836,2024-07-29 03:34:26
2024-07-29,03:49:26 pm,0,101.346,24.895,2024-07-29 03:49:26
2024-07-29,04:04:26 pm,0,101.35,24.96,2024-07-29 04:04:26
2024-07-29,04:19:26 pm,0,101.334,24.951,2024-07-29 04:19:26
2024-07-29,04:34:26 pm,0,101.335,25.023,2024-07-29 04:34:26
2024-07-29,04:49:26 pm,0,101.335,25.064,2024-07-29 04:49:26
2024-07-29,05:04:26 pm,0,101.341,25.121,2024-07-29 05:04:26
2024-07-29,05:19:26 pm,0,101.333,25.061,2024-07-29 05:19:26
2024-07-29,05:34:26 pm,0,101.336,24.986,2024-07-29 05:34:26
2024-07-29,05:49:26 pm,0,101.329,24.992,2024-07-29 05:49:26
2024-07-29,06:04:26 pm,0,101.351,24.872,2024-07-29 06:04:26
2024-07-29,06:19:26 pm,0,101.296,24.349,2024-07-29 06:19:26
2024-07-29,06:34:26 pm,0,101.322,24.409,2024-07-29 06:34:26
2024-07-29,06:49:26 pm,0,101.609,24.55,2024-07-29 06:49:26
2024-07-29,07:04:26 pm,0,101.69,24.604,2024-07-29 07:04:26
2024-07-29,07:19:26 pm,0,101.682,24.572,2024-07-29 07:19:26
2024-07-29,07:34:26 pm,0,101.691,24.818,2024-07-29 07:34:26
2024-07-29,07:49:26 pm,0,101.579,24.86,2024-07-29 07:49:26
2024-07-29,08:04:26 pm,0,101.52,24.798,2024-07-29 08:04:26
2024-07-29,08:19:26 pm,0,101.476,24.687,2024-07-29 08:19:26
2024-07-29,08:34:26 pm,0,101.425,24.575,2024-07-29 08:34:26
2024-07-29,08:49:26 pm,0,101.39,24.475,2024-07-29 08:49:26
2024-07-29,09:04:26 pm,0,101.363,24.4,2024-07-29 09:04:26
2024-07-29,09:19:26 pm,0,101.353,24.322,2024-07-29 09:19:26
2024-07-29,09:34:26 pm,0,101.367,24.248,2024-07-29 09:34:26
2024-07-29,09:49:26 pm,0,101.361,24.175,2024-07-29 09:49:26
2024-07-29,10:04:26 pm,0,101.354,24.099,2024-07-29 10:04:26
2024-07-29,10:19:26 pm,0,101.346,24.027,2024-07-29 10:19:26
2024-07-29,10:34:26 pm,0,101.352,23.961,2024-07-29 10:34:26
2024-07-29,10:49:26 pm,0,101.329,23.892,2024-07-29 10:49:26
2024-07-29,11:04:26 pm,0,101.323,23.829,2024-07-29 11:04:26
2024-07-29,11:19:26 pm,0,101.292,23.771,2024-07-29 11:19:26
2024-07-29,11:34:26 pm,0,101.281,23.712,2024-07-29 11:34:26
2024-07-29,11:49:26 pm,0,101.289,23.671,2024-07-29 11:49:26
2024-07-30,12:04:26 am,0,101.297,23.629,2024-07-30 12:04:26
2024-07-30,12:19:26 am,0,101.304,23.588,2024-07-30 12:19:26
2024-07-30,12:34:26 am,0,101.303,23.545,2024-07-30 12:34:26
2024-07-30,12:49:26 am,0,101.28,23.494,2024-07-30 12:49:26
2024-07-30,01:04:26 am,0,101.267,23.454,2024-07-30 01:04:26
2024-07-30,01:19:26 am,0,101.251,23.424,2024-07-30 01:19:26
2024-07-30,01:34:26 am,0,101.231,23.389,2024-07-30 01:34:26
2024-07-30,01:49:26 am,0,101.207,23.354,2024-07-30 01:49:26
2024-07-30,02:04:26 am,0,101.189,23.309,2024-07-30 02:04:26
2024-07-30,02:19:26 am,0,101.171,23.28,2024-07-30 02:19:26
2024-07-30,02:34:26 am,0,101.159,23.259,2024-07-30 02:34:26
2024-07-30,02:49:26 am,0,101.145,23.241,2024-07-30 02:49:26
2024-07-30,03:04:26 am,0,101.147,23.229,2024-07-30 03:04:26
2024-07-30,03:19:26 am,0,101.139,23.218,2024-07-30 03:19:26
2024-07-30,03:34:26 am,0,101.142,23.221,2024-07-30 03:34:26
2024-07-30,03:49:26 am,0,101.142,23.21,2024-07-30 03:49:26
2024-07-30,04:04:26 am,0,101.144,23.197,2024-07-30 04:04:26
2024-07-30,04:19:26 am,0,101.145,23.174,2024-07-30 04:19:26
2024-07-30,04:34:26 am,0,101.15,23.13,2024-07-30 04:34:26
2024-07-30,04:49:26 am,0,101.153,23.099,2024-07-30 04:49:26
2024-07-30,05:04:26 am,0,101.17,23.071,2024-07-30 05:04:26
2024-07-30,05:19:26 am,0,101.17,23.041,2024-07-30 05:19:26
2024-07-30,05:34:26 am,0,101.167,23.012,2024-07-30 05:34:26
2024-07-30,05:49:26 am,0,101.161,22.987,2024-07-30 05:49:26
2024-07-30,06:04:26 am,0,101.173,22.953,2024-07-30 06:04:26
2024-07-30,06:19:26 am,0,101.194,22.92,2024-07-30 06:19:26
2024-07-30,06:34:26 am,0,101.256,22.891,2024-07-30 06:34:26
2024-07-30,06:49:26 am,0,101.284,22.881,2024-07-30 06:49:26
2024-07-30,07:04:26 am,0,101.295,22.877,2024-07-30 07:04:26
2024-07-30,07:19:26 am,0,101.309,22.893,2024-07-30 07:19:26
2024-07-30,07:34:26 am,0,101.328,22.923,2024-07-30 07:34:26
2024-07-30,07:49:26 am,0,101.34,22.973,2024-07-30 07:49:26
2024-07-30,08:04:26 am,0,101.362,23.034,2024-07-30 08:04:26
2024-07-30,08:19:26 am,0,101.388,23.095,2024-07-30 08:19:26
2024-07-30,08:34:26 am,0,101.407,23.164,2024-07-30 08:34:26
2024-07-30,08:49:26 am,0,101.429,23.261,2024-07-30 08:49:26
2024-07-30,09:04:26 am,0,101.449,23.351,2024-07-30 09:04:26
2024-07-30,09:19:26 am,0,101.467,23.47,2024-07-30 09:19:26
2024-07-30,09:34:26 am,0,101.484,23.577,2024-07-30 09:34:26
2024-07-30,09:49:26 am,0,101.51,23.689,2024-07-30 09:49:26
2024-07-30,10:04:26 am,0,101.533,23.785,2024-07-30 10:04:26
2024-07-30,10:19:26 am,0,101.547,23.87,2024-07-30 10:19:26
2024-07-30,10:34:26 am,0,101.561,23.954,2024-07-30 10:34:26
2024-07-30,10:49:26 am,0,101.581,24.13,2024-07-30 10:49:26
2024-07-30,11:04:26 am,0,101.586,24.306,2024-07-30 11:04:26
2024-07-30,11:19:26 am,0,101.585,24.424,2024-07-30 11:19:26
2024-07-30,11:34:26 am,0,101.576,24.536,2024-07-30 11:34:26
2024-07-30,11:49:26 am,0,101.559,24.686,2024-07-30 11:49:26
2024-07-30,12:04:26 pm,0,101.541,24.859,2024-07-30 12:04:26
2024-07-30,12:19:26 pm,0,101.495,24.988,2024-07-30 12:19:26
2024-07-30,12:34:26 pm,0,101.506,25.215,2024-07-30 12:34:26
2024-07-30,12:49:26 pm,0,101.49,25.259,2024-07-30 12:49:26
2024-07-30,01:04:26 pm,0,101.468,25.379,2024-07-30 01:04:26
2024-07-30,01:19:26 pm,0,101.375,25.489,2024-07-30 01:19:26
2024-07-30,01:34:26 pm,0,101.373,25.626,2024-07-30 01:34:26
2024-07-30,01:49:26 pm,0,101.361,25.731,2024-07-30 01:49:26
2024-07-30,02:04:26 pm,0,101.353,25.882,2024-07-30 02:04:26
2024-07-30,02:19:26 pm,0,101.256,26.016,2024-07-30 02:19:26
2024-07-30,02:34:26 pm,0,101.258,26.074,2024-07-30 02:34:26
2024-07-30,02:49:26 pm,0,101.245,26.13,2024-07-30 02:49:26
2024-07-30,03:04:26 pm,0,101.244,26.165,2024-07-30 03:04:26
2024-07-30,03:19:26 pm,0,101.234,26.193,2024-07-30 03:19:26
2024-07-30,03:34:26 pm,0,101.229,26.22,2024-07-30 03:34:26
2024-07-30,03:49:26 pm,0,101.223,26.207,2024-07-30 03:49:26
2024-07-30,04:04:26 pm,0,101.226,26.237,2024-07-30 04:04:26
2024-07-30,04:19:26 pm,0,101.226,26.222,2024-07-30 04:19:26
2024-07-30,04:34:26 pm,0,101.208,26.168,2024-07-30 04:34:26
2024-07-30,04:49:26 pm,0,101.195,26.171,2024-07-30 04:49:26
2024-07-30,05:04:26 pm,0,101.186,26.107,2024-07-30 05:04:26
2024-07-30,05:19:26 pm,0,101.162,26.001,2024-07-30 05:19:26
2024-07-30,05:34:26 pm,0,101.171,26,2024-07-30 05:34:26
2024-07-30,05:49:26 pm,0,101.164,25.966,2024-07-30 05:49:26
2024-07-30,06:04:26 pm,0,101.158,25.931,2024-07-30 06:04:26
2024-07-30,06:19:26 pm,0,101.149,25.868,2024-07-30 06:19:26
2024-07-30,06:34:26 pm,0,101.14,25.812,2024-07-30 06:34:26
2024-07-30,06:49:26 pm,0,101.134,25.76,2024-07-30 06:49:26
2024-07-30,07:04:26 pm,0,101.129,25.703,2024-07-30 07:04:26
2024-07-30,07:19:26 pm,0,101.128,25.631,2024-07-30 07:19:26
2024-07-30,07:34:26 pm,0,101.127,25.555,2024-07-30 07:34:26
2024-07-30,07:49:26 pm,0,101.138,25.479,2024-07-30 07:49:26
2024-07-30,08:04:26 pm,0,101.13,25.414,2024-07-30 08:04:26
2024-07-30,08:19:26 pm,0,101.138,25.362,2024-07-30 08:19:26
2024-07-30,08:34:26 pm,0,101.155,25.328,2024-07-30 08:34:26
2024-07-30,08:49:26 pm,0,101.152,25.279,2024-07-30 08:49:26
2024-07-30,09:04:26 pm,0,101.161,25.225,2024-07-30 09:04:26
2024-07-30,09:19:26 pm,0,101.192,25.178,2024-07-30 09:19:26
2024-07-30,09:34:26 pm,0,101.209,25.133,2024-07-30 09:34:26
2024-07-30,09:49:26 pm,0,101.221,25.09,2024-07-30 09:49:26
2024-07-30,10:04:26 pm,0,101.213,25.051,2024-07-30 10:04:26
2024-07-30,10:19:26 pm,0,101.224,25.004,2024-07-30 10:19:26
2024-07-30,10:34:26 pm,0,101.237,24.959,2024-07-30 10:34:26
2024-07-30,10:49:26 pm,0,101.231,24.902,2024-07-30 10:49:26
2024-07-30,11:04:26 pm,0,101.222,24.861,2024-07-30 11:04:26
2024-07-30,11:19:26 pm,0,101.214,24.813,2024-07-30 11:19:26
2024-07-30,11:34:26 pm,0,101.212,24.763,2024-07-30 11:34:26
2024-07-30,11:49:26 pm,0,101.219,24.724,2024-07-30 11:49:26
2024-07-31,12:04:26 am,0,101.205,24.685,2024-07-31 12:04:26
2024-07-31,12:19:26 am,0,101.192,24.646,2024-07-31 12:19:26
2024-07-31,12:34:26 am,0,101.188,24.603,2024-07-31 12:34:26
2024-07-31,12:49:26 am,0,101.174,24.571,2024-07-31 12:49:26
2024-07-31,01:04:26 am,0,101.161,24.533,2024-07-31 01:04:26
2024-07-31,01:19:26 am,0,101.155,24.491,2024-07-31 01:19:26
2024-07-31,01:34:26 am,0,101.155,24.447,2024-07-31 01:34:26
2024-07-31,01:49:26 am,0,101.156,24.402,2024-07-31 01:49:26
2024-07-31,02:04:26 am,0,101.135,24.351,2024-07-31 02:04:26
2024-07-31,02:19:26 am,0,101.119,24.302,2024-07-31 02:19:26
2024-07-31,02:34:26 am,0,101.116,24.256,2024-07-31 02:34:26
2024-07-31,02:49:26 am,0,101.117,24.211,2024-07-31 02:49:26
2024-07-31,03:04:26 am,0,101.105,24.193,2024-07-31 03:04:26
2024-07-31,03:19:26 am,0,101.089,24.167,2024-07-31 03:19:26
2024-07-31,03:34:26 am,0,101.071,24.134,2024-07-31 03:34:26
2024-07-31,03:49:26 am,0,101.072,24.09,2024-07-31 03:49:26
2024-07-31,04:04:26 am,0,101.101,24.068,2024-07-31 04:04:26
2024-07-31,04:19:26 am,0,101.105,24.051,2024-07-31 04:19:26
2024-07-31,04:34:26 am,0,101.116,24.022,2024-07-31 04:34:26
2024-07-31,04:49:26 am,0,101.198,23.985,2024-07-31 04:49:26
2024-07-31,05:04:26 am,0,101.201,23.943,2024-07-31 05:04:26
2024-07-31,05:19:26 am,0,101.196,23.907,2024-07-31 05:19:26
2024-07-31,05:34:26 am,0,101.191,23.861,2024-07-31 05:34:26
2024-07-31,05:49:26 am,0,101.208,23.827,2024-07-31 05:49:26
2024-07-31,06:04:26 am,0,101.213,23.786,2024-07-31 06:04:26
2024-07-31,06:19:26 am,0,101.224,23.741,2024-07-31 06:19:26
2024-07-31,06:34:26 am,0,101.24,23.71,2024-07-31 06:34:26
2024-07-31,06:49:26 am,0,101.25,23.692,2024-07-31 06:49:26
2024-07-31,07:04:26 am,0,101.33,23.68,2024-07-31 07:04:26
2024-07-31,07:19:26 am,0,101.342,23.686,2024-07-31 07:19:26
2024-07-31,07:34:26 am,0,101.352,23.718,2024-07-31 07:34:26
2024-07-31,07:49:26 am,0,101.361,23.759,2024-07-31 07:49:26
2024-07-31,08:04:26 am,0,101.37,23.803,2024-07-31 08:04:26
2024-07-31,08:19:26 am,0,101.389,23.892,2024-07-31 08:19:26
2024-07-31,08:34:26 am,0,101.408,23.991,2024-07-31 08:34:26
2024-07-31,08:49:26 am,0,101.43,24.102,2024-07-31 08:49:26
2024-07-31,09:04:26 am,0,101.446,24.155,2024-07-31 09:04:26
2024-07-31,09:19:26 am,0,101.482,24.274,2024-07-31 09:19:26
2024-07-31,09:34:26 am,0,101.501,24.336,2024-07-31 09:34:26
2024-07-31,09:49:26 am,0,101.524,24.418,2024-07-31 09:49:26
2024-07-31,10:04:26 am,0,101.547,24.524,2024-07-31 10:04:26
2024-07-31,10:19:26 am,0,101.58,24.649,2024-07-31 10:19:26
2024-07-31,10:34:26 am,0,101.595,24.706,2024-07-31 10:34:26
2024-07-31,10:49:26 am,0,101.618,24.79,2024-07-31 10:49:26
2024-07-31,11:04:26 am,0,101.636,24.902,2024-07-31 11:04:26
2024-07-31,11:19:26 am,0,101.65,25.004,2024-07-31 11:19:26
2024-07-31,11:34:26 am,0,101.644,25.176,2024-07-31 11:34:26
2024-07-31,11:49:26 am,0,101.628,25.311,2024-07-31 11:49:26
2024-07-31,12:04:26 pm,0,101.618,25.394,2024-07-31 12:04:26
2024-07-31,12:19:26 pm,0,101.606,25.471,2024-07-31 12:19:26
2024-07-31,12:34:26 pm,0,101.601,25.79,2024-07-31 12:34:26
2024-07-31,12:49:26 pm,0,101.557,25.877,2024-07-31 12:49:26
2024-07-31,01:04:26 pm,0,101.556,25.936,2024-07-31 01:04:26
2024-07-31,01:19:26 pm,0,101.542,26.03,2024-07-31 01:19:26
2024-07-31,01:34:26 pm,0,101.536,26.126,2024-07-31 01:34:26
2024-07-31,01:49:26 pm,0,101.436,26.179,2024-07-31 01:49:26
2024-07-31,02:04:26 pm,0,101.449,26.281,2024-07-31 02:04:26
2024-07-31,02:19:26 pm,0,101.446,26.344,2024-07-31 02:19:26
2024-07-31,02:34:26 pm,0,101.447,26.387,2024-07-31 02:34:26
2024-07-31,02:49:26 pm,0,101.44,26.47,2024-07-31 02:49:26
2024-07-31,03:04:26 pm,0,101.437,26.579,2024-07-31 03:04:26
2024-07-31,03:19:26 pm,0,101.429,26.645,2024-07-31 03:19:26
2024-07-31,03:34:26 pm,0,101.404,26.68,2024-07-31 03:34:26
2024-07-31,03:49:26 pm,0,101.385,26.695,2024-07-31 03:49:26
2024-07-31,04:04:26 pm,0,101.284,26.695,2024-07-31 04:04:26
2024-07-31,04:19:26 pm,0,101.282,26.681,2024-07-31 04:19:26
2024-07-31,04:34:26 pm,0,101.277,26.657,2024-07-31 04:34:26
2024-07-31,04:49:26 pm,0,101.266,26.625,2024-07-31 04:49:26
2024-07-31,05:04:26 pm,0,101.257,26.577,2024-07-31 05:04:26
2024-07-31,05:19:26 pm,0,101.24,26.512,2024-07-31 05:19:26
2024-07-31,05:34:26 pm,0,101.233,26.458,2024-07-31 05:34:26
2024-07-31,05:49:26 pm,0,101.239,26.402,2024-07-31 05:49:26
2024-07-31,06:04:26 pm,0,101.242,26.333,2024-07-31 06:04:26
2024-07-31,06:19:26 pm,0,101.227,26.262,2024-07-31 06:19:26
2024-07-31,06:34:26 pm,0,101.23,26.206,2024-07-31 06:34:26
2024-07-31,06:49:26 pm,0,101.237,26.148,2024-07-31 06:49:26
2024-07-31,07:04:26 pm,0,101.245,26.09,2024-07-31 07:04:26
2024-07-31,07:19:26 pm,0,101.261,26.027,2024-07-31 07:19:26
2024-07-31,07:34:26 pm,0,101.252,25.963,2024-07-31 07:34:26
2024-07-31,07:49:26 pm,0,101.257,25.909,2024-07-31 07:49:26
2024-07-31,08:04:26 pm,0,101.259,25.853,2024-07-31 08:04:26
2024-07-31,08:19:26 pm,0,101.289,25.8,2024-07-31 08:19:26
2024-07-31,08:34:26 pm,0,101.336,25.751,2024-07-31 08:34:26
2024-07-31,08:49:26 pm,0,101.322,25.718,2024-07-31 08:49:26
2024-07-31,09:04:26 pm,0,101.32,25.659,2024-07-31 09:04:26
2024-07-31,09:19:26 pm,0,101.309,25.609,2024-07-31 09:19:26
2024-07-31,09:34:26 pm,0,101.3,25.562,2024-07-31 09:34:26
2024-07-31,09:49:26 pm,0,101.299,25.52,2024-07-31 09:49:26
2024-07-31,10:04:26 pm,0,101.293,25.467,2024-07-31 10:04:26
2024-07-31,10:19:26 pm,0,101.285,25.413,2024-07-31 10:19:26
2024-07-31,10:34:26 pm,0,101.274,25.352,2024-07-31 10:34:26
2024-07-31,10:49:26 pm,0,101.275,25.295,2024-07-31 10:49:26
2024-07-31,11:04:26 pm,0,101.283,25.242,2024-07-31 11:04:26
2024-07-31,11:19:26 pm,0,101.293,25.189,2024-07-31 11:19:26
2024-07-31,11:34:26 pm,0,101.304,25.13,2024-07-31 11:34:26
2024-07-31,11:49:26 pm,0,101.303,25.08,2024-07-31 11:49:26
2024-08-01,12:04:26 am,0,101.311,25.03,2024-08-01 12:04:26
2024-08-01,12:19:26 am,0,101.311,24.991,2024-08-01 12:19:26
2024-08-01,12:34:26 am,0,101.298,24.937,2024-08-01 12:34:26
2024-08-01,12:49:26 am,0,101.293,24.885,2024-08-01 12:49:26
2024-08-01,01:04:26 am,0,101.284,24.831,2024-08-01 01:04:26
2024-08-01,01:19:26 am,0,101.274,24.788,2024-08-01 01:19:26
2024-08-01,01:34:26 am,0,101.26,24.749,2024-08-01 01:34:26
2024-08-01,01:49:26 am,0,101.25,24.703,2024-08-01 01:49:26
2024-08-01,02:04:26 am,0,101.241,24.665,2024-08-01 02:04:26
2024-08-01,02:19:26 am,0,101.235,24.629,2024-08-01 02:19:26
2024-08-01,02:34:26 am,0,101.229,24.581,2024-08-01 02:34:26
2024-08-01,02:49:26 am,0,101.23,24.533,2024-08-01 02:49:26
2024-08-01,03:04:26 am,0,101.225,24.48,2024-08-01 03:04:26
2024-08-01,03:19:26 am,0,101.241,24.44,2024-08-01 03:19:26
2024-08-01,03:34:26 am,0,101.242,24.397,2024-08-01 03:34:26
2024-08-01,03:49:26 am,0,101.236,24.35,2024-08-01 03:49:26
2024-08-01,04:04:26 am,0,101.253,24.302,2024-08-01 04:04:26
2024-08-01,04:19:26 am,0,101.274,24.26,2024-08-01 04:19:26
2024-08-01,04:34:26 am,0,101.295,24.225,2024-08-01 04:34:26
2024-08-01,04:49:26 am,0,101.32,24.19,2024-08-01 04:49:26
2024-08-01,05:04:26 am,0,101.345,24.14,2024-08-01 05:04:26
2024-08-01,05:19:26 am,0,101.37,24.101,2024-08-01 05:19:26
2024-08-01,05:34:26 am,0,101.381,24.069,2024-08-01 05:34:26
2024-08-01,05:49:26 am,0,101.391,24.023,2024-08-01 05:49:26
2024-08-01,06:04:26 am,0,101.397,23.991,2024-08-01 06:04:26
2024-08-01,06:19:26 am,0,101.413,23.956,2024-08-01 06:19:26
2024-08-01,06:34:26 am,0,101.424,23.928,2024-08-01 06:34:26
2024-08-01,06:49:26 am,0,101.451,23.911,2024-08-01 06:49:26
2024-08-01,07:04:26 am,0,101.499,23.904,2024-08-01 07:04:26
2024-08-01,07:19:26 am,0,101.51,23.914,2024-08-01 07:19:26
2024-08-01,07:34:26 am,0,101.541,23.944,2024-08-01 07:34:26
2024-08-01,07:49:26 am,0,101.568,23.999,2024-08-01 07:49:26
2024-08-01,08:04:26 am,0,101.579,24.071,2024-08-01 08:04:26
2024-08-01,08:19:26 am,0,101.593,24.16,2024-08-01 08:19:26
2024-08-01,08:34:26 am,0,101.605,24.255,2024-08-01 08:34:26
2024-08-01,08:49:26 am,0,101.636,24.376,2024-08-01 08:49:26
2024-08-01,09:04:26 am,0,101.656,24.498,2024-08-01 09:04:26
2024-08-01,09:19:26 am,0,101.687,24.64,2024-08-01 09:19:26
2024-08-01,09:34:26 am,0,101.716,24.796,2024-08-01 09:34:26
2024-08-01,09:49:26 am,0,101.741,24.907,2024-08-01 09:49:26
2024-08-01,10:04:26 am,0,101.767,25.034,2024-08-01 10:04:26
2024-08-01,10:19:26 am,0,101.784,25.131,2024-08-01 10:19:26
2024-08-01,10:34:26 am,0,101.811,25.242,2024-08-01 10:34:26
2024-08-01,10:49:26 am,0,101.814,25.376,2024-08-01 10:49:26
2024-08-01,11:04:26 am,0,101.81,25.494,2024-08-01 11:04:26
2024-08-01,11:19:26 am,0,101.8,25.607,2024-08-01 11:19:26
2024-08-01,11:34:26 am,0,101.786,25.695,2024-08-01 11:34:26
2024-08-01,11:49:26 am,0,101.771,25.804,2024-08-01 11:49:26
2024-08-01,12:04:26 pm,0,101.711,25.904,2024-08-01 12:04:26
2024-08-01,12:19:26 pm,0,101.724,26.081,2024-08-01 12:19:26
2024-08-01,12:34:26 pm,0,101.738,26.471,2024-08-01 12:34:26
2024-08-01,12:49:26 pm,0,101.735,26.508,2024-08-01 12:49:26
2024-08-01,01:04:26 pm,0,101.716,26.445,2024-08-01 01:04:26
2024-08-01,01:19:26 pm,0,101.714,26.382,2024-08-01 01:19:26
2024-08-01,01:34:26 pm,0,101.572,26.494,2024-08-01 01:34:26
2024-08-01,01:49:26 pm,0,101.579,26.579,2024-08-01 01:49:26
2024-08-01,02:04:26 pm,0,101.577,26.648,2024-08-01 02:04:26
2024-08-01,02:19:26 pm,0,101.573,26.715,2024-08-01 02:19:26
2024-08-01,02:34:26 pm,0,101.558,26.687,2024-08-01 02:34:26
2024-08-01,02:49:26 pm,0,101.542,26.764,2024-08-01 02:49:26
2024-08-01,03:04:26 pm,0,101.528,26.901,2024-08-01 03:04:26
2024-08-01,03:19:26 pm,0,101.499,26.978,2024-08-01 03:19:26
2024-08-01,03:34:26 pm,0,101.502,27.041,2024-08-01 03:34:26
2024-08-01,03:49:26 pm,0,101.505,27.045,2024-08-01 03:49:26
2024-08-01,04:04:26 pm,0,101.526,27.105,2024-08-01 04:04:26
2024-08-01,04:19:26 pm,0,101.532,27.143,2024-08-01 04:19:26
2024-08-01,04:34:26 pm,0,101.535,27.116,2024-08-01 04:34:26
2024-08-01,04:49:26 pm,0,101.524,27.058,2024-08-01 04:49:26
2024-08-01,05:04:26 pm,0,101.5,27.012,2024-08-01 05:04:26
2024-08-01,05:19:26 pm,0,101.481,26.949,2024-08-01 05:19:26
2024-08-01,05:34:26 pm,0,101.464,26.926,2024-08-01 05:34:26
2024-08-01,05:49:26 pm,0,101.443,26.852,2024-08-01 05:49:26
2024-08-01,06:04:26 pm,0,101.415,26.762,2024-08-01 06:04:26
2024-08-01,06:19:26 pm,0,101.408,26.678,2024-08-01 06:19:26
2024-08-01,06:34:26 pm,0,101.388,26.602,2024-08-01 06:34:26
2024-08-01,06:49:26 pm,0,101.373,26.526,2024-08-01 06:49:26
2024-08-01,07:04:26 pm,0,101.363,26.45,2024-08-01 07:04:26
2024-08-01,07:19:26 pm,0,101.361,26.364,2024-08-01 07:19:26
2024-08-01,07:34:26 pm,0,101.37,26.279,2024-08-01 07:34:26
2024-08-01,07:49:26 pm,0,101.362,26.201,2024-08-01 07:49:26
2024-08-01,08:04:26 pm,0,101.36,26.132,2024-08-01 08:04:26
2024-08-01,08:19:26 pm,0,101.364,26.045,2024-08-01 08:19:26
2024-08-01,08:34:26 pm,0,101.367,25.946,2024-08-01 08:34:26
2024-08-01,08:49:26 pm,0,101.365,25.841,2024-08-01 08:49:26
2024-08-01,09:04:26 pm,0,101.362,25.756,2024-08-01 09:04:26
2024-08-01,09:19:26 pm,0,101.367,25.666,2024-08-01 09:19:26
2024-08-01,09:34:26 pm,0,101.38,25.562,2024-08-01 09:34:26
2024-08-01,09:49:26 pm,0,101.404,25.487,2024-08-01 09:49:26
2024-08-01,10:04:26 pm,0,101.391,25.402,2024-08-01 10:04:26
2024-08-01,10:19:26 pm,0,101.388,25.314,2024-08-01 10:19:26
2024-08-01,10:34:26 pm,0,101.379,25.235,2024-08-01 10:34:26
2024-08-01,10:49:26 pm,0,101.371,25.156,2024-08-01 10:49:26
2024-08-01,11:04:26 pm,0,101.387,25.069,2024-08-01 11:04:26
2024-08-01,11:19:26 pm,0,101.366,24.986,2024-08-01 11:19:26
2024-08-01,11:34:26 pm,0,101.344,24.91,2024-08-01 11:34:26
2024-08-01,11:49:26 pm,0,101.325,24.832,2024-08-01 11:49:26
2024-08-02,12:04:26 am,0,101.312,24.751,2024-08-02 12:04:26
2024-08-02,12:19:26 am,0,101.297,24.675,2024-08-02 12:19:26
2024-08-02,12:34:26 am,0,101.277,24.594,2024-08-02 12:34:26
2024-08-02,12:49:26 am,0,101.257,24.516,2024-08-02 12:49:26
2024-08-02,01:04:26 am,0,101.249,24.435,2024-08-02 01:04:26
2024-08-02,01:19:26 am,0,101.257,24.342,2024-08-02 01:19:26
2024-08-02,01:34:26 am,0,101.245,24.263,2024-08-02 01:34:26
2024-08-02,01:49:26 am,0,101.23,24.188,2024-08-02 01:49:26
2024-08-02,02:04:26 am,0,101.223,24.118,2024-08-02 02:04:26
2024-08-02,02:19:26 am,0,101.203,24.041,2024-08-02 02:19:26
2024-08-02,02:34:26 am,0,101.199,23.96,2024-08-02 02:34:26
2024-08-02,02:49:26 am,0,101.198,23.877,2024-08-02 02:49:26
2024-08-02,03:04:26 am,0,101.206,23.793,2024-08-02 03:04:26
2024-08-02,03:19:26 am,0,101.202,23.699,2024-08-02 03:19:26
2024-08-02,03:34:26 am,0,101.202,23.646,2024-08-02 03:34:26
2024-08-02,03:49:26 am,0,101.203,23.55,2024-08-02 03:49:26
2024-08-02,04:04:26 am,0,101.217,23.482,2024-08-02 04:04:26
2024-08-02,04:19:26 am,0,101.23,23.425,2024-08-02 04:19:26
2024-08-02,04:34:26 am,0,101.233,23.347,2024-08-02 04:34:26
2024-08-02,04:49:26 am,0,101.239,23.263,2024-08-02 04:49:26
2024-08-02,05:04:26 am,0,101.239,23.188,2024-08-02 05:04:26
2024-08-02,05:19:26 am,0,101.248,23.115,2024-08-02 05:19:26
2024-08-02,05:34:26 am,0,101.256,23.035,2024-08-02 05:34:26
2024-08-02,05:49:26 am,0,101.265,22.956,2024-08-02 05:49:26
2024-08-02,06:04:26 am,0,101.301,22.9,2024-08-02 06:04:26
2024-08-02,06:19:26 am,0,101.303,22.84,2024-08-02 06:19:26
2024-08-02,06:34:26 am,0,101.314,22.785,2024-08-02 06:34:26
2024-08-02,06:49:26 am,0,101.315,22.747,2024-08-02 06:49:26
2024-08-02,07:04:26 am,0,101.327,22.731,2024-08-02 07:04:26
2024-08-02,07:19:26 am,0,101.33,22.739,2024-08-02 07:19:26
2024-08-02,07:34:26 am,0,101.34,22.775,2024-08-02 07:34:26
2024-08-02,07:49:26 am,0,101.346,22.837,2024-08-02 07:49:26
2024-08-02,08:04:26 am,0,101.356,22.911,2024-08-02 08:04:26
2024-08-02,08:19:26 am,0,101.371,23.003,2024-08-02 08:19:26
2024-08-02,08:34:26 am,0,101.376,23.113,2024-08-02 08:34:26
2024-08-02,08:49:26 am,0,101.389,23.253,2024-08-02 08:49:26
2024-08-02,09:04:26 am,0,101.418,23.393,2024-08-02 09:04:26
2024-08-02,09:19:26 am,0,101.455,23.571,2024-08-02 09:19:26
2024-08-02,09:34:26 am,0,101.483,23.752,2024-08-02 09:34:26
2024-08-02,09:49:26 am,0,101.508,23.946,2024-08-02 09:49:26
2024-08-02,10:04:26 am,0,101.5,24.087,2024-08-02 10:04:26
2024-08-02,10:19:26 am,0,101.497,24.185,2024-08-02 10:19:26
2024-08-02,10:34:26 am,0,101.486,24.356,2024-08-02 10:34:26
2024-08-02,10:49:26 am,0,101.484,24.508,2024-08-02 10:49:26
2024-08-02,11:04:26 am,0,101.44,24.658,2024-08-02 11:04:26
2024-08-02,11:19:26 am,0,101.448,24.818,2024-08-02 11:19:26
2024-08-02,11:34:26 am,0,101.46,24.998,2024-08-02 11:34:26
2024-08-02,11:49:26 am,0,101.454,25.152,2024-08-02 11:49:26
2024-08-02,12:04:26 pm,0,101.432,25.307,2024-08-02 12:04:26
2024-08-02,12:19:26 pm,0,101.338,25.507,2024-08-02 12:19:26
2024-08-02,12:34:26 pm,0,101.355,26.079,2024-08-02 12:34:26
2024-08-02,12:49:26 pm,0,101.342,26.111,2024-08-02 12:49:26
2024-08-02,01:04:26 pm,0,101.315,26.092,2024-08-02 01:04:26
2024-08-02,01:19:26 pm,0,101.196,26.155,2024-08-02 01:19:26
2024-08-02,01:34:26 pm,0,101.172,26.208,2024-08-02 01:34:26
2024-08-02,01:49:26 pm,0,101.15,26.287,2024-08-02 01:49:26
2024-08-02,02:04:26 pm,0,101.129,26.341,2024-08-02 02:04:26
2024-08-02,02:19:26 pm,0,101.141,26.482,2024-08-02 02:19:26
2024-08-02,02:34:26 pm,0,101.144,26.572,2024-08-02 02:34:26
2024-08-02,02:49:26 pm,0,101.126,26.66,2024-08-02 02:49:26
2024-08-02,03:04:26 pm,0,101.121,26.667,2024-08-02 03:04:26
2024-08-02,03:19:26 pm,0,101.099,26.65,2024-08-02 03:19:26
2024-08-02,03:34:26 pm,0,101.1,26.665,2024-08-02 03:34:26
2024-08-02,03:49:26 pm,0,101.096,26.656,2024-08-02 03:49:26
2024-08-02,04:04:26 pm,0,101.079,26.688,2024-08-02 04:04:26
2024-08-02,04:19:26 pm,0,101.042,26.659,2024-08-02 04:19:26
2024-08-02,04:34:26 pm,0,101.025,26.631,2024-08-02 04:34:26
2024-08-02,04:49:26 pm,0,101.012,26.605,2024-08-02 04:49:26
2024-08-02,05:04:26 pm,0,100.955,26.514,2024-08-02 05:04:26
2024-08-02,05:19:26 pm,0,100.955,26.453,2024-08-02 05:19:26
2024-08-02,05:34:26 pm,0,100.926,26.418,2024-08-02 05:34:26
2024-08-02,05:49:26 pm,0,100.953,26.355,2024-08-02 05:49:26
2024-08-02,06:04:26 pm,0,100.995,26.248,2024-08-02 06:04:26
2024-08-02,06:19:26 pm,0,101.009,26.156,2024-08-02 06:19:26
2024-08-02,06:34:26 pm,0,101.053,25.949,2024-08-02 06:34:26
2024-08-02,06:49:26 pm,0,100.966,25.436,2024-08-02 06:49:26
2024-08-02,07:04:26 pm,0,100.976,25.072,2024-08-02 07:04:26
2024-08-02,07:19:26 pm,0,100.995,24.93,2024-08-02 07:19:26
2024-08-02,07:34:26 pm,0,101.037,24.752,2024-08-02 07:34:26
2024-08-02,07:49:26 pm,0,100.943,24.675,2024-08-02 07:49:26
2024-08-02,08:04:26 pm,0,100.937,24.583,2024-08-02 08:04:26
2024-08-02,08:19:26 pm,0,100.941,24.503,2024-08-02 08:19:26
2024-08-02,08:34:26 pm,0,100.932,24.46,2024-08-02 08:34:26
2024-08-02,08:49:26 pm,0,100.882,24.363,2024-08-02 08:49:26
2024-08-02,09:04:26 pm,0,100.863,24.275,2024-08-02 09:04:26
2024-08-02,09:19:26 pm,0,100.877,24.161,2024-08-02 09:19:26
2024-08-02,09:34:26 pm,0,100.866,24.112,2024-08-02 09:34:26
2024-08-02,09:49:26 pm,0,100.855,24.03,2024-08-02 09:49:26
2024-08-02,10:04:26 pm,0,100.905,23.966,2024-08-02 10:04:26
2024-08-02,10:19:26 pm,0,100.9,23.94,2024-08-02 10:19:26
2024-08-02,10:34:26 pm,0,100.922,23.882,2024-08-02 10:34:26
2024-08-02,10:49:26 pm,0,100.917,23.851,2024-08-02 10:49:26
2024-08-02,11:04:26 pm,0,100.914,23.788,2024-08-02 11:04:26
2024-08-02,11:19:26 pm,0,100.92,23.75,2024-08-02 11:19:26
2024-08-02,11:34:26 pm,0,100.913,23.721,2024-08-02 11:34:26
2024-08-02,11:49:26 pm,0,100.92,23.691,2024-08-02 11:49:26
2024-08-03,12:04:26 am,0,100.929,23.656,2024-08-03 12:04:26
2024-08-03,12:19:26 am,0,100.927,23.631,2024-08-03 12:19:26
2024-08-03,12:34:26 am,0,100.923,23.589,2024-08-03 12:34:26
2024-08-03,12:49:26 am,0,100.91,23.563,2024-08-03 12:49:26
2024-08-03,01:04:26 am,0,100.904,23.549,2024-08-03 01:04:26
2024-08-03,01:19:26 am,0,100.891,23.517,2024-08-03 01:19:26
2024-08-03,01:34:26 am,0,100.883,23.5,2024-08-03 01:34:26
2024-08-03,01:49:26 am,0,100.873,23.459,2024-08-03 01:49:26
2024-08-03,02:04:26 am,0,100.871,23.424,2024-08-03 02:04:26
2024-08-03,02:19:26 am,0,100.866,23.384,2024-08-03 02:19:26
2024-08-03,02:34:26 am,0,100.855,23.357,2024-08-03 02:34:26
2024-08-03,02:49:26 am,0,100.845,23.311,2024-08-03 02:49:26
2024-08-03,03:04:26 am,0,100.843,23.269,2024-08-03 03:04:26
2024-08-03,03:19:26 am,0,100.834,23.218,2024-08-03 03:19:26
2024-08-03,03:34:26 am,0,100.831,23.181,2024-08-03 03:34:26
2024-08-03,03:49:26 am,0,100.825,23.123,2024-08-03 03:49:26
2024-08-03,04:04:26 am,0,100.824,23.082,2024-08-03 04:04:26
2024-08-03,04:19:26 am,0,100.819,23.022,2024-08-03 04:19:26
2024-08-03,04:34:26 am,0,100.836,22.976,2024-08-03 04:34:26
2024-08-03,04:49:26 am,0,100.842,22.908,2024-08-03 04:49:26
2024-08-03,05:04:26 am,0,100.844,22.85,2024-08-03 05:04:26
2024-08-03,05:19:26 am,0,100.841,22.808,2024-08-03 05:19:26
2024-08-03,05:34:26 am,0,100.859,22.751,2024-08-03 05:34:26
2024-08-03,05:49:26 am,0,100.871,22.689,2024-08-03 05:49:26
2024-08-03,06:04:26 am,0,100.876,22.621,2024-08-03 06:04:26
2024-08-03,06:19:26 am,0,100.892,22.558,2024-08-03 06:19:26
2024-08-03,06:34:26 am,0,100.896,22.519,2024-08-03 06:34:26
2024-08-03,06:49:26 am,0,100.896,22.489,2024-08-03 06:49:26
2024-08-03,07:04:26 am,0,100.905,22.482,2024-08-03 07:04:26
2024-08-03,07:19:26 am,0,100.92,22.49,2024-08-03 07:19:26
2024-08-03,07:34:26 am,0,100.943,22.507,2024-08-03 07:34:26
2024-08-03,07:49:26 am,0,100.955,22.566,2024-08-03 07:49:26
2024-08-03,08:04:26 am,0,100.976,22.638,2024-08-03 08:04:26
2024-08-03,08:19:26 am,0,100.996,22.73,2024-08-03 08:19:26
2024-08-03,08:34:26 am,0,101.015,22.834,2024-08-03 08:34:26
2024-08-03,08:49:26 am,0,101.034,22.982,2024-08-03 08:49:26
2024-08-03,09:04:26 am,0,101.062,23.127,2024-08-03 09:04:26
2024-08-03,09:19:26 am,0,101.091,23.256,2024-08-03 09:19:26
2024-08-03,09:34:26 am,0,101.125,23.4,2024-08-03 09:34:26
2024-08-03,09:49:26 am,0,101.166,23.578,2024-08-03 09:49:26
2024-08-03,10:04:26 am,0,101.187,23.698,2024-08-03 10:04:26
2024-08-03,10:19:26 am,0,101.212,23.808,2024-08-03 10:19:26
2024-08-03,10:34:26 am,0,101.232,23.922,2024-08-03 10:34:26
2024-08-03,10:49:26 am,0,101.246,24.046,2024-08-03 10:49:26
2024-08-03,11:04:26 am,0,101.242,24.217,2024-08-03 11:04:26
2024-08-03,11:19:26 am,0,101.226,24.391,2024-08-03 11:19:26
2024-08-03,11:34:26 am,0,101.222,24.583,2024-08-03 11:34:26
2024-08-03,11:49:26 am,0,101.21,24.594,2024-08-03 11:49:26
2024-08-03,12:04:26 pm,0,101.169,24.717,2024-08-03 12:04:26
2024-08-03,12:19:26 pm,0,101.164,24.752,2024-08-03 12:19:26
2024-08-03,12:34:26 pm,0,101.194,25.34,2024-08-03 12:34:26
2024-08-03,12:49:26 pm,0,101.195,25.471,2024-08-03 12:49:26
2024-08-03,01:04:26 pm,0,101.179,25.472,2024-08-03 01:04:26
2024-08-03,01:19:26 pm,0,101.054,25.485,2024-08-03 01:19:26
2024-08-03,01:34:26 pm,0,101.008,25.556,2024-08-03 01:34:26
2024-08-03,01:49:26 pm,0,100.963,25.639,2024-08-03 01:49:26
2024-08-03,02:04:26 pm,0,100.929,25.689,2024-08-03 02:04:26
2024-08-03,02:19:26 pm,0,100.919,25.718,2024-08-03 02:19:26
2024-08-03,02:34:26 pm,0,100.917,25.774,2024-08-03 02:34:26
2024-08-03,02:49:26 pm,0,100.909,25.889,2024-08-03 02:49:26
2024-08-03,03:04:26 pm,0,100.921,25.982,2024-08-03 03:04:26
2024-08-03,03:19:26 pm,0,100.904,25.937,2024-08-03 03:19:26
2024-08-03,03:34:26 pm,0,100.883,25.822,2024-08-03 03:34:26
2024-08-03,03:49:26 pm,0,100.859,25.694,2024-08-03 03:49:26
2024-08-03,04:04:26 pm,0,100.843,25.612,2024-08-03 04:04:26
2024-08-03,04:19:26 pm,0,100.84,25.609,2024-08-03 04:19:26
2024-08-03,04:34:26 pm,0,100.829,25.566,2024-08-03 04:34:26
2024-08-03,04:49:26 pm,0,100.839,25.611,2024-08-03 04:49:26
2024-08-03,05:04:26 pm,0,100.836,25.659,2024-08-03 05:04:26
2024-08-03,05:19:26 pm,0,100.822,25.647,2024-08-03 05:19:26
2024-08-03,05:34:26 pm,0,100.81,25.637,2024-08-03 05:34:26
2024-08-03,05:49:26 pm,0,100.794,25.607,2024-08-03 05:49:26
2024-08-03,06:04:26 pm,0,100.786,25.576,2024-08-03 06:04:26
2024-08-03,06:19:26 pm,0,100.777,25.535,2024-08-03 06:19:26
2024-08-03,06:34:26 pm,0,100.772,25.482,2024-08-03 06:34:26
2024-08-03,06:49:26 pm,0,100.768,25.419,2024-08-03 06:49:26
2024-08-03,07:04:26 pm,0,100.766,25.355,2024-08-03 07:04:26
2024-08-03,07:19:26 pm,0,100.772,25.29,2024-08-03 07:19:26
2024-08-03,07:34:26 pm,0,100.775,25.218,2024-08-03 07:34:26
2024-08-03,07:49:26 pm,0,100.777,25.142,2024-08-03 07:49:26
2024-08-03,08:04:26 pm,0,100.792,25.075,2024-08-03 08:04:26
2024-08-03,08:19:26 pm,0,100.82,24.973,2024-08-03 08:19:26
2024-08-03,08:34:26 pm,0,100.836,24.881,2024-08-03 08:34:26
2024-08-03,08:49:26 pm,0,100.841,24.786,2024-08-03 08:49:26
2024-08-03,09:04:26 pm,0,100.847,24.683,2024-08-03 09:04:26
2024-08-03,09:19:26 pm,0,100.889,24.593,2024-08-03 09:19:26
2024-08-03,09:34:26 pm,0,100.88,24.494,2024-08-03 09:34:26
2024-08-03,09:49:26 pm,0,100.867,24.42,2024-08-03 09:49:26
2024-08-03,10:04:26 pm,0,100.867,24.358,2024-08-03 10:04:26
2024-08-03,10:19:26 pm,0,100.857,24.275,2024-08-03 10:19:26
2024-08-03,10:34:26 pm,0,100.84,24.194,2024-08-03 10:34:26
2024-08-03,10:49:26 pm,0,100.824,24.113,2024-08-03 10:49:26
2024-08-03,11:04:26 pm,0,100.819,24.059,2024-08-03 11:04:26
2024-08-03,11:19:26 pm,0,100.816,23.995,2024-08-03 11:19:26
2024-08-03,11:34:26 pm,0,100.874,23.93,2024-08-03 11:34:26
2024-08-03,11:49:26 pm,0,100.901,23.84,2024-08-03 11:49:26
2024-08-04,12:04:26 am,0,100.899,23.74,2024-08-04 12:04:26
2024-08-04,12:19:26 am,0,100.891,23.705,2024-08-04 12:19:26
2024-08-04,12:34:26 am,0,100.893,23.645,2024-08-04 12:34:26
2024-08-04,12:49:26 am,0,100.88,23.587,2024-08-04 12:49:26
2024-08-04,01:04:26 am,0,100.864,23.517,2024-08-04 01:04:26
2024-08-04,01:19:26 am,0,100.87,23.461,2024-08-04 01:19:26
2024-08-04,01:34:26 am,0,100.873,23.409,2024-08-04 01:34:26
2024-08-04,01:49:26 am,0,100.866,23.345,2024-08-04 01:49:26
2024-08-04,02:04:26 am,0,100.875,23.285,2024-08-04 02:04:26
2024-08-04,02:19:26 am,0,100.862,23.21,2024-08-04 02:19:26
2024-08-04,02:34:26 am,0,100.854,23.164,2024-08-04 02:34:26
2024-08-04,02:49:26 am,0,100.845,23.106,2024-08-04 02:49:26
2024-08-04,03:04:26 am,0,100.83,23.054,2024-08-04 03:04:26
2024-08-04,03:19:26 am,0,100.819,22.989,2024-08-04 03:19:26
2024-08-04,03:34:26 am,0,100.818,22.924,2024-08-04 03:34:26
2024-08-04,03:49:26 am,0,100.817,22.87,2024-08-04 03:49:26
2024-08-04,04:04:26 am,0,100.805,22.814,2024-08-04 04:04:26
2024-08-04,04:19:26 am,0,100.82,22.746,2024-08-04 04:19:26
2024-08-04,04:34:26 am,0,100.838,22.7,2024-08-04 04:34:26
2024-08-04,04:49:26 am,0,100.841,22.609,2024-08-04 04:49:26
2024-08-04,05:04:26 am,0,100.862,22.581,2024-08-04 05:04:26
2024-08-04,05:19:26 am,0,100.872,22.551,2024-08-04 05:19:26
2024-08-04,05:34:26 am,0,100.887,22.497,2024-08-04 05:34:26
2024-08-04,05:49:26 am,0,100.881,22.44,2024-08-04 05:49:26
2024-08-04,06:04:26 am,0,100.897,22.413,2024-08-04 06:04:26
2024-08-04,06:19:26 am,0,100.916,22.38,2024-08-04 06:19:26
2024-08-04,06:34:26 am,0,100.92,22.342,2024-08-04 06:34:26
2024-08-04,06:49:26 am,0,100.942,22.313,2024-08-04 06:49:26
2024-08-04,07:04:26 am,0,100.956,22.309,2024-08-04 07:04:26
2024-08-04,07:19:26 am,0,100.966,22.323,2024-08-04 07:19:26
2024-08-04,07:34:26 am,0,100.985,22.363,2024-08-04 07:34:26
2024-08-04,07:49:26 am,0,101.001,22.419,2024-08-04 07:49:26
2024-08-04,08:04:26 am,0,101.028,22.506,2024-08-04 08:04:26
2024-08-04,08:19:26 am,0,101.045,22.616,2024-08-04 08:19:26
2024-08-04,08:34:26 am,0,101.059,22.733,2024-08-04 08:34:26
2024-08-04,08:49:26 am,0,101.086,22.871,2024-08-04 08:49:26
2024-08-04,09:04:26 am,0,101.112,23.006,2024-08-04 09:04:26
2024-08-04,09:19:26 am,0,101.135,23.152,2024-08-04 09:19:26
2024-08-04,09:34:26 am,0,101.177,23.341,2024-08-04 09:34:26
2024-08-04,09:49:26 am,0,101.206,23.498,2024-08-04 09:49:26
2024-08-04,10:04:26 am,0,101.238,23.671,2024-08-04 10:04:26
2024-08-04,10:19:26 am,0,101.239,23.802,2024-08-04 10:19:26
2024-08-04,10:34:26 am,0,101.238,23.979,2024-08-04 10:34:26
2024-08-04,10:49:26 am,0,101.232,24.147,2024-08-04 10:49:26
2024-08-04,11:04:26 am,0,101.219,24.289,2024-08-04 11:04:26
2024-08-04,11:19:26 am,0,101.181,24.487,2024-08-04 11:19:26
2024-08-04,11:34:26 am,0,101.2,24.623,2024-08-04 11:34:26
2024-08-04,11:49:26 am,0,101.206,24.763,2024-08-04 11:49:26
2024-08-04,12:04:26 pm,0,101.206,24.831,2024-08-04 12:04:26
2024-08-04,12:19:26 pm,0,101.21,25.012,2024-08-04 12:19:26
2024-08-04,12:34:26 pm,0,101.086,25.437,2024-08-04 12:34:26
2024-08-04,12:49:26 pm,0,101.082,25.676,2024-08-04 12:49:26
2024-08-04,01:04:26 pm,0,101.077,25.643,2024-08-04 01:04:26
2024-08-04,01:19:26 pm,0,101.071,25.6,2024-08-04 01:19:26
2024-08-04,01:34:26 pm,0,101.071,25.637,2024-08-04 01:34:26
2024-08-04,01:49:26 pm,0,101.071,25.64,2024-08-04 01:49:26
2024-08-04,02:04:26 pm,0,101.069,25.682,2024-08-04 02:04:26
2024-08-04,02:19:26 pm,0,101.04,25.559,2024-08-04 02:19:26
2024-08-04,02:34:26 pm,0,101.037,25.674,2024-08-04 02:34:26
2024-08-04,02:49:26 pm,0,101.046,25.855,2024-08-04 02:49:26
2024-08-04,03:04:26 pm,0,101.03,25.854,2024-08-04 03:04:26
2024-08-04,03:19:26 pm,0,101.003,25.873,2024-08-04 03:19:26
2024-08-04,03:34:26 pm,0,101.019,25.967,2024-08-04 03:34:26
2024-08-04,03:49:26 pm,0,101.006,26.056,2024-08-04 03:49:26
2024-08-04,04:04:26 pm,0,101.002,26.115,2024-08-04 04:04:26
2024-08-04,04:19:26 pm,0,100.996,26.137,2024-08-04 04:19:26
2024-08-04,04:34:26 pm,0,100.996,26.16,2024-08-04 04:34:26
2024-08-04,04:49:26 pm,0,100.996,26.11,2024-08-04 04:49:26
2024-08-04,05:04:26 pm,0,100.962,25.981,2024-08-04 05:04:26
2024-08-04,05:19:26 pm,0,100.95,25.945,2024-08-04 05:19:26
2024-08-04,05:34:26 pm,0,100.949,25.928,2024-08-04 05:34:26
2024-08-04,05:49:26 pm,0,100.946,25.89,2024-08-04 05:49:26
2024-08-04,06:04:26 pm,0,100.938,25.856,2024-08-04 06:04:26
2024-08-04,06:19:26 pm,0,100.928,25.798,2024-08-04 06:19:26
2024-08-04,06:34:26 pm,0,100.928,25.74,2024-08-04 06:34:26
2024-08-04,06:49:26 pm,0,100.927,25.687,2024-08-04 06:49:26
2024-08-04,07:04:26 pm,0,100.926,25.639,2024-08-04 07:04:26
2024-08-04,07:19:26 pm,0,100.924,25.588,2024-08-04 07:19:26
2024-08-04,07:34:26 pm,0,100.916,25.53,2024-08-04 07:34:26
2024-08-04,07:49:26 pm,0,100.92,25.479,2024-08-04 07:49:26
2024-08-04,08:04:26 pm,0,100.932,25.426,2024-08-04 08:04:26
2024-08-04,08:19:26 pm,0,100.936,25.371,2024-08-04 08:19:26
2024-08-04,08:34:26 pm,0,100.95,25.321,2024-08-04 08:34:26
2024-08-04,08:49:26 pm,0,100.951,25.269,2024-08-04 08:49:26
2024-08-04,09:04:26 pm,0,100.95,25.215,2024-08-04 09:04:26
2024-08-04,09:19:26 pm,0,100.956,25.153,2024-08-04 09:19:26
2024-08-04,09:34:26 pm,0,100.962,25.077,2024-08-04 09:34:26
2024-08-04,09:49:26 pm,0,100.964,25.017,2024-08-04 09:49:26
2024-08-04,10:04:26 pm,0,101.009,24.941,2024-08-04 10:04:26
2024-08-04,10:19:26 pm,0,101.029,24.86,2024-08-04 10:19:26
2024-08-04,10:34:26 pm,0,101.026,24.787,2024-08-04 10:34:26
2024-08-04,10:49:26 pm,0,101.021,24.717,2024-08-04 10:49:26
2024-08-04,11:04:26 pm,0,101.02,24.657,2024-08-04 11:04:26
2024-08-04,11:19:26 pm,0,101.015,24.595,2024-08-04 11:19:26
2024-08-04,11:34:26 pm,0,101.02,24.532,2024-08-04 11:34:26
2024-08-04,11:49:26 pm,0,101.024,24.46,2024-08-04 11:49:26
2024-08-05,12:04:26 am,0,101.024,24.4,2024-08-05 12:04:26
2024-08-05,12:19:26 am,0,101.004,24.342,2024-08-05 12:19:26
2024-08-05,12:34:26 am,0,100.999,24.279,2024-08-05 12:34:26
2024-08-05,12:49:26 am,0,100.98,24.238,2024-08-05 12:49:26
2024-08-05,01:04:26 am,0,100.964,24.188,2024-08-05 01:04:26
2024-08-05,01:19:26 am,0,100.947,24.135,2024-08-05 01:19:26
2024-08-05,01:34:26 am,0,100.928,24.075,2024-08-05 01:34:26
2024-08-05,01:49:26 am,0,100.918,24.009,2024-08-05 01:49:26
2024-08-05,02:04:26 am,0,100.908,23.958,2024-08-05 02:04:26
2024-08-05,02:19:26 am,0,100.904,23.911,2024-08-05 02:19:26
2024-08-05,02:34:26 am,0,100.893,23.853,2024-08-05 02:34:26
2024-08-05,02:49:26 am,0,100.895,23.805,2024-08-05 02:49:26
2024-08-05,03:04:26 am,0,100.913,23.76,2024-08-05 03:04:26
2024-08-05,03:19:26 am,0,100.903,23.687,2024-08-05 03:19:26
2024-08-05,03:34:26 am,0,100.902,23.629,2024-08-05 03:34:26
2024-08-05,03:49:26 am,0,100.904,23.574,2024-08-05 03:49:26
2024-08-05,04:04:26 am,0,100.897,23.505,2024-08-05 04:04:26
2024-08-05,04:19:26 am,0,100.909,23.45,2024-08-05 04:19:26
2024-08-05,04:34:26 am,0,100.929,23.4,2024-08-05 04:34:26
2024-08-05,04:49:26 am,0,100.927,23.339,2024-08-05 04:49:26
2024-08-05,05:04:26 am,0,100.945,23.292,2024-08-05 05:04:26
2024-08-05,05:19:26 am,0,100.969,23.248,2024-08-05 05:19:26
2024-08-05,05:34:26 am,0,100.982,23.19,2024-08-05 05:34:26
2024-08-05,05:49:26 am,0,100.988,23.145,2024-08-05 05:49:26
2024-08-05,06:04:26 am,0,101.007,23.079,2024-08-05 06:04:26
2024-08-05,06:19:26 am,0,101.021,23.03,2024-08-05 06:19:26
2024-08-05,06:34:26 am,0,101.039,22.971,2024-08-05 06:34:26
2024-08-05,06:49:26 am,0,101.048,22.953,2024-08-05 06:49:26
2024-08-05,07:04:26 am,0,101.068,22.957,2024-08-05 07:04:26
2024-08-05,07:19:26 am,0,101.069,22.97,2024-08-05 07:19:26
2024-08-05,07:34:26 am,0,101.085,22.998,2024-08-05 07:34:26
2024-08-05,07:49:26 am,0,101.1,23.047,2024-08-05 07:49:26
2024-08-05,08:04:26 am,0,101.12,23.136,2024-08-05 08:04:26
2024-08-05,08:19:26 am,0,101.143,23.243,2024-08-05 08:19:26
2024-08-05,08:34:26 am,0,101.171,23.358,2024-08-05 08:34:26
2024-08-05,08:49:26 am,0,101.197,23.515,2024-08-05 08:49:26
2024-08-05,09:04:26 am,0,101.229,23.65,2024-08-05 09:04:26
2024-08-05,09:19:26 am,0,101.256,23.811,2024-08-05 09:19:26
2024-08-05,09:34:26 am,0,101.284,23.915,2024-08-05 09:34:26
2024-08-05,09:49:26 am,0,101.313,24.067,2024-08-05 09:49:26
2024-08-05,10:04:26 am,0,101.326,24.201,2024-08-05 10:04:26
2024-08-05,10:19:26 am,0,101.346,24.353,2024-08-05 10:19:26
2024-08-05,10:34:26 am,0,101.339,24.486,2024-08-05 10:34:26
2024-08-05,10:49:26 am,0,101.321,24.605,2024-08-05 10:49:26
2024-08-05,11:04:26 am,0,101.314,24.728,2024-08-05 11:04:26
2024-08-05,11:19:26 am,0,101.313,24.854,2024-08-05 11:19:26
2024-08-05,11:34:26 am,0,101.273,25.017,2024-08-05 11:34:26
2024-08-05,11:49:26 am,0,101.281,25.137,2024-08-05 11:49:26
2024-08-05,12:04:26 pm,0,101.29,25.321,2024-08-05 12:04:26
2024-08-05,12:19:26 pm,0,101.29,25.51,2024-08-05 12:19:26
2024-08-05,12:34:26 pm,0,101.196,26.027,2024-08-05 12:34:26
2024-08-05,12:49:26 pm,0,101.216,26.172,2024-08-05 12:49:26
2024-08-05,01:04:26 pm,0,101.19,26.071,2024-08-05 01:04:26
2024-08-05,01:19:26 pm,0,101.178,26.066,2024-08-05 01:19:26
2024-08-05,01:34:26 pm,0,101.182,26.096,2024-08-05 01:34:26
2024-08-05,01:49:26 pm,0,101.162,26.079,2024-08-05 01:49:26
2024-08-05,02:04:26 pm,0,101.158,26.169,2024-08-05 02:04:26
2024-08-05,02:19:26 pm,0,101.151,26.348,2024-08-05 02:19:26
2024-08-05,02:34:26 pm,0,101.145,26.349,2024-08-05 02:34:26
2024-08-05,02:49:26 pm,0,101.139,26.421,2024-08-05 02:49:26
2024-08-05,03:04:26 pm,0,101.01,26.463,2024-08-05 03:04:26
2024-08-05,03:19:26 pm,0,100.977,26.516,2024-08-05 03:19:26
2024-08-05,03:34:26 pm,0,100.958,26.563,2024-08-05 03:34:26
2024-08-05,03:49:26 pm,0,100.94,26.611,2024-08-05 03:49:26
2024-08-05,04:04:26 pm,0,100.949,26.655,2024-08-05 04:04:26
2024-08-05,04:19:26 pm,0,100.948,26.651,2024-08-05 04:19:26
2024-08-05,04:34:26 pm,0,100.94,26.631,2024-08-05 04:34:26
2024-08-05,04:49:26 pm,0,100.932,26.601,2024-08-05 04:49:26
2024-08-05,05:04:26 pm,0,100.915,26.542,2024-08-05 05:04:26
2024-08-05,05:19:26 pm,0,100.896,26.472,2024-08-05 05:19:26
2024-08-05,05:34:26 pm,0,100.885,26.427,2024-08-05 05:34:26
2024-08-05,05:49:26 pm,0,100.868,26.372,2024-08-05 05:49:26
2024-08-05,06:04:26 pm,0,100.858,26.33,2024-08-05 06:04:26
2024-08-05,06:19:26 pm,0,100.849,26.261,2024-08-05 06:19:26
2024-08-05,06:34:26 pm,0,100.848,26.186,2024-08-05 06:34:26
2024-08-05,06:49:26 pm,0,100.847,26.101,2024-08-05 06:49:26
2024-08-05,07:04:26 pm,0,100.853,26.016,2024-08-05 07:04:26
2024-08-05,07:19:26 pm,0,100.851,25.945,2024-08-05 07:19:26
2024-08-05,07:34:26 pm,0,100.862,25.874,2024-08-05 07:34:26
2024-08-05,07:49:26 pm,0,100.874,25.806,2024-08-05 07:49:26
2024-08-05,08:04:26 pm,0,100.891,25.743,2024-08-05 08:04:26
2024-08-05,08:19:26 pm,0,100.912,25.663,2024-08-05 08:19:26
2024-08-05,08:34:26 pm,0,100.917,25.592,2024-08-05 08:34:26
2024-08-05,08:49:26 pm,0,100.919,25.527,2024-08-05 08:49:26
2024-08-05,09:04:26 pm,0,100.931,25.438,2024-08-05 09:04:26
2024-08-05,09:19:26 pm,0,100.915,25.34,2024-08-05 09:19:26
2024-08-05,09:34:26 pm,0,100.914,25.251,2024-08-05 09:34:26
2024-08-05,09:49:26 pm,0,100.91,25.183,2024-08-05 09:49:26
2024-08-05,10:04:26 pm,0,100.91,25.127,2024-08-05 10:04:26
2024-08-05,10:19:26 pm,0,100.904,25.047,2024-08-05 10:19:26
2024-08-05,10:34:26 pm,0,100.921,24.968,2024-08-05 10:34:26
2024-08-05,10:49:26 pm,0,100.92,24.89,2024-08-05 10:49:26
2024-08-05,11:04:26 pm,0,100.919,24.811,2024-08-05 11:04:26
2024-08-05,11:19:26 pm,0,100.915,24.745,2024-08-05 11:19:26
2024-08-05,11:34:26 pm,0,100.911,24.672,2024-08-05 11:34:26
2024-08-05,11:49:26 pm,0,100.915,24.592,2024-08-05 11:49:26
2024-08-06,12:04:26 am,0,100.912,24.493,2024-08-06 12:04:26
2024-08-06,12:19:26 am,0,100.912,24.419,2024-08-06 12:19:26
2024-08-06,12:34:26 am,0,100.911,24.335,2024-08-06 12:34:26
2024-08-06,12:49:26 am,0,100.904,24.256,2024-08-06 12:49:26
2024-08-06,01:04:26 am,0,100.886,24.151,2024-08-06 01:04:26
2024-08-06,01:19:26 am,0,100.88,24.095,2024-08-06 01:19:26
2024-08-06,01:34:26 am,0,100.88,24.048,2024-08-06 01:34:26
2024-08-06,01:49:26 am,0,100.874,23.972,2024-08-06 01:49:26
2024-08-06,02:04:26 am,0,100.872,23.913,2024-08-06 02:04:26
2024-08-06,02:19:26 am,0,100.869,23.863,2024-08-06 02:19:26
2024-08-06,02:34:26 am,0,100.857,23.791,2024-08-06 02:34:26
2024-08-06,02:49:26 am,0,100.846,23.752,2024-08-06 02:49:26
2024-08-06,03:04:26 am,0,100.838,23.688,2024-08-06 03:04:26
2024-08-06,03:19:26 am,0,100.843,23.62,2024-08-06 03:19:26
2024-08-06,03:34:26 am,0,100.839,23.591,2024-08-06 03:34:26
2024-08-06,03:49:26 am,0,100.83,23.532,2024-08-06 03:49:26
2024-08-06,04:04:26 am,0,100.829,23.468,2024-08-06 04:04:26
2024-08-06,04:19:26 am,0,100.84,23.419,2024-08-06 04:19:26
2024-08-06,04:34:26 am,0,100.845,23.354,2024-08-06 04:34:26
2024-08-06,04:49:26 am,0,100.851,23.285,2024-08-06 04:49:26
2024-08-06,05:04:26 am,0,100.873,23.24,2024-08-06 05:04:26
2024-08-06,05:19:26 am,0,100.886,23.193,2024-08-06 05:19:26
2024-08-06,05:34:26 am,0,100.904,23.152,2024-08-06 05:34:26
2024-08-06,05:49:26 am,0,100.914,23.098,2024-08-06 05:49:26
2024-08-06,06:04:26 am,0,100.913,23.046,2024-08-06 06:04:26
2024-08-06,06:19:26 am,0,100.928,22.99,2024-08-06 06:19:26
2024-08-06,06:34:26 am,0,100.944,22.948,2024-08-06 06:34:26
2024-08-06,06:49:26 am,0,100.955,22.891,2024-08-06 06:49:26
2024-08-06,07:04:26 am,0,100.963,22.888,2024-08-06 07:04:26
2024-08-06,07:19:26 am,0,100.97,22.91,2024-08-06 07:19:26
2024-08-06,07:34:26 am,0,100.981,22.943,2024-08-06 07:34:26
2024-08-06,07:49:26 am,0,100.993,23.005,2024-08-06 07:49:26
2024-08-06,08:04:26 am,0,101.012,23.089,2024-08-06 08:04:26
2024-08-06,08:19:26 am,0,101.03,23.19,2024-08-06 08:19:26
2024-08-06,08:34:26 am,0,101.046,23.292,2024-08-06 08:34:26
2024-08-06,08:49:26 am,0,101.074,23.441,2024-08-06 08:49:26
2024-08-06,09:04:26 am,0,101.102,23.592,2024-08-06 09:04:26
2024-08-06,09:19:26 am,0,101.122,23.709,2024-08-06 09:19:26
2024-08-06,09:34:26 am,0,101.146,23.824,2024-08-06 09:34:26
2024-08-06,09:49:26 am,0,101.174,23.971,2024-08-06 09:49:26
2024-08-06,10:04:26 am,0,101.185,24.123,2024-08-06 10:04:26
2024-08-06,10:19:26 am,0,101.179,24.262,2024-08-06 10:19:26
2024-08-06,10:34:26 am,0,101.182,24.437,2024-08-06 10:34:26
2024-08-06,10:49:26 am,0,101.18,24.612,2024-08-06 10:49:26
2024-08-06,11:04:26 am,0,101.173,24.847,2024-08-06 11:04:26
2024-08-06,11:19:26 am,0,101.145,25.071,2024-08-06 11:19:26
2024-08-06,11:34:26 am,0,101.137,25.219,2024-08-06 11:34:26
2024-08-06,11:49:26 am,0,101.142,25.419,2024-08-06 11:49:26
2024-08-06,12:04:26 pm,0,101.137,25.629,2024-08-06 12:04:26
2024-08-06,12:19:26 pm,0,101.018,25.825,2024-08-06 12:19:26
2024-08-06,12:34:26 pm,0,101.065,26.304,2024-08-06 12:34:26
2024-08-06,12:49:26 pm,0,101.055,26.297,2024-08-06 12:49:26
2024-08-06,01:04:26 pm,0,101.011,26.109,2024-08-06 01:04:26
2024-08-06,01:19:26 pm,0,101.012,26.141,2024-08-06 01:19:26
2024-08-06,01:34:26 pm,0,101,26.125,2024-08-06 01:34:26
2024-08-06,01:49:26 pm,0,100.994,26.268,2024-08-06 01:49:26
2024-08-06,02:04:26 pm,0,100.98,26.388,2024-08-06 02:04:26
2024-08-06,02:19:26 pm,0,100.964,26.478,2024-08-06 02:19:26
2024-08-06,02:34:26 pm,0,100.827,26.517,2024-08-06 02:34:26
2024-08-06,02:49:26 pm,0,100.784,26.587,2024-08-06 02:49:26
2024-08-06,03:04:26 pm,0,100.793,26.695,2024-08-06 03:04:26
2024-08-06,03:19:26 pm,0,100.797,26.729,2024-08-06 03:19:26
2024-08-06,03:34:26 pm,0,100.764,26.631,2024-08-06 03:34:26
2024-08-06,03:49:26 pm,0,100.768,26.678,2024-08-06 03:49:26
2024-08-06,04:04:26 pm,0,100.765,26.7,2024-08-06 04:04:26
2024-08-06,04:19:26 pm,0,100.757,26.717,2024-08-06 04:19:26
2024-08-06,04:34:26 pm,0,100.748,26.715,2024-08-06 04:34:26
2024-08-06,04:49:26 pm,0,100.729,26.671,2024-08-06 04:49:26
2024-08-06,05:04:26 pm,0,100.711,26.636,2024-08-06 05:04:26
2024-08-06,05:19:26 pm,0,100.699,26.58,2024-08-06 05:19:26
2024-08-06,05:34:26 pm,0,100.686,26.54,2024-08-06 05:34:26
2024-08-06,05:49:26 pm,0,100.668,26.482,2024-08-06 05:49:26
2024-08-06,06:04:26 pm,0,100.654,26.43,2024-08-06 06:04:26
2024-08-06,06:19:26 pm,0,100.647,26.361,2024-08-06 06:19:26
2024-08-06,06:34:26 pm,0,100.631,26.292,2024-08-06 06:34:26
2024-08-06,06:49:26 pm,0,100.619,26.219,2024-08-06 06:49:26
2024-08-06,07:04:26 pm,0,100.606,26.13,2024-08-06 07:04:26
2024-08-06,07:19:26 pm,0,100.597,26.047,2024-08-06 07:19:26
2024-08-06,07:34:26 pm,0,100.585,25.95,2024-08-06 07:34:26
2024-08-06,07:49:26 pm,0,100.582,25.858,2024-08-06 07:49:26
2024-08-06,08:04:26 pm,0,100.57,25.763,2024-08-06 08:04:26
2024-08-06,08:19:26 pm,0,100.574,25.646,2024-08-06 08:19:26
2024-08-06,08:34:26 pm,0,100.581,25.534,2024-08-06 08:34:26
2024-08-06,08:49:26 pm,0,100.581,25.449,2024-08-06 08:49:26
2024-08-06,09:04:26 pm,0,100.586,25.312,2024-08-06 09:04:26
2024-08-06,09:19:26 pm,0,100.626,25.213,2024-08-06 09:19:26
2024-08-06,09:34:26 pm,0,100.632,25.118,2024-08-06 09:34:26
2024-08-06,09:49:26 pm,0,100.643,25.008,2024-08-06 09:49:26
2024-08-06,10:04:26 pm,0,100.63,24.945,2024-08-06 10:04:26
2024-08-06,10:19:26 pm,0,100.619,24.88,2024-08-06 10:19:26
2024-08-06,10:34:26 pm,0,100.601,24.782,2024-08-06 10:34:26
2024-08-06,10:49:26 pm,0,100.582,24.675,2024-08-06 10:49:26
2024-08-06,11:04:26 pm,0,100.57,24.583,2024-08-06 11:04:26
2024-08-06,11:19:26 pm,0,100.566,24.514,2024-08-06 11:19:26
2024-08-06,11:34:26 pm,0,100.574,24.45,2024-08-06 11:34:26
2024-08-06,11:49:26 pm,0,100.566,24.375,2024-08-06 11:49:26
2024-08-07,12:04:26 am,0,100.569,24.295,2024-08-07 12:04:26
2024-08-07,12:19:26 am,0,100.573,24.229,2024-08-07 12:19:26
2024-08-07,12:34:26 am,0,100.571,24.148,2024-08-07 12:34:26
2024-08-07,12:49:26 am,0,100.572,24.057,2024-08-07 12:49:26
2024-08-07,01:04:26 am,0,100.574,23.99,2024-08-07 01:04:26
2024-08-07,01:19:26 am,0,100.564,23.906,2024-08-07 01:19:26
2024-08-07,01:34:26 am,0,100.562,23.828,2024-08-07 01:34:26
2024-08-07,01:49:26 am,0,100.556,23.75,2024-08-07 01:49:26
2024-08-07,02:04:26 am,0,100.558,23.68,2024-08-07 02:04:26
2024-08-07,02:19:26 am,0,100.552,23.608,2024-08-07 02:19:26
2024-08-07,02:34:26 am,0,100.538,23.528,2024-08-07 02:34:26
2024-08-07,02:49:26 am,0,100.518,23.442,2024-08-07 02:49:26
2024-08-07,03:04:26 am,0,100.511,23.363,2024-08-07 03:04:26
2024-08-07,03:19:26 am,0,100.512,23.29,2024-08-07 03:19:26
2024-08-07,03:34:26 am,0,100.508,23.24,2024-08-07 03:34:26
2024-08-07,03:49:26 am,0,100.504,23.153,2024-08-07 03:49:26
2024-08-07,04:04:26 am,0,100.499,23.087,2024-08-07 04:04:26
2024-08-07,04:19:26 am,0,100.494,23.01,2024-08-07 04:19:26
2024-08-07,04:34:26 am,0,100.487,22.932,2024-08-07 04:34:26
2024-08-07,04:49:26 am,0,100.491,22.873,2024-08-07 04:49:26
2024-08-07,05:04:26 am,0,100.503,22.825,2024-08-07 05:04:26
2024-08-07,05:19:26 am,0,100.513,22.767,2024-08-07 05:19:26
2024-08-07,05:34:26 am,0,100.521,22.682,2024-08-07 05:34:26
2024-08-07,05:49:26 am,0,100.538,22.615,2024-08-07 05:49:26
2024-08-07,06:04:26 am,0,100.545,22.546,2024-08-07 06:04:26
2024-08-07,06:19:26 am,0,100.556,22.515,2024-08-07 06:19:26
2024-08-07,06:34:26 am,0,100.557,22.471,2024-08-07 06:34:26
2024-08-07,06:49:26 am,0,100.555,22.421,2024-08-07 06:49:26
2024-08-07,07:04:26 am,0,100.564,22.419,2024-08-07 07:04:26
2024-08-07,07:19:26 am,0,100.577,22.43,2024-08-07 07:19:26
2024-08-07,07:34:26 am,0,100.593,22.47,2024-08-07 07:34:26
2024-08-07,07:49:26 am,0,100.602,22.518,2024-08-07 07:49:26
2024-08-07,08:04:26 am,0,100.623,22.615,2024-08-07 08:04:26
2024-08-07,08:19:26 am,0,100.634,22.737,2024-08-07 08:19:26
2024-08-07,08:34:26 am,0,100.654,22.875,2024-08-07 08:34:26
2024-08-07,08:49:26 am,0,100.679,23.038,2024-08-07 08:49:26
2024-08-07,09:04:26 am,0,100.712,23.208,2024-08-07 09:04:26
2024-08-07,09:19:26 am,0,100.741,23.374,2024-08-07 09:19:26
2024-08-07,09:34:26 am,0,100.77,23.528,2024-08-07 09:34:26
2024-08-07,09:49:26 am,0,100.767,23.72,2024-08-07 09:49:26
2024-08-07,10:04:26 am,0,100.766,23.916,2024-08-07 10:04:26
2024-08-07,10:19:26 am,0,100.75,24.071,2024-08-07 10:19:26
2024-08-07,10:34:26 am,0,100.747,24.161,2024-08-07 10:34:26
2024-08-07,10:49:26 am,0,100.695,24.337,2024-08-07 10:49:26
2024-08-07,11:04:26 am,0,100.708,24.616,2024-08-07 11:04:26
2024-08-07,11:19:26 am,0,100.713,24.769,2024-08-07 11:19:26
2024-08-07,11:34:26 am,0,100.709,24.935,2024-08-07 11:34:26
2024-08-07,11:49:26 am,0,100.697,25.144,2024-08-07 11:49:26
2024-08-07,12:04:26 pm,0,100.568,25.339,2024-08-07 12:04:26
2024-08-07,12:19:26 pm,0,100.56,25.588,2024-08-07 12:19:26
2024-08-07,12:34:26 pm,0,100.641,26.162,2024-08-07 12:34:26
2024-08-07,12:49:26 pm,0,100.63,26.337,2024-08-07 12:49:26
2024-08-07,01:04:26 pm,0,100.618,26.323,2024-08-07 01:04:26
2024-08-07,01:19:26 pm,0,100.591,26.244,2024-08-07 01:19:26
2024-08-07,01:34:26 pm,0,100.576,26.284,2024-08-07 01:34:26
2024-08-07,01:49:26 pm,0,100.543,26.325,2024-08-07 01:49:26
2024-08-07,02:04:26 pm,0,100.421,26.3,2024-08-07 02:04:26
2024-08-07,02:19:26 pm,0,100.386,26.212,2024-08-07 02:19:26
2024-08-07,02:34:26 pm,0,100.354,26.219,2024-08-07 02:34:26
2024-08-07,02:49:26 pm,0,100.317,26.382,2024-08-07 02:49:26
2024-08-07,03:04:26 pm,0,100.329,26.504,2024-08-07 03:04:26
2024-08-07,03:19:26 pm,0,100.337,26.601,2024-08-07 03:19:26
2024-08-07,03:34:26 pm,0,100.342,26.729,2024-08-07 03:34:26
2024-08-07,03:49:26 pm,0,100.341,26.779,2024-08-07 03:49:26
2024-08-07,04:04:26 pm,0,100.339,26.818,2024-08-07 04:04:26
2024-08-07,04:19:26 pm,0,100.332,26.833,2024-08-07 04:19:26
2024-08-07,04:34:26 pm,0,100.316,26.817,2024-08-07 04:34:26
2024-08-07,04:49:26 pm,0,100.302,26.802,2024-08-07 04:49:26
2024-08-07,05:04:26 pm,0,100.29,26.78,2024-08-07 05:04:26
2024-08-07,05:19:26 pm,0,100.265,26.703,2024-08-07 05:19:26
2024-08-07,05:34:26 pm,0,100.251,26.649,2024-08-07 05:34:26
2024-08-07,05:49:26 pm,0,100.234,26.588,2024-08-07 05:49:26
2024-08-07,06:04:26 pm,0,100.213,26.509,2024-08-07 06:04:26
2024-08-07,06:19:26 pm,0,100.194,26.415,2024-08-07 06:19:26
2024-08-07,06:34:26 pm,0,100.177,26.323,2024-08-07 06:34:26
2024-08-07,06:49:26 pm,0,100.162,26.225,2024-08-07 06:49:26
2024-08-07,07:04:26 pm,0,100.154,26.138,2024-08-07 07:04:26
2024-08-07,07:19:26 pm,0,100.146,26.058,2024-08-07 07:19:26
2024-08-07,07:34:26 pm,0,100.141,25.988,2024-08-07 07:34:26
2024-08-07,07:49:26 pm,0,100.158,25.986,2024-08-07 07:49:26
2024-08-07,08:04:26 pm,0,100.165,26.024,2024-08-07 08:04:26
2024-08-07,08:19:26 pm,0,100.16,25.996,2024-08-07 08:19:26
2024-08-07,08:34:26 pm,0,100.154,25.941,2024-08-07 08:34:26
2024-08-07,08:49:26 pm,0,100.16,25.859,2024-08-07 08:49:26
2024-08-07,09:04:26 pm,0,100.147,25.761,2024-08-07 09:04:26
2024-08-07,09:19:26 pm,0,100.152,25.674,2024-08-07 09:19:26
2024-08-07,09:34:26 pm,0,100.165,25.605,2024-08-07 09:34:26
2024-08-07,09:49:26 pm,0,100.183,25.557,2024-08-07 09:49:26
2024-08-07,10:04:26 pm,0,100.176,25.518,2024-08-07 10:04:26
2024-08-07,10:19:26 pm,0,100.186,25.483,2024-08-07 10:19:26
2024-08-07,10:34:26 pm,0,100.201,25.458,2024-08-07 10:34:26
2024-08-07,10:49:26 pm,0,100.223,25.423,2024-08-07 10:49:26
2024-08-07,11:04:26 pm,0,100.24,25.384,2024-08-07 11:04:26
2024-08-07,11:19:26 pm,0,100.274,25.346,2024-08-07 11:19:26
2024-08-07,11:34:26 pm,0,100.28,25.305,2024-08-07 11:34:26
2024-08-07,11:49:26 pm,0,100.297,25.245,2024-08-07 11:49:26
2024-08-08,12:04:26 am,0,100.279,25.163,2024-08-08 12:04:26
2024-08-08,12:19:26 am,0,100.265,25.068,2024-08-08 12:19:26
2024-08-08,12:34:26 am,0,100.238,24.957,2024-08-08 12:34:26
2024-08-08,12:49:26 am,0,100.215,24.861,2024-08-08 12:49:26
2024-08-08,01:04:26 am,0,100.191,24.761,2024-08-08 01:04:26
2024-08-08,01:19:26 am,0,100.175,24.667,2024-08-08 01:19:26
2024-08-08,01:34:26 am,0,100.155,24.53,2024-08-08 01:34:26
2024-08-08,01:49:26 am,0,100.148,24.426,2024-08-08 01:49:26
2024-08-08,02:04:26 am,0,100.144,24.329,2024-08-08 02:04:26
2024-08-08,02:19:26 am,0,100.148,24.243,2024-08-08 02:19:26
2024-08-08,02:34:26 am,0,100.134,24.117,2024-08-08 02:34:26
2024-08-08,02:49:26 am,0,100.139,24.039,2024-08-08 02:49:26
2024-08-08,03:04:26 am,0,100.131,23.938,2024-08-08 03:04:26
2024-08-08,03:19:26 am,0,100.13,23.879,2024-08-08 03:19:26
2024-08-08,03:34:26 am,0,100.134,23.805,2024-08-08 03:34:26
2024-08-08,03:49:26 am,0,100.144,23.719,2024-08-08 03:49:26
2024-08-08,04:04:26 am,0,100.133,23.598,2024-08-08 04:04:26
2024-08-08,04:19:26 am,0,100.133,23.497,2024-08-08 04:19:26
2024-08-08,04:34:26 am,0,100.145,23.397,2024-08-08 04:34:26
2024-08-08,04:49:26 am,0,100.15,23.323,2024-08-08 04:49:26
2024-08-08,05:04:26 am,0,100.152,23.227,2024-08-08 05:04:26
2024-08-08,05:19:26 am,0,100.159,23.141,2024-08-08 05:19:26
2024-08-08,05:34:26 am,0,100.167,23.066,2024-08-08 05:34:26
2024-08-08,05:49:26 am,0,100.174,23.004,2024-08-08 05:49:26
2024-08-08,06:04:26 am,0,100.193,22.865,2024-08-08 06:04:26
2024-08-08,06:19:26 am,0,100.206,22.818,2024-08-08 06:19:26
2024-08-08,06:34:26 am,0,100.215,22.75,2024-08-08 06:34:26
2024-08-08,06:49:26 am,0,100.227,22.714,2024-08-08 06:49:26
2024-08-08,07:04:26 am,0,100.239,22.685,2024-08-08 07:04:26
2024-08-08,07:19:26 am,0,100.252,22.687,2024-08-08 07:19:26
2024-08-08,07:34:26 am,0,100.273,22.723,2024-08-08 07:34:26
2024-08-08,07:49:26 am,0,100.29,22.756,2024-08-08 07:49:26
2024-08-08,08:04:26 am,0,100.296,22.783,2024-08-08 08:04:26
2024-08-08,08:19:26 am,0,100.309,22.816,2024-08-08 08:19:26
2024-08-08,08:34:26 am,0,100.305,22.84,2024-08-08 08:34:26
2024-08-08,08:49:26 am,0,100.313,22.895,2024-08-08 08:49:26
2024-08-08,09:04:26 am,0,100.324,22.929,2024-08-08 09:04:26
2024-08-08,09:19:26 am,0,100.332,22.966,2024-08-08 09:19:26
2024-08-08,09:34:26 am,0,100.339,23.01,2024-08-08 09:34:26
2024-08-08,09:49:26 am,0,100.352,23.08,2024-08-08 09:49:26
2024-08-08,10:04:26 am,0,100.365,23.127,2024-08-08 10:04:26
2024-08-08,10:19:26 am,0,100.379,23.173,2024-08-08 10:19:26
2024-08-08,10:34:26 am,0,100.386,23.203,2024-08-08 10:34:26
2024-08-08,10:49:26 am,0,100.398,23.247,2024-08-08 10:49:26
2024-08-08,11:04:26 am,0,100.409,23.32,2024-08-08 11:04:26
2024-08-08,11:19:26 am,0,100.439,23.502,2024-08-08 11:19:26
2024-08-08,11:34:26 am,0,100.481,23.712,2024-08-08 11:34:26
2024-08-08,11:49:26 am,0,100.497,23.807,2024-08-08 11:49:26
2024-08-08,12:04:26 pm,0,100.521,23.872,2024-08-08 12:04:26
2024-08-08,12:19:26 pm,0,100.529,23.946,2024-08-08 12:19:26
2024-08-08,12:34:26 pm,0,100.542,24.019,2024-08-08 12:34:26
2024-08-08,12:49:26 pm,0,100.546,24.018,2024-08-08 12:49:26
2024-08-08,01:04:26 pm,0,100.546,24.032,2024-08-08 01:04:26
2024-08-08,01:19:26 pm,0,100.548,24.045,2024-08-08 01:19:26
2024-08-08,01:34:26 pm,0,100.547,24.088,2024-08-08 01:34:26
2024-08-08,01:49:26 pm,0,100.551,24.115,2024-08-08 01:49:26
2024-08-08,02:04:26 pm,0,100.549,24.113,2024-08-08 02:04:26
2024-08-08,02:19:26 pm,0,100.551,24.116,2024-08-08 02:19:26
2024-08-08,02:34:26 pm,0,100.548,24.15,2024-08-08 02:34:26
2024-08-08,02:49:26 pm,0,100.542,24.221,2024-08-08 02:49:26
2024-08-08,03:04:26 pm,0,100.552,24.285,2024-08-08 03:04:26
2024-08-08,03:19:26 pm,0,100.544,24.327,2024-08-08 03:19:26
2024-08-08,03:34:26 pm,0,100.548,24.405,2024-08-08 03:34:26
2024-08-08,03:49:26 pm,0,100.555,24.456,2024-08-08 03:49:26
2024-08-08,04:04:26 pm,0,100.557,24.514,2024-08-08 04:04:26
2024-08-08,04:19:26 pm,0,100.545,24.56,2024-08-08 04:19:26
2024-08-08,04:34:26 pm,0,100.53,24.623,2024-08-08 04:34:26
2024-08-08,04:49:26 pm,0,100.528,24.704,2024-08-08 04:49:26
2024-08-08,05:04:26 pm,0,100.529,24.768,2024-08-08 05:04:26
2024-08-08,05:19:26 pm,0,100.521,24.787,2024-08-08 05:19:26
2024-08-08,05:34:26 pm,0,100.501,24.798,2024-08-08 05:34:26
2024-08-08,05:49:26 pm,0,100.505,24.814,2024-08-08 05:49:26
2024-08-08,06:04:26 pm,0,100.49,24.816,2024-08-08 06:04:26
2024-08-08,06:19:26 pm,0,100.483,24.794,2024-08-08 06:19:26
2024-08-08,06:34:26 pm,0,100.432,24.773,2024-08-08 06:34:26
2024-08-08,06:49:26 pm,0,100.435,24.743,2024-08-08 06:49:26
2024-08-08,07:04:26 pm,0,100.434,24.693,2024-08-08 07:04:26
2024-08-08,07:19:26 pm,0,100.448,24.665,2024-08-08 07:19:26
2024-08-08,07:34:26 pm,0,100.455,24.653,2024-08-08 07:34:26
2024-08-08,07:49:26 pm,0,100.454,24.608,2024-08-08 07:49:26
2024-08-08,08:04:26 pm,0,100.447,24.56,2024-08-08 08:04:26
2024-08-08,08:19:26 pm,0,100.439,24.492,2024-08-08 08:19:26
2024-08-08,08:34:26 pm,0,100.468,24.421,2024-08-08 08:34:26
2024-08-08,08:49:26 pm,0,100.5,24.327,2024-08-08 08:49:26
2024-08-08,09:04:26 pm,0,100.528,24.254,2024-08-08 09:04:26
2024-08-08,09:19:26 pm,0,100.542,24.208,2024-08-08 09:19:26
2024-08-08,09:34:26 pm,0,100.549,24.151,2024-08-08 09:34:26
2024-08-08,09:49:26 pm,0,100.543,24.091,2024-08-08 09:49:26
2024-08-08,10:04:26 pm,0,100.558,24.034,2024-08-08 10:04:26
2024-08-08,10:19:26 pm,0,100.54,23.975,2024-08-08 10:19:26
2024-08-08,10:34:26 pm,0,100.543,23.872,2024-08-08 10:34:26
2024-08-08,10:49:26 pm,0,100.543,23.807,2024-08-08 10:49:26
2024-08-08,11:04:26 pm,0,100.535,23.76,2024-08-08 11:04:26
2024-08-08,11:19:26 pm,0,100.522,23.685,2024-08-08 11:19:26
2024-08-08,11:34:26 pm,0,100.518,23.654,2024-08-08 11:34:26
2024-08-08,11:49:26 pm,0,100.514,23.658,2024-08-08 11:49:26
2024-08-09,12:04:26 am,0,100.509,23.644,2024-08-09 12:04:26
2024-08-09,12:19:26 am,0,100.501,23.595,2024-08-09 12:19:26
2024-08-09,12:34:26 am,0,100.49,23.534,2024-08-09 12:34:26
2024-08-09,12:49:26 am,0,100.477,23.479,2024-08-09 12:49:26
2024-08-09,01:04:26 am,0,100.465,23.424,2024-08-09 01:04:26
2024-08-09,01:19:26 am,0,100.459,23.355,2024-08-09 01:19:26
2024-08-09,01:34:26 am,0,100.469,23.329,2024-08-09 01:34:26
2024-08-09,01:49:26 am,0,100.468,23.302,2024-08-09 01:49:26
2024-08-09,02:04:26 am,0,100.466,23.279,2024-08-09 02:04:26
2024-08-09,02:19:26 am,0,100.475,23.274,2024-08-09 02:19:26
2024-08-09,02:34:26 am,0,100.468,23.256,2024-08-09 02:34:26
2024-08-09,02:49:26 am,0,100.47,23.193,2024-08-09 02:49:26
2024-08-09,03:04:26 am,0,100.49,23.144,2024-08-09 03:04:26
2024-08-09,03:19:26 am,0,100.494,23.129,2024-08-09 03:19:26
2024-08-09,03:34:26 am,0,100.487,23.106,2024-08-09 03:34:26
2024-08-09,03:49:26 am,0,100.494,23.061,2024-08-09 03:49:26
2024-08-09,04:04:26 am,0,100.508,23.039,2024-08-09 04:04:26
2024-08-09,04:19:26 am,0,100.518,22.989,2024-08-09 04:19:26
2024-08-09,04:34:26 am,0,100.516,22.928,2024-08-09 04:34:26
2024-08-09,04:49:26 am,0,100.531,22.893,2024-08-09 04:49:26
2024-08-09,05:04:26 am,0,100.552,22.849,2024-08-09 05:04:26
2024-08-09,05:19:26 am,0,100.569,22.795,2024-08-09 05:19:26
2024-08-09,05:34:26 am,0,100.592,22.711,2024-08-09 05:34:26
2024-08-09,05:49:26 am,0,100.61,22.67,2024-08-09 05:49:26
2024-08-09,06:04:26 am,0,100.62,22.643,2024-08-09 06:04:26
2024-08-09,06:19:26 am,0,100.632,22.604,2024-08-09 06:19:26
2024-08-09,06:34:26 am,0,100.681,22.522,2024-08-09 06:34:26
2024-08-09,06:49:26 am,0,100.711,22.474,2024-08-09 06:49:26
2024-08-09,07:04:26 am,0,100.734,22.493,2024-08-09 07:04:26
2024-08-09,07:19:26 am,0,100.758,22.541,2024-08-09 07:19:26
2024-08-09,07:34:26 am,0,100.78,22.593,2024-08-09 07:34:26
2024-08-09,07:49:26 am,0,100.796,22.653,2024-08-09 07:49:26
2024-08-09,08:04:26 am,0,100.811,22.741,2024-08-09 08:04:26
2024-08-09,08:19:26 am,0,100.838,22.84,2024-08-09 08:19:26
2024-08-09,08:34:26 am,0,100.861,22.963,2024-08-09 08:34:26
2024-08-09,08:49:26 am,0,100.884,23.092,2024-08-09 08:49:26
2024-08-09,09:04:26 am,0,100.915,23.206,2024-08-09 09:04:26
2024-08-09,09:19:26 am,0,100.929,23.311,2024-08-09 09:19:26
2024-08-09,09:34:26 am,0,100.955,23.412,2024-08-09 09:34:26
2024-08-09,09:49:26 am,0,100.987,23.545,2024-08-09 09:49:26
2024-08-09,10:04:26 am,0,101.019,23.693,2024-08-09 10:04:26
2024-08-09,10:19:26 am,0,101.042,23.822,2024-08-09 10:19:26
2024-08-09,10:34:26 am,0,101.052,23.925,2024-08-09 10:34:26
2024-08-09,10:49:26 am,0,101.058,24.047,2024-08-09 10:49:26
2024-08-09,11:04:26 am,0,101.059,24.185,2024-08-09 11:04:26
2024-08-09,11:19:26 am,0,101.054,24.393,2024-08-09 11:19:26
2024-08-09,11:34:26 am,0,101.062,24.572,2024-08-09 11:34:26
2024-08-09,11:49:26 am,0,101.023,24.751,2024-08-09 11:49:26
2024-08-09,12:04:26 pm,0,101.028,24.863,2024-08-09 12:04:26
2024-08-09,12:19:26 pm,0,101.037,25.011,2024-08-09 12:19:26
2024-08-09,12:34:26 pm,0,101.054,25.235,2024-08-09 12:34:26
2024-08-09,12:49:26 pm,0,101.068,25.504,2024-08-09 12:49:26
2024-08-09,01:04:26 pm,0,101.056,25.428,2024-08-09 01:04:26
2024-08-09,01:19:26 pm,0,101.042,25.327,2024-08-09 01:19:26
2024-08-09,01:34:26 pm,0,101.027,25.232,2024-08-09 01:34:26
2024-08-09,01:49:26 pm,0,101.034,25.27,2024-08-09 01:49:26
2024-08-09,02:04:26 pm,0,101.001,25.566,2024-08-09 02:04:26
2024-08-09,02:19:26 pm,0,100.944,25.785,2024-08-09 02:19:26
2024-08-09,02:34:26 pm,0,100.955,25.822,2024-08-09 02:34:26
2024-08-09,02:49:26 pm,0,100.973,25.982,2024-08-09 02:49:26
2024-08-09,03:04:26 pm,0,100.963,25.949,2024-08-09 03:04:26
2024-08-09,03:19:26 pm,0,100.974,26.03,2024-08-09 03:19:26
2024-08-09,03:34:26 pm,0,100.984,26.149,2024-08-09 03:34:26
2024-08-09,03:49:26 pm,0,100.98,26.147,2024-08-09 03:49:26
2024-08-09,04:04:26 pm,0,100.97,26.079,2024-08-09 04:04:26
2024-08-09,04:19:26 pm,0,100.966,26.047,2024-08-09 04:19:26
2024-08-09,04:34:26 pm,0,100.959,26.035,2024-08-09 04:34:26
2024-08-09,04:49:26 pm,0,100.952,25.991,2024-08-09 04:49:26
2024-08-09,05:04:26 pm,0,100.94,25.954,2024-08-09 05:04:26
2024-08-09,05:19:26 pm,0,100.928,25.896,2024-08-09 05:19:26
2024-08-09,05:34:26 pm,0,100.913,25.844,2024-08-09 05:34:26
2024-08-09,05:49:26 pm,0,100.903,25.768,2024-08-09 05:49:26
2024-08-09,06:04:26 pm,0,100.904,25.716,2024-08-09 06:04:26
2024-08-09,06:19:26 pm,0,100.906,25.682,2024-08-09 06:19:26
2024-08-09,06:34:26 pm,0,100.906,25.642,2024-08-09 06:34:26
2024-08-09,06:49:26 pm,0,100.902,25.611,2024-08-09 06:49:26
2024-08-09,07:04:26 pm,0,100.899,25.546,2024-08-09 07:04:26
2024-08-09,07:19:26 pm,0,100.889,25.425,2024-08-09 07:19:26
2024-08-09,07:34:26 pm,0,100.882,25.303,2024-08-09 07:34:26
2024-08-09,07:49:26 pm,0,100.884,25.158,2024-08-09 07:49:26
2024-08-09,08:04:26 pm,0,100.885,25.016,2024-08-09 08:04:26
2024-08-09,08:19:26 pm,0,100.889,24.847,2024-08-09 08:19:26
2024-08-09,08:34:26 pm,0,100.911,24.688,2024-08-09 08:34:26
2024-08-09,08:49:26 pm,0,100.933,24.55,2024-08-09 08:49:26
2024-08-09,09:04:26 pm,0,100.962,24.45,2024-08-09 09:04:26
2024-08-09,09:19:26 pm,0,100.973,24.413,2024-08-09 09:19:26
2024-08-09,09:34:26 pm,0,100.969,24.337,2024-08-09 09:34:26
2024-08-09,09:49:26 pm,0,100.952,24.225,2024-08-09 09:49:26
2024-08-09,10:04:26 pm,0,100.954,24.14,2024-08-09 10:04:26
2024-08-09,10:19:26 pm,0,100.951,24.073,2024-08-09 10:19:26
2024-08-09,10:34:26 pm,0,100.946,23.97,2024-08-09 10:34:26
2024-08-09,10:49:26 pm,0,100.959,23.869,2024-08-09 10:49:26
2024-08-09,11:04:26 pm,0,100.966,23.778,2024-08-09 11:04:26
2024-08-09,11:19:26 pm,0,100.973,23.672,2024-08-09 11:19:26
2024-08-09,11:34:26 pm,0,100.989,23.578,2024-08-09 11:34:26
2024-08-09,11:49:26 pm,0,101.005,23.483,2024-08-09 11:49:26
2024-08-10,12:04:26 am,0,101.016,23.397,2024-08-10 12:04:26
2024-08-10,12:19:26 am,0,101.016,23.286,2024-08-10 12:19:26
2024-08-10,12:34:26 am,0,101.019,23.237,2024-08-10 12:34:26
2024-08-10,12:49:26 am,0,101.023,23.124,2024-08-10 12:49:26
2024-08-10,01:04:26 am,0,101.036,23.054,2024-08-10 01:04:26
2024-08-10,01:19:26 am,0,101.038,22.977,2024-08-10 01:19:26
2024-08-10,01:34:26 am,0,101.038,22.869,2024-08-10 01:34:26
2024-08-10,01:49:26 am,0,101.035,22.811,2024-08-10 01:49:26
2024-08-10,02:04:26 am,0,101.041,22.715,2024-08-10 02:04:26
2024-08-10,02:19:26 am,0,101.044,22.599,2024-08-10 02:19:26
2024-08-10,02:34:26 am,0,101.043,22.518,2024-08-10 02:34:26
2024-08-10,02:49:26 am,0,101.05,22.442,2024-08-10 02:49:26
2024-08-10,03:04:26 am,0,101.045,22.344,2024-08-10 03:04:26
2024-08-10,03:19:26 am,0,101.047,22.254,2024-08-10 03:19:26
2024-08-10,03:34:26 am,0,101.06,22.16,2024-08-10 03:34:26
2024-08-10,03:49:26 am,0,101.068,22.092,2024-08-10 03:49:26
2024-08-10,04:04:26 am,0,101.093,22.018,2024-08-10 04:04:26
2024-08-10,04:19:26 am,0,101.106,21.936,2024-08-10 04:19:26
2024-08-10,04:34:26 am,0,101.111,21.884,2024-08-10 04:34:26
2024-08-10,04:49:26 am,0,101.125,21.813,2024-08-10 04:49:26
2024-08-10,05:04:26 am,0,101.137,21.702,2024-08-10 05:04:26
2024-08-10,05:19:26 am,0,101.167,21.662,2024-08-10 05:19:26
2024-08-10,05:34:26 am,0,101.171,21.58,2024-08-10 05:34:26
2024-08-10,05:49:26 am,0,101.177,21.549,2024-08-10 05:49:26
2024-08-10,06:04:26 am,0,101.192,21.507,2024-08-10 06:04:26
2024-08-10,06:19:26 am,0,101.206,21.412,2024-08-10 06:19:26
2024-08-10,06:34:26 am,0,101.22,21.374,2024-08-10 06:34:26
2024-08-10,06:49:26 am,0,101.236,21.365,2024-08-10 06:49:26
2024-08-10,07:04:26 am,0,101.246,21.354,2024-08-10 07:04:26
2024-08-10,07:19:26 am,0,101.258,21.388,2024-08-10 07:19:26
2024-08-10,07:34:26 am,0,101.284,21.453,2024-08-10 07:34:26
2024-08-10,07:49:26 am,0,101.305,21.552,2024-08-10 07:49:26
2024-08-10,08:04:26 am,0,101.331,21.674,2024-08-10 08:04:26
2024-08-10,08:19:26 am,0,101.364,21.813,2024-08-10 08:19:26
2024-08-10,08:34:26 am,0,101.394,21.961,2024-08-10 08:34:26
2024-08-10,08:49:26 am,0,101.427,22.119,2024-08-10 08:49:26
2024-08-10,09:04:26 am,0,101.46,22.277,2024-08-10 09:04:26
2024-08-10,09:19:26 am,0,101.501,22.434,2024-08-10 09:19:26
2024-08-10,09:34:26 am,0,101.536,22.564,2024-08-10 09:34:26
2024-08-10,09:49:26 am,0,101.564,22.713,2024-08-10 09:49:26
2024-08-10,10:04:26 am,0,101.594,22.854,2024-08-10 10:04:26
2024-08-10,10:19:26 am,0,101.615,22.999,2024-08-10 10:19:26
2024-08-10,10:34:26 am,0,101.622,23.138,2024-08-10 10:34:26
2024-08-10,10:49:26 am,0,101.622,23.264,2024-08-10 10:49:26
2024-08-10,11:04:26 am,0,101.624,23.414,2024-08-10 11:04:26
2024-08-10,11:19:26 am,0,101.609,23.586,2024-08-10 11:19:26
2024-08-10,11:34:26 am,0,101.561,23.778,2024-08-10 11:34:26
2024-08-10,11:49:26 am,0,101.577,24.034,2024-08-10 11:49:26
2024-08-10,12:04:26 pm,0,101.582,24.166,2024-08-10 12:04:26
2024-08-10,12:19:26 pm,0,101.584,24.401,2024-08-10 12:19:26
2024-08-10,12:34:26 pm,0,101.493,24.653,2024-08-10 12:34:26
2024-08-10,12:49:26 pm,0,101.457,24.651,2024-08-10 12:49:26
2024-08-10,01:04:26 pm,0,101.466,24.732,2024-08-10 01:04:26
2024-08-10,01:19:26 pm,0,101.469,24.761,2024-08-10 01:19:26
2024-08-10,01:34:26 pm,0,101.468,24.853,2024-08-10 01:34:26
2024-08-10,01:49:26 pm,0,101.464,25,2024-08-10 01:49:26
2024-08-10,02:04:26 pm,0,101.46,25.219,2024-08-10 02:04:26
2024-08-10,02:19:26 pm,0,101.447,25.3,2024-08-10 02:19:26
2024-08-10,02:34:26 pm,0,101.409,25.275,2024-08-10 02:34:26
2024-08-10,02:49:26 pm,0,101.326,25.332,2024-08-10 02:49:26
2024-08-10,03:04:26 pm,0,101.295,25.361,2024-08-10 03:04:26
2024-08-10,03:19:26 pm,0,101.295,25.355,2024-08-10 03:19:26
2024-08-10,03:34:26 pm,0,101.291,25.369,2024-08-10 03:34:26
2024-08-10,03:49:26 pm,0,101.292,25.361,2024-08-10 03:49:26
2024-08-10,04:04:26 pm,0,101.292,25.35,2024-08-10 04:04:26
2024-08-10,04:19:26 pm,0,101.283,25.316,2024-08-10 04:19:26
2024-08-10,04:34:26 pm,0,101.28,25.312,2024-08-10 04:34:26
2024-08-10,04:49:26 pm,0,101.271,25.259,2024-08-10 04:49:26
2024-08-10,05:04:26 pm,0,101.259,25.232,2024-08-10 05:04:26
2024-08-10,05:19:26 pm,0,101.241,25.17,2024-08-10 05:19:26
2024-08-10,05:34:26 pm,0,101.227,25.135,2024-08-10 05:34:26
2024-08-10,05:49:26 pm,0,101.217,25.091,2024-08-10 05:49:26
2024-08-10,06:04:26 pm,0,101.203,25.042,2024-08-10 06:04:26
2024-08-10,06:19:26 pm,0,101.199,24.948,2024-08-10 06:19:26
2024-08-10,06:34:26 pm,0,101.203,24.845,2024-08-10 06:34:26
2024-08-10,06:49:26 pm,0,101.204,24.748,2024-08-10 06:49:26
2024-08-10,07:04:26 pm,0,101.198,24.642,2024-08-10 07:04:26
2024-08-10,07:19:26 pm,0,101.198,24.483,2024-08-10 07:19:26
2024-08-10,07:34:26 pm,0,101.209,24.263,2024-08-10 07:34:26
2024-08-10,07:49:26 pm,0,101.212,24.078,2024-08-10 07:49:26
2024-08-10,08:04:26 pm,0,101.233,23.858,2024-08-10 08:04:26
2024-08-10,08:19:26 pm,0,101.195,23.635,2024-08-10 08:19:26
2024-08-10,08:34:26 pm,0,101.189,23.485,2024-08-10 08:34:26
2024-08-10,08:49:26 pm,0,101.185,23.359,2024-08-10 08:49:26
2024-08-10,09:04:26 pm,0,101.231,23.241,2024-08-10 09:04:26
2024-08-10,09:19:26 pm,0,101.244,23.16,2024-08-10 09:19:26
2024-08-10,09:34:26 pm,0,101.25,22.999,2024-08-10 09:34:26
2024-08-10,09:49:26 pm,0,101.248,22.91,2024-08-10 09:49:26
2024-08-10,10:04:26 pm,0,101.251,22.758,2024-08-10 10:04:26
2024-08-10,10:19:26 pm,0,101.246,22.686,2024-08-10 10:19:26
2024-08-10,10:34:26 pm,0,101.238,22.596,2024-08-10 10:34:26
2024-08-10,10:49:26 pm,0,101.237,22.511,2024-08-10 10:49:26
2024-08-10,11:04:26 pm,0,101.241,22.441,2024-08-10 11:04:26
2024-08-10,11:19:26 pm,0,101.242,22.362,2024-08-10 11:19:26
2024-08-10,11:34:26 pm,0,101.241,22.288,2024-08-10 11:34:26
2024-08-10,11:49:26 pm,0,101.246,22.186,2024-08-10 11:49:26
2024-08-11,12:04:26 am,0,101.247,22.069,2024-08-11 12:04:26
2024-08-11,12:19:26 am,0,101.26,21.99,2024-08-11 12:19:26
2024-08-11,12:34:26 am,0,101.267,21.904,2024-08-11 12:34:26
2024-08-11,12:49:26 am,0,101.26,21.791,2024-08-11 12:49:26
2024-08-11,01:04:26 am,0,101.242,21.647,2024-08-11 01:04:26
2024-08-11,01:19:26 am,0,101.231,21.593,2024-08-11 01:19:26
2024-08-11,01:34:26 am,0,101.227,21.5,2024-08-11 01:34:26
2024-08-11,01:49:26 am,0,101.232,21.351,2024-08-11 01:49:26
2024-08-11,02:04:26 am,0,101.225,21.303,2024-08-11 02:04:26
2024-08-11,02:19:26 am,0,101.228,21.242,2024-08-11 02:19:26
2024-08-11,02:34:26 am,0,101.23,21.142,2024-08-11 02:34:26
2024-08-11,02:49:26 am,0,101.227,21.025,2024-08-11 02:49:26
2024-08-11,03:04:26 am,0,101.222,20.93,2024-08-11 03:04:26
2024-08-11,03:19:26 am,0,101.233,20.825,2024-08-11 03:19:26
2024-08-11,03:34:26 am,0,101.234,20.786,2024-08-11 03:34:26
2024-08-11,03:49:26 am,0,101.223,20.703,2024-08-11 03:49:26
2024-08-11,04:04:26 am,0,101.237,20.62,2024-08-11 04:04:26
2024-08-11,04:19:26 am,0,101.247,20.546,2024-08-11 04:19:26
2024-08-11,04:34:26 am,0,101.263,20.455,2024-08-11 04:34:26
2024-08-11,04:49:26 am,0,101.273,20.377,2024-08-11 04:49:26
2024-08-11,05:04:26 am,0,101.286,20.3,2024-08-11 05:04:26
2024-08-11,05:19:26 am,0,101.298,20.223,2024-08-11 05:19:26
2024-08-11,05:34:26 am,0,101.309,20.144,2024-08-11 05:34:26
2024-08-11,05:49:26 am,0,101.319,20.035,2024-08-11 05:49:26
2024-08-11,06:04:26 am,0,101.335,20.006,2024-08-11 06:04:26
2024-08-11,06:19:26 am,0,101.339,19.937,2024-08-11 06:19:26
2024-08-11,06:34:26 am,0,101.349,19.888,2024-08-11 06:34:26
2024-08-11,06:49:26 am,0,101.351,19.843,2024-08-11 06:49:26
2024-08-11,07:04:26 am,0,101.354,19.837,2024-08-11 07:04:26
2024-08-11,07:19:26 am,0,101.37,19.854,2024-08-11 07:19:26
2024-08-11,07:34:26 am,0,101.386,19.856,2024-08-11 07:34:26
2024-08-11,07:49:26 am,0,101.404,19.936,2024-08-11 07:49:26
2024-08-11,08:04:26 am,0,101.415,20.031,2024-08-11 08:04:26
2024-08-11,08:19:26 am,0,101.431,20.155,2024-08-11 08:19:26
2024-08-11,08:34:26 am,0,101.452,20.326,2024-08-11 08:34:26
2024-08-11,08:49:26 am,0,101.487,20.503,2024-08-11 08:49:26
2024-08-11,09:04:26 am,0,101.521,20.68,2024-08-11 09:04:26
2024-08-11,09:19:26 am,0,101.565,20.861,2024-08-11 09:19:26
2024-08-11,09:34:26 am,0,101.591,21.046,2024-08-11 09:34:26
2024-08-11,09:49:26 am,0,101.596,21.22,2024-08-11 09:49:26
2024-08-11,10:04:26 am,0,101.601,21.404,2024-08-11 10:04:26
2024-08-11,10:19:26 am,0,101.601,21.603,2024-08-11 10:19:26
2024-08-11,10:34:26 am,0,101.605,21.774,2024-08-11 10:34:26
2024-08-11,10:49:26 am,0,101.598,21.946,2024-08-11 10:49:26
2024-08-11,11:04:26 am,0,101.569,22.142,2024-08-11 11:04:26
2024-08-11,11:19:26 am,0,101.581,22.323,2024-08-11 11:19:26
2024-08-11,11:34:26 am,0,101.607,22.536,2024-08-11 11:34:26
2024-08-11,11:49:26 am,0,101.611,22.714,2024-08-11 11:49:26
2024-08-11,12:04:26 pm,0,101.61,22.996,2024-08-11 12:04:26
2024-08-11,12:19:26 pm,0,101.551,23.369,2024-08-11 12:19:26
2024-08-11,12:34:26 pm,0,101.577,23.604,2024-08-11 12:34:26
2024-08-11,12:49:26 pm,0,101.569,23.726,2024-08-11 12:49:26
2024-08-11,01:04:26 pm,0,101.557,23.764,2024-08-11 01:04:26
2024-08-11,01:19:26 pm,0,101.532,23.819,2024-08-11 01:19:26
2024-08-11,01:34:26 pm,0,101.405,23.885,2024-08-11 01:34:26
2024-08-11,01:49:26 pm,0,101.413,23.968,2024-08-11 01:49:26
2024-08-11,02:04:26 pm,0,101.442,24.154,2024-08-11 02:04:26
2024-08-11,02:19:26 pm,0,101.443,24.29,2024-08-11 02:19:26
2024-08-11,02:34:26 pm,0,101.436,24.31,2024-08-11 02:34:26
2024-08-11,02:49:26 pm,0,101.421,24.369,2024-08-11 02:49:26
2024-08-11,03:04:26 pm,0,101.402,24.42,2024-08-11 03:04:26
2024-08-11,03:19:26 pm,0,101.363,24.464,2024-08-11 03:19:26
2024-08-11,03:34:26 pm,0,101.27,24.522,2024-08-11 03:34:26
2024-08-11,03:49:26 pm,0,101.288,24.561,2024-08-11 03:49:26
2024-08-11,04:04:26 pm,0,101.281,24.577,2024-08-11 04:04:26
2024-08-11,04:19:26 pm,0,101.274,24.561,2024-08-11 04:19:26
2024-08-11,04:34:26 pm,0,101.268,24.541,2024-08-11 04:34:26
2024-08-11,04:49:26 pm,0,101.256,24.519,2024-08-11 04:49:26
2024-08-11,05:04:26 pm,0,101.255,24.516,2024-08-11 05:04:26
2024-08-11,05:19:26 pm,0,101.242,24.461,2024-08-11 05:19:26
2024-08-11,05:34:26 pm,0,101.224,24.397,2024-08-11 05:34:26
2024-08-11,05:49:26 pm,0,101.208,24.347,2024-08-11 05:49:26
2024-08-11,06:04:26 pm,0,101.192,24.27,2024-08-11 06:04:26
2024-08-11,06:19:26 pm,0,101.183,24.203,2024-08-11 06:19:26
2024-08-11,06:34:26 pm,0,101.174,24.116,2024-08-11 06:34:26
2024-08-11,06:49:26 pm,0,101.166,24.039,2024-08-11 06:49:26
2024-08-11,07:04:26 pm,0,101.16,23.971,2024-08-11 07:04:26
2024-08-11,07:19:26 pm,0,101.156,23.903,2024-08-11 07:19:26
2024-08-11,07:34:26 pm,0,101.146,23.837,2024-08-11 07:34:26
2024-08-11,07:49:26 pm,0,101.141,23.724,2024-08-11 07:49:26
2024-08-11,08:04:26 pm,0,101.134,23.591,2024-08-11 08:04:26
2024-08-11,08:19:26 pm,0,101.136,23.458,2024-08-11 08:19:26
2024-08-11,08:34:26 pm,0,101.146,23.299,2024-08-11 08:34:26
2024-08-11,08:49:26 pm,0,101.156,23.223,2024-08-11 08:49:26
2024-08-11,09:04:26 pm,0,101.17,23.078,2024-08-11 09:04:26
2024-08-11,09:19:26 pm,0,101.167,22.998,2024-08-11 09:19:26
2024-08-11,09:34:26 pm,0,101.193,22.872,2024-08-11 09:34:26
2024-08-11,09:49:26 pm,0,101.171,22.75,2024-08-11 09:49:26
2024-08-11,10:04:26 pm,0,101.154,22.597,2024-08-11 10:04:26
2024-08-11,10:19:26 pm,0,101.155,22.555,2024-08-11 10:19:26
2024-08-11,10:34:26 pm,0,101.163,22.444,2024-08-11 10:34:26
2024-08-11,10:49:26 pm,0,101.176,22.351,2024-08-11 10:49:26
2024-08-11,11:04:26 pm,0,101.174,22.281,2024-08-11 11:04:26
2024-08-11,11:19:26 pm,0,101.181,22.196,2024-08-11 11:19:26
2024-08-11,11:34:26 pm,0,101.181,22.132,2024-08-11 11:34:26
2024-08-11,11:49:26 pm,0,101.17,22.027,2024-08-11 11:49:26
2024-08-12,12:04:26 am,0,101.181,21.928,2024-08-12 12:04:26
2024-08-12,12:19:26 am,0,101.193,21.848,2024-08-12 12:19:26
2024-08-12,12:34:26 am,0,101.188,21.78,2024-08-12 12:34:26
2024-08-12,12:49:26 am,0,101.19,21.685,2024-08-12 12:49:26
2024-08-12,01:04:26 am,0,101.204,21.597,2024-08-12 01:04:26
2024-08-12,01:19:26 am,0,101.203,21.543,2024-08-12 01:19:26
2024-08-12,01:34:26 am,0,101.186,21.457,2024-08-12 01:34:26
2024-08-12,01:49:26 am,0,101.191,21.344,2024-08-12 01:49:26
2024-08-12,02:04:26 am,0,101.188,21.268,2024-08-12 02:04:26
2024-08-12,02:19:26 am,0,101.173,21.2,2024-08-12 02:19:26
2024-08-12,02:34:26 am,0,101.159,21.1,2024-08-12 02:34:26
2024-08-12,02:49:26 am,0,101.15,21.011,2024-08-12 02:49:26
2024-08-12,03:04:26 am,0,101.148,20.924,2024-08-12 03:04:26
2024-08-12,03:19:26 am,0,101.14,20.885,2024-08-12 03:19:26
2024-08-12,03:34:26 am,0,101.123,20.781,2024-08-12 03:34:26
2024-08-12,03:49:26 am,0,101.12,20.675,2024-08-12 03:49:26
2024-08-12,04:04:26 am,0,101.14,20.622,2024-08-12 04:04:26
2024-08-12,04:19:26 am,0,101.147,20.566,2024-08-12 04:19:26
2024-08-12,04:34:26 am,0,101.156,20.468,2024-08-12 04:34:26
2024-08-12,04:49:26 am,0,101.163,20.421,2024-08-12 04:49:26
2024-08-12,05:04:26 am,0,101.175,20.349,2024-08-12 05:04:26
2024-08-12,05:19:26 am,0,101.194,20.302,2024-08-12 05:19:26
2024-08-12,05:34:26 am,0,101.206,20.197,2024-08-12 05:34:26
2024-08-12,05:49:26 am,0,101.213,20.169,2024-08-12 05:49:26
2024-08-12,06:04:26 am,0,101.243,20.108,2024-08-12 06:04:26
2024-08-12,06:19:26 am,0,101.25,20.059,2024-08-12 06:19:26
2024-08-12,06:34:26 am,0,101.262,19.997,2024-08-12 06:34:26
2024-08-12,06:49:26 am,0,101.274,19.92,2024-08-12 06:49:26
2024-08-12,07:04:26 am,0,101.297,19.908,2024-08-12 07:04:26
2024-08-12,07:19:26 am,0,101.31,19.945,2024-08-12 07:19:26
2024-08-12,07:34:26 am,0,101.321,19.969,2024-08-12 07:34:26
2024-08-12,07:49:26 am,0,101.334,20.039,2024-08-12 07:49:26
2024-08-12,08:04:26 am,0,101.359,20.157,2024-08-12 08:04:26
2024-08-12,08:19:26 am,0,101.377,20.281,2024-08-12 08:19:26
2024-08-12,08:34:26 am,0,101.403,20.425,2024-08-12 08:34:26
2024-08-12,08:49:26 am,0,101.442,20.603,2024-08-12 08:49:26
2024-08-12,09:04:26 am,0,101.475,20.795,2024-08-12 09:04:26
2024-08-12,09:19:26 am,0,101.515,20.98,2024-08-12 09:19:26
2024-08-12,09:34:26 am,0,101.548,21.147,2024-08-12 09:34:26
2024-08-12,09:49:26 am,0,101.573,21.306,2024-08-12 09:49:26
2024-08-12,10:04:26 am,0,101.59,21.5,2024-08-12 10:04:26
2024-08-12,10:19:26 am,0,101.608,21.685,2024-08-12 10:19:26
2024-08-12,10:34:26 am,0,101.602,21.847,2024-08-12 10:34:26
2024-08-12,10:49:26 am,0,101.594,21.999,2024-08-12 10:49:26
2024-08-12,11:04:26 am,0,101.603,22.196,2024-08-12 11:04:26
2024-08-12,11:19:26 am,0,101.61,22.41,2024-08-12 11:19:26
2024-08-12,11:34:26 am,0,101.566,22.625,2024-08-12 11:34:26
2024-08-12,11:49:26 am,0,101.577,22.826,2024-08-12 11:49:26
2024-08-12,12:04:26 pm,0,101.576,23.019,2024-08-12 12:04:26
2024-08-12,12:19:26 pm,0,101.469,23.416,2024-08-12 12:19:26
2024-08-12,12:34:26 pm,0,101.526,23.637,2024-08-12 12:34:26
2024-08-12,12:49:26 pm,0,101.529,23.685,2024-08-12 12:49:26
2024-08-12,01:04:26 pm,0,101.522,23.729,2024-08-12 01:04:26
2024-08-12,01:19:26 pm,0,101.492,23.721,2024-08-12 01:19:26
2024-08-12,01:34:26 pm,0,101.479,23.758,2024-08-12 01:34:26
2024-08-12,01:49:26 pm,0,101.476,23.856,2024-08-12 01:49:26
2024-08-12,02:04:26 pm,0,101.376,24.06,2024-08-12 02:04:26
2024-08-12,02:19:26 pm,0,101.358,24.164,2024-08-12 02:19:26
2024-08-12,02:34:26 pm,0,101.363,24.228,2024-08-12 02:34:26
2024-08-12,02:49:26 pm,0,101.374,24.334,2024-08-12 02:49:26
2024-08-12,03:04:26 pm,0,101.359,24.382,2024-08-12 03:04:26
2024-08-12,03:19:26 pm,0,101.336,24.416,2024-08-12 03:19:26
2024-08-12,03:34:26 pm,0,101.324,24.379,2024-08-12 03:34:26
2024-08-12,03:49:26 pm,0,101.318,24.417,2024-08-12 03:49:26
2024-08-12,04:04:26 pm,0,101.314,24.468,2024-08-12 04:04:26
2024-08-12,04:19:26 pm,0,101.306,24.504,2024-08-12 04:19:26
2024-08-12,04:34:26 pm,0,101.307,24.541,2024-08-12 04:34:26
2024-08-12,04:49:26 pm,0,101.292,24.482,2024-08-12 04:49:26
2024-08-12,05:04:26 pm,0,101.289,24.448,2024-08-12 05:04:26
2024-08-12,05:19:26 pm,0,101.281,24.434,2024-08-12 05:19:26
2024-08-12,05:34:26 pm,0,101.27,24.398,2024-08-12 05:34:26
2024-08-12,05:49:26 pm,0,101.26,24.383,2024-08-12 05:49:26
2024-08-12,06:04:26 pm,0,101.247,24.336,2024-08-12 06:04:26
2024-08-12,06:19:26 pm,0,101.23,24.272,2024-08-12 06:19:26
2024-08-12,06:34:26 pm,0,101.216,24.197,2024-08-12 06:34:26
2024-08-12,06:49:26 pm,0,101.206,24.125,2024-08-12 06:49:26
2024-08-12,07:04:26 pm,0,101.189,24.051,2024-08-12 07:04:26
2024-08-12,07:19:26 pm,0,101.184,23.98,2024-08-12 07:19:26
2024-08-12,07:34:26 pm,0,101.184,23.909,2024-08-12 07:34:26
2024-08-12,07:49:26 pm,0,101.18,23.837,2024-08-12 07:49:26
2024-08-12,08:04:26 pm,0,101.174,23.759,2024-08-12 08:04:26
2024-08-12,08:19:26 pm,0,101.174,23.664,2024-08-12 08:19:26
2024-08-12,08:34:26 pm,0,101.169,23.58,2024-08-12 08:34:26
2024-08-12,08:49:26 pm,0,101.174,23.504,2024-08-12 08:49:26
2024-08-12,09:04:26 pm,0,101.187,23.412,2024-08-12 09:04:26
2024-08-12,09:19:26 pm,0,101.189,23.33,2024-08-12 09:19:26
2024-08-12,09:34:26 pm,0,101.181,23.234,2024-08-12 09:34:26
2024-08-12,09:49:26 pm,0,101.183,23.165,2024-08-12 09:49:26
2024-08-12,10:04:26 pm,0,101.182,23.057,2024-08-12 10:04:26
2024-08-12,10:19:26 pm,0,101.185,22.981,2024-08-12 10:19:26
2024-08-12,10:34:26 pm,0,101.187,22.888,2024-08-12 10:34:26
2024-08-12,10:49:26 pm,0,101.203,22.803,2024-08-12 10:49:26
2024-08-12,11:04:26 pm,0,101.2,22.728,2024-08-12 11:04:26
2024-08-12,11:19:26 pm,0,101.204,22.685,2024-08-12 11:19:26
2024-08-12,11:34:26 pm,0,101.185,22.601,2024-08-12 11:34:26
2024-08-12,11:49:26 pm,0,101.177,22.49,2024-08-12 11:49:26
2024-08-13,12:04:26 am,0,101.176,22.409,2024-08-13 12:04:26
2024-08-13,12:19:26 am,0,101.161,22.364,2024-08-13 12:19:26
2024-08-13,12:34:26 am,0,101.163,22.333,2024-08-13 12:34:26
2024-08-13,12:49:26 am,0,101.175,22.267,2024-08-13 12:49:26
2024-08-13,01:04:26 am,0,101.158,22.208,2024-08-13 01:04:26
2024-08-13,01:19:26 am,0,101.143,22.143,2024-08-13 01:19:26
2024-08-13,01:34:26 am,0,101.132,22.083,2024-08-13 01:34:26
2024-08-13,01:49:26 am,0,101.122,22.027,2024-08-13 01:49:26
2024-08-13,02:04:26 am,0,101.123,21.964,2024-08-13 02:04:26
2024-08-13,02:19:26 am,0,101.123,21.922,2024-08-13 02:19:26
2024-08-13,02:34:26 am,0,101.12,21.849,2024-08-13 02:34:26
2024-08-13,02:49:26 am,0,101.13,21.778,2024-08-13 02:49:26
2024-08-13,03:04:26 am,0,101.132,21.709,2024-08-13 03:04:26
2024-08-13,03:19:26 am,0,101.133,21.66,2024-08-13 03:19:26
2024-08-13,03:34:26 am,0,101.148,21.609,2024-08-13 03:34:26
2024-08-13,03:49:26 am,0,101.14,21.527,2024-08-13 03:49:26
2024-08-13,04:04:26 am,0,101.159,21.506,2024-08-13 04:04:26
2024-08-13,04:19:26 am,0,101.167,21.453,2024-08-13 04:19:26
2024-08-13,04:34:26 am,0,101.173,21.37,2024-08-13 04:34:26
2024-08-13,04:49:26 am,0,101.192,21.329,2024-08-13 04:49:26
2024-08-13,05:04:26 am,0,101.197,21.28,2024-08-13 05:04:26
2024-08-13,05:19:26 am,0,101.197,21.231,2024-08-13 05:19:26
2024-08-13,05:34:26 am,0,101.211,21.175,2024-08-13 05:34:26
2024-08-13,05:49:26 am,0,101.21,21.124,2024-08-13 05:49:26
2024-08-13,06:04:26 am,0,101.22,21.066,2024-08-13 06:04:26
2024-08-13,06:19:26 am,0,101.228,21.015,2024-08-13 06:19:26
2024-08-13,06:34:26 am,0,101.241,20.978,2024-08-13 06:34:26
2024-08-13,06:49:26 am,0,101.243,20.919,2024-08-13 06:49:26
2024-08-13,07:04:26 am,0,101.26,20.911,2024-08-13 07:04:26
2024-08-13,07:19:26 am,0,101.29,20.949,2024-08-13 07:19:26
2024-08-13,07:34:26 am,0,101.315,20.995,2024-08-13 07:34:26
2024-08-13,07:49:26 am,0,101.341,21.067,2024-08-13 07:49:26
2024-08-13,08:04:26 am,0,101.358,21.148,2024-08-13 08:04:26
2024-08-13,08:19:26 am,0,101.382,21.254,2024-08-13 08:19:26
2024-08-13,08:34:26 am,0,101.409,21.387,2024-08-13 08:34:26
2024-08-13,08:49:26 am,0,101.444,21.54,2024-08-13 08:49:26
2024-08-13,09:04:26 am,0,101.475,21.683,2024-08-13 09:04:26
2024-08-13,09:19:26 am,0,101.501,21.825,2024-08-13 09:19:26
2024-08-13,09:34:26 am,0,101.53,21.97,2024-08-13 09:34:26
2024-08-13,09:49:26 am,0,101.558,22.125,2024-08-13 09:49:26
2024-08-13,10:04:26 am,0,101.585,22.291,2024-08-13 10:04:26
2024-08-13,10:19:26 am,0,101.607,22.466,2024-08-13 10:19:26
2024-08-13,10:34:26 am,0,101.619,22.633,2024-08-13 10:34:26
2024-08-13,10:49:26 am,0,101.619,22.803,2024-08-13 10:49:26
2024-08-13,11:04:26 am,0,101.603,22.964,2024-08-13 11:04:26
2024-08-13,11:19:26 am,0,101.596,23.151,2024-08-13 11:19:26
2024-08-13,11:34:26 am,0,101.604,23.413,2024-08-13 11:34:26
2024-08-13,11:49:26 am,0,101.558,23.611,2024-08-13 11:49:26
2024-08-13,12:04:26 pm,0,101.555,23.782,2024-08-13 12:04:26
2024-08-13,12:19:26 pm,0,101.457,24.415,2024-08-13 12:19:26
2024-08-13,12:34:26 pm,0,101.472,24.473,2024-08-13 12:34:26
2024-08-13,12:49:26 pm,0,101.462,24.465,2024-08-13 12:49:26
2024-08-13,01:04:26 pm,0,101.439,24.447,2024-08-13 01:04:26
2024-08-13,01:19:26 pm,0,101.434,24.432,2024-08-13 01:19:26
2024-08-13,01:34:26 pm,0,101.42,24.389,2024-08-13 01:34:26
2024-08-13,01:49:26 pm,0,101.424,24.494,2024-08-13 01:49:26
2024-08-13,02:04:26 pm,0,101.419,24.531,2024-08-13 02:04:26
2024-08-13,02:19:26 pm,0,101.42,24.725,2024-08-13 02:19:26
2024-08-13,02:34:26 pm,0,101.337,25.039,2024-08-13 02:34:26
2024-08-13,02:49:26 pm,0,101.349,25.271,2024-08-13 02:49:26
2024-08-13,03:04:26 pm,0,101.336,25.234,2024-08-13 03:04:26
2024-08-13,03:19:26 pm,0,101.341,25.305,2024-08-13 03:19:26
2024-08-13,03:34:26 pm,0,101.33,25.283,2024-08-13 03:34:26
2024-08-13,03:49:26 pm,0,101.314,25.335,2024-08-13 03:49:26
2024-08-13,04:04:26 pm,0,101.303,25.32,2024-08-13 04:04:26
2024-08-13,04:19:26 pm,0,101.302,25.351,2024-08-13 04:19:26
2024-08-13,04:34:26 pm,0,101.28,25.328,2024-08-13 04:34:26
2024-08-13,04:49:26 pm,0,101.266,25.329,2024-08-13 04:49:26
2024-08-13,05:04:26 pm,0,101.255,25.298,2024-08-13 05:04:26
2024-08-13,05:19:26 pm,0,101.237,25.231,2024-08-13 05:19:26
2024-08-13,05:34:26 pm,0,101.237,25.205,2024-08-13 05:34:26
2024-08-13,05:49:26 pm,0,101.23,25.144,2024-08-13 05:49:26
2024-08-13,06:04:26 pm,0,101.221,25.074,2024-08-13 06:04:26
2024-08-13,06:19:26 pm,0,101.219,25.024,2024-08-13 06:19:26
2024-08-13,06:34:26 pm,0,101.217,24.958,2024-08-13 06:34:26
2024-08-13,06:49:26 pm,0,101.219,24.876,2024-08-13 06:49:26
2024-08-13,07:04:26 pm,0,101.217,24.784,2024-08-13 07:04:26
2024-08-13,07:19:26 pm,0,101.213,24.688,2024-08-13 07:19:26
2024-08-13,07:34:26 pm,0,101.199,24.596,2024-08-13 07:34:26
2024-08-13,07:49:26 pm,0,101.188,24.514,2024-08-13 07:49:26
2024-08-13,08:04:26 pm,0,101.188,24.434,2024-08-13 08:04:26
2024-08-13,08:19:26 pm,0,101.18,24.35,2024-08-13 08:19:26
2024-08-13,08:34:26 pm,0,101.167,24.275,2024-08-13 08:34:26
2024-08-13,08:49:26 pm,0,101.15,24.2,2024-08-13 08:49:26
2024-08-13,09:04:26 pm,0,101.139,24.111,2024-08-13 09:04:26
2024-08-13,09:19:26 pm,0,101.136,24.035,2024-08-13 09:19:26
2024-08-13,09:34:26 pm,0,101.136,23.96,2024-08-13 09:34:26
2024-08-13,09:49:26 pm,0,101.147,23.884,2024-08-13 09:49:26
2024-08-13,10:04:26 pm,0,101.145,23.804,2024-08-13 10:04:26
2024-08-13,10:19:26 pm,0,101.152,23.729,2024-08-13 10:19:26
2024-08-13,10:34:26 pm,0,101.162,23.655,2024-08-13 10:34:26
2024-08-13,10:49:26 pm,0,101.152,23.579,2024-08-13 10:49:26
2024-08-13,11:04:26 pm,0,101.141,23.5,2024-08-13 11:04:26
2024-08-13,11:19:26 pm,0,101.142,23.423,2024-08-13 11:19:26
2024-08-13,11:34:26 pm,0,101.152,23.366,2024-08-13 11:34:26
2024-08-13,11:49:26 pm,0,101.146,23.297,2024-08-13 11:49:26
2024-08-14,12:04:26 am,0,101.171,23.217,2024-08-14 12:04:26
2024-08-14,12:19:26 am,0,101.156,23.158,2024-08-14 12:19:26
2024-08-14,12:34:26 am,0,101.141,23.079,2024-08-14 12:34:26
2024-08-14,12:49:26 am,0,101.129,22.998,2024-08-14 12:49:26
2024-08-14,01:04:26 am,0,101.114,22.952,2024-08-14 01:04:26
2024-08-14,01:19:26 am,0,101.112,22.899,2024-08-14 01:19:26
2024-08-14,01:34:26 am,0,101.116,22.853,2024-08-14 01:34:26
2024-08-14,01:49:26 am,0,101.115,22.787,2024-08-14 01:49:26
2024-08-14,02:04:26 am,0,101.133,22.712,2024-08-14 02:04:26
2024-08-14,02:19:26 am,0,101.135,22.621,2024-08-14 02:19:26
2024-08-14,02:34:26 am,0,101.137,22.576,2024-08-14 02:34:26
2024-08-14,02:49:26 am,0,101.141,22.539,2024-08-14 02:49:26
2024-08-14,03:04:26 am,0,101.139,22.505,2024-08-14 03:04:26
2024-08-14,03:19:26 am,0,101.143,22.47,2024-08-14 03:19:26
2024-08-14,03:34:26 am,0,101.159,22.442,2024-08-14 03:34:26
2024-08-14,03:49:26 am,0,101.166,22.435,2024-08-14 03:49:26
2024-08-14,04:04:26 am,0,101.165,22.423,2024-08-14 04:04:26
2024-08-14,04:19:26 am,0,101.171,22.395,2024-08-14 04:19:26
2024-08-14,04:34:26 am,0,101.182,22.39,2024-08-14 04:34:26
2024-08-14,04:49:26 am,0,101.183,22.376,2024-08-14 04:49:26
2024-08-14,05:04:26 am,0,101.198,22.369,2024-08-14 05:04:26
2024-08-14,05:19:26 am,0,101.202,22.37,2024-08-14 05:19:26
2024-08-14,05:34:26 am,0,101.212,22.361,2024-08-14 05:34:26
2024-08-14,05:49:26 am,0,101.222,22.358,2024-08-14 05:49:26
2024-08-14,06:04:26 am,0,101.234,22.326,2024-08-14 06:04:26
2024-08-14,06:19:26 am,0,101.25,22.326,2024-08-14 06:19:26
2024-08-14,06:34:26 am,0,101.258,22.335,2024-08-14 06:34:26
2024-08-14,06:49:26 am,0,101.261,22.322,2024-08-14 06:49:26
2024-08-14,07:04:26 am,0,101.276,22.344,2024-08-14 07:04:26
2024-08-14,07:19:26 am,0,101.292,22.364,2024-08-14 07:19:26
2024-08-14,07:34:26 am,0,101.304,22.394,2024-08-14 07:34:26
2024-08-14,07:49:26 am,0,101.317,22.442,2024-08-14 07:49:26
2024-08-14,08:04:26 am,0,101.331,22.504,2024-08-14 08:04:26
2024-08-14,08:19:26 am,0,101.346,22.572,2024-08-14 08:19:26
2024-08-14,08:34:26 am,0,101.355,22.627,2024-08-14 08:34:26
2024-08-14,08:49:26 am,0,101.376,22.72,2024-08-14 08:49:26
2024-08-14,09:04:26 am,0,101.404,22.834,2024-08-14 09:04:26
2024-08-14,09:19:26 am,0,101.426,22.964,2024-08-14 09:19:26
2024-08-14,09:34:26 am,0,101.447,23.066,2024-08-14 09:34:26
2024-08-14,09:49:26 am,0,101.473,23.184,2024-08-14 09:49:26
2024-08-14,10:04:26 am,0,101.491,23.284,2024-08-14 10:04:26
2024-08-14,10:19:26 am,0,101.516,23.4,2024-08-14 10:19:26
2024-08-14,10:34:26 am,0,101.542,23.628,2024-08-14 10:34:26
2024-08-14,10:49:26 am,0,101.542,23.813,2024-08-14 10:49:26
2024-08-14,11:04:26 am,0,101.544,23.894,2024-08-14 11:04:26
2024-08-14,11:19:26 am,0,101.545,23.894,2024-08-14 11:19:26
2024-08-14,11:34:26 am,0,101.551,23.904,2024-08-14 11:34:26
2024-08-14,11:49:26 am,0,101.54,23.92,2024-08-14 11:49:26
2024-08-14,12:04:26 pm,0,101.544,23.999,2024-08-14 12:04:26
2024-08-14,12:19:26 pm,0,101.544,24.118,2024-08-14 12:19:26
2024-08-14,12:34:26 pm,0,101.524,24.173,2024-08-14 12:34:26
2024-08-14,12:49:26 pm,0,101.516,24.184,2024-08-14 12:49:26
2024-08-14,01:04:26 pm,0,101.509,24.168,2024-08-14 01:04:26
2024-08-14,01:19:26 pm,0,101.488,24.145,2024-08-14 01:19:26
2024-08-14,01:34:26 pm,0,101.475,24.101,2024-08-14 01:34:26
2024-08-14,01:49:26 pm,0,101.485,24.2,2024-08-14 01:49:26
2024-08-14,02:04:26 pm,0,101.478,24.33,2024-08-14 02:04:26
2024-08-14,02:19:26 pm,0,101.46,24.419,2024-08-14 02:19:26
2024-08-14,02:34:26 pm,0,101.375,24.421,2024-08-14 02:34:26
2024-08-14,02:49:26 pm,0,101.363,24.383,2024-08-14 02:49:26
2024-08-14,03:04:26 pm,0,101.351,24.361,2024-08-14 03:04:26
2024-08-14,03:19:26 pm,0,101.348,24.419,2024-08-14 03:19:26
2024-08-14,03:34:26 pm,0,101.343,24.545,2024-08-14 03:34:26
2024-08-14,03:49:26 pm,0,101.329,24.57,2024-08-14 03:49:26
2024-08-14,04:04:26 pm,0,101.354,24.582,2024-08-14 04:04:26
2024-08-14,04:19:26 pm,0,101.305,24.629,2024-08-14 04:19:26
2024-08-14,04:34:26 pm,0,101.292,24.681,2024-08-14 04:34:26
2024-08-14,04:49:26 pm,0,101.289,24.697,2024-08-14 04:49:26
2024-08-14,05:04:26 pm,0,101.282,24.688,2024-08-14 05:04:26
2024-08-14,05:19:26 pm,0,101.276,24.66,2024-08-14 05:19:26
2024-08-14,05:34:26 pm,0,101.279,24.644,2024-08-14 05:34:26
2024-08-14,05:49:26 pm,0,101.268,24.631,2024-08-14 05:49:26
2024-08-14,06:04:26 pm,0,101.262,24.615,2024-08-14 06:04:26
2024-08-14,06:19:26 pm,0,101.261,24.585,2024-08-14 06:19:26
2024-08-14,06:34:26 pm,0,101.265,24.554,2024-08-14 06:34:26
2024-08-14,06:49:26 pm,0,101.269,24.513,2024-08-14 06:49:26
2024-08-14,07:04:26 pm,0,101.26,24.485,2024-08-14 07:04:26
2024-08-14,07:19:26 pm,0,101.254,24.445,2024-08-14 07:19:26
2024-08-14,07:34:26 pm,0,101.254,24.398,2024-08-14 07:34:26
2024-08-14,07:49:26 pm,0,101.241,24.348,2024-08-14 07:49:26
2024-08-14,08:04:26 pm,0,101.23,24.297,2024-08-14 08:04:26
2024-08-14,08:19:26 pm,0,101.218,24.255,2024-08-14 08:19:26
2024-08-14,08:34:26 pm,0,101.216,24.204,2024-08-14 08:34:26
2024-08-14,08:49:26 pm,0,101.209,24.14,2024-08-14 08:49:26
2024-08-14,09:04:26 pm,0,101.203,24.073,2024-08-14 09:04:26
2024-08-14,09:19:26 pm,0,101.197,23.999,2024-08-14 09:19:26
2024-08-14,09:34:26 pm,0,101.187,23.917,2024-08-14 09:34:26
2024-08-14,09:49:26 pm,0,101.181,23.844,2024-08-14 09:49:26
2024-08-14,10:04:26 pm,0,101.184,23.775,2024-08-14 10:04:26
2024-08-14,10:19:26 pm,0,101.172,23.702,2024-08-14 10:19:26
2024-08-14,10:34:26 pm,0,101.163,23.623,2024-08-14 10:34:26
2024-08-14,10:49:26 pm,0,101.16,23.558,2024-08-14 10:49:26
2024-08-14,11:04:26 pm,0,101.159,23.483,2024-08-14 11:04:26
2024-08-14,11:19:26 pm,0,101.155,23.404,2024-08-14 11:19:26
2024-08-14,11:34:26 pm,0,101.15,23.339,2024-08-14 11:34:26
2024-08-14,11:49:26 pm,0,101.138,23.266,2024-08-14 11:49:26
2024-08-15,12:04:26 am,0,101.148,23.177,2024-08-15 12:04:26
2024-08-15,12:19:26 am,0,101.142,23.129,2024-08-15 12:19:26
2024-08-15,12:34:26 am,0,101.127,23.08,2024-08-15 12:34:26
2024-08-15,12:49:26 am,0,101.102,23.012,2024-08-15 12:49:26
2024-08-15,01:04:26 am,0,101.085,22.94,2024-08-15 01:04:26
2024-08-15,01:19:26 am,0,101.082,22.89,2024-08-15 01:19:26
2024-08-15,01:34:26 am,0,101.069,22.817,2024-08-15 01:34:26
2024-08-15,01:49:26 am,0,101.064,22.765,2024-08-15 01:49:26
2024-08-15,02:04:26 am,0,101.058,22.708,2024-08-15 02:04:26
2024-08-15,02:19:26 am,0,101.049,22.63,2024-08-15 02:19:26
2024-08-15,02:34:26 am,0,101.057,22.567,2024-08-15 02:34:26
2024-08-15,02:49:26 am,0,101.059,22.5,2024-08-15 02:49:26
2024-08-15,03:04:26 am,0,101.064,22.437,2024-08-15 03:04:26
2024-08-15,03:19:26 am,0,101.089,22.387,2024-08-15 03:19:26
2024-08-15,03:34:26 am,0,101.081,22.32,2024-08-15 03:34:26
2024-08-15,03:49:26 am,0,101.082,22.245,2024-08-15 03:49:26
2024-08-15,04:04:26 am,0,101.102,22.191,2024-08-15 04:04:26
2024-08-15,04:19:26 am,0,101.121,22.13,2024-08-15 04:19:26
2024-08-15,04:34:26 am,0,101.133,22.066,2024-08-15 04:34:26
2024-08-15,04:49:26 am,0,101.142,22.033,2024-08-15 04:49:26
2024-08-15,05:04:26 am,0,101.148,21.972,2024-08-15 05:04:26
2024-08-15,05:19:26 am,0,101.155,21.878,2024-08-15 05:19:26
2024-08-15,05:34:26 am,0,101.177,21.854,2024-08-15 05:34:26
2024-08-15,05:49:26 am,0,101.194,21.811,2024-08-15 05:49:26
2024-08-15,06:04:26 am,0,101.205,21.771,2024-08-15 06:04:26
2024-08-15,06:19:26 am,0,101.21,21.73,2024-08-15 06:19:26
2024-08-15,06:34:26 am,0,101.205,21.691,2024-08-15 06:34:26
2024-08-15,06:49:26 am,0,101.209,21.651,2024-08-15 06:49:26
2024-08-15,07:04:26 am,0,101.231,21.636,2024-08-15 07:04:26
2024-08-15,07:19:26 am,0,101.247,21.654,2024-08-15 07:19:26
2024-08-15,07:34:26 am,0,101.264,21.694,2024-08-15 07:34:26
2024-08-15,07:49:26 am,0,101.287,21.775,2024-08-15 07:49:26
2024-08-15,08:04:26 am,0,101.308,21.91,2024-08-15 08:04:26
2024-08-15,08:19:26 am,0,101.326,22.049,2024-08-15 08:19:26
2024-08-15,08:34:26 am,0,101.353,22.186,2024-08-15 08:34:26
2024-08-15,08:49:26 am,0,101.376,22.334,2024-08-15 08:49:26
2024-08-15,09:04:26 am,0,101.392,22.449,2024-08-15 09:04:26
2024-08-15,09:19:26 am,0,101.422,22.613,2024-08-15 09:19:26
2024-08-15,09:34:26 am,0,101.449,22.804,2024-08-15 09:34:26
2024-08-15,09:49:26 am,0,101.456,23.017,2024-08-15 09:49:26
2024-08-15,10:04:26 am,0,101.449,23.171,2024-08-15 10:04:26
2024-08-15,10:19:26 am,0,101.437,23.356,2024-08-15 10:19:26
2024-08-15,10:34:26 am,0,101.444,23.535,2024-08-15 10:34:26
2024-08-15,10:49:26 am,0,101.461,23.72,2024-08-15 10:49:26
2024-08-15,11:04:26 am,0,101.465,23.893,2024-08-15 11:04:26
2024-08-15,11:19:26 am,0,101.426,24.068,2024-08-15 11:19:26
2024-08-15,11:34:26 am,0,101.435,24.212,2024-08-15 11:34:26
2024-08-15,11:49:26 am,0,101.426,24.201,2024-08-15 11:49:26
2024-08-15,12:04:26 pm,0,101.42,24.21,2024-08-15 12:04:26
2024-08-15,12:19:26 pm,0,101.316,24.8,2024-08-15 12:19:26
2024-08-15,12:34:26 pm,0,101.382,25.19,2024-08-15 12:34:26
2024-08-15,12:49:26 pm,0,101.358,25.089,2024-08-15 12:49:26
2024-08-15,01:04:26 pm,0,101.357,25.161,2024-08-15 01:04:26
2024-08-15,01:19:26 pm,0,101.349,25.236,2024-08-15 01:19:26
2024-08-15,01:34:26 pm,0,101.328,25.282,2024-08-15 01:34:26
2024-08-15,01:49:26 pm,0,101.256,25.498,2024-08-15 01:49:26
2024-08-15,02:04:26 pm,0,101.266,25.632,2024-08-15 02:04:26
2024-08-15,02:19:26 pm,0,101.282,25.971,2024-08-15 02:19:26
2024-08-15,02:34:26 pm,0,101.152,26.029,2024-08-15 02:34:26
2024-08-15,02:49:26 pm,0,101.173,26.094,2024-08-15 02:49:26
2024-08-15,03:04:26 pm,0,101.164,26.079,2024-08-15 03:04:26
2024-08-15,03:19:26 pm,0,101.147,26.068,2024-08-15 03:19:26
2024-08-15,03:34:26 pm,0,101.131,26.047,2024-08-15 03:34:26
2024-08-15,03:49:26 pm,0,101.118,26.058,2024-08-15 03:49:26
2024-08-15,04:04:26 pm,0,101.114,26.111,2024-08-15 04:04:26
2024-08-15,04:19:26 pm,0,101.103,26.151,2024-08-15 04:19:26
2024-08-15,04:34:26 pm,0,101.1,26.17,2024-08-15 04:34:26
2024-08-15,04:49:26 pm,0,101.086,26.14,2024-08-15 04:49:26
2024-08-15,05:04:26 pm,0,101.074,26.1,2024-08-15 05:04:26
2024-08-15,05:19:26 pm,0,101.053,26.045,2024-08-15 05:19:26
2024-08-15,05:34:26 pm,0,101.036,25.96,2024-08-15 05:34:26
2024-08-15,05:49:26 pm,0,101.019,25.874,2024-08-15 05:49:26
2024-08-15,06:04:26 pm,0,101.007,25.816,2024-08-15 06:04:26
2024-08-15,06:19:26 pm,0,101,25.74,2024-08-15 06:19:26
2024-08-15,06:34:26 pm,0,100.988,25.672,2024-08-15 06:34:26
2024-08-15,06:49:26 pm,0,100.981,25.602,2024-08-15 06:49:26
2024-08-15,07:04:26 pm,0,100.981,25.526,2024-08-15 07:04:26
2024-08-15,07:19:26 pm,0,100.987,25.442,2024-08-15 07:19:26
2024-08-15,07:34:26 pm,0,100.979,25.368,2024-08-15 07:34:26
2024-08-15,07:49:26 pm,0,100.977,25.3,2024-08-15 07:49:26
2024-08-15,08:04:26 pm,0,100.986,25.239,2024-08-15 08:04:26
2024-08-15,08:19:26 pm,0,100.981,25.172,2024-08-15 08:19:26
2024-08-15,08:34:26 pm,0,100.994,25.105,2024-08-15 08:34:26
2024-08-15,08:49:26 pm,0,101.019,25.038,2024-08-15 08:49:26
2024-08-15,09:04:26 pm,0,101.041,24.974,2024-08-15 09:04:26
2024-08-15,09:19:26 pm,0,101.06,24.911,2024-08-15 09:19:26
2024-08-15,09:34:26 pm,0,101.073,24.847,2024-08-15 09:34:26
2024-08-15,09:49:26 pm,0,101.087,24.778,2024-08-15 09:49:26
2024-08-15,10:04:26 pm,0,101.09,24.709,2024-08-15 10:04:26
2024-08-15,10:19:26 pm,0,101.09,24.634,2024-08-15 10:19:26
2024-08-15,10:34:26 pm,0,101.083,24.554,2024-08-15 10:34:26
2024-08-15,10:49:26 pm,0,101.096,24.489,2024-08-15 10:49:26
2024-08-15,11:04:26 pm,0,101.092,24.436,2024-08-15 11:04:26
2024-08-15,11:19:26 pm,0,101.111,24.382,2024-08-15 11:19:26
2024-08-15,11:34:26 pm,0,101.095,24.329,2024-08-15 11:34:26
2024-08-15,11:49:26 pm,0,101.088,24.272,2024-08-15 11:49:26
2024-08-16,12:04:26 am,0,101.062,24.206,2024-08-16 12:04:26
2024-08-16,12:19:26 am,0,101.066,24.141,2024-08-16 12:19:26
2024-08-16,12:34:26 am,0,101.08,24.078,2024-08-16 12:34:26
2024-08-16,12:49:26 am,0,101.069,24.017,2024-08-16 12:49:26
2024-08-16,01:04:26 am,0,101.069,23.961,2024-08-16 01:04:26
2024-08-16,01:19:26 am,0,101.052,23.899,2024-08-16 01:19:26
2024-08-16,01:34:26 am,0,101.067,23.84,2024-08-16 01:34:26
2024-08-16,01:49:26 am,0,101.075,23.781,2024-08-16 01:49:26
2024-08-16,02:04:26 am,0,101.063,23.705,2024-08-16 02:04:26
2024-08-16,02:19:26 am,0,101.05,23.624,2024-08-16 02:19:26
2024-08-16,02:34:26 am,0,101.053,23.56,2024-08-16 02:34:26
2024-08-16,02:49:26 am,0,101.066,23.514,2024-08-16 02:49:26
2024-08-16,03:04:26 am,0,101.065,23.431,2024-08-16 03:04:26
2024-08-16,03:19:26 am,0,101.081,23.373,2024-08-16 03:19:26
2024-08-16,03:34:26 am,0,101.092,23.332,2024-08-16 03:34:26
2024-08-16,03:49:26 am,0,101.091,23.283,2024-08-16 03:49:26
2024-08-16,04:04:26 am,0,101.085,23.215,2024-08-16 04:04:26
2024-08-16,04:19:26 am,0,101.082,23.149,2024-08-16 04:19:26
2024-08-16,04:34:26 am,0,101.086,23.095,2024-08-16 04:34:26
2024-08-16,04:49:26 am,0,101.094,23.039,2024-08-16 04:49:26
2024-08-16,05:04:26 am,0,101.101,22.992,2024-08-16 05:04:26
2024-08-16,05:19:26 am,0,101.109,22.945,2024-08-16 05:19:26
2024-08-16,05:34:26 am,0,101.112,22.901,2024-08-16 05:34:26
2024-08-16,05:49:26 am,0,101.131,22.849,2024-08-16 05:49:26
2024-08-16,06:04:26 am,0,101.133,22.802,2024-08-16 06:04:26
2024-08-16,06:19:26 am,0,101.142,22.745,2024-08-16 06:19:26
2024-08-16,06:34:26 am,0,101.164,22.708,2024-08-16 06:34:26
2024-08-16,06:49:26 am,0,101.198,22.692,2024-08-16 06:49:26
2024-08-16,07:04:26 am,0,101.216,22.688,2024-08-16 07:04:26
2024-08-16,07:19:26 am,0,101.22,22.715,2024-08-16 07:19:26
2024-08-16,07:34:26 am,0,101.234,22.769,2024-08-16 07:34:26
2024-08-16,07:49:26 am,0,101.256,22.852,2024-08-16 07:49:26
2024-08-16,08:04:26 am,0,101.273,22.943,2024-08-16 08:04:26
2024-08-16,08:19:26 am,0,101.284,23.049,2024-08-16 08:19:26
2024-08-16,08:34:26 am,0,101.292,23.174,2024-08-16 08:34:26
2024-08-16,08:49:26 am,0,101.304,23.323,2024-08-16 08:49:26
2024-08-16,09:04:26 am,0,101.328,23.532,2024-08-16 09:04:26
2024-08-16,09:19:26 am,0,101.356,23.732,2024-08-16 09:19:26
2024-08-16,09:34:26 am,0,101.387,23.912,2024-08-16 09:34:26
2024-08-16,09:49:26 am,0,101.424,24.088,2024-08-16 09:49:26
2024-08-16,10:04:26 am,0,101.467,24.33,2024-08-16 10:04:26
2024-08-16,10:19:26 am,0,101.486,24.564,2024-08-16 10:19:26
2024-08-16,10:34:26 am,0,101.474,24.712,2024-08-16 10:34:26
2024-08-16,10:49:26 am,0,101.447,24.837,2024-08-16 10:49:26
2024-08-16,11:04:26 am,0,101.444,25.069,2024-08-16 11:04:26
2024-08-16,11:19:26 am,0,101.451,25.221,2024-08-16 11:19:26
2024-08-16,11:34:26 am,0,101.448,25.384,2024-08-16 11:34:26
2024-08-16,11:49:26 am,0,101.42,25.548,2024-08-16 11:49:26
2024-08-16,12:04:26 pm,0,101.4,25.637,2024-08-16 12:04:26
2024-08-16,12:19:26 pm,0,101.374,25.666,2024-08-16 12:19:26
2024-08-16,12:34:26 pm,0,101.322,26.068,2024-08-16 12:34:26
2024-08-16,12:49:26 pm,0,101.347,26.251,2024-08-16 12:49:26
2024-08-16,01:04:26 pm,0,101.344,26.395,2024-08-16 01:04:26
2024-08-16,01:19:26 pm,0,101.236,26.516,2024-08-16 01:19:26
2024-08-16,01:34:26 pm,0,101.214,26.407,2024-08-16 01:34:26
2024-08-16,01:49:26 pm,0,101.205,26.402,2024-08-16 01:49:26
2024-08-16,02:04:26 pm,0,101.173,26.259,2024-08-16 02:04:26
2024-08-16,02:19:26 pm,0,101.14,26.173,2024-08-16 02:19:26
2024-08-16,02:34:26 pm,0,101.159,26.329,2024-08-16 02:34:26
2024-08-16,02:49:26 pm,0,101.157,26.606,2024-08-16 02:49:26
2024-08-16,03:04:26 pm,0,101.013,26.714,2024-08-16 03:04:26
2024-08-16,03:19:26 pm,0,101.03,26.756,2024-08-16 03:19:26
2024-08-16,03:34:26 pm,0,101.014,26.719,2024-08-16 03:34:26
2024-08-16,03:49:26 pm,0,101.037,26.83,2024-08-16 03:49:26
2024-08-16,04:04:26 pm,0,101.03,26.759,2024-08-16 04:04:26
2024-08-16,04:19:26 pm,0,100.984,26.593,2024-08-16 04:19:26
2024-08-16,04:34:26 pm,0,100.95,26.426,2024-08-16 04:34:26
2024-08-16,04:49:26 pm,0,101.027,26.358,2024-08-16 04:49:26
2024-08-16,05:04:26 pm,0,101.032,25.954,2024-08-16 05:04:26
2024-08-16,05:19:26 pm,0,101.055,25.041,2024-08-16 05:19:26
2024-08-16,05:34:26 pm,0,101.102,24.846,2024-08-16 05:34:26
2024-08-16,05:49:26 pm,0,101.14,24.853,2024-08-16 05:49:26
2024-08-16,06:04:26 pm,0,101.082,24.748,2024-08-16 06:04:26
2024-08-16,06:19:26 pm,0,101.064,24.681,2024-08-16 06:19:26
2024-08-16,06:34:26 pm,0,101.047,24.613,2024-08-16 06:34:26
2024-08-16,06:49:26 pm,0,101.046,24.552,2024-08-16 06:49:26
2024-08-16,07:04:26 pm,0,101.075,24.5,2024-08-16 07:04:26
2024-08-16,07:19:26 pm,0,101.097,24.429,2024-08-16 07:19:26
2024-08-16,07:34:26 pm,0,101.161,24.345,2024-08-16 07:34:26
2024-08-16,07:49:26 pm,0,101.195,24.275,2024-08-16 07:49:26
2024-08-16,08:04:26 pm,0,101.217,24.193,2024-08-16 08:04:26
2024-08-16,08:19:26 pm,0,101.215,24.117,2024-08-16 08:19:26
2024-08-16,08:34:26 pm,0,101.198,24.043,2024-08-16 08:34:26
2024-08-16,08:49:26 pm,0,101.196,23.975,2024-08-16 08:49:26
2024-08-16,09:04:26 pm,0,101.211,23.922,2024-08-16 09:04:26
2024-08-16,09:19:26 pm,0,101.203,23.899,2024-08-16 09:19:26
2024-08-16,09:34:26 pm,0,101.204,23.867,2024-08-16 09:34:26
2024-08-16,09:49:26 pm,0,101.193,23.845,2024-08-16 09:49:26
2024-08-16,10:04:26 pm,0,101.184,23.817,2024-08-16 10:04:26
2024-08-16,10:19:26 pm,0,101.166,23.803,2024-08-16 10:19:26
2024-08-16,10:34:26 pm,0,101.16,23.786,2024-08-16 10:34:26
2024-08-16,10:49:26 pm,0,101.163,23.762,2024-08-16 10:49:26
2024-08-16,11:04:26 pm,0,101.142,23.751,2024-08-16 11:04:26
2024-08-16,11:19:26 pm,0,101.127,23.73,2024-08-16 11:19:26
2024-08-16,11:34:26 pm,0,101.103,23.708,2024-08-16 11:34:26
2024-08-16,11:49:26 pm,0,101.103,23.667,2024-08-16 11:49:26
2024-08-17,12:04:26 am,0,101.099,23.637,2024-08-17 12:04:26
2024-08-17,12:19:26 am,0,101.076,23.603,2024-08-17 12:19:26
2024-08-17,12:34:26 am,0,101.066,23.569,2024-08-17 12:34:26
2024-08-17,12:49:26 am,0,101.04,23.523,2024-08-17 12:49:26
2024-08-17,01:04:26 am,0,101.026,23.472,2024-08-17 01:04:26
2024-08-17,01:19:26 am,0,101.012,23.417,2024-08-17 01:19:26
2024-08-17,01:34:26 am,0,101.018,23.379,2024-08-17 01:34:26
2024-08-17,01:49:26 am,0,101.033,23.345,2024-08-17 01:49:26
2024-08-17,02:04:26 am,0,101.01,23.305,2024-08-17 02:04:26
2024-08-17,02:19:26 am,0,101.007,23.26,2024-08-17 02:19:26
2024-08-17,02:34:26 am,0,101.018,23.212,2024-08-17 02:34:26
2024-08-17,02:49:26 am,0,101.043,23.169,2024-08-17 02:49:26
2024-08-17,03:04:26 am,0,101.056,23.157,2024-08-17 03:04:26
2024-08-17,03:19:26 am,0,101.055,23.128,2024-08-17 03:19:26
2024-08-17,03:34:26 am,0,101.053,23.092,2024-08-17 03:34:26
2024-08-17,03:49:26 am,0,101.054,23.05,2024-08-17 03:49:26
2024-08-17,04:04:26 am,0,101.047,23.031,2024-08-17 04:04:26
2024-08-17,04:19:26 am,0,101.06,22.972,2024-08-17 04:19:26
2024-08-17,04:34:26 am,0,101.059,22.956,2024-08-17 04:34:26
2024-08-17,04:49:26 am,0,101.057,22.947,2024-08-17 04:49:26
2024-08-17,05:04:26 am,0,101.063,22.928,2024-08-17 05:04:26
2024-08-17,05:19:26 am,0,101.08,22.912,2024-08-17 05:19:26
2024-08-17,05:34:26 am,0,101.082,22.889,2024-08-17 05:34:26
2024-08-17,05:49:26 am,0,101.089,22.867,2024-08-17 05:49:26
2024-08-17,06:04:26 am,0,101.075,22.821,2024-08-17 06:04:26
2024-08-17,06:19:26 am,0,101.079,22.79,2024-08-17 06:19:26
2024-08-17,06:34:26 am,0,101.09,22.762,2024-08-17 06:34:26
2024-08-17,06:49:26 am,0,101.084,22.74,2024-08-17 06:49:26
2024-08-17,07:04:26 am,0,101.079,22.734,2024-08-17 07:04:26
2024-08-17,07:19:26 am,0,101.093,22.731,2024-08-17 07:19:26
2024-08-17,07:34:26 am,0,101.11,22.76,2024-08-17 07:34:26
2024-08-17,07:49:26 am,0,101.125,22.831,2024-08-17 07:49:26
2024-08-17,08:04:26 am,0,101.13,22.928,2024-08-17 08:04:26
2024-08-17,08:19:26 am,0,101.103,23.045,2024-08-17 08:19:26
2024-08-17,08:34:26 am,0,101.101,23.211,2024-08-17 08:34:26
2024-08-17,08:49:26 am,0,101.131,23.335,2024-08-17 08:49:26
2024-08-17,09:04:26 am,0,101.151,23.463,2024-08-17 09:04:26
2024-08-17,09:19:26 am,0,101.157,23.574,2024-08-17 09:19:26
2024-08-17,09:34:26 am,0,101.159,23.685,2024-08-17 09:34:26
2024-08-17,09:49:26 am,0,101.156,23.824,2024-08-17 09:49:26
2024-08-17,10:04:26 am,0,101.178,24.098,2024-08-17 10:04:26
2024-08-17,10:19:26 am,0,101.178,24.263,2024-08-17 10:19:26
2024-08-17,10:34:26 am,0,101.186,24.46,2024-08-17 10:34:26
2024-08-17,10:49:26 am,0,101.175,24.585,2024-08-17 10:49:26
2024-08-17,11:04:26 am,0,101.169,24.727,2024-08-17 11:04:26
2024-08-17,11:19:26 am,0,101.153,24.786,2024-08-17 11:19:26
2024-08-17,11:34:26 am,0,101.127,24.945,2024-08-17 11:34:26
2024-08-17,11:49:26 am,0,101.106,25.166,2024-08-17 11:49:26
2024-08-17,12:04:26 pm,0,101.075,25.372,2024-08-17 12:04:26
2024-08-17,12:19:26 pm,0,101.062,25.875,2024-08-17 12:19:26
2024-08-17,12:34:26 pm,0,101.027,26.2,2024-08-17 12:34:26
2024-08-17,12:49:26 pm,0,100.982,26.227,2024-08-17 12:49:26
2024-08-17,01:04:26 pm,0,100.955,26.292,2024-08-17 01:04:26
2024-08-17,01:19:26 pm,0,100.919,26.359,2024-08-17 01:19:26
2024-08-17,01:34:26 pm,0,100.862,26.541,2024-08-17 01:34:26
2024-08-17,01:49:26 pm,0,100.826,26.631,2024-08-17 01:49:26
2024-08-17,02:04:26 pm,0,100.807,26.803,2024-08-17 02:04:26
2024-08-17,02:19:26 pm,0,100.797,26.874,2024-08-17 02:19:26
2024-08-17,02:34:26 pm,0,100.779,26.801,2024-08-17 02:34:26
2024-08-17,02:49:26 pm,0,100.912,26.235,2024-08-17 02:49:26
2024-08-17,03:04:26 pm,0,100.824,25.044,2024-08-17 03:04:26
2024-08-17,03:19:26 pm,0,100.8,24.721,2024-08-17 03:19:26
2024-08-17,03:34:26 pm,0,100.818,24.782,2024-08-17 03:34:26
2024-08-17,03:49:26 pm,0,100.811,24.729,2024-08-17 03:49:26
2024-08-17,04:04:26 pm,0,100.854,24.722,2024-08-17 04:04:26
2024-08-17,04:19:26 pm,0,100.813,24.692,2024-08-17 04:19:26
2024-08-17,04:34:26 pm,0,100.764,24.72,2024-08-17 04:34:26
2024-08-17,04:49:26 pm,0,100.718,24.78,2024-08-17 04:49:26
2024-08-17,05:04:26 pm,0,100.707,24.866,2024-08-17 05:04:26
2024-08-17,05:19:26 pm,0,100.739,24.941,2024-08-17 05:19:26
2024-08-17,05:34:26 pm,0,100.757,24.988,2024-08-17 05:34:26
2024-08-17,05:49:26 pm,0,100.764,24.983,2024-08-17 05:49:26
2024-08-17,06:04:26 pm,0,100.776,25.072,2024-08-17 06:04:26
2024-08-17,06:19:26 pm,0,100.792,25.148,2024-08-17 06:19:26
2024-08-17,06:34:26 pm,0,100.795,25.188,2024-08-17 06:34:26
2024-08-17,06:49:26 pm,0,100.811,25.142,2024-08-17 06:49:26
2024-08-17,07:04:26 pm,0,100.85,25.063,2024-08-17 07:04:26
2024-08-17,07:19:26 pm,0,100.876,25.029,2024-08-17 07:19:26
2024-08-17,07:34:26 pm,0,100.881,24.936,2024-08-17 07:34:26
2024-08-17,07:49:26 pm,0,100.895,24.872,2024-08-17 07:49:26
2024-08-17,08:04:26 pm,0,100.894,24.783,2024-08-17 08:04:26
2024-08-17,08:19:26 pm,0,100.9,24.712,2024-08-17 08:19:26
2024-08-17,08:34:26 pm,0,100.918,24.651,2024-08-17 08:34:26
2024-08-17,08:49:26 pm,0,100.917,24.576,2024-08-17 08:49:26
2024-08-17,09:04:26 pm,0,100.927,24.498,2024-08-17 09:04:26
2024-08-17,09:19:26 pm,0,100.931,24.432,2024-08-17 09:19:26
2024-08-17,09:34:26 pm,0,100.935,24.353,2024-08-17 09:34:26
2024-08-17,09:49:26 pm,0,100.942,24.276,2024-08-17 09:49:26
2024-08-17,10:04:26 pm,0,100.941,24.193,2024-08-17 10:04:26
2024-08-17,10:19:26 pm,0,100.934,24.125,2024-08-17 10:19:26
2024-08-17,10:34:26 pm,0,100.93,24.065,2024-08-17 10:34:26
2024-08-17,10:49:26 pm,0,100.937,24.031,2024-08-17 10:49:26
2024-08-17,11:04:26 pm,0,100.933,23.998,2024-08-17 11:04:26
2024-08-17,11:19:26 pm,0,100.949,23.958,2024-08-17 11:19:26
2024-08-17,11:34:26 pm,0,100.944,23.9,2024-08-17 11:34:26
2024-08-17,11:49:26 pm,0,100.943,23.847,2024-08-17 11:49:26
2024-08-18,12:04:26 am,0,100.954,23.811,2024-08-18 12:04:26
2024-08-18,12:19:26 am,0,100.94,23.764,2024-08-18 12:19:26
2024-08-18,12:34:26 am,0,100.925,23.714,2024-08-18 12:34:26
2024-08-18,12:49:26 am,0,100.919,23.665,2024-08-18 12:49:26
2024-08-18,01:04:26 am,0,100.907,23.578,2024-08-18 01:04:26
2024-08-18,01:19:26 am,0,100.911,23.537,2024-08-18 01:19:26
2024-08-18,01:34:26 am,0,100.905,23.465,2024-08-18 01:34:26
2024-08-18,01:49:26 am,0,100.903,23.393,2024-08-18 01:49:26
2024-08-18,02:04:26 am,0,100.906,23.327,2024-08-18 02:04:26
2024-08-18,02:19:26 am,0,100.898,23.277,2024-08-18 02:19:26
2024-08-18,02:34:26 am,0,100.893,23.214,2024-08-18 02:34:26
2024-08-18,02:49:26 am,0,100.886,23.148,2024-08-18 02:49:26
2024-08-18,03:04:26 am,0,100.878,23.076,2024-08-18 03:04:26
2024-08-18,03:19:26 am,0,100.872,23.008,2024-08-18 03:19:26
2024-08-18,03:34:26 am,0,100.881,22.941,2024-08-18 03:34:26
2024-08-18,03:49:26 am,0,100.878,22.864,2024-08-18 03:49:26
2024-08-18,04:04:26 am,0,100.87,22.801,2024-08-18 04:04:26
2024-08-18,04:19:26 am,0,100.861,22.735,2024-08-18 04:19:26
2024-08-18,04:34:26 am,0,100.867,22.657,2024-08-18 04:34:26
2024-08-18,04:49:26 am,0,100.875,22.611,2024-08-18 04:49:26
2024-08-18,05:04:26 am,0,100.884,22.542,2024-08-18 05:04:26
2024-08-18,05:19:26 am,0,100.894,22.474,2024-08-18 05:19:26
2024-08-18,05:34:26 am,0,100.897,22.379,2024-08-18 05:34:26
2024-08-18,05:49:26 am,0,100.909,22.338,2024-08-18 05:49:26
2024-08-18,06:04:26 am,0,100.907,22.269,2024-08-18 06:04:26
2024-08-18,06:19:26 am,0,100.915,22.21,2024-08-18 06:19:26
2024-08-18,06:34:26 am,0,100.921,22.173,2024-08-18 06:34:26
2024-08-18,06:49:26 am,0,100.939,22.124,2024-08-18 06:49:26
2024-08-18,07:04:26 am,0,100.948,22.082,2024-08-18 07:04:26
2024-08-18,07:19:26 am,0,100.96,22.075,2024-08-18 07:19:26
2024-08-18,07:34:26 am,0,100.988,22.102,2024-08-18 07:34:26
2024-08-18,07:49:26 am,0,100.988,22.14,2024-08-18 07:49:26
2024-08-18,08:04:26 am,0,100.98,22.218,2024-08-18 08:04:26
2024-08-18,08:19:26 am,0,100.996,22.315,2024-08-18 08:19:26
2024-08-18,08:34:26 am,0,101.005,22.432,2024-08-18 08:34:26
2024-08-18,08:49:26 am,0,101.012,22.584,2024-08-18 08:49:26
2024-08-18,09:04:26 am,0,101.015,22.755,2024-08-18 09:04:26
2024-08-18,09:19:26 am,0,101.017,22.937,2024-08-18 09:19:26
2024-08-18,09:34:26 am,0,101.028,23.104,2024-08-18 09:34:26
2024-08-18,09:49:26 am,0,101.03,23.269,2024-08-18 09:49:26
2024-08-18,10:04:26 am,0,101.037,23.426,2024-08-18 10:04:26
2024-08-18,10:19:26 am,0,101.032,23.587,2024-08-18 10:19:26
2024-08-18,10:34:26 am,0,101.033,23.764,2024-08-18 10:34:26
2024-08-18,10:49:26 am,0,101.039,23.939,2024-08-18 10:49:26
2024-08-18,11:04:26 am,0,101.033,24.097,2024-08-18 11:04:26
2024-08-18,11:19:26 am,0,101.021,24.308,2024-08-18 11:19:26
2024-08-18,11:34:26 am,0,101.013,24.495,2024-08-18 11:34:26
2024-08-18,11:49:26 am,0,100.994,24.703,2024-08-18 11:49:26
2024-08-18,12:04:26 pm,0,100.976,24.969,2024-08-18 12:04:26
2024-08-18,12:19:26 pm,0,100.963,25.475,2024-08-18 12:19:26
2024-08-18,12:34:26 pm,0,100.946,25.61,2024-08-18 12:34:26
2024-08-18,12:49:26 pm,0,100.922,25.706,2024-08-18 12:49:26
2024-08-18,01:04:26 pm,0,100.895,25.775,2024-08-18 01:04:26
2024-08-18,01:19:26 pm,0,100.877,25.91,2024-08-18 01:19:26
2024-08-18,01:34:26 pm,0,100.847,26.054,2024-08-18 01:34:26
2024-08-18,01:49:26 pm,0,100.818,26.263,2024-08-18 01:49:26
2024-08-18,02:04:26 pm,0,100.809,26.443,2024-08-18 02:04:26
2024-08-18,02:19:26 pm,0,100.776,26.515,2024-08-18 02:19:26
2024-08-18,02:34:26 pm,0,100.743,26.505,2024-08-18 02:34:26
2024-08-18,02:49:26 pm,0,100.731,26.397,2024-08-18 02:49:26
2024-08-18,03:04:26 pm,0,100.688,26.421,2024-08-18 03:04:26
2024-08-18,03:19:26 pm,0,100.66,26.536,2024-08-18 03:19:26
2024-08-18,03:34:26 pm,0,100.641,26.472,2024-08-18 03:34:26
2024-08-18,03:49:26 pm,0,100.596,26.416,2024-08-18 03:49:26
2024-08-18,04:04:26 pm,0,100.552,26.519,2024-08-18 04:04:26
2024-08-18,04:19:26 pm,0,100.536,26.526,2024-08-18 04:19:26
2024-08-18,04:34:26 pm,0,100.514,26.467,2024-08-18 04:34:26
2024-08-18,04:49:26 pm,0,100.674,26.373,2024-08-18 04:49:26
2024-08-18,05:04:26 pm,0,100.581,25.602,2024-08-18 05:04:26
2024-08-18,05:19:26 pm,0,100.727,25.361,2024-08-18 05:19:26
2024-08-18,05:34:26 pm,0,100.663,25.223,2024-08-18 05:34:26
2024-08-18,05:49:26 pm,0,100.603,25.146,2024-08-18 05:49:26
2024-08-18,06:04:26 pm,0,100.588,25.111,2024-08-18 06:04:26
2024-08-18,06:19:26 pm,0,100.659,25.027,2024-08-18 06:19:26
2024-08-18,06:34:26 pm,0,100.669,24.893,2024-08-18 06:34:26
2024-08-18,06:49:26 pm,0,100.646,24.779,2024-08-18 06:49:26
2024-08-18,07:04:26 pm,0,100.648,24.656,2024-08-18 07:04:26
2024-08-18,07:19:26 pm,0,100.631,24.603,2024-08-18 07:19:26
2024-08-18,07:34:26 pm,0,100.662,24.552,2024-08-18 07:34:26
2024-08-18,07:49:26 pm,0,100.69,24.507,2024-08-18 07:49:26
2024-08-18,08:04:26 pm,0,100.669,24.414,2024-08-18 08:04:26
2024-08-18,08:19:26 pm,0,100.688,24.32,2024-08-18 08:19:26
2024-08-18,08:34:26 pm,0,100.696,24.206,2024-08-18 08:34:26
2024-08-18,08:49:26 pm,0,100.725,24.126,2024-08-18 08:49:26
2024-08-18,09:04:26 pm,0,100.726,24.043,2024-08-18 09:04:26
2024-08-18,09:19:26 pm,0,100.724,23.981,2024-08-18 09:19:26
2024-08-18,09:34:26 pm,0,100.754,23.88,2024-08-18 09:34:26
2024-08-18,09:49:26 pm,0,100.746,23.793,2024-08-18 09:49:26
2024-08-18,10:04:26 pm,0,100.763,23.705,2024-08-18 10:04:26
2024-08-18,10:19:26 pm,0,100.771,23.649,2024-08-18 10:19:26
2024-08-18,10:34:26 pm,0,100.809,23.569,2024-08-18 10:34:26
2024-08-18,10:49:26 pm,0,100.813,23.499,2024-08-18 10:49:26
2024-08-18,11:04:26 pm,0,100.823,23.462,2024-08-18 11:04:26
2024-08-18,11:19:26 pm,0,100.823,23.385,2024-08-18 11:19:26
2024-08-18,11:34:26 pm,0,100.823,23.331,2024-08-18 11:34:26
2024-08-18,11:49:26 pm,0,100.812,23.263,2024-08-18 11:49:26
2024-08-19,12:04:26 am,0,100.818,23.175,2024-08-19 12:04:26
2024-08-19,12:19:26 am,0,100.823,23.096,2024-08-19 12:19:26
2024-08-19,12:34:26 am,0,100.818,23.014,2024-08-19 12:34:26
2024-08-19,12:49:26 am,0,100.792,22.955,2024-08-19 12:49:26
2024-08-19,01:04:26 am,0,100.788,22.909,2024-08-19 01:04:26
2024-08-19,01:19:26 am,0,100.776,22.856,2024-08-19 01:19:26
2024-08-19,01:34:26 am,0,100.752,22.782,2024-08-19 01:34:26
2024-08-19,01:49:26 am,0,100.747,22.706,2024-08-19 01:49:26
2024-08-19,02:04:26 am,0,100.734,22.637,2024-08-19 02:04:26
2024-08-19,02:19:26 am,0,100.769,22.587,2024-08-19 02:19:26
2024-08-19,02:34:26 am,0,100.701,22.473,2024-08-19 02:34:26
2024-08-19,02:49:26 am,0,100.682,22.406,2024-08-19 02:49:26
2024-08-19,03:04:26 am,0,100.685,22.352,2024-08-19 03:04:26
2024-08-19,03:19:26 am,0,100.69,22.291,2024-08-19 03:19:26
2024-08-19,03:34:26 am,0,100.695,22.176,2024-08-19 03:34:26
2024-08-19,03:49:26 am,0,100.7,22.116,2024-08-19 03:49:26
2024-08-19,04:04:26 am,0,100.713,22.078,2024-08-19 04:04:26
2024-08-19,04:19:26 am,0,100.725,21.963,2024-08-19 04:19:26
2024-08-19,04:34:26 am,0,100.738,21.895,2024-08-19 04:34:26
2024-08-19,04:49:26 am,0,100.736,21.796,2024-08-19 04:49:26
2024-08-19,05:04:26 am,0,100.763,21.775,2024-08-19 05:04:26
2024-08-19,05:19:26 am,0,100.777,21.691,2024-08-19 05:19:26
2024-08-19,05:34:26 am,0,100.777,21.589,2024-08-19 05:34:26
2024-08-19,05:49:26 am,0,100.801,21.543,2024-08-19 05:49:26
2024-08-19,06:04:26 am,0,100.818,21.459,2024-08-19 06:04:26
2024-08-19,06:19:26 am,0,100.84,21.392,2024-08-19 06:19:26
2024-08-19,06:34:26 am,0,100.864,21.349,2024-08-19 06:34:26
2024-08-19,06:49:26 am,0,100.875,21.31,2024-08-19 06:49:26
2024-08-19,07:04:26 am,0,100.89,21.237,2024-08-19 07:04:26
2024-08-19,07:19:26 am,0,100.917,21.222,2024-08-19 07:19:26
2024-08-19,07:34:26 am,0,100.934,21.214,2024-08-19 07:34:26
2024-08-19,07:49:26 am,0,100.946,21.288,2024-08-19 07:49:26
2024-08-19,08:04:26 am,0,100.958,21.371,2024-08-19 08:04:26
2024-08-19,08:19:26 am,0,100.977,21.481,2024-08-19 08:19:26
2024-08-19,08:34:26 am,0,100.986,21.594,2024-08-19 08:34:26
2024-08-19,08:49:26 am,0,100.998,21.749,2024-08-19 08:49:26
2024-08-19,09:04:26 am,0,101.011,21.923,2024-08-19 09:04:26
2024-08-19,09:19:26 am,0,101.031,22.096,2024-08-19 09:19:26
2024-08-19,09:34:26 am,0,101.044,22.257,2024-08-19 09:34:26
2024-08-19,09:49:26 am,0,101.043,22.403,2024-08-19 09:49:26
2024-08-19,10:04:26 am,0,101.039,22.589,2024-08-19 10:04:26
2024-08-19,10:19:26 am,0,101.034,22.738,2024-08-19 10:19:26
2024-08-19,10:34:26 am,0,101.034,22.909,2024-08-19 10:34:26
2024-08-19,10:49:26 am,0,101.028,23.061,2024-08-19 10:49:26
2024-08-19,11:04:26 am,0,101.021,23.237,2024-08-19 11:04:26
2024-08-19,11:19:26 am,0,101.039,23.44,2024-08-19 11:19:26
2024-08-19,11:34:26 am,0,101.03,23.558,2024-08-19 11:34:26
2024-08-19,11:49:26 am,0,101.029,23.693,2024-08-19 11:49:26
2024-08-19,12:04:26 pm,0,101.024,23.956,2024-08-19 12:04:26
2024-08-19,12:19:26 pm,0,101.027,24.298,2024-08-19 12:19:26
2024-08-19,12:34:26 pm,0,101.012,24.315,2024-08-19 12:34:26
2024-08-19,12:49:26 pm,0,100.997,24.388,2024-08-19 12:49:26
2024-08-19,01:04:26 pm,0,100.973,24.471,2024-08-19 01:04:26
2024-08-19,01:19:26 pm,0,100.952,24.604,2024-08-19 01:19:26
2024-08-19,01:34:26 pm,0,100.928,24.742,2024-08-19 01:34:26
2024-08-19,01:49:26 pm,0,100.899,24.837,2024-08-19 01:49:26
2024-08-19,02:04:26 pm,0,100.875,24.946,2024-08-19 02:04:26
2024-08-19,02:19:26 pm,0,100.849,25.102,2024-08-19 02:19:26
2024-08-19,02:34:26 pm,0,100.835,25.125,2024-08-19 02:34:26
2024-08-19,02:49:26 pm,0,100.805,25.155,2024-08-19 02:49:26
2024-08-19,03:04:26 pm,0,100.789,25.142,2024-08-19 03:04:26
2024-08-19,03:19:26 pm,0,100.765,25.076,2024-08-19 03:19:26
2024-08-19,03:34:26 pm,0,100.756,25.168,2024-08-19 03:34:26
2024-08-19,03:49:26 pm,0,100.744,25.15,2024-08-19 03:49:26
2024-08-19,04:04:26 pm,0,100.733,25.06,2024-08-19 04:04:26
2024-08-19,04:19:26 pm,0,100.723,25.053,2024-08-19 04:19:26
2024-08-19,04:34:26 pm,0,100.72,25.091,2024-08-19 04:34:26
2024-08-19,04:49:26 pm,0,100.709,25.085,2024-08-19 04:49:26
2024-08-19,05:04:26 pm,0,100.701,25.08,2024-08-19 05:04:26
2024-08-19,05:19:26 pm,0,100.693,25.083,2024-08-19 05:19:26
2024-08-19,05:34:26 pm,0,100.692,25.076,2024-08-19 05:34:26
2024-08-19,05:49:26 pm,0,100.689,25.103,2024-08-19 05:49:26
2024-08-19,06:04:26 pm,0,100.686,25.07,2024-08-19 06:04:26
2024-08-19,06:19:26 pm,0,100.7,24.943,2024-08-19 06:19:26
2024-08-19,06:34:26 pm,0,100.708,24.794,2024-08-19 06:34:26
2024-08-19,06:49:26 pm,0,100.704,24.688,2024-08-19 06:49:26
2024-08-19,07:04:26 pm,0,100.704,24.597,2024-08-19 07:04:26
2024-08-19,07:19:26 pm,0,100.716,24.525,2024-08-19 07:19:26
2024-08-19,07:34:26 pm,0,100.743,24.417,2024-08-19 07:34:26
2024-08-19,07:49:26 pm,0,100.76,24.272,2024-08-19 07:49:26
2024-08-19,08:04:26 pm,0,100.773,24.167,2024-08-19 08:04:26
2024-08-19,08:19:26 pm,0,100.8,24.13,2024-08-19 08:19:26
2024-08-19,08:34:26 pm,0,100.811,24.04,2024-08-19 08:34:26
2024-08-19,08:49:26 pm,0,100.837,23.953,2024-08-19 08:49:26
2024-08-19,09:04:26 pm,0,100.852,23.856,2024-08-19 09:04:26
2024-08-19,09:19:26 pm,0,100.874,23.796,2024-08-19 09:19:26
2024-08-19,09:34:26 pm,0,100.899,23.708,2024-08-19 09:34:26
2024-08-19,09:49:26 pm,0,100.916,23.656,2024-08-19 09:49:26
2024-08-19,10:04:26 pm,0,100.934,23.544,2024-08-19 10:04:26
2024-08-19,10:19:26 pm,0,100.937,23.426,2024-08-19 10:19:26
2024-08-19,10:34:26 pm,0,100.956,23.341,2024-08-19 10:34:26
2024-08-19,10:49:26 pm,0,100.952,23.274,2024-08-19 10:49:26
2024-08-19,11:04:26 pm,0,100.959,23.197,2024-08-19 11:04:26
2024-08-19,11:19:26 pm,0,100.961,23.137,2024-08-19 11:19:26
2024-08-19,11:34:26 pm,0,100.968,23.045,2024-08-19 11:34:26
2024-08-19,11:49:26 pm,0,100.967,22.967,2024-08-19 11:49:26
2024-08-20,12:04:26 am,0,100.966,22.849,2024-08-20 12:04:26
2024-08-20,12:19:26 am,0,100.974,22.737,2024-08-20 12:19:26
2024-08-20,12:34:26 am,0,100.965,22.612,2024-08-20 12:34:26
2024-08-20,12:49:26 am,0,100.983,22.479,2024-08-20 12:49:26
2024-08-20,01:04:26 am,0,100.981,22.367,2024-08-20 01:04:26
2024-08-20,01:19:26 am,0,100.977,22.265,2024-08-20 01:19:26
2024-08-20,01:34:26 am,0,100.984,22.155,2024-08-20 01:34:26
2024-08-20,01:49:26 am,0,100.981,22.052,2024-08-20 01:49:26
2024-08-20,02:04:26 am,0,100.982,21.962,2024-08-20 02:04:26
2024-08-20,02:19:26 am,0,100.993,21.843,2024-08-20 02:19:26
2024-08-20,02:34:26 am,0,100.998,21.711,2024-08-20 02:34:26
2024-08-20,02:49:26 am,0,101.005,21.611,2024-08-20 02:49:26
2024-08-20,03:04:26 am,0,100.999,21.535,2024-08-20 03:04:26
2024-08-20,03:19:26 am,0,100.987,21.427,2024-08-20 03:19:26
2024-08-20,03:34:26 am,0,100.977,21.342,2024-08-20 03:34:26
2024-08-20,03:49:26 am,0,100.977,21.218,2024-08-20 03:49:26
2024-08-20,04:04:26 am,0,100.965,21.112,2024-08-20 04:04:26
2024-08-20,04:19:26 am,0,100.971,20.99,2024-08-20 04:19:26
2024-08-20,04:34:26 am,0,100.989,20.919,2024-08-20 04:34:26
2024-08-20,04:49:26 am,0,100.997,20.817,2024-08-20 04:49:26
2024-08-20,05:04:26 am,0,101.003,20.74,2024-08-20 05:04:26
2024-08-20,05:19:26 am,0,101.006,20.642,2024-08-20 05:19:26
2024-08-20,05:34:26 am,0,101.018,20.548,2024-08-20 05:34:26
2024-08-20,05:49:26 am,0,101.034,20.475,2024-08-20 05:49:26
2024-08-20,06:04:26 am,0,101.051,20.368,2024-08-20 06:04:26
2024-08-20,06:19:26 am,0,101.079,20.274,2024-08-20 06:19:26
2024-08-20,06:34:26 am,0,101.094,20.233,2024-08-20 06:34:26
2024-08-20,06:49:26 am,0,101.104,20.191,2024-08-20 06:49:26
2024-08-20,07:04:26 am,0,101.13,20.161,2024-08-20 07:04:26
2024-08-20,07:19:26 am,0,101.147,20.145,2024-08-20 07:19:26
2024-08-20,07:34:26 am,0,101.168,20.195,2024-08-20 07:34:26
2024-08-20,07:49:26 am,0,101.173,20.265,2024-08-20 07:49:26
2024-08-20,08:04:26 am,0,101.174,20.388,2024-08-20 08:04:26
2024-08-20,08:19:26 am,0,101.191,20.52,2024-08-20 08:19:26
2024-08-20,08:34:26 am,0,101.189,20.664,2024-08-20 08:34:26
2024-08-20,08:49:26 am,0,101.194,20.841,2024-08-20 08:49:26
2024-08-20,09:04:26 am,0,101.201,21.05,2024-08-20 09:04:26
2024-08-20,09:19:26 am,0,101.215,21.24,2024-08-20 09:19:26
2024-08-20,09:34:26 am,0,101.233,21.409,2024-08-20 09:34:26
2024-08-20,09:49:26 am,0,101.228,21.602,2024-08-20 09:49:26
2024-08-20,10:04:26 am,0,101.235,21.783,2024-08-20 10:04:26
2024-08-20,10:19:26 am,0,101.234,21.972,2024-08-20 10:19:26
2024-08-20,10:34:26 am,0,101.23,22.166,2024-08-20 10:34:26
2024-08-20,10:49:26 am,0,101.23,22.298,2024-08-20 10:49:26
2024-08-20,11:04:26 am,0,101.219,22.444,2024-08-20 11:04:26
2024-08-20,11:19:26 am,0,101.218,22.576,2024-08-20 11:19:26
2024-08-20,11:34:26 am,0,101.207,22.735,2024-08-20 11:34:26
2024-08-20,11:49:26 am,0,101.205,22.932,2024-08-20 11:49:26
2024-08-20,12:04:26 pm,0,101.186,23.133,2024-08-20 12:04:26
2024-08-20,12:19:26 pm,0,101.184,23.779,2024-08-20 12:19:26
2024-08-20,12:34:26 pm,0,101.16,23.925,2024-08-20 12:34:26
2024-08-20,12:49:26 pm,0,101.15,23.87,2024-08-20 12:49:26
2024-08-20,01:04:26 pm,0,101.135,23.852,2024-08-20 01:04:26
2024-08-20,01:19:26 pm,0,101.115,23.877,2024-08-20 01:19:26
2024-08-20,01:34:26 pm,0,101.095,23.916,2024-08-20 01:34:26
2024-08-20,01:49:26 pm,0,101.077,24.085,2024-08-20 01:49:26
2024-08-20,02:04:26 pm,0,101.048,24.193,2024-08-20 02:04:26
2024-08-20,02:19:26 pm,0,101.027,24.304,2024-08-20 02:19:26
2024-08-20,02:34:26 pm,0,101.007,24.288,2024-08-20 02:34:26
2024-08-20,02:49:26 pm,0,100.998,24.389,2024-08-20 02:49:26
2024-08-20,03:04:26 pm,0,100.977,24.438,2024-08-20 03:04:26
2024-08-20,03:19:26 pm,0,100.948,24.44,2024-08-20 03:19:26
2024-08-20,03:34:26 pm,0,100.94,24.569,2024-08-20 03:34:26
2024-08-20,03:49:26 pm,0,100.915,24.501,2024-08-20 03:49:26
2024-08-20,04:04:26 pm,0,100.905,24.505,2024-08-20 04:04:26
2024-08-20,04:19:26 pm,0,100.895,24.487,2024-08-20 04:19:26
2024-08-20,04:34:26 pm,0,100.892,24.49,2024-08-20 04:34:26
2024-08-20,04:49:26 pm,0,100.896,24.479,2024-08-20 04:49:26
2024-08-20,05:04:26 pm,0,100.88,24.45,2024-08-20 05:04:26
2024-08-20,05:19:26 pm,0,100.882,24.45,2024-08-20 05:19:26
2024-08-20,05:34:26 pm,0,100.876,24.4,2024-08-20 05:34:26
2024-08-20,05:49:26 pm,0,100.87,24.298,2024-08-20 05:49:26
2024-08-20,06:04:26 pm,0,100.857,24.204,2024-08-20 06:04:26
2024-08-20,06:19:26 pm,0,100.857,24.105,2024-08-20 06:19:26
2024-08-20,06:34:26 pm,0,100.868,24.037,2024-08-20 06:34:26
2024-08-20,06:49:26 pm,0,100.877,23.962,2024-08-20 06:49:26
2024-08-20,07:04:26 pm,0,100.891,23.887,2024-08-20 07:04:26
2024-08-20,07:19:26 pm,0,100.907,23.758,2024-08-20 07:19:26
2024-08-20,07:34:26 pm,0,100.911,23.598,2024-08-20 07:34:26
2024-08-20,07:49:26 pm,0,100.922,23.409,2024-08-20 07:49:26
2024-08-20,08:04:26 pm,0,100.94,23.258,2024-08-20 08:04:26
2024-08-20,08:19:26 pm,0,100.952,23.073,2024-08-20 08:19:26
2024-08-20,08:34:26 pm,0,100.975,22.915,2024-08-20 08:34:26
2024-08-20,08:49:26 pm,0,100.991,22.815,2024-08-20 08:49:26
2024-08-20,09:04:26 pm,0,101.006,22.775,2024-08-20 09:04:26
2024-08-20,09:19:26 pm,0,101.022,22.673,2024-08-20 09:19:26
2024-08-20,09:34:26 pm,0,101.038,22.561,2024-08-20 09:34:26
2024-08-20,09:49:26 pm,0,101.048,22.428,2024-08-20 09:49:26
2024-08-20,10:04:26 pm,0,101.045,22.247,2024-08-20 10:04:26
2024-08-20,10:19:26 pm,0,101.048,22.138,2024-08-20 10:19:26
2024-08-20,10:34:26 pm,0,101.061,22.054,2024-08-20 10:34:26
2024-08-20,10:49:26 pm,0,101.072,21.933,2024-08-20 10:49:26
2024-08-20,11:04:26 pm,0,101.083,21.838,2024-08-20 11:04:26
2024-08-20,11:19:26 pm,0,101.096,21.734,2024-08-20 11:19:26
2024-08-20,11:34:26 pm,0,101.104,21.649,2024-08-20 11:34:26
2024-08-20,11:49:26 pm,0,101.107,21.569,2024-08-20 11:49:26
2024-08-21,12:04:26 am,0,101.114,21.46,2024-08-21 12:04:26
2024-08-21,12:19:26 am,0,101.116,21.335,2024-08-21 12:19:26
2024-08-21,12:34:26 am,0,101.134,21.268,2024-08-21 12:34:26
2024-08-21,12:49:26 am,0,101.144,21.165,2024-08-21 12:49:26
2024-08-21,01:04:26 am,0,101.156,21.068,2024-08-21 01:04:26
2024-08-21,01:19:26 am,0,101.165,20.966,2024-08-21 01:19:26
2024-08-21,01:34:26 am,0,101.175,20.876,2024-08-21 01:34:26
2024-08-21,01:49:26 am,0,101.188,20.801,2024-08-21 01:49:26
2024-08-21,02:04:26 am,0,101.19,20.677,2024-08-21 02:04:26
2024-08-21,02:19:26 am,0,101.187,20.581,2024-08-21 02:19:26
2024-08-21,02:34:26 am,0,101.203,20.447,2024-08-21 02:34:26
2024-08-21,02:49:26 am,0,101.209,20.322,2024-08-21 02:49:26
2024-08-21,03:04:26 am,0,101.203,20.286,2024-08-21 03:04:26
2024-08-21,03:19:26 am,0,101.197,20.159,2024-08-21 03:19:26
2024-08-21,03:34:26 am,0,101.2,20.07,2024-08-21 03:34:26
2024-08-21,03:49:26 am,0,101.213,19.993,2024-08-21 03:49:26
2024-08-21,04:04:26 am,0,101.222,19.902,2024-08-21 04:04:26
2024-08-21,04:19:26 am,0,101.218,19.832,2024-08-21 04:19:26
2024-08-21,04:34:26 am,0,101.216,19.739,2024-08-21 04:34:26
2024-08-21,04:49:26 am,0,101.215,19.64,2024-08-21 04:49:26
2024-08-21,05:04:26 am,0,101.221,19.553,2024-08-21 05:04:26
2024-08-21,05:19:26 am,0,101.226,19.45,2024-08-21 05:19:26
2024-08-21,05:34:26 am,0,101.237,19.324,2024-08-21 05:34:26
2024-08-21,05:49:26 am,0,101.249,19.231,2024-08-21 05:49:26
2024-08-21,06:04:26 am,0,101.265,19.153,2024-08-21 06:04:26
2024-08-21,06:19:26 am,0,101.274,19.069,2024-08-21 06:19:26
2024-08-21,06:34:26 am,0,101.288,19.039,2024-08-21 06:34:26
2024-08-21,06:49:26 am,0,101.302,18.95,2024-08-21 06:49:26
2024-08-21,07:04:26 am,0,101.314,18.957,2024-08-21 07:04:26
2024-08-21,07:19:26 am,0,101.319,18.969,2024-08-21 07:19:26
2024-08-21,07:34:26 am,0,101.322,19.03,2024-08-21 07:34:26
2024-08-21,07:49:26 am,0,101.334,19.109,2024-08-21 07:49:26
2024-08-21,08:04:26 am,0,101.34,19.244,2024-08-21 08:04:26
2024-08-21,08:19:26 am,0,101.35,19.385,2024-08-21 08:19:26
2024-08-21,08:34:26 am,0,101.352,19.506,2024-08-21 08:34:26
2024-08-21,08:49:26 am,0,101.35,19.65,2024-08-21 08:49:26
2024-08-21,09:04:26 am,0,101.365,19.804,2024-08-21 09:04:26
2024-08-21,09:19:26 am,0,101.365,19.934,2024-08-21 09:19:26
2024-08-21,09:34:26 am,0,101.366,20.108,2024-08-21 09:34:26
2024-08-21,09:49:26 am,0,101.373,20.327,2024-08-21 09:49:26
2024-08-21,10:04:26 am,0,101.362,20.528,2024-08-21 10:04:26
2024-08-21,10:19:26 am,0,101.352,20.761,2024-08-21 10:19:26
2024-08-21,10:34:26 am,0,101.35,20.978,2024-08-21 10:34:26
2024-08-21,10:49:26 am,0,101.356,21.174,2024-08-21 10:49:26
2024-08-21,11:04:26 am,0,101.353,21.39,2024-08-21 11:04:26
2024-08-21,11:19:26 am,0,101.335,21.63,2024-08-21 11:19:26
2024-08-21,11:34:26 am,0,101.325,21.874,2024-08-21 11:34:26
2024-08-21,11:49:26 am,0,101.321,22.126,2024-08-21 11:49:26
2024-08-21,12:04:26 pm,0,101.309,22.408,2024-08-21 12:04:26
2024-08-21,12:19:26 pm,0,101.306,23.11,2024-08-21 12:19:26
2024-08-21,12:34:26 pm,0,101.298,23.182,2024-08-21 12:34:26
2024-08-21,12:49:26 pm,0,101.278,23.145,2024-08-21 12:49:26
2024-08-21,01:04:26 pm,0,101.273,23.183,2024-08-21 01:04:26
2024-08-21,01:19:26 pm,0,101.256,23.314,2024-08-21 01:19:26
2024-08-21,01:34:26 pm,0,101.233,23.43,2024-08-21 01:34:26
2024-08-21,01:49:26 pm,0,101.209,23.53,2024-08-21 01:49:26
2024-08-21,02:04:26 pm,0,101.2,23.819,2024-08-21 02:04:26
2024-08-21,02:19:26 pm,0,101.186,23.78,2024-08-21 02:19:26
2024-08-21,02:34:26 pm,0,101.172,23.865,2024-08-21 02:34:26
2024-08-21,02:49:26 pm,0,101.156,24.004,2024-08-21 02:49:26
2024-08-21,03:04:26 pm,0,101.139,24.024,2024-08-21 03:04:26
2024-08-21,03:19:26 pm,0,101.136,24.064,2024-08-21 03:19:26
2024-08-21,03:34:26 pm,0,101.124,24.194,2024-08-21 03:34:26
2024-08-21,03:49:26 pm,0,101.11,24.098,2024-08-21 03:49:26
2024-08-21,04:04:26 pm,0,101.093,24.051,2024-08-21 04:04:26
2024-08-21,04:19:26 pm,0,101.084,24.031,2024-08-21 04:19:26
2024-08-21,04:34:26 pm,0,101.07,23.991,2024-08-21 04:34:26
2024-08-21,04:49:26 pm,0,101.061,23.966,2024-08-21 04:49:26
2024-08-21,05:04:26 pm,0,101.065,23.946,2024-08-21 05:04:26
2024-08-21,05:19:26 pm,0,101.059,23.881,2024-08-21 05:19:26
2024-08-21,05:34:26 pm,0,101.06,23.829,2024-08-21 05:34:26
2024-08-21,05:49:26 pm,0,101.048,23.764,2024-08-21 05:49:26
2024-08-21,06:04:26 pm,0,101.034,23.634,2024-08-21 06:04:26
2024-08-21,06:19:26 pm,0,101.028,23.52,2024-08-21 06:19:26
2024-08-21,06:34:26 pm,0,101.035,23.418,2024-08-21 06:34:26
2024-08-21,06:49:26 pm,0,101.033,23.315,2024-08-21 06:49:26
2024-08-21,07:04:26 pm,0,101.035,23.208,2024-08-21 07:04:26
2024-08-21,07:19:26 pm,0,101.044,23.073,2024-08-21 07:19:26
2024-08-21,07:34:26 pm,0,101.055,22.909,2024-08-21 07:34:26
2024-08-21,07:49:26 pm,0,101.053,22.694,2024-08-21 07:49:26
2024-08-21,08:04:26 pm,0,101.07,22.5,2024-08-21 08:04:26
2024-08-21,08:19:26 pm,0,101.073,22.336,2024-08-21 08:19:26
2024-08-21,08:34:26 pm,0,101.096,22.171,2024-08-21 08:34:26
2024-08-21,08:49:26 pm,0,101.103,22.064,2024-08-21 08:49:26
2024-08-21,09:04:26 pm,0,101.12,21.861,2024-08-21 09:04:26
2024-08-21,09:19:26 pm,0,101.137,21.743,2024-08-21 09:19:26
2024-08-21,09:34:26 pm,0,101.144,21.607,2024-08-21 09:34:26
2024-08-21,09:49:26 pm,0,101.162,21.514,2024-08-21 09:49:26
2024-08-21,10:04:26 pm,0,101.174,21.36,2024-08-21 10:04:26
2024-08-21,10:19:26 pm,0,101.194,21.257,2024-08-21 10:19:26
2024-08-21,10:34:26 pm,0,101.202,21.145,2024-08-21 10:34:26
2024-08-21,10:49:26 pm,0,101.201,21.044,2024-08-21 10:49:26
2024-08-21,11:04:26 pm,0,101.2,20.943,2024-08-21 11:04:26
2024-08-21,11:19:26 pm,0,101.199,20.832,2024-08-21 11:19:26
2024-08-21,11:34:26 pm,0,101.188,20.692,2024-08-21 11:34:26
2024-08-21,11:49:26 pm,0,101.198,20.623,2024-08-21 11:49:26
2024-08-22,12:04:26 am,0,101.2,20.498,2024-08-22 12:04:26
2024-08-22,12:19:26 am,0,101.194,20.424,2024-08-22 12:19:26
2024-08-22,12:34:26 am,0,101.193,20.345,2024-08-22 12:34:26
2024-08-22,12:49:26 am,0,101.19,20.286,2024-08-22 12:49:26
2024-08-22,01:04:26 am,0,101.189,20.175,2024-08-22 01:04:26
2024-08-22,01:19:26 am,0,101.173,20.079,2024-08-22 01:19:26
2024-08-22,01:34:26 am,0,101.161,19.998,2024-08-22 01:34:26
2024-08-22,01:49:26 am,0,101.148,19.912,2024-08-22 01:49:26
2024-08-22,02:04:26 am,0,101.135,19.808,2024-08-22 02:04:26
2024-08-22,02:19:26 am,0,101.136,19.736,2024-08-22 02:19:26
2024-08-22,02:34:26 am,0,101.141,19.643,2024-08-22 02:34:26
2024-08-22,02:49:26 am,0,101.141,19.586,2024-08-22 02:49:26
2024-08-22,03:04:26 am,0,101.15,19.504,2024-08-22 03:04:26
2024-08-22,03:19:26 am,0,101.154,19.474,2024-08-22 03:19:26
2024-08-22,03:34:26 am,0,101.162,19.423,2024-08-22 03:34:26
2024-08-22,03:49:26 am,0,101.176,19.353,2024-08-22 03:49:26
2024-08-22,04:04:26 am,0,101.192,19.299,2024-08-22 04:04:26
2024-08-22,04:19:26 am,0,101.21,19.245,2024-08-22 04:19:26
2024-08-22,04:34:26 am,0,101.229,19.225,2024-08-22 04:34:26
2024-08-22,04:49:26 am,0,101.236,19.207,2024-08-22 04:49:26
2024-08-22,05:04:26 am,0,101.248,19.104,2024-08-22 05:04:26
2024-08-22,05:19:26 am,0,101.264,19.099,2024-08-22 05:19:26
2024-08-22,05:34:26 am,0,101.277,19.081,2024-08-22 05:34:26
2024-08-22,05:49:26 am,0,101.29,19.058,2024-08-22 05:49:26
2024-08-22,06:04:26 am,0,101.309,19.028,2024-08-22 06:04:26
2024-08-22,06:19:26 am,0,101.319,18.937,2024-08-22 06:19:26
2024-08-22,06:34:26 am,0,101.346,18.892,2024-08-22 06:34:26
2024-08-22,06:49:26 am,0,101.356,18.868,2024-08-22 06:49:26
2024-08-22,07:04:26 am,0,101.372,18.858,2024-08-22 07:04:26
2024-08-22,07:19:26 am,0,101.385,18.906,2024-08-22 07:19:26
2024-08-22,07:34:26 am,0,101.398,18.969,2024-08-22 07:34:26
2024-08-22,07:49:26 am,0,101.404,19.075,2024-08-22 07:49:26
2024-08-22,08:04:26 am,0,101.409,19.194,2024-08-22 08:04:26
2024-08-22,08:19:26 am,0,101.427,19.336,2024-08-22 08:19:26
2024-08-22,08:34:26 am,0,101.417,19.49,2024-08-22 08:34:26
2024-08-22,08:49:26 am,0,101.422,19.681,2024-08-22 08:49:26
2024-08-22,09:04:26 am,0,101.427,19.912,2024-08-22 09:04:26
2024-08-22,09:19:26 am,0,101.426,20.202,2024-08-22 09:19:26
2024-08-22,09:34:26 am,0,101.429,20.519,2024-08-22 09:34:26
2024-08-22,09:49:26 am,0,101.437,20.844,2024-08-22 09:49:26
2024-08-22,10:04:26 am,0,101.443,21.173,2024-08-22 10:04:26
2024-08-22,10:19:26 am,0,101.445,21.396,2024-08-22 10:19:26
2024-08-22,10:34:26 am,0,101.45,21.634,2024-08-22 10:34:26
2024-08-22,10:49:26 am,0,101.466,21.728,2024-08-22 10:49:26
2024-08-22,11:04:26 am,0,101.471,21.862,2024-08-22 11:04:26
2024-08-22,11:19:26 am,0,101.47,21.924,2024-08-22 11:19:26
2024-08-22,11:34:26 am,0,101.455,22.249,2024-08-22 11:34:26
2024-08-22,11:49:26 am,0,101.45,22.539,2024-08-22 11:49:26
2024-08-22,12:04:26 pm,0,101.438,22.874,2024-08-22 12:04:26
2024-08-22,12:19:26 pm,0,101.431,23.535,2024-08-22 12:19:26
2024-08-22,12:34:26 pm,0,101.426,23.498,2024-08-22 12:34:26
2024-08-22,12:49:26 pm,0,101.41,23.376,2024-08-22 12:49:26
2024-08-22,01:04:26 pm,0,101.39,23.298,2024-08-22 01:04:26
2024-08-22,01:19:26 pm,0,101.377,23.424,2024-08-22 01:19:26
2024-08-22,01:34:26 pm,0,101.359,23.537,2024-08-22 01:34:26
2024-08-22,01:49:26 pm,0,101.343,23.622,2024-08-22 01:49:26
2024-08-22,02:04:26 pm,0,101.322,23.713,2024-08-22 02:04:26
2024-08-22,02:19:26 pm,0,101.295,23.983,2024-08-22 02:19:26
2024-08-22,02:34:26 pm,0,101.28,24.089,2024-08-22 02:34:26
2024-08-22,02:49:26 pm,0,101.267,24.212,2024-08-22 02:49:26
2024-08-22,03:04:26 pm,0,101.259,24.208,2024-08-22 03:04:26
2024-08-22,03:19:26 pm,0,101.233,24.235,2024-08-22 03:19:26
2024-08-22,03:34:26 pm,0,101.238,24.373,2024-08-22 03:34:26
2024-08-22,03:49:26 pm,0,101.27,24.294,2024-08-22 03:49:26
2024-08-22,04:04:26 pm,0,101.256,24.069,2024-08-22 04:04:26
2024-08-22,04:19:26 pm,0,101.254,23.912,2024-08-22 04:19:26
2024-08-22,04:34:26 pm,0,101.221,23.866,2024-08-22 04:34:26
2024-08-22,04:49:26 pm,0,101.209,23.941,2024-08-22 04:49:26
2024-08-22,05:04:26 pm,0,101.217,23.945,2024-08-22 05:04:26
2024-08-22,05:19:26 pm,0,101.223,23.903,2024-08-22 05:19:26
2024-08-22,05:34:26 pm,0,101.226,23.905,2024-08-22 05:34:26
2024-08-22,05:49:26 pm,0,101.234,23.858,2024-08-22 05:49:26
2024-08-22,06:04:26 pm,0,101.235,23.81,2024-08-22 06:04:26
2024-08-22,06:19:26 pm,0,101.235,23.76,2024-08-22 06:19:26
2024-08-22,06:34:26 pm,0,101.236,23.703,2024-08-22 06:34:26
2024-08-22,06:49:26 pm,0,101.235,23.651,2024-08-22 06:49:26
2024-08-22,07:04:26 pm,0,101.232,23.606,2024-08-22 07:04:26
2024-08-22,07:19:26 pm,0,101.255,23.547,2024-08-22 07:19:26
2024-08-22,07:34:26 pm,0,101.276,23.477,2024-08-22 07:34:26
2024-08-22,07:49:26 pm,0,101.297,23.404,2024-08-22 07:49:26
2024-08-22,08:04:26 pm,0,101.325,23.312,2024-08-22 08:04:26
2024-08-22,08:19:26 pm,0,101.338,23.232,2024-08-22 08:19:26
2024-08-22,08:34:26 pm,0,101.341,23.135,2024-08-22 08:34:26
2024-08-22,08:49:26 pm,0,101.36,23.037,2024-08-22 08:49:26
2024-08-22,09:04:26 pm,0,101.391,22.945,2024-08-22 09:04:26
2024-08-22,09:19:26 pm,0,101.394,22.873,2024-08-22 09:19:26
2024-08-22,09:34:26 pm,0,101.409,22.796,2024-08-22 09:34:26
2024-08-22,09:49:26 pm,0,101.412,22.696,2024-08-22 09:49:26
2024-08-22,10:04:26 pm,0,101.422,22.599,2024-08-22 10:04:26
2024-08-22,10:19:26 pm,0,101.439,22.526,2024-08-22 10:19:26
2024-08-22,10:34:26 pm,0,101.438,22.436,2024-08-22 10:34:26
2024-08-22,10:49:26 pm,0,101.439,22.359,2024-08-22 10:49:26
2024-08-22,11:04:26 pm,0,101.457,22.286,2024-08-22 11:04:26
2024-08-22,11:19:26 pm,0,101.461,22.222,2024-08-22 11:19:26
2024-08-22,11:34:26 pm,0,101.47,22.168,2024-08-22 11:34:26
2024-08-22,11:49:26 pm,0,101.479,22.103,2024-08-22 11:49:26
2024-08-23,12:04:26 am,0,101.479,22.046,2024-08-23 12:04:26
2024-08-23,12:19:26 am,0,101.484,21.995,2024-08-23 12:19:26
2024-08-23,12:34:26 am,0,101.478,21.936,2024-08-23 12:34:26
2024-08-23,12:49:26 am,0,101.492,21.87,2024-08-23 12:49:26
2024-08-23,01:04:26 am,0,101.493,21.819,2024-08-23 01:04:26
2024-08-23,01:19:26 am,0,101.485,21.748,2024-08-23 01:19:26
2024-08-23,01:34:26 am,0,101.481,21.675,2024-08-23 01:34:26
2024-08-23,01:49:26 am,0,101.476,21.581,2024-08-23 01:49:26
2024-08-23,02:04:26 am,0,101.471,21.499,2024-08-23 02:04:26
2024-08-23,02:19:26 am,0,101.481,21.453,2024-08-23 02:19:26
2024-08-23,02:34:26 am,0,101.493,21.433,2024-08-23 02:34:26
2024-08-23,02:49:26 am,0,101.506,21.389,2024-08-23 02:49:26
2024-08-23,03:04:26 am,0,101.519,21.366,2024-08-23 03:04:26
2024-08-23,03:19:26 am,0,101.531,21.32,2024-08-23 03:19:26
2024-08-23,03:34:26 am,0,101.538,21.25,2024-08-23 03:34:26
2024-08-23,03:49:26 am,0,101.541,21.166,2024-08-23 03:49:26
2024-08-23,04:04:26 am,0,101.54,21.057,2024-08-23 04:04:26
2024-08-23,04:19:26 am,0,101.546,20.962,2024-08-23 04:19:26
2024-08-23,04:34:26 am,0,101.555,20.906,2024-08-23 04:34:26
2024-08-23,04:49:26 am,0,101.584,20.848,2024-08-23 04:49:26
2024-08-23,05:04:26 am,0,101.604,20.798,2024-08-23 05:04:26
2024-08-23,05:19:26 am,0,101.618,20.747,2024-08-23 05:19:26
2024-08-23,05:34:26 am,0,101.63,20.696,2024-08-23 05:34:26
2024-08-23,05:49:26 am,0,101.646,20.625,2024-08-23 05:49:26
2024-08-23,06:04:26 am,0,101.674,20.54,2024-08-23 06:04:26
2024-08-23,06:19:26 am,0,101.692,20.504,2024-08-23 06:19:26
2024-08-23,06:34:26 am,0,101.709,20.445,2024-08-23 06:34:26
2024-08-23,06:49:26 am,0,101.725,20.385,2024-08-23 06:49:26
2024-08-23,07:04:26 am,0,101.726,20.327,2024-08-23 07:04:26
2024-08-23,07:19:26 am,0,101.736,20.293,2024-08-23 07:19:26
2024-08-23,07:34:26 am,0,101.749,20.35,2024-08-23 07:34:26
2024-08-23,07:49:26 am,0,101.756,20.427,2024-08-23 07:49:26
2024-08-23,08:04:26 am,0,101.762,20.551,2024-08-23 08:04:26
2024-08-23,08:19:26 am,0,101.78,20.705,2024-08-23 08:19:26
2024-08-23,08:34:26 am,0,101.785,20.867,2024-08-23 08:34:26
2024-08-23,08:49:26 am,0,101.79,21.002,2024-08-23 08:49:26
2024-08-23,09:04:26 am,0,101.813,21.126,2024-08-23 09:04:26
2024-08-23,09:19:26 am,0,101.812,21.199,2024-08-23 09:19:26
2024-08-23,09:34:26 am,0,101.815,21.311,2024-08-23 09:34:26
2024-08-23,09:49:26 am,0,101.821,21.458,2024-08-23 09:49:26
2024-08-23,10:04:26 am,0,101.833,21.609,2024-08-23 10:04:26
2024-08-23,10:19:26 am,0,101.859,21.755,2024-08-23 10:19:26
2024-08-23,10:34:26 am,0,101.868,21.93,2024-08-23 10:34:26
2024-08-23,10:49:26 am,0,101.867,22.023,2024-08-23 10:49:26
2024-08-23,11:04:26 am,0,101.864,22.124,2024-08-23 11:04:26
2024-08-23,11:19:26 am,0,101.85,22.258,2024-08-23 11:19:26
2024-08-23,11:34:26 am,0,101.828,22.445,2024-08-23 11:34:26
2024-08-23,11:49:26 am,0,101.823,22.651,2024-08-23 11:49:26
2024-08-23,12:04:26 pm,0,101.818,22.795,2024-08-23 12:04:26
2024-08-23,12:19:26 pm,0,101.819,23.313,2024-08-23 12:19:26
2024-08-23,12:34:26 pm,0,101.786,23.304,2024-08-23 12:34:26
2024-08-23,12:49:26 pm,0,101.773,23.33,2024-08-23 12:49:26
2024-08-23,01:04:26 pm,0,101.733,23.405,2024-08-23 01:04:26
2024-08-23,01:19:26 pm,0,101.719,23.519,2024-08-23 01:19:26
2024-08-23,01:34:26 pm,0,101.704,23.635,2024-08-23 01:34:26
2024-08-23,01:49:26 pm,0,101.697,23.731,2024-08-23 01:49:26
2024-08-23,02:04:26 pm,0,101.66,23.994,2024-08-23 02:04:26
2024-08-23,02:19:26 pm,0,101.631,24.053,2024-08-23 02:19:26
2024-08-23,02:34:26 pm,0,101.62,24.124,2024-08-23 02:34:26
2024-08-23,02:49:26 pm,0,101.589,24.167,2024-08-23 02:49:26
2024-08-23,03:04:26 pm,0,101.579,24.222,2024-08-23 03:04:26
2024-08-23,03:19:26 pm,0,101.537,24.244,2024-08-23 03:19:26
2024-08-23,03:34:26 pm,0,101.528,24.288,2024-08-23 03:34:26
2024-08-23,03:49:26 pm,0,101.516,24.305,2024-08-23 03:49:26
2024-08-23,04:04:26 pm,0,101.483,24.318,2024-08-23 04:04:26
2024-08-23,04:19:26 pm,0,101.473,24.278,2024-08-23 04:19:26
2024-08-23,04:34:26 pm,0,101.479,24.249,2024-08-23 04:34:26
2024-08-23,04:49:26 pm,0,101.457,24.145,2024-08-23 04:49:26
2024-08-23,05:04:26 pm,0,101.442,24.095,2024-08-23 05:04:26
2024-08-23,05:19:26 pm,0,101.438,24.077,2024-08-23 05:19:26
2024-08-23,05:34:26 pm,0,101.444,24.02,2024-08-23 05:34:26
2024-08-23,05:49:26 pm,0,101.434,23.986,2024-08-23 05:49:26
2024-08-23,06:04:26 pm,0,101.424,23.878,2024-08-23 06:04:26
2024-08-23,06:19:26 pm,0,101.427,23.821,2024-08-23 06:19:26
2024-08-23,06:34:26 pm,0,101.422,23.73,2024-08-23 06:34:26
2024-08-23,06:49:26 pm,0,101.433,23.65,2024-08-23 06:49:26
2024-08-23,07:04:26 pm,0,101.438,23.536,2024-08-23 07:04:26
2024-08-23,07:19:26 pm,0,101.432,23.372,2024-08-23 07:19:26
2024-08-23,07:34:26 pm,0,101.439,23.201,2024-08-23 07:34:26
2024-08-23,07:49:26 pm,0,101.448,22.938,2024-08-23 07:49:26
2024-08-23,08:04:26 pm,0,101.465,22.69,2024-08-23 08:04:26
2024-08-23,08:19:26 pm,0,101.48,22.481,2024-08-23 08:19:26
2024-08-23,08:34:26 pm,0,101.483,22.302,2024-08-23 08:34:26
2024-08-23,08:49:26 pm,0,101.494,22.108,2024-08-23 08:49:26
2024-08-23,09:04:26 pm,0,101.523,21.936,2024-08-23 09:04:26
2024-08-23,09:19:26 pm,0,101.539,21.756,2024-08-23 09:19:26
2024-08-23,09:34:26 pm,0,101.552,21.627,2024-08-23 09:34:26
2024-08-23,09:49:26 pm,0,101.564,21.521,2024-08-23 09:49:26
2024-08-23,10:04:26 pm,0,101.568,21.378,2024-08-23 10:04:26
2024-08-23,10:19:26 pm,0,101.579,21.298,2024-08-23 10:19:26
2024-08-23,10:34:26 pm,0,101.591,21.166,2024-08-23 10:34:26
2024-08-23,10:49:26 pm,0,101.592,21.035,2024-08-23 10:49:26
2024-08-23,11:04:26 pm,0,101.604,20.921,2024-08-23 11:04:26
2024-08-23,11:19:26 pm,0,101.624,20.811,2024-08-23 11:19:26
2024-08-23,11:34:26 pm,0,101.618,20.679,2024-08-23 11:34:26
2024-08-23,11:49:26 pm,0,101.604,20.553,2024-08-23 11:49:26
2024-08-24,12:04:26 am,0,101.598,20.435,2024-08-24 12:04:26
2024-08-24,12:19:26 am,0,101.588,20.305,2024-08-24 12:19:26
2024-08-24,12:34:26 am,0,101.586,20.239,2024-08-24 12:34:26
2024-08-24,12:49:26 am,0,101.58,20.16,2024-08-24 12:49:26
2024-08-24,01:04:26 am,0,101.576,20.061,2024-08-24 01:04:26
2024-08-24,01:19:26 am,0,101.566,19.916,2024-08-24 01:19:26
2024-08-24,01:34:26 am,0,101.566,19.746,2024-08-24 01:34:26
2024-08-24,01:49:26 am,0,101.558,19.617,2024-08-24 01:49:26
2024-08-24,02:04:26 am,0,101.558,19.505,2024-08-24 02:04:26
2024-08-24,02:19:26 am,0,101.565,19.405,2024-08-24 02:19:26
2024-08-24,02:34:26 am,0,101.566,19.337,2024-08-24 02:34:26
2024-08-24,02:49:26 am,0,101.56,19.222,2024-08-24 02:49:26
2024-08-24,03:04:26 am,0,101.566,19.108,2024-08-24 03:04:26
2024-08-24,03:19:26 am,0,101.569,19.016,2024-08-24 03:19:26
2024-08-24,03:34:26 am,0,101.573,18.884,2024-08-24 03:34:26
2024-08-24,03:49:26 am,0,101.589,18.762,2024-08-24 03:49:26
2024-08-24,04:04:26 am,0,101.6,18.664,2024-08-24 04:04:26
2024-08-24,04:19:26 am,0,101.619,18.597,2024-08-24 04:19:26
2024-08-24,04:34:26 am,0,101.635,18.51,2024-08-24 04:34:26
2024-08-24,04:49:26 am,0,101.651,18.422,2024-08-24 04:49:26
2024-08-24,05:04:26 am,0,101.676,18.342,2024-08-24 05:04:26
2024-08-24,05:19:26 am,0,101.699,18.282,2024-08-24 05:19:26
2024-08-24,05:34:26 am,0,101.712,18.22,2024-08-24 05:34:26
2024-08-24,05:49:26 am,0,101.713,18.125,2024-08-24 05:49:26
2024-08-24,06:04:26 am,0,101.722,18.047,2024-08-24 06:04:26
2024-08-24,06:19:26 am,0,101.743,17.977,2024-08-24 06:19:26
2024-08-24,06:34:26 am,0,101.772,17.902,2024-08-24 06:34:26
2024-08-24,06:49:26 am,0,101.772,17.832,2024-08-24 06:49:26
2024-08-24,07:04:26 am,0,101.787,17.806,2024-08-24 07:04:26
2024-08-24,07:19:26 am,0,101.803,17.831,2024-08-24 07:19:26
2024-08-24,07:34:26 am,0,101.8,17.914,2024-08-24 07:34:26
2024-08-24,07:49:26 am,0,101.816,18.009,2024-08-24 07:49:26
2024-08-24,08:04:26 am,0,101.816,18.163,2024-08-24 08:04:26
2024-08-24,08:19:26 am,0,101.848,18.343,2024-08-24 08:19:26
2024-08-24,08:34:26 am,0,101.851,18.564,2024-08-24 08:34:26
2024-08-24,08:49:26 am,0,101.868,18.807,2024-08-24 08:49:26
2024-08-24,09:04:26 am,0,101.893,19.072,2024-08-24 09:04:26
2024-08-24,09:19:26 am,0,101.905,19.362,2024-08-24 09:19:26
2024-08-24,09:34:26 am,0,101.911,19.655,2024-08-24 09:34:26
2024-08-24,09:49:26 am,0,101.903,19.907,2024-08-24 09:49:26
2024-08-24,10:04:26 am,0,101.888,20.173,2024-08-24 10:04:26
2024-08-24,10:19:26 am,0,101.886,20.471,2024-08-24 10:19:26
2024-08-24,10:34:26 am,0,101.864,20.756,2024-08-24 10:34:26
2024-08-24,10:49:26 am,0,101.835,20.96,2024-08-24 10:49:26
2024-08-24,11:04:26 am,0,101.818,21.163,2024-08-24 11:04:26
2024-08-24,11:19:26 am,0,101.786,21.382,2024-08-24 11:19:26
2024-08-24,11:34:26 am,0,101.772,21.671,2024-08-24 11:34:26
2024-08-24,11:49:26 am,0,101.754,21.989,2024-08-24 11:49:26
2024-08-24,12:04:26 pm,0,101.745,22.183,2024-08-24 12:04:26
2024-08-24,12:19:26 pm,0,101.728,22.77,2024-08-24 12:19:26
2024-08-24,12:34:26 pm,0,101.698,22.737,2024-08-24 12:34:26
2024-08-24,12:49:26 pm,0,101.676,22.835,2024-08-24 12:49:26
2024-08-24,01:04:26 pm,0,101.65,22.965,2024-08-24 01:04:26
2024-08-24,01:19:26 pm,0,101.624,23.108,2024-08-24 01:19:26
2024-08-24,01:34:26 pm,0,101.619,23.268,2024-08-24 01:34:26
2024-08-24,01:49:26 pm,0,101.592,23.431,2024-08-24 01:49:26
2024-08-24,02:04:26 pm,0,101.578,23.7,2024-08-24 02:04:26
2024-08-24,02:19:26 pm,0,101.556,23.846,2024-08-24 02:19:26
2024-08-24,02:34:26 pm,0,101.541,23.892,2024-08-24 02:34:26
2024-08-24,02:49:26 pm,0,101.514,24.008,2024-08-24 02:49:26
2024-08-24,03:04:26 pm,0,101.494,24.081,2024-08-24 03:04:26
2024-08-24,03:19:26 pm,0,101.489,24.151,2024-08-24 03:19:26
2024-08-24,03:34:26 pm,0,101.471,24.203,2024-08-24 03:34:26
2024-08-24,03:49:26 pm,0,101.473,24.232,2024-08-24 03:49:26
2024-08-24,04:04:26 pm,0,101.466,24.271,2024-08-24 04:04:26
2024-08-24,04:19:26 pm,0,101.459,24.244,2024-08-24 04:19:26
2024-08-24,04:34:26 pm,0,101.433,24.025,2024-08-24 04:34:26
2024-08-24,04:49:26 pm,0,101.397,23.932,2024-08-24 04:49:26
2024-08-24,05:04:26 pm,0,101.401,23.93,2024-08-24 05:04:26
2024-08-24,05:19:26 pm,0,101.375,23.941,2024-08-24 05:19:26
2024-08-24,05:34:26 pm,0,101.354,23.917,2024-08-24 05:34:26
2024-08-24,05:49:26 pm,0,101.341,23.847,2024-08-24 05:49:26
2024-08-24,06:04:26 pm,0,101.326,23.746,2024-08-24 06:04:26
2024-08-24,06:19:26 pm,0,101.309,23.657,2024-08-24 06:19:26
2024-08-24,06:34:26 pm,0,101.299,23.577,2024-08-24 06:34:26
2024-08-24,06:49:26 pm,0,101.294,23.499,2024-08-24 06:49:26
2024-08-24,07:04:26 pm,0,101.294,23.434,2024-08-24 07:04:26
2024-08-24,07:19:26 pm,0,101.317,23.358,2024-08-24 07:19:26
2024-08-24,07:34:26 pm,0,101.317,23.274,2024-08-24 07:34:26
2024-08-24,07:49:26 pm,0,101.331,23.157,2024-08-24 07:49:26
2024-08-24,08:04:26 pm,0,101.338,23.029,2024-08-24 08:04:26
2024-08-24,08:19:26 pm,0,101.348,22.862,2024-08-24 08:19:26
2024-08-24,08:34:26 pm,0,101.355,22.731,2024-08-24 08:34:26
2024-08-24,08:49:26 pm,0,101.359,22.59,2024-08-24 08:49:26
2024-08-24,09:04:26 pm,0,101.377,22.46,2024-08-24 09:04:26
2024-08-24,09:19:26 pm,0,101.385,22.341,2024-08-24 09:19:26
2024-08-24,09:34:26 pm,0,101.398,22.225,2024-08-24 09:34:26
2024-08-24,09:49:26 pm,0,101.415,22.135,2024-08-24 09:49:26
2024-08-24,10:04:26 pm,0,101.42,22.024,2024-08-24 10:04:26
2024-08-24,10:19:26 pm,0,101.407,21.9,2024-08-24 10:19:26
2024-08-24,10:34:26 pm,0,101.402,21.779,2024-08-24 10:34:26
2024-08-24,10:49:26 pm,0,101.399,21.671,2024-08-24 10:49:26
2024-08-24,11:04:26 pm,0,101.406,21.575,2024-08-24 11:04:26
2024-08-24,11:19:26 pm,0,101.421,21.5,2024-08-24 11:19:26
2024-08-24,11:34:26 pm,0,101.427,21.39,2024-08-24 11:34:26
2024-08-24,11:49:26 pm,0,101.443,21.31,2024-08-24 11:49:26
2024-08-25,12:04:26 am,0,101.455,21.221,2024-08-25 12:04:26
2024-08-25,12:19:26 am,0,101.448,21.131,2024-08-25 12:19:26
2024-08-25,12:34:26 am,0,101.443,21.039,2024-08-25 12:34:26
2024-08-25,12:49:26 am,0,101.456,20.96,2024-08-25 12:49:26
2024-08-25,01:04:26 am,0,101.468,20.882,2024-08-25 01:04:26
2024-08-25,01:19:26 am,0,101.468,20.794,2024-08-25 01:19:26
2024-08-25,01:34:26 am,0,101.465,20.715,2024-08-25 01:34:26
2024-08-25,01:49:26 am,0,101.463,20.616,2024-08-25 01:49:26
2024-08-25,02:04:26 am,0,101.467,20.519,2024-08-25 02:04:26
2024-08-25,02:19:26 am,0,101.479,20.457,2024-08-25 02:19:26
2024-08-25,02:34:26 am,0,101.485,20.39,2024-08-25 02:34:26
2024-08-25,02:49:26 am,0,101.501,20.308,2024-08-25 02:49:26
2024-08-25,03:04:26 am,0,101.504,20.236,2024-08-25 03:04:26
2024-08-25,03:19:26 am,0,101.518,20.154,2024-08-25 03:19:26
2024-08-25,03:34:26 am,0,101.532,20.089,2024-08-25 03:34:26
2024-08-25,03:49:26 am,0,101.553,20.034,2024-08-25 03:49:26
2024-08-25,04:04:26 am,0,101.564,19.949,2024-08-25 04:04:26
2024-08-25,04:19:26 am,0,101.571,19.855,2024-08-25 04:19:26
2024-08-25,04:34:26 am,0,101.585,19.789,2024-08-25 04:34:26
2024-08-25,04:49:26 am,0,101.604,19.795,2024-08-25 04:49:26
2024-08-25,05:04:26 am,0,101.629,19.794,2024-08-25 05:04:26
2024-08-25,05:19:26 am,0,101.642,19.779,2024-08-25 05:19:26
2024-08-25,05:34:26 am,0,101.657,19.728,2024-08-25 05:34:26
2024-08-25,05:49:26 am,0,101.679,19.678,2024-08-25 05:49:26
2024-08-25,06:04:26 am,0,101.679,19.598,2024-08-25 06:04:26
2024-08-25,06:19:26 am,0,101.697,19.508,2024-08-25 06:19:26
2024-08-25,06:34:26 am,0,101.724,19.428,2024-08-25 06:34:26
2024-08-25,06:49:26 am,0,101.736,19.358,2024-08-25 06:49:26
2024-08-25,07:04:26 am,0,101.754,19.346,2024-08-25 07:04:26
2024-08-25,07:19:26 am,0,101.77,19.371,2024-08-25 07:19:26
2024-08-25,07:34:26 am,0,101.777,19.444,2024-08-25 07:34:26
2024-08-25,07:49:26 am,0,101.786,19.538,2024-08-25 07:49:26
2024-08-25,08:04:26 am,0,101.792,19.659,2024-08-25 08:04:26
2024-08-25,08:19:26 am,0,101.802,19.819,2024-08-25 08:19:26
2024-08-25,08:34:26 am,0,101.803,19.976,2024-08-25 08:34:26
2024-08-25,08:49:26 am,0,101.807,20.153,2024-08-25 08:49:26
2024-08-25,09:04:26 am,0,101.815,20.356,2024-08-25 09:04:26
2024-08-25,09:19:26 am,0,101.828,20.564,2024-08-25 09:19:26
2024-08-25,09:34:26 am,0,101.847,20.779,2024-08-25 09:34:26
2024-08-25,09:49:26 am,0,101.858,20.999,2024-08-25 09:49:26
2024-08-25,10:04:26 am,0,101.862,21.253,2024-08-25 10:04:26
2024-08-25,10:19:26 am,0,101.853,21.507,2024-08-25 10:19:26
2024-08-25,10:34:26 am,0,101.852,21.756,2024-08-25 10:34:26
2024-08-25,10:49:26 am,0,101.837,21.985,2024-08-25 10:49:26
2024-08-25,11:04:26 am,0,101.817,22.191,2024-08-25 11:04:26
2024-08-25,11:19:26 am,0,101.816,22.421,2024-08-25 11:19:26
2024-08-25,11:34:26 am,0,101.811,22.646,2024-08-25 11:34:26
2024-08-25,11:49:26 am,0,101.785,22.869,2024-08-25 11:49:26
2024-08-25,12:04:26 pm,0,101.763,23.08,2024-08-25 12:04:26
2024-08-25,12:19:26 pm,0,101.748,23.434,2024-08-25 12:19:26
2024-08-25,12:34:26 pm,0,101.728,23.523,2024-08-25 12:34:26
2024-08-25,12:49:26 pm,0,101.717,23.621,2024-08-25 12:49:26
2024-08-25,01:04:26 pm,0,101.697,23.795,2024-08-25 01:04:26
2024-08-25,01:19:26 pm,0,101.671,23.916,2024-08-25 01:19:26
2024-08-25,01:34:26 pm,0,101.663,24.011,2024-08-25 01:34:26
2024-08-25,01:49:26 pm,0,101.634,24.099,2024-08-25 01:49:26
2024-08-25,02:04:26 pm,0,101.605,24.264,2024-08-25 02:04:26
2024-08-25,02:19:26 pm,0,101.589,24.413,2024-08-25 02:19:26
2024-08-25,02:34:26 pm,0,101.563,24.51,2024-08-25 02:34:26
2024-08-25,02:49:26 pm,0,101.537,24.604,2024-08-25 02:49:26
2024-08-25,03:04:26 pm,0,101.517,24.671,2024-08-25 03:04:26
2024-08-25,03:19:26 pm,0,101.492,24.657,2024-08-25 03:19:26
2024-08-25,03:34:26 pm,0,101.481,24.83,2024-08-25 03:34:26
2024-08-25,03:49:26 pm,0,101.473,24.851,2024-08-25 03:49:26
2024-08-25,04:04:26 pm,0,101.456,24.76,2024-08-25 04:04:26
2024-08-25,04:19:26 pm,0,101.437,24.704,2024-08-25 04:19:26
2024-08-25,04:34:26 pm,0,101.427,24.666,2024-08-25 04:34:26
2024-08-25,04:49:26 pm,0,101.413,24.63,2024-08-25 04:49:26
2024-08-25,05:04:26 pm,0,101.408,24.542,2024-08-25 05:04:26
2024-08-25,05:19:26 pm,0,101.397,24.425,2024-08-25 05:19:26
2024-08-25,05:34:26 pm,0,101.391,24.363,2024-08-25 05:34:26
2024-08-25,05:49:26 pm,0,101.374,24.271,2024-08-25 05:49:26
2024-08-25,06:04:26 pm,0,101.364,24.159,2024-08-25 06:04:26
2024-08-25,06:19:26 pm,0,101.359,24.052,2024-08-25 06:19:26
2024-08-25,06:34:26 pm,0,101.354,23.986,2024-08-25 06:34:26
2024-08-25,06:49:26 pm,0,101.358,23.847,2024-08-25 06:49:26
2024-08-25,07:04:26 pm,0,101.364,23.755,2024-08-25 07:04:26
2024-08-25,07:19:26 pm,0,101.371,23.576,2024-08-25 07:19:26
2024-08-25,07:34:26 pm,0,101.388,23.328,2024-08-25 07:34:26
2024-08-25,07:49:26 pm,0,101.398,23.014,2024-08-25 07:49:26
2024-08-25,08:04:26 pm,0,101.406,22.631,2024-08-25 08:04:26
2024-08-25,08:19:26 pm,0,101.407,22.346,2024-08-25 08:19:26
2024-08-25,08:34:26 pm,0,101.409,22.044,2024-08-25 08:34:26
2024-08-25,08:49:26 pm,0,101.431,21.731,2024-08-25 08:49:26
2024-08-25,09:04:26 pm,0,101.461,21.582,2024-08-25 09:04:26
2024-08-25,09:19:26 pm,0,101.482,21.443,2024-08-25 09:19:26
2024-08-25,09:34:26 pm,0,101.508,21.28,2024-08-25 09:34:26
2024-08-25,09:49:26 pm,0,101.533,21.114,2024-08-25 09:49:26
2024-08-25,10:04:26 pm,0,101.552,20.985,2024-08-25 10:04:26
2024-08-25,10:19:26 pm,0,101.571,20.867,2024-08-25 10:19:26
2024-08-25,10:34:26 pm,0,101.575,20.736,2024-08-25 10:34:26
2024-08-25,10:49:26 pm,0,101.578,20.604,2024-08-25 10:49:26
2024-08-25,11:04:26 pm,0,101.585,20.488,2024-08-25 11:04:26
2024-08-25,11:19:26 pm,0,101.592,20.393,2024-08-25 11:19:26
2024-08-25,11:34:26 pm,0,101.601,20.284,2024-08-25 11:34:26
2024-08-25,11:49:26 pm,0,101.603,20.198,2024-08-25 11:49:26
2024-08-26,12:04:26 am,0,101.607,20.11,2024-08-26 12:04:26
2024-08-26,12:19:26 am,0,101.6,20.005,2024-08-26 12:19:26
2024-08-26,12:34:26 am,0,101.603,19.937,2024-08-26 12:34:26
2024-08-26,12:49:26 am,0,101.596,19.839,2024-08-26 12:49:26
2024-08-26,01:04:26 am,0,101.585,19.758,2024-08-26 01:04:26
2024-08-26,01:19:26 am,0,101.568,19.671,2024-08-26 01:19:26
2024-08-26,01:34:26 am,0,101.551,19.555,2024-08-26 01:34:26
2024-08-26,01:49:26 am,0,101.548,19.489,2024-08-26 01:49:26
2024-08-26,02:04:26 am,0,101.541,19.401,2024-08-26 02:04:26
2024-08-26,02:19:26 am,0,101.535,19.305,2024-08-26 02:19:26
2024-08-26,02:34:26 am,0,101.532,19.213,2024-08-26 02:34:26
2024-08-26,02:49:26 am,0,101.537,19.153,2024-08-26 02:49:26
2024-08-26,03:04:26 am,0,101.55,19.076,2024-08-26 03:04:26
2024-08-26,03:19:26 am,0,101.559,19,2024-08-26 03:19:26
2024-08-26,03:34:26 am,0,101.559,18.894,2024-08-26 03:34:26
2024-08-26,03:49:26 am,0,101.551,18.791,2024-08-26 03:49:26
2024-08-26,04:04:26 am,0,101.56,18.727,2024-08-26 04:04:26
2024-08-26,04:19:26 am,0,101.573,18.674,2024-08-26 04:19:26
2024-08-26,04:34:26 am,0,101.591,18.579,2024-08-26 04:34:26
2024-08-26,04:49:26 am,0,101.608,18.477,2024-08-26 04:49:26
2024-08-26,05:04:26 am,0,101.617,18.383,2024-08-26 05:04:26
2024-08-26,05:19:26 am,0,101.628,18.319,2024-08-26 05:19:26
2024-08-26,05:34:26 am,0,101.63,18.263,2024-08-26 05:34:26
2024-08-26,05:49:26 am,0,101.64,18.185,2024-08-26 05:49:26
2024-08-26,06:04:26 am,0,101.657,18.12,2024-08-26 06:04:26
2024-08-26,06:19:26 am,0,101.677,18.07,2024-08-26 06:19:26
2024-08-26,06:34:26 am,0,101.685,17.982,2024-08-26 06:34:26
2024-08-26,06:49:26 am,0,101.696,17.922,2024-08-26 06:49:26
2024-08-26,07:04:26 am,0,101.698,17.896,2024-08-26 07:04:26
2024-08-26,07:19:26 am,0,101.718,17.892,2024-08-26 07:19:26
2024-08-26,07:34:26 am,0,101.736,17.934,2024-08-26 07:34:26
2024-08-26,07:49:26 am,0,101.728,18.023,2024-08-26 07:49:26
2024-08-26,08:04:26 am,0,101.728,18.13,2024-08-26 08:04:26
2024-08-26,08:19:26 am,0,101.747,18.287,2024-08-26 08:19:26
2024-08-26,08:34:26 am,0,101.747,18.462,2024-08-26 08:34:26
2024-08-26,08:49:26 am,0,101.757,18.689,2024-08-26 08:49:26
2024-08-26,09:04:26 am,0,101.767,18.948,2024-08-26 09:04:26
2024-08-26,09:19:26 am,0,101.769,19.254,2024-08-26 09:19:26
2024-08-26,09:34:26 am,0,101.78,19.578,2024-08-26 09:34:26
2024-08-26,09:49:26 am,0,101.791,19.897,2024-08-26 09:49:26
2024-08-26,10:04:26 am,0,101.793,20.202,2024-08-26 10:04:26
2024-08-26,10:19:26 am,0,101.794,20.506,2024-08-26 10:19:26
2024-08-26,10:34:26 am,0,101.796,20.828,2024-08-26 10:34:26
2024-08-26,10:49:26 am,0,101.788,21.114,2024-08-26 10:49:26
2024-08-26,11:04:26 am,0,101.788,21.374,2024-08-26 11:04:26
2024-08-26,11:19:26 am,0,101.771,21.665,2024-08-26 11:19:26
2024-08-26,11:34:26 am,0,101.764,21.916,2024-08-26 11:34:26
2024-08-26,11:49:26 am,0,101.74,22.223,2024-08-26 11:49:26
2024-08-26,12:04:26 pm,0,101.734,22.477,2024-08-26 12:04:26
2024-08-26,12:19:26 pm,0,101.729,22.793,2024-08-26 12:19:26
2024-08-26,12:34:26 pm,0,101.705,22.87,2024-08-26 12:34:26
2024-08-26,12:49:26 pm,0,101.674,23.021,2024-08-26 12:49:26
2024-08-26,01:04:26 pm,0,101.657,23.234,2024-08-26 01:04:26
2024-08-26,01:19:26 pm,0,101.64,23.416,2024-08-26 01:19:26
2024-08-26,01:34:26 pm,0,101.614,23.595,2024-08-26 01:34:26
2024-08-26,01:49:26 pm,0,101.582,23.753,2024-08-26 01:49:26
2024-08-26,02:04:26 pm,0,101.559,23.905,2024-08-26 02:04:26
2024-08-26,02:19:26 pm,0,101.532,24.081,2024-08-26 02:19:26
2024-08-26,02:34:26 pm,0,101.508,24.188,2024-08-26 02:34:26
2024-08-26,02:49:26 pm,0,101.478,24.322,2024-08-26 02:49:26
2024-08-26,03:04:26 pm,0,101.449,24.381,2024-08-26 03:04:26
2024-08-26,03:19:26 pm,0,101.433,24.429,2024-08-26 03:19:26
2024-08-26,03:34:26 pm,0,101.411,24.652,2024-08-26 03:34:26
2024-08-26,03:49:26 pm,0,101.405,24.897,2024-08-26 03:49:26
2024-08-26,04:04:26 pm,0,101.382,24.755,2024-08-26 04:04:26
2024-08-26,04:19:26 pm,0,101.359,24.633,2024-08-26 04:19:26
2024-08-26,04:34:26 pm,0,101.332,24.581,2024-08-26 04:34:26
2024-08-26,04:49:26 pm,0,101.307,24.569,2024-08-26 04:49:26
2024-08-26,05:04:26 pm,0,101.288,24.539,2024-08-26 05:04:26
2024-08-26,05:19:26 pm,0,101.264,24.465,2024-08-26 05:19:26
2024-08-26,05:34:26 pm,0,101.257,24.378,2024-08-26 05:34:26
2024-08-26,05:49:26 pm,0,101.256,24.273,2024-08-26 05:49:26
2024-08-26,06:04:26 pm,0,101.244,24.186,2024-08-26 06:04:26
2024-08-26,06:19:26 pm,0,101.246,24.079,2024-08-26 06:19:26
2024-08-26,06:34:26 pm,0,101.233,23.969,2024-08-26 06:34:26
2024-08-26,06:49:26 pm,0,101.217,23.872,2024-08-26 06:49:26
2024-08-26,07:04:26 pm,0,101.213,23.769,2024-08-26 07:04:26
2024-08-26,07:19:26 pm,0,101.208,23.675,2024-08-26 07:19:26
2024-08-26,07:34:26 pm,0,101.215,23.548,2024-08-26 07:34:26
2024-08-26,07:49:26 pm,0,101.217,23.371,2024-08-26 07:49:26
2024-08-26,08:04:26 pm,0,101.206,23.136,2024-08-26 08:04:26
2024-08-26,08:19:26 pm,0,101.174,22.926,2024-08-26 08:19:26
2024-08-26,08:34:26 pm,0,101.177,22.754,2024-08-26 08:34:26
2024-08-26,08:49:26 pm,0,101.187,22.539,2024-08-26 08:49:26
2024-08-26,09:04:26 pm,0,101.278,22.32,2024-08-26 09:04:26
2024-08-26,09:19:26 pm,0,101.322,22.171,2024-08-26 09:19:26
2024-08-26,09:34:26 pm,0,101.347,22.047,2024-08-26 09:34:26
2024-08-26,09:49:26 pm,0,101.362,21.899,2024-08-26 09:49:26
2024-08-26,10:04:26 pm,0,101.38,21.784,2024-08-26 10:04:26
2024-08-26,10:19:26 pm,0,101.403,21.674,2024-08-26 10:19:26
2024-08-26,10:34:26 pm,0,101.421,21.558,2024-08-26 10:34:26
2024-08-26,10:49:26 pm,0,101.432,21.437,2024-08-26 10:49:26
2024-08-26,11:04:26 pm,0,101.443,21.344,2024-08-26 11:04:26
2024-08-26,11:19:26 pm,0,101.452,21.234,2024-08-26 11:19:26
2024-08-26,11:34:26 pm,0,101.457,21.145,2024-08-26 11:34:26
2024-08-26,11:49:26 pm,0,101.444,21.053,2024-08-26 11:49:26
2024-08-27,12:04:26 am,0,101.444,20.937,2024-08-27 12:04:26
2024-08-27,12:19:26 am,0,101.446,20.815,2024-08-27 12:19:26
2024-08-27,12:34:26 am,0,101.441,20.725,2024-08-27 12:34:26
2024-08-27,12:49:26 am,0,101.431,20.614,2024-08-27 12:49:26
2024-08-27,01:04:26 am,0,101.416,20.513,2024-08-27 01:04:26
2024-08-27,01:19:26 am,0,101.41,20.431,2024-08-27 01:19:26
2024-08-27,01:34:26 am,0,101.397,20.335,2024-08-27 01:34:26
2024-08-27,01:49:26 am,0,101.396,20.269,2024-08-27 01:49:26
2024-08-27,02:04:26 am,0,101.389,20.2,2024-08-27 02:04:26
2024-08-27,02:19:26 am,0,101.388,20.11,2024-08-27 02:19:26
2024-08-27,02:34:26 am,0,101.378,20.044,2024-08-27 02:34:26
2024-08-27,02:49:26 am,0,101.361,19.952,2024-08-27 02:49:26
2024-08-27,03:04:26 am,0,101.347,19.831,2024-08-27 03:04:26
2024-08-27,03:19:26 am,0,101.339,19.782,2024-08-27 03:19:26
2024-08-27,03:34:26 am,0,101.336,19.731,2024-08-27 03:34:26
2024-08-27,03:49:26 am,0,101.328,19.681,2024-08-27 03:49:26
2024-08-27,04:04:26 am,0,101.348,19.604,2024-08-27 04:04:26
2024-08-27,04:19:26 am,0,101.34,19.555,2024-08-27 04:19:26
2024-08-27,04:34:26 am,0,101.35,19.494,2024-08-27 04:34:26
2024-08-27,04:49:26 am,0,101.366,19.434,2024-08-27 04:49:26
2024-08-27,05:04:26 am,0,101.378,19.353,2024-08-27 05:04:26
2024-08-27,05:19:26 am,0,101.393,19.271,2024-08-27 05:19:26
2024-08-27,05:34:26 am,0,101.41,19.219,2024-08-27 05:34:26
2024-08-27,05:49:26 am,0,101.418,19.184,2024-08-27 05:49:26
2024-08-27,06:04:26 am,0,101.43,19.136,2024-08-27 06:04:26
2024-08-27,06:19:26 am,0,101.45,19.113,2024-08-27 06:19:26
2024-08-27,06:34:26 am,0,101.469,19.058,2024-08-27 06:34:26
2024-08-27,06:49:26 am,0,101.501,19.022,2024-08-27 06:49:26
2024-08-27,07:04:26 am,0,101.51,19.001,2024-08-27 07:04:26
2024-08-27,07:19:26 am,0,101.526,19.047,2024-08-27 07:19:26
2024-08-27,07:34:26 am,0,101.524,19.13,2024-08-27 07:34:26
2024-08-27,07:49:26 am,0,101.541,19.25,2024-08-27 07:49:26
2024-08-27,08:04:26 am,0,101.537,19.382,2024-08-27 08:04:26
2024-08-27,08:19:26 am,0,101.561,19.51,2024-08-27 08:19:26
2024-08-27,08:34:26 am,0,101.567,19.617,2024-08-27 08:34:26
2024-08-27,08:49:26 am,0,101.575,19.73,2024-08-27 08:49:26
2024-08-27,09:04:26 am,0,101.585,19.864,2024-08-27 09:04:26
2024-08-27,09:19:26 am,0,101.59,20.017,2024-08-27 09:19:26
2024-08-27,09:34:26 am,0,101.599,20.188,2024-08-27 09:34:26
2024-08-27,09:49:26 am,0,101.583,20.362,2024-08-27 09:49:26
2024-08-27,10:04:26 am,0,101.599,20.552,2024-08-27 10:04:26
2024-08-27,10:19:26 am,0,101.624,20.8,2024-08-27 10:19:26
2024-08-27,10:34:26 am,0,101.624,21.075,2024-08-27 10:34:26
2024-08-27,10:49:26 am,0,101.604,21.343,2024-08-27 10:49:26
2024-08-27,11:04:26 am,0,101.599,21.612,2024-08-27 11:04:26
2024-08-27,11:19:26 am,0,101.597,21.969,2024-08-27 11:19:26
2024-08-27,11:34:26 am,0,101.58,22.278,2024-08-27 11:34:26
2024-08-27,11:49:26 am,0,101.563,22.567,2024-08-27 11:49:26
2024-08-27,12:04:26 pm,0,101.541,22.891,2024-08-27 12:04:26
2024-08-27,12:19:26 pm,0,101.522,23.167,2024-08-27 12:19:26
2024-08-27,12:34:26 pm,0,101.503,23.338,2024-08-27 12:34:26
2024-08-27,12:49:26 pm,0,101.478,23.525,2024-08-27 12:49:26
2024-08-27,01:04:26 pm,0,101.46,23.682,2024-08-27 01:04:26
2024-08-27,01:19:26 pm,0,101.455,23.832,2024-08-27 01:19:26
2024-08-27,01:34:26 pm,0,101.433,23.981,2024-08-27 01:34:26
2024-08-27,01:49:26 pm,0,101.406,24.174,2024-08-27 01:49:26
2024-08-27,02:04:26 pm,0,101.375,24.267,2024-08-27 02:04:26
2024-08-27,02:19:26 pm,0,101.35,24.426,2024-08-27 02:19:26
2024-08-27,02:34:26 pm,0,101.328,24.53,2024-08-27 02:34:26
2024-08-27,02:49:26 pm,0,101.303,24.713,2024-08-27 02:49:26
2024-08-27,03:04:26 pm,0,101.273,24.805,2024-08-27 03:04:26
2024-08-27,03:19:26 pm,0,101.244,24.878,2024-08-27 03:19:26
2024-08-27,03:34:26 pm,0,101.239,24.923,2024-08-27 03:34:26
2024-08-27,03:49:26 pm,0,101.217,25.172,2024-08-27 03:49:26
2024-08-27,04:04:26 pm,0,101.19,25.03,2024-08-27 04:04:26
2024-08-27,04:19:26 pm,0,101.168,24.988,2024-08-27 04:19:26
2024-08-27,04:34:26 pm,0,101.157,24.99,2024-08-27 04:34:26
2024-08-27,04:49:26 pm,0,101.146,24.994,2024-08-27 04:49:26
2024-08-27,05:04:26 pm,0,101.133,24.972,2024-08-27 05:04:26
2024-08-27,05:19:26 pm,0,101.127,24.9,2024-08-27 05:19:26
2024-08-27,05:34:26 pm,0,101.129,24.844,2024-08-27 05:34:26
2024-08-27,05:49:26 pm,0,101.118,24.754,2024-08-27 05:49:26
2024-08-27,06:04:26 pm,0,101.1,24.675,2024-08-27 06:04:26
2024-08-27,06:19:26 pm,0,101.102,24.578,2024-08-27 06:19:26
2024-08-27,06:34:26 pm,0,101.091,24.494,2024-08-27 06:34:26
2024-08-27,06:49:26 pm,0,101.091,24.394,2024-08-27 06:49:26
2024-08-27,07:04:26 pm,0,101.096,24.295,2024-08-27 07:04:26
2024-08-27,07:19:26 pm,0,101.095,24.199,2024-08-27 07:19:26
2024-08-27,07:34:26 pm,0,101.081,24.108,2024-08-27 07:34:26
2024-08-27,07:49:26 pm,0,101.079,24.004,2024-08-27 07:49:26
2024-08-27,08:04:26 pm,0,101.016,23.896,2024-08-27 08:04:26
2024-08-27,08:19:26 pm,0,101.012,23.767,2024-08-27 08:19:26
2024-08-27,08:34:26 pm,0,101.005,23.598,2024-08-27 08:34:26
2024-08-27,08:49:26 pm,0,101.037,23.474,2024-08-27 08:49:26
2024-08-27,09:04:26 pm,0,101.045,23.322,2024-08-27 09:04:26
2024-08-27,09:19:26 pm,0,101.051,23.171,2024-08-27 09:19:26
2024-08-27,09:34:26 pm,0,101.059,23.025,2024-08-27 09:34:26
2024-08-27,09:49:26 pm,0,101.19,22.89,2024-08-27 09:49:26
2024-08-27,10:04:26 pm,0,101.214,22.77,2024-08-27 10:04:26
2024-08-27,10:19:26 pm,0,101.209,22.652,2024-08-27 10:19:26
2024-08-27,10:34:26 pm,0,101.214,22.547,2024-08-27 10:34:26
2024-08-27,10:49:26 pm,0,101.233,22.458,2024-08-27 10:49:26
2024-08-27,11:04:26 pm,0,101.24,22.404,2024-08-27 11:04:26
2024-08-27,11:19:26 pm,0,101.245,22.329,2024-08-27 11:19:26
2024-08-27,11:34:26 pm,0,101.228,22.225,2024-08-27 11:34:26
2024-08-27,11:49:26 pm,0,101.234,22.142,2024-08-27 11:49:26
2024-08-28,12:04:26 am,0,101.256,22.078,2024-08-28 12:04:26
2024-08-28,12:19:26 am,0,101.266,22.036,2024-08-28 12:19:26
2024-08-28,12:34:26 am,0,101.266,21.973,2024-08-28 12:34:26
2024-08-28,12:49:26 am,0,101.262,21.9,2024-08-28 12:49:26
2024-08-28,01:04:26 am,0,101.246,21.817,2024-08-28 01:04:26
2024-08-28,01:19:26 am,0,101.234,21.751,2024-08-28 01:19:26
2024-08-28,01:34:26 am,0,101.24,21.708,2024-08-28 01:34:26
2024-08-28,01:49:26 am,0,101.244,21.673,2024-08-28 01:49:26
2024-08-28,02:04:26 am,0,101.231,21.615,2024-08-28 02:04:26
2024-08-28,02:19:26 am,0,101.237,21.558,2024-08-28 02:19:26
2024-08-28,02:34:26 am,0,101.238,21.481,2024-08-28 02:34:26
2024-08-28,02:49:26 am,0,101.272,21.406,2024-08-28 02:49:26
2024-08-28,03:04:26 am,0,101.255,21.362,2024-08-28 03:04:26
2024-08-28,03:19:26 am,0,101.255,21.262,2024-08-28 03:19:26
2024-08-28,03:34:26 am,0,101.262,21.198,2024-08-28 03:34:26
2024-08-28,03:49:26 am,0,101.278,21.161,2024-08-28 03:49:26
2024-08-28,04:04:26 am,0,101.288,21.107,2024-08-28 04:04:26
2024-08-28,04:19:26 am,0,101.307,21.064,2024-08-28 04:19:26
2024-08-28,04:34:26 am,0,101.32,21.02,2024-08-28 04:34:26
2024-08-28,04:49:26 am,0,101.326,21.002,2024-08-28 04:49:26
2024-08-28,05:04:26 am,0,101.337,20.97,2024-08-28 05:04:26
2024-08-28,05:19:26 am,0,101.365,20.953,2024-08-28 05:19:26
2024-08-28,05:34:26 am,0,101.373,20.952,2024-08-28 05:34:26
2024-08-28,05:49:26 am,0,101.391,20.967,2024-08-28 05:49:26
2024-08-28,06:04:26 am,0,101.397,20.973,2024-08-28 06:04:26
2024-08-28,06:19:26 am,0,101.407,20.96,2024-08-28 06:19:26
2024-08-28,06:34:26 am,0,101.414,20.947,2024-08-28 06:34:26
2024-08-28,06:49:26 am,0,101.425,20.931,2024-08-28 06:49:26
2024-08-28,07:04:26 am,0,101.426,20.918,2024-08-28 07:04:26
2024-08-28,07:19:26 am,0,101.454,20.944,2024-08-28 07:19:26
2024-08-28,07:34:26 am,0,101.446,21.023,2024-08-28 07:34:26
2024-08-28,07:49:26 am,0,101.445,21.109,2024-08-28 07:49:26
2024-08-28,08:04:26 am,0,101.452,21.217,2024-08-28 08:04:26
2024-08-28,08:19:26 am,0,101.448,21.34,2024-08-28 08:19:26
2024-08-28,08:34:26 am,0,101.45,21.485,2024-08-28 08:34:26
2024-08-28,08:49:26 am,0,101.448,21.646,2024-08-28 08:49:26
2024-08-28,09:04:26 am,0,101.441,21.806,2024-08-28 09:04:26
2024-08-28,09:19:26 am,0,101.443,22.023,2024-08-28 09:19:26
2024-08-28,09:34:26 am,0,101.456,22.27,2024-08-28 09:34:26
2024-08-28,09:49:26 am,0,101.449,22.535,2024-08-28 09:49:26
2024-08-28,10:04:26 am,0,101.463,22.781,2024-08-28 10:04:26
2024-08-28,10:19:26 am,0,101.457,23.058,2024-08-28 10:19:26
2024-08-28,10:34:26 am,0,101.448,23.199,2024-08-28 10:34:26
2024-08-28,10:49:26 am,0,101.435,23.503,2024-08-28 10:49:26
2024-08-28,11:04:26 am,0,101.418,23.675,2024-08-28 11:04:26
2024-08-28,11:19:26 am,0,101.42,23.865,2024-08-28 11:19:26
2024-08-28,11:34:26 am,0,101.385,24.058,2024-08-28 11:34:26
2024-08-28,11:49:26 am,0,101.38,24.408,2024-08-28 11:49:26
2024-08-28,12:04:26 pm,0,101.367,24.644,2024-08-28 12:04:26
2024-08-28,12:19:26 pm,0,101.359,24.481,2024-08-28 12:19:26
2024-08-28,12:34:26 pm,0,101.334,24.578,2024-08-28 12:34:26
2024-08-28,12:49:26 pm,0,101.322,24.754,2024-08-28 12:49:26
2024-08-28,01:04:26 pm,0,101.306,24.895,2024-08-28 01:04:26
2024-08-28,01:19:26 pm,0,101.277,25.134,2024-08-28 01:19:26
2024-08-28,01:34:26 pm,0,101.264,25.318,2024-08-28 01:34:26
2024-08-28,01:49:26 pm,0,101.245,25.535,2024-08-28 01:49:26
2024-08-28,02:04:26 pm,0,101.23,25.837,2024-08-28 02:04:26
2024-08-28,02:19:26 pm,0,101.207,25.9,2024-08-28 02:19:26
2024-08-28,02:34:26 pm,0,101.157,25.711,2024-08-28 02:34:26
2024-08-28,02:49:26 pm,0,101.115,25.653,2024-08-28 02:49:26
2024-08-28,03:04:26 pm,0,101.067,25.705,2024-08-28 03:04:26
2024-08-28,03:19:26 pm,0,101.077,25.854,2024-08-28 03:19:26
2024-08-28,03:34:26 pm,0,101.047,26.01,2024-08-28 03:34:26
2024-08-28,03:49:26 pm,0,101.023,26.371,2024-08-28 03:49:26
2024-08-28,04:04:26 pm,0,100.997,26.31,2024-08-28 04:04:26
2024-08-28,04:19:26 pm,0,100.991,26.269,2024-08-28 04:19:26
2024-08-28,04:34:26 pm,0,100.986,26.178,2024-08-28 04:34:26
2024-08-28,04:49:26 pm,0,100.958,26.074,2024-08-28 04:49:26
2024-08-28,05:04:26 pm,0,100.943,25.958,2024-08-28 05:04:26
2024-08-28,05:19:26 pm,0,100.97,25.784,2024-08-28 05:19:26
2024-08-28,05:34:26 pm,0,100.976,25.695,2024-08-28 05:34:26
2024-08-28,05:49:26 pm,0,100.97,25.572,2024-08-28 05:49:26
2024-08-28,06:04:26 pm,0,100.988,25.441,2024-08-28 06:04:26
2024-08-28,06:19:26 pm,0,100.989,25.356,2024-08-28 06:19:26
2024-08-28,06:34:26 pm,0,100.975,25.278,2024-08-28 06:34:26
2024-08-28,06:49:26 pm,0,100.977,25.221,2024-08-28 06:49:26
2024-08-28,07:04:26 pm,0,101.018,25.149,2024-08-28 07:04:26
2024-08-28,07:19:26 pm,0,100.973,25.083,2024-08-28 07:19:26
2024-08-28,07:34:26 pm,0,100.982,24.984,2024-08-28 07:34:26
2024-08-28,07:49:26 pm,0,100.975,24.875,2024-08-28 07:49:26
2024-08-28,08:04:26 pm,0,100.956,24.697,2024-08-28 08:04:26
2024-08-28,08:19:26 pm,0,100.959,24.605,2024-08-28 08:19:26
2024-08-28,08:34:26 pm,0,100.97,24.523,2024-08-28 08:34:26
2024-08-28,08:49:26 pm,0,101.011,24.423,2024-08-28 08:49:26
2024-08-28,09:04:26 pm,0,101.032,24.358,2024-08-28 09:04:26
2024-08-28,09:19:26 pm,0,101.06,24.263,2024-08-28 09:19:26
2024-08-28,09:34:26 pm,0,101.191,24.143,2024-08-28 09:34:26
2024-08-28,09:49:26 pm,0,101.221,24.044,2024-08-28 09:49:26
2024-08-28,10:04:26 pm,0,101.254,23.968,2024-08-28 10:04:26
2024-08-28,10:19:26 pm,0,101.265,23.888,2024-08-28 10:19:26
2024-08-28,10:34:26 pm,0,101.263,23.821,2024-08-28 10:34:26
2024-08-28,10:49:26 pm,0,101.278,23.736,2024-08-28 10:49:26
2024-08-28,11:04:26 pm,0,101.3,23.641,2024-08-28 11:04:26
2024-08-28,11:19:26 pm,0,101.323,23.58,2024-08-28 11:19:26
2024-08-28,11:34:26 pm,0,101.356,23.533,2024-08-28 11:34:26
2024-08-28,11:49:26 pm,0,101.35,23.498,2024-08-28 11:49:26
2024-08-29,12:04:26 am,0,101.332,23.477,2024-08-29 12:04:26
2024-08-29,12:19:26 am,0,101.335,23.448,2024-08-29 12:19:26
2024-08-29,12:34:26 am,0,101.315,23.409,2024-08-29 12:34:26
2024-08-29,12:49:26 am,0,101.32,23.377,2024-08-29 12:49:26
2024-08-29,01:04:26 am,0,101.309,23.325,2024-08-29 01:04:26
2024-08-29,01:19:26 am,0,101.309,23.273,2024-08-29 01:19:26
2024-08-29,01:34:26 am,0,101.292,23.212,2024-08-29 01:34:26
2024-08-29,01:49:26 am,0,101.286,23.145,2024-08-29 01:49:26
2024-08-29,02:04:26 am,0,101.271,23.073,2024-08-29 02:04:26
2024-08-29,02:19:26 am,0,101.301,23.04,2024-08-29 02:19:26
2024-08-29,02:34:26 am,0,101.307,23,2024-08-29 02:34:26
2024-08-29,02:49:26 am,0,101.307,22.963,2024-08-29 02:49:26
2024-08-29,03:04:26 am,0,101.318,22.938,2024-08-29 03:04:26
2024-08-29,03:19:26 am,0,101.305,22.922,2024-08-29 03:19:26
2024-08-29,03:34:26 am,0,101.301,22.904,2024-08-29 03:34:26
2024-08-29,03:49:26 am,0,101.293,22.879,2024-08-29 03:49:26
2024-08-29,04:04:26 am,0,101.301,22.846,2024-08-29 04:04:26
2024-08-29,04:19:26 am,0,101.323,22.816,2024-08-29 04:19:26
2024-08-29,04:34:26 am,0,101.313,22.76,2024-08-29 04:34:26
2024-08-29,04:49:26 am,0,101.309,22.696,2024-08-29 04:49:26
2024-08-29,05:04:26 am,0,101.339,22.646,2024-08-29 05:04:26
2024-08-29,05:19:26 am,0,101.339,22.636,2024-08-29 05:19:26
2024-08-29,05:34:26 am,0,101.327,22.609,2024-08-29 05:34:26
2024-08-29,05:49:26 am,0,101.342,22.589,2024-08-29 05:49:26
2024-08-29,06:04:26 am,0,101.355,22.555,2024-08-29 06:04:26
2024-08-29,06:19:26 am,0,101.367,22.511,2024-08-29 06:19:26
2024-08-29,06:34:26 am,0,101.386,22.451,2024-08-29 06:34:26
2024-08-29,06:49:26 am,0,101.4,22.412,2024-08-29 06:49:26
2024-08-29,07:04:26 am,0,101.424,22.407,2024-08-29 07:04:26
2024-08-29,07:19:26 am,0,101.44,22.409,2024-08-29 07:19:26
2024-08-29,07:34:26 am,0,101.439,22.439,2024-08-29 07:34:26
2024-08-29,07:49:26 am,0,101.45,22.495,2024-08-29 07:49:26
2024-08-29,08:04:26 am,0,101.465,22.622,2024-08-29 08:04:26
2024-08-29,08:19:26 am,0,101.474,22.751,2024-08-29 08:19:26
2024-08-29,08:34:26 am,0,101.471,22.839,2024-08-29 08:34:26
2024-08-29,08:49:26 am,0,101.476,22.932,2024-08-29 08:49:26
2024-08-29,09:04:26 am,0,101.483,23.048,2024-08-29 09:04:26
2024-08-29,09:19:26 am,0,101.483,23.201,2024-08-29 09:19:26
2024-08-29,09:34:26 am,0,101.493,23.384,2024-08-29 09:34:26
2024-08-29,09:49:26 am,0,101.493,23.562,2024-08-29 09:49:26
2024-08-29,10:04:26 am,0,101.508,23.714,2024-08-29 10:04:26
2024-08-29,10:19:26 am,0,101.492,23.924,2024-08-29 10:19:26
2024-08-29,10:34:26 am,0,101.493,24.117,2024-08-29 10:34:26
2024-08-29,10:49:26 am,0,101.491,24.346,2024-08-29 10:49:26
2024-08-29,11:04:26 am,0,101.486,24.564,2024-08-29 11:04:26
2024-08-29,11:19:26 am,0,101.476,24.774,2024-08-29 11:19:26
2024-08-29,11:34:26 am,0,101.463,24.984,2024-08-29 11:34:26
2024-08-29,11:49:26 am,0,101.452,25.22,2024-08-29 11:49:26
2024-08-29,12:04:26 pm,0,101.434,25.67,2024-08-29 12:04:26
2024-08-29,12:19:26 pm,0,101.414,25.822,2024-08-29 12:19:26
2024-08-29,12:34:26 pm,0,101.382,25.904,2024-08-29 12:34:26
2024-08-29,12:49:26 pm,0,101.375,25.946,2024-08-29 12:49:26
2024-08-29,01:04:26 pm,0,101.331,25.852,2024-08-29 01:04:26
2024-08-29,01:19:26 pm,0,101.3,25.819,2024-08-29 01:19:26
2024-08-29,01:34:26 pm,0,101.28,25.804,2024-08-29 01:34:26
2024-08-29,01:49:26 pm,0,101.253,25.946,2024-08-29 01:49:26
2024-08-29,02:04:26 pm,0,101.235,26.373,2024-08-29 02:04:26
2024-08-29,02:19:26 pm,0,101.21,26.606,2024-08-29 02:19:26
2024-08-29,02:34:26 pm,0,101.186,26.818,2024-08-29 02:34:26
2024-08-29,02:49:26 pm,0,101.139,26.955,2024-08-29 02:49:26
2024-08-29,03:04:26 pm,0,101.129,27.049,2024-08-29 03:04:26
2024-08-29,03:19:26 pm,0,101.116,27.16,2024-08-29 03:19:26
2024-08-29,03:34:26 pm,0,101.094,27.015,2024-08-29 03:34:26
2024-08-29,03:49:26 pm,0,101.064,26.775,2024-08-29 03:49:26
2024-08-29,04:04:26 pm,0,101.044,26.648,2024-08-29 04:04:26
2024-08-29,04:19:26 pm,0,101.055,26.657,2024-08-29 04:19:26
2024-08-29,04:34:26 pm,0,101.052,26.553,2024-08-29 04:34:26
2024-08-29,04:49:26 pm,0,101.054,26.462,2024-08-29 04:49:26
2024-08-29,05:04:26 pm,0,101.046,26.36,2024-08-29 05:04:26
2024-08-29,05:19:26 pm,0,101.047,26.249,2024-08-29 05:19:26
2024-08-29,05:34:26 pm,0,101.022,26.145,2024-08-29 05:34:26
2024-08-29,05:49:26 pm,0,101.01,26.068,2024-08-29 05:49:26
2024-08-29,06:04:26 pm,0,101.013,25.986,2024-08-29 06:04:26
2024-08-29,06:19:26 pm,0,101.003,25.916,2024-08-29 06:19:26
2024-08-29,06:34:26 pm,0,101.003,25.845,2024-08-29 06:34:26
2024-08-29,06:49:26 pm,0,101.005,25.777,2024-08-29 06:49:26
2024-08-29,07:04:26 pm,0,101.002,25.709,2024-08-29 07:04:26
2024-08-29,07:19:26 pm,0,100.96,25.641,2024-08-29 07:19:26
2024-08-29,07:34:26 pm,0,100.977,25.573,2024-08-29 07:34:26
2024-08-29,07:49:26 pm,0,101.005,25.506,2024-08-29 07:49:26
2024-08-29,08:04:26 pm,0,100.994,25.446,2024-08-29 08:04:26
2024-08-29,08:19:26 pm,0,101,25.388,2024-08-29 08:19:26
2024-08-29,08:34:26 pm,0,101.009,25.338,2024-08-29 08:34:26
2024-08-29,08:49:26 pm,0,101.027,25.341,2024-08-29 08:49:26
2024-08-29,09:04:26 pm,0,101.071,25.342,2024-08-29 09:04:26
2024-08-29,09:19:26 pm,0,101.154,25.275,2024-08-29 09:19:26
2024-08-29,09:34:26 pm,0,101.197,25.218,2024-08-29 09:34:26
2024-08-29,09:49:26 pm,0,101.164,25.115,2024-08-29 09:49:26
2024-08-29,10:04:26 pm,0,101.288,25.012,2024-08-29 10:04:26
2024-08-29,10:19:26 pm,0,101.345,24.837,2024-08-29 10:19:26
2024-08-29,10:34:26 pm,0,101.363,24.624,2024-08-29 10:34:26
2024-08-29,10:49:26 pm,0,101.376,24.431,2024-08-29 10:49:26
2024-08-29,11:04:26 pm,0,101.339,24.339,2024-08-29 11:04:26
2024-08-29,11:19:26 pm,0,101.317,24.349,2024-08-29 11:19:26
2024-08-29,11:34:26 pm,0,101.292,24.318,2024-08-29 11:34:26
2024-08-29,11:49:26 pm,0,101.284,24.22,2024-08-29 11:49:26
2024-08-30,12:04:26 am,0,101.32,24.109,2024-08-30 12:04:26
2024-08-30,12:19:26 am,0,101.329,23.999,2024-08-30 12:19:26
2024-08-30,12:34:26 am,0,101.289,23.87,2024-08-30 12:34:26
2024-08-30,12:49:26 am,0,101.308,23.742,2024-08-30 12:49:26
2024-08-30,01:04:26 am,0,101.308,23.65,2024-08-30 01:04:26
2024-08-30,01:19:26 am,0,101.318,23.577,2024-08-30 01:19:26
2024-08-30,01:34:26 am,0,101.304,23.468,2024-08-30 01:34:26
2024-08-30,01:49:26 am,0,101.309,23.342,2024-08-30 01:49:26
2024-08-30,02:04:26 am,0,101.316,23.252,2024-08-30 02:04:26
2024-08-30,02:19:26 am,0,101.299,23.125,2024-08-30 02:19:26
2024-08-30,02:34:26 am,0,101.295,23.074,2024-08-30 02:34:26
2024-08-30,02:49:26 am,0,101.285,22.979,2024-08-30 02:49:26
2024-08-30,03:04:26 am,0,101.296,22.892,2024-08-30 03:04:26
2024-08-30,03:19:26 am,0,101.308,22.82,2024-08-30 03:19:26
2024-08-30,03:34:26 am,0,101.298,22.737,2024-08-30 03:34:26
2024-08-30,03:49:26 am,0,101.31,22.694,2024-08-30 03:49:26
2024-08-30,04:04:26 am,0,101.305,22.62,2024-08-30 04:04:26
2024-08-30,04:19:26 am,0,101.293,22.531,2024-08-30 04:19:26
2024-08-30,04:34:26 am,0,101.295,22.488,2024-08-30 04:34:26
2024-08-30,04:49:26 am,0,101.309,22.418,2024-08-30 04:49:26
2024-08-30,05:04:26 am,0,101.307,22.326,2024-08-30 05:04:26
2024-08-30,05:19:26 am,0,101.293,22.3,2024-08-30 05:19:26
2024-08-30,05:34:26 am,0,101.287,22.254,2024-08-30 05:34:26
2024-08-30,05:49:26 am,0,101.305,22.185,2024-08-30 05:49:26
2024-08-30,06:04:26 am,0,101.344,22.131,2024-08-30 06:04:26
2024-08-30,06:19:26 am,0,101.372,22.085,2024-08-30 06:19:26
2024-08-30,06:34:26 am,0,101.399,22.025,2024-08-30 06:34:26
2024-08-30,06:49:26 am,0,101.399,21.956,2024-08-30 06:49:26
2024-08-30,07:04:26 am,0,101.392,21.921,2024-08-30 07:04:26
2024-08-30,07:19:26 am,0,101.414,21.969,2024-08-30 07:19:26
2024-08-30,07:34:26 am,0,101.418,22.027,2024-08-30 07:34:26
2024-08-30,07:49:26 am,0,101.447,22.098,2024-08-30 07:49:26
2024-08-30,08:04:26 am,0,101.444,22.22,2024-08-30 08:04:26
2024-08-30,08:19:26 am,0,101.464,22.345,2024-08-30 08:19:26
2024-08-30,08:34:26 am,0,101.467,22.501,2024-08-30 08:34:26
2024-08-30,08:49:26 am,0,101.47,22.676,2024-08-30 08:49:26
2024-08-30,09:04:26 am,0,101.473,22.864,2024-08-30 09:04:26
2024-08-30,09:19:26 am,0,101.471,23.045,2024-08-30 09:19:26
2024-08-30,09:34:26 am,0,101.474,23.251,2024-08-30 09:34:26
2024-08-30,09:49:26 am,0,101.484,23.448,2024-08-30 09:49:26
2024-08-30,10:04:26 am,0,101.469,23.645,2024-08-30 10:04:26
2024-08-30,10:19:26 am,0,101.479,23.841,2024-08-30 10:19:26
2024-08-30,10:34:26 am,0,101.473,24.023,2024-08-30 10:34:26
2024-08-30,10:49:26 am,0,101.469,24.19,2024-08-30 10:49:26
2024-08-30,11:04:26 am,0,101.454,24.347,2024-08-30 11:04:26
2024-08-30,11:19:26 am,0,101.441,24.413,2024-08-30 11:19:26
2024-08-30,11:34:26 am,0,101.448,24.465,2024-08-30 11:34:26
2024-08-30,11:49:26 am,0,101.43,24.644,2024-08-30 11:49:26
2024-08-30,12:04:26 pm,0,101.413,24.815,2024-08-30 12:04:26
2024-08-30,12:19:26 pm,0,101.395,25.046,2024-08-30 12:19:26
2024-08-30,12:34:26 pm,0,101.37,25.174,2024-08-30 12:34:26
2024-08-30,12:49:26 pm,0,101.354,25.34,2024-08-30 12:49:26
2024-08-30,01:04:26 pm,0,101.353,25.585,2024-08-30 01:04:26
2024-08-30,01:19:26 pm,0,101.343,25.785,2024-08-30 01:19:26
2024-08-30,01:34:26 pm,0,101.309,26.003,2024-08-30 01:34:26
2024-08-30,01:49:26 pm,0,101.288,26.011,2024-08-30 01:49:26
2024-08-30,02:04:26 pm,0,101.259,26.16,2024-08-30 02:04:26
2024-08-30,02:19:26 pm,0,101.219,26.353,2024-08-30 02:19:26
2024-08-30,02:34:26 pm,0,101.185,26.53,2024-08-30 02:34:26
2024-08-30,02:49:26 pm,0,101.153,26.649,2024-08-30 02:49:26
2024-08-30,03:04:26 pm,0,101.119,26.752,2024-08-30 03:04:26
2024-08-30,03:19:26 pm,0,101.095,26.888,2024-08-30 03:19:26
2024-08-30,03:34:26 pm,0,101.058,27.038,2024-08-30 03:34:26
2024-08-30,03:49:26 pm,0,101.056,27.115,2024-08-30 03:49:26
2024-08-30,04:04:26 pm,0,101.053,26.951,2024-08-30 04:04:26
2024-08-30,04:19:26 pm,0,101.021,26.3,2024-08-30 04:19:26
2024-08-30,04:34:26 pm,0,101.002,25.962,2024-08-30 04:34:26
2024-08-30,04:49:26 pm,0,100.974,25.807,2024-08-30 04:49:26
2024-08-30,05:04:26 pm,0,100.956,25.795,2024-08-30 05:04:26
2024-08-30,05:19:26 pm,0,100.983,25.805,2024-08-30 05:19:26
2024-08-30,05:34:26 pm,0,100.98,25.854,2024-08-30 05:34:26
2024-08-30,05:49:26 pm,0,100.969,25.838,2024-08-30 05:49:26
2024-08-30,06:04:26 pm,0,100.962,25.792,2024-08-30 06:04:26
2024-08-30,06:19:26 pm,0,100.976,25.721,2024-08-30 06:19:26
2024-08-30,06:34:26 pm,0,100.972,25.647,2024-08-30 06:34:26
2024-08-30,06:49:26 pm,0,100.965,25.57,2024-08-30 06:49:26
2024-08-30,07:04:26 pm,0,100.965,25.484,2024-08-30 07:04:26
2024-08-30,07:19:26 pm,0,100.959,25.404,2024-08-30 07:19:26
2024-08-30,07:34:26 pm,0,100.927,25.332,2024-08-30 07:34:26
2024-08-30,07:49:26 pm,0,100.925,25.268,2024-08-30 07:49:26
2024-08-30,08:04:26 pm,0,100.96,25.199,2024-08-30 08:04:26
2024-08-30,08:19:26 pm,0,100.967,25.145,2024-08-30 08:19:26
2024-08-30,08:34:26 pm,0,100.998,25.055,2024-08-30 08:34:26
2024-08-30,08:49:26 pm,0,101.017,24.976,2024-08-30 08:49:26
2024-08-30,09:04:26 pm,0,101.02,24.888,2024-08-30 09:04:26
2024-08-30,09:19:26 pm,0,101.039,24.793,2024-08-30 09:19:26
2024-08-30,09:34:26 pm,0,101.046,24.714,2024-08-30 09:34:26
2024-08-30,09:49:26 pm,0,101.061,24.668,2024-08-30 09:49:26
2024-08-30,10:04:26 pm,0,101.054,24.561,2024-08-30 10:04:26
2024-08-30,10:19:26 pm,0,101.057,24.46,2024-08-30 10:19:26
2024-08-30,10:34:26 pm,0,101.23,24.374,2024-08-30 10:34:26
2024-08-30,10:49:26 pm,0,101.247,24.295,2024-08-30 10:49:26
2024-08-30,11:04:26 pm,0,101.252,24.221,2024-08-30 11:04:26
2024-08-30,11:19:26 pm,0,101.259,24.164,2024-08-30 11:19:26
2024-08-30,11:34:26 pm,0,101.27,24.128,2024-08-30 11:34:26
2024-08-30,11:49:26 pm,0,101.271,24.086,2024-08-30 11:49:26
2024-08-31,12:04:26 am,0,101.266,24.062,2024-08-31 12:04:26
2024-08-31,12:19:26 am,0,101.267,24.01,2024-08-31 12:19:26
2024-08-31,12:34:26 am,0,101.261,23.951,2024-08-31 12:34:26
2024-08-31,12:49:26 am,0,101.266,23.899,2024-08-31 12:49:26
2024-08-31,01:04:26 am,0,101.246,23.855,2024-08-31 01:04:26
2024-08-31,01:19:26 am,0,101.239,23.789,2024-08-31 01:19:26
2024-08-31,01:34:26 am,0,101.224,23.718,2024-08-31 01:34:26
2024-08-31,01:49:26 am,0,101.219,23.649,2024-08-31 01:49:26
2024-08-31,02:04:26 am,0,101.217,23.575,2024-08-31 02:04:26
2024-08-31,02:19:26 am,0,101.23,23.503,2024-08-31 02:19:26
2024-08-31,02:34:26 am,0,101.22,23.426,2024-08-31 02:34:26
2024-08-31,02:49:26 am,0,101.207,23.344,2024-08-31 02:49:26
2024-08-31,03:04:26 am,0,101.203,23.288,2024-08-31 03:04:26
2024-08-31,03:19:26 am,0,101.209,23.233,2024-08-31 03:19:26
2024-08-31,03:34:26 am,0,101.198,23.15,2024-08-31 03:34:26
2024-08-31,03:49:26 am,0,101.203,23.095,2024-08-31 03:49:26
2024-08-31,04:04:26 am,0,101.183,23.035,2024-08-31 04:04:26
2024-08-31,04:19:26 am,0,101.18,22.977,2024-08-31 04:19:26
2024-08-31,04:34:26 am,0,101.176,22.946,2024-08-31 04:34:26
2024-08-31,04:49:26 am,0,101.169,22.877,2024-08-31 04:49:26
2024-08-31,05:04:26 am,0,101.147,22.815,2024-08-31 05:04:26
2024-08-31,05:19:26 am,0,101.152,22.79,2024-08-31 05:19:26
2024-08-31,05:34:26 am,0,101.152,22.742,2024-08-31 05:34:26
2024-08-31,05:49:26 am,0,101.15,22.674,2024-08-31 05:49:26
2024-08-31,06:04:26 am,0,101.162,22.609,2024-08-31 06:04:26
2024-08-31,06:19:26 am,0,101.178,22.566,2024-08-31 06:19:26
2024-08-31,06:34:26 am,0,101.182,22.508,2024-08-31 06:34:26
2024-08-31,06:49:26 am,0,101.185,22.47,2024-08-31 06:49:26
2024-08-31,07:04:26 am,0,101.196,22.448,2024-08-31 07:04:26
2024-08-31,07:19:26 am,0,101.215,22.457,2024-08-31 07:19:26
2024-08-31,07:34:26 am,0,101.228,22.478,2024-08-31 07:34:26
2024-08-31,07:49:26 am,0,101.246,22.5,2024-08-31 07:49:26
2024-08-31,08:04:26 am,0,101.263,22.537,2024-08-31 08:04:26
2024-08-31,08:19:26 am,0,101.275,22.619,2024-08-31 08:19:26
2024-08-31,08:34:26 am,0,101.288,22.781,2024-08-31 08:34:26
2024-08-31,08:49:26 am,0,101.284,22.973,2024-08-31 08:49:26
2024-08-31,09:04:26 am,0,101.285,23.171,2024-08-31 09:04:26
2024-08-31,09:19:26 am,0,101.293,23.351,2024-08-31 09:19:26
2024-08-31,09:34:26 am,0,101.304,23.512,2024-08-31 09:34:26
2024-08-31,09:49:26 am,0,101.301,23.662,2024-08-31 09:49:26
2024-08-31,10:04:26 am,0,101.312,23.829,2024-08-31 10:04:26
2024-08-31,10:19:26 am,0,101.324,23.931,2024-08-31 10:19:26
2024-08-31,10:34:26 am,0,101.332,24.029,2024-08-31 10:34:26
2024-08-31,10:49:26 am,0,101.326,24.15,2024-08-31 10:49:26
2024-08-31,11:04:26 am,0,101.331,24.259,2024-08-31 11:04:26
2024-08-31,11:19:26 am,0,101.32,24.374,2024-08-31 11:19:26
2024-08-31,11:34:26 am,0,101.302,24.513,2024-08-31 11:34:26
2024-08-31,11:49:26 am,0,101.292,24.61,2024-08-31 11:49:26
2024-08-31,12:04:26 pm,0,101.26,24.738,2024-08-31 12:04:26
2024-08-31,12:19:26 pm,0,101.249,24.874,2024-08-31 12:19:26
2024-08-31,12:34:26 pm,0,101.224,24.929,2024-08-31 12:34:26
2024-08-31,12:49:26 pm,0,101.189,25,2024-08-31 12:49:26
2024-08-31,01:04:26 pm,0,101.162,25.11,2024-08-31 01:04:26
2024-08-31,01:19:26 pm,0,101.161,25.242,2024-08-31 01:19:26
2024-08-31,01:34:26 pm,0,101.143,25.383,2024-08-31 01:34:26
2024-08-31,01:49:26 pm,0,101.126,25.376,2024-08-31 01:49:26
2024-08-31,02:04:26 pm,0,101.125,25.305,2024-08-31 02:04:26
2024-08-31,02:19:26 pm,0,101.106,25.176,2024-08-31 02:19:26
2024-08-31,02:34:26 pm,0,101.116,24.739,2024-08-31 02:34:26
2024-08-31,02:49:26 pm,0,101.141,24.436,2024-08-31 02:49:26
2024-08-31,03:04:26 pm,0,101.151,24.282,2024-08-31 03:04:26
2024-08-31,03:19:26 pm,0,101.145,24.191,2024-08-31 03:19:26
2024-08-31,03:34:26 pm,0,101.158,24.136,2024-08-31 03:34:26
2024-08-31,03:49:26 pm,0,101.143,24.092,2024-08-31 03:49:26
2024-08-31,04:04:26 pm,0,101.109,24.078,2024-08-31 04:04:26
2024-08-31,04:19:26 pm,0,101.079,23.97,2024-08-31 04:19:26
2024-08-31,04:34:26 pm,0,101.064,23.932,2024-08-31 04:34:26
2024-08-31,04:49:26 pm,0,101.049,23.893,2024-08-31 04:49:26
2024-08-31,05:04:26 pm,0,101.026,23.902,2024-08-31 05:04:26
2024-08-31,05:19:26 pm,0,101.011,23.938,2024-08-31 05:19:26
2024-08-31,05:34:26 pm,0,101.007,23.964,2024-08-31 05:34:26
2024-08-31,05:49:26 pm,0,101.019,24.013,2024-08-31 05:49:26
2024-08-31,06:04:26 pm,0,101.008,24.003,2024-08-31 06:04:26
2024-08-31,06:19:26 pm,0,101.001,23.966,2024-08-31 06:19:26
2024-08-31,06:34:26 pm,0,101.004,23.952,2024-08-31 06:34:26
2024-08-31,06:49:26 pm,0,100.996,23.922,2024-08-31 06:49:26
2024-08-31,07:04:26 pm,0,100.988,23.902,2024-08-31 07:04:26
2024-08-31,07:19:26 pm,0,100.999,23.861,2024-08-31 07:19:26
2024-08-31,07:34:26 pm,0,101.01,23.813,2024-08-31 07:34:26
2024-08-31,07:49:26 pm,0,101.015,23.771,2024-08-31 07:49:26
2024-08-31,08:04:26 pm,0,101.035,23.716,2024-08-31 08:04:26
2024-08-31,08:19:26 pm,0,101.058,23.67,2024-08-31 08:19:26
2024-08-31,08:34:26 pm,0,101.076,23.637,2024-08-31 08:34:26
2024-08-31,08:49:26 pm,0,101.092,23.591,2024-08-31 08:49:26
2024-08-31,09:04:26 pm,0,101.081,23.548,2024-08-31 09:04:26
2024-08-31,09:19:26 pm,0,101.085,23.486,2024-08-31 09:19:26
2024-08-31,09:34:26 pm,0,101.097,23.446,2024-08-31 09:34:26
2024-08-31,09:49:26 pm,0,101.101,23.389,2024-08-31 09:49:26
2024-08-31,10:04:26 pm,0,101.097,23.335,2024-08-31 10:04:26
2024-08-31,10:19:26 pm,0,101.107,23.315,2024-08-31 10:19:26
2024-08-31,10:34:26 pm,0,101.121,23.277,2024-08-31 10:34:26
2024-08-31,10:49:26 pm,0,101.117,23.232,2024-08-31 10:49:26
2024-08-31,11:04:26 pm,0,101.131,23.197,2024-08-31 11:04:26
2024-08-31,11:19:26 pm,0,101.122,23.159,2024-08-31 11:19:26
2024-08-31,11:34:26 pm,0,101.114,23.108,2024-08-31 11:34:26
2024-08-31,11:49:26 pm,0,101.11,23.099,2024-08-31 11:49:26
2024-09-01,12:04:26 am,0,101.091,23.076,2024-09-01 12:04:26
2024-09-01,12:19:26 am,0,101.082,23.046,2024-09-01 12:19:26
2024-09-01,12:34:26 am,0,101.061,23.009,2024-09-01 12:34:26
2024-09-01,12:49:26 am,0,101.049,22.979,2024-09-01 12:49:26
2024-09-01,01:04:26 am,0,101.034,22.908,2024-09-01 01:04:26
2024-09-01,01:19:26 am,0,101.035,22.843,2024-09-01 01:19:26
2024-09-01,01:34:26 am,0,101.032,22.776,2024-09-01 01:34:26
2024-09-01,01:49:26 am,0,101.03,22.75,2024-09-01 01:49:26
2024-09-01,02:04:26 am,0,101.02,22.735,2024-09-01 02:04:26
2024-09-01,02:19:26 am,0,101.028,22.695,2024-09-01 02:19:26
2024-09-01,02:34:26 am,0,101.019,22.648,2024-09-01 02:34:26
2024-09-01,02:49:26 am,0,101.026,22.584,2024-09-01 02:49:26
2024-09-01,03:04:26 am,0,101.031,22.526,2024-09-01 03:04:26
2024-09-01,03:19:26 am,0,101.034,22.466,2024-09-01 03:19:26
2024-09-01,03:34:26 am,0,101.028,22.422,2024-09-01 03:34:26
2024-09-01,03:49:26 am,0,101.033,22.409,2024-09-01 03:49:26
2024-09-01,04:04:26 am,0,101.046,22.348,2024-09-01 04:04:26
2024-09-01,04:19:26 am,0,101.054,22.314,2024-09-01 04:19:26
2024-09-01,04:34:26 am,0,101.051,22.296,2024-09-01 04:34:26
2024-09-01,04:49:26 am,0,101.061,22.248,2024-09-01 04:49:26
2024-09-01,05:04:26 am,0,101.062,22.22,2024-09-01 05:04:26
2024-09-01,05:19:26 am,0,101.066,22.173,2024-09-01 05:19:26
2024-09-01,05:34:26 am,0,101.067,22.137,2024-09-01 05:34:26
2024-09-01,05:49:26 am,0,101.082,22.077,2024-09-01 05:49:26
2024-09-01,06:04:26 am,0,101.081,22.062,2024-09-01 06:04:26
2024-09-01,06:19:26 am,0,101.078,22.01,2024-09-01 06:19:26
2024-09-01,06:34:26 am,0,101.082,22.006,2024-09-01 06:34:26
2024-09-01,06:49:26 am,0,101.091,21.953,2024-09-01 06:49:26
2024-09-01,07:04:26 am,0,101.1,21.961,2024-09-01 07:04:26
2024-09-01,07:19:26 am,0,101.102,21.958,2024-09-01 07:19:26
2024-09-01,07:34:26 am,0,101.105,21.975,2024-09-01 07:34:26
2024-09-01,07:49:26 am,0,101.117,22.009,2024-09-01 07:49:26
2024-09-01,08:04:26 am,0,101.127,22.034,2024-09-01 08:04:26
2024-09-01,08:19:26 am,0,101.13,22.118,2024-09-01 08:19:26
2024-09-01,08:34:26 am,0,101.135,22.192,2024-09-01 08:34:26
2024-09-01,08:49:26 am,0,101.131,22.279,2024-09-01 08:49:26
2024-09-01,09:04:26 am,0,101.152,22.408,2024-09-01 09:04:26
2024-09-01,09:19:26 am,0,101.16,22.54,2024-09-01 09:19:26
2024-09-01,09:34:26 am,0,101.165,22.742,2024-09-01 09:34:26
2024-09-01,09:49:26 am,0,101.169,22.907,2024-09-01 09:49:26
2024-09-01,10:04:26 am,0,101.174,23.06,2024-09-01 10:04:26
2024-09-01,10:19:26 am,0,101.169,23.227,2024-09-01 10:19:26
2024-09-01,10:34:26 am,0,101.166,23.384,2024-09-01 10:34:26
2024-09-01,10:49:26 am,0,101.157,23.549,2024-09-01 10:49:26
2024-09-01,11:04:26 am,0,101.154,23.742,2024-09-01 11:04:26
2024-09-01,11:19:26 am,0,101.129,23.943,2024-09-01 11:19:26
2024-09-01,11:34:26 am,0,101.111,24.067,2024-09-01 11:34:26
2024-09-01,11:49:26 am,0,101.097,24.247,2024-09-01 11:49:26
2024-09-01,12:04:26 pm,0,101.091,24.51,2024-09-01 12:04:26
2024-09-01,12:19:26 pm,0,101.073,24.696,2024-09-01 12:19:26
2024-09-01,12:34:26 pm,0,101.048,24.825,2024-09-01 12:34:26
2024-09-01,12:49:26 pm,0,101.018,24.965,2024-09-01 12:49:26
2024-09-01,01:04:26 pm,0,101.009,25.028,2024-09-01 01:04:26
2024-09-01,01:19:26 pm,0,101.005,25.232,2024-09-01 01:19:26
2024-09-01,01:34:26 pm,0,100.985,25.414,2024-09-01 01:34:26
2024-09-01,01:49:26 pm,0,100.962,25.63,2024-09-01 01:49:26
2024-09-01,02:04:26 pm,0,100.94,25.76,2024-09-01 02:04:26
2024-09-01,02:19:26 pm,0,100.922,25.856,2024-09-01 02:19:26
2024-09-01,02:34:26 pm,0,100.897,25.908,2024-09-01 02:34:26
2024-09-01,02:49:26 pm,0,100.861,26.021,2024-09-01 02:49:26
2024-09-01,03:04:26 pm,0,100.83,26.098,2024-09-01 03:04:26
2024-09-01,03:19:26 pm,0,100.809,26.101,2024-09-01 03:19:26
2024-09-01,03:34:26 pm,0,100.785,26.082,2024-09-01 03:34:26
2024-09-01,03:49:26 pm,0,100.757,26.113,2024-09-01 03:49:26
2024-09-01,04:04:26 pm,0,100.748,26.088,2024-09-01 04:04:26
2024-09-01,04:19:26 pm,0,100.739,26.106,2024-09-01 04:19:26
2024-09-01,04:34:26 pm,0,100.735,26.11,2024-09-01 04:34:26
2024-09-01,04:49:26 pm,0,100.728,26.048,2024-09-01 04:49:26
2024-09-01,05:04:26 pm,0,100.721,26.041,2024-09-01 05:04:26
2024-09-01,05:19:26 pm,0,100.713,25.961,2024-09-01 05:19:26
2024-09-01,05:34:26 pm,0,100.709,25.853,2024-09-01 05:34:26
2024-09-01,05:49:26 pm,0,100.719,25.733,2024-09-01 05:49:26
2024-09-01,06:04:26 pm,0,100.732,25.641,2024-09-01 06:04:26
2024-09-01,06:19:26 pm,0,100.719,25.58,2024-09-01 06:19:26
2024-09-01,06:34:26 pm,0,100.728,25.492,2024-09-01 06:34:26
2024-09-01,06:49:26 pm,0,100.733,25.371,2024-09-01 06:49:26
2024-09-01,07:04:26 pm,0,100.736,25.259,2024-09-01 07:04:26
2024-09-01,07:19:26 pm,0,100.734,25.14,2024-09-01 07:19:26
2024-09-01,07:34:26 pm,0,100.755,25.016,2024-09-01 07:34:26
2024-09-01,07:49:26 pm,0,100.781,24.898,2024-09-01 07:49:26
2024-09-01,08:04:26 pm,0,100.806,24.765,2024-09-01 08:04:26
2024-09-01,08:19:26 pm,0,100.827,24.666,2024-09-01 08:19:26
2024-09-01,08:34:26 pm,0,100.825,24.59,2024-09-01 08:34:26
2024-09-01,08:49:26 pm,0,100.836,24.479,2024-09-01 08:49:26
2024-09-01,09:04:26 pm,0,100.841,24.36,2024-09-01 09:04:26
2024-09-01,09:19:26 pm,0,100.834,24.282,2024-09-01 09:19:26
2024-09-01,09:34:26 pm,0,100.843,24.207,2024-09-01 09:34:26
2024-09-01,09:49:26 pm,0,100.835,24.164,2024-09-01 09:49:26
2024-09-01,10:04:26 pm,0,100.857,24.03,2024-09-01 10:04:26
2024-09-01,10:19:26 pm,0,100.866,23.91,2024-09-01 10:19:26
2024-09-01,10:34:26 pm,0,100.878,23.792,2024-09-01 10:34:26
2024-09-01,10:49:26 pm,0,100.89,23.701,2024-09-01 10:49:26
2024-09-01,11:04:26 pm,0,100.898,23.57,2024-09-01 11:04:26
2024-09-01,11:19:26 pm,0,100.902,23.461,2024-09-01 11:19:26
2024-09-01,11:34:26 pm,0,100.924,23.355,2024-09-01 11:34:26
2024-09-01,11:49:26 pm,0,100.933,23.247,2024-09-01 11:49:26
2024-09-02,12:04:26 am,0,100.945,23.206,2024-09-02 12:04:26
2024-09-02,12:19:26 am,0,100.928,23.196,2024-09-02 12:19:26
2024-09-02,12:34:26 am,0,100.929,23.118,2024-09-02 12:34:26
2024-09-02,12:49:26 am,0,100.939,23.065,2024-09-02 12:49:26
2024-09-02,01:04:26 am,0,100.941,22.987,2024-09-02 01:04:26
2024-09-02,01:19:26 am,0,100.945,22.917,2024-09-02 01:19:26
2024-09-02,01:34:26 am,0,100.944,22.831,2024-09-02 01:34:26
2024-09-02,01:49:26 am,0,100.94,22.782,2024-09-02 01:49:26
2024-09-02,02:04:26 am,0,100.944,22.723,2024-09-02 02:04:26
2024-09-02,02:19:26 am,0,100.949,22.673,2024-09-02 02:19:26
2024-09-02,02:34:26 am,0,100.947,22.607,2024-09-02 02:34:26
2024-09-02,02:49:26 am,0,100.942,22.517,2024-09-02 02:49:26
2024-09-02,03:04:26 am,0,100.946,22.464,2024-09-02 03:04:26
2024-09-02,03:19:26 am,0,100.953,22.38,2024-09-02 03:19:26
2024-09-02,03:34:26 am,0,100.955,22.302,2024-09-02 03:34:26
2024-09-02,03:49:26 am,0,100.951,22.208,2024-09-02 03:49:26
2024-09-02,04:04:26 am,0,100.947,22.171,2024-09-02 04:04:26
2024-09-02,04:19:26 am,0,100.949,22.079,2024-09-02 04:19:26
2024-09-02,04:34:26 am,0,100.952,21.992,2024-09-02 04:34:26
2024-09-02,04:49:26 am,0,100.951,21.948,2024-09-02 04:49:26
2024-09-02,05:04:26 am,0,100.954,21.869,2024-09-02 05:04:26
2024-09-02,05:19:26 am,0,100.966,21.803,2024-09-02 05:19:26
2024-09-02,05:34:26 am,0,100.983,21.736,2024-09-02 05:34:26
2024-09-02,05:49:26 am,0,100.993,21.677,2024-09-02 05:49:26
2024-09-02,06:04:26 am,0,101.006,21.61,2024-09-02 06:04:26
2024-09-02,06:19:26 am,0,101.019,21.572,2024-09-02 06:19:26
2024-09-02,06:34:26 am,0,101.034,21.511,2024-09-02 06:34:26
2024-09-02,06:49:26 am,0,101.047,21.48,2024-09-02 06:49:26
2024-09-02,07:04:26 am,0,101.072,21.444,2024-09-02 07:04:26
2024-09-02,07:19:26 am,0,101.077,21.43,2024-09-02 07:19:26
2024-09-02,07:34:26 am,0,101.082,21.513,2024-09-02 07:34:26
2024-09-02,07:49:26 am,0,101.096,21.603,2024-09-02 07:49:26
2024-09-02,08:04:26 am,0,101.11,21.721,2024-09-02 08:04:26
2024-09-02,08:19:26 am,0,101.124,21.857,2024-09-02 08:19:26
2024-09-02,08:34:26 am,0,101.132,22.02,2024-09-02 08:34:26
2024-09-02,08:49:26 am,0,101.143,22.194,2024-09-02 08:49:26
2024-09-02,09:04:26 am,0,101.156,22.387,2024-09-02 09:04:26
2024-09-02,09:19:26 am,0,101.163,22.563,2024-09-02 09:19:26
2024-09-02,09:34:26 am,0,101.183,22.749,2024-09-02 09:34:26
2024-09-02,09:49:26 am,0,101.19,22.914,2024-09-02 09:49:26
2024-09-02,10:04:26 am,0,101.186,23.108,2024-09-02 10:04:26
2024-09-02,10:19:26 am,0,101.189,23.259,2024-09-02 10:19:26
2024-09-02,10:34:26 am,0,101.173,23.426,2024-09-02 10:34:26
2024-09-02,10:49:26 am,0,101.178,23.614,2024-09-02 10:49:26
2024-09-02,11:04:26 am,0,101.158,23.716,2024-09-02 11:04:26
2024-09-02,11:19:26 am,0,101.139,23.841,2024-09-02 11:19:26
2024-09-02,11:34:26 am,0,101.116,24.03,2024-09-02 11:34:26
2024-09-02,11:49:26 am,0,101.116,24.241,2024-09-02 11:49:26
2024-09-02,12:04:26 pm,0,101.123,24.489,2024-09-02 12:04:26
2024-09-02,12:19:26 pm,0,101.106,24.604,2024-09-02 12:19:26
2024-09-02,12:34:26 pm,0,101.081,24.709,2024-09-02 12:34:26
2024-09-02,12:49:26 pm,0,101.064,24.84,2024-09-02 12:49:26
2024-09-02,01:04:26 pm,0,101.053,25.02,2024-09-02 01:04:26
2024-09-02,01:19:26 pm,0,101.04,25.141,2024-09-02 01:19:26
2024-09-02,01:34:26 pm,0,101.024,25.293,2024-09-02 01:34:26
2024-09-02,01:49:26 pm,0,101.006,25.357,2024-09-02 01:49:26
2024-09-02,02:04:26 pm,0,100.992,25.478,2024-09-02 02:04:26
2024-09-02,02:19:26 pm,0,100.978,25.55,2024-09-02 02:19:26
2024-09-02,02:34:26 pm,0,100.952,25.612,2024-09-02 02:34:26
2024-09-02,02:49:26 pm,0,100.92,25.687,2024-09-02 02:49:26
2024-09-02,03:04:26 pm,0,100.89,25.779,2024-09-02 03:04:26
2024-09-02,03:19:26 pm,0,100.864,25.762,2024-09-02 03:19:26
2024-09-02,03:34:26 pm,0,100.855,25.836,2024-09-02 03:34:26
2024-09-02,03:49:26 pm,0,100.84,25.841,2024-09-02 03:49:26
2024-09-02,04:04:26 pm,0,100.826,25.755,2024-09-02 04:04:26
2024-09-02,04:19:26 pm,0,100.812,25.702,2024-09-02 04:19:26
2024-09-02,04:34:26 pm,0,100.799,25.675,2024-09-02 04:34:26
2024-09-02,04:49:26 pm,0,100.785,25.679,2024-09-02 04:49:26
2024-09-02,05:04:26 pm,0,100.766,25.645,2024-09-02 05:04:26
2024-09-02,05:19:26 pm,0,100.738,25.621,2024-09-02 05:19:26
2024-09-02,05:34:26 pm,0,100.725,25.578,2024-09-02 05:34:26
2024-09-02,05:49:26 pm,0,100.718,25.511,2024-09-02 05:49:26
2024-09-02,06:04:26 pm,0,100.713,25.48,2024-09-02 06:04:26
2024-09-02,06:19:26 pm,0,100.703,25.376,2024-09-02 06:19:26
2024-09-02,06:34:26 pm,0,100.697,25.295,2024-09-02 06:34:26
2024-09-02,06:49:26 pm,0,100.686,25.245,2024-09-02 06:49:26
2024-09-02,07:04:26 pm,0,100.654,25.162,2024-09-02 07:04:26
2024-09-02,07:19:26 pm,0,100.649,25.041,2024-09-02 07:19:26
2024-09-02,07:34:26 pm,0,100.64,24.716,2024-09-02 07:34:26
2024-09-02,07:49:26 pm,0,100.654,24.376,2024-09-02 07:49:26
2024-09-02,08:04:26 pm,0,100.666,24.146,2024-09-02 08:04:26
2024-09-02,08:19:26 pm,0,100.687,23.933,2024-09-02 08:19:26
2024-09-02,08:34:26 pm,0,100.706,23.644,2024-09-02 08:34:26
2024-09-02,08:49:26 pm,0,100.724,23.432,2024-09-02 08:49:26
2024-09-02,09:04:26 pm,0,100.743,23.258,2024-09-02 09:04:26
2024-09-02,09:19:26 pm,0,100.758,23.096,2024-09-02 09:19:26
2024-09-02,09:34:26 pm,0,100.774,22.896,2024-09-02 09:34:26
2024-09-02,09:49:26 pm,0,100.781,22.807,2024-09-02 09:49:26
2024-09-02,10:04:26 pm,0,100.793,22.698,2024-09-02 10:04:26
2024-09-02,10:19:26 pm,0,100.803,22.571,2024-09-02 10:19:26
2024-09-02,10:34:26 pm,0,100.806,22.483,2024-09-02 10:34:26
2024-09-02,10:49:26 pm,0,100.815,22.372,2024-09-02 10:49:26
2024-09-02,11:04:26 pm,0,100.808,22.209,2024-09-02 11:04:26
2024-09-02,11:19:26 pm,0,100.805,22.155,2024-09-02 11:19:26
2024-09-02,11:34:26 pm,0,100.809,22.091,2024-09-02 11:34:26
2024-09-02,11:49:26 pm,0,100.818,22.026,2024-09-02 11:49:26
2024-09-03,12:04:26 am,0,100.82,21.964,2024-09-03 12:04:26
2024-09-03,12:19:26 am,0,100.83,21.881,2024-09-03 12:19:26
2024-09-03,12:34:26 am,0,100.821,21.756,2024-09-03 12:34:26
2024-09-03,12:49:26 am,0,100.816,21.666,2024-09-03 12:49:26
2024-09-03,01:04:26 am,0,100.814,21.58,2024-09-03 01:04:26
2024-09-03,01:19:26 am,0,101.039,21.649,2024-09-03 01:19:26
2024-09-03,01:34:26 am,0,101.038,21.651,2024-09-03 01:34:26
2024-09-03,01:49:26 am,0,101.046,21.596,2024-09-03 01:49:26
2024-09-03,02:04:26 am,0,101.047,21.565,2024-09-03 02:04:26
2024-09-03,02:19:26 am,0,101.051,21.521,2024-09-03 02:19:26
2024-09-03,02:34:26 am,0,101.056,21.487,2024-09-03 02:34:26
2024-09-03,02:49:26 am,0,101.051,21.409,2024-09-03 02:49:26
2024-09-03,03:04:26 am,0,101.053,21.339,2024-09-03 03:04:26
2024-09-03,03:19:26 am,0,101.053,21.3,2024-09-03 03:19:26
2024-09-03,03:34:26 am,0,101.054,21.231,2024-09-03 03:34:26
2024-09-03,03:49:26 am,0,101.06,21.182,2024-09-03 03:49:26
2024-09-03,04:04:26 am,0,101.049,21.113,2024-09-03 04:04:26
2024-09-03,04:19:26 am,0,101.055,21.06,2024-09-03 04:19:26
2024-09-03,04:34:26 am,0,101.059,20.994,2024-09-03 04:34:26
2024-09-03,04:49:26 am,0,101.079,20.959,2024-09-03 04:49:26
2024-09-03,05:04:26 am,0,101.081,20.911,2024-09-03 05:04:26
2024-09-03,05:19:26 am,0,101.087,20.864,2024-09-03 05:19:26
2024-09-03,05:34:26 am,0,101.087,20.814,2024-09-03 05:34:26
2024-09-03,05:49:26 am,0,101.102,20.774,2024-09-03 05:49:26
2024-09-03,06:04:26 am,0,101.118,20.722,2024-09-03 06:04:26
2024-09-03,06:19:26 am,0,101.118,20.662,2024-09-03 06:19:26
2024-09-03,06:34:26 am,0,101.137,20.61,2024-09-03 06:34:26
2024-09-03,06:49:26 am,0,101.173,20.58,2024-09-03 06:49:26
2024-09-03,07:04:26 am,0,101.178,20.543,2024-09-03 07:04:26
2024-09-03,07:19:26 am,0,101.199,20.568,2024-09-03 07:19:26
2024-09-03,07:34:26 am,0,101.211,20.667,2024-09-03 07:34:26
2024-09-03,07:49:26 am,0,101.214,20.769,2024-09-03 07:49:26
2024-09-03,08:04:26 am,0,101.23,20.894,2024-09-03 08:04:26
2024-09-03,08:19:26 am,0,101.246,21.034,2024-09-03 08:19:26
2024-09-03,08:34:26 am,0,101.261,21.228,2024-09-03 08:34:26
2024-09-03,08:49:26 am,0,101.271,21.421,2024-09-03 08:49:26
2024-09-03,09:04:26 am,0,101.273,21.647,2024-09-03 09:04:26
2024-09-03,09:19:26 am,0,101.274,21.881,2024-09-03 09:19:26
2024-09-03,09:34:26 am,0,101.29,22.144,2024-09-03 09:34:26
2024-09-03,09:49:26 am,0,101.292,22.437,2024-09-03 09:49:26
2024-09-03,10:04:26 am,0,101.294,22.736,2024-09-03 10:04:26
2024-09-03,10:19:26 am,0,101.299,23.015,2024-09-03 10:19:26
2024-09-03,10:34:26 am,0,101.298,23.311,2024-09-03 10:34:26
2024-09-03,10:49:26 am,0,101.291,23.559,2024-09-03 10:49:26
2024-09-03,11:04:26 am,0,101.29,23.777,2024-09-03 11:04:26
2024-09-03,11:19:26 am,0,101.279,23.971,2024-09-03 11:19:26
2024-09-03,11:34:26 am,0,101.275,24.244,2024-09-03 11:34:26
2024-09-03,11:49:26 am,0,101.259,24.497,2024-09-03 11:49:26
2024-09-03,12:04:26 pm,0,101.255,24.848,2024-09-03 12:04:26
2024-09-03,12:19:26 pm,0,101.236,24.927,2024-09-03 12:19:26
2024-09-03,12:34:26 pm,0,101.212,25.052,2024-09-03 12:34:26
2024-09-03,12:49:26 pm,0,101.21,25.127,2024-09-03 12:49:26
2024-09-03,01:04:26 pm,0,101.178,25.016,2024-09-03 01:04:26
2024-09-03,01:19:26 pm,0,101.147,25.049,2024-09-03 01:19:26
2024-09-03,01:34:26 pm,0,101.137,25.307,2024-09-03 01:34:26
2024-09-03,01:49:26 pm,0,101.117,25.428,2024-09-03 01:49:26
2024-09-03,02:04:26 pm,0,101.101,25.705,2024-09-03 02:04:26
2024-09-03,02:19:26 pm,0,101.087,25.839,2024-09-03 02:19:26
2024-09-03,02:34:26 pm,0,101.072,25.884,2024-09-03 02:34:26
2024-09-03,02:49:26 pm,0,101.049,25.798,2024-09-03 02:49:26
2024-09-03,03:04:26 pm,0,101.017,25.866,2024-09-03 03:04:26
2024-09-03,03:19:26 pm,0,100.986,25.845,2024-09-03 03:19:26
2024-09-03,03:34:26 pm,0,100.977,25.866,2024-09-03 03:34:26
2024-09-03,03:49:26 pm,0,100.97,25.731,2024-09-03 03:49:26
2024-09-03,04:04:26 pm,0,100.941,25.648,2024-09-03 04:04:26
2024-09-03,04:19:26 pm,0,100.958,25.737,2024-09-03 04:19:26
2024-09-03,04:34:26 pm,0,100.954,25.683,2024-09-03 04:34:26
2024-09-03,04:49:26 pm,0,100.963,25.596,2024-09-03 04:49:26
2024-09-03,05:04:26 pm,0,100.96,25.502,2024-09-03 05:04:26
2024-09-03,05:19:26 pm,0,100.954,25.453,2024-09-03 05:19:26
2024-09-03,05:34:26 pm,0,100.949,25.43,2024-09-03 05:34:26
2024-09-03,05:49:26 pm,0,100.94,25.396,2024-09-03 05:49:26
2024-09-03,06:04:26 pm,0,100.944,25.354,2024-09-03 06:04:26
2024-09-03,06:19:26 pm,0,100.936,25.308,2024-09-03 06:19:26
2024-09-03,06:34:26 pm,0,100.936,25.255,2024-09-03 06:34:26
2024-09-03,06:49:26 pm,0,100.92,25.188,2024-09-03 06:49:26
2024-09-03,07:04:26 pm,0,100.909,25.109,2024-09-03 07:04:26
2024-09-03,07:19:26 pm,0,100.892,25.031,2024-09-03 07:19:26
2024-09-03,07:34:26 pm,0,100.921,24.958,2024-09-03 07:34:26
2024-09-03,07:49:26 pm,0,100.933,24.882,2024-09-03 07:49:26
2024-09-03,08:04:26 pm,0,100.957,24.807,2024-09-03 08:04:26
2024-09-03,08:19:26 pm,0,100.995,24.778,2024-09-03 08:19:26
2024-09-03,08:34:26 pm,0,101.032,24.759,2024-09-03 08:34:26
2024-09-03,08:49:26 pm,0,101.072,24.72,2024-09-03 08:49:26
2024-09-03,09:04:26 pm,0,101.085,24.669,2024-09-03 09:04:26
2024-09-03,09:19:26 pm,0,101.091,24.603,2024-09-03 09:19:26
2024-09-03,09:34:26 pm,0,101.103,24.529,2024-09-03 09:34:26
2024-09-03,09:49:26 pm,0,101.139,24.478,2024-09-03 09:49:26
2024-09-03,10:04:26 pm,0,101.154,24.479,2024-09-03 10:04:26
2024-09-03,10:19:26 pm,0,101.322,24.405,2024-09-03 10:19:26
2024-09-03,10:34:26 pm,0,101.331,24.33,2024-09-03 10:34:26
2024-09-03,10:49:26 pm,0,101.339,24.26,2024-09-03 10:49:26
2024-09-03,11:04:26 pm,0,101.369,24.194,2024-09-03 11:04:26
2024-09-03,11:19:26 pm,0,101.395,24.111,2024-09-03 11:19:26
2024-09-03,11:34:26 pm,0,101.396,24.034,2024-09-03 11:34:26
2024-09-03,11:49:26 pm,0,101.405,23.974,2024-09-03 11:49:26
2024-09-04,12:04:26 am,0,101.415,23.916,2024-09-04 12:04:26
2024-09-04,12:19:26 am,0,101.401,23.85,2024-09-04 12:19:26
2024-09-04,12:34:26 am,0,101.395,23.786,2024-09-04 12:34:26
2024-09-04,12:49:26 am,0,101.393,23.739,2024-09-04 12:49:26
2024-09-04,01:04:26 am,0,101.392,23.66,2024-09-04 01:04:26
2024-09-04,01:19:26 am,0,101.388,23.585,2024-09-04 01:19:26
2024-09-04,01:34:26 am,0,101.39,23.519,2024-09-04 01:34:26
2024-09-04,01:49:26 am,0,101.373,23.433,2024-09-04 01:49:26
2024-09-04,02:04:26 am,0,101.41,23.38,2024-09-04 02:04:26
2024-09-04,02:19:26 am,0,101.402,23.347,2024-09-04 02:19:26
2024-09-04,02:34:26 am,0,101.414,23.312,2024-09-04 02:34:26
2024-09-04,02:49:26 am,0,101.414,23.256,2024-09-04 02:49:26
2024-09-04,03:04:26 am,0,101.421,23.219,2024-09-04 03:04:26
2024-09-04,03:19:26 am,0,101.421,23.144,2024-09-04 03:19:26
2024-09-04,03:34:26 am,0,101.406,23.021,2024-09-04 03:34:26
2024-09-04,03:49:26 am,0,101.418,22.916,2024-09-04 03:49:26
2024-09-04,04:04:26 am,0,101.415,22.817,2024-09-04 04:04:26
2024-09-04,04:19:26 am,0,101.436,22.725,2024-09-04 04:19:26
2024-09-04,04:34:26 am,0,101.463,22.639,2024-09-04 04:34:26
2024-09-04,04:49:26 am,0,101.483,22.569,2024-09-04 04:49:26
2024-09-04,05:04:26 am,0,101.487,22.482,2024-09-04 05:04:26
2024-09-04,05:19:26 am,0,101.476,22.362,2024-09-04 05:19:26
2024-09-04,05:34:26 am,0,101.489,22.243,2024-09-04 05:34:26
2024-09-04,05:49:26 am,0,101.522,22.15,2024-09-04 05:49:26
2024-09-04,06:04:26 am,0,101.55,22.059,2024-09-04 06:04:26
2024-09-04,06:19:26 am,0,101.543,21.975,2024-09-04 06:19:26
2024-09-04,06:34:26 am,0,101.545,21.874,2024-09-04 06:34:26
2024-09-04,06:49:26 am,0,101.562,21.797,2024-09-04 06:49:26
2024-09-04,07:04:26 am,0,101.587,21.715,2024-09-04 07:04:26
2024-09-04,07:19:26 am,0,101.601,21.683,2024-09-04 07:19:26
2024-09-04,07:34:26 am,0,101.632,21.682,2024-09-04 07:34:26
2024-09-04,07:49:26 am,0,101.624,21.679,2024-09-04 07:49:26
2024-09-04,08:04:26 am,0,101.621,21.696,2024-09-04 08:04:26
2024-09-04,08:19:26 am,0,101.641,21.736,2024-09-04 08:19:26
2024-09-04,08:34:26 am,0,101.658,21.756,2024-09-04 08:34:26
2024-09-04,08:49:26 am,0,101.67,21.765,2024-09-04 08:49:26
2024-09-04,09:04:26 am,0,101.659,21.785,2024-09-04 09:04:26
2024-09-04,09:19:26 am,0,101.677,21.845,2024-09-04 09:19:26
2024-09-04,09:34:26 am,0,101.667,21.874,2024-09-04 09:34:26
2024-09-04,09:49:26 am,0,101.682,21.946,2024-09-04 09:49:26
2024-09-04,10:04:26 am,0,101.692,22.027,2024-09-04 10:04:26
2024-09-04,10:19:26 am,0,101.681,22.183,2024-09-04 10:19:26
2024-09-04,10:34:26 am,0,101.695,22.306,2024-09-04 10:34:26
2024-09-04,10:49:26 am,0,101.697,22.458,2024-09-04 10:49:26
2024-09-04,11:04:26 am,0,101.689,22.615,2024-09-04 11:04:26
2024-09-04,11:19:26 am,0,101.672,22.782,2024-09-04 11:19:26
2024-09-04,11:34:26 am,0,101.67,22.824,2024-09-04 11:34:26
2024-09-04,11:49:26 am,0,101.655,22.856,2024-09-04 11:49:26
2024-09-04,12:04:26 pm,0,101.648,23.063,2024-09-04 12:04:26
2024-09-04,12:19:26 pm,0,101.63,23.214,2024-09-04 12:19:26
2024-09-04,12:34:26 pm,0,101.633,23.367,2024-09-04 12:34:26
2024-09-04,12:49:26 pm,0,101.617,23.468,2024-09-04 12:49:26
2024-09-04,01:04:26 pm,0,101.605,23.558,2024-09-04 01:04:26
2024-09-04,01:19:26 pm,0,101.571,23.711,2024-09-04 01:19:26
2024-09-04,01:34:26 pm,0,101.555,23.776,2024-09-04 01:34:26
2024-09-04,01:49:26 pm,0,101.526,23.796,2024-09-04 01:49:26
2024-09-04,02:04:26 pm,0,101.512,23.817,2024-09-04 02:04:26
2024-09-04,02:19:26 pm,0,101.481,23.813,2024-09-04 02:19:26
2024-09-04,02:34:26 pm,0,101.444,23.851,2024-09-04 02:34:26
2024-09-04,02:49:26 pm,0,101.411,23.92,2024-09-04 02:49:26
2024-09-04,03:04:26 pm,0,101.387,24.005,2024-09-04 03:04:26
2024-09-04,03:19:26 pm,0,101.357,24.098,2024-09-04 03:19:26
2024-09-04,03:34:26 pm,0,101.338,24.152,2024-09-04 03:34:26
2024-09-04,03:49:26 pm,0,101.324,24.277,2024-09-04 03:49:26
2024-09-04,04:04:26 pm,0,101.272,24.319,2024-09-04 04:04:26
2024-09-04,04:19:26 pm,0,101.247,24.287,2024-09-04 04:19:26
2024-09-04,04:34:26 pm,0,101.224,24.286,2024-09-04 04:34:26
2024-09-04,04:49:26 pm,0,101.217,24.276,2024-09-04 04:49:26
2024-09-04,05:04:26 pm,0,101.194,24.243,2024-09-04 05:04:26
2024-09-04,05:19:26 pm,0,101.14,24.201,2024-09-04 05:19:26
2024-09-04,05:34:26 pm,0,101.15,24.142,2024-09-04 05:34:26
2024-09-04,05:49:26 pm,0,101.153,24.128,2024-09-04 05:49:26
2024-09-04,06:04:26 pm,0,101.149,24.089,2024-09-04 06:04:26
2024-09-04,06:19:26 pm,0,101.158,24.022,2024-09-04 06:19:26
2024-09-04,06:34:26 pm,0,101.164,23.951,2024-09-04 06:34:26
2024-09-04,06:49:26 pm,0,101.167,23.845,2024-09-04 06:49:26
2024-09-04,07:04:26 pm,0,101.169,23.759,2024-09-04 07:04:26
2024-09-04,07:19:26 pm,0,101.179,23.652,2024-09-04 07:19:26
2024-09-04,07:34:26 pm,0,101.179,23.533,2024-09-04 07:34:26
2024-09-04,07:49:26 pm,0,101.174,23.331,2024-09-04 07:49:26
2024-09-04,08:04:26 pm,0,101.186,23.079,2024-09-04 08:04:26
2024-09-04,08:19:26 pm,0,101.201,22.944,2024-09-04 08:19:26
2024-09-04,08:34:26 pm,0,101.219,22.8,2024-09-04 08:34:26
2024-09-04,08:49:26 pm,0,101.237,22.68,2024-09-04 08:49:26
2024-09-04,09:04:26 pm,0,101.265,22.549,2024-09-04 09:04:26
2024-09-04,09:19:26 pm,0,101.286,22.479,2024-09-04 09:19:26
2024-09-04,09:34:26 pm,0,101.304,22.424,2024-09-04 09:34:26
2024-09-04,09:49:26 pm,0,101.322,22.408,2024-09-04 09:49:26
2024-09-04,10:04:26 pm,0,101.316,22.35,2024-09-04 10:04:26
2024-09-04,10:19:26 pm,0,101.317,22.302,2024-09-04 10:19:26
2024-09-04,10:34:26 pm,0,101.323,22.264,2024-09-04 10:34:26
2024-09-04,10:49:26 pm,0,101.315,22.23,2024-09-04 10:49:26
2024-09-04,11:04:26 pm,0,101.305,22.18,2024-09-04 11:04:26
2024-09-04,11:19:26 pm,0,101.318,22.126,2024-09-04 11:19:26
2024-09-04,11:34:26 pm,0,101.311,22.057,2024-09-04 11:34:26
2024-09-04,11:49:26 pm,0,101.299,22.019,2024-09-04 11:49:26
2024-09-05,12:04:26 am,0,101.295,21.937,2024-09-05 12:04:26
2024-09-05,12:19:26 am,0,101.298,21.837,2024-09-05 12:19:26
2024-09-05,12:34:26 am,0,101.286,21.74,2024-09-05 12:34:26
2024-09-05,12:49:26 am,0,101.276,21.658,2024-09-05 12:49:26
2024-09-05,01:04:26 am,0,101.267,21.575,2024-09-05 01:04:26
2024-09-05,01:19:26 am,0,101.253,21.501,2024-09-05 01:19:26
2024-09-05,01:34:26 am,0,101.239,21.421,2024-09-05 01:34:26
2024-09-05,01:49:26 am,0,101.231,21.353,2024-09-05 01:49:26
2024-09-05,02:04:26 am,0,101.45,21.374,2024-09-05 02:04:26
2024-09-05,02:19:26 am,0,101.454,21.344,2024-09-05 02:19:26
2024-09-05,02:34:26 am,0,101.452,21.318,2024-09-05 02:34:26
2024-09-05,02:49:26 am,0,101.451,21.303,2024-09-05 02:49:26
2024-09-05,03:04:26 am,0,101.466,21.333,2024-09-05 03:04:26
2024-09-05,03:19:26 am,0,101.454,21.336,2024-09-05 03:19:26
2024-09-05,03:34:26 am,0,101.463,21.307,2024-09-05 03:34:26
2024-09-05,03:49:26 am,0,101.457,21.303,2024-09-05 03:49:26
2024-09-05,04:04:26 am,0,101.468,21.274,2024-09-05 04:04:26
2024-09-05,04:19:26 am,0,101.477,21.27,2024-09-05 04:19:26
2024-09-05,04:34:26 am,0,101.487,21.247,2024-09-05 04:34:26
2024-09-05,04:49:26 am,0,101.479,21.278,2024-09-05 04:49:26
2024-09-05,05:04:26 am,0,101.463,21.261,2024-09-05 05:04:26
2024-09-05,05:19:26 am,0,101.466,21.225,2024-09-05 05:19:26
2024-09-05,05:34:26 am,0,101.489,21.194,2024-09-05 05:34:26
2024-09-05,05:49:26 am,0,101.509,21.204,2024-09-05 05:49:26
2024-09-05,06:04:26 am,0,101.521,21.202,2024-09-05 06:04:26
2024-09-05,06:19:26 am,0,101.549,21.207,2024-09-05 06:19:26
2024-09-05,06:34:26 am,0,101.541,21.218,2024-09-05 06:34:26
2024-09-05,06:49:26 am,0,101.547,21.244,2024-09-05 06:49:26
2024-09-05,07:04:26 am,0,101.565,21.257,2024-09-05 07:04:26
2024-09-05,07:19:26 am,0,101.582,21.282,2024-09-05 07:19:26
2024-09-05,07:34:26 am,0,101.6,21.341,2024-09-05 07:34:26
2024-09-05,07:49:26 am,0,101.591,21.39,2024-09-05 07:49:26
2024-09-05,08:04:26 am,0,101.599,21.454,2024-09-05 08:04:26
2024-09-05,08:19:26 am,0,101.608,21.537,2024-09-05 08:19:26
2024-09-05,08:34:26 am,0,101.602,21.642,2024-09-05 08:34:26
2024-09-05,08:49:26 am,0,101.596,21.714,2024-09-05 08:49:26
2024-09-05,09:04:26 am,0,101.591,21.781,2024-09-05 09:04:26
2024-09-05,09:19:26 am,0,101.592,21.875,2024-09-05 09:19:26
2024-09-05,09:34:26 am,0,101.582,21.981,2024-09-05 09:34:26
2024-09-05,09:49:26 am,0,101.59,22.081,2024-09-05 09:49:26
2024-09-05,10:04:26 am,0,101.576,22.179,2024-09-05 10:04:26
2024-09-05,10:19:26 am,0,101.565,22.286,2024-09-05 10:19:26
2024-09-05,10:34:26 am,0,101.564,22.423,2024-09-05 10:34:26
2024-09-05,10:49:26 am,0,101.573,22.55,2024-09-05 10:49:26
2024-09-05,11:04:26 am,0,101.551,22.713,2024-09-05 11:04:26
2024-09-05,11:19:26 am,0,101.55,22.929,2024-09-05 11:19:26
2024-09-05,11:34:26 am,0,101.534,23.047,2024-09-05 11:34:26
2024-09-05,11:49:26 am,0,101.5,23.113,2024-09-05 11:49:26
2024-09-05,12:04:26 pm,0,101.491,23.213,2024-09-05 12:04:26
2024-09-05,12:19:26 pm,0,101.48,23.29,2024-09-05 12:19:26
2024-09-05,12:34:26 pm,0,101.451,23.352,2024-09-05 12:34:26
2024-09-05,12:49:26 pm,0,101.431,23.415,2024-09-05 12:49:26
2024-09-05,01:04:26 pm,0,101.415,23.476,2024-09-05 01:04:26
2024-09-05,01:19:26 pm,0,101.399,23.54,2024-09-05 01:19:26
2024-09-05,01:34:26 pm,0,101.385,23.601,2024-09-05 01:34:26
2024-09-05,01:49:26 pm,0,101.37,23.61,2024-09-05 01:49:26
2024-09-05,02:04:26 pm,0,101.351,23.63,2024-09-05 02:04:26
2024-09-05,02:19:26 pm,0,101.329,23.649,2024-09-05 02:19:26
2024-09-05,02:34:26 pm,0,101.31,23.678,2024-09-05 02:34:26
2024-09-05,02:49:26 pm,0,101.317,23.715,2024-09-05 02:49:26
2024-09-05,03:04:26 pm,0,101.296,23.745,2024-09-05 03:04:26
2024-09-05,03:19:26 pm,0,101.271,23.766,2024-09-05 03:19:26
2024-09-05,03:34:26 pm,0,101.261,23.764,2024-09-05 03:34:26
2024-09-05,03:49:26 pm,0,101.251,23.761,2024-09-05 03:49:26
2024-09-05,04:04:26 pm,0,101.244,23.771,2024-09-05 04:04:26
2024-09-05,04:19:26 pm,0,101.243,23.776,2024-09-05 04:19:26
2024-09-05,04:34:26 pm,0,101.23,23.774,2024-09-05 04:34:26
2024-09-05,04:49:26 pm,0,101.22,23.763,2024-09-05 04:49:26
2024-09-05,05:04:26 pm,0,101.215,23.744,2024-09-05 05:04:26
2024-09-05,05:19:26 pm,0,101.194,23.726,2024-09-05 05:19:26
2024-09-05,05:34:26 pm,0,101.191,23.713,2024-09-05 05:34:26
2024-09-05,05:49:26 pm,0,101.187,23.702,2024-09-05 05:49:26
2024-09-05,06:04:26 pm,0,101.196,23.679,2024-09-05 06:04:26
2024-09-05,06:19:26 pm,0,101.199,23.653,2024-09-05 06:19:26
2024-09-05,06:34:26 pm,0,101.202,23.624,2024-09-05 06:34:26
2024-09-05,06:49:26 pm,0,101.207,23.595,2024-09-05 06:49:26
2024-09-05,07:04:26 pm,0,101.203,23.559,2024-09-05 07:04:26
2024-09-05,07:19:26 pm,0,101.214,23.525,2024-09-05 07:19:26
2024-09-05,07:34:26 pm,0,101.223,23.489,2024-09-05 07:34:26
2024-09-05,07:49:26 pm,0,101.232,23.457,2024-09-05 07:49:26
2024-09-05,08:04:26 pm,0,101.252,23.43,2024-09-05 08:04:26
2024-09-05,08:19:26 pm,0,101.265,23.402,2024-09-05 08:19:26
2024-09-05,08:34:26 pm,0,101.274,23.375,2024-09-05 08:34:26
2024-09-05,08:49:26 pm,0,101.277,23.344,2024-09-05 08:49:26
2024-09-05,09:04:26 pm,0,101.279,23.314,2024-09-05 09:04:26
2024-09-05,09:19:26 pm,0,101.283,23.278,2024-09-05 09:19:26
2024-09-05,09:34:26 pm,0,101.298,23.242,2024-09-05 09:34:26
2024-09-05,09:49:26 pm,0,101.301,23.207,2024-09-05 09:49:26
2024-09-05,10:04:26 pm,0,101.304,23.165,2024-09-05 10:04:26
2024-09-05,10:19:26 pm,0,101.296,23.12,2024-09-05 10:19:26
2024-09-05,10:34:26 pm,0,101.302,23.092,2024-09-05 10:34:26
2024-09-05,10:49:26 pm,0,101.302,23.066,2024-09-05 10:49:26
2024-09-05,11:04:26 pm,0,101.292,23.045,2024-09-05 11:04:26
2024-09-05,11:19:26 pm,0,101.294,23.026,2024-09-05 11:19:26
2024-09-05,11:34:26 pm,0,101.299,23.005,2024-09-05 11:34:26
2024-09-05,11:49:26 pm,0,101.298,22.99,2024-09-05 11:49:26
2024-09-06,12:04:26 am,0,101.283,22.971,2024-09-06 12:04:26
2024-09-06,12:19:26 am,0,101.269,22.937,2024-09-06 12:19:26
2024-09-06,12:34:26 am,0,101.263,22.896,2024-09-06 12:34:26
2024-09-06,12:49:26 am,0,101.252,22.842,2024-09-06 12:49:26
2024-09-06,01:04:26 am,0,101.244,22.825,2024-09-06 01:04:26
2024-09-06,01:19:26 am,0,101.225,22.786,2024-09-06 01:19:26
2024-09-06,01:34:26 am,0,101.202,22.743,2024-09-06 01:34:26
2024-09-06,01:49:26 am,0,101.182,22.692,2024-09-06 01:49:26
2024-09-06,02:04:26 am,0,101.181,22.642,2024-09-06 02:04:26
2024-09-06,02:19:26 am,0,101.166,22.628,2024-09-06 02:19:26
2024-09-06,02:34:26 am,0,101.162,22.61,2024-09-06 02:34:26
2024-09-06,02:49:26 am,0,101.151,22.584,2024-09-06 02:49:26
2024-09-06,03:04:26 am,0,101.146,22.543,2024-09-06 03:04:26
2024-09-06,03:19:26 am,0,101.128,22.512,2024-09-06 03:19:26
2024-09-06,03:34:26 am,0,101.126,22.474,2024-09-06 03:34:26
2024-09-06,03:49:26 am,0,101.125,22.434,2024-09-06 03:49:26
2024-09-06,04:04:26 am,0,101.133,22.372,2024-09-06 04:04:26
2024-09-06,04:19:26 am,0,101.124,22.299,2024-09-06 04:19:26
2024-09-06,04:34:26 am,0,101.119,22.24,2024-09-06 04:34:26
2024-09-06,04:49:26 am,0,101.125,22.163,2024-09-06 04:49:26
2024-09-06,05:04:26 am,0,101.132,22.08,2024-09-06 05:04:26
2024-09-06,05:19:26 am,0,101.142,22.047,2024-09-06 05:19:26
2024-09-06,05:34:26 am,0,101.153,22.008,2024-09-06 05:34:26
2024-09-06,05:49:26 am,0,101.166,21.996,2024-09-06 05:49:26
2024-09-06,06:04:26 am,0,101.179,21.975,2024-09-06 06:04:26
2024-09-06,06:19:26 am,0,101.193,21.928,2024-09-06 06:19:26
2024-09-06,06:34:26 am,0,101.211,21.868,2024-09-06 06:34:26
2024-09-06,06:49:26 am,0,101.218,21.756,2024-09-06 06:49:26
2024-09-06,07:04:26 am,0,101.226,21.714,2024-09-06 07:04:26
2024-09-06,07:19:26 am,0,101.225,21.697,2024-09-06 07:19:26
2024-09-06,07:34:26 am,0,101.218,21.683,2024-09-06 07:34:26
2024-09-06,07:49:26 am,0,101.212,21.687,2024-09-06 07:49:26
2024-09-06,08:04:26 am,0,101.207,21.689,2024-09-06 08:04:26
2024-09-06,08:19:26 am,0,101.211,21.689,2024-09-06 08:19:26
2024-09-06,08:34:26 am,0,101.223,21.677,2024-09-06 08:34:26
2024-09-06,08:49:26 am,0,101.219,21.651,2024-09-06 08:49:26
2024-09-06,09:04:26 am,0,101.224,21.637,2024-09-06 09:04:26
2024-09-06,09:19:26 am,0,101.23,21.607,2024-09-06 09:19:26
2024-09-06,09:34:26 am,0,101.236,21.645,2024-09-06 09:34:26
2024-09-06,09:49:26 am,0,101.245,21.663,2024-09-06 09:49:26
2024-09-06,10:04:26 am,0,101.263,21.688,2024-09-06 10:04:26
2024-09-06,10:19:26 am,0,101.273,21.721,2024-09-06 10:19:26
2024-09-06,10:34:26 am,0,101.266,21.787,2024-09-06 10:34:26
2024-09-06,10:49:26 am,0,101.257,21.823,2024-09-06 10:49:26
2024-09-06,11:04:26 am,0,101.257,21.845,2024-09-06 11:04:26
2024-09-06,11:19:26 am,0,101.249,21.888,2024-09-06 11:19:26
2024-09-06,11:34:26 am,0,101.233,21.943,2024-09-06 11:34:26
2024-09-06,11:49:26 am,0,101.22,22.013,2024-09-06 11:49:26
2024-09-06,12:04:26 pm,0,101.215,22.096,2024-09-06 12:04:26
2024-09-06,12:19:26 pm,0,101.2,22.199,2024-09-06 12:19:26
2024-09-06,12:34:26 pm,0,101.188,22.256,2024-09-06 12:34:26
2024-09-06,12:49:26 pm,0,101.175,22.345,2024-09-06 12:49:26
2024-09-06,01:04:26 pm,0,101.174,22.395,2024-09-06 01:04:26
2024-09-06,01:19:26 pm,0,101.168,22.465,2024-09-06 01:19:26
2024-09-06,01:34:26 pm,0,101.162,22.584,2024-09-06 01:34:26
2024-09-06,01:49:26 pm,0,101.152,22.604,2024-09-06 01:49:26
2024-09-06,02:04:26 pm,0,101.136,22.591,2024-09-06 02:04:26
2024-09-06,02:19:26 pm,0,101.12,22.624,2024-09-06 02:19:26
2024-09-06,02:34:26 pm,0,101.103,22.67,2024-09-06 02:34:26
2024-09-06,02:49:26 pm,0,101.087,22.721,2024-09-06 02:49:26
2024-09-06,03:04:26 pm,0,101.078,22.763,2024-09-06 03:04:26
2024-09-06,03:19:26 pm,0,101.073,22.806,2024-09-06 03:19:26
2024-09-06,03:34:26 pm,0,101.062,22.837,2024-09-06 03:34:26
2024-09-06,03:49:26 pm,0,101.059,22.867,2024-09-06 03:49:26
2024-09-06,04:04:26 pm,0,101.051,22.855,2024-09-06 04:04:26
2024-09-06,04:19:26 pm,0,101.044,22.843,2024-09-06 04:19:26
2024-09-06,04:34:26 pm,0,101.048,22.871,2024-09-06 04:34:26
2024-09-06,04:49:26 pm,0,101.041,22.856,2024-09-06 04:49:26
2024-09-06,05:04:26 pm,0,101.037,22.855,2024-09-06 05:04:26
2024-09-06,05:19:26 pm,0,101.017,22.843,2024-09-06 05:19:26
2024-09-06,05:34:26 pm,0,101.005,22.829,2024-09-06 05:34:26
2024-09-06,05:49:26 pm,0,100.997,22.822,2024-09-06 05:49:26
2024-09-06,06:04:26 pm,0,100.989,22.788,2024-09-06 06:04:26
2024-09-06,06:19:26 pm,0,100.976,22.774,2024-09-06 06:19:26
2024-09-06,06:34:26 pm,0,100.955,22.738,2024-09-06 06:34:26
2024-09-06,06:49:26 pm,0,100.945,22.671,2024-09-06 06:49:26
2024-09-06,07:04:26 pm,0,100.949,22.595,2024-09-06 07:04:26
2024-09-06,07:19:26 pm,0,100.951,22.534,2024-09-06 07:19:26
2024-09-06,07:34:26 pm,0,100.958,22.443,2024-09-06 07:34:26
2024-09-06,07:49:26 pm,0,100.98,22.345,2024-09-06 07:49:26
2024-09-06,08:04:26 pm,0,100.991,22.285,2024-09-06 08:04:26
2024-09-06,08:19:26 pm,0,100.973,22.234,2024-09-06 08:19:26
2024-09-06,08:34:26 pm,0,100.96,22.218,2024-09-06 08:34:26
2024-09-06,08:49:26 pm,0,100.98,22.148,2024-09-06 08:49:26
2024-09-06,09:04:26 pm,0,100.995,22.084,2024-09-06 09:04:26
2024-09-06,09:19:26 pm,0,100.969,22.081,2024-09-06 09:19:26
2024-09-06,09:34:26 pm,0,100.97,22.055,2024-09-06 09:34:26
2024-09-06,09:49:26 pm,0,100.959,22.02,2024-09-06 09:49:26
2024-09-06,10:04:26 pm,0,100.984,21.991,2024-09-06 10:04:26
2024-09-06,10:19:26 pm,0,100.985,21.959,2024-09-06 10:19:26
2024-09-06,10:34:26 pm,0,100.983,21.956,2024-09-06 10:34:26
2024-09-06,10:49:26 pm,0,100.992,21.929,2024-09-06 10:49:26
2024-09-06,11:04:26 pm,0,100.988,21.899,2024-09-06 11:04:26
2024-09-06,11:19:26 pm,0,100.998,21.849,2024-09-06 11:19:26
2024-09-06,11:34:26 pm,0,100.991,21.826,2024-09-06 11:34:26
2024-09-06,11:49:26 pm,0,100.981,21.804,2024-09-06 11:49:26
2024-09-07,12:04:26 am,0,100.993,21.775,2024-09-07 12:04:26
2024-09-07,12:19:26 am,0,101.022,21.735,2024-09-07 12:19:26
2024-09-07,12:34:26 am,0,101.003,21.735,2024-09-07 12:34:26
2024-09-07,12:49:26 am,0,100.999,21.724,2024-09-07 12:49:26
2024-09-07,01:04:26 am,0,100.972,21.711,2024-09-07 01:04:26
2024-09-07,01:19:26 am,0,100.992,21.665,2024-09-07 01:19:26
2024-09-07,01:34:26 am,0,100.968,21.666,2024-09-07 01:34:26
2024-09-07,01:49:26 am,0,100.932,21.655,2024-09-07 01:49:26
2024-09-07,02:04:26 am,0,100.921,21.624,2024-09-07 02:04:26
2024-09-07,02:19:26 am,0,100.917,21.584,2024-09-07 02:19:26
2024-09-07,02:34:26 am,0,100.904,21.524,2024-09-07 02:34:26
2024-09-07,02:49:26 am,0,100.896,21.432,2024-09-07 02:49:26
2024-09-07,03:04:26 am,0,100.888,21.377,2024-09-07 03:04:26
2024-09-07,03:19:26 am,0,100.866,21.377,2024-09-07 03:19:26
2024-09-07,03:34:26 am,0,100.853,21.339,2024-09-07 03:34:26
2024-09-07,03:49:26 am,0,100.857,21.264,2024-09-07 03:49:26
2024-09-07,04:04:26 am,0,100.861,21.242,2024-09-07 04:04:26
2024-09-07,04:19:26 am,0,100.868,21.202,2024-09-07 04:19:26
2024-09-07,04:34:26 am,0,100.886,21.165,2024-09-07 04:34:26
2024-09-07,04:49:26 am,0,100.869,21.141,2024-09-07 04:49:26
2024-09-07,05:04:26 am,0,100.86,21.082,2024-09-07 05:04:26
2024-09-07,05:19:26 am,0,100.85,21.045,2024-09-07 05:19:26
2024-09-07,05:34:26 am,0,100.85,21.001,2024-09-07 05:34:26
2024-09-07,05:49:26 am,0,100.869,20.966,2024-09-07 05:49:26
2024-09-07,06:04:26 am,0,100.869,20.981,2024-09-07 06:04:26
2024-09-07,06:19:26 am,0,100.864,20.974,2024-09-07 06:19:26
2024-09-07,06:34:26 am,0,100.874,20.929,2024-09-07 06:34:26
2024-09-07,06:49:26 am,0,100.868,20.866,2024-09-07 06:49:26
2024-09-07,07:04:26 am,0,100.871,20.85,2024-09-07 07:04:26
2024-09-07,07:19:26 am,0,100.878,20.839,2024-09-07 07:19:26
2024-09-07,07:34:26 am,0,100.88,20.857,2024-09-07 07:34:26
2024-09-07,07:49:26 am,0,100.889,20.836,2024-09-07 07:49:26
2024-09-07,08:04:26 am,0,100.906,20.858,2024-09-07 08:04:26
2024-09-07,08:19:26 am,0,100.922,20.873,2024-09-07 08:19:26
2024-09-07,08:34:26 am,0,100.927,20.925,2024-09-07 08:34:26
2024-09-07,08:49:26 am,0,100.933,21.014,2024-09-07 08:49:26
2024-09-07,09:04:26 am,0,100.949,21.163,2024-09-07 09:04:26
2024-09-07,09:19:26 am,0,100.963,21.282,2024-09-07 09:19:26
2024-09-07,09:34:26 am,0,100.955,21.402,2024-09-07 09:34:26
2024-09-07,09:49:26 am,0,100.968,21.562,2024-09-07 09:49:26
2024-09-07,10:04:26 am,0,100.978,21.732,2024-09-07 10:04:26
2024-09-07,10:19:26 am,0,100.991,21.815,2024-09-07 10:19:26
2024-09-07,10:34:26 am,0,100.993,21.909,2024-09-07 10:34:26
2024-09-07,10:49:26 am,0,101.004,21.993,2024-09-07 10:49:26
2024-09-07,11:04:26 am,0,101.003,22.244,2024-09-07 11:04:26
2024-09-07,11:19:26 am,0,100.991,22.296,2024-09-07 11:19:26
2024-09-07,11:34:26 am,0,101.004,22.311,2024-09-07 11:34:26
2024-09-07,11:49:26 am,0,101.008,22.236,2024-09-07 11:49:26
2024-09-07,12:04:26 pm,0,100.996,22.282,2024-09-07 12:04:26
2024-09-07,12:19:26 pm,0,100.978,22.373,2024-09-07 12:19:26
2024-09-07,12:34:26 pm,0,100.961,22.407,2024-09-07 12:34:26
2024-09-07,12:49:26 pm,0,100.948,22.496,2024-09-07 12:49:26
2024-09-07,01:04:26 pm,0,100.918,22.697,2024-09-07 01:04:26
2024-09-07,01:19:26 pm,0,100.907,22.872,2024-09-07 01:19:26
2024-09-07,01:34:26 pm,0,100.875,23.081,2024-09-07 01:34:26
2024-09-07,01:49:26 pm,0,100.874,23.088,2024-09-07 01:49:26
2024-09-07,02:04:26 pm,0,100.86,23.215,2024-09-07 02:04:26
2024-09-07,02:19:26 pm,0,100.86,23.422,2024-09-07 02:19:26
2024-09-07,02:34:26 pm,0,100.843,23.407,2024-09-07 02:34:26
2024-09-07,02:49:26 pm,0,100.83,23.483,2024-09-07 02:49:26
2024-09-07,03:04:26 pm,0,100.808,23.482,2024-09-07 03:04:26
2024-09-07,03:19:26 pm,0,100.795,23.553,2024-09-07 03:19:26
2024-09-07,03:34:26 pm,0,100.779,23.579,2024-09-07 03:34:26
2024-09-07,03:49:26 pm,0,100.769,23.571,2024-09-07 03:49:26
2024-09-07,04:04:26 pm,0,100.761,23.456,2024-09-07 04:04:26
2024-09-07,04:19:26 pm,0,100.756,23.426,2024-09-07 04:19:26
2024-09-07,04:34:26 pm,0,100.741,23.444,2024-09-07 04:34:26
2024-09-07,04:49:26 pm,0,100.745,23.481,2024-09-07 04:49:26
2024-09-07,05:04:26 pm,0,100.745,23.458,2024-09-07 05:04:26
2024-09-07,05:19:26 pm,0,100.74,23.444,2024-09-07 05:19:26
2024-09-07,05:34:26 pm,0,100.743,23.397,2024-09-07 05:34:26
2024-09-07,05:49:26 pm,0,100.732,23.358,2024-09-07 05:49:26
2024-09-07,06:04:26 pm,0,100.736,23.32,2024-09-07 06:04:26
2024-09-07,06:19:26 pm,0,100.727,23.241,2024-09-07 06:19:26
2024-09-07,06:34:26 pm,0,100.719,23.138,2024-09-07 06:34:26
2024-09-07,06:49:26 pm,0,100.728,23.044,2024-09-07 06:49:26
2024-09-07,07:04:26 pm,0,100.745,22.901,2024-09-07 07:04:26
2024-09-07,07:19:26 pm,0,100.743,22.67,2024-09-07 07:19:26
2024-09-07,07:34:26 pm,0,100.751,22.562,2024-09-07 07:34:26
2024-09-07,07:49:26 pm,0,100.753,22.41,2024-09-07 07:49:26
2024-09-07,08:04:26 pm,0,100.774,22.261,2024-09-07 08:04:26
2024-09-07,08:19:26 pm,0,100.809,22.063,2024-09-07 08:19:26
2024-09-07,08:34:26 pm,0,100.832,21.936,2024-09-07 08:34:26
2024-09-07,08:49:26 pm,0,100.837,21.739,2024-09-07 08:49:26
2024-09-07,09:04:26 pm,0,100.839,21.615,2024-09-07 09:04:26
2024-09-07,09:19:26 pm,0,100.854,21.509,2024-09-07 09:19:26
2024-09-07,09:34:26 pm,0,100.872,21.336,2024-09-07 09:34:26
2024-09-07,09:49:26 pm,0,100.889,21.136,2024-09-07 09:49:26
2024-09-07,10:04:26 pm,0,100.91,20.912,2024-09-07 10:04:26
2024-09-07,10:19:26 pm,0,100.927,20.689,2024-09-07 10:19:26
2024-09-07,10:34:26 pm,0,100.943,20.503,2024-09-07 10:34:26
2024-09-07,10:49:26 pm,0,100.947,20.353,2024-09-07 10:49:26
2024-09-07,11:04:26 pm,0,100.953,20.208,2024-09-07 11:04:26
2024-09-07,11:19:26 pm,0,100.962,20.091,2024-09-07 11:19:26
2024-09-07,11:34:26 pm,0,100.963,19.951,2024-09-07 11:34:26
2024-09-07,11:49:26 pm,0,100.971,19.788,2024-09-07 11:49:26
2024-09-08,12:04:26 am,0,100.97,19.652,2024-09-08 12:04:26
2024-09-08,12:19:26 am,0,100.977,19.494,2024-09-08 12:19:26
2024-09-08,12:34:26 am,0,100.983,19.324,2024-09-08 12:34:26
2024-09-08,12:49:26 am,0,100.981,19.191,2024-09-08 12:49:26
2024-09-08,01:04:26 am,0,100.973,19.035,2024-09-08 01:04:26
2024-09-08,01:19:26 am,0,100.968,18.919,2024-09-08 01:19:26
2024-09-08,01:34:26 am,0,100.963,18.84,2024-09-08 01:34:26
2024-09-08,01:49:26 am,0,100.973,18.843,2024-09-08 01:49:26
2024-09-08,02:04:26 am,0,100.98,18.67,2024-09-08 02:04:26
2024-09-08,02:19:26 am,0,100.984,18.534,2024-09-08 02:19:26
2024-09-08,02:34:26 am,0,100.981,18.429,2024-09-08 02:34:26
2024-09-08,02:49:26 am,0,100.992,18.315,2024-09-08 02:49:26
2024-09-08,03:04:26 am,0,101.003,18.242,2024-09-08 03:04:26
2024-09-08,03:19:26 am,0,100.999,18.158,2024-09-08 03:19:26
2024-09-08,03:34:26 am,0,101.002,18.024,2024-09-08 03:34:26
2024-09-08,03:49:26 am,0,100.995,17.869,2024-09-08 03:49:26
2024-09-08,04:04:26 am,0,100.986,17.757,2024-09-08 04:04:26
2024-09-08,04:19:26 am,0,100.985,17.622,2024-09-08 04:19:26
2024-09-08,04:34:26 am,0,100.99,17.493,2024-09-08 04:34:26
2024-09-08,04:49:26 am,0,100.997,17.384,2024-09-08 04:49:26
2024-09-08,05:04:26 am,0,101.002,17.251,2024-09-08 05:04:26
2024-09-08,05:19:26 am,0,101.004,17.089,2024-09-08 05:19:26
2024-09-08,05:34:26 am,0,101.018,17.024,2024-09-08 05:34:26
2024-09-08,05:49:26 am,0,101.029,16.906,2024-09-08 05:49:26
2024-09-08,06:04:26 am,0,101.039,16.795,2024-09-08 06:04:26
2024-09-08,06:19:26 am,0,101.047,16.674,2024-09-08 06:19:26
2024-09-08,06:34:26 am,0,101.057,16.642,2024-09-08 06:34:26
2024-09-08,06:49:26 am,0,101.072,16.596,2024-09-08 06:49:26
2024-09-08,07:04:26 am,0,101.092,16.578,2024-09-08 07:04:26
2024-09-08,07:19:26 am,0,101.116,16.595,2024-09-08 07:19:26
2024-09-08,07:34:26 am,0,101.132,16.651,2024-09-08 07:34:26
2024-09-08,07:49:26 am,0,101.15,16.706,2024-09-08 07:49:26
2024-09-08,08:04:26 am,0,101.164,16.844,2024-09-08 08:04:26
2024-09-08,08:19:26 am,0,101.173,16.99,2024-09-08 08:19:26
2024-09-08,08:34:26 am,0,101.178,17.166,2024-09-08 08:34:26
2024-09-08,08:49:26 am,0,101.19,17.255,2024-09-08 08:49:26
2024-09-08,09:04:26 am,0,101.205,17.403,2024-09-08 09:04:26
2024-09-08,09:19:26 am,0,101.214,17.627,2024-09-08 09:19:26
2024-09-08,09:34:26 am,0,101.223,17.856,2024-09-08 09:34:26
2024-09-08,09:49:26 am,0,101.225,18.074,2024-09-08 09:49:26
2024-09-08,10:04:26 am,0,101.218,18.275,2024-09-08 10:04:26
2024-09-08,10:19:26 am,0,101.217,18.508,2024-09-08 10:19:26
2024-09-08,10:34:26 am,0,101.224,18.781,2024-09-08 10:34:26
2024-09-08,10:49:26 am,0,101.223,19.02,2024-09-08 10:49:26
2024-09-08,11:04:26 am,0,101.226,19.256,2024-09-08 11:04:26
2024-09-08,11:19:26 am,0,101.217,19.397,2024-09-08 11:19:26
2024-09-08,11:34:26 am,0,101.194,19.616,2024-09-08 11:34:26
2024-09-08,11:49:26 am,0,101.184,19.88,2024-09-08 11:49:26
2024-09-08,12:04:26 pm,0,101.186,20.133,2024-09-08 12:04:26
2024-09-08,12:19:26 pm,0,101.17,20.267,2024-09-08 12:19:26
2024-09-08,12:34:26 pm,0,101.153,20.502,2024-09-08 12:34:26
2024-09-08,12:49:26 pm,0,101.132,20.676,2024-09-08 12:49:26
2024-09-08,01:04:26 pm,0,101.115,20.795,2024-09-08 01:04:26
2024-09-08,01:19:26 pm,0,101.09,20.989,2024-09-08 01:19:26
2024-09-08,01:34:26 pm,0,101.081,21.182,2024-09-08 01:34:26
2024-09-08,01:49:26 pm,0,101.079,21.475,2024-09-08 01:49:26
2024-09-08,02:04:26 pm,0,101.052,21.543,2024-09-08 02:04:26
2024-09-08,02:19:26 pm,0,101.025,21.732,2024-09-08 02:19:26
2024-09-08,02:34:26 pm,0,100.998,21.784,2024-09-08 02:34:26
2024-09-08,02:49:26 pm,0,100.979,21.857,2024-09-08 02:49:26
2024-09-08,03:04:26 pm,0,100.962,21.913,2024-09-08 03:04:26
2024-09-08,03:19:26 pm,0,100.941,22.034,2024-09-08 03:19:26
2024-09-08,03:34:26 pm,0,100.936,22.079,2024-09-08 03:34:26
2024-09-08,03:49:26 pm,0,100.924,22.034,2024-09-08 03:49:26
2024-09-08,04:04:26 pm,0,100.914,22.039,2024-09-08 04:04:26
2024-09-08,04:19:26 pm,0,100.906,22.023,2024-09-08 04:19:26
2024-09-08,04:34:26 pm,0,100.903,22.011,2024-09-08 04:34:26
2024-09-08,04:49:26 pm,0,100.893,22.046,2024-09-08 04:49:26
2024-09-08,05:04:26 pm,0,100.89,21.939,2024-09-08 05:04:26
2024-09-08,05:19:26 pm,0,100.885,21.997,2024-09-08 05:19:26
2024-09-08,05:34:26 pm,0,100.877,21.905,2024-09-08 05:34:26
2024-09-08,05:49:26 pm,0,100.878,21.809,2024-09-08 05:49:26
2024-09-08,06:04:26 pm,0,100.87,21.673,2024-09-08 06:04:26
2024-09-08,06:19:26 pm,0,100.866,21.509,2024-09-08 06:19:26
2024-09-08,06:34:26 pm,0,100.861,21.4,2024-09-08 06:34:26
2024-09-08,06:49:26 pm,0,100.871,21.325,2024-09-08 06:49:26
2024-09-08,07:04:26 pm,0,100.882,21.125,2024-09-08 07:04:26
2024-09-08,07:19:26 pm,0,100.888,20.687,2024-09-08 07:19:26
2024-09-08,07:34:26 pm,0,100.893,20.28,2024-09-08 07:34:26
2024-09-08,07:49:26 pm,0,100.899,19.96,2024-09-08 07:49:26
2024-09-08,08:04:26 pm,0,100.911,19.719,2024-09-08 08:04:26
2024-09-08,08:19:26 pm,0,100.927,19.51,2024-09-08 08:19:26
2024-09-08,08:34:26 pm,0,100.938,19.239,2024-09-08 08:34:26
2024-09-08,08:49:26 pm,0,100.952,19.002,2024-09-08 08:49:26
2024-09-08,09:04:26 pm,0,100.915,18.677,2024-09-08 09:04:26
2024-09-08,09:19:26 pm,0,100.915,18.455,2024-09-08 09:19:26
2024-09-08,09:34:26 pm,0,100.92,18.201,2024-09-08 09:34:26
2024-09-08,09:49:26 pm,0,100.93,18.119,2024-09-08 09:49:26
2024-09-08,10:04:26 pm,0,100.926,18.014,2024-09-08 10:04:26
2024-09-08,10:19:26 pm,0,100.924,17.868,2024-09-08 10:19:26
2024-09-08,10:34:26 pm,0,100.925,17.668,2024-09-08 10:34:26
2024-09-08,10:49:26 pm,0,100.914,17.466,2024-09-08 10:49:26
2024-09-08,11:04:26 pm,0,100.92,17.447,2024-09-08 11:04:26
2024-09-08,11:19:26 pm,0,100.912,17.326,2024-09-08 11:19:26
2024-09-08,11:34:26 pm,0,100.916,17.285,2024-09-08 11:34:26
2024-09-08,11:49:26 pm,0,100.912,17.138,2024-09-08 11:49:26
2024-09-09,12:04:26 am,0,100.915,16.982,2024-09-09 12:04:26
2024-09-09,12:19:26 am,0,100.915,16.857,2024-09-09 12:19:26
2024-09-09,12:34:26 am,0,100.917,16.668,2024-09-09 12:34:26
2024-09-09,12:49:26 am,0,101.083,16.925,2024-09-09 12:49:26
2024-09-09,01:04:26 am,0,101.091,17.109,2024-09-09 01:04:26
2024-09-09,01:19:26 am,0,101.1,17.077,2024-09-09 01:19:26
2024-09-09,01:34:26 am,0,101.101,17.039,2024-09-09 01:34:26
2024-09-09,01:49:26 am,0,101.106,17.025,2024-09-09 01:49:26
2024-09-09,02:04:26 am,0,101.122,17.012,2024-09-09 02:04:26
2024-09-09,02:19:26 am,0,101.123,16.998,2024-09-09 02:19:26
2024-09-09,02:34:26 am,0,101.129,16.956,2024-09-09 02:34:26
2024-09-09,02:49:26 am,0,101.13,16.911,2024-09-09 02:49:26
2024-09-09,03:04:26 am,0,101.132,16.861,2024-09-09 03:04:26
2024-09-09,03:19:26 am,0,101.128,16.857,2024-09-09 03:19:26
2024-09-09,03:34:26 am,0,101.139,16.849,2024-09-09 03:34:26
2024-09-09,03:49:26 am,0,101.152,16.827,2024-09-09 03:49:26
2024-09-09,04:04:26 am,0,101.159,16.788,2024-09-09 04:04:26
2024-09-09,04:19:26 am,0,101.164,16.79,2024-09-09 04:19:26
2024-09-09,04:34:26 am,0,101.159,16.775,2024-09-09 04:34:26
2024-09-09,04:49:26 am,0,101.165,16.754,2024-09-09 04:49:26
2024-09-09,05:04:26 am,0,101.171,16.704,2024-09-09 05:04:26
2024-09-09,05:19:26 am,0,101.186,16.661,2024-09-09 05:19:26
2024-09-09,05:34:26 am,0,101.191,16.585,2024-09-09 05:34:26
2024-09-09,05:49:26 am,0,101.213,16.585,2024-09-09 05:49:26
2024-09-09,06:04:26 am,0,101.229,16.537,2024-09-09 06:04:26
2024-09-09,06:19:26 am,0,101.245,16.484,2024-09-09 06:19:26
2024-09-09,06:34:26 am,0,101.261,16.444,2024-09-09 06:34:26
2024-09-09,06:49:26 am,0,101.278,16.43,2024-09-09 06:49:26
2024-09-09,07:04:26 am,0,101.292,16.429,2024-09-09 07:04:26
2024-09-09,07:19:26 am,0,101.31,16.432,2024-09-09 07:19:26
2024-09-09,07:34:26 am,0,101.332,16.51,2024-09-09 07:34:26
2024-09-09,07:49:26 am,0,101.349,16.652,2024-09-09 07:49:26
2024-09-09,08:04:26 am,0,101.351,16.793,2024-09-09 08:04:26
2024-09-09,08:19:26 am,0,101.356,16.975,2024-09-09 08:19:26
2024-09-09,08:34:26 am,0,101.357,17.152,2024-09-09 08:34:26
2024-09-09,08:49:26 am,0,101.363,17.372,2024-09-09 08:49:26
2024-09-09,09:04:26 am,0,101.367,17.644,2024-09-09 09:04:26
2024-09-09,09:19:26 am,0,101.392,18.019,2024-09-09 09:19:26
2024-09-09,09:34:26 am,0,101.405,18.445,2024-09-09 09:34:26
2024-09-09,09:49:26 am,0,101.422,18.859,2024-09-09 09:49:26
2024-09-09,10:04:26 am,0,101.433,19.163,2024-09-09 10:04:26
2024-09-09,10:19:26 am,0,101.43,19.456,2024-09-09 10:19:26
2024-09-09,10:34:26 am,0,101.423,19.737,2024-09-09 10:34:26
2024-09-09,10:49:26 am,0,101.426,20.049,2024-09-09 10:49:26
2024-09-09,11:04:26 am,0,101.404,20.308,2024-09-09 11:04:26
2024-09-09,11:19:26 am,0,101.411,20.543,2024-09-09 11:19:26
2024-09-09,11:34:26 am,0,101.402,20.603,2024-09-09 11:34:26
2024-09-09,11:49:26 am,0,101.38,20.906,2024-09-09 11:49:26
2024-09-09,12:04:26 pm,0,101.368,21.168,2024-09-09 12:04:26
2024-09-09,12:19:26 pm,0,101.357,21.458,2024-09-09 12:19:26
2024-09-09,12:34:26 pm,0,101.332,21.61,2024-09-09 12:34:26
2024-09-09,12:49:26 pm,0,101.32,21.886,2024-09-09 12:49:26
2024-09-09,01:04:26 pm,0,101.295,21.769,2024-09-09 01:04:26
2024-09-09,01:19:26 pm,0,101.276,21.702,2024-09-09 01:19:26
2024-09-09,01:34:26 pm,0,101.252,21.703,2024-09-09 01:34:26
2024-09-09,01:49:26 pm,0,101.233,22.263,2024-09-09 01:49:26
2024-09-09,02:04:26 pm,0,101.225,22.435,2024-09-09 02:04:26
2024-09-09,02:19:26 pm,0,101.209,22.69,2024-09-09 02:19:26
2024-09-09,02:34:26 pm,0,101.18,22.861,2024-09-09 02:34:26
2024-09-09,02:49:26 pm,0,101.171,22.999,2024-09-09 02:49:26
2024-09-09,03:04:26 pm,0,101.152,23.12,2024-09-09 03:04:26
2024-09-09,03:19:26 pm,0,101.142,23.224,2024-09-09 03:19:26
2024-09-09,03:34:26 pm,0,101.12,23.28,2024-09-09 03:34:26
2024-09-09,03:49:26 pm,0,101.107,23.318,2024-09-09 03:49:26
2024-09-09,04:04:26 pm,0,101.112,23.237,2024-09-09 04:04:26
2024-09-09,04:19:26 pm,0,101.105,23.075,2024-09-09 04:19:26
2024-09-09,04:34:26 pm,0,101.096,22.935,2024-09-09 04:34:26
2024-09-09,04:49:26 pm,0,101.086,22.806,2024-09-09 04:49:26
2024-09-09,05:04:26 pm,0,101.074,22.743,2024-09-09 05:04:26
2024-09-09,05:19:26 pm,0,101.064,22.772,2024-09-09 05:19:26
2024-09-09,05:34:26 pm,0,101.062,22.791,2024-09-09 05:34:26
2024-09-09,05:49:26 pm,0,101.059,22.759,2024-09-09 05:49:26
2024-09-09,06:04:26 pm,0,101.06,22.717,2024-09-09 06:04:26
2024-09-09,06:19:26 pm,0,101.063,22.641,2024-09-09 06:19:26
2024-09-09,06:34:26 pm,0,101.06,22.542,2024-09-09 06:34:26
2024-09-09,06:49:26 pm,0,101.062,22.444,2024-09-09 06:49:26
2024-09-09,07:04:26 pm,0,101.064,22.349,2024-09-09 07:04:26
2024-09-09,07:19:26 pm,0,101.057,22.248,2024-09-09 07:19:26
2024-09-09,07:34:26 pm,0,101.063,22.135,2024-09-09 07:34:26
2024-09-09,07:49:26 pm,0,101.071,22.001,2024-09-09 07:49:26
2024-09-09,08:04:26 pm,0,101.076,21.826,2024-09-09 08:04:26
2024-09-09,08:19:26 pm,0,101.089,21.677,2024-09-09 08:19:26
2024-09-09,08:34:26 pm,0,101.111,21.505,2024-09-09 08:34:26
2024-09-09,08:49:26 pm,0,101.126,21.343,2024-09-09 08:49:26
2024-09-09,09:04:26 pm,0,101.142,21.196,2024-09-09 09:04:26
2024-09-09,09:19:26 pm,0,101.152,21.06,2024-09-09 09:19:26
2024-09-09,09:34:26 pm,0,101.146,20.938,2024-09-09 09:34:26
2024-09-09,09:49:26 pm,0,101.162,20.78,2024-09-09 09:49:26
2024-09-09,10:04:26 pm,0,101.16,20.654,2024-09-09 10:04:26
2024-09-09,10:19:26 pm,0,101.165,20.574,2024-09-09 10:19:26
2024-09-09,10:34:26 pm,0,101.164,20.481,2024-09-09 10:34:26
2024-09-09,10:49:26 pm,0,101.189,20.402,2024-09-09 10:49:26
2024-09-09,11:04:26 pm,0,101.211,20.347,2024-09-09 11:04:26
2024-09-09,11:19:26 pm,0,101.213,20.283,2024-09-09 11:19:26
2024-09-09,11:34:26 pm,0,101.214,20.204,2024-09-09 11:34:26
2024-09-09,11:49:26 pm,0,101.219,20.156,2024-09-09 11:49:26
2024-09-10,12:04:26 am,0,101.214,20.078,2024-09-10 12:04:26
2024-09-10,12:19:26 am,0,101.206,20.027,2024-09-10 12:19:26
2024-09-10,12:34:26 am,0,101.203,19.963,2024-09-10 12:34:26
2024-09-10,12:49:26 am,0,101.209,19.904,2024-09-10 12:49:26
2024-09-10,01:04:26 am,0,101.201,19.85,2024-09-10 01:04:26
2024-09-10,01:19:26 am,0,101.186,19.793,2024-09-10 01:19:26
2024-09-10,01:34:26 am,0,101.184,19.745,2024-09-10 01:34:26
2024-09-10,01:49:26 am,0,101.18,19.674,2024-09-10 01:49:26
2024-09-10,02:04:26 am,0,101.182,19.594,2024-09-10 02:04:26
2024-09-10,02:19:26 am,0,101.181,19.518,2024-09-10 02:19:26
2024-09-10,02:34:26 am,0,101.179,19.446,2024-09-10 02:34:26
2024-09-10,02:49:26 am,0,101.166,19.378,2024-09-10 02:49:26
2024-09-10,03:04:26 am,0,101.153,19.296,2024-09-10 03:04:26
2024-09-10,03:19:26 am,0,101.158,19.232,2024-09-10 03:19:26
2024-09-10,03:34:26 am,0,101.164,19.157,2024-09-10 03:34:26
2024-09-10,03:49:26 am,0,101.156,19.073,2024-09-10 03:49:26
2024-09-10,04:04:26 am,0,101.17,18.999,2024-09-10 04:04:26
2024-09-10,04:19:26 am,0,101.174,18.898,2024-09-10 04:19:26
2024-09-10,04:34:26 am,0,101.179,18.821,2024-09-10 04:34:26
2024-09-10,04:49:26 am,0,101.187,18.738,2024-09-10 04:49:26
2024-09-10,05:04:26 am,0,101.201,18.685,2024-09-10 05:04:26
2024-09-10,05:19:26 am,0,101.209,18.627,2024-09-10 05:19:26
2024-09-10,05:34:26 am,0,101.224,18.57,2024-09-10 05:34:26
2024-09-10,05:49:26 am,0,101.225,18.526,2024-09-10 05:49:26
2024-09-10,06:04:26 am,0,101.234,18.455,2024-09-10 06:04:26
2024-09-10,06:19:26 am,0,101.259,18.385,2024-09-10 06:19:26
2024-09-10,06:34:26 am,0,101.28,18.323,2024-09-10 06:34:26
2024-09-10,06:49:26 am,0,101.299,18.271,2024-09-10 06:49:26
2024-09-10,07:04:26 am,0,101.315,18.227,2024-09-10 07:04:26
2024-09-10,07:19:26 am,0,101.323,18.211,2024-09-10 07:19:26
2024-09-10,07:34:26 am,0,101.337,18.234,2024-09-10 07:34:26
2024-09-10,07:49:26 am,0,101.346,18.308,2024-09-10 07:49:26
2024-09-10,08:04:26 am,0,101.349,18.39,2024-09-10 08:04:26
2024-09-10,08:19:26 am,0,101.354,18.522,2024-09-10 08:19:26
2024-09-10,08:34:26 am,0,101.366,18.694,2024-09-10 08:34:26
2024-09-10,08:49:26 am,0,101.374,18.892,2024-09-10 08:49:26
2024-09-10,09:04:26 am,0,101.379,19.132,2024-09-10 09:04:26
2024-09-10,09:19:26 am,0,101.401,19.429,2024-09-10 09:19:26
2024-09-10,09:34:26 am,0,101.408,19.758,2024-09-10 09:34:26
2024-09-10,09:49:26 am,0,101.422,20.086,2024-09-10 09:49:26
2024-09-10,10:04:26 am,0,101.395,20.373,2024-09-10 10:04:26
2024-09-10,10:19:26 am,0,101.384,20.65,2024-09-10 10:19:26
2024-09-10,10:34:26 am,0,101.379,20.905,2024-09-10 10:34:26
2024-09-10,10:49:26 am,0,101.381,21.19,2024-09-10 10:49:26
2024-09-10,11:04:26 am,0,101.357,21.403,2024-09-10 11:04:26
2024-09-10,11:19:26 am,0,101.345,21.575,2024-09-10 11:19:26
2024-09-10,11:34:26 am,0,101.338,21.665,2024-09-10 11:34:26
2024-09-10,11:49:26 am,0,101.324,21.815,2024-09-10 11:49:26
2024-09-10,12:04:26 pm,0,101.302,21.991,2024-09-10 12:04:26
2024-09-10,12:19:26 pm,0,101.27,22.093,2024-09-10 12:19:26
2024-09-10,12:34:26 pm,0,101.251,22.263,2024-09-10 12:34:26
2024-09-10,12:49:26 pm,0,101.232,22.401,2024-09-10 12:49:26
2024-09-10,01:04:26 pm,0,101.197,22.37,2024-09-10 01:04:26
2024-09-10,01:19:26 pm,0,101.178,22.377,2024-09-10 01:19:26
2024-09-10,01:34:26 pm,0,101.155,22.473,2024-09-10 01:34:26
2024-09-10,01:49:26 pm,0,101.14,22.562,2024-09-10 01:49:26
2024-09-10,02:04:26 pm,0,101.114,22.788,2024-09-10 02:04:26
2024-09-10,02:19:26 pm,0,101.092,22.972,2024-09-10 02:19:26
2024-09-10,02:34:26 pm,0,101.08,23.053,2024-09-10 02:34:26
2024-09-10,02:49:26 pm,0,101.063,23.033,2024-09-10 02:49:26
2024-09-10,03:04:26 pm,0,101.026,23.023,2024-09-10 03:04:26
2024-09-10,03:19:26 pm,0,101.021,23.045,2024-09-10 03:19:26
2024-09-10,03:34:26 pm,0,101.026,23.008,2024-09-10 03:34:26
2024-09-10,03:49:26 pm,0,101.011,22.991,2024-09-10 03:49:26
2024-09-10,04:04:26 pm,0,101.019,22.958,2024-09-10 04:04:26
2024-09-10,04:19:26 pm,0,101.027,22.929,2024-09-10 04:19:26
2024-09-10,04:34:26 pm,0,101.022,22.895,2024-09-10 04:34:26
2024-09-10,04:49:26 pm,0,101.016,22.878,2024-09-10 04:49:26
2024-09-10,05:04:26 pm,0,101,22.862,2024-09-10 05:04:26
2024-09-10,05:19:26 pm,0,100.993,22.828,2024-09-10 05:19:26
2024-09-10,05:34:26 pm,0,100.987,22.783,2024-09-10 05:34:26
2024-09-10,05:49:26 pm,0,100.99,22.729,2024-09-10 05:49:26
2024-09-10,06:04:26 pm,0,100.976,22.669,2024-09-10 06:04:26
2024-09-10,06:19:26 pm,0,100.973,22.594,2024-09-10 06:19:26
2024-09-10,06:34:26 pm,0,100.971,22.516,2024-09-10 06:34:26
2024-09-10,06:49:26 pm,0,100.969,22.428,2024-09-10 06:49:26
2024-09-10,07:04:26 pm,0,100.973,22.354,2024-09-10 07:04:26
2024-09-10,07:19:26 pm,0,100.973,22.29,2024-09-10 07:19:26
2024-09-10,07:34:26 pm,0,100.976,22.213,2024-09-10 07:34:26
2024-09-10,07:49:26 pm,0,100.972,22.152,2024-09-10 07:49:26
2024-09-10,08:04:26 pm,0,100.963,22.089,2024-09-10 08:04:26
2024-09-10,08:19:26 pm,0,100.944,22.002,2024-09-10 08:19:26
2024-09-10,08:34:26 pm,0,100.946,21.899,2024-09-10 08:34:26
2024-09-10,08:49:26 pm,0,100.938,21.796,2024-09-10 08:49:26
2024-09-10,09:04:26 pm,0,100.923,21.676,2024-09-10 09:04:26
2024-09-10,09:19:26 pm,0,100.875,21.594,2024-09-10 09:19:26
2024-09-10,09:34:26 pm,0,100.869,21.477,2024-09-10 09:34:26
2024-09-10,09:49:26 pm,0,100.874,21.368,2024-09-10 09:49:26
2024-09-10,10:04:26 pm,0,100.863,21.298,2024-09-10 10:04:26
2024-09-10,10:19:26 pm,0,100.861,21.213,2024-09-10 10:19:26
2024-09-10,10:34:26 pm,0,100.874,21.119,2024-09-10 10:34:26
2024-09-10,10:49:26 pm,0,100.861,21.023,2024-09-10 10:49:26
2024-09-10,11:04:26 pm,0,100.862,20.865,2024-09-10 11:04:26
2024-09-10,11:19:26 pm,0,100.864,20.781,2024-09-10 11:19:26
2024-09-10,11:34:26 pm,0,100.838,20.754,2024-09-10 11:34:26
2024-09-10,11:49:26 pm,0,100.832,20.651,2024-09-10 11:49:26
2024-09-11,12:04:26 am,0,101.027,20.639,2024-09-11 12:04:26
2024-09-11,12:19:26 am,0,101.02,20.619,2024-09-11 12:19:26
2024-09-11,12:34:26 am,0,101.026,20.564,2024-09-11 12:34:26
2024-09-11,12:49:26 am,0,101.019,20.526,2024-09-11 12:49:26
2024-09-11,01:04:26 am,0,101.03,20.471,2024-09-11 01:04:26
2024-09-11,01:19:26 am,0,101.042,20.418,2024-09-11 01:19:26
2024-09-11,01:34:26 am,0,101.03,20.391,2024-09-11 01:34:26
2024-09-11,01:49:26 am,0,101.025,20.3,2024-09-11 01:49:26
2024-09-11,02:04:26 am,0,101.043,20.235,2024-09-11 02:04:26
2024-09-11,02:19:26 am,0,101.024,20.211,2024-09-11 02:19:26
2024-09-11,02:34:26 am,0,101.002,20.172,2024-09-11 02:34:26
2024-09-11,02:49:26 am,0,100.994,20.115,2024-09-11 02:49:26
2024-09-11,03:04:26 am,0,100.983,20.064,2024-09-11 03:04:26
2024-09-11,03:19:26 am,0,100.984,19.971,2024-09-11 03:19:26
2024-09-11,03:34:26 am,0,100.989,19.901,2024-09-11 03:34:26
2024-09-11,03:49:26 am,0,100.986,19.825,2024-09-11 03:49:26
2024-09-11,04:04:26 am,0,100.946,19.727,2024-09-11 04:04:26
2024-09-11,04:19:26 am,0,100.973,19.619,2024-09-11 04:19:26
2024-09-11,04:34:26 am,0,100.951,19.581,2024-09-11 04:34:26
2024-09-11,04:49:26 am,0,100.95,19.499,2024-09-11 04:49:26
2024-09-11,05:04:26 am,0,100.945,19.463,2024-09-11 05:04:26
2024-09-11,05:19:26 am,0,100.978,19.399,2024-09-11 05:19:26
2024-09-11,05:34:26 am,0,100.996,19.319,2024-09-11 05:34:26
2024-09-11,05:49:26 am,0,100.979,19.216,2024-09-11 05:49:26
2024-09-11,06:04:26 am,0,101.01,19.126,2024-09-11 06:04:26
2024-09-11,06:19:26 am,0,101.016,19.066,2024-09-11 06:19:26
2024-09-11,06:34:26 am,0,101.019,18.992,2024-09-11 06:34:26
2024-09-11,06:49:26 am,0,101.018,18.97,2024-09-11 06:49:26
2024-09-11,07:04:26 am,0,101.029,18.993,2024-09-11 07:04:26
2024-09-11,07:19:26 am,0,101.041,19.041,2024-09-11 07:19:26
2024-09-11,07:34:26 am,0,101.03,19.081,2024-09-11 07:34:26
2024-09-11,07:49:26 am,0,101.066,19.168,2024-09-11 07:49:26
2024-09-11,08:04:26 am,0,101.06,19.3,2024-09-11 08:04:26
2024-09-11,08:19:26 am,0,101.071,19.445,2024-09-11 08:19:26
2024-09-11,08:34:26 am,0,101.09,19.597,2024-09-11 08:34:26
2024-09-11,08:49:26 am,0,101.129,19.759,2024-09-11 08:49:26
2024-09-11,09:04:26 am,0,101.132,19.898,2024-09-11 09:04:26
2024-09-11,09:19:26 am,0,101.127,20.015,2024-09-11 09:19:26
2024-09-11,09:34:26 am,0,101.108,20.127,2024-09-11 09:34:26
2024-09-11,09:49:26 am,0,101.085,20.259,2024-09-11 09:49:26
2024-09-11,10:04:26 am,0,101.069,20.427,2024-09-11 10:04:26
2024-09-11,10:19:26 am,0,101.08,20.689,2024-09-11 10:19:26
2024-09-11,10:34:26 am,0,101.071,20.959,2024-09-11 10:34:26
2024-09-11,10:49:26 am,0,101.074,21.138,2024-09-11 10:49:26
2024-09-11,11:04:26 am,0,101.071,21.28,2024-09-11 11:04:26
2024-09-11,11:19:26 am,0,101.061,21.392,2024-09-11 11:19:26
2024-09-11,11:34:26 am,0,101.064,21.553,2024-09-11 11:34:26
2024-09-11,11:49:26 am,0,101.044,21.629,2024-09-11 11:49:26
2024-09-11,12:04:26 pm,0,101.04,21.689,2024-09-11 12:04:26
2024-09-11,12:19:26 pm,0,101.027,21.78,2024-09-11 12:19:26
2024-09-11,12:34:26 pm,0,101.003,21.889,2024-09-11 12:34:26
2024-09-11,12:49:26 pm,0,100.975,22.005,2024-09-11 12:49:26
2024-09-11,01:04:26 pm,0,100.951,22.152,2024-09-11 01:04:26
2024-09-11,01:19:26 pm,0,100.924,22.272,2024-09-11 01:19:26
2024-09-11,01:34:26 pm,0,100.889,22.303,2024-09-11 01:34:26
2024-09-11,01:49:26 pm,0,100.892,22.343,2024-09-11 01:49:26
2024-09-11,02:04:26 pm,0,100.879,22.415,2024-09-11 02:04:26
2024-09-11,02:19:26 pm,0,100.856,22.435,2024-09-11 02:19:26
2024-09-11,02:34:26 pm,0,100.861,22.47,2024-09-11 02:34:26
2024-09-11,02:49:26 pm,0,100.861,22.448,2024-09-11 02:49:26
2024-09-11,03:04:26 pm,0,100.852,22.465,2024-09-11 03:04:26
2024-09-11,03:19:26 pm,0,100.846,22.434,2024-09-11 03:19:26
2024-09-11,03:34:26 pm,0,100.833,22.408,2024-09-11 03:34:26
2024-09-11,03:49:26 pm,0,100.815,22.365,2024-09-11 03:49:26
2024-09-11,04:04:26 pm,0,100.793,22.373,2024-09-11 04:04:26
2024-09-11,04:19:26 pm,0,100.78,22.4,2024-09-11 04:19:26
2024-09-11,04:34:26 pm,0,100.779,22.409,2024-09-11 04:34:26
2024-09-11,04:49:26 pm,0,100.769,22.395,2024-09-11 04:49:26
2024-09-11,05:04:26 pm,0,100.773,22.37,2024-09-11 05:04:26
2024-09-11,05:19:26 pm,0,100.754,22.306,2024-09-11 05:19:26
2024-09-11,05:34:26 pm,0,100.742,22.238,2024-09-11 05:34:26
2024-09-11,05:49:26 pm,0,100.739,22.183,2024-09-11 05:49:26
2024-09-11,06:04:26 pm,0,100.737,22.138,2024-09-11 06:04:26
2024-09-11,06:19:26 pm,0,100.74,22.093,2024-09-11 06:19:26
2024-09-11,06:34:26 pm,0,100.726,22.031,2024-09-11 06:34:26
2024-09-11,06:49:26 pm,0,100.708,21.984,2024-09-11 06:49:26
2024-09-11,07:04:26 pm,0,100.685,21.916,2024-09-11 07:04:26
2024-09-11,07:19:26 pm,0,100.654,21.852,2024-09-11 07:19:26
2024-09-11,07:34:26 pm,0,100.651,21.82,2024-09-11 07:34:26
2024-09-11,07:49:26 pm,0,100.657,21.761,2024-09-11 07:49:26
2024-09-11,08:04:26 pm,0,100.678,21.686,2024-09-11 08:04:26
2024-09-11,08:19:26 pm,0,100.682,21.593,2024-09-11 08:19:26
2024-09-11,08:34:26 pm,0,100.691,21.484,2024-09-11 08:34:26
2024-09-11,08:49:26 pm,0,100.721,21.413,2024-09-11 08:49:26
2024-09-11,09:04:26 pm,0,100.714,21.269,2024-09-11 09:04:26
2024-09-11,09:19:26 pm,0,100.7,21.062,2024-09-11 09:19:26
2024-09-11,09:34:26 pm,0,100.663,20.937,2024-09-11 09:34:26
2024-09-11,09:49:26 pm,0,100.623,20.855,2024-09-11 09:49:26
2024-09-11,10:04:26 pm,0,100.656,20.795,2024-09-11 10:04:26
2024-09-11,10:19:26 pm,0,100.61,20.743,2024-09-11 10:19:26
2024-09-11,10:34:26 pm,0,100.57,20.682,2024-09-11 10:34:26
2024-09-11,10:49:26 pm,0,100.554,20.614,2024-09-11 10:49:26
2024-09-11,11:04:26 pm,0,100.599,20.568,2024-09-11 11:04:26
2024-09-11,11:19:26 pm,0,100.624,20.552,2024-09-11 11:19:26
2024-09-11,11:34:26 pm,0,100.582,20.5,2024-09-11 11:34:26
2024-09-11,11:49:26 pm,0,100.641,20.465,2024-09-11 11:49:26
2024-09-12,12:04:26 am,0,100.658,20.462,2024-09-12 12:04:26
2024-09-12,12:19:26 am,0,100.653,20.442,2024-09-12 12:19:26
2024-09-12,12:34:26 am,0,100.604,20.439,2024-09-12 12:34:26
2024-09-12,12:49:26 am,0,100.568,20.422,2024-09-12 12:49:26
2024-09-12,01:04:26 am,0,100.535,20.393,2024-09-12 01:04:26
2024-09-12,01:19:26 am,0,100.518,20.369,2024-09-12 01:19:26
2024-09-12,01:34:26 am,0,100.451,20.346,2024-09-12 01:34:26
2024-09-12,01:49:26 am,0,100.45,20.344,2024-09-12 01:49:26
2024-09-12,02:04:26 am,0,100.447,20.349,2024-09-12 02:04:26
2024-09-12,02:19:26 am,0,100.442,20.356,2024-09-12 02:19:26
2024-09-12,02:34:26 am,0,100.421,20.379,2024-09-12 02:34:26
2024-09-12,02:49:26 am,0,100.401,20.395,2024-09-12 02:49:26
2024-09-12,03:04:26 am,0,100.388,20.433,2024-09-12 03:04:26
2024-09-12,03:19:26 am,0,100.423,20.469,2024-09-12 03:19:26
2024-09-12,03:34:26 am,0,100.343,20.504,2024-09-12 03:34:26
2024-09-12,03:49:26 am,0,100.332,20.535,2024-09-12 03:49:26
2024-09-12,04:04:26 am,0,100.406,20.571,2024-09-12 04:04:26
2024-09-12,04:19:26 am,0,100.398,20.603,2024-09-12 04:19:26
2024-09-12,04:34:26 am,0,100.31,20.627,2024-09-12 04:34:26
2024-09-12,04:49:26 am,0,100.341,20.641,2024-09-12 04:49:26
2024-09-12,05:04:26 am,0,100.371,20.657,2024-09-12 05:04:26
2024-09-12,05:19:26 am,0,100.376,20.671,2024-09-12 05:19:26
2024-09-12,05:34:26 am,0,100.376,20.684,2024-09-12 05:34:26
2024-09-12,05:49:26 am,0,100.385,20.696,2024-09-12 05:49:26
2024-09-12,06:04:26 am,0,100.374,20.705,2024-09-12 06:04:26
2024-09-12,06:19:26 am,0,100.407,20.71,2024-09-12 06:19:26
2024-09-12,06:34:26 am,0,100.336,20.71,2024-09-12 06:34:26
2024-09-12,06:49:26 am,0,100.357,20.716,2024-09-12 06:49:26
2024-09-12,07:04:26 am,0,100.365,20.726,2024-09-12 07:04:26
2024-09-12,07:19:26 am,0,100.322,20.736,2024-09-12 07:19:26
2024-09-12,07:34:26 am,0,100.293,20.75,2024-09-12 07:34:26
2024-09-12,07:49:26 am,0,100.217,20.765,2024-09-12 07:49:26
2024-09-12,08:04:26 am,0,100.261,20.783,2024-09-12 08:04:26
2024-09-12,08:19:26 am,0,100.283,20.812,2024-09-12 08:19:26
2024-09-12,08:34:26 am,0,100.278,20.816,2024-09-12 08:34:26
2024-09-12,08:49:26 am,0,100.226,20.829,2024-09-12 08:49:26
2024-09-12,09:04:26 am,0,100.228,20.868,2024-09-12 09:04:26
2024-09-12,09:19:26 am,0,100.235,20.914,2024-09-12 09:19:26
2024-09-12,09:34:26 am,0,100.197,20.99,2024-09-12 09:34:26
2024-09-12,09:49:26 am,0,100.192,21.081,2024-09-12 09:49:26
2024-09-12,10:04:26 am,0,100.208,21.139,2024-09-12 10:04:26
2024-09-12,10:19:26 am,0,100.211,21.183,2024-09-12 10:19:26
2024-09-12,10:34:26 am,0,100.206,21.246,2024-09-12 10:34:26
2024-09-12,10:49:26 am,0,100.211,21.309,2024-09-12 10:49:26
2024-09-12,11:04:26 am,0,100.237,21.329,2024-09-12 11:04:26
2024-09-12,11:19:26 am,0,100.216,21.342,2024-09-12 11:19:26
2024-09-12,11:34:26 am,0,100.215,21.386,2024-09-12 11:34:26
2024-09-12,11:49:26 am,0,100.213,21.429,2024-09-12 11:49:26
2024-09-12,12:04:26 pm,0,100.2,21.469,2024-09-12 12:04:26
2024-09-12,12:19:26 pm,0,100.201,21.622,2024-09-12 12:19:26
2024-09-12,12:34:26 pm,0,100.167,21.691,2024-09-12 12:34:26
2024-09-12,12:49:26 pm,0,100.169,21.758,2024-09-12 12:49:26
2024-09-12,01:04:26 pm,0,100.158,21.75,2024-09-12 01:04:26
2024-09-12,01:19:26 pm,0,100.145,21.783,2024-09-12 01:19:26
2024-09-12,01:34:26 pm,0,100.141,21.82,2024-09-12 01:34:26
2024-09-12,01:49:26 pm,0,100.125,21.82,2024-09-12 01:49:26
2024-09-12,02:04:26 pm,0,100.191,21.851,2024-09-12 02:04:26
2024-09-12,02:19:26 pm,0,100.272,21.878,2024-09-12 02:19:26
2024-09-12,02:34:26 pm,0,100.424,21.935,2024-09-12 02:34:26
2024-09-12,02:49:26 pm,0,100.529,21.909,2024-09-12 02:49:26
2024-09-12,03:04:26 pm,0,100.656,21.929,2024-09-12 03:04:26
2024-09-12,03:19:26 pm,0,101.189,21.851,2024-09-12 03:19:26
2024-09-12,03:34:26 pm,0,101.552,21.77,2024-09-12 03:34:26
2024-09-12,03:49:26 pm,0,101.416,21.928,2024-09-12 03:49:26
2024-09-12,04:04:26 pm,0,101.197,22.024,2024-09-12 04:04:26
2024-09-12,04:19:26 pm,0,100.943,21.998,2024-09-12 04:19:26
2024-09-12,04:34:26 pm,0,100.793,21.998,2024-09-12 04:34:26
2024-09-12,04:49:26 pm,0,100.673,22.031,2024-09-12 04:49:26
2024-09-12,05:04:26 pm,0,100.594,22.057,2024-09-12 05:04:26
2024-09-12,05:19:26 pm,0,100.55,22.081,2024-09-12 05:19:26
2024-09-12,05:34:26 pm,0,100.514,22.082,2024-09-12 05:34:26
2024-09-12,05:49:26 pm,0,100.572,22.151,2024-09-12 05:49:26
2024-09-12,06:04:26 pm,0,100.594,22.174,2024-09-12 06:04:26
2024-09-12,06:19:26 pm,0,100.589,22.122,2024-09-12 06:19:26
2024-09-12,06:34:26 pm,0,100.597,22.083,2024-09-12 06:34:26
2024-09-12,06:49:26 pm,0,100.692,22.058,2024-09-12 06:49:26
2024-09-12,07:04:26 pm,0,100.746,22.043,2024-09-12 07:04:26
2024-09-12,07:19:26 pm,0,100.706,22.016,2024-09-12 07:19:26
2024-09-12,07:34:26 pm,0,100.739,22.03,2024-09-12 07:34:26
2024-09-12,07:49:26 pm,0,100.732,22.034,2024-09-12 07:49:26
2024-09-12,08:04:26 pm,0,100.705,22.027,2024-09-12 08:04:26
2024-09-12,08:19:26 pm,0,100.696,22.02,2024-09-12 08:19:26
2024-09-12,08:34:26 pm,0,100.684,22.01,2024-09-12 08:34:26
2024-09-12,08:49:26 pm,0,100.658,21.999,2024-09-12 08:49:26
2024-09-12,09:04:26 pm,0,100.655,21.98,2024-09-12 09:04:26
2024-09-12,09:19:26 pm,0,100.635,21.96,2024-09-12 09:19:26
2024-09-12,09:34:26 pm,0,100.627,21.941,2024-09-12 09:34:26
2024-09-12,09:49:26 pm,0,100.615,21.948,2024-09-12 09:49:26
2024-09-12,10:04:26 pm,0,100.613,21.946,2024-09-12 10:04:26
2024-09-12,10:19:26 pm,0,100.628,21.932,2024-09-12 10:19:26
2024-09-12,10:34:26 pm,0,100.635,21.926,2024-09-12 10:34:26
2024-09-12,10:49:26 pm,0,100.623,21.906,2024-09-12 10:49:26
2024-09-12,11:04:26 pm,0,100.625,21.896,2024-09-12 11:04:26
2024-09-12,11:19:26 pm,0,100.633,21.882,2024-09-12 11:19:26
2024-09-12,11:34:26 pm,0,100.616,21.881,2024-09-12 11:34:26
2024-09-12,11:49:26 pm,0,100.611,21.875,2024-09-12 11:49:26
2024-09-13,12:04:26 am,0,100.605,21.893,2024-09-13 12:04:26
2024-09-13,12:19:26 am,0,100.603,21.894,2024-09-13 12:19:26
2024-09-13,12:34:26 am,0,100.609,21.91,2024-09-13 12:34:26
2024-09-13,12:49:26 am,0,100.61,21.903,2024-09-13 12:49:26
2024-09-13,01:04:26 am,0,100.613,21.917,2024-09-13 01:04:26
2024-09-13,01:19:26 am,0,100.615,21.923,2024-09-13 01:19:26
2024-09-13,01:34:26 am,0,100.616,21.94,2024-09-13 01:34:26
2024-09-13,01:49:26 am,0,100.603,21.97,2024-09-13 01:49:26
2024-09-13,02:04:26 am,0,100.591,21.969,2024-09-13 02:04:26
2024-09-13,02:19:26 am,0,100.595,21.972,2024-09-13 02:19:26
2024-09-13,02:34:26 am,0,100.587,21.977,2024-09-13 02:34:26
2024-09-13,02:49:26 am,0,100.594,21.978,2024-09-13 02:49:26
2024-09-13,03:04:26 am,0,100.584,21.976,2024-09-13 03:04:26
2024-09-13,03:19:26 am,0,100.58,21.97,2024-09-13 03:19:26
2024-09-13,03:34:26 am,0,100.572,21.957,2024-09-13 03:34:26
2024-09-13,03:49:26 am,0,100.572,21.937,2024-09-13 03:49:26
2024-09-13,04:04:26 am,0,100.576,21.93,2024-09-13 04:04:26
2024-09-13,04:19:26 am,0,100.596,21.927,2024-09-13 04:19:26
2024-09-13,04:34:26 am,0,100.607,21.934,2024-09-13 04:34:26
2024-09-13,04:49:26 am,0,100.615,21.918,2024-09-13 04:49:26
2024-09-13,05:04:26 am,0,100.61,21.892,2024-09-13 05:04:26
2024-09-13,05:19:26 am,0,100.618,21.872,2024-09-13 05:19:26
2024-09-13,05:34:26 am,0,100.611,21.866,2024-09-13 05:34:26
2024-09-13,05:49:26 am,0,100.615,21.862,2024-09-13 05:49:26
2024-09-13,06:04:26 am,0,100.629,21.861,2024-09-13 06:04:26
2024-09-13,06:19:26 am,0,100.628,21.872,2024-09-13 06:19:26
2024-09-13,06:34:26 am,0,100.635,21.871,2024-09-13 06:34:26
2024-09-13,06:49:26 am,0,100.643,21.889,2024-09-13 06:49:26
2024-09-13,07:04:26 am,0,100.67,21.9,2024-09-13 07:04:26
2024-09-13,07:19:26 am,0,100.692,21.92,2024-09-13 07:19:26
2024-09-13,07:34:26 am,0,100.695,21.976,2024-09-13 07:34:26
2024-09-13,07:49:26 am,0,100.697,22.012,2024-09-13 07:49:26
2024-09-13,08:04:26 am,0,100.715,22.051,2024-09-13 08:04:26
2024-09-13,08:19:26 am,0,100.703,22.077,2024-09-13 08:19:26
2024-09-13,08:34:26 am,0,100.696,22.114,2024-09-13 08:34:26
2024-09-13,08:49:26 am,0,100.688,22.153,2024-09-13 08:49:26
2024-09-13,09:04:26 am,0,100.691,22.231,2024-09-13 09:04:26
2024-09-13,09:19:26 am,0,100.712,22.258,2024-09-13 09:19:26
2024-09-13,09:34:26 am,0,100.722,22.271,2024-09-13 09:34:26
2024-09-13,09:49:26 am,0,100.72,22.295,2024-09-13 09:49:26
2024-09-13,10:04:26 am,0,100.722,22.368,2024-09-13 10:04:26
2024-09-13,10:19:26 am,0,100.745,22.478,2024-09-13 10:19:26
2024-09-13,10:34:26 am,0,100.76,22.502,2024-09-13 10:34:26
2024-09-13,10:49:26 am,0,100.775,22.599,2024-09-13 10:49:26
2024-09-13,11:04:26 am,0,100.775,22.682,2024-09-13 11:04:26
2024-09-13,11:19:26 am,0,100.753,22.808,2024-09-13 11:19:26
2024-09-13,11:34:26 am,0,100.722,23.057,2024-09-13 11:34:26
2024-09-13,11:49:26 am,0,100.708,23.274,2024-09-13 11:49:26
2024-09-13,12:04:26 pm,0,100.683,23.415,2024-09-13 12:04:26
2024-09-13,12:19:26 pm,0,100.66,23.568,2024-09-13 12:19:26
2024-09-13,12:34:26 pm,0,100.617,23.768,2024-09-13 12:34:26
2024-09-13,12:49:26 pm,0,100.604,23.892,2024-09-13 12:49:26
2024-09-13,01:04:26 pm,0,100.593,23.858,2024-09-13 01:04:26
2024-09-13,01:19:26 pm,0,100.582,23.908,2024-09-13 01:19:26
2024-09-13,01:34:26 pm,0,100.573,23.943,2024-09-13 01:34:26
2024-09-13,01:49:26 pm,0,100.572,24.149,2024-09-13 01:49:26
2024-09-13,02:04:26 pm,0,100.545,24.044,2024-09-13 02:04:26
2024-09-13,02:19:26 pm,0,100.516,24.041,2024-09-13 02:19:26
2024-09-13,02:34:26 pm,0,100.505,24.06,2024-09-13 02:34:26
2024-09-13,02:49:26 pm,0,100.503,24.04,2024-09-13 02:49:26
2024-09-13,03:04:26 pm,0,100.516,24.062,2024-09-13 03:04:26
2024-09-13,03:19:26 pm,0,100.491,24.107,2024-09-13 03:19:26
2024-09-13,03:34:26 pm,0,100.473,24.149,2024-09-13 03:34:26
2024-09-13,03:49:26 pm,0,100.448,24.091,2024-09-13 03:49:26
2024-09-13,04:04:26 pm,0,100.459,24.06,2024-09-13 04:04:26
2024-09-13,04:19:26 pm,0,100.482,24.041,2024-09-13 04:19:26
2024-09-13,04:34:26 pm,0,100.493,24.016,2024-09-13 04:34:26
2024-09-13,04:49:26 pm,0,100.506,23.987,2024-09-13 04:49:26
2024-09-13,05:04:26 pm,0,100.507,23.916,2024-09-13 05:04:26
2024-09-13,05:19:26 pm,0,100.505,23.826,2024-09-13 05:19:26
2024-09-13,05:34:26 pm,0,100.519,23.714,2024-09-13 05:34:26
2024-09-13,05:49:26 pm,0,100.526,23.638,2024-09-13 05:49:26
2024-09-13,06:04:26 pm,0,100.525,23.567,2024-09-13 06:04:26
2024-09-13,06:19:26 pm,0,100.551,23.531,2024-09-13 06:19:26
2024-09-13,06:34:26 pm,0,100.588,23.482,2024-09-13 06:34:26
2024-09-13,06:49:26 pm,0,100.578,23.358,2024-09-13 06:49:26
2024-09-13,07:04:26 pm,0,100.573,23.277,2024-09-13 07:04:26
2024-09-13,07:19:26 pm,0,100.581,23.181,2024-09-13 07:19:26
2024-09-13,07:34:26 pm,0,100.585,23.119,2024-09-13 07:34:26
2024-09-13,07:49:26 pm,0,100.621,23.089,2024-09-13 07:49:26
2024-09-13,08:04:26 pm,0,100.61,23.05,2024-09-13 08:04:26
2024-09-13,08:19:26 pm,0,100.617,23.023,2024-09-13 08:19:26
2024-09-13,08:34:26 pm,0,100.614,22.963,2024-09-13 08:34:26
2024-09-13,08:49:26 pm,0,100.637,22.874,2024-09-13 08:49:26
2024-09-13,09:04:26 pm,0,100.641,22.748,2024-09-13 09:04:26
2024-09-13,09:19:26 pm,0,100.634,22.654,2024-09-13 09:19:26
2024-09-13,09:34:26 pm,0,100.636,22.549,2024-09-13 09:34:26
2024-09-13,09:49:26 pm,0,100.648,22.449,2024-09-13 09:49:26
2024-09-13,10:04:26 pm,0,100.664,22.384,2024-09-13 10:04:26
2024-09-13,10:19:26 pm,0,100.677,22.319,2024-09-13 10:19:26
2024-09-13,10:34:26 pm,0,100.686,22.282,2024-09-13 10:34:26
2024-09-13,10:49:26 pm,0,100.719,22.253,2024-09-13 10:49:26
2024-09-13,11:04:26 pm,0,100.705,22.234,2024-09-13 11:04:26
2024-09-13,11:19:26 pm,0,100.714,22.233,2024-09-13 11:19:26
2024-09-13,11:34:26 pm,0,100.703,22.211,2024-09-13 11:34:26
2024-09-13,11:49:26 pm,0,100.708,22.167,2024-09-13 11:49:26
2024-09-14,12:04:26 am,0,100.729,22.112,2024-09-14 12:04:26
2024-09-14,12:19:26 am,0,100.736,22.096,2024-09-14 12:19:26
2024-09-14,12:34:26 am,0,100.766,22.071,2024-09-14 12:34:26
2024-09-14,12:49:26 am,0,100.803,22.054,2024-09-14 12:49:26
2024-09-14,01:04:26 am,0,100.839,22,2024-09-14 01:04:26
2024-09-14,01:19:26 am,0,100.819,21.94,2024-09-14 01:19:26
2024-09-14,01:34:26 am,0,100.822,21.889,2024-09-14 01:34:26
2024-09-14,01:49:26 am,0,100.824,21.857,2024-09-14 01:49:26
2024-09-14,02:04:26 am,0,100.896,21.859,2024-09-14 02:04:26
2024-09-14,02:19:26 am,0,100.926,21.832,2024-09-14 02:19:26
2024-09-14,02:34:26 am,0,100.916,21.815,2024-09-14 02:34:26
2024-09-14,02:49:26 am,0,100.913,21.794,2024-09-14 02:49:26
2024-09-14,03:04:26 am,0,100.904,21.78,2024-09-14 03:04:26
2024-09-14,03:19:26 am,0,100.878,21.761,2024-09-14 03:19:26
2024-09-14,03:34:26 am,0,100.882,21.744,2024-09-14 03:34:26
2024-09-14,03:49:26 am,0,100.878,21.719,2024-09-14 03:49:26
2024-09-14,04:04:26 am,0,100.87,21.701,2024-09-14 04:04:26
2024-09-14,04:19:26 am,0,100.855,21.678,2024-09-14 04:19:26
2024-09-14,04:34:26 am,0,100.826,21.668,2024-09-14 04:34:26
2024-09-14,04:49:26 am,0,100.831,21.649,2024-09-14 04:49:26
2024-09-14,05:04:26 am,0,100.82,21.629,2024-09-14 05:04:26
2024-09-14,05:19:26 am,0,100.809,21.611,2024-09-14 05:19:26
2024-09-14,05:34:26 am,0,100.804,21.594,2024-09-14 05:34:26
2024-09-14,05:49:26 am,0,100.809,21.563,2024-09-14 05:49:26
2024-09-14,06:04:26 am,0,100.788,21.541,2024-09-14 06:04:26
2024-09-14,06:19:26 am,0,100.793,21.516,2024-09-14 06:19:26
2024-09-14,06:34:26 am,0,100.807,21.484,2024-09-14 06:34:26
2024-09-14,06:49:26 am,0,100.803,21.449,2024-09-14 06:49:26
2024-09-14,07:04:26 am,0,100.803,21.402,2024-09-14 07:04:26
2024-09-14,07:19:26 am,0,100.816,21.412,2024-09-14 07:19:26
2024-09-14,07:34:26 am,0,100.812,21.437,2024-09-14 07:34:26
2024-09-14,07:49:26 am,0,100.81,21.478,2024-09-14 07:49:26
2024-09-14,08:04:26 am,0,100.81,21.567,2024-09-14 08:04:26
2024-09-14,08:19:26 am,0,100.833,21.632,2024-09-14 08:19:26
2024-09-14,08:34:26 am,0,100.837,21.681,2024-09-14 08:34:26
2024-09-14,08:49:26 am,0,100.844,21.715,2024-09-14 08:49:26
2024-09-14,09:04:26 am,0,100.857,21.769,2024-09-14 09:04:26
2024-09-14,09:19:26 am,0,100.875,21.852,2024-09-14 09:19:26
2024-09-14,09:34:26 am,0,100.876,21.926,2024-09-14 09:34:26
2024-09-14,09:49:26 am,0,100.892,21.992,2024-09-14 09:49:26
2024-09-14,10:04:26 am,0,100.877,22.078,2024-09-14 10:04:26
2024-09-14,10:19:26 am,0,100.872,22.205,2024-09-14 10:19:26
2024-09-14,10:34:26 am,0,100.859,22.295,2024-09-14 10:34:26
2024-09-14,10:49:26 am,0,100.85,22.409,2024-09-14 10:49:26
2024-09-14,11:04:26 am,0,100.864,22.613,2024-09-14 11:04:26
2024-09-14,11:19:26 am,0,100.862,22.553,2024-09-14 11:19:26
2024-09-14,11:34:26 am,0,100.853,22.549,2024-09-14 11:34:26
2024-09-14,11:49:26 am,0,100.844,22.621,2024-09-14 11:49:26
2024-09-14,12:04:26 pm,0,100.83,22.725,2024-09-14 12:04:26
2024-09-14,12:19:26 pm,0,100.817,22.825,2024-09-14 12:19:26
2024-09-14,12:34:26 pm,0,100.814,22.922,2024-09-14 12:34:26
2024-09-14,12:49:26 pm,0,100.805,22.988,2024-09-14 12:49:26
2024-09-14,01:04:26 pm,0,100.801,23.016,2024-09-14 01:04:26
2024-09-14,01:19:26 pm,0,100.791,23.052,2024-09-14 01:19:26
2024-09-14,01:34:26 pm,0,100.777,23.062,2024-09-14 01:34:26
2024-09-14,01:49:26 pm,0,100.759,23.118,2024-09-14 01:49:26
2024-09-14,02:04:26 pm,0,100.737,23.091,2024-09-14 02:04:26
2024-09-14,02:19:26 pm,0,100.746,23.065,2024-09-14 02:19:26
2024-09-14,02:34:26 pm,0,100.739,22.964,2024-09-14 02:34:26
2024-09-14,02:49:26 pm,0,100.728,22.967,2024-09-14 02:49:26
2024-09-14,03:04:26 pm,0,100.716,23.002,2024-09-14 03:04:26
2024-09-14,03:19:26 pm,0,100.712,23.14,2024-09-14 03:19:26
2024-09-14,03:34:26 pm,0,100.705,23.192,2024-09-14 03:34:26
2024-09-14,03:49:26 pm,0,100.704,23.199,2024-09-14 03:49:26
2024-09-14,04:04:26 pm,0,100.704,23.19,2024-09-14 04:04:26
2024-09-14,04:19:26 pm,0,100.747,23.101,2024-09-14 04:19:26
2024-09-14,04:34:26 pm,0,100.718,22.89,2024-09-14 04:34:26
2024-09-14,04:49:26 pm,0,100.792,22.881,2024-09-14 04:49:26
2024-09-14,05:04:26 pm,0,100.829,22.871,2024-09-14 05:04:26
2024-09-14,05:19:26 pm,0,100.866,22.811,2024-09-14 05:19:26
2024-09-14,05:34:26 pm,0,100.858,22.778,2024-09-14 05:34:26
2024-09-14,05:49:26 pm,0,100.857,22.766,2024-09-14 05:49:26
2024-09-14,06:04:26 pm,0,100.821,22.765,2024-09-14 06:04:26
2024-09-14,06:19:26 pm,0,100.82,22.749,2024-09-14 06:19:26
2024-09-14,06:34:26 pm,0,100.821,22.696,2024-09-14 06:34:26
2024-09-14,06:49:26 pm,0,100.812,22.625,2024-09-14 06:49:26
2024-09-14,07:04:26 pm,0,100.808,22.545,2024-09-14 07:04:26
2024-09-14,07:19:26 pm,0,100.789,22.484,2024-09-14 07:19:26
2024-09-14,07:34:26 pm,0,100.778,22.43,2024-09-14 07:34:26
2024-09-14,07:49:26 pm,0,100.788,22.367,2024-09-14 07:49:26
2024-09-14,08:04:26 pm,0,100.778,22.31,2024-09-14 08:04:26
2024-09-14,08:19:26 pm,0,100.75,22.269,2024-09-14 08:19:26
2024-09-14,08:34:26 pm,0,100.754,22.225,2024-09-14 08:34:26
2024-09-14,08:49:26 pm,0,100.767,22.181,2024-09-14 08:49:26
2024-09-14,09:04:26 pm,0,100.773,22.13,2024-09-14 09:04:26
2024-09-14,09:19:26 pm,0,100.77,22.07,2024-09-14 09:19:26
2024-09-14,09:34:26 pm,0,100.784,22.002,2024-09-14 09:34:26
2024-09-14,09:49:26 pm,0,100.798,21.956,2024-09-14 09:49:26
2024-09-14,10:04:26 pm,0,100.792,21.906,2024-09-14 10:04:26
2024-09-14,10:19:26 pm,0,100.784,21.866,2024-09-14 10:19:26
2024-09-14,10:34:26 pm,0,100.794,21.859,2024-09-14 10:34:26
2024-09-14,10:49:26 pm,0,100.806,21.843,2024-09-14 10:49:26
2024-09-14,11:04:26 pm,0,100.806,21.824,2024-09-14 11:04:26
2024-09-14,11:19:26 pm,0,100.816,21.816,2024-09-14 11:19:26
2024-09-14,11:34:26 pm,0,100.799,21.808,2024-09-14 11:34:26
2024-09-14,11:49:26 pm,0,100.786,21.803,2024-09-14 11:49:26
2024-09-15,12:04:26 am,0,100.79,21.804,2024-09-15 12:04:26
2024-09-15,12:19:26 am,0,100.791,21.801,2024-09-15 12:19:26
2024-09-15,12:34:26 am,0,100.794,21.796,2024-09-15 12:34:26
2024-09-15,12:49:26 am,0,100.792,21.786,2024-09-15 12:49:26
2024-09-15,01:04:26 am,0,100.781,21.781,2024-09-15 01:04:26
2024-09-15,01:19:26 am,0,100.77,21.786,2024-09-15 01:19:26
2024-09-15,01:34:26 am,0,100.766,21.789,2024-09-15 01:34:26
2024-09-15,01:49:26 am,0,100.762,21.779,2024-09-15 01:49:26
2024-09-15,02:04:26 am,0,100.761,21.762,2024-09-15 02:04:26
2024-09-15,02:19:26 am,0,100.752,21.729,2024-09-15 02:19:26
2024-09-15,02:34:26 am,0,100.743,21.698,2024-09-15 02:34:26
2024-09-15,02:49:26 am,0,100.732,21.681,2024-09-15 02:49:26
2024-09-15,03:04:26 am,0,100.723,21.671,2024-09-15 03:04:26
2024-09-15,03:19:26 am,0,100.71,21.669,2024-09-15 03:19:26
2024-09-15,03:34:26 am,0,100.706,21.666,2024-09-15 03:34:26
2024-09-15,03:49:26 am,0,100.706,21.649,2024-09-15 03:49:26
2024-09-15,04:04:26 am,0,100.712,21.651,2024-09-15 04:04:26
2024-09-15,04:19:26 am,0,100.722,21.656,2024-09-15 04:19:26
2024-09-15,04:34:26 am,0,100.732,21.657,2024-09-15 04:34:26
2024-09-15,04:49:26 am,0,100.75,21.662,2024-09-15 04:49:26
2024-09-15,05:04:26 am,0,100.766,21.681,2024-09-15 05:04:26
2024-09-15,05:19:26 am,0,100.784,21.717,2024-09-15 05:19:26
2024-09-15,05:34:26 am,0,100.801,21.772,2024-09-15 05:34:26
2024-09-15,05:49:26 am,0,100.822,21.809,2024-09-15 05:49:26
2024-09-15,06:04:26 am,0,100.837,21.827,2024-09-15 06:04:26
2024-09-15,06:19:26 am,0,100.848,21.831,2024-09-15 06:19:26
2024-09-15,06:34:26 am,0,100.855,21.819,2024-09-15 06:34:26
2024-09-15,06:49:26 am,0,100.87,21.807,2024-09-15 06:49:26
2024-09-15,07:04:26 am,0,100.898,21.791,2024-09-15 07:04:26
2024-09-15,07:19:26 am,0,100.912,21.78,2024-09-15 07:19:26
2024-09-15,07:34:26 am,0,100.919,21.771,2024-09-15 07:34:26
2024-09-15,07:49:26 am,0,100.926,21.78,2024-09-15 07:49:26
2024-09-15,08:04:26 am,0,100.95,21.786,2024-09-15 08:04:26
2024-09-15,08:19:26 am,0,100.966,21.788,2024-09-15 08:19:26
2024-09-15,08:34:26 am,0,100.972,21.782,2024-09-15 08:34:26
2024-09-15,08:49:26 am,0,100.986,21.748,2024-09-15 08:49:26
2024-09-15,09:04:26 am,0,100.989,21.725,2024-09-15 09:04:26
2024-09-15,09:19:26 am,0,101.008,21.753,2024-09-15 09:19:26
2024-09-15,09:34:26 am,0,101.02,21.787,2024-09-15 09:34:26
2024-09-15,09:49:26 am,0,101.05,21.819,2024-09-15 09:49:26
2024-09-15,10:04:26 am,0,101.046,21.819,2024-09-15 10:04:26
2024-09-15,10:19:26 am,0,101.047,21.855,2024-09-15 10:19:26
2024-09-15,10:34:26 am,0,101.057,21.933,2024-09-15 10:34:26
2024-09-15,10:49:26 am,0,101.069,21.996,2024-09-15 10:49:26
2024-09-15,11:04:26 am,0,101.071,22.079,2024-09-15 11:04:26
2024-09-15,11:19:26 am,0,101.065,22.122,2024-09-15 11:19:26
2024-09-15,11:34:26 am,0,101.051,22.134,2024-09-15 11:34:26
2024-09-15,11:49:26 am,0,101.042,22.225,2024-09-15 11:49:26
2024-09-15,12:04:26 pm,0,101.028,22.28,2024-09-15 12:04:26
2024-09-15,12:19:26 pm,0,101.026,22.285,2024-09-15 12:19:26
2024-09-15,12:34:26 pm,0,101.025,22.266,2024-09-15 12:34:26
2024-09-15,12:49:26 pm,0,100.994,22.232,2024-09-15 12:49:26
2024-09-15,01:04:26 pm,0,100.968,22.306,2024-09-15 01:04:26
2024-09-15,01:19:26 pm,0,100.941,22.483,2024-09-15 01:19:26
2024-09-15,01:34:26 pm,0,100.929,22.531,2024-09-15 01:34:26
2024-09-15,01:49:26 pm,0,100.906,22.616,2024-09-15 01:49:26
2024-09-15,02:04:26 pm,0,100.898,22.628,2024-09-15 02:04:26
2024-09-15,02:19:26 pm,0,100.891,22.6,2024-09-15 02:19:26
2024-09-15,02:34:26 pm,0,100.875,22.569,2024-09-15 02:34:26
2024-09-15,02:49:26 pm,0,100.877,22.581,2024-09-15 02:49:26
2024-09-15,03:04:26 pm,0,100.869,22.555,2024-09-15 03:04:26
2024-09-15,03:19:26 pm,0,100.878,22.507,2024-09-15 03:19:26
2024-09-15,03:34:26 pm,0,100.859,22.486,2024-09-15 03:34:26
2024-09-15,03:49:26 pm,0,100.853,22.532,2024-09-15 03:49:26
2024-09-15,04:04:26 pm,0,100.846,22.587,2024-09-15 04:04:26
2024-09-15,04:19:26 pm,0,100.87,22.583,2024-09-15 04:19:26
2024-09-15,04:34:26 pm,0,100.877,22.508,2024-09-15 04:34:26
2024-09-15,04:49:26 pm,0,100.867,22.438,2024-09-15 04:49:26
2024-09-15,05:04:26 pm,0,100.871,22.391,2024-09-15 05:04:26
2024-09-15,05:19:26 pm,0,100.867,22.359,2024-09-15 05:19:26
2024-09-15,05:34:26 pm,0,100.862,22.338,2024-09-15 05:34:26
2024-09-15,05:49:26 pm,0,100.864,22.322,2024-09-15 05:49:26
2024-09-15,06:04:26 pm,0,100.863,22.307,2024-09-15 06:04:26
2024-09-15,06:19:26 pm,0,100.864,22.297,2024-09-15 06:19:26
2024-09-15,06:34:26 pm,0,100.852,22.293,2024-09-15 06:34:26
2024-09-15,06:49:26 pm,0,100.858,22.287,2024-09-15 06:49:26
2024-09-15,07:04:26 pm,0,100.87,22.267,2024-09-15 07:04:26
2024-09-15,07:19:26 pm,0,100.863,22.241,2024-09-15 07:19:26
2024-09-15,07:34:26 pm,0,100.877,22.217,2024-09-15 07:34:26
2024-09-15,07:49:26 pm,0,100.883,22.176,2024-09-15 07:49:26
2024-09-15,08:04:26 pm,0,100.898,22.148,2024-09-15 08:04:26
2024-09-15,08:19:26 pm,0,100.923,22.111,2024-09-15 08:19:26
2024-09-15,08:34:26 pm,0,100.946,22.078,2024-09-15 08:34:26
2024-09-15,08:49:26 pm,0,100.971,22.037,2024-09-15 08:49:26
2024-09-15,09:04:26 pm,0,101.015,21.989,2024-09-15 09:04:26
2024-09-15,09:19:26 pm,0,101.028,21.953,2024-09-15 09:19:26
2024-09-15,09:34:26 pm,0,101.043,21.932,2024-09-15 09:34:26
2024-09-15,09:49:26 pm,0,101.051,21.914,2024-09-15 09:49:26
2024-09-15,10:04:26 pm,0,101.067,21.895,2024-09-15 10:04:26
2024-09-15,10:19:26 pm,0,101.071,21.875,2024-09-15 10:19:26
2024-09-15,10:34:26 pm,0,101.079,21.857,2024-09-15 10:34:26
2024-09-15,10:49:26 pm,0,101.078,21.849,2024-09-15 10:49:26
2024-09-15,11:04:26 pm,0,101.094,21.836,2024-09-15 11:04:26
2024-09-15,11:19:26 pm,0,101.116,21.813,2024-09-15 11:19:26
2024-09-15,11:34:26 pm,0,101.11,21.79,2024-09-15 11:34:26
2024-09-15,11:49:26 pm,0,101.114,21.771,2024-09-15 11:49:26
2024-09-16,12:04:26 am,0,101.115,21.75,2024-09-16 12:04:26
2024-09-16,12:19:26 am,0,101.097,21.735,2024-09-16 12:19:26
2024-09-16,12:34:26 am,0,101.087,21.718,2024-09-16 12:34:26
2024-09-16,12:49:26 am,0,101.082,21.703,2024-09-16 12:49:26
2024-09-16,01:04:26 am,0,101.053,21.7,2024-09-16 01:04:26
2024-09-16,01:19:26 am,0,101.053,21.688,2024-09-16 01:19:26
2024-09-16,01:34:26 am,0,101.043,21.68,2024-09-16 01:34:26
2024-09-16,01:49:26 am,0,101.028,21.671,2024-09-16 01:49:26
2024-09-16,02:04:26 am,0,101.01,21.656,2024-09-16 02:04:26
2024-09-16,02:19:26 am,0,100.988,21.633,2024-09-16 02:19:26
2024-09-16,02:34:26 am,0,100.994,21.617,2024-09-16 02:34:26
2024-09-16,02:49:26 am,0,100.993,21.601,2024-09-16 02:49:26
2024-09-16,03:04:26 am,0,100.992,21.585,2024-09-16 03:04:26
2024-09-16,03:19:26 am,0,100.979,21.576,2024-09-16 03:19:26
2024-09-16,03:34:26 am,0,100.971,21.565,2024-09-16 03:34:26
2024-09-16,03:49:26 am,0,100.987,21.541,2024-09-16 03:49:26
2024-09-16,04:04:26 am,0,100.978,21.499,2024-09-16 04:04:26
2024-09-16,04:19:26 am,0,100.979,21.468,2024-09-16 04:19:26
2024-09-16,04:34:26 am,0,100.978,21.44,2024-09-16 04:34:26
2024-09-16,04:49:26 am,0,100.986,21.423,2024-09-16 04:49:26
2024-09-16,05:04:26 am,0,100.987,21.415,2024-09-16 05:04:26
2024-09-16,05:19:26 am,0,100.988,21.396,2024-09-16 05:19:26
2024-09-16,05:34:26 am,0,100.989,21.376,2024-09-16 05:34:26
2024-09-16,05:49:26 am,0,100.997,21.346,2024-09-16 05:49:26
2024-09-16,06:04:26 am,0,101.005,21.302,2024-09-16 06:04:26
2024-09-16,06:19:26 am,0,101.028,21.246,2024-09-16 06:19:26
2024-09-16,06:34:26 am,0,101.046,21.208,2024-09-16 06:34:26
2024-09-16,06:49:26 am,0,101.067,21.12,2024-09-16 06:49:26
2024-09-16,07:04:26 am,0,101.06,21.097,2024-09-16 07:04:26
2024-09-16,07:19:26 am,0,101.064,21.073,2024-09-16 07:19:26
2024-09-16,07:34:26 am,0,101.063,21.097,2024-09-16 07:34:26
2024-09-16,07:49:26 am,0,101.084,21.152,2024-09-16 07:49:26
2024-09-16,08:04:26 am,0,101.107,21.211,2024-09-16 08:04:26
2024-09-16,08:19:26 am,0,101.14,21.254,2024-09-16 08:19:26
2024-09-16,08:34:26 am,0,101.158,21.299,2024-09-16 08:34:26
2024-09-16,08:49:26 am,0,101.139,21.35,2024-09-16 08:49:26
2024-09-16,09:04:26 am,0,101.137,21.407,2024-09-16 09:04:26
2024-09-16,09:19:26 am,0,101.135,21.466,2024-09-16 09:19:26
2024-09-16,09:34:26 am,0,101.138,21.498,2024-09-16 09:34:26
2024-09-16,09:49:26 am,0,101.126,21.536,2024-09-16 09:49:26
2024-09-16,10:04:26 am,0,101.125,21.576,2024-09-16 10:04:26
2024-09-16,10:19:26 am,0,101.114,21.637,2024-09-16 10:19:26
2024-09-16,10:34:26 am,0,101.115,21.75,2024-09-16 10:34:26
2024-09-16,10:49:26 am,0,101.129,21.863,2024-09-16 10:49:26
2024-09-16,11:04:26 am,0,101.137,21.888,2024-09-16 11:04:26
2024-09-16,11:19:26 am,0,101.127,22.011,2024-09-16 11:19:26
2024-09-16,11:34:26 am,0,101.125,22.148,2024-09-16 11:34:26
2024-09-16,11:49:26 am,0,101.115,22.155,2024-09-16 11:49:26
2024-09-16,12:04:26 pm,0,101.098,22.225,2024-09-16 12:04:26
2024-09-16,12:19:26 pm,0,101.084,22.424,2024-09-16 12:19:26
2024-09-16,12:34:26 pm,0,101.091,22.501,2024-09-16 12:34:26
2024-09-16,12:49:26 pm,0,101.089,22.491,2024-09-16 12:49:26
2024-09-16,01:04:26 pm,0,101.075,22.507,2024-09-16 01:04:26
2024-09-16,01:19:26 pm,0,101.073,22.513,2024-09-16 01:19:26
2024-09-16,01:34:26 pm,0,101.056,22.508,2024-09-16 01:34:26
2024-09-16,01:49:26 pm,0,101.037,22.54,2024-09-16 01:49:26
2024-09-16,02:04:26 pm,0,101.031,22.544,2024-09-16 02:04:26
2024-09-16,02:19:26 pm,0,100.916,23.64,2024-09-16 02:19:26
